#usda 1.0
(
    defaultPrim = "World"
)

over "World" (
    references = @../mesh.usda@</World>
)
{
    over "CFD"
    {
        over "Mesh"
        {
        custom string cfd:sourceFile = "ENTIRE_DOMAIN_0172.vtu"
        custom string cfd:colorField = "Gas_temperature"
        custom float cfd:colorMinimum = 1070.05969
        custom float cfd:colorMaximum = 1099.87512
        custom double cfd:timeSeconds = 172
        float[] primvars:EP_G = [0.39056474, 0.390684396, 0.390831411, 0.391022921, 0.391300619, 0.391809314, 0.447339863, 0.592927217, 0.66996944, 0.725800097, 0.710608542, 0.664098024, 0.600559592, 0.531365633, 0.46857205, 0.438428819, 0.485207796, 0.607410431, 0.735149324, 0.81692934, 0.856342435, 0.872072041, 0.874728858, 0.869653881, 0.859204471, 0.84330523, 0.818747282, 0.779750347, 0.722884834, 0.655946255, 0.593743205, 0.505396843, 0.428792626, 0.971071362, 0.999994576, 1, 1, 1, 1, 1, 1, 1, 1, 1, 1, 1, 1, 1, 1, 1, 1, 1, 1, 1, 1, 1, 1, 1, 1, 1, 1, 1, 1, 1, 1, 1, 1, 1, 1, 1, 0.390547842, 0.390662849, 0.390799224, 0.390965581, 0.391174704, 0.391441554, 0.391956151, 0.392407387, 0.39282608, 0.401084632, 0.407408714, 0.40223062, 0.398588538, 0.396458536, 0.397622079, 0.398804128, 0.425486982, 0.507589579, 0.582740068, 0.627976775, 0.649401248, 0.659898937, 0.666305363, 0.671305001, 0.672700167, 0.665053368, 0.650404871, 0.636548281, 0.62473917, 0.58721137, 0.586146533, 0.63350457, 0.770986497, 0.988825142, 0.999993742, 1, 1, 1, 1, 1, 1, 1, 1, 1, 1, 1, 1, 1, 1, 1, 1, 1, 1, 1, 1, 1, 1, 1, 1, 1, 1, 1, 1, 1, 1, 1, 1, 1, 1, 1, 0.390518993, 0.390627384, 0.390750945, 0.390893608, 0.39106077, 0.391258568, 0.391499966, 0.391750276, 0.392009079, 0.392297268, 0.392837048, 0.395201445, 0.396887958, 0.397906184, 0.398143232, 0.398579776, 0.398951888, 0.39932853, 0.398329675, 0.424482524, 0.451816112, 0.475936532, 0.500810921, 0.513964891, 0.533252418, 0.59341979, 0.640353084, 0.671522915, 0.68691951, 0.673626244, 0.725222588, 0.819637716, 0.92996037, 0.996325254, 0.99999398, 1, 1, 1, 1, 1, 1, 1, 1, 1, 1, 1, 1, 1, 1, 1, 1, 1, 1, 1, 1, 1, 1, 1, 1, 1, 1, 1, 1, 1, 1, 1, 1, 1, 1, 1, 0.390484989, 0.390587032, 0.390699089, 0.390823066, 0.390960366, 0.391111672, 0.391275734, 0.391447246, 0.391621441, 0.391792923, 0.393273324, 0.39586848, 0.397357017, 0.398225635, 0.39861843, 0.398841888, 0.399098903, 0.39956522, 0.400076538, 0.407719016, 0.421712518, 0.439011395, 0.446201622, 0.435827643, 0.574968457, 0.690859258, 0.718154252, 0.740731537, 0.759960651, 0.790466666, 0.856956303, 0.929626763, 0.980601132, 0.998892486, 0.99999547, 1, 1, 1, 1, 1, 1, 1, 1, 1, 1, 1, 1, 1, 1, 1, 1, 1, 1, 1, 1, 1, 1, 1, 1, 1, 1, 1, 1, 1, 1, 1, 1, 1, 1, 1, 0.390451312, 0.390547574, 0.390651047, 0.390761495, 0.390879571, 0.391003877, 0.391133696, 0.391267598, 0.391402841, 0.391544253, 0.394636512, 0.396610886, 0.397891313, 0.398622304, 0.398904502, 0.398986101, 0.399094403, 0.399388224, 0.399966002, 0.401805282, 0.419935584, 0.426616371, 0.409838706, 0.451868892, 0.661855102, 0.754213691, 0.781527042, 0.809852183, 0.844954073, 0.889786899, 0.939495862, 0.976785719, 0.995027184, 0.999691308, 0.999997437, 1, 1, 1, 1, 1, 1, 1, 1, 1, 1, 1, 1, 1, 1, 1, 1, 1, 1, 1, 1, 1, 1, 1, 1, 1, 1, 1, 1, 1, 1, 1, 1, 1, 1, 1, 0.390420765, 0.390513659, 0.390609652, 0.390711844, 0.390817344, 0.390926361, 0.39103806, 0.391152292, 0.391268462, 0.392061293, 0.395314455, 0.396974504, 0.398195714, 0.398834348, 0.399055511, 0.399113059, 0.399142057, 0.399214447, 0.399511784, 0.399792433, 0.400066376, 0.400044203, 0.399632961, 0.456317723, 0.725761414, 0.811689794, 0.846815288, 0.881910324, 0.918288887, 0.952272058, 0.978558242, 0.993339598, 0.998832941, 0.999923408, 0.999996841, 1, 1, 1, 1, 1, 1, 1, 1, 1, 1, 1, 1, 1, 1, 1, 1, 1, 1, 1, 1, 1, 1, 1, 1, 1, 1, 1, 1, 1, 1, 1, 1, 1, 1, 1, 0.390396327, 0.390484482, 0.390578359, 0.39067331, 0.390772372, 0.390872478, 0.390974492, 0.391077965, 0.391185582, 0.392320842, 0.39521417, 0.396925181, 0.398194224, 0.398888022, 0.39917618, 0.399276197, 0.39929077, 0.399264306, 0.399269432, 0.399289399, 0.39929539, 0.399185419, 0.39894715, 0.401244342, 0.758120179, 0.871669173, 0.908524632, 0.939055383, 0.964211106, 0.982481658, 0.99342221, 0.998303056, 0.99974829, 0.999977887, 0.999999404, 0.999998212, 0.999999285, 1, 1, 1, 1, 1, 1, 1, 1, 1, 1, 1, 1, 1, 0.999999762, 1, 1, 1, 1, 1, 1, 1, 1, 1, 1, 1, 1, 1, 1, 1, 1, 1, 1, 1, 0.390376657, 0.39046523, 0.390553445, 0.390647382, 0.390741497, 0.390837997, 0.390935183, 0.39103356, 0.391133785, 0.391640782, 0.394301981, 0.396196276, 0.397684693, 0.39867866, 0.399186581, 0.399406195, 0.39941746, 0.399312347, 0.399192125, 0.39913094, 0.399139732, 0.399149925, 0.399231911, 0.39977026, 0.68843168, 0.920359194, 0.953231871, 0.973065734, 0.986424387, 0.994327188, 0.998188913, 0.99960196, 0.999939263, 0.999993563, 0.999998569, 0.999999106, 0.999999464, 0.999999642, 0.999999702, 0.999999821, 0.999999881, 0.999999881, 0.99999994, 0.99999994, 0.99999994, 0.99999994, 0.99999994, 0.999999881, 0.999999881, 0.99999994, 0.99999994, 0.999999881, 0.999999881, 0.999999881, 0.999999881, 0.999999821, 0.999999702, 0.999999821, 0.999999821, 0.999999642, 0.999999464, 0.999999583, 0.999999762, 0.999999762, 0.999999762, 0.999999762, 0.999999821, 0.999999762, 0.999999762, 0.999999821, 0.390364975, 0.390449554, 0.390539676, 0.39062953, 0.390723825, 0.390818715, 0.390915245, 0.391012698, 0.391111225, 0.391211718, 0.392036855, 0.394252568, 0.395848215, 0.397525072, 0.398653358, 0.399315834, 0.399554282, 0.399546772, 0.399441987, 0.399341196, 0.399350882, 0.399530321, 0.399938822, 0.401065677, 0.405465484, 0.905947387, 0.978660226, 0.989283025, 0.995294094, 0.998294473, 0.999523163, 0.999897361, 0.999976337, 0.999984741, 0.999985456, 0.999985754, 0.999986589, 0.999987543, 0.999988437, 0.999988556, 0.999988854, 0.999989331, 0.999990761, 0.999991119, 0.999991596, 0.999991834, 0.999991953, 0.999992073, 0.999992132, 0.999992311, 0.999992371, 0.99999243, 0.999992549, 0.999992669, 0.999992788, 0.999992907, 0.999993026, 0.999993145, 0.999993324, 0.999993443, 0.999993563, 0.999993622, 0.999993742, 0.999993801, 0.999993861, 0.99999392, 0.99999392, 0.99999392, 0.99999392, 0.99999392, 0.39035809, 0.390443921, 0.390531063, 0.390622228, 0.390715361, 0.390811503, 0.39090991, 0.391010463, 0.391112536, 0.391215473, 0.391314983, 0.391414851, 0.391518205, 0.393527925, 0.396068394, 0.397863477, 0.399159163, 0.399762213, 0.400204331, 0.400498986, 0.400628567, 0.400656372, 0.40085268, 0.401969016, 0.400358737, 0.559425771, 0.980821669, 0.994294107, 0.997819602, 0.999305308, 0.999811947, 0.999940097, 0.999961317, 0.999964058, 0.999965072, 0.9999668, 0.999969125, 0.999971509, 0.999973357, 0.999973297, 0.999973476, 0.999973834, 0.999975681, 0.999980032, 0.999980092, 0.999980688, 0.999980748, 0.999980807, 0.999980867, 0.999980986, 0.999981344, 0.999981463, 0.999981642, 0.999981821, 0.999982059, 0.999982297, 0.999982536, 0.999982774, 0.999983013, 0.999983251, 0.99998349, 0.999983728, 0.999983907, 0.999984145, 0.999984324, 0.999984443, 0.999984622, 0.999984741, 0.99998486, 0.99998492] (
            interpolation = "uniform"
        )
        float[] primvars:P_G = [125897.5, 125291.18, 124725.633, 124212.672, 123772.133, 123478.266, 125408.508, 123130.789, 122159.445, 121370.625, 119723.281, 118886.172, 117840.039, 116406.883, 114395.516, 111631.43, 108461.352, 106031.82, 104795.617, 104203.336, 103848.859, 103578.859, 103342.375, 103122.609, 102917.031, 102727.852, 102553.977, 102383.758, 102198.914, 101989.82, 101761.898, 101455.133, 100824.656, 101360.047, 101358.586, 101353.211, 101347.617, 101342.695, 101338.781, 101335.898, 101333.891, 101332.555, 101331.68, 101331.094, 101330.688, 101330.375, 101330.117, 101329.875, 101329.648, 101329.43, 101329.203, 101328.977, 101328.75, 101328.523, 101328.289, 101328.062, 101327.836, 101327.602, 101327.375, 101327.148, 101326.93, 101326.703, 101326.492, 101326.281, 101326.078, 101325.883, 101325.695, 101325.516, 101325.344, 101325.172, 125811.242, 125194.367, 124604.789, 124046.836, 123523.766, 123035.867, 122873.32, 122463.508, 121319.938, 121192, 119774.055, 118373.719, 116764.141, 114882.219, 112721.703, 110371.148, 108087.516, 106104.18, 104847.609, 104108.469, 103624.562, 103261.453, 102962.617, 102702.648, 102470.797, 102259.383, 102069.734, 101905.211, 101765.453, 101593.711, 101415.078, 101174.039, 101185.547, 101356.328, 101351.32, 101347.555, 101343.219, 101339.32, 101336.266, 101334.094, 101332.656, 101331.75, 101331.18, 101330.805, 101330.531, 101330.297, 101330.078, 101329.859, 101329.648, 101329.43, 101329.203, 101328.977, 101328.75, 101328.523, 101328.297, 101328.062, 101327.836, 101327.602, 101327.375, 101327.148, 101326.922, 101326.695, 101326.484, 101326.273, 101326.07, 101325.875, 101325.688, 101325.508, 101325.336, 101325.164, 125660.477, 125029.219, 124409, 123799.641, 123196.758, 122590.641, 121983.492, 121299.188, 120538.984, 119710.445, 120315.805, 117003.195, 115202.688, 113480.617, 111692.922, 109853.141, 108033.836, 106281.328, 104757.078, 103771.164, 103062.82, 102570.852, 102211.953, 101891.742, 101650.289, 101603.328, 101602.953, 101587.195, 101509.383, 101338.383, 101239.016, 101225.258, 101297.602, 101349.625, 101344.547, 101342.016, 101339.008, 101336.289, 101334.188, 101332.758, 101331.875, 101331.336, 101330.992, 101330.734, 101330.516, 101330.305, 101330.094, 101329.875, 101329.664, 101329.438, 101329.211, 101328.984, 101328.758, 101328.523, 101328.297, 101328.062, 101327.836, 101327.602, 101327.375, 101327.141, 101326.914, 101326.688, 101326.469, 101326.258, 101326.055, 101325.859, 101325.672, 101325.5, 101325.328, 101325.164, 125474.18, 124829.438, 124182.125, 123530.594, 122869.164, 122188.789, 121479, 120720.297, 119900.766, 119024.156, 120280.641, 115850.789, 114193.328, 112667.805, 111162.109, 109649.117, 108153.148, 106697.469, 105334.852, 104143.469, 103116.656, 102363.203, 101711.805, 101089.453, 101373.984, 101515.875, 101484.102, 101424.492, 101336.977, 101259.742, 101256.203, 101291.562, 101329.672, 101346.109, 101341.922, 101339.445, 101336.914, 101334.742, 101333.148, 101332.125, 101331.547, 101331.195, 101330.945, 101330.727, 101330.516, 101330.312, 101330.102, 101329.891, 101329.672, 101329.453, 101329.219, 101328.992, 101328.758, 101328.531, 101328.297, 101328.07, 101327.836, 101327.602, 101327.375, 101327.141, 101326.906, 101326.68, 101326.453, 101326.234, 101326.031, 101325.836, 101325.648, 101325.477, 101325.312, 101325.156, 125278.609, 124623.266, 123955.273, 123273.398, 122572.562, 121846.141, 121085.906, 120282.312, 119428.25, 119424.539, 118102.438, 115005.922, 113502.305, 112115, 110798.82, 109506.766, 108215.562, 106928.195, 105665.039, 104422.984, 103301.664, 102347.703, 101564.031, 101089.156, 101489.688, 101480.68, 101402.703, 101334.945, 101290.109, 101280.156, 101300.711, 101324.773, 101339.445, 101344.719, 101342.414, 101339.484, 101336.891, 101334.734, 101333.133, 101332.07, 101331.453, 101331.156, 101330.93, 101330.719, 101330.516, 101330.32, 101330.117, 101329.914, 101329.695, 101329.477, 101329.242, 101329.008, 101328.773, 101328.539, 101328.312, 101328.078, 101327.852, 101327.617, 101327.383, 101327.148, 101326.906, 101326.672, 101326.438, 101326.211, 101326, 101325.805, 101325.625, 101325.453, 101325.297, 101325.148, 125094.078, 124430.859, 123748.727, 123046.367, 122320.359, 121565.844, 120777.461, 119949.789, 119306.711, 120264.68, 116057.164, 114489.961, 113071.055, 111779.43, 110571.656, 109388.156, 108209.359, 107032.617, 105851.484, 104701.664, 103596.109, 102594.57, 101721.625, 101124.391, 101520.023, 101434.312, 101359.555, 101318.336, 101307.789, 101315.852, 101329.961, 101340.609, 101346.281, 101347.695, 101343.609, 101340.953, 101338.312, 101336.023, 101334.211, 101332.906, 101332.039, 101331.484, 101331.117, 101330.836, 101330.602, 101330.391, 101330.18, 101329.969, 101329.75, 101329.516, 101329.281, 101329.039, 101328.797, 101328.562, 101328.328, 101328.094, 101327.859, 101327.625, 101327.383, 101327.141, 101326.898, 101326.656, 101326.422, 101326.195, 101325.984, 101325.789, 101325.617, 101325.453, 101325.312, 101325.172, 124934.352, 124266.227, 123574.391, 122859.398, 122117.852, 121346.852, 120542.766, 119703.828, 119416.992, 119524.531, 115785.797, 114251.508, 112853.508, 111593.039, 110423.289, 109289.891, 108175.109, 107079.141, 105994.578, 104922.469, 103873.109, 102870.133, 101907, 100834.797, 101477.969, 101400.281, 101351.109, 101334.07, 101333.352, 101338.336, 101343.195, 101345.633, 101348.547, 101351.328, 101346.109, 101343.109, 101340.656, 101338.336, 101336.258, 101334.602, 101333.367, 101332.469, 101331.828, 101331.352, 101330.977, 101330.672, 101330.398, 101330.141, 101329.898, 101329.648, 101329.406, 101329.156, 101328.914, 101328.672, 101328.43, 101328.188, 101327.953, 101327.719, 101327.477, 101327.234, 101326.992, 101326.75, 101326.516, 101326.297, 101326.086, 101325.898, 101325.727, 101325.57, 101325.43, 101325.289, 124808.867, 124136.961, 123439.969, 122716.953, 121966.672, 121186.383, 120373.977, 119527.922, 118930.383, 119782.828, 115924.453, 114310.258, 112870.25, 111553.352, 110356.578, 109226.836, 108147.93, 107103.242, 106069.32, 105029.477, 103983.219, 102941.734, 101894.406, 100761.703, 101247.109, 101384.969, 101351.836, 101347.812, 101349.055, 101350.68, 101351.414, 101350.539, 101350.648, 101355.32, 101347.914, 101345.789, 101343.492, 101341.102, 101338.875, 101336.938, 101335.359, 101334.125, 101333.172, 101332.445, 101331.867, 101331.414, 101331.023, 101330.688, 101330.383, 101330.086, 101329.812, 101329.539, 101329.281, 101329.023, 101328.766, 101328.523, 101328.281, 101328.016, 101327.773, 101327.539, 101327.305, 101327.055, 101326.797, 101326.578, 101326.367, 101326.18, 101326.023, 101325.852, 101325.703, 101325.586, 124722.469, 124049.133, 123348.32, 122621.57, 121866.422, 121081.531, 120265.023, 119415.453, 118533.422, 118213.766, 118456.609, 114879.266, 113390.383, 111842.836, 110486.242, 109252.531, 108125.781, 107075.188, 106052.172, 105036.938, 104009.031, 102961.258, 101881.398, 100667.602, 98998.2344, 101306.734, 101353.766, 101350.516, 101353.992, 101357.273, 101356.82, 101355.453, 101356.664, 101356.586, 101353.523, 101349.305, 101345.984, 101343.172, 101340.664, 101338.312, 101336.391, 101334.867, 101333.875, 101332.93, 101332.148, 101331.516, 101330.977, 101330.508, 101330.086, 101329.68, 101329.312, 101328.969, 101328.641, 101328.336, 101328.039, 101327.766, 101327.492, 101327.234, 101326.977, 101326.734, 101326.484, 101326.25, 101326.023, 101325.805, 101325.594, 101325.398, 101325.219, 101325.055, 101324.891, 101324.727, 124678.797, 124004.219, 123302.359, 122573.477, 121816.531, 121029.852, 120211.938, 119361.352, 118477.273, 117597.773, 116609.211, 115631.898, 115778.141, 114878.312, 111269.992, 109696.258, 108298.336, 107070.969, 105901.977, 104781.508, 103723.031, 102722.859, 101725.453, 100553.094, 100183.422, 101777.766, 101340.93, 101344.859, 101351.477, 101352.141, 101351.805, 101351.156, 101350.648, 101350.219, 101349.812, 101348.938, 101347.453, 101345.594, 101343.531, 101341.086, 101338.938, 101337.141, 101336.07, 101335.844, 101334.781, 101333.852, 101333.094, 101332.43, 101331.844, 101331.305, 101330.789, 101330.328, 101329.898, 101329.492, 101329.102, 101328.727, 101328.375, 101328.023, 101327.695, 101327.367, 101327.055, 101326.758, 101326.469, 101326.195, 101325.945, 101325.703, 101325.477, 101325.266, 101325.062, 101324.859] (
            interpolation = "uniform"
        )
        vector3f[] primvars:Gas_Velocity = [(0.0438284278, 0.485925943, 0), (0.0462955981, 0.457128704, 0), (0.0518021472, 0.42403549, 0), (0.0617010742, 0.383318603, 0), (0.0822530463, 0.327221304, 0), (0.140321732, 0.23024635, 0), (0.240737945, 1.71719623, 0), (0.0751946345, 2.52501273, 0), (0.052328866, 3.32606554, 0), (0.198167309, 3.93661356, 0), (0.314292938, 3.93109035, 0), (0.388840407, 3.96160412, 0), (0.414259076, 4.05079746, 0), (0.358146936, 4.25879192, 0), (0.180202305, 4.70441771, 0), (-0.183532462, 5.49561119, 0), (-0.658207417, 6.28610086, 0), (-0.972079098, 6.57219553, 0), (-1.04466462, 6.65726471, 0), (-0.772727549, 6.75853539, 0), (-0.322698444, 6.82329988, 0), (0.11979232, 6.75045204, 0), (0.490221977, 6.48422241, 0), (0.782160819, 6.04708529, 0), (0.996323586, 5.4726553, 0), (1.12331426, 4.80966043, 0), (1.15330005, 4.12175989, 0), (1.10273087, 3.46538019, 0), (0.979151487, 2.89022183, 0), (0.827643633, 2.42155123, 0), (0.988188803, 1.90116513, 0), (1.39011812, 1.37695575, 0), (1.27514195, 1.39570034, 0), (2.15032244, -0.793435693, 0), (5.75893784, -4.63268232, 0), (4.31283903, -7.50835991, 0), (3.18062377, -9.62927341, 0), (2.29296541, -11.15837, 0), (1.60301495, -12.2274122, 0), (1.07953894, -12.9473734, 0), (0.697240829, -13.4123859, 0), (0.431474715, -13.70016, 0), (0.256764919, -13.8714199, 0), (0.148413256, -13.9704208, 0), (0.085030131, -14.0271511, 0), (0.0500973687, -14.060586, 0), (0.0320644416, -14.081996, 0), (0.0234897751, -14.0976868, 0), (0.019892944, -14.1109791, 0), (0.0187288616, -14.1234941, 0), (0.0186290145, -14.1359425, 0), (0.0189020857, -14.1485729, 0), (0.0192299616, -14.1614208, 0), (0.019491192, -14.1744413, 0), (0.0196595415, -14.1875734, 0), (0.0197439101, -14.2007599, 0), (0.0197512787, -14.2139502, 0), (0.0196649488, -14.2270803, 0), (0.0194365289, -14.240056, 0), (0.0189919043, -14.2527332, 0), (0.0182494577, -14.2649126, 0), (0.0171449762, -14.2763529, 0), (0.0156548694, -14.2867966, 0), (0.0138096148, -14.2960052, 0), (0.0116934218, -14.3037996, 0), (0.00943181012, -14.3100824, 0), (0.00717398198, -14.3148565, 0), (0.00507741049, -14.3182278, 0), (0.00329612475, -14.3204088, 0), (0.0019655521, -14.3216991, 0), (0.0771666467, 0.49337256, 0), (0.0806075633, 0.472785473, 0), (0.0885789543, 0.450199932, 0), (0.102425955, 0.424439788, 0), (0.125363171, 0.396273345, 0), (0.159819216, 0.383261234, 0), (0.183590576, 0.506774127, 0), (0.184178829, 0.54139775, 0), (0.20781517, 0.551559925, 0), (0.246600032, 0.764092386, 0), (0.28882274, 0.983259082, 0), (0.299199194, 1.28447664, 0), (0.229167849, 1.63148439, 0), (0.0524901934, 1.99345529, 0), (-0.218325555, 2.27967906, 0), (-0.540240407, 2.51269007, 0), (-0.893237829, 2.91489387, 0), (-1.21412027, 2.83878946, 0), (-1.12143803, 2.51862073, 0), (-0.785394728, 2.25961542, 0), (-0.346211642, 2.13196683, 0), (0.0629831851, 2.1233058, 0), (0.422673613, 2.18247128, 0), (0.764620364, 2.23914409, 0), (1.10138059, 2.22826195, 0), (1.40361607, 2.11918473, 0), (1.52504885, 1.96553564, 0), (1.57579577, 1.7576915, 0), (1.69996607, 1.42637801, 0), (1.7777195, 1.0990783, 0), (1.84423673, 0.822505474, 0), (1.6452508, 0.610301971, 0), (1.3490386, 0.198342681, 0), (3.46739817, -0.737975597, 0), (8.31213665, -2.43971467, 0), (6.50814676, -3.90330672, 0), (4.8500061, -5.01638222, 0), (3.42761397, -5.7729969, 0), (2.27105641, -6.21853018, 0), (1.38949358, -6.4253149, 0), (0.770647287, -6.47437906, 0), (0.379667372, -6.43995237, 0), (0.16204907, -6.37691116, 0), (0.058021158, -6.31674814, 0), (0.0178207736, -6.27203846, 0), (0.00826400146, -6.24424505, 0), (0.0108767822, -6.23021555, 0), (0.0168846231, -6.2259078, 0), (0.0227714349, -6.22792244, 0), (0.0274581295, -6.2338376, 0), (0.0308317132, -6.24206829, 0), (0.0330916755, -6.25162363, 0), (0.0345045365, -6.26190138, 0), (0.0353277735, -6.27255297, 0), (0.035785716, -6.28339672, 0), (0.0360493362, -6.29435921, 0), (0.0362088792, -6.30542183, 0), (0.0362474211, -6.31656599, 0), (0.0360330492, -6.32771778, 0), (0.0353459977, -6.33870602, 0), (0.0339432172, -6.34925175, 0), (0.0316422656, -6.35899782, 0), (0.0283933915, -6.36756802, 0), (0.0243111514, -6.37464428, 0), (0.0196558442, -6.38002443, 0), (0.0147753609, -6.38365507, 0), (0.0100384708, -6.38563013, 0), (0.00579724368, -6.38617182, 0), (0.00239143893, -6.38562679, 0), (0.00016268024, -6.38448048, 0), (0.0954757184, 0.504153728, 0), (0.0979270935, 0.495208353, 0), (0.103549302, 0.487738997, 0), (0.112072527, 0.483686864, 0), (0.123326659, 0.487090826, 0), (0.135460585, 0.505025923, 0), (0.14368771, 0.544154227, 0), (0.149062604, 0.588728368, 0), (0.154508814, 0.650145829, 0), (0.151345104, 0.744223475, 0), (0.132121935, 0.882449925, 0), (0.0789724141, 1.05042994, 0), (-0.0196795613, 1.23113143, 0), (-0.167149603, 1.39498568, 0), (-0.349485844, 1.49455917, 0), (-0.546109915, 1.49587393, 0), (-0.725908697, 1.39664531, 0), (-0.824214518, 1.17641222, 0), (-0.802244246, 1.02049279, 0), (-0.657643676, 0.975591421, 0), (-0.408228189, 0.968152225, 0), (-0.100169703, 1.00153053, 0), (0.244741097, 1.07519388, 0), (0.659681201, 1.11922586, 0), (1.18143451, 1.07024181, 0), (1.60539198, 0.932893574, 0), (1.84580564, 0.757981062, 0), (2.06439209, 0.522246242, 0), (2.16071057, 0.280300498, 0), (2.01730633, 0.153202489, 0), (1.81949151, 0.0318584405, 0), (1.56536186, -0.111138418, 0), (1.45371187, -0.296622694, 0), (3.6837697, -0.451710612, 0), (9.20771217, -1.04827118, 0), (7.46489048, -1.68595982, 0), (5.66643476, -2.23022461, 0), (4.00202322, -2.6132071, 0), (2.57251048, -2.81424499, 0), (1.46055794, -2.86169481, 0), (0.704529345, -2.81768847, 0), (0.288134009, -2.75673604, 0), (0.111948952, -2.72340345, 0), (0.0585266538, -2.72380614, 0), (0.0506192371, -2.74573684, 0), (0.054466635, -2.77660298, 0), (0.0595616959, -2.80912375, 0), (0.0637746453, -2.84044814, 0), (0.0670348033, -2.8700211, 0), (0.0694606826, -2.89808679, 0), (0.0710654631, -2.92497277, 0), (0.0718525648, -2.95087624, 0), (0.0719248876, -2.97588539, 0), (0.071519345, -3.00007439, 0), (0.0709685907, -3.02358961, 0), (0.0706061199, -3.04668617, 0), (0.0706353113, -3.06969428, 0), (0.0709953383, -3.09291506, 0), (0.0712863058, -3.11647081, 0), (0.0708254576, -3.14017534, 0), (0.0688537508, -3.1634984, 0), (0.0648109764, -3.18565774, 0), (0.0585473664, -3.20580435, 0), (0.0503718778, -3.22321939, 0), (0.0409489982, -3.23745275, 0), (0.0310786478, -3.24835634, 0), (0.0214601811, -3.25600219, 0), (0.0126198158, -3.26057863, 0), (0.00511168875, -3.26241708, 0), (3.48130088e-05, -3.26235342, 0), (0.100379959, 0.51402384, 0), (0.101174869, 0.514692843, 0), (0.103332117, 0.517855763, 0), (0.105697192, 0.525118947, 0), (0.107354753, 0.538621724, 0), (0.106960833, 0.560183465, 0), (0.102594778, 0.5911147, 0), (0.0934827104, 0.632922173, 0), (0.0774369389, 0.689405262, 0), (0.0497491136, 0.761586249, 0), (0.00490439683, 0.850762367, 0), (-0.0620480441, 0.944616377, 0), (-0.152932331, 1.03330767, 0), (-0.265607566, 1.10031211, 0), (-0.391473949, 1.13254428, 0), (-0.516990721, 1.11538982, 0), (-0.621219456, 1.05043924, 0), (-0.667060077, 0.948884487, 0), (-0.686904371, 0.885450542, 0), (-0.588313162, 0.860898912, 0), (-0.427477121, 0.839429736, 0), (-0.169415012, 0.816642702, 0), (0.325785309, 0.670038998, 0), (0.892978191, 0.488874644, 0), (1.38303173, 0.218949869, 0), (1.84270322, -0.0168089364, 0), (2.10893679, -0.188914701, 0), (2.23506212, -0.303346723, 0), (2.18046498, -0.354778975, 0), (1.96167934, -0.428323686, 0), (1.72485685, -0.493365407, 0), (1.50345969, -0.540241539, 0), (1.38675451, -0.530046403, 0), (2.8113215, 0.0501945391, 0), (8.89545155, 0.258623093, 0), (7.70065117, 0.101544142, 0), (6.07847595, -0.173119411, 0), (4.46472645, -0.481610209, 0), (3.0219326, -0.781274796, 0), (1.83898127, -1.03361547, 0), (0.87820977, -1.14945567, 0), (0.414687037, -1.23386955, 0), (0.256288916, -1.33013678, 0), (0.202031225, -1.42584562, 0), (0.175810516, -1.50934541, 0), (0.159151137, -1.57917404, 0), (0.149136886, -1.63893008, 0), (0.144068122, -1.69249892, 0), (0.14167057, -1.7422961, 0), (0.139845505, -1.78925955, 0), (0.1371748, -1.83337259, 0), (0.133050799, -1.87421131, 0), (0.127630964, -1.91138816, 0), (0.121672779, -1.94486213, 0), (0.116296284, -1.97511852, 0), (0.112678595, -2.00320339, 0), (0.111648753, -2.030581, 0), (0.11322622, -2.05876875, 0), (0.116284609, -2.08879972, 0), (0.118678644, -2.12073183, 0), (0.117993474, -2.15351939, 0), (0.112521514, -2.18535137, 0), (0.101886913, -2.21426702, 0), (0.0869703144, -2.23868561, 0), (0.0695877075, -2.25779438, 0), (0.0518602617, -2.271662, 0), (0.0353381298, -2.28092384, 0), (0.0206371229, -2.28627515, 0), (0.00777697377, -2.28805518, 0), (-0.00200510724, -2.28669548, 0), (0.0955829993, 0.521380961, 0), (0.0952162072, 0.528541028, 0), (0.0946898833, 0.537560701, 0), (0.0930238888, 0.549437881, 0), (0.0891313627, 0.564832032, 0), (0.0819945559, 0.584520161, 0), (0.0700804517, 0.609100461, 0), (0.0518709533, 0.639607549, 0), (0.0252738204, 0.676728666, 0), (-0.0124387732, 0.72022742, 0), (-0.0627199113, 0.766207099, 0), (-0.127882421, 0.809872389, 0), (-0.206114382, 0.845026433, 0), (-0.2946935, 0.864037514, 0), (-0.387973905, 0.861967087, 0), (-0.475207299, 0.834734023, 0), (-0.53944546, 0.78095454, 0), (-0.560450613, 0.709473252, 0), (-0.576687217, 0.635843813, 0), (-0.480877966, 0.627910674, 0), (-0.317207307, 0.51409471, 0), (-0.0172913373, 0.370235234, 0), (0.433156192, 0.292107582, 0), (1.06091821, 0.0342310295, 0), (1.66374683, -0.209791213, 0), (2.11653566, -0.417143464, 0), (2.26936412, -0.559379518, 0), (2.26331377, -0.636630535, 0), (2.11345172, -0.678830087, 0), (1.89376748, -0.728181005, 0), (1.6705879, -0.758705437, 0), (1.41900289, -0.732388914, 0), (1.01941884, -0.493566871, 0), (1.15955389, 0.609982967, 0), (7.66182947, 1.43260169, 0), (7.31861258, 1.68736589, 0), (6.07356977, 1.69065499, 0), (4.68153238, 1.54610932, 0), (3.38744402, 1.30240834, 0), (2.29920554, 0.995552242, 0), (1.45623505, 0.610155225, 0), (0.907689989, 0.281433254, 0), (0.569497108, 0.0725728273, 0), (0.359315813, -0.0323360935, 0), (0.233413205, -0.0707881972, 0), (0.167331129, -0.0762901828, 0), (0.140537173, -0.0706039742, 0), (0.135315314, -0.0648139864, 0), (0.138776168, -0.0629278496, 0), (0.143097609, -0.0651376173, 0), (0.144406304, -0.0699985623, 0), (0.141496077, -0.0756669417, 0), (0.134962678, -0.0805912241, 0), (0.126664057, -0.0839535818, 0), (0.119110279, -0.0858628079, 0), (0.114705637, -0.0872458369, 0), (0.114950709, -0.0894772559, 0), (0.119914494, -0.0939646587, 0), (0.128187999, -0.101927206, 0), (0.137016773, -0.114177905, 0), (0.141920462, -0.130152553, 0), (0.137835667, -0.14704974, 0), (0.122471154, -0.160791337, 0), (0.0982694849, -0.168340459, 0), (0.0706496462, -0.169062182, 0), (0.0444557033, -0.164136901, 0), (0.0217989217, -0.155119047, 0), (0.00286881463, -0.143278912, 0), (-0.0100000054, -0.131429851, 0), (-0.0194224846, -0.119817331, 0), (0.0843707174, 0.52669549, 0), (0.0833265781, 0.537726939, 0), (0.0818362907, 0.550011516, 0), (0.0783689097, 0.56332171, 0), (0.072641246, 0.57791096, 0), (0.0634607822, 0.593668997, 0), (0.0496258661, 0.610587955, 0), (0.0296592154, 0.628483415, 0), (0.00199246942, 0.646818101, 0), (-0.0354014486, 0.665255129, 0), (-0.0820323899, 0.678943992, 0), (-0.137751028, 0.686989069, 0), (-0.201563746, 0.684933841, 0), (-0.27113539, 0.669813693, 0), (-0.342185646, 0.639765501, 0), (-0.403933436, 0.592844665, 0), (-0.439506739, 0.526961803, 0), (-0.437891632, 0.445907623, 0), (-0.395779073, 0.325545162, 0), (-0.308856875, 0.212644547, 0), (-0.163831204, 0.112055294, 0), (0.0528167747, 0.0674113482, 0), (0.345390439, 0.135024935, 0), (1.05032849, -0.00233894656, 0), (1.75068092, -0.134816006, 0), (2.35119057, -0.354223043, 0), (2.39996719, -0.517017841, 0), (2.29231787, -0.619740367, 0), (2.10710621, -0.69201839, 0), (1.88600242, -0.741378546, 0), (1.64558744, -0.751346886, 0), (1.31088924, -0.685453117, 0), (0.432185352, -0.291603208, 0), (-0.972200155, 1.13279974, 0), (5.95271826, 2.27309942, 0), (6.35586882, 2.91518378, 0), (5.56748295, 3.25268006, 0), (4.49516296, 3.37697816, 0), (3.4352653, 3.34512353, 0), (2.51108313, 3.20387983, 0), (1.77197993, 2.99337649, 0), (1.22728598, 2.78029513, 0), (0.843731523, 2.59744763, 0), (0.580880344, 2.44970918, 0), (0.405994624, 2.33462286, 0), (0.293964863, 2.25016665, 0), (0.225161672, 2.19371557, 0), (0.184641466, 2.16079664, 0), (0.16159521, 2.14554954, 0), (0.14855583, 2.14187694, 0), (0.140721008, 2.14430141, 0), (0.135188937, 2.14847517, 0), (0.13048254, 2.15143204, 0), (0.126337335, 2.15162134, 0), (0.123138845, 2.14890838, 0), (0.121444739, 2.14438915, 0), (0.121564388, 2.13995457, 0), (0.123285979, 2.1376822, 0), (0.125738204, 2.13929176, 0), (0.127302796, 2.14574552, 0), (0.125654489, 2.15656877, 0), (0.118347481, 2.16954255, 0), (0.103895523, 2.18191099, 0), (0.082512334, 2.19240403, 0), (0.055989489, 2.2021699, 0), (0.0271982923, 2.21367216, 0), (-0.000238387453, 2.22836637, 0), (-0.0203011818, 2.24382114, 0), (-0.0322730318, 2.25868249, 0), (-0.0394006446, 2.27201891, 0), (0.068268992, 0.530489504, 0), (0.0675923005, 0.544742465, 0), (0.0659084544, 0.558786094, 0), (0.0630068332, 0.573055029, 0), (0.0579082817, 0.586659551, 0), (0.0502807014, 0.599241972, 0), (0.0389467888, 0.610062242, 0), (0.0228290632, 0.618208051, 0), (0.000456293055, 0.622881889, 0), (-0.0296511687, 0.622736692, 0), (-0.0660327077, 0.614201069, 0), (-0.108450018, 0.597391367, 0), (-0.156554461, 0.569765687, 0), (-0.208529204, 0.530030131, 0), (-0.261184812, 0.477760822, 0), (-0.308011532, 0.415407449, 0), (-0.333833158, 0.346461087, 0), (-0.330223501, 0.276031822, 0), (-0.291553527, 0.207853496, 0), (-0.210995421, 0.144034579, 0), (-0.081072323, 0.0902243033, 0), (0.108438171, 0.0543859154, 0), (0.362649441, 0.0439538211, 0), (0.807261467, 0.298356354, 0), (1.27101934, 0.396415859, 0), (2.53275657, 0.122849464, 0), (2.56001639, -0.0832534358, 0), (2.40680337, -0.233602807, 0), (2.17614102, -0.328212887, 0), (1.89803946, -0.360652328, 0), (1.54716778, -0.301940858, 0), (0.970564365, -0.0731566399, 0), (-0.516498089, 0.564383686, 0), (-1.91571534, 1.19849646, 0), (3.99013329, 2.5089221, 0), (4.76271725, 3.5718255, 0), (4.452456, 4.31557608, 0), (3.78208256, 4.7912159, 0), (3.03186417, 5.06034136, 0), (2.33159709, 5.18014669, 0), (1.73918593, 5.20212412, 0), (1.27129447, 5.17287302, 0), (0.918938398, 5.12280416, 0), (0.662757277, 5.06827497, 0), (0.4821271, 5.01756573, 0), (0.358551264, 4.97454786, 0), (0.276497602, 4.94036007, 0), (0.22351633, 4.91447687, 0), (0.190060362, 4.89553213, 0), (0.169125691, 4.8818512, 0), (0.155744344, 4.87186861, 0), (0.146680459, 4.86423969, 0), (0.140032738, 4.85790682, 0), (0.134784102, 4.85231161, 0), (0.13051039, 4.84743547, 0), (0.1270473, 4.84374046, 0), (0.124221958, 4.84201145, 0), (0.121658914, 4.84314203, 0), (0.11865183, 4.84791565, 0), (0.114157759, 4.85673141, 0), (0.106913693, 4.86928129, 0), (0.0957236737, 4.88442421, 0), (0.0798086226, 4.90054655, 0), (0.0591591746, 4.91618443, 0), (0.0347155817, 4.93044138, 0), (0.00880344957, 4.94278479, 0), (-0.0137066133, 4.95184946, 0), (-0.030031627, 4.95842791, 0), (-0.0406484641, 4.96410704, 0), (-0.0470721349, 4.9693203, 0), (0.0483629555, 0.534004033, 0), (0.0478034839, 0.550261438, 0), (0.0473338477, 0.566866994, 0), (0.0456519797, 0.582273006, 0), (0.0428960174, 0.596539855, 0), (0.0385340974, 0.608475864, 0), (0.0320967846, 0.617174149, 0), (0.0228924099, 0.621233344, 0), (0.0100412033, 0.618937254, 0), (-0.00859208032, 0.60959208, 0), (-0.0323301777, 0.59009248, 0), (-0.0584996492, 0.560590565, 0), (-0.0894378051, 0.519514263, 0), (-0.12365751, 0.466296226, 0), (-0.157949999, 0.400488973, 0), (-0.186773404, 0.322291344, 0), (-0.20821017, 0.240661234, 0), (-0.209458441, 0.161727399, 0), (-0.184804037, 0.0917571634, 0), (-0.129650578, 0.0384057015, 0), (-0.041864112, 0.0127157727, 0), (0.0682836249, 0.0397229381, 0), (0.193142429, 0.15331763, 0), (0.220977992, 0.549136162, 0), (0.508901477, 0.873647153, 0), (1.76034534, 1.08353138, 0), (2.88113499, 0.762784958, 0), (2.54628181, 0.611879051, 0), (2.17068982, 0.588490605, 0), (1.74587166, 0.682246268, 0), (1.22538579, 0.898831904, 0), (0.568521321, 1.17241955, 0), (-0.235227019, 0.991642296, 0), (-0.997487187, 0.385989845, 0), (1.16792762, 2.27023053, 0), (2.50249743, 3.77848959, 0), (2.77533269, 4.89756107, 0), (2.57031059, 5.70617914, 0), (2.18202758, 6.27338028, 0), (1.7550652, 6.65829325, 0), (1.36060786, 6.91117382, 0), (1.02875733, 7.07331038, 0), (0.766345382, 7.1754446, 0), (0.567019463, 7.23964453, 0), (0.420456648, 7.28110981, 0), (0.316013902, 7.3098011, 0), (0.243808955, 7.33191252, 0), (0.195324019, 7.35101557, 0), (0.163627908, 7.36893606, 0), (0.143339083, 7.38641739, 0), (0.130489483, 7.40353727, 0), (0.122271478, 7.42008877, 0), (0.116816022, 7.43584061, 0), (0.112951301, 7.45066643, 0), (0.109970726, 7.46462774, 0), (0.107421726, 7.47797823, 0), (0.104927942, 7.49110746, 0), (0.102067478, 7.50443459, 0), (0.0983212292, 7.51825523, 0), (0.0930648223, 7.53258562, 0), (0.0856489763, 7.54703283, 0), (0.075567551, 7.56074238, 0), (0.0626917556, 7.57242823, 0), (0.0474374928, 7.58052015, 0), (0.0309020877, 7.58334446, 0), (0.0146921789, 7.57970524, 0), (-0.00016883183, 7.57097054, 0), (-0.0127060944, 7.55972052, 0), (-0.0223036725, 7.54779673, 0), (-0.029265983, 7.53623629, 0), (0.0249133948, 0.536394179, 0), (0.0250453074, 0.555489421, 0), (0.025000412, 0.573863626, 0), (0.0249914099, 0.592015803, 0), (0.0244098213, 0.608676195, 0), (0.0232322719, 0.623457789, 0), (0.0213344451, 0.635191083, 0), (0.0186170097, 0.642623007, 0), (0.0148286158, 0.643993556, 0), (0.00935261045, 0.636832893, 0), (0.000602159649, 0.620208979, 0), (-0.0115405889, 0.592983544, 0), (-0.0254854877, 0.555190742, 0), (-0.0415673107, 0.50497967, 0), (-0.0577794164, 0.442327172, 0), (-0.0690361559, 0.367530435, 0), (-0.0812324062, 0.286048084, 0), (-0.0828053057, 0.204015747, 0), (-0.080367811, 0.136096597, 0), (-0.0604544766, 0.0912382975, 0), (-0.0227076635, 0.0794860944, 0), (0.0297907665, 0.105983742, 0), (0.0825352296, 0.180659369, 0), (0.119202994, 0.250144243, 0), (0.0464109071, 0.811233819, 0), (-0.377053112, 1.71921849, 0), (2.42177582, 1.85621524, 0), (2.19626832, 2.05369592, 0), (1.66118395, 2.38075304, 0), (1.17556977, 2.76130939, 0), (0.730121672, 3.09819674, 0), (0.344413728, 3.25660467, 0), (0.077056177, 3.05789042, 0), (-0.0342124104, 2.42468047, 0), (0.232096821, 3.05558419, 0), (0.710698843, 4.25522995, 0), (1.02942502, 5.42305899, 0), (1.11305273, 6.39772463, 0), (1.03674662, 7.16394997, 0), (0.88357538, 7.74736595, 0), (0.711346328, 8.18240166, 0), (0.552379251, 8.50200558, 0), (0.421378762, 8.73384094, 0), (0.318534255, 8.90127563, 0), (0.238384247, 9.02434635, 0), (0.178941265, 9.117342, 0), (0.136461347, 9.19045353, 0), (0.107102618, 9.2507515, 0), (0.0874391794, 9.30296993, 0), (0.0746707171, 9.35011959, 0), (0.0666150674, 9.39402008, 0), (0.0616740435, 9.43568611, 0), (0.0587118864, 9.4756422, 0), (0.0569513626, 9.51415062, 0), (0.0558685027, 9.55135345, 0), (0.0550916605, 9.58733654, 0), (0.0543172695, 9.62213993, 0), (0.0532535166, 9.65571594, 0), (0.0515948236, 9.68787289, 0), (0.0490273423, 9.71821499, 0), (0.0452722088, 9.74609566, 0), (0.0401628017, 9.77064514, 0), (0.0337371677, 9.79088116, 0), (0.026308544, 9.80588818, 0), (0.0184853002, 9.81507874, 0), (0.0110739125, 9.81839657, 0), (0.00474355789, 9.81602192, 0), (-0.00060026272, 9.80885029, 0), (-0.00479208538, 9.79807281, 0), (-0.0076965387, 9.78458881, 0), (0, 0.537840784, 0), (0, 0.557903171, 0), (0, 0.578501403, 0), (0, 0.599134386, 0), (0, 0.619849622, 0), (0, 0.640176833, 0), (0, 0.659708083, 0), (0, 0.677545369, 0), (0, 0.692481935, 0), (0, 0.703480303, 0), (0, 0.708966911, 0), (0, 0.707243383, 0), (0, 0.696912229, 0), (0, 0.675510347, 0), (0, 0.642306507, 0), (0, 0.602439106, 0), (0, 0.554420412, 0), (0, 0.505182385, 0), (0, 0.456862032, 0), (0, 0.42118001, 0), (0, 0.410291344, 0), (0, 0.434274137, 0), (0, 0.493460923, 0), (0, 0.577274978, 0), (0, 0.612684548, 0), (0, 0.223075956, 0), (0, 1.74907267, 0), (0, 3.19196057, 0), (0, 4.29535151, 0), (0, 5.08206749, 0), (0, 5.57606936, 0), (0, 5.81461859, 0), (0, 5.87517786, 0), (0, 5.86133766, 0), (0, 6.0246439, 0), (0, 6.50646162, 0), (0, 7.20015287, 0), (0, 7.94903421, 0), (0, 8.6465807, 0), (0, 9.24169636, 0), (0, 9.72167683, 0), (0, 10.0953951, 0), (0, 10.3814898, 0), (0, 10.5987349, 0), (0, 10.7625208, 0), (0, 10.8865147, 0), (0, 10.9820404, 0), (0, 11.0578527, 0), (0, 11.1204205, 0), (0, 11.174345, 0), (0, 11.2227707, 0), (0, 11.2677774, 0), (0, 11.310688, 0), (0, 11.3523073, 0), (0, 11.3930912, 0), (0, 11.4332466, 0), (0, 11.4727812, 0), (0, 11.511507, 0), (0, 11.5490341, 0), (0, 11.5847607, 0), (0, 11.6179018, 0), (0, 11.6475611, 0), (0, 11.6728659, 0), (0, 11.6931543, 0), (0, 11.708169, 0), (0, 11.7181892, 0), (0, 11.7239399, 0), (0, 11.7260828, 0), (0, 11.7253904, 0), (0, 11.7227221, 0)] (
            interpolation = "uniform"
        )
        vector3f[] primvars:Solids_Velocity_1 = [(-0.00217411807, 0.0013106839, 0), (-0.00527834054, 0.0046798992, 0), (-0.0127052376, 0.0129897892, 0), (-0.0269611962, 0.0307774916, 0), (-0.0503779948, 0.0642182603, 0), (-0.132305011, 0.237470865, 0), (-0.221402258, 0.407190979, 0), (-0.22161074, 0.754241228, 0), (-0.148638248, 1.15305352, 0), (0.0716568306, 1.57267892, 0), (0.0841555372, 1.80783951, 0), (0.0431667119, 2.00634098, 0), (-0.040555466, 2.21220469, 0), (-0.218173698, 2.44204068, 0), (-0.377539396, 2.68833852, 0), (-0.534804881, 2.89257145, 0), (-0.588306308, 2.95190048, 0), (-0.512868404, 2.97213936, 0), (-0.327445537, 3.09806538, 0), (-0.113066807, 3.27132821, 0), (0.076740779, 3.41162634, 0), (0.230714962, 3.50565171, 0), (0.356973499, 3.54861236, 0), (0.463850439, 3.53959846, 0), (0.558082461, 3.47862363, 0), (0.637317002, 3.36318898, 0), (0.690274477, 3.18928719, 0), (0.70547235, 2.94911289, 0), (0.672891498, 2.64698553, 0), (0.606017828, 2.29937696, 0), (0.64657557, 1.821275, 0), (0.828619957, 1.07084465, 0), (0.742636025, 0.0795441791, 0), (0.967814982, -0.577516854, 0), (0.967814982, -0.577516854, 0), (0, 0, 0), (0, 0, 0), (0, 0, 0), (0, 0, 0), (0, 0, 0), (0, 0, 0), (0, 0, 0), (0, 0, 0), (0, 0, 0), (0, 0, 0), (0, 0, 0), (0, 0, 0), (0, 0, 0), (0, 0, 0), (0, 0, 0), (0, 0, 0), (0, 0, 0), (0, 0, 0), (0, 0, 0), (0, 0, 0), (0, 0, 0), (0, 0, 0), (0, 0, 0), (0, 0, 0), (0, 0, 0), (0, 0, 0), (0, 0, 0), (0, 0, 0), (0, 0, 0), (0, 0, 0), (0, 0, 0), (0, 0, 0), (0, 0, 0), (0, 0, 0), (0, 0, 0), (-0.00324381166, 0.000550842204, 0), (-0.00725171436, 0.00169551093, 0), (-0.015744077, 0.00354480278, 0), (-0.0294691827, 0.00506700203, 0), (-0.0492441133, 0.00421829941, 0), (-0.0775351971, 0.00701998966, 0), (-0.13416788, 0.137681365, 0), (-0.146083474, -0.0321093686, 0), (-0.148945495, 0.0345883854, 0), (-0.167210758, 0.163893163, 0), (-0.161484435, 0.31501469, 0), (-0.184056431, 0.481636316, 0), (-0.25453341, 0.586547434, 0), (-0.356066197, 0.731717288, 0), (-0.504046738, 0.834449291, 0), (-0.631788015, 0.899633586, 0), (-0.74200362, 0.788319111, 0), (-0.685719609, 0.722591937, 0), (-0.497282952, 0.753580153, 0), (-0.197365358, 0.86955905, 0), (0.00829497352, 1.0077939, 0), (0.181820825, 1.16795743, 0), (0.343709916, 1.33782887, 0), (0.51605612, 1.49931574, 0), (0.705431879, 1.62195742, 0), (0.880242229, 1.6744132, 0), (0.972795606, 1.65579903, 0), (1.00648272, 1.54617798, 0), (1.05434108, 1.26391757, 0), (1.11073399, 0.727255881, 0), (1.0911063, 0.168102056, 0), (0.991821468, -0.179829016, 0), (0.848558009, -0.766529143, 0), (1.92407274, -0.766562164, 0), (1.92407274, -0.766562164, 0), (0, 0, 0), (0, 0, 0), (0, 0, 0), (0, 0, 0), (0, 0, 0), (0, 0, 0), (0, 0, 0), (0, 0, 0), (0, 0, 0), (0, 0, 0), (0, 0, 0), (0, 0, 0), (0, 0, 0), (0, 0, 0), (0, 0, 0), (0, 0, 0), (0, 0, 0), (0, 0, 0), (0, 0, 0), (0, 0, 0), (0, 0, 0), (0, 0, 0), (0, 0, 0), (0, 0, 0), (0, 0, 0), (0, 0, 0), (0, 0, 0), (0, 0, 0), (0, 0, 0), (0, 0, 0), (0, 0, 0), (0, 0, 0), (0, 0, 0), (0, 0, 0), (0, 0, 0), (-0.00388813228, 0.000227385477, 0), (-0.00818971265, 0.000625849178, 0), (-0.0170552693, 0.00129454082, 0), (-0.0310143158, 0.00216693198, 0), (-0.050827574, 0.00326271425, 0), (-0.080079034, 0.00244545215, 0), (-0.113492571, 2.54326133e-05, 0), (-0.138762742, 0.00682100607, 0), (-0.156062275, 0.0189957842, 0), (-0.191620633, 0.0743885636, 0), (-0.236719355, 0.159680888, 0), (-0.282881677, 0.224146843, 0), (-0.348468602, 0.278902233, 0), (-0.432008743, 0.303675771, 0), (-0.506138265, 0.324459821, 0), (-0.573741853, 0.304426402, 0), (-0.614214778, 0.239111409, 0), (-0.572712421, 0.15251115, 0), (-0.473550856, 0.197482124, 0), (-0.334717393, 0.233196378, 0), (-0.156014815, 0.344946176, 0), (0.0395800956, 0.465321958, 0), (0.246810555, 0.594952643, 0), (0.527432203, 0.689613581, 0), (0.869497001, 0.692285359, 0), (1.10639524, 0.62004596, 0), (1.24207902, 0.438220114, 0), (1.3192898, 0.100684673, 0), (1.34117687, -0.225343615, 0), (1.27937937, -0.526369691, 0), (1.17053938, -0.747565091, 0), (1.04643154, -0.8965168, 0), (0.97390914, -1.1412847, 0), (1.44976723, -0.95400697, 0), (1.44976723, -0.95400697, 0), (0, 0, 0), (0, 0, 0), (0, 0, 0), (0, 0, 0), (0, 0, 0), (0, 0, 0), (0, 0, 0), (0, 0, 0), (0, 0, 0), (0, 0, 0), (0, 0, 0), (0, 0, 0), (0, 0, 0), (0, 0, 0), (0, 0, 0), (0, 0, 0), (0, 0, 0), (0, 0, 0), (0, 0, 0), (0, 0, 0), (0, 0, 0), (0, 0, 0), (0, 0, 0), (0, 0, 0), (0, 0, 0), (0, 0, 0), (0, 0, 0), (0, 0, 0), (0, 0, 0), (0, 0, 0), (0, 0, 0), (0, 0, 0), (0, 0, 0), (0, 0, 0), (0, -4.31024414e-39, 0), (-0.00391531037, -0.000255916209, 0), (-0.00819119904, -0.000513500068, 0), (-0.0170213133, -0.000817430147, 0), (-0.0307026394, -0.00118074578, 0), (-0.0564077981, -0.00184407271, 0), (-0.0783344284, -0.00193443173, 0), (-0.106314033, -0.000713977613, 0), (-0.133052394, 0.00483722845, 0), (-0.161891952, 0.019854987, 0), (-0.209465519, 0.0678352341, 0), (-0.25970915, 0.107249402, 0), (-0.303559512, 0.136157945, 0), (-0.359506607, 0.155213848, 0), (-0.424714953, 0.156937927, 0), (-0.484736174, 0.147592053, 0), (-0.531453192, 0.125250533, 0), (-0.554615915, 0.0908097103, 0), (-0.534409702, 0.0602670982, 0), (-0.508153975, 0.0688985139, 0), (-0.377559513, 0.0759793669, 0), (-0.231354982, 0.141014427, 0), (-0.0123204142, 0.20359011, 0), (0.398018897, 0.157614633, 0), (0.844357014, -0.0370615423, 0), (1.15544498, -0.306274921, 0), (1.36563838, -0.502873659, 0), (1.46424365, -0.743361294, 0), (1.48265457, -0.950245559, 0), (1.42995799, -1.08024669, 0), (1.31976259, -1.19429207, 0), (1.19697535, -1.26437271, 0), (1.09227085, -1.27717948, 0), (1.07761121, -1.21178949, 0), (1.26388633, -1.0826602, 0), (6.9047934e-10, 0, 0), (1.67500513e-38, 0, 0), (0, 0, 0), (0, 0, 0), (0, 0, 0), (0, 0, 0), (0, 0, 0), (0, 0, 0), (0, 0, 0), (0, 0, 0), (0, 0, 0), (0, 0, 0), (0, 0, 0), (0, 0, 0), (0, 0, 0), (0, 0, 0), (0, 0, 0), (0, 0, 0), (0, 0, 0), (0, 0, 0), (0, 0, 0), (0, 0, 0), (0, 0, 0), (0, 0, 0), (0, 0, 0), (0, 0, 0), (0, 0, 0), (0, 0, 0), (0, 0, 0), (0, 0, 0), (0, 0, 0), (0, 0, 0), (0, 0, 0), (0, 0, 0), (0, 0, 0), (0, -2.45017035e-17, 0), (-0.0028045068, -0.00102819852, 0), (-0.00676190061, -0.0023754451, 0), (-0.0147327818, -0.00415459229, 0), (-0.0271517169, -0.00673989998, 0), (-0.0474965572, -0.00983740762, 0), (-0.0694722459, -0.0117002781, 0), (-0.0941821039, -0.0125519829, 0), (-0.121789843, -0.0113141621, 0), (-0.15610452, -0.00381253916, 0), (-0.202301532, 0.0222308021, 0), (-0.246248662, 0.034255635, 0), (-0.284054786, 0.0386680067, 0), (-0.332414061, 0.0327691622, 0), (-0.386776149, 0.0158095621, 0), (-0.437858045, -0.00935124233, 0), (-0.476493508, -0.0402232483, 0), (-0.492899835, -0.0742612034, 0), (-0.477238953, -0.104881473, 0), (-0.467857242, -0.129619166, 0), (-0.380526841, -0.18393679, 0), (-0.178350002, -0.227956787, 0), (0.0919276699, -0.284174472, 0), (0.481796712, -0.374968618, 0), (1.08112657, -0.768469214, 0), (1.40602601, -1.08848202, 0), (1.55426848, -1.28187597, 0), (1.57936728, -1.42054224, 0), (1.53724396, -1.50285339, 0), (1.44756949, -1.53994536, 0), (1.33528125, -1.55824554, 0), (1.23108828, -1.5243665, 0), (1.13449025, -1.38931334, 0), (0.964657545, -1.01632285, 0), (0.964676321, -1.01586795, 0), (0.00195719372, 1.31991085e-10, 0), (8.27769611e-07, 3.89879488e-39, 0), (3.41731525e-15, 0, 0), (3.39378385e-32, 0, 0), (0, 0, 0), (0, 0, 0), (0, 0, 0), (0, 0, 0), (0, 0, 0), (0, 0, 0), (0, 0, 0), (0, 0, 0), (0, 0, 0), (0, 0, 0), (0, 0, 0), (0, 0, 0), (1.05877685e-11, 0, 0), (2.53954489e-23, 0, 0), (0, 0, 0), (0, 0, 0), (0, 0, 0), (0, 0, 0), (0, 0, 0), (0, 0, 0), (0, 0, 0), (0, 0, 0), (0, 0, 0), (0, 0, 0), (0, 0, 0), (0, 0, 0), (0, 0, 0), (0, 0, 0), (1.16373461e-24, 0, 0), (6.74528218e-24, 0, 0), (-9.33307774e-23, -1.40129846e-45, 0), (-1.5950712e-22, -7.51615038e-27, 0), (-0.000789243728, -0.00178530079, 0), (-0.00387324626, -0.00394978747, 0), (-0.010452983, -0.00727249356, 0), (-0.0237387232, -0.0130505729, 0), (-0.0374905877, -0.017616136, 0), (-0.0552583449, -0.0225382745, 0), (-0.0761434659, -0.0277604908, 0), (-0.101662502, -0.0326773226, 0), (-0.136406988, -0.0336236283, 0), (-0.176337197, -0.0301862564, 0), (-0.209170178, -0.0331792235, 0), (-0.239778176, -0.0481054075, 0), (-0.278745711, -0.0757643878, 0), (-0.322676539, -0.114131898, 0), (-0.3644633, -0.160113648, 0), (-0.394205153, -0.211678982, 0), (-0.400088489, -0.268783271, 0), (-0.374984145, -0.325474888, 0), (-0.314071983, -0.424049318, 0), (-0.219851136, -0.519429564, 0), (-0.0789481923, -0.582189262, 0), (0.109026425, -0.612565517, 0), (0.373508364, -0.597635329, 0), (1.14588082, -1.21012509, 0), (1.53569698, -1.51295507, 0), (1.66734385, -1.67078435, 0), (1.63989174, -1.74431443, 0), (1.56513596, -1.76992512, 0), (1.47314513, -1.75084305, 0), (1.38012922, -1.68560266, 0), (1.29349327, -1.54021275, 0), (1.1654861, -1.26724732, 0), (1.06487191, -1.14167655, 0), (1.32869506, 0.168645129, 0), (0.105555564, 0.0266959909, 0), (0.00111787627, 3.3362997e-07, 0), (0.00042519602, 1.8327542e-15, 0), (8.06570881e-08, 2.4485177e-32, 0), (8.14361629e-17, 0, 0), (5.27474851e-35, 0, 0), (0, 0, 0), (0, 0, 0), (0, 0, 0), (0, 0, 0), (0, 0, 0), (0, 0, 0), (0, 0, 0), (0, 0, 0), (0, 0, 0), (0, 1.57677357e-10, 0), (-0.000811911537, 1.57794527e-10, 0), (6.0007288e-09, 3.86006832e-22, 0), (1.91959837e-10, 1.40129846e-45, 0), (2.4720595e-10, 0, 0), (1.1554236e-10, 0, 0), (5.13585285e-11, 0, 0), (3.91828597e-10, 0, 0), (4.22650248e-10, 0, 0), (1.27895347e-10, 0, 0), (3.17851828e-10, 0, 0), (7.19711457e-10, 0, 0), (4.02667483e-10, 0, 0), (9.00023528e-11, 0, 0), (3.61381508e-10, 0, 0), (4.64052075e-10, 0, 0), (1.75015419e-10, 1.18673369e-22, 0), (-1.88643263e-12, 5.44155435e-21, 0), (-7.91479729e-11, 2.62232507e-20, 0), (-1.96543046e-10, 3.95235976e-20, 0), (-2.03706413e-10, 3.72787942e-20, 0), (0.00139209186, -0.00174332468, 0), (-0.000886334921, -0.00441633957, 0), (-0.00519595249, -0.00811584108, 0), (-0.0150787774, -0.015378613, 0), (-0.0273035206, -0.0209733788, 0), (-0.0386526287, -0.0284863357, 0), (-0.0541761853, -0.0373751707, 0), (-0.0740993172, -0.047987096, 0), (-0.103274174, -0.0584129728, 0), (-0.139276281, -0.0667015836, 0), (-0.163434252, -0.0802561194, 0), (-0.182674676, -0.107935958, 0), (-0.208641529, -0.151246265, 0), (-0.239846602, -0.20735012, 0), (-0.271547109, -0.271918535, 0), (-0.29616487, -0.340001583, 0), (-0.30205524, -0.40684548, 0), (-0.281636864, -0.469578207, 0), (-0.231139138, -0.524445832, 0), (-0.148038656, -0.571375966, 0), (-0.0276407786, -0.609009087, 0), (0.132939294, -0.631409943, 0), (0.3399297, -0.573242903, 0), (0.750256658, -1.20175397, 0), (1.4465487, -1.65335453, 0), (1.75099993, -1.79387534, 0), (1.70196557, -1.83096027, 0), (1.62935185, -1.79977548, 0), (1.54739761, -1.69786787, 0), (1.45925653, -1.50508189, 0), (1.32661724, -1.17212105, 0), (0.989089966, -1.0633595, 0), (0.988216102, -1.02276707, 0), (0.261980981, 0.086554572, 0), (0.914965034, 0.606004059, 0), (0.431385756, 0.276424944, 0), (0.0332919955, 0.0148515794, 0), (0.000158666036, 8.65215384e-08, 0), (8.33828308e-05, 1.20049172e-16, 0), (4.24644204e-05, 1.08822595e-34, 0), (2.29323177e-05, 0, 0), (1.24675234e-05, 0, 0), (7.05142111e-06, 0, 0), (4.16421472e-06, 0, 0), (2.65779659e-06, 0, 0), (1.81690359e-06, 0, 0), (1.30040803e-06, 0, 0), (1.04385174e-06, 0, 0), (8.99328484e-07, 0, 0), (6.45705541e-07, 5.62339919e-05, 0), (0.00183973915, 0.24878484, 0), (-0.00032922547, 2.23578397e-07, 0), (-0.020611193, 1.66666112e-08, 0), (-0.0274906829, 1.40504524e-08, 0), (-0.0118632792, 6.59544996e-09, 0), (-0.00420598639, 1.76443198e-08, 0), (-0.0245814156, 3.21742881e-08, 0), (-0.0229096487, 2.15089759e-08, 0), (-0.00592028536, 1.7027963e-08, 0), (-0.0122731179, 3.99466771e-08, 0), (-0.0235824641, 4.44783552e-08, 0), (-0.0138526587, 2.08738395e-08, 0), (-0.00326233706, 2.57967994e-08, 0), (-0.0157832783, 6.26559924e-08, 0), (-0.0278926175, 7.34835126e-08, 0), (-0.02063464, 4.37442544e-08, 0), (-0.0100977244, 3.01080441e-08, 0), (-0.0111966347, 4.84093299e-08, 0), (-0.0170497522, 5.49896058e-08, 0), (-0.0220393259, 5.06983859e-08, 0), (0.00230501429, -0.00121294055, 0), (0.00131682667, -0.00282545318, 0), (-0.00116349105, -0.0062778336, 0), (-0.00473081646, -0.0115365479, 0), (-0.014832289, -0.0191565938, 0), (-0.0219207406, -0.0273397937, 0), (-0.0319614522, -0.0375871845, 0), (-0.0441808589, -0.0511066094, 0), (-0.0620770827, -0.0691597089, 0), (-0.0915393382, -0.0868625119, 0), (-0.119756021, -0.102252372, 0), (-0.128406674, -0.1308081, 0), (-0.138567701, -0.177344516, 0), (-0.152080387, -0.240080744, 0), (-0.169156522, -0.314896792, 0), (-0.184381843, -0.397007763, 0), (-0.192152068, -0.476308197, 0), (-0.181958586, -0.548514307, 0), (-0.148298338, -0.607299149, 0), (-0.08795017, -0.649203658, 0), (0.000810687547, -0.669714451, 0), (0.112565741, -0.655385613, 0), (0.244042575, -0.585454524, 0), (0.335611641, -0.577610552, 0), (0.815644145, -1.7025739, 0), (1.59919536, -1.61487973, 0), (1.84811318, -1.64902818, 0), (1.74968815, -1.49552965, 0), (1.63794446, -1.21582949, 0), (1.48372269, -0.764663517, 0), (1.20244622, -0.0734403655, 0), (0.993513942, 0.365201503, 0), (1.03453541, -0.0493455306, 0), (0.722592413, 1.25759518, 0), (2.04532337, 2.52646208, 0), (2.67606664, 2.90719295, 0), (2.68743253, 3.30598402, 0), (2.4010334, 3.75149941, 0), (2.00605941, 4.09375954, 0), (1.62210393, 4.50868034, 0), (1.27763033, 4.66985798, 0), (0.986223936, 4.89072752, 0), (0.760015309, 5.01994371, 0), (0.577978134, 5.14901829, 0), (0.433344901, 5.17655277, 0), (0.322214246, 5.21629524, 0), (0.237047747, 5.35601711, 0), (0.17189984, 5.38853407, 0), (0.121818088, 5.3274889, 0), (0.0836382955, 6.19639254, 0), (0.0544379726, 6.41550398, 0), (0.0321080461, 5.47777367, 0), (0.0154083921, 5.39482641, 0), (0.00306542101, 5.447927, 0), (-0.00554628856, 5.62944841, 0), (-0.0111441044, 5.51215076, 0), (-0.0147002712, 5.27026844, 0), (-0.0169631019, 5.63423538, 0), (-0.0177529491, 5.81925535, 0), (-0.0175678916, 5.65971756, 0), (-0.0169128515, 5.32786894, 0), (-0.0160916634, 5.81812382, 0), (-0.0153783001, 5.86622667, 0), (-0.0140683884, 6.01796103, 0), (-0.0128013184, 5.9362998, 0), (-0.0115514742, 5.87358522, 0), (-0.00959381275, 8.5337677, 0), (-0.00899851788, 5.91338539, 0), (-0.00814624038, 5.854424, 0), (-0.00595888356, 9.02056694, 0), (0.00164524571, 0.000122582234, 0), (0.001246689, -0.000632156152, 0), (0.000699951663, -0.0021340088, 0), (-0.000419023767, -0.00568884797, 0), (-0.0019010352, -0.0114675649, 0), (-0.00891815219, -0.0203335676, 0), (-0.0141389985, -0.0306619983, 0), (-0.0214850921, -0.0435551554, 0), (-0.0292001013, -0.0588718094, 0), (-0.0400786102, -0.0823121741, 0), (-0.0633577257, -0.104818851, 0), (-0.0910896584, -0.121878989, 0), (-0.0888775289, -0.153421447, 0), (-0.0802461207, -0.197868928, 0), (-0.0773137361, -0.260240555, 0), (-0.0780010596, -0.337563217, 0), (-0.0857144892, -0.414646447, 0), (-0.0759543106, -0.490901113, 0), (-0.0626093298, -0.549641609, 0), (-0.0353113674, -0.582925379, 0), (0.0071995589, -0.582710862, 0), (0.0610602088, -0.539957464, 0), (0.114907585, -0.438886285, 0), (0.147781476, -0.289191842, 0), (0.061749354, -0.842557788, 0), (0.409167886, -1.53840101, 0), (1.81597793, -1.0400219, 0), (1.71817732, -0.636741817, 0), (1.48193371, 0.0648638457, 0), (1.21562898, 1.00735724, 0), (0.897209883, 1.96634722, 0), (0.573352158, 3.04137206, 0), (0.322354823, 4.42514181, 0), (-2.15615783e-05, 5.62956142, 0), (0.0001473335, 5.80308867, 0), (0.000445701298, 6.13058186, 0), (0.000612135686, 6.62841845, 0), (0.000613519514, 7.22748518, 0), (0.000532341946, 7.8272872, 0), (0.000459912553, 7.82873487, 0), (0.0267982446, 7.91461563, 0), (0.147478253, 8.09898949, 0), (0.387312859, 8.8662262, 0), (0.28853941, 8.97849083, 0), (0.224103957, 9.09718609, 0), (0.167630315, 9.1756773, 0), (0.124763794, 9.23833466, 0), (0.0924876034, 9.28192329, 0), (0.0681428835, 9.31667328, 0), (0.0496576056, 9.32018375, 0), (0.0356598869, 9.33848572, 0), (0.0248552989, 9.34883785, 0), (0.0165971089, 9.35512924, 0), (0.0102904085, 9.3581152, 0), (0.00547830155, 9.35892296, 0), (0.00179892336, 9.35786057, 0), (-0.00103165989, 9.35560703, 0), (-0.00323891314, 9.35253811, 0), (-0.00498968875, 9.34886074, 0), (-0.00640379544, 9.34470463, 0), (-0.00755572924, 9.34022903, 0), (-0.00847961381, 9.3354702, 0), (-0.00918123499, 9.33051968, 0), (-0.00965944678, 9.32546425, 0), (-0.00991153345, 9.32038307, 0), (-0.00995042175, 9.31528854, 0), (-0.00979727507, 9.31036854, 0), (-0.00945273694, 9.30540562, 0), (-0.00888854265, 9.30053616, 0), (-0.00816874858, 9.29359055, 0), (0, 0.000565965369, 0), (0, 0.00101097254, 0), (0, 0.000821509282, 0), (0, 1.55294802e-05, 0), (0, -0.001911856, 0), (0, -0.0052386485, 0), (0, -0.0152449775, 0), (0, -0.024432743, 0), (0, -0.0364641063, 0), (0, -0.0385009609, 0), (0, -0.0467901453, 0), (0, -0.0595749728, 0), (0, -0.061573036, 0), (0, -0.0678263903, 0), (0, -0.0856081098, 0), (0, -0.116227932, 0), (0, -0.160322502, 0), (0, -0.202472568, 0), (0, -0.239280999, 0), (0, -0.258792132, 0), (0, -0.24949801, 0), (0, -0.20396404, 0), (0, -0.120441541, 0), (0, -0.0255492926, 0), (0, 0.052925054, 0), (0, -1.65986776, 0), (0, -0.798016608, 0), (0, 0.381736964, 0), (0, 1.79503083, 0), (0, 3.21809697, 0), (0, 4.35208082, 0), (0, 5.06768465, 0), (0, 5.45358706, 0), (0, 5.63105965, 0), (0, 5.80435705, 0), (0, 6.1313262, 0), (0, 6.62879753, 0), (0, 7.2276845, 0), (0, 7.82741022, 0), (0, 7.82859707, 0), (0, 7.83032656, 0), (0, 8.0361557, 0), (0, 8.8289299, 0), (0, 10.705924, 0), (0, 10.8418245, 0), (0, 10.9776793, 0), (0, 11.0653734, 0), (0, 11.1344242, 0), (0, 11.1876373, 0), (0, 11.2290993, 0), (0, 11.2611351, 0), (0, 11.2863455, 0), (0, 11.306056, 0), (0, 11.3214588, 0), (0, 11.3334246, 0), (0, 11.3426094, 0), (0, 11.3494892, 0), (0, 11.3543987, 0), (0, 11.3575726, 0), (0, 11.3591814, 0), (0, 11.3593664, 0), (0, 11.3582687, 0), (0, 11.3560572, 0), (0, 11.3529263, 0), (0, 11.3490973, 0), (0, 11.3447876, 0), (0, 11.3402023, 0), (0, 11.3355379, 0), (0, 11.3310585, 0), (0, 11.3254128, 0)] (
            interpolation = "uniform"
        )
        vector3f[] primvars:Solids_Velocity_2 = [(-0.00217478699, 0.0013111399, 0), (-0.0052805068, 0.00468210271, 0), (-0.012712243, 0.0129991733, 0), (-0.0269632414, 0.0308058225, 0), (-0.0503994934, 0.0642271489, 0), (-0.073151134, 0.112850405, 0), (-0.20023261, 0.204978883, 0), (-0.186570868, 0.453513682, 0), (-0.120187283, 0.778281093, 0), (0.0406909324, 1.15591204, 0), (0.0352556035, 1.44457197, 0), (-0.0158674326, 1.6943754, 0), (-0.11014118, 1.94331217, 0), (-0.252797186, 2.20316434, 0), (-0.427385688, 2.45336676, 0), (-0.570133507, 2.61096215, 0), (-0.580484152, 2.59115791, 0), (-0.457102567, 2.51882839, 0), (-0.228031471, 2.54357529, 0), (-0.00713410182, 2.63411546, 0), (0.147965163, 2.73424721, 0), (0.252126813, 2.83654976, 0), (0.329710573, 2.9259243, 0), (0.39628756, 2.99007106, 0), (0.461164743, 3.01983285, 0), (0.525537193, 3.00552249, 0), (0.576783895, 2.93147397, 0), (0.598412156, 2.77797198, 0), (0.580689728, 2.54034114, 0), (0.533600986, 2.23097181, 0), (0.540021956, 1.78735256, 0), (0.677622139, 0.998088837, 0), (0.659965217, -0.0719623417, 0), (0.487490237, -2.16173196, 0), (0.487839371, -2.161726, 0), (0, 0, 0), (0, 0, 0), (0, 0, 0), (0, 0, 0), (0, 0, 0), (0, 0, 0), (0, 0, 0), (0, 0, 0), (0, 0, 0), (0, 0, 0), (0, 0, 0), (0, 0, 0), (0, 0, 0), (0, 0, 0), (0, 0, 0), (0, 0, 0), (0, 0, 0), (0, 0, 0), (0, 0, 0), (0, 0, 0), (0, 0, 0), (0, 0, 0), (0, 0, 0), (0, 0, 0), (0, 0, 0), (0, 0, 0), (0, 0, 0), (0, 0, 0), (0, 0, 0), (0, 0, 0), (0, 0, 0), (0, 0, 0), (0, 0, 0), (0, 0, 0), (0, 0, 0), (-0.00324486778, 0.000550939585, 0), (-0.00725434348, 0.00169628533, 0), (-0.0157521069, 0.00353976618, 0), (-0.0294778645, 0.0050228131, 0), (-0.0492917858, 0.00406346284, 0), (-0.0777771622, 0.00685928436, 0), (-0.138097435, -0.0349079482, 0), (-0.150436923, -0.0595059097, 0), (-0.138044581, -0.0487794504, 0), (-0.159155712, 0.0447835438, 0), (-0.163285017, 0.200063944, 0), (-0.207213819, 0.349627316, 0), (-0.290840894, 0.472235233, 0), (-0.404645085, 0.567269504, 0), (-0.523011327, 0.653927386, 0), (-0.624972284, 0.705704689, 0), (-0.708254158, 0.54274106, 0), (-0.607114494, 0.454371542, 0), (-0.367973685, 0.49312982, 0), (-0.115506075, 0.62723124, 0), (0.0666437969, 0.783764243, 0), (0.20447582, 0.957678735, 0), (0.326110989, 1.14052796, 0), (0.458727628, 1.3191539, 0), (0.613816142, 1.46867239, 0), (0.751410306, 1.55665314, 0), (0.827917874, 1.56850541, 0), (0.854338288, 1.48362851, 0), (0.884388566, 1.21679413, 0), (0.945470035, 0.636243463, 0), (0.933456063, 0.0305072684, 0), (0.860446036, -0.346809387, 0), (0.712264359, -1.00020146, 0), (0.682048261, -2.19682217, 0), (0.682697833, -2.19676042, 0), (0, 0, 0), (0, 0, 0), (0, 0, 0), (0, 0, 0), (0, 0, 0), (0, 0, 0), (0, 0, 0), (0, 0, 0), (0, 0, 0), (0, 0, 0), (0, 0, 0), (0, 0, 0), (0, 0, 0), (0, 0, 0), (0, 0, 0), (0, 0, 0), (0, 0, 0), (0, 0, 0), (0, 0, 0), (0, 0, 0), (0, 0, 0), (0, 0, 0), (0, 0, 0), (0, 0, 0), (0, 0, 0), (0, 0, 0), (0, 0, 0), (0, 0, 0), (0, 0, 0), (0, 0, 0), (0, 0, 0), (0, 0, 0), (0, 0, 0), (0, 0, 0), (0, 0, 0), (-0.00388900773, 0.000227683224, 0), (-0.00819308963, 0.000625782064, 0), (-0.0170626324, 0.00127497676, 0), (-0.0310318694, 0.00207042252, 0), (-0.05090468, 0.00290111126, 0), (-0.0779324025, 0.00275255297, 0), (-0.112727314, -0.0144171119, 0), (-0.138044894, -0.0229186025, 0), (-0.158674404, -0.00933041982, 0), (-0.190446153, 0.0112924958, 0), (-0.228509709, 0.0539264679, 0), (-0.287028402, 0.105895877, 0), (-0.364023715, 0.152116433, 0), (-0.451178282, 0.175713941, 0), (-0.525629401, 0.17442669, 0), (-0.580333233, 0.149107277, 0), (-0.607686281, 0.0780199245, 0), (-0.554162741, 0.0245397296, 0), (-0.441651762, 0.059012007, 0), (-0.283847153, 0.108099483, 0), (-0.111256756, 0.221059054, 0), (0.0673384815, 0.342817277, 0), (0.247210145, 0.475187212, 0), (0.498098522, 0.581691563, 0), (0.79060334, 0.599085748, 0), (0.981051743, 0.541078389, 0), (1.08965421, 0.35678336, 0), (1.13848495, -0.00273627648, 0), (1.15053535, -0.342310637, 0), (1.11339056, -0.681181073, 0), (1.01446891, -0.940253139, 0), (0.890574276, -1.13106096, 0), (0.746847272, -1.50925529, 0), (0.805076778, -2.2190671, 0), (0.805730939, -2.21894288, 0), (0, 0, 0), (0, 0, 0), (0, 0, 0), (0, 0, 0), (0, 0, 0), (0, 0, 0), (0, 0, 0), (0, 0, 0), (0, 0, 0), (0, 0, 0), (0, 0, 0), (0, 0, 0), (0, 0, 0), (0, 0, 0), (0, 0, 0), (0, 0, 0), (0, 0, 0), (0, 0, 0), (0, 0, 0), (0, 0, 0), (0, 0, 0), (0, 0, 0), (0, 0, 0), (0, 0, 0), (0, 0, 0), (0, 0, 0), (0, 0, 0), (0, 0, 0), (0, 0, 0), (0, 0, 0), (0, 0, 0), (0, 0, 0), (0, 0, 0), (0, 0, 0), (0, 0, 0), (-0.00391708221, -0.00025682553, 0), (-0.00819250103, -0.000512765255, 0), (-0.0170259811, -0.000853896898, 0), (-0.0307276826, -0.00135372696, 0), (-0.0498477034, -0.00237372541, 0), (-0.0743331313, -0.00508460402, 0), (-0.103544645, -0.0115138292, 0), (-0.134097785, -0.0144387968, 0), (-0.167325109, -0.00895460229, 0), (-0.207486957, 0.00206394936, 0), (-0.255568892, 0.0190071333, 0), (-0.312967747, 0.0353385955, 0), (-0.377406627, 0.0432361625, 0), (-0.44289729, 0.0354613215, 0), (-0.499422401, 0.0144772017, 0), (-0.538477123, -0.0152843827, 0), (-0.552706242, -0.0553939827, 0), (-0.515354097, -0.0834989175, 0), (-0.475809604, -0.0687608868, 0), (-0.342712611, -0.0536549874, 0), (-0.197932631, 0.0149899051, 0), (0.016721135, 0.0805406421, 0), (0.411909401, 0.0479664169, 0), (0.834478438, -0.148762956, 0), (1.09799588, -0.440469474, 0), (1.24164224, -0.634338737, 0), (1.3023361, -0.885509551, 0), (1.29784083, -1.10994864, 0), (1.24292648, -1.26279175, 0), (1.146806, -1.40424871, 0), (1.02411652, -1.51848781, 0), (0.89694649, -1.62096286, 0), (0.771701634, -1.83632123, 0), (0.852420628, -2.22625256, 0), (0.852842093, -2.22609639, 0), (0, 0, 0), (0, 0, 0), (0, 0, 0), (0, 0, 0), (0, 0, 0), (0, 0, 0), (0, 0, 0), (0, 0, 0), (0, 0, 0), (0, 0, 0), (0, 0, 0), (0, 0, 0), (0, 0, 0), (0, 0, 0), (0, 0, 0), (0, 0, 0), (0, 0, 0), (0, 0, 0), (0, 0, 0), (0, 0, 0), (0, 0, 0), (0, 0, 0), (0, 0, 0), (0, 0, 0), (0, 0, 0), (0, 0, 0), (0, 0, 0), (0, 0, 0), (0, 0, 0), (0, 0, 0), (0, 0, 0), (0, 0, 0), (0, 0, 0), (0, 0, 0), (0, 0, 0), (-0.00280357199, -0.00102620944, 0), (-0.00676735491, -0.002392394, 0), (-0.0147374608, -0.00422583846, 0), (-0.0271838382, -0.00700241281, 0), (-0.0442419127, -0.0111247292, 0), (-0.0659721419, -0.0171053484, 0), (-0.0922555178, -0.0250350665, 0), (-0.122703589, -0.0330294631, 0), (-0.157920793, -0.0396968238, 0), (-0.199073359, -0.0461269505, 0), (-0.246342719, -0.0533982068, 0), (-0.298443466, -0.0639751032, 0), (-0.353167057, -0.0809958577, 0), (-0.40654251, -0.106208339, 0), (-0.453663617, -0.137983933, 0), (-0.487012446, -0.173555166, 0), (-0.495920181, -0.212582901, 0), (-0.467259675, -0.245016947, 0), (-0.448443353, -0.264119387, 0), (-0.337427735, -0.318921804, 0), (-0.133438721, -0.356919706, 0), (0.143809646, -0.401850343, 0), (0.525601387, -0.497179866, 0), (1.08456731, -0.91039592, 0), (1.34289658, -1.30292797, 0), (1.41999936, -1.49574065, 0), (1.40861785, -1.63688338, 0), (1.34785426, -1.73225665, 0), (1.25427008, -1.79240596, 0), (1.14094317, -1.84918141, 0), (1.01850355, -1.8987112, 0), (0.896043003, -1.94979918, 0), (0.7763955, -2.06284857, 0), (0.835842609, -2.22477293, 0), (0.836035967, -2.2246325, 0), (3.57171757e-07, 0, 0), (6.36105385e-16, 0, 0), (1.17558885e-33, 0, 0), (0, 0, 0), (0, 0, 0), (0, 0, 0), (0, 0, 0), (0, 0, 0), (0, 0, 0), (0, 0, 0), (0, 0, 0), (0, 0, 0), (0, 0, 0), (0, 0, 0), (0, 0, 0), (0, 0, 0), (0, 0, 0), (0, 0, 0), (0, 0, 0), (0, 0, 0), (0, 0, 0), (0, 0, 0), (0, 0, 0), (0, 0, 0), (0, 0, 0), (0, 0, 0), (0, 0, 0), (0, 0, 0), (0, 0, 0), (0, 0, 0), (0, 0, 0), (0, 0, 0), (0, 0, 0), (0, 0, 0), (0, 0, 0), (-0.000792586943, -0.00179097755, 0), (-0.00386787718, -0.00396340201, 0), (-0.0104649477, -0.00737477979, 0), (-0.0205012336, -0.0122096203, 0), (-0.03431556, -0.0193314608, 0), (-0.0519955456, -0.0291331783, 0), (-0.0738364011, -0.0419193394, 0), (-0.100096121, -0.0575016439, 0), (-0.131201893, -0.0759233311, 0), (-0.167378813, -0.0984100774, 0), (-0.207975954, -0.124994718, 0), (-0.251720518, -0.157090664, 0), (-0.296853155, -0.195408702, 0), (-0.341101706, -0.239703909, 0), (-0.381234765, -0.288698614, 0), (-0.40860495, -0.341766238, 0), (-0.409514248, -0.40018186, 0), (-0.376569986, -0.461441576, 0), (-0.309931427, -0.5541026, 0), (-0.206575409, -0.642859817, 0), (-0.0485945642, -0.700288713, 0), (0.166801244, -0.720146954, 0), (0.456685007, -0.750872195, 0), (1.16624057, -1.37829542, 0), (1.48432767, -1.83172083, 0), (1.50797498, -1.98355329, 0), (1.44463706, -2.06403422, 0), (1.35208571, -2.10920382, 0), (1.24473405, -2.13306737, 0), (1.13004422, -2.15231609, 0), (1.01126051, -2.16892242, 0), (0.88779664, -2.18737531, 0), (0.7495085, -2.22812533, 0), (0.792336941, -2.22589922, 0), (0.109450936, 0.0417558998, 0), (3.10083038e-07, 1.4396916e-07, 0), (5.83075617e-16, 3.41156654e-16, 0), (1.12878195e-33, 8.48152694e-34, 0), (0, 0, 0), (0, 0, 0), (0, 0, 0), (0, 0, 0), (0, 0, 0), (0, 0, 0), (0, 0, 0), (0, 0, 0), (0, 0, 0), (0, 0, 0), (0, 0, 0), (0, 0, 0), (0, 0, 0), (0, 0, 0), (0, 0, 0), (0, 0, 0), (0, 0, 0), (0, 0, 0), (0, 0, 0), (0, 0, 0), (0, 0, 0), (0, 0, 0), (0, 0, 0), (0, 0, 0), (0, 0, 0), (0, 0, 0), (0, 0, 0), (0, 0, 0), (0, 0, 0), (0, 0, 0), (0, 0, 0), (0, 0, 0), (0.00139704882, -0.00173460098, 0), (-0.000896263227, -0.00444429554, 0), (-0.00519164931, -0.00819470175, 0), (-0.0122908223, -0.0143143898, 0), (-0.02187627, -0.0230909884, 0), (-0.0342710689, -0.0354939476, 0), (-0.0498102866, -0.052101396, 0), (-0.0689084381, -0.073514387, 0), (-0.0919361934, -0.100515328, 0), (-0.118842617, -0.134296209, 0), (-0.149002358, -0.174791917, 0), (-0.181658968, -0.222637594, 0), (-0.216011912, -0.277489275, 0), (-0.25060153, -0.338652194, 0), (-0.283023298, -0.404954791, 0), (-0.308029294, -0.472902358, 0), (-0.312083453, -0.538796127, 0), (-0.288574964, -0.598358691, 0), (-0.233507738, -0.650163829, 0), (-0.140829608, -0.694867909, 0), (-0.00303111831, -0.725855052, 0), (0.186505735, -0.73938936, 0), (0.425098002, -0.722002923, 0), (0.8155725, -1.37148011, 0), (1.47699857, -2.10682082, 0), (1.54933846, -2.26589251, 0), (1.45636976, -2.330616, 0), (1.34919083, -2.35887051, 0), (1.23698545, -2.36654902, 0), (1.12203538, -2.3659904, 0), (1.00190043, -2.36105585, 0), (0.867144883, -2.35282493, 0), (0.690937996, -2.34546041, 0), (0.690727651, -2.34513998, 0), (3.21348466e-07, 1.83417342e-07, 0), (1.75250069e-15, 1.3039258e-15, 0), (1.73876274e-32, 1.68543644e-32, 0), (0, 0, 0), (0, 0, 0), (0, 0, 0), (0, 0, 0), (0, 0, 0), (0, 0, 0), (0, 0, 0), (0, 0, 0), (0, 0, 0), (0, 0, 0), (0, 0, 0), (0, 0, 0), (0, 0, 0), (0, 0, 0), (0, 0, 0), (0, 0, 0), (0, 0, 0), (0, 0, 0), (0, 0, 0), (0, 0, 0), (0, 0, 0), (0, 0, 0), (0, 0, 0), (0, 0, 0), (0, 0, 0), (0, 0, 0), (0, 0, 0), (0, 0, 0), (0, 0, 0), (0, 0, 0), (0, 0, 0), (0, 0, 0), (0, 0, 0), (0.00230055396, -0.00122542842, 0), (0.00132769998, -0.00281087984, 0), (-0.00117292104, -0.00633154204, 0), (-0.00473086489, -0.0117348032, 0), (-0.0100029036, -0.020317873, 0), (-0.016692467, -0.0326360203, 0), (-0.0251923501, -0.049719654, 0), (-0.0357611366, -0.0725244805, 0), (-0.048736304, -0.102157533, 0), (-0.0642467365, -0.140045077, 0), (-0.0817923695, -0.186253965, 0), (-0.101272762, -0.241272241, 0), (-0.122848555, -0.304669082, 0), (-0.146115378, -0.375442088, 0), (-0.168171257, -0.453035802, 0), (-0.183757454, -0.536848605, 0), (-0.191875473, -0.617895603, 0), (-0.180570066, -0.690706432, 0), (-0.144644141, -0.750721097, 0), (-0.0793839023, -0.79240793, 0), (0.0183999427, -0.807236195, 0), (0.142245248, -0.778224468, 0), (0.295764387, -0.69280386, 0), (0.402825862, -0.807415366, 0), (0.890772521, -2.11100984, 0), (1.54301298, -2.42519879, 0), (1.47280991, -2.49048162, 0), (1.35181105, -2.51408744, 0), (1.23269045, -2.51145983, 0), (1.11288214, -2.49528861, 0), (0.986634791, -2.47105217, 0), (0.848170996, -2.44128561, 0), (0.769447029, -2.39303899, 0), (-0.00550797069, 0.00587825244, 0), (1.18062973e-08, 2.07048405e-08, 0), (9.08937821e-18, 1.33673454e-17, 0), (1.06949377e-36, 1.88560354e-36, 0), (0, 0, 0), (0, 0, 0), (0, 0, 0), (0, 0, 0), (0, 0, 0), (0, 0, 0), (0, 0, 0), (0, 0, 0), (0, 0, 0), (0, 0, 0), (0, 0, 0), (0, 0, 0), (0, 0, 0), (0, 0, 0), (0, 0, 0), (0, 0, 0), (0, 0, 0), (0, 0, 0), (0, 0, 0), (0, 0, 0), (0, 0, 0), (0, 0, 0), (0, 0, 0), (0, 0, 0), (0, 0, 0), (0, 0, 0), (0, 0, 0), (0, 0, 0), (0, 0, 0), (0, 0, 0), (0, 0, 0), (0, 0, 0), (0, 0, 0), (0.00164893584, 0.000133638081, 0), (0.00123998616, -0.000646382512, 0), (0.000706249673, -0.00213769451, 0), (-0.0004233215, -0.00576034002, 0), (-0.00190272566, -0.0117032817, 0), (-0.00399180269, -0.0208562445, 0), (-0.00657554669, -0.0339676589, 0), (-0.00978378765, -0.0520487428, 0), (-0.0137500139, -0.0762044415, 0), (-0.0185685195, -0.107708044, 0), (-0.0243222341, -0.147633195, 0), (-0.0309027303, -0.196172506, 0), (-0.0388114713, -0.253983587, 0), (-0.0492995493, -0.320147663, 0), (-0.0602796115, -0.393396825, 0), (-0.0650383234, -0.473630846, 0), (-0.0704289675, -0.555581748, 0), (-0.0654380322, -0.633131385, 0), (-0.0569514371, -0.692240834, 0), (-0.0311718825, -0.724976301, 0), (0.0124841528, -0.721623421, 0), (0.071580708, -0.675134182, 0), (0.132592231, -0.567183316, 0), (0.175230563, -0.417858094, 0), (0.089130871, -1.04643047, 0), (0.460201174, -2.49539876, 0), (1.46928608, -2.55330181, 0), (1.34101748, -2.55884886, 0), (1.21222997, -2.53652668, 0), (1.08719444, -2.49983597, 0), (0.96617049, -2.46030116, 0), (0.907013297, -2.44948769, 0), (1.01989365, 0.165191263, 0), (3.19195351e-05, 0.00277880696, 0), (3.22038979e-10, 4.24606128e-09, 0), (7.05570522e-20, 4.38585636e-19, 0), (3.78784988e-40, 2.05260377e-39, 0), (0, 0, 0), (0, 0, 0), (0, 0, 0), (0, 0, 0), (0, 0, 0), (0, 0, 0), (0, 0, 0), (0, 0, 0), (0, 0, 0), (0, 0, 0), (0, 0, 0), (0, 0, 0), (0, 0, 0), (0, 0, 0), (0, 0, 0), (0, 0, 0), (0, 0, 0), (0, 0, 0), (0, 0, 0), (0, 0, 0), (0, 0, 0), (0, 0, 0), (0, 0, 0), (0, 0, 0), (0, 0, 0), (0, 0, 0), (0, 0, 0), (0, 0, 0), (0, 0, 0), (0, 0, 0), (0, 0, 0), (0, 0, 0), (0, 0, 0), (0, 0.000561799505, 0), (0, 0.00101676967, 0), (0, 0.000817707158, 0), (0, 1.76901176e-05, 0), (0, -0.00191363157, 0), (0, -0.00524145272, 0), (0, -0.010354613, 0), (0, -0.0176601205, 0), (0, -0.0276797805, 0), (0, -0.0410059951, 0), (0, -0.058273647, 0), (0, -0.0800390691, 0), (0, -0.107494704, 0), (0, -0.142416358, 0), (0, -0.184446841, 0), (0, -0.229724869, 0), (0, -0.278414637, 0), (0, -0.323633462, 0), (0, -0.362788111, 0), (0, -0.384351104, 0), (0, -0.376549602, 0), (0, -0.32927388, 0), (0, -0.241533086, 0), (0, -0.124344833, 0), (0, -0.0907695517, 0), (0, -1.7636646, 0), (0, -2.62519288, 0), (0, -2.49215412, 0), (0, -2.39264274, 0), (0, -2.32284808, 0), (0, -2.3870852, 0), (0, -2.38579917, 0), (0, 0.126224115, 0), (0, 8.60445653e-07, 0), (0, 6.93910016e-15, 0), (0, 7.78663915e-31, 0), (0, 0, 0), (0, 0, 0), (0, 0, 0), (0, 0, 0), (0, 0, 0), (0, 0, 0), (0, 0, 0), (0, 0, 0), (0, 0, 0), (0, 0, 0), (0, 0, 0), (0, 0, 0), (0, 0, 0), (0, 0, 0), (0, 0, 0), (0, 0, 0), (0, 0, 0), (0, 0, 0), (0, 0, 0), (0, 0, 0), (0, 0, 0), (0, 0, 0), (0, 0, 0), (0, 0, 0), (0, 0, 0), (0, 0, 0), (0, 0, 0), (0, 0, 0), (0, 0, 0), (0, 0, 0), (0, 0, 0), (0, 0, 0), (0, 0, 0), (0, 0, 0)] (
            interpolation = "uniform"
        )
        float[] primvars:Gas_temperature = [1073.15149, 1073.16516, 1073.23425, 1073.43286, 1073.76624, 1074.47571, 1081.35217, 1071.86279, 1070.8457, 1070.05969, 1073.02222, 1073.55444, 1073.64819, 1073.62854, 1073.58716, 1073.55029, 1073.52307, 1073.50281, 1073.48853, 1073.48181, 1073.48486, 1073.49548, 1073.50745, 1073.51636, 1073.52075, 1073.52087, 1073.51782, 1073.51294, 1073.50757, 1073.50293, 1073.49988, 1073.50085, 1073.52124, 1073.53284, 1073.13794, 1073.13721, 1073.13721, 1073.13721, 1073.13721, 1073.13721, 1073.13721, 1073.13721, 1073.13721, 1073.13721, 1073.13721, 1073.13721, 1073.13721, 1073.13721, 1073.13721, 1073.13721, 1073.13721, 1073.13721, 1073.13721, 1073.13721, 1073.13721, 1073.13721, 1073.13721, 1073.13721, 1073.13721, 1073.13721, 1073.13721, 1073.13721, 1073.13721, 1073.13721, 1073.13721, 1073.13721, 1073.13721, 1073.13721, 1073.13721, 1073.13721, 1073.15454, 1073.19128, 1073.3468, 1073.71667, 1074.23315, 1074.69556, 1076.63013, 1078.87781, 1074.92834, 1080.42737, 1075.58655, 1074.021, 1073.63135, 1073.51111, 1073.47095, 1073.45813, 1073.45435, 1073.4541, 1073.45569, 1073.45679, 1073.45654, 1073.45618, 1073.45642, 1073.45776, 1073.46033, 1073.46399, 1073.46875, 1073.47412, 1073.48035, 1073.48926, 1073.51306, 1073.52649, 1073.53662, 1073.51709, 1073.13684, 1073.13306, 1073.13, 1073.12683, 1073.12402, 1073.12158, 1073.11987, 1073.11853, 1073.11768, 1073.11707, 1073.1167, 1073.11658, 1073.11646, 1073.11633, 1073.11633, 1073.11633, 1073.11621, 1073.11621, 1073.11621, 1073.11621, 1073.11621, 1073.11609, 1073.11609, 1073.11609, 1073.11609, 1073.11597, 1073.11597, 1073.11597, 1073.11597, 1073.11597, 1073.11584, 1073.11584, 1073.11584, 1073.11584, 1073.11584, 1073.11584, 1073.1615, 1073.24365, 1073.53149, 1074.06128, 1074.60559, 1074.9303, 1074.97546, 1074.91333, 1074.91785, 1074.94397, 1090.46716, 1074.53564, 1073.47131, 1073.43188, 1073.43042, 1073.43152, 1073.43237, 1073.43237, 1073.43188, 1073.43127, 1073.43054, 1073.43005, 1073.43054, 1073.43347, 1073.44006, 1073.45093, 1073.4668, 1073.48694, 1073.50476, 1073.51819, 1073.53345, 1073.53967, 1073.54395, 1073.50159, 1073.13684, 1073.13147, 1073.12708, 1073.12244, 1073.11841, 1073.11523, 1073.11304, 1073.11169, 1073.11108, 1073.11072, 1073.1106, 1073.11047, 1073.11047, 1073.11047, 1073.11047, 1073.11035, 1073.11035, 1073.11035, 1073.11035, 1073.11035, 1073.11035, 1073.11035, 1073.11035, 1073.11035, 1073.11035, 1073.11023, 1073.11023, 1073.11023, 1073.11023, 1073.11023, 1073.11023, 1073.11023, 1073.11023, 1073.11023, 1073.11023, 1073.11023, 1073.17517, 1073.33313, 1073.77466, 1074.39478, 1074.87, 1075.04382, 1074.98413, 1074.91797, 1074.91003, 1075.03015, 1099.87512, 1074.073, 1073.44153, 1073.43274, 1073.43518, 1073.43713, 1073.43835, 1073.4386, 1073.43787, 1073.43616, 1073.43188, 1073.42639, 1073.42578, 1073.43994, 1073.46033, 1073.47827, 1073.49805, 1073.51489, 1073.52661, 1073.53516, 1073.54346, 1073.547, 1073.54724, 1073.51453, 1073.14038, 1073.13196, 1073.12695, 1073.12183, 1073.11719, 1073.11389, 1073.11243, 1073.11267, 1073.11328, 1073.11401, 1073.11426, 1073.11438, 1073.1145, 1073.11462, 1073.11487, 1073.11499, 1073.11511, 1073.11523, 1073.11536, 1073.11548, 1073.1156, 1073.11572, 1073.11572, 1073.11584, 1073.11584, 1073.11597, 1073.11609, 1073.11609, 1073.11609, 1073.11621, 1073.11621, 1073.11621, 1073.11633, 1073.11633, 1073.11633, 1073.11633, 1073.20117, 1073.4624, 1074.02112, 1074.62646, 1074.99255, 1075.06226, 1074.98657, 1074.9386, 1074.92603, 1083.59131, 1088.11377, 1073.66296, 1073.4386, 1073.43762, 1073.44055, 1073.44299, 1073.44495, 1073.44617, 1073.44641, 1073.44446, 1073.44019, 1073.44397, 1073.45081, 1073.46716, 1073.48889, 1073.50732, 1073.52136, 1073.53162, 1073.5387, 1073.54419, 1073.54919, 1073.55115, 1073.54639, 1073.5105, 1073.17371, 1073.14087, 1073.13098, 1073.125, 1073.12048, 1073.11707, 1073.11475, 1073.11292, 1073.11255, 1073.11304, 1073.11328, 1073.11365, 1073.11414, 1073.11462, 1073.11536, 1073.11609, 1073.11694, 1073.11768, 1073.11841, 1073.11902, 1073.11963, 1073.12, 1073.12024, 1073.12048, 1073.12061, 1073.12061, 1073.12073, 1073.12073, 1073.12085, 1073.12085, 1073.12073, 1073.12073, 1073.12061, 1073.12048, 1073.12048, 1073.12061, 1073.23328, 1073.57202, 1074.15576, 1074.7135, 1075.02881, 1075.07593, 1075.01929, 1074.97998, 1077.09583, 1096.86389, 1074.1178, 1073.44873, 1073.44006, 1073.44202, 1073.44556, 1073.44934, 1073.45312, 1073.45642, 1073.45947, 1073.46228, 1073.46545, 1073.46985, 1073.47705, 1073.49072, 1073.51111, 1073.52527, 1073.53442, 1073.54089, 1073.54578, 1073.54956, 1073.55286, 1073.55334, 1073.54565, 1073.49414, 1073.22717, 1073.16748, 1073.146, 1073.13562, 1073.12952, 1073.12549, 1073.1228, 1073.12073, 1073.11938, 1073.11816, 1073.11731, 1073.11658, 1073.11597, 1073.11572, 1073.1156, 1073.11572, 1073.11597, 1073.11621, 1073.11646, 1073.1167, 1073.11682, 1073.11694, 1073.11694, 1073.11694, 1073.11707, 1073.11719, 1073.11731, 1073.11755, 1073.11792, 1073.11841, 1073.11902, 1073.11987, 1073.12085, 1073.12195, 1073.12305, 1073.12427, 1073.23816, 1073.57141, 1074.13037, 1074.68762, 1075.03088, 1075.11035, 1075.07715, 1075.05786, 1080.61804, 1093.17969, 1073.89246, 1073.45703, 1073.44678, 1073.4458, 1073.45032, 1073.45605, 1073.4624, 1073.46912, 1073.47534, 1073.48108, 1073.48633, 1073.4917, 1073.49829, 1073.50732, 1073.52515, 1073.53552, 1073.54199, 1073.54663, 1073.55029, 1073.55322, 1073.5553, 1073.55554, 1073.54871, 1073.52942, 1073.2876, 1073.21021, 1073.17688, 1073.15991, 1073.15002, 1073.14392, 1073.14001, 1073.13733, 1073.13538, 1073.13391, 1073.13257, 1073.13147, 1073.13025, 1073.12915, 1073.12817, 1073.1272, 1073.12634, 1073.12573, 1073.12524, 1073.12488, 1073.12476, 1073.12476, 1073.12488, 1073.12512, 1073.12549, 1073.12585, 1073.12634, 1073.12683, 1073.12744, 1073.12817, 1073.12878, 1073.12952, 1073.13025, 1073.13086, 1073.13135, 1073.13159, 1073.20923, 1073.45398, 1073.93152, 1074.50928, 1074.95959, 1075.14575, 1075.16016, 1075.13354, 1077.77698, 1095.76196, 1074.44177, 1073.49658, 1073.4646, 1073.44971, 1073.45251, 1073.45996, 1073.46875, 1073.47839, 1073.48792, 1073.49634, 1073.50293, 1073.50745, 1073.5127, 1073.5199, 1073.53455, 1073.54199, 1073.54688, 1073.55054, 1073.55334, 1073.5553, 1073.55627, 1073.55591, 1073.55383, 1073.547, 1073.31775, 1073.25464, 1073.2207, 1073.20056, 1073.18799, 1073.17981, 1073.17432, 1073.17065, 1073.16797, 1073.16602, 1073.16443, 1073.16309, 1073.16162, 1073.1604, 1073.15894, 1073.15747, 1073.15588, 1073.15442, 1073.15295, 1073.15161, 1073.15027, 1073.14917, 1073.14819, 1073.14722, 1073.14648, 1073.14612, 1073.14575, 1073.14575, 1073.14575, 1073.14587, 1073.14636, 1073.14697, 1073.14771, 1073.14868, 1073.14978, 1073.151, 1073.17249, 1073.28284, 1073.5625, 1074.05029, 1074.64392, 1075.10791, 1075.32361, 1075.33838, 1075.23108, 1080.76086, 1094.07422, 1074.39429, 1074.04651, 1073.49084, 1073.44934, 1073.45593, 1073.4646, 1073.47424, 1073.48486, 1073.49548, 1073.50513, 1073.51294, 1073.52039, 1073.52869, 1073.53943, 1073.54785, 1073.55042, 1073.5531, 1073.55481, 1073.55566, 1073.55579, 1073.5553, 1073.55469, 1073.55383, 1073.49829, 1073.41394, 1073.35779, 1073.32239, 1073.29968, 1073.28455, 1073.27405, 1073.26672, 1073.26135, 1073.25732, 1073.25391, 1073.25085, 1073.24792, 1073.24487, 1073.24182, 1073.23853, 1073.23499, 1073.23145, 1073.22791, 1073.22437, 1073.22083, 1073.21741, 1073.21411, 1073.21106, 1073.20825, 1073.20569, 1073.20337, 1073.20154, 1073.19983, 1073.19861, 1073.19775, 1073.19714, 1073.1969, 1073.1969, 1073.19727, 1073.19788, 1073.15247, 1073.16736, 1073.21814, 1073.3623, 1073.72314, 1074.45227, 1075.51831, 1076.3822, 1076.29163, 1075.72217, 1074.52991, 1074.67639, 1086.07068, 1092.57434, 1073.71985, 1073.44531, 1073.44739, 1073.45129, 1073.45593, 1073.46216, 1073.47083, 1073.48132, 1073.49109, 1073.49902, 1073.50208, 1073.53479, 1073.55518, 1073.55615, 1073.55664, 1073.55652, 1073.55615, 1073.55566, 1073.55505, 1073.55457, 1073.55261, 1073.5426, 1073.52563, 1073.50745, 1073.4917, 1073.47925, 1073.46973, 1073.46252, 1073.45691, 1073.45251, 1073.44885, 1073.44556, 1073.44238, 1073.43921, 1073.43579, 1073.43213, 1073.42822, 1073.42407, 1073.41968, 1073.41504, 1073.41028, 1073.40552, 1073.40063, 1073.39587, 1073.39111, 1073.38672, 1073.38245, 1073.37842, 1073.37476, 1073.37146, 1073.36853, 1073.36597, 1073.36377, 1073.36182, 1073.36023, 1073.35876] (
            interpolation = "uniform"
        )
        float[] primvars:Solids_temperature_1 = [1073.15002, 1073.15002, 1073.15002, 1073.27283, 1073.76611, 961.12085, 961.046143, 961.645264, 956.858582, 950.279541, 1049.47485, 1068.94617, 1072.79919, 1073.48633, 1073.56458, 1073.54639, 1073.52209, 1073.50244, 1073.4884, 1073.48181, 1073.48425, 1073.4939, 1073.50562, 1073.51489, 1073.52002, 1073.52075, 1073.51807, 1073.51318, 1073.50769, 1073.50293, 1073.49988, 1073.50085, 1073.521, 1073.53528, 1073.53528, 1073.1377, 1073.13831, 1073.1394, 1073.13928, 1073.13977, 1073.1394, 1073.14221, 1073.09888, 1073.11829, 1073.12891, 1073.14429, 1073.15002, 1073.15002, 1073.15002, 1073.15002, 1073.15002, 1073.15002, 1073.15002, 1073.15002, 1073.15002, 1073.15002, 1073.15002, 1073.15002, 1073.15002, 1073.15002, 1073.15002, 1073.15002, 1073.15002, 1073.15002, 1073.15002, 1073.15002, 1073.15002, 1073.15002, 1073.15002, 1073.15002, 1073.15002, 1073.15002, 1073.15002, 1073.71667, 1074.23303, 1074.69543, 1018.1604, 1037.53381, 1074.90845, 1069.68787, 1074.15906, 1073.93738, 1073.62622, 1073.51038, 1073.47083, 1073.45813, 1073.45422, 1073.45398, 1073.45532, 1073.45642, 1073.45654, 1073.4563, 1073.45667, 1073.45801, 1073.46045, 1073.46411, 1073.46875, 1073.47412, 1073.48022, 1073.48926, 1073.51233, 1073.52588, 1073.5365, 1073.5238, 1073.5238, 1073.13318, 1073.13513, 1073.13684, 1073.14087, 1073.13013, 1073.13892, 1072.95374, 1073.03613, 1073.04663, 1073.05945, 1073.14941, 1073.15002, 1073.15002, 1073.15002, 1073.15002, 1073.15002, 1073.15002, 1073.15002, 1073.15002, 1073.15002, 1073.15002, 1073.15002, 1073.15002, 1073.15002, 1073.15002, 1073.15002, 1073.15002, 1073.15002, 1073.15002, 1073.15002, 1073.15002, 1073.15002, 1073.15002, 1073.15002, 1073.15002, 1073.15002, 1073.15002, 1073.17273, 1074.06128, 1074.60559, 1074.97656, 1074.97437, 1074.91101, 1074.91479, 1074.93945, 1075.5614, 1073.66797, 1073.45276, 1073.43127, 1073.43054, 1073.43164, 1073.4325, 1073.43262, 1073.43213, 1073.4314, 1073.43054, 1073.43005, 1073.43054, 1073.43347, 1073.44006, 1073.45093, 1073.46655, 1073.48645, 1073.50391, 1073.51746, 1073.53308, 1073.53955, 1073.54358, 1073.51001, 1073.51001, 1073.13916, 1073.13416, 1073.13782, 1073.13306, 1073.12939, 1073.1394, 1072.91113, 1072.9978, 1073.00952, 1073.14673, 1073.15002, 1073.15002, 1073.15002, 1073.15002, 1073.15002, 1073.15002, 1073.15002, 1073.15002, 1073.15002, 1073.15002, 1073.15002, 1073.15002, 1073.15002, 1073.15002, 1073.15002, 1073.15002, 1073.15002, 1073.15002, 1073.15002, 1073.15002, 1073.15002, 1073.15002, 1073.15002, 1073.15002, 1073.15002, 1073.15002, 1073.15002, 1073.56299, 1074.39478, 1074.96436, 1075.04395, 1074.98389, 1074.91736, 1074.90906, 1074.91272, 1075.53149, 1073.50183, 1073.43127, 1073.4325, 1073.4353, 1073.43726, 1073.43848, 1073.43884, 1073.43811, 1073.4364, 1073.43213, 1073.42664, 1073.4259, 1073.4397, 1073.46008, 1073.47742, 1073.49683, 1073.51392, 1073.52588, 1073.53491, 1073.54346, 1073.54688, 1073.54688, 1073.52417, 1073.51501, 1073.15564, 1073.14099, 1073.15393, 1073.13379, 1073.1377, 1073.13843, 1073.13672, 1073.01184, 1073.04565, 1073.14758, 1073.15002, 1073.15002, 1073.15002, 1073.15002, 1073.15002, 1073.15002, 1073.15002, 1073.15002, 1073.15002, 1073.15002, 1073.15002, 1073.15002, 1073.15002, 1073.15002, 1073.15002, 1073.15002, 1073.15002, 1073.15002, 1073.15002, 1073.15002, 1073.15002, 1073.15002, 1073.15002, 1073.15002, 1073.15002, 1073.15002, 1073.18811, 1074.02112, 1074.62646, 1075.02478, 1075.06226, 1074.98657, 1074.93848, 1074.91248, 1075.27979, 1074.28369, 1073.44751, 1073.43506, 1073.43762, 1073.44067, 1073.44312, 1073.44519, 1073.44641, 1073.44666, 1073.4447, 1073.44043, 1073.44397, 1073.45068, 1073.46692, 1073.48804, 1073.50623, 1073.52051, 1073.53125, 1073.53857, 1073.54431, 1073.54932, 1073.55103, 1073.54675, 1073.53271, 1073.3634, 1073.3313, 1073.14221, 1073.1543, 1073.15417, 1073.16479, 1073.1366, 1073.1344, 1073.01953, 1073.13171, 1073.15002, 1073.15002, 1073.15002, 1073.15002, 1073.15002, 1073.15002, 1073.1499, 1073.1499, 1073.15002, 1073.15002, 1073.15002, 1073.14978, 1073.14941, 1073.14905, 1073.14917, 1073.14905, 1073.14893, 1073.14893, 1073.14893, 1073.14893, 1073.1488, 1073.14868, 1073.14868, 1073.14868, 1073.14868, 1073.1488, 1073.15002, 1073.31689, 1074.15576, 1074.91248, 1075.02893, 1075.07593, 1075.01929, 1074.97668, 1075.00842, 1075.61621, 1073.50366, 1073.44067, 1073.44019, 1073.44202, 1073.44568, 1073.44946, 1073.45312, 1073.45654, 1073.45959, 1073.4624, 1073.46558, 1073.46997, 1073.47705, 1073.49048, 1073.5105, 1073.52478, 1073.53418, 1073.54089, 1073.54578, 1073.5498, 1073.55298, 1073.55371, 1073.54907, 1073.49414, 1073.22717, 1073.18848, 1073.15039, 1073.15137, 1073.19043, 1073.16467, 1073.14697, 1073.13611, 1073.13306, 1073.13062, 1073.1272, 1073.12366, 1073.12537, 1073.12366, 1073.12854, 1073.13184, 1073.12183, 1073.12561, 1073.13733, 1073.14795, 1073.14539, 1073.12427, 1073.12659, 1073.12866, 1073.12781, 1073.1283, 1073.13184, 1073.13293, 1073.13062, 1073.12854, 1073.12659, 1073.12463, 1073.12341, 1073.1239, 1073.12561, 1073.12769, 1073.15002, 1073.31494, 1074.13037, 1074.90979, 1075.03113, 1075.11023, 1075.07715, 1075.04297, 1075.2085, 1075.2959, 1073.52917, 1073.45276, 1073.4469, 1073.4458, 1073.45032, 1073.45605, 1073.46252, 1073.46912, 1073.47546, 1073.4812, 1073.48645, 1073.49182, 1073.49841, 1073.50732, 1073.52502, 1073.5354, 1073.54199, 1073.54675, 1073.55042, 1073.55347, 1073.55579, 1073.55603, 1073.55322, 1073.52942, 1073.28674, 1073.21008, 1073.17676, 1073.17798, 1073.16211, 1073.16553, 1073.13403, 1073.16626, 1073.13647, 1073.15173, 1073.13806, 1073.1405, 1073.1333, 1073.14807, 1073.12976, 1073.12927, 1073.12573, 1073.13037, 1073.12952, 1073.14429, 1073.14099, 1073.12781, 1073.14343, 1073.14697, 1073.13635, 1073.13611, 1073.14539, 1073.14111, 1073.13135, 1073.13586, 1073.14355, 1073.13562, 1073.13257, 1073.14709, 1073.14526, 1073.12964, 1073.15002, 1073.15015, 1073.76672, 1074.50928, 1075.04272, 1075.14587, 1075.16003, 1075.12769, 1075.1825, 1075.68359, 1073.7063, 1073.48718, 1073.46436, 1073.44983, 1073.45264, 1073.46008, 1073.46875, 1073.47839, 1073.48792, 1073.49646, 1073.50293, 1073.50757, 1073.51294, 1073.5199, 1073.53479, 1073.54187, 1073.547, 1073.55078, 1073.55359, 1073.55579, 1073.55713, 1073.5564, 1073.55432, 1073.54712, 1073.31787, 1073.25488, 1073.22107, 1073.20117, 1073.18884, 1073.18066, 1073.1748, 1073.17029, 1073.16675, 1073.1637, 1073.16125, 1073.15918, 1073.15735, 1073.15588, 1073.15442, 1073.15271, 1073.15149, 1073.15076, 1073.1499, 1073.14917, 1073.14844, 1073.14783, 1073.14734, 1073.14685, 1073.14636, 1073.14612, 1073.146, 1073.14624, 1073.14648, 1073.14685, 1073.14746, 1073.14819, 1073.15027, 1073.15051, 1073.15125, 1073.15381, 1073.15002, 1073.15002, 1073.30188, 1074.05029, 1074.64392, 1075.18884, 1075.32349, 1075.33765, 1075.21643, 1075.25879, 1075.34338, 1073.67712, 1073.58667, 1073.47559, 1073.4491, 1073.45605, 1073.4646, 1073.47412, 1073.48474, 1073.49548, 1073.50513, 1073.51306, 1073.52051, 1073.52893, 1073.53955, 1073.54797, 1073.55042, 1073.55334, 1073.5553, 1073.55652, 1073.55688, 1073.5564, 1073.55591, 1073.5553, 1073.53333, 1073.50061, 1073.479, 1073.46448, 1073.453, 1073.44165, 1073.27405, 1073.26672, 1073.26147, 1073.25732, 1073.25403, 1073.25098, 1073.24792, 1073.245, 1073.24182, 1073.23853, 1073.23511, 1073.23157, 1073.22791, 1073.22437, 1073.22083, 1073.21741, 1073.21411, 1073.21106, 1073.20825, 1073.20569, 1073.20349, 1073.20154, 1073.19995, 1073.19861, 1073.19775, 1073.19714, 1073.1969, 1073.1969, 1073.19727, 1073.19788, 1073.15002, 1073.15002, 1073.15002, 1073.16028, 1073.21118, 1073.34998, 1075.32349, 1075.33765, 1075.29956, 1074.97217, 1074.53027, 1074.64502, 1075.15735, 1074.79248, 1073.45435, 1073.44214, 1073.44714, 1073.45142, 1073.45605, 1073.46228, 1073.47083, 1073.48132, 1073.49109, 1073.49902, 1073.50208, 1073.53357, 1073.55505, 1073.5564, 1073.55713, 1073.55725, 1073.55713, 1073.55688, 1073.55652, 1073.55603, 1073.55493, 1073.55005, 1073.54028, 1073.52734, 1073.51392, 1073.49963, 1073.48462, 1073.46252, 1073.45703, 1073.45264, 1073.44897, 1073.44568, 1073.4425, 1073.43933, 1073.43591, 1073.43225, 1073.42834, 1073.42419, 1073.4198, 1073.41516, 1073.4104, 1073.40564, 1073.40076, 1073.396, 1073.39124, 1073.38672, 1073.38245, 1073.37854, 1073.37488, 1073.37158, 1073.36865, 1073.36609, 1073.36389, 1073.36194, 1073.36035, 1073.35889] (
            interpolation = "uniform"
        )
        float[] primvars:Solids_temperature_2 = [1073.15149, 1073.16516, 1073.23425, 1073.43298, 1073.76624, 1074.13281, 1073.74243, 1073.53687, 1073.34387, 1073.15979, 1073.44202, 1073.62012, 1073.65808, 1073.62976, 1073.58691, 1073.55005, 1073.52283, 1073.50269, 1073.4884, 1073.48169, 1073.48499, 1073.49585, 1073.50793, 1073.5166, 1073.52075, 1073.52087, 1073.51782, 1073.51294, 1073.50757, 1073.50293, 1073.49988, 1073.50085, 1073.52136, 1073.55029, 1073.52881, 1073.36267, 1073.24902, 1073.27271, 1073.21216, 1073.1394, 1073.14038, 1073.14294, 1073.12048, 1072.82336, 1072.75232, 1073.15002, 1073.15002, 1073.15002, 1073.15002, 1073.15002, 1073.15002, 1073.15002, 1073.15002, 1073.15002, 1073.15002, 1073.15002, 1073.15002, 1073.15002, 1073.15002, 1073.15002, 1073.15002, 1073.15002, 1073.15002, 1073.15002, 1073.15002, 1073.15002, 1073.15002, 1073.15002, 1073.15002, 1073.15002, 1073.15454, 1073.19128, 1073.3468, 1073.7168, 1074.23328, 1074.69568, 1075.02466, 1075.12537, 1074.92517, 1074.97705, 1074.7439, 1073.96277, 1073.62939, 1073.51099, 1073.47095, 1073.45825, 1073.45447, 1073.45422, 1073.45569, 1073.45679, 1073.45654, 1073.45618, 1073.45642, 1073.45776, 1073.46021, 1073.46387, 1073.46863, 1073.47412, 1073.48035, 1073.48938, 1073.51318, 1073.52661, 1073.53674, 1073.54834, 1073.5188, 1073.33386, 1073.21826, 1073.24695, 1073.1908, 1073.3053, 1073.12952, 1072.95312, 1073.04309, 1072.8374, 1072.73962, 1073.15002, 1073.15002, 1073.15002, 1073.15002, 1073.15002, 1073.15002, 1073.15002, 1073.15002, 1073.15002, 1073.15002, 1073.15002, 1073.15002, 1073.15002, 1073.15002, 1073.15002, 1073.15002, 1073.15002, 1073.15002, 1073.15002, 1073.15002, 1073.15002, 1073.15002, 1073.15002, 1073.15002, 1073.15002, 1073.1615, 1073.24377, 1073.53162, 1074.06152, 1074.60583, 1074.93042, 1074.97424, 1074.91089, 1074.91467, 1074.93945, 1074.89087, 1073.6272, 1073.45044, 1073.43103, 1073.43054, 1073.43164, 1073.4325, 1073.4325, 1073.43201, 1073.4314, 1073.43066, 1073.43018, 1073.43066, 1073.43347, 1073.44019, 1073.45105, 1073.4668, 1073.48706, 1073.505, 1073.51843, 1073.53357, 1073.53979, 1073.54431, 1073.54492, 1073.51477, 1073.41333, 1073.14575, 1073.19446, 1073.15515, 1073.30933, 1073.13123, 1072.92029, 1072.99902, 1072.83838, 1073.15002, 1073.15002, 1073.15002, 1073.15002, 1073.15002, 1073.15002, 1073.15002, 1073.15002, 1073.15002, 1073.15002, 1073.15002, 1073.15002, 1073.15002, 1073.15002, 1073.15002, 1073.15002, 1073.15002, 1073.15002, 1073.15002, 1073.15002, 1073.15002, 1073.15002, 1073.15002, 1073.15002, 1073.15002, 1073.15002, 1073.17517, 1073.33325, 1073.77478, 1074.39514, 1074.87012, 1075.04395, 1074.98389, 1074.91724, 1074.90894, 1074.9021, 1074.48157, 1073.46741, 1073.43018, 1073.4325, 1073.43542, 1073.43726, 1073.43848, 1073.43872, 1073.43799, 1073.43628, 1073.43201, 1073.42651, 1073.4259, 1073.44006, 1073.46045, 1073.47839, 1073.49817, 1073.51514, 1073.52673, 1073.5354, 1073.54358, 1073.54712, 1073.54858, 1073.54236, 1073.51953, 1073.36377, 1073.14685, 1073.16064, 1073.13708, 1073.31775, 1072.92529, 1072.92053, 1072.99194, 1072.88843, 1073.15002, 1073.15002, 1073.15002, 1073.15002, 1073.15002, 1073.15002, 1073.15002, 1073.15002, 1073.15002, 1073.15002, 1073.15002, 1073.15002, 1073.15002, 1073.15002, 1073.15002, 1073.15002, 1073.15002, 1073.15002, 1073.15002, 1073.15002, 1073.15002, 1073.15002, 1073.15002, 1073.15002, 1073.15002, 1073.15002, 1073.20117, 1073.46252, 1074.02136, 1074.62683, 1074.9928, 1075.06226, 1074.98645, 1074.93848, 1074.91113, 1074.90503, 1073.70093, 1073.43604, 1073.43481, 1073.43774, 1073.44067, 1073.44312, 1073.44519, 1073.44641, 1073.44666, 1073.4447, 1073.44031, 1073.44409, 1073.45093, 1073.46729, 1073.48901, 1073.50757, 1073.52148, 1073.53186, 1073.53894, 1073.54443, 1073.54932, 1073.55151, 1073.55103, 1073.53882, 1073.52686, 1073.40796, 1073.17639, 1073.18665, 1073.17627, 1073.13354, 1072.88501, 1072.90613, 1072.94446, 1072.93555, 1073.15002, 1073.15002, 1073.15002, 1073.15002, 1073.15002, 1073.15002, 1073.15002, 1073.15002, 1073.15002, 1073.15002, 1073.15002, 1073.15002, 1073.15002, 1073.15002, 1073.15002, 1073.15002, 1073.15002, 1073.15002, 1073.15002, 1073.15002, 1073.15002, 1073.15002, 1073.15002, 1073.15002, 1073.15002, 1073.15002, 1073.23328, 1073.57214, 1074.15601, 1074.71375, 1075.02893, 1075.07605, 1075.01917, 1074.9762, 1074.92188, 1074.68188, 1073.47583, 1073.44031, 1073.44019, 1073.44214, 1073.4458, 1073.44958, 1073.45325, 1073.45654, 1073.45959, 1073.46252, 1073.46558, 1073.46997, 1073.47717, 1073.49084, 1073.51123, 1073.52551, 1073.53455, 1073.54114, 1073.5459, 1073.5498, 1073.55322, 1073.55457, 1073.55225, 1073.53198, 1073.22681, 1073.25684, 1073.22485, 1073.23242, 1073.20129, 1073.13171, 1072.88257, 1072.81555, 1072.81763, 1073.1322, 1073.15002, 1073.15002, 1073.15002, 1073.15002, 1073.15002, 1073.15002, 1073.15002, 1073.15002, 1073.15002, 1073.15002, 1073.15002, 1073.15002, 1073.15002, 1073.15002, 1073.15002, 1073.15002, 1073.15002, 1073.15002, 1073.15002, 1073.15002, 1073.15002, 1073.15002, 1073.15002, 1073.15002, 1073.15002, 1073.15002, 1073.23816, 1073.57153, 1074.13062, 1074.68774, 1075.03101, 1075.11035, 1075.07715, 1075.04126, 1074.98767, 1074.52002, 1073.51221, 1073.45251, 1073.4469, 1073.44592, 1073.45044, 1073.45618, 1073.46265, 1073.46924, 1073.47559, 1073.48132, 1073.48657, 1073.49182, 1073.49841, 1073.50745, 1073.52539, 1073.53577, 1073.54224, 1073.547, 1073.55066, 1073.55371, 1073.55615, 1073.55701, 1073.55432, 1073.5509, 1073.30237, 1073.177, 1073.26855, 1073.26965, 1073.24036, 1073.13196, 1072.7605, 1072.74121, 1072.73511, 1073.14282, 1073.15002, 1073.15002, 1073.15002, 1073.15002, 1073.15002, 1073.15002, 1073.15002, 1073.15002, 1073.15002, 1073.15002, 1073.15002, 1073.15002, 1073.15002, 1073.15002, 1073.15002, 1073.15002, 1073.15002, 1073.15002, 1073.15002, 1073.15002, 1073.15002, 1073.15002, 1073.15002, 1073.15002, 1073.15002, 1073.15002, 1073.20923, 1073.45398, 1073.93164, 1074.50952, 1074.95984, 1075.14587, 1075.16016, 1075.12683, 1075.0708, 1074.83508, 1073.67358, 1073.48657, 1073.46423, 1073.44983, 1073.45276, 1073.46021, 1073.46899, 1073.47852, 1073.48804, 1073.49646, 1073.50305, 1073.50757, 1073.51282, 1073.52002, 1073.53479, 1073.54236, 1073.54749, 1073.55127, 1073.5542, 1073.55664, 1073.55859, 1073.5592, 1073.55627, 1073.547, 1073.36414, 1073.29944, 1073.32336, 1073.34363, 1073.18652, 1073.00952, 1072.72205, 1072.71448, 1073.09509, 1073.12122, 1073.15002, 1073.15002, 1073.15002, 1073.15002, 1073.15002, 1073.15002, 1073.15002, 1073.15002, 1073.15002, 1073.15002, 1073.15002, 1073.15002, 1073.15002, 1073.15002, 1073.15002, 1073.15002, 1073.15002, 1073.15002, 1073.15002, 1073.15002, 1073.15002, 1073.15002, 1073.15002, 1073.15002, 1073.15002, 1073.15002, 1073.17249, 1073.28296, 1073.56262, 1074.05054, 1074.64417, 1075.10803, 1075.32373, 1075.33838, 1075.21521, 1075.03442, 1074.55603, 1073.6449, 1073.56726, 1073.47388, 1073.44922, 1073.45618, 1073.46472, 1073.47437, 1073.48499, 1073.49561, 1073.50525, 1073.51306, 1073.52051, 1073.52881, 1073.53955, 1073.54822, 1073.55127, 1073.55457, 1073.55713, 1073.55908, 1073.56042, 1073.55847, 1073.55481, 1073.55347, 1073.42285, 1073.34241, 1073.36853, 1073.36182, 1073.29944, 1073.2915, 1073.23779, 1073.05676, 1072.90417, 1072.948, 1073.04004, 1073.05359, 1073.14697, 1073.14954, 1073.15002, 1073.15002, 1073.15002, 1073.14978, 1073.1488, 1073.14929, 1073.14893, 1073.14954, 1073.14966, 1073.1499, 1073.14832, 1073.14197, 1073.13806, 1073.14075, 1073.14709, 1073.1499, 1073.15002, 1073.1499, 1073.14856, 1073.14783, 1073.14966, 1073.15002, 1073.15259, 1073.16736, 1073.21814, 1073.36243, 1073.72327, 1074.45264, 1075.5188, 1076.38257, 1076.29126, 1075.3584, 1074.52954, 1074.6405, 1074.74072, 1074.04382, 1073.44275, 1073.44202, 1073.44714, 1073.45154, 1073.45618, 1073.4624, 1073.47095, 1073.48145, 1073.49121, 1073.49915, 1073.5022, 1073.53491, 1073.55627, 1073.55835, 1073.5603, 1073.56177, 1073.5625, 1073.56104, 1073.55542, 1073.45398, 1073.37158, 1073.349, 1073.37354, 1073.18921, 1073.20789, 1072.98438, 1072.89124, 1072.87097, 1072.87012, 1072.86951, 1072.8689, 1072.86707, 1072.86841, 1072.87195, 1072.88306, 1072.91052, 1072.9425, 1072.97668, 1072.98865, 1072.99231, 1072.98901, 1072.97144, 1072.95483, 1072.95398, 1072.96265, 1072.96899, 1072.97473, 1072.98145, 1072.99341, 1073.02112, 1073.04492, 1073.0542, 1073.05786, 1073.05664, 1073.05432, 1073.05457] (
            interpolation = "uniform"
        )
        float[] primvars:O2_Gas_mass_fractions_1 = [0.239999995, 0.239999995, 0.23999998, 0.239998743, 0.239928737, 0.231775835, 0.000272861886, 8.47646879e-06, 5.8783894e-07, 9.70217471e-08, 9.91913751e-08, 9.89463587e-08, 9.95001272e-08, 9.98502756e-08, 9.97088421e-08, 9.92309666e-08, 9.83758639e-08, 9.7570755e-08, 9.69305844e-08, 9.63054134e-08, 9.55266657e-08, 9.44356415e-08, 9.29473245e-08, 9.11259761e-08, 8.91337066e-08, 8.72541719e-08, 8.58914078e-08, 8.55010569e-08, 8.64392433e-08, 8.87538576e-08, 9.18181655e-08, 9.42846938e-08, 9.49675965e-08, 4.20421813e-08, 6.31623909e-09, 6.3040253e-09, 6.30503383e-09, 6.30573149e-09, 6.30625641e-09, 6.30667207e-09, 6.30701491e-09, 6.30730801e-09, 6.30756736e-09, 6.30780406e-09, 6.30802521e-09, 6.30823527e-09, 6.30843644e-09, 6.30862962e-09, 6.30881436e-09, 6.30898978e-09, 6.30915542e-09, 6.30930908e-09, 6.3094503e-09, 6.30957731e-09, 6.30968922e-09, 6.30978514e-09, 6.30986463e-09, 6.30992814e-09, 6.30997699e-09, 6.31001296e-09, 6.31003738e-09, 6.31005381e-09, 6.31006358e-09, 6.31006936e-09, 6.31007246e-09, 6.31007424e-09, 6.31007513e-09, 6.31007557e-09, 6.31007557e-09, 6.31007557e-09, 0.239999995, 0.239999995, 0.239999995, 0.239999339, 0.239967212, 0.237315923, 0.127112895, 0.0618978478, 0.0424648039, 0.00549296755, 0.000277427927, 3.46092497e-06, 1.19216907e-07, 9.49658983e-08, 9.69837615e-08, 9.40688096e-08, 9.25306196e-08, 9.27573041e-08, 9.30449957e-08, 9.26687918e-08, 9.16270579e-08, 9.05989523e-08, 8.98083243e-08, 8.89993359e-08, 8.82173481e-08, 8.76673028e-08, 8.77081447e-08, 8.87042475e-08, 9.06469495e-08, 9.27854202e-08, 9.42273459e-08, 9.47386241e-08, 9.35872109e-08, 3.08822123e-08, 6.78218504e-09, 7.53154428e-09, 8.47676684e-09, 9.44036138e-09, 1.03166222e-08, 1.10484351e-08, 1.16154011e-08, 1.20241426e-08, 1.22990773e-08, 1.24726993e-08, 1.25768906e-08, 1.26375079e-08, 1.26727739e-08, 1.26942235e-08, 1.27085586e-08, 1.27194104e-08, 1.27286288e-08, 1.27371074e-08, 1.27452653e-08, 1.27533033e-08, 1.2761336e-08, 1.27694486e-08, 1.27777096e-08, 1.27861695e-08, 1.27948407e-08, 1.28036852e-08, 1.28125972e-08, 1.28214053e-08, 1.28298883e-08, 1.28377966e-08, 1.28448816e-08, 1.2850923e-08, 1.2855752e-08, 1.28592701e-08, 1.28614701e-08, 1.2862456e-08, 0.239999995, 0.239999995, 0.239999995, 0.239999712, 0.23998788, 0.239271209, 0.214263827, 0.184159964, 0.162058681, 0.146393746, 0.00513635203, 3.30131043e-05, 5.12567453e-07, 4.38471304e-08, 9.94610545e-08, 9.50426298e-08, 9.42774676e-08, 9.51036796e-08, 9.57702824e-08, 9.59965902e-08, 9.57940784e-08, 9.4948696e-08, 9.3799855e-08, 9.27204411e-08, 9.1787868e-08, 9.13872569e-08, 9.1721077e-08, 9.25088415e-08, 9.34017876e-08, 9.40373539e-08, 9.39675857e-08, 8.81761579e-08, 6.36640394e-08, 2.43608653e-08, 6.96901514e-09, 8.00808841e-09, 9.32245214e-09, 1.06314051e-08, 1.17435182e-08, 1.25661606e-08, 1.30975204e-08, 1.33961464e-08, 1.35423681e-08, 1.36064457e-08, 1.36334295e-08, 1.36459732e-08, 1.36536187e-08, 1.36598048e-08, 1.36654794e-08, 1.36706877e-08, 1.36752325e-08, 1.36789353e-08, 1.36817206e-08, 1.36836373e-08, 1.36848399e-08, 1.36855487e-08, 1.36860079e-08, 1.36864422e-08, 1.36870231e-08, 1.36878446e-08, 1.36889167e-08, 1.36901717e-08, 1.36914924e-08, 1.36927376e-08, 1.36937777e-08, 1.36945131e-08, 1.36948977e-08, 1.36949474e-08, 1.36947449e-08, 1.36944545e-08, 0.239999995, 0.239999995, 0.239999995, 0.23999989, 0.239996463, 0.239854604, 0.236092627, 0.229898334, 0.224339157, 0.211999804, 0.00172683562, 1.30108483e-05, 2.22538944e-07, 8.28342976e-08, 9.98136329e-08, 9.75072894e-08, 9.60459303e-08, 9.55811572e-08, 9.56243511e-08, 9.57634043e-08, 9.58410027e-08, 9.58269482e-08, 9.55670671e-08, 9.50137533e-08, 9.43292306e-08, 9.3767774e-08, 9.35304669e-08, 9.35575102e-08, 9.33823969e-08, 9.14869602e-08, 8.44269081e-08, 6.72533247e-08, 4.20472865e-08, 2.12815898e-08, 7.04733916e-09, 7.94276644e-09, 9.31947941e-09, 1.08032188e-08, 1.20258035e-08, 1.2778151e-08, 1.30290294e-08, 1.30046631e-08, 1.29275017e-08, 1.28751987e-08, 1.28434428e-08, 1.28206041e-08, 1.28015722e-08, 1.27847697e-08, 1.27697799e-08, 1.27565025e-08, 1.27449171e-08, 1.27350051e-08, 1.27266819e-08, 1.27197399e-08, 1.27138167e-08, 1.27084094e-08, 1.27029507e-08, 1.26969182e-08, 1.26899655e-08, 1.26820305e-08, 1.2673369e-08, 1.26644775e-08, 1.26559332e-08, 1.26482345e-08, 1.2641709e-08, 1.26364945e-08, 1.26325608e-08, 1.26297932e-08, 1.26280923e-08, 1.26273791e-08, 0.239999995, 0.239999995, 0.239999995, 0.239999965, 0.239999175, 0.239977673, 0.239600137, 0.238909036, 0.236639649, 0.117919266, 0.000326843612, 4.13868202e-06, 6.98305413e-08, 9.21384071e-08, 9.17916481e-08, 9.30389064e-08, 9.40703728e-08, 9.4697846e-08, 9.50155936e-08, 9.51910835e-08, 9.52912771e-08, 9.53506571e-08, 9.53899573e-08, 9.52316412e-08, 9.47216776e-08, 9.4041539e-08, 9.34918063e-08, 9.27785564e-08, 9.0779892e-08, 8.47878994e-08, 7.19749664e-08, 5.29311208e-08, 3.32023404e-08, 1.74792447e-08, 7.8423783e-09, 7.88817989e-09, 8.87732376e-09, 1.00829514e-08, 1.11615632e-08, 1.1938778e-08, 1.23897985e-08, 1.26910349e-08, 1.28500961e-08, 1.28570434e-08, 1.2816356e-08, 1.277043e-08, 1.27202231e-08, 1.26661934e-08, 1.26120279e-08, 1.2562329e-08, 1.25201858e-08, 1.24874404e-08, 1.24641746e-08, 1.24496875e-08, 1.24421833e-08, 1.2439731e-08, 1.24404238e-08, 1.24425483e-08, 1.24446053e-08, 1.24451311e-08, 1.24418316e-08, 1.24361774e-08, 1.24320163e-08, 1.24290933e-08, 1.24264847e-08, 1.24233441e-08, 1.24188393e-08, 1.24123982e-08, 1.24046142e-08, 1.23990134e-08, 0.239999995, 0.239999995, 0.239999995, 0.239999995, 0.239999846, 0.239997178, 0.239968374, 0.239769816, 0.212197199, 0.00337286596, 1.16626761e-05, 1.58310399e-07, 9.1712522e-08, 9.31341901e-08, 9.17828444e-08, 9.17297029e-08, 9.25154069e-08, 9.34910815e-08, 9.42784411e-08, 9.47599545e-08, 9.50278434e-08, 9.52148795e-08, 9.52801784e-08, 9.51730783e-08, 9.4700269e-08, 9.37964089e-08, 9.2888456e-08, 9.15217697e-08, 8.81729747e-08, 8.09248633e-08, 7.00288467e-08, 5.93327947e-08, 5.29083906e-08, 3.54583491e-08, 1.1930668e-08, 9.04893138e-09, 8.90757423e-09, 9.46068646e-09, 1.01286792e-08, 1.06951346e-08, 1.11066933e-08, 1.14141399e-08, 1.16516414e-08, 1.18408261e-08, 1.19994654e-08, 1.21307169e-08, 1.22297292e-08, 1.22938069e-08, 1.23261517e-08, 1.23340866e-08, 1.2325958e-08, 1.23092185e-08, 1.22897692e-08, 1.22719781e-08, 1.22587869e-08, 1.22517418e-08, 1.22509798e-08, 1.22553487e-08, 1.22627535e-08, 1.22706503e-08, 1.22764492e-08, 1.22781145e-08, 1.22747545e-08, 1.22667876e-08, 1.22559491e-08, 1.22448576e-08, 1.22363071e-08, 1.22329631e-08, 1.22366011e-08, 1.22477619e-08, 0.239999995, 0.239999995, 0.239999995, 0.239999995, 0.23999998, 0.239999682, 0.23999624, 0.239619061, 0.180973262, 0.00168875686, 7.38195376e-06, 1.2464875e-07, 7.64073604e-08, 9.04130957e-08, 9.19722325e-08, 9.33436795e-08, 9.44948013e-08, 9.53152082e-08, 9.56610933e-08, 9.55966186e-08, 9.54336343e-08, 9.52815782e-08, 9.52156753e-08, 9.51149488e-08, 9.47152046e-08, 9.39267366e-08, 9.28157604e-08, 9.14176752e-08, 8.8182972e-08, 8.17342496e-08, 7.37119521e-08, 6.87085162e-08, 8.35313827e-08, 8.10695511e-08, 2.35640041e-08, 1.39333229e-08, 1.12322613e-08, 1.045085e-08, 1.03201758e-08, 1.04022826e-08, 1.05351656e-08, 1.06702478e-08, 1.07964873e-08, 1.09147305e-08, 1.10287814e-08, 1.11412426e-08, 1.12523759e-08, 1.13603269e-08, 1.14619327e-08, 1.1553742e-08, 1.16329453e-08, 1.16979688e-08, 1.17486865e-08, 1.17863195e-08, 1.18131052e-08, 1.1831883e-08, 1.18456613e-08, 1.18572316e-08, 1.18688588e-08, 1.18820855e-08, 1.18977068e-08, 1.19159749e-08, 1.19370513e-08, 1.1961534e-08, 1.19907897e-08, 1.20268489e-08, 1.2070978e-08, 1.21189823e-08, 1.21655077e-08, 1.22065327e-08, 0.239999995, 0.239999995, 0.239999995, 0.239999995, 0.239999995, 0.239999965, 0.239999056, 0.239814535, 0.208658859, 0.00502135465, 1.88980866e-05, 1.97452096e-07, 9.96081368e-08, 8.87470861e-08, 9.69098579e-08, 9.7488936e-08, 9.73057226e-08, 9.69231806e-08, 9.63106928e-08, 9.54909538e-08, 9.49208996e-08, 9.48670191e-08, 9.50043173e-08, 9.50350199e-08, 9.4778116e-08, 9.41806491e-08, 9.34017947e-08, 9.23468804e-08, 9.02722874e-08, 8.60651568e-08, 8.09789071e-08, 7.91119419e-08, 8.35747187e-08, 8.70822987e-08, 2.98797396e-08, 2.03094981e-08, 1.62696914e-08, 1.43181254e-08, 1.33234428e-08, 1.28038051e-08, 1.25319488e-08, 1.23954766e-08, 1.23361339e-08, 1.2321995e-08, 1.23344348e-08, 1.23619532e-08, 1.23972601e-08, 1.24357893e-08, 1.24748221e-08, 1.25128778e-08, 1.25492727e-08, 1.25837873e-08, 1.26164448e-08, 1.2647396e-08, 1.2676864e-08, 1.2705148e-08, 1.2732678e-08, 1.27600845e-08, 1.27882975e-08, 1.28186404e-08, 1.28529134e-08, 1.28934508e-08, 1.29431568e-08, 1.30054918e-08, 1.30844127e-08, 1.31842572e-08, 1.33106504e-08, 1.34688687e-08, 1.36533709e-08, 1.38576439e-08, 0.239999995, 0.239999995, 0.239999995, 0.239999995, 0.239999995, 0.239999995, 0.23999992, 0.239992186, 0.239315182, 0.185670033, 0.00203031674, 1.76094873e-05, 9.85080715e-06, 3.16301367e-07, 8.23269204e-08, 9.96784451e-08, 9.88465061e-08, 9.74078915e-08, 9.62867972e-08, 9.53621964e-08, 9.47992689e-08, 9.46368743e-08, 9.47302823e-08, 9.48570573e-08, 9.48569507e-08, 9.4384319e-08, 9.39296001e-08, 9.33676034e-08, 9.24809243e-08, 9.09781335e-08, 8.94073153e-08, 8.90200056e-08, 8.97778136e-08, 9.05753907e-08, 7.54578195e-08, 5.48749668e-08, 4.29265441e-08, 3.61623265e-08, 3.21472982e-08, 2.96673228e-08, 2.80896018e-08, 2.70588743e-08, 2.63619793e-08, 2.58655088e-08, 2.54829366e-08, 2.51572931e-08, 2.48519054e-08, 2.4544887e-08, 2.42252991e-08, 2.38901183e-08, 2.35416806e-08, 2.31855779e-08, 2.28289707e-08, 2.24793748e-08, 2.21438654e-08, 2.18286615e-08, 2.1539007e-08, 2.1279245e-08, 2.10530029e-08, 2.08634336e-08, 2.07134168e-08, 2.06056825e-08, 2.05427195e-08, 2.05265405e-08, 2.0558236e-08, 2.06375237e-08, 2.07620996e-08, 2.09343476e-08, 2.11628493e-08, 2.14444942e-08, 0.239999995, 0.239999995, 0.239999995, 0.239999995, 0.239999995, 0.239999995, 0.239999995, 0.23999913, 0.239973173, 0.236880854, 0.235551938, 0.233108744, 0.157963902, 0.000575317012, 4.85147393e-06, 9.78226353e-08, 7.25912415e-08, 8.9890122e-08, 9.03810857e-08, 9.16501151e-08, 9.28559771e-08, 9.35650988e-08, 9.39009865e-08, 9.40927976e-08, 9.41697138e-08, 9.43501632e-08, 9.41486391e-08, 9.39653333e-08, 9.37774658e-08, 9.35640188e-08, 9.34253563e-08, 9.3463207e-08, 9.36326785e-08, 9.38369595e-08, 9.36170892e-08, 9.11176485e-08, 8.67587673e-08, 8.22111801e-08, 7.83842822e-08, 7.54695151e-08, 7.33547054e-08, 7.18510336e-08, 7.07745826e-08, 6.99819793e-08, 6.93719144e-08, 6.88634714e-08, 6.83959414e-08, 6.79259244e-08, 6.74245442e-08, 6.68748612e-08, 6.62696493e-08, 6.56092567e-08, 6.48997016e-08, 6.41509743e-08, 6.33755732e-08, 6.25873824e-08, 6.18007547e-08, 6.10299864e-08, 6.02888619e-08, 5.95904588e-08, 5.89468208e-08, 5.83685988e-08, 5.78644581e-08, 5.74403458e-08, 5.70988519e-08, 5.68389922e-08, 5.66566314e-08, 5.65416265e-08, 5.64831097e-08, 5.64810385e-08] (
            interpolation = "uniform"
        )
        float[] primvars:N2_Gas_mass_fractions_2 = [0.75999999, 0.75999999, 0.759999931, 0.759997249, 0.759886622, 0.75313735, 0.295746535, 0.274353296, 0.266782194, 0.263110131, 0.263965398, 0.26315102, 0.262663692, 0.26324895, 0.267427444, 0.281845063, 0.304987371, 0.323345006, 0.329426944, 0.32565248, 0.318012804, 0.310406387, 0.303443998, 0.296965748, 0.290905505, 0.285266757, 0.280129611, 0.275716484, 0.272675574, 0.272827476, 0.278889596, 0.290443003, 0.302751392, 0.685234129, 0.948500097, 0.948589265, 0.94858098, 0.948575258, 0.948570967, 0.948567569, 0.948564768, 0.948562324, 0.948560238, 0.948558271, 0.948556483, 0.948554754, 0.948553085, 0.948551536, 0.948549986, 0.948548555, 0.948547244, 0.948545933, 0.9485448, 0.948543787, 0.948542833, 0.948542058, 0.948541403, 0.948540866, 0.948540509, 0.948540211, 0.948539972, 0.948539853, 0.948539793, 0.948539734, 0.948539734, 0.948539674, 0.948539674, 0.948539674, 0.948539674, 0.948539674, 0.75999999, 0.75999999, 0.75999999, 0.7599985, 0.759941459, 0.756985664, 0.563221395, 0.470533401, 0.412773907, 0.363467872, 0.351904064, 0.357715875, 0.377563596, 0.41268909, 0.457663298, 0.488993734, 0.500410378, 0.489555687, 0.456041902, 0.407038003, 0.354555637, 0.317579985, 0.30171591, 0.294983983, 0.291247338, 0.288543433, 0.287182063, 0.289173335, 0.296974421, 0.308187753, 0.311883032, 0.309324235, 0.30643037, 0.764890075, 0.944683373, 0.938533366, 0.930790067, 0.922896266, 0.9157179, 0.909722924, 0.905078351, 0.901729941, 0.89947772, 0.898055434, 0.897201896, 0.896705389, 0.896416545, 0.89624083, 0.896123469, 0.896034598, 0.895959079, 0.895889699, 0.895822883, 0.895757079, 0.895691276, 0.895624876, 0.895557225, 0.895487964, 0.895416915, 0.895344496, 0.89527154, 0.895199418, 0.895129919, 0.895065188, 0.895007133, 0.894957662, 0.894918144, 0.894889355, 0.894871294, 0.894863248, 0.75999999, 0.75999999, 0.75999999, 0.759999335, 0.759976447, 0.759032905, 0.714500725, 0.665379047, 0.626359046, 0.600219607, 0.563126981, 0.567394376, 0.580966234, 0.594917953, 0.603442252, 0.610094428, 0.61403352, 0.610977173, 0.596361995, 0.571976483, 0.535981834, 0.48516807, 0.444784611, 0.414004713, 0.385722071, 0.364340603, 0.352423757, 0.343580037, 0.334807187, 0.328680634, 0.318281293, 0.346539229, 0.518080235, 0.811860442, 0.94315356, 0.934631228, 0.923868418, 0.913154781, 0.904058158, 0.897334874, 0.892996073, 0.890559316, 0.889365971, 0.888841689, 0.888619363, 0.888514638, 0.888450086, 0.888397813, 0.88835007, 0.888306618, 0.888268888, 0.88823843, 0.88821578, 0.888200581, 0.888191462, 0.888186634, 0.888183951, 0.888181627, 0.88817817, 0.888172746, 0.888165176, 0.888156056, 0.888146281, 0.888136983, 0.888129294, 0.888123989, 0.888121426, 0.888121605, 0.888123631, 0.888126314, 0.75999999, 0.75999999, 0.75999999, 0.759999752, 0.759992659, 0.759777129, 0.753050208, 0.742489874, 0.73289299, 0.724767089, 0.670321524, 0.670306742, 0.670968354, 0.672060192, 0.674153626, 0.676862717, 0.679712057, 0.681875587, 0.682514727, 0.68136555, 0.677690923, 0.665848136, 0.635865748, 0.587751865, 0.521691978, 0.446740955, 0.388257444, 0.359961033, 0.342907041, 0.339321762, 0.374345928, 0.492933303, 0.677793562, 0.833769679, 0.942556739, 0.935168207, 0.923893392, 0.911755621, 0.901788533, 0.895726264, 0.893805563, 0.894125819, 0.894833982, 0.895302832, 0.895586014, 0.895789146, 0.895957828, 0.896106243, 0.896238208, 0.896354735, 0.896456122, 0.896542609, 0.896614969, 0.896675169, 0.89672637, 0.8967731, 0.896820426, 0.896872938, 0.896933675, 0.897003174, 0.89707917, 0.897157192, 0.897232234, 0.897299826, 0.897357106, 0.897402942, 0.897437513, 0.897461891, 0.897476912, 0.897483349, 0.75999999, 0.75999999, 0.75999999, 0.759999931, 0.759998202, 0.759961069, 0.759277582, 0.758060873, 0.756523311, 0.72498703, 0.693986356, 0.693674624, 0.693812549, 0.694237292, 0.694775164, 0.695281744, 0.695676506, 0.695928693, 0.695891261, 0.695228875, 0.694315016, 0.692802072, 0.679035425, 0.64730233, 0.564488232, 0.456616342, 0.39047724, 0.358084828, 0.348823398, 0.375248283, 0.460985065, 0.60078603, 0.746920586, 0.862017155, 0.936400831, 0.935690403, 0.92753309, 0.91765517, 0.908846617, 0.902538657, 0.898921669, 0.896550655, 0.89536196, 0.895396173, 0.89578402, 0.896194994, 0.896634638, 0.897104979, 0.897578597, 0.898019612, 0.898403168, 0.898712695, 0.89894563, 0.899104774, 0.899203062, 0.899254918, 0.899275303, 0.899277985, 0.899275243, 0.899279833, 0.89931041, 0.899358511, 0.899390996, 0.899409711, 0.899422526, 0.899437189, 0.899462163, 0.899504364, 0.899561524, 0.899610698, 0.75999999, 0.75999999, 0.75999999, 0.75999999, 0.759999633, 0.759994507, 0.759941697, 0.759814084, 0.752530277, 0.69787693, 0.696954846, 0.696947873, 0.696969748, 0.696999252, 0.697027624, 0.697051823, 0.69706893, 0.69702673, 0.696457148, 0.694169223, 0.690779328, 0.688669384, 0.684727728, 0.664414704, 0.586892009, 0.45810315, 0.380835891, 0.35145843, 0.355917096, 0.401083171, 0.483901471, 0.57124269, 0.62745136, 0.750419259, 0.9089939, 0.928083777, 0.928066313, 0.923138797, 0.917518079, 0.912828863, 0.909452736, 0.906950712, 0.905032933, 0.90351516, 0.902250111, 0.901212931, 0.900442719, 0.899959505, 0.899734795, 0.89970696, 0.899806499, 0.899971247, 0.900152028, 0.900312603, 0.900429189, 0.90049082, 0.900498688, 0.900464952, 0.900408864, 0.900352418, 0.900317073, 0.900320053, 0.9003703, 0.900467992, 0.900602639, 0.900754988, 0.900901735, 0.901016057, 0.901077747, 0.901082575, 0.75999999, 0.75999999, 0.75999999, 0.75999999, 0.759999931, 0.759999335, 0.759995282, 0.75989145, 0.744551659, 0.697669625, 0.697225928, 0.697221577, 0.697219551, 0.697217166, 0.697214842, 0.697213173, 0.697207749, 0.697096467, 0.695823312, 0.690119207, 0.680727899, 0.675874293, 0.67701751, 0.667737603, 0.608218312, 0.501410842, 0.390701562, 0.343442619, 0.350560784, 0.397119999, 0.464217395, 0.513780594, 0.429008186, 0.45424509, 0.832839608, 0.896153986, 0.913383245, 0.917770982, 0.917878389, 0.916699946, 0.915328622, 0.91405648, 0.912922561, 0.911893308, 0.910923123, 0.909982562, 0.909064829, 0.908182442, 0.907359838, 0.906624496, 0.905999124, 0.905496538, 0.905118048, 0.904854298, 0.904687703, 0.904595852, 0.904554725, 0.904541671, 0.904537737, 0.90452981, 0.904511034, 0.904479742, 0.904435933, 0.904376388, 0.904290557, 0.904159963, 0.903966963, 0.903728068, 0.903476, 0.903236985, 0.75999999, 0.75999999, 0.75999999, 0.75999999, 0.75999999, 0.759999931, 0.759999454, 0.759950817, 0.751804173, 0.698558927, 0.69724977, 0.697243571, 0.697242081, 0.697240412, 0.697238505, 0.697236478, 0.697229266, 0.697091699, 0.695242167, 0.684853137, 0.661034763, 0.648931146, 0.658253551, 0.661858857, 0.623239696, 0.544748664, 0.45873192, 0.382987022, 0.356111169, 0.375397325, 0.415645599, 0.437745482, 0.416494668, 0.412949473, 0.791841805, 0.854682922, 0.880925238, 0.89334482, 0.899471998, 0.902525663, 0.904015422, 0.904673815, 0.904869616, 0.90479815, 0.904569507, 0.904249907, 0.903881431, 0.903491139, 0.903096557, 0.902709186, 0.902336597, 0.901983798, 0.901654363, 0.901350439, 0.901073098, 0.900821984, 0.900595248, 0.900388837, 0.900196493, 0.900008917, 0.899813771, 0.899595201, 0.899333775, 0.899006486, 0.89858675, 0.898044646, 0.897341132, 0.896441877, 0.895379722, 0.894193769, 0.75999999, 0.75999999, 0.75999999, 0.75999999, 0.75999999, 0.75999999, 0.759999931, 0.759997904, 0.759820879, 0.745794296, 0.697778046, 0.697250962, 0.697248042, 0.697244525, 0.697243392, 0.697242141, 0.697238743, 0.697182477, 0.696298182, 0.690304935, 0.672922134, 0.647136331, 0.638384998, 0.640340865, 0.627182305, 0.574783385, 0.517095506, 0.459544152, 0.42067942, 0.406394929, 0.407272905, 0.408984423, 0.407664955, 0.406873405, 0.505694449, 0.637340426, 0.713511407, 0.756539524, 0.78203094, 0.797756851, 0.807760358, 0.814302683, 0.818733275, 0.821891248, 0.824317515, 0.826365829, 0.828263164, 0.830144644, 0.832078576, 0.834085166, 0.836152613, 0.838249803, 0.840336382, 0.842370331, 0.844312191, 0.84612757, 0.847787857, 0.84926945, 0.850552797, 0.851620555, 0.852456689, 0.853045523, 0.853372335, 0.853424847, 0.853196383, 0.852689028, 0.851919293, 0.850880921, 0.849528193, 0.847875834, 0.75999999, 0.75999999, 0.75999999, 0.75999999, 0.75999999, 0.75999999, 0.75999999, 0.759999752, 0.759992957, 0.75918442, 0.758836985, 0.758198142, 0.738550127, 0.697397411, 0.697247446, 0.6972453, 0.697244406, 0.697243273, 0.69723922, 0.69721669, 0.697073996, 0.694195807, 0.68776679, 0.681184053, 0.677712917, 0.663300991, 0.532328367, 0.50183022, 0.483386576, 0.473214686, 0.468460232, 0.466691375, 0.466519654, 0.466819853, 0.467928678, 0.479803085, 0.501841486, 0.525551021, 0.545899808, 0.561654031, 0.573280752, 0.581717432, 0.587907493, 0.592594564, 0.596306503, 0.599464178, 0.602382481, 0.605284929, 0.608319044, 0.611570001, 0.615072966, 0.618824303, 0.622791588, 0.626922667, 0.631152868, 0.635411024, 0.639624059, 0.643719494, 0.647627771, 0.651283145, 0.654625118, 0.657600403, 0.660165727, 0.662291765, 0.663966417, 0.665195763, 0.666002095, 0.666438639, 0.666562259, 0.66637361] (
            interpolation = "uniform"
        )
        float[] primvars:H2O_Gas_mass_fractions_3 = [2.74596887e-13, 3.46466744e-11, 3.21321192e-09, 2.01387252e-07, 8.21849335e-06, 0.000425154489, 0.0362391323, 0.0382334478, 0.0389171541, 0.039228823, 0.0392851457, 0.0394101627, 0.0395046584, 0.0394975804, 0.0391558222, 0.0378702879, 0.0357766859, 0.0341089144, 0.0335566327, 0.0339048952, 0.0346087441, 0.0353090689, 0.035946697, 0.0365353748, 0.0370799862, 0.0375789441, 0.0380241685, 0.0383962579, 0.0386400782, 0.0385981202, 0.0380344801, 0.0369921811, 0.0359191485, 0.0162140671, 0.00267646392, 0.002671886, 0.00267231325, 0.00267260801, 0.0026728299, 0.00267300545, 0.00267315027, 0.00267327414, 0.0026733838, 0.00267348392, 0.00267357728, 0.00267366599, 0.00267375098, 0.00267383247, 0.00267391047, 0.00267398474, 0.00267405459, 0.00267411978, 0.00267417938, 0.00267423294, 0.0026742802, 0.00267432071, 0.00267435424, 0.00267438125, 0.00267440197, 0.00267441687, 0.00267442735, 0.00267443433, 0.00267443852, 0.00267444085, 0.00267444225, 0.00267444295, 0.00267444318, 0.00267444341, 0.00267444341, 0.00267444341, 1.67142748e-13, 2.0117694e-11, 1.79222948e-09, 1.08702707e-07, 4.33079958e-06, 0.000208720216, 0.0152007733, 0.0221108105, 0.0269342754, 0.0305398423, 0.0314698108, 0.030938983, 0.0291348025, 0.0259322412, 0.0218234882, 0.0189532302, 0.0178965982, 0.0188701544, 0.0219093375, 0.0263642352, 0.031146653, 0.0345327109, 0.0359975584, 0.0366217718, 0.036963921, 0.0372036211, 0.0373129584, 0.0371116847, 0.0363836586, 0.0353586227, 0.0350373052, 0.0352955125, 0.0356508754, 0.0121464347, 0.00287337718, 0.00319066388, 0.00359013211, 0.00399735849, 0.00436767098, 0.00467693387, 0.00491652638, 0.005089249, 0.00520542217, 0.00527877826, 0.00532279257, 0.0053483923, 0.00536327856, 0.00537232682, 0.00537836971, 0.0053829411, 0.00538682332, 0.00539039401, 0.0053938292, 0.00539721455, 0.00540059851, 0.005404016, 0.00540749682, 0.00541106192, 0.0054147169, 0.00541844452, 0.00542220054, 0.00542591373, 0.00542948907, 0.00543282228, 0.0054358081, 0.0054383534, 0.00544038741, 0.00544186868, 0.00544279488, 0.00544320885, 9.04942557e-14, 1.01918396e-11, 8.5259011e-10, 4.84203575e-08, 1.75191099e-06, 6.99829616e-05, 0.00353260501, 0.0073032598, 0.0103491452, 0.0123731242, 0.012383447, 0.0118650291, 0.0106164822, 0.00933188945, 0.00854155514, 0.0079228403, 0.00755287986, 0.00782107376, 0.0091413334, 0.0113508282, 0.014617336, 0.0192377865, 0.0229175929, 0.0257251747, 0.0283032227, 0.0302470233, 0.0313250087, 0.0321262516, 0.0329306461, 0.033506304, 0.0345114842, 0.0335524343, 0.0249700993, 0.00975021441, 0.00295224367, 0.00339153456, 0.00394558813, 0.0044958028, 0.00496127224, 0.00530357938, 0.00552308606, 0.00564546604, 0.00570496637, 0.00573097495, 0.00574201578, 0.00574726006, 0.00575052202, 0.00575316418, 0.0057555614, 0.00575773185, 0.00575959915, 0.00576109439, 0.00576219056, 0.00576290954, 0.00576331606, 0.00576350233, 0.00576357078, 0.00576361781, 0.00576371746, 0.00576391257, 0.00576421292, 0.0057645943, 0.00576501293, 0.00576541293, 0.00576574169, 0.00576595915, 0.0057660467, 0.00576600991, 0.00576588511, 0.00576574169, 4.22507793e-14, 4.40569022e-12, 3.39990119e-10, 1.75590511e-08, 5.48247158e-07, 1.6599537e-05, 0.000541156624, 0.00136009476, 0.00210833643, 0.00256056432, 0.00250814809, 0.00246312493, 0.00239609065, 0.00229024631, 0.0020938653, 0.00184255419, 0.00157973007, 0.00138011191, 0.00131902925, 0.00141971128, 0.00174916198, 0.00281960936, 0.00553973438, 0.00990941282, 0.0159093458, 0.0227232985, 0.0280514639, 0.0306530688, 0.032312654, 0.0331857353, 0.0320321023, 0.0262650494, 0.0167862177, 0.00864143576, 0.00298337569, 0.00336386729, 0.00394422421, 0.00456709787, 0.00507547101, 0.00538096484, 0.00547396019, 0.00545384083, 0.00541569246, 0.00539083732, 0.00537585467, 0.0053651249, 0.00535622425, 0.00534840347, 0.00534146093, 0.00533533748, 0.0053300173, 0.00532548642, 0.00532170013, 0.00531855738, 0.00531588728, 0.00531345326, 0.00531099038, 0.00530825695, 0.00530509278, 0.0053014704, 0.00529750902, 0.00529343868, 0.00528952666, 0.00528600067, 0.00528301252, 0.00528062461, 0.00527882203, 0.00527755218, 0.00527676847, 0.00527643645, 1.64736016e-14, 1.58484543e-12, 1.11703924e-10, 5.15376319e-09, 1.34816759e-07, 2.95326004e-06, 5.64032707e-05, 0.000151392305, 0.000238141933, 0.000283229572, 0.000305058027, 0.000324210123, 0.000309965922, 0.000269966957, 0.000220093032, 0.000173508655, 0.00013741439, 0.000114360271, 0.000116894771, 0.000174045403, 0.000253201637, 0.000387247244, 0.00162713078, 0.00449732179, 0.0120098423, 0.0218261797, 0.0278923251, 0.0310111102, 0.0324454643, 0.031823989, 0.0278490689, 0.0207547788, 0.0131850597, 0.00719203986, 0.00330563681, 0.00333804684, 0.0037571576, 0.00426421547, 0.00471456628, 0.00503493892, 0.00521689234, 0.00533467066, 0.00539176492, 0.00538742775, 0.0053662518, 0.00534454966, 0.00532166753, 0.00529735303, 0.00527291512, 0.00525012147, 0.00523019722, 0.00521397591, 0.00520160655, 0.00519298296, 0.00518747978, 0.00518438453, 0.00518296426, 0.00518253446, 0.00518247485, 0.00518214656, 0.00518061593, 0.00517825456, 0.0051767421, 0.005175984, 0.0051755826, 0.00517513463, 0.00517419074, 0.00517238071, 0.0051697786, 0.00516740791, 5.19707695e-15, 4.61686462e-13, 2.96352075e-11, 1.21446486e-09, 2.6453538e-08, 4.15330476e-07, 4.54131441e-06, 1.14482427e-05, 1.82175609e-05, 2.28347471e-05, 2.64918781e-05, 2.65559411e-05, 2.4289342e-05, 2.13802396e-05, 1.86364596e-05, 1.63319346e-05, 1.46974353e-05, 1.82205094e-05, 6.75181873e-05, 0.000266407616, 0.00056126347, 0.000744653167, 0.00109992956, 0.00293817418, 0.00996949431, 0.0216987021, 0.028844161, 0.0319013298, 0.0325638726, 0.030734241, 0.026560653, 0.0218565166, 0.0186683051, 0.0124009317, 0.00464289496, 0.00370874885, 0.00372157316, 0.00397856813, 0.00426800549, 0.00450802548, 0.00468003983, 0.00480696699, 0.00490389438, 0.00498044351, 0.00504414318, 0.00509619899, 0.00513459323, 0.00515835267, 0.00516899396, 0.00516970875, 0.00516406912, 0.00515524577, 0.00514574209, 0.00513738859, 0.00513135735, 0.00512817036, 0.00512771215, 0.00512932753, 0.00513201579, 0.00513465516, 0.00513616623, 0.00513568567, 0.00513273338, 0.00512725068, 0.00511969533, 0.00511100562, 0.00510236109, 0.00509518851, 0.00509059336, 0.00508878613, 1.28004064e-15, 1.05328032e-13, 6.17440344e-12, 2.25816685e-10, 4.15945145e-09, 4.87448446e-08, 3.34007069e-07, 8.01145973e-07, 1.3203038e-06, 1.71033275e-06, 1.97793952e-06, 2.08845086e-06, 2.1630326e-06, 2.26422026e-06, 2.36555252e-06, 2.40866734e-06, 2.77290019e-06, 1.2281811e-05, 0.000122641999, 0.00061911688, 0.00143783144, 0.00186031952, 0.00176413346, 0.00262415572, 0.00802649651, 0.0177468061, 0.0279118605, 0.0326237716, 0.0331224911, 0.0310356729, 0.0274873432, 0.0245623253, 0.0282282606, 0.0265945774, 0.00830786582, 0.00524711562, 0.00442153914, 0.00422036462, 0.00422613276, 0.00429224735, 0.00436552474, 0.00443231827, 0.00449128589, 0.0045444821, 0.00459441915, 0.00464269798, 0.00468971487, 0.00473485375, 0.00477687363, 0.00481436495, 0.00484615704, 0.0048715719, 0.0048905178, 0.00490344688, 0.00491122622, 0.00491497526, 0.00491590379, 0.00491516339, 0.00491372263, 0.00491227349, 0.00491118291, 0.00491054263, 0.00491034612, 0.00491074845, 0.00491228979, 0.00491594663, 0.00492273131, 0.00493204268, 0.0049423608, 0.00495246239, 2.33125993e-16, 1.78496032e-14, 9.63179406e-13, 3.18987475e-11, 5.1287774e-10, 4.82487783e-09, 2.47780072e-08, 5.82419837e-08, 9.95994967e-08, 1.33125127e-07, 1.65393388e-07, 1.97348939e-07, 2.40139855e-07, 2.99572946e-07, 3.72521328e-07, 4.51736668e-07, 9.64038804e-07, 1.2744893e-05, 0.000173173947, 0.00107844337, 0.00316172326, 0.00422229618, 0.00340629555, 0.00311963074, 0.00664519425, 0.0137931062, 0.0216662902, 0.0288018435, 0.0320203342, 0.0317800418, 0.0298433173, 0.028530404, 0.0292792954, 0.02859338, 0.0102640856, 0.0072335666, 0.00597217493, 0.00537910964, 0.0050896164, 0.00494757202, 0.00487993006, 0.00485149398, 0.00484471954, 0.00485044299, 0.0048635737, 0.00488107698, 0.00490103383, 0.00492219627, 0.00494370237, 0.00496495888, 0.00498554297, 0.00500513194, 0.00502346968, 0.00504036155, 0.00505568925, 0.00506941462, 0.00508157723, 0.00509231677, 0.00510191964, 0.00511081517, 0.00511957472, 0.00512893917, 0.00513981143, 0.00515328906, 0.00517061772, 0.00519320043, 0.00522284862, 0.0052611609, 0.00530665228, 0.00535755139, 2.82046321e-17, 2.02233055e-15, 1.01769104e-13, 3.12225181e-12, 4.57468265e-11, 3.75181719e-10, 1.69950731e-09, 4.17317159e-09, 7.41812745e-09, 1.12046949e-08, 1.46333718e-08, 1.89504874e-08, 2.4529859e-08, 3.28836727e-08, 4.49681465e-08, 6.53003838e-08, 2.58276771e-07, 5.01659815e-06, 8.16883039e-05, 0.00060423679, 0.00212595402, 0.00438746624, 0.00515459199, 0.00499407854, 0.00624145754, 0.0110401083, 0.0163174551, 0.0216606762, 0.0255153887, 0.0273970887, 0.0279246252, 0.0279956739, 0.0279758237, 0.0278985687, 0.0232968163, 0.0171979722, 0.0136639662, 0.0116655445, 0.0104806963, 0.00974900648, 0.00928278174, 0.00897710584, 0.00876950007, 0.00862122327, 0.00850740075, 0.00841181539, 0.00832410529, 0.00823809486, 0.00815064833, 0.00806079246, 0.00796898361, 0.00787653122, 0.00778513867, 0.00769658526, 0.00761251943, 0.00753436098, 0.00746327825, 0.00740021467, 0.0073459479, 0.00730116013, 0.00726649957, 0.00724260882, 0.00723010534, 0.00722949766, 0.00724104326, 0.00726456614, 0.00729912985, 0.00734453555, 0.00740249129, 0.00747248577, 1.72402059e-18, 1.16852841e-16, 5.58786238e-15, 1.63701938e-13, 2.29758942e-12, 1.77026362e-11, 7.8539987e-11, 2.14813084e-10, 4.31970071e-10, 7.17994553e-10, 1.08255471e-09, 1.53788049e-09, 2.04516959e-09, 3.30014016e-09, 4.63137884e-09, 5.41448975e-09, 6.76960532e-09, 2.45670435e-08, 2.84218714e-07, 2.15003524e-06, 1.44812975e-05, 0.00026628701, 0.000828774704, 0.00140528136, 0.00170980429, 0.00298365601, 0.0149193993, 0.0177369546, 0.0194970071, 0.0205326602, 0.0210578516, 0.0212559048, 0.0212657582, 0.0212218054, 0.0212337766, 0.0209267978, 0.0202208199, 0.0194045622, 0.0186774768, 0.01810042, 0.0176656116, 0.0173434354, 0.0171015989, 0.016913943, 0.0167616978, 0.0166297983, 0.0165070016, 0.0163853634, 0.0162597075, 0.0161271002, 0.0159864165, 0.0158379171, 0.015682878, 0.015523267, 0.0153614758, 0.0152001055, 0.0150418095, 0.0148891937, 0.014744753, 0.0146108298, 0.0144895697, 0.0143828606, 0.0142922215, 0.0142186685, 0.0141625963, 0.0141237341, 0.0141012268, 0.0140930917, 0.0140972165, 0.0141135473] (
            interpolation = "uniform"
        )
        float[] primvars:CO_Gas_mass_fractions_4 = [2.25008727e-12, 2.90168528e-10, 2.75011462e-08, 1.7507823e-06, 6.98655786e-05, 0.00289698481, 0.0727165192, 0.0812108219, 0.0856350958, 0.0884322152, 0.101535499, 0.113290794, 0.123848215, 0.133173585, 0.141262367, 0.147915378, 0.153191969, 0.158629164, 0.165353313, 0.172550514, 0.178765222, 0.18397814, 0.189031571, 0.194154829, 0.199538633, 0.205372378, 0.211842716, 0.219100937, 0.227252766, 0.23620218, 0.245089695, 0.252653331, 0.260024101, 0.126066655, 0.0254331212, 0.0254000984, 0.0254041497, 0.0254069548, 0.0254090633, 0.025410736, 0.0254121125, 0.0254132915, 0.0254143346, 0.0254152864, 0.0254161749, 0.0254170187, 0.0254178271, 0.0254186038, 0.0254193451, 0.0254200511, 0.025420716, 0.0254213344, 0.0254219025, 0.0254224129, 0.0254228618, 0.0254232474, 0.0254235659, 0.0254238229, 0.0254240185, 0.0254241619, 0.0254242625, 0.0254243258, 0.0254243668, 0.0254243892, 0.0254244022, 0.0254244097, 0.0254244115, 0.0254244134, 0.0254244152, 0.0254244152, 1.36060781e-12, 1.67699132e-10, 1.52987401e-08, 9.44700275e-07, 3.7057318e-05, 0.00153717748, 0.0595615879, 0.0980740637, 0.12350674, 0.133619785, 0.141537324, 0.148179397, 0.152604893, 0.152119562, 0.144188002, 0.134278744, 0.129521579, 0.135394767, 0.153238505, 0.178387359, 0.203053802, 0.215986788, 0.21812059, 0.218045443, 0.218600988, 0.220414862, 0.223554, 0.227565065, 0.231792003, 0.237104267, 0.246859744, 0.258448988, 0.272982895, 0.0975329578, 0.0273054596, 0.0303351153, 0.0341351591, 0.0380090177, 0.041531723, 0.0444736741, 0.0467528701, 0.0483959503, 0.0495010838, 0.0501989089, 0.0506176129, 0.0508611389, 0.0510027558, 0.0510888323, 0.0511463173, 0.05118981, 0.0512267426, 0.0512607098, 0.0512933917, 0.0513256006, 0.0513577908, 0.0513903052, 0.0514234193, 0.0514573343, 0.0514921024, 0.0515275672, 0.0515633002, 0.0515986234, 0.051632639, 0.0516643487, 0.051692754, 0.0517169684, 0.0517363176, 0.0517504103, 0.0517592207, 0.051763162, 7.31126965e-13, 8.4482539e-11, 7.25235827e-09, 4.20343241e-07, 1.50357109e-05, 0.000547612028, 0.0182865746, 0.040739771, 0.0608172603, 0.0754115731, 0.0801970735, 0.0819610953, 0.0784445629, 0.0724714622, 0.067519404, 0.0629236251, 0.0598367155, 0.0613449812, 0.0704991668, 0.0857777894, 0.107542157, 0.135730878, 0.155258909, 0.169193611, 0.182712123, 0.194935545, 0.205183163, 0.216600552, 0.229780793, 0.242964119, 0.258475393, 0.258922815, 0.199080437, 0.0800922215, 0.0280544423, 0.0322460569, 0.0375168584, 0.0427514315, 0.0471801274, 0.0504373834, 0.0525264628, 0.053691417, 0.054257974, 0.0545057282, 0.0546109602, 0.0546609834, 0.0546921156, 0.0547173359, 0.0547402129, 0.0547609217, 0.0547787324, 0.054792989, 0.054803431, 0.0548102707, 0.0548141263, 0.0548158772, 0.0548165031, 0.0548169203, 0.0548178367, 0.0548196696, 0.0548225008, 0.0548261106, 0.0548300743, 0.0548338667, 0.054836981, 0.0548390411, 0.0548398569, 0.0548394956, 0.054838296, 0.0548369214, 3.38392481e-13, 3.6267829e-11, 2.87820745e-09, 1.52141979e-07, 4.73552791e-06, 0.000136421557, 0.00335293729, 0.00894436706, 0.0146657629, 0.0187651459, 0.0194642469, 0.0198740698, 0.0197595824, 0.0191016383, 0.0176188089, 0.0156323351, 0.0135115944, 0.0118849948, 0.0113815721, 0.0121848434, 0.0147358403, 0.0226383619, 0.0414642692, 0.0708070621, 0.11232996, 0.160482258, 0.200612426, 0.223193958, 0.240505442, 0.253788739, 0.250891387, 0.21058175, 0.137881428, 0.0720935836, 0.0282896589, 0.0319803543, 0.037503995, 0.0434296504, 0.0482658595, 0.0511705615, 0.052051913, 0.0518561713, 0.0514900237, 0.051251471, 0.0511080213, 0.051005356, 0.0509202443, 0.0508454554, 0.0507790186, 0.0507204346, 0.0506695472, 0.0506262034, 0.0505899861, 0.0505599268, 0.0505343676, 0.0505110659, 0.0504874811, 0.0504612885, 0.0504309721, 0.0503962561, 0.0503582992, 0.0503192991, 0.0502818078, 0.0502480268, 0.0502194017, 0.0501965173, 0.0501792431, 0.0501670688, 0.0501595475, 0.0501563549, 1.30634002e-13, 1.29368209e-11, 9.39540334e-10, 4.44957458e-08, 1.16895637e-06, 2.50806588e-05, 0.000403086655, 0.00113041128, 0.00185940298, 0.00230218121, 0.00255566672, 0.00276007759, 0.00267658988, 0.00236621709, 0.00196162448, 0.00157608185, 0.00127451308, 0.00108376192, 0.00112584629, 0.00167486048, 0.00242434605, 0.00357522932, 0.0132188769, 0.0347814597, 0.0916698128, 0.164913997, 0.211372316, 0.237477988, 0.252406389, 0.25285688, 0.226190582, 0.172309414, 0.111706801, 0.0612775534, 0.030822834, 0.031621743, 0.0356956758, 0.0405397899, 0.0448298641, 0.0478789657, 0.0496093594, 0.0507279821, 0.0512673296, 0.051222492, 0.0510187969, 0.0508104265, 0.0505904034, 0.0503560156, 0.0501196906, 0.0498983301, 0.0497037955, 0.0495443679, 0.049421791, 0.0493354239, 0.0492794923, 0.0492472835, 0.0492318198, 0.0492264889, 0.0492252447, 0.0492217876, 0.0492070243, 0.0491842069, 0.0491696857, 0.0491626076, 0.0491591841, 0.0491555184, 0.0491471924, 0.0491304658, 0.0491058379, 0.049082607, 4.07606518e-14, 3.73133512e-12, 2.47199095e-10, 1.04248699e-08, 2.29211523e-07, 3.55759494e-06, 3.59497571e-05, 9.29813541e-05, 0.000151874512, 0.00019633639, 0.000235920612, 0.000245019386, 0.000233786384, 0.000216465836, 0.000200092327, 0.000187303725, 0.000180758288, 0.00022320982, 0.000697130221, 0.00257650972, 0.00535553182, 0.00706479233, 0.00988616422, 0.0243975464, 0.0797931179, 0.170567036, 0.226484597, 0.252422959, 0.261463881, 0.252053857, 0.223227873, 0.188403264, 0.164374307, 0.10987971, 0.0425205529, 0.0347278975, 0.0351662934, 0.0377243981, 0.0405248664, 0.0428299755, 0.0444772355, 0.0456904806, 0.046615243, 0.0473442748, 0.0479497798, 0.0484436341, 0.0488070436, 0.0490310043, 0.049130071, 0.0491346419, 0.04907877, 0.0489927717, 0.0489006639, 0.0488200299, 0.0487621017, 0.0487317666, 0.0487277173, 0.0487434454, 0.0487691574, 0.0487939976, 0.048807539, 0.0488014519, 0.0487709567, 0.0487151816, 0.0486381985, 0.0485488325, 0.0484584607, 0.048381228, 0.0483282618, 0.0483016111, 9.92210837e-15, 8.41759225e-13, 5.09896431e-11, 1.92300464e-09, 3.58857832e-08, 4.18826431e-07, 2.72129955e-06, 6.73419117e-06, 1.12985708e-05, 1.74100933e-05, 2.56194126e-05, 3.28189162e-05, 3.99068158e-05, 4.74673943e-05, 5.53436366e-05, 6.3231375e-05, 7.50225372e-05, 0.000174308429, 0.00122429803, 0.00590033736, 0.0135929463, 0.017560333, 0.0165133625, 0.0228716619, 0.0663348511, 0.143091768, 0.22379902, 0.263228178, 0.271365404, 0.259939283, 0.235847861, 0.215590775, 0.250748426, 0.235376477, 0.0748485699, 0.0481887795, 0.041155003, 0.0395912491, 0.0398183949, 0.0405407287, 0.0412921607, 0.041961126, 0.0425435938, 0.0430637747, 0.0435480848, 0.0440132096, 0.0444638096, 0.0448945798, 0.0452941284, 0.0456493944, 0.045949541, 0.0461883992, 0.0463653021, 0.0464847013, 0.0465549119, 0.0465866029, 0.0465912521, 0.0465797707, 0.0465613492, 0.0465425029, 0.0465266258, 0.0465144292, 0.0465056188, 0.0465014465, 0.0465069301, 0.0465314612, 0.046585273, 0.0466645397, 0.0467559025, 0.0468482338, 1.78560792e-15, 1.40941986e-13, 7.86418673e-12, 2.68983225e-10, 4.39407621e-09, 4.1400348e-08, 2.05617127e-07, 4.88977491e-07, 8.51375148e-07, 2.49862228e-06, 8.00756152e-06, 1.42548861e-05, 2.08722486e-05, 2.79531396e-05, 3.54989315e-05, 4.36939772e-05, 5.69683834e-05, 0.000177990616, 0.00170016603, 0.0102138417, 0.0297328327, 0.0396491699, 0.0319572277, 0.0283625517, 0.0565904118, 0.113544777, 0.176618189, 0.235188067, 0.264568359, 0.267502844, 0.256182402, 0.248918623, 0.256999135, 0.250944257, 0.0920470953, 0.0656282157, 0.0546912849, 0.0496084951, 0.0471757613, 0.0460197963, 0.0454997979, 0.0453098156, 0.0452993959, 0.0453912467, 0.0455431566, 0.0457302183, 0.0459366739, 0.0461520031, 0.0463689268, 0.046582114, 0.0467874482, 0.0469816662, 0.047162246, 0.047327362, 0.0474758931, 0.0476075262, 0.0477228984, 0.0478237048, 0.0479127206, 0.0479940213, 0.0480730869, 0.0481568016, 0.0482535511, 0.0483731553, 0.0485270657, 0.0487283692, 0.0489940569, 0.049338527, 0.0497488193, 0.0502092652, 2.13586769e-16, 1.57735509e-14, 8.20801109e-13, 2.60329085e-11, 3.88472782e-10, 3.204079e-09, 1.42762353e-08, 3.52312597e-08, 6.31615364e-08, 1.13464303e-07, 2.45638194e-06, 7.66094399e-06, 1.32366804e-05, 1.94301701e-05, 2.58865985e-05, 3.30078474e-05, 4.25073049e-05, 9.5899115e-05, 0.000828024291, 0.00574549194, 0.0199984554, 0.0411332026, 0.0482838079, 0.0464928821, 0.0552727729, 0.0930786803, 0.135335714, 0.179046839, 0.212008119, 0.229866624, 0.23668474, 0.239155069, 0.240122586, 0.240582183, 0.202634096, 0.150973171, 0.120859668, 0.103805944, 0.0937047899, 0.0874847919, 0.083540298, 0.0809720233, 0.0792438686, 0.0780230761, 0.0770957842, 0.0763223246, 0.0756132677, 0.0749152154, 0.0742010251, 0.0734622553, 0.0727028996, 0.071934402, 0.0711717233, 0.0704305321, 0.069725439, 0.0690691471, 0.0684721917, 0.0679432452, 0.0674895644, 0.0671176091, 0.0668336004, 0.0666437149, 0.0665539578, 0.0665693954, 0.0666928962, 0.0669234842, 0.0672534555, 0.0676814988, 0.0682230294, 0.0688738599, 1.29284632e-17, 9.00770941e-16, 4.45031144e-14, 1.34820226e-12, 1.93113234e-11, 1.50074869e-10, 6.62026767e-10, 1.81559645e-09, 3.66793351e-09, 6.41280984e-09, 2.13373177e-08, 5.7943673e-08, 1.30505384e-07, 4.5009856e-06, 1.00812449e-05, 1.58035109e-05, 2.17497836e-05, 2.81926023e-05, 3.75211821e-05, 6.27746704e-05, 0.000187232334, 0.0025537638, 0.00782513246, 0.0131991031, 0.0159883201, 0.0277733114, 0.125305057, 0.148579061, 0.16361028, 0.17291379, 0.178031892, 0.180350929, 0.181007922, 0.18118082, 0.181898892, 0.179995596, 0.174636617, 0.168207049, 0.162418529, 0.157823622, 0.154384807, 0.151869327, 0.150014371, 0.148604378, 0.147483647, 0.146526307, 0.145637736, 0.144750744, 0.143821284, 0.142824307, 0.141750172, 0.140601069, 0.13938804, 0.138128221, 0.136842504, 0.135553703, 0.134285271, 0.133060321, 0.1319011, 0.130828634, 0.129862353, 0.129019409, 0.128313854, 0.127755344, 0.127348065, 0.127090365, 0.126975417, 0.126986355, 0.127105147, 0.127331734] (
            interpolation = "uniform"
        )
        float[] primvars:CO2_Gas_mass_fractions_5 = [1.62220877e-12, 2.06168652e-10, 1.93390388e-08, 1.27554597e-06, 7.39780953e-05, 0.00890507642, 0.097251676, 0.0876829848, 0.0846426263, 0.0832992867, 0.0879190117, 0.0921566263, 0.0961428508, 0.100266017, 0.105992541, 0.117143273, 0.132857978, 0.145807296, 0.152035624, 0.152651325, 0.150608987, 0.148189709, 0.146077618, 0.144266978, 0.142791405, 0.141724959, 0.141187236, 0.141372457, 0.142717168, 0.146285564, 0.153380081, 0.163262278, 0.173117101, 0.0809827596, 0.0135678127, 0.0135450391, 0.0135472575, 0.0135487933, 0.0135499481, 0.0135508627, 0.013551617, 0.0135522615, 0.0135528333, 0.013553354, 0.013553841, 0.013554303, 0.0135547454, 0.01355517, 0.013555577, 0.0135559635, 0.0135563277, 0.0135566657, 0.0135569768, 0.0135572562, 0.0135575021, 0.0135577135, 0.0135578876, 0.0135580283, 0.0135581354, 0.0135582145, 0.0135582685, 0.0135583049, 0.0135583263, 0.0135583393, 0.0135583458, 0.0135583496, 0.0135583514, 0.0135583524, 0.0135583533, 0.0135583533, 9.85091349e-13, 1.1942447e-10, 1.07299716e-08, 6.70541056e-07, 3.31538358e-05, 0.00271753781, 0.0671839714, 0.120056525, 0.123530135, 0.150888205, 0.154765546, 0.16131103, 0.174801722, 0.195323139, 0.218727931, 0.233358771, 0.238296464, 0.234276399, 0.221595302, 0.202639431, 0.181430414, 0.164759219, 0.156287968, 0.152312472, 0.150330693, 0.149435177, 0.149839729, 0.152566656, 0.158835724, 0.16759634, 0.173694894, 0.176794991, 0.179518193, 0.0608132705, 0.0145923132, 0.0162446927, 0.0183235742, 0.0204429198, 0.0223702453, 0.0239799265, 0.0252270829, 0.0261262693, 0.0267311744, 0.0271132588, 0.027342638, 0.027476171, 0.0275539383, 0.0276013054, 0.0276330132, 0.0276570488, 0.0276774801, 0.0276962742, 0.0277143512, 0.0277321599, 0.0277499519, 0.0277679134, 0.027786199, 0.0278049204, 0.0278241076, 0.0278436709, 0.0278633833, 0.0278828647, 0.027901629, 0.0279191248, 0.0279348027, 0.0279481765, 0.0279588737, 0.0279666726, 0.0279715564, 0.0279737487, 5.32063271e-13, 6.03701741e-11, 5.08446529e-09, 2.93228936e-07, 1.20193863e-05, 0.000712479348, 0.0168419518, 0.0393554717, 0.0555678159, 0.0681155398, 0.248163506, 0.258672655, 0.26541093, 0.271363646, 0.274514794, 0.276691049, 0.277848959, 0.276692957, 0.271755815, 0.263485223, 0.250928193, 0.23213011, 0.216007143, 0.203326538, 0.191951498, 0.184142426, 0.181151509, 0.180448711, 0.180494606, 0.182118073, 0.181529224, 0.170331642, 0.124454699, 0.0486194268, 0.0150036449, 0.0172983892, 0.0202044509, 0.0231154934, 0.0256108213, 0.0274790488, 0.0287040919, 0.0294045433, 0.0297535229, 0.029908536, 0.0299740657, 0.0300042313, 0.0300223827, 0.0300370809, 0.0300506968, 0.0300633404, 0.0300745051, 0.0300837215, 0.0300907902, 0.0300958231, 0.0300991889, 0.0301014259, 0.0301031247, 0.0301048234, 0.0301069263, 0.0301096439, 0.0301129725, 0.0301167294, 0.0301206037, 0.0301242378, 0.0301272981, 0.0301295388, 0.0301308464, 0.0301312562, 0.0301309675, 0.0301303715, 2.47780203e-13, 2.60416879e-11, 2.02171169e-09, 1.05016241e-07, 3.46861566e-06, 0.000138554737, 0.00277833617, 0.00754425814, 0.0120396577, 0.0263722558, 0.292256624, 0.294887662, 0.295299977, 0.29572472, 0.296401262, 0.297228277, 0.298072815, 0.298706114, 0.298897415, 0.298571736, 0.297466785, 0.293692857, 0.283539951, 0.266844898, 0.244396836, 0.2192716, 0.200599298, 0.192567065, 0.18776162, 0.181667939, 0.165703386, 0.131541297, 0.0829195827, 0.0428188071, 0.0151537769, 0.0171533898, 0.0201986581, 0.0235037189, 0.0262621138, 0.0279948432, 0.0286018047, 0.0285729375, 0.0284101777, 0.0282967053, 0.0282272901, 0.028177239, 0.0281354599, 0.0280985199, 0.0280655194, 0.0280362573, 0.0280106962, 0.0279888008, 0.0279703923, 0.0279550161, 0.0279418658, 0.0279298313, 0.0279176477, 0.0279041566, 0.0278885886, 0.0278708097, 0.0278513972, 0.0278314631, 0.0278123002, 0.0277950261, 0.0277803782, 0.0277686641, 0.0277598202, 0.0277535915, 0.0277497508, 0.0277481284, 9.6343357e-14, 9.3475002e-12, 6.62836841e-10, 3.0603573e-08, 8.09171183e-07, 2.09131304e-05, 0.000306512142, 0.000863511872, 0.00347101921, 0.153132334, 0.301434427, 0.30180195, 0.301864892, 0.301994413, 0.302146286, 0.302281529, 0.302380979, 0.302440435, 0.302431136, 0.302282959, 0.302080482, 0.301688135, 0.297562897, 0.287597299, 0.26151675, 0.226852655, 0.205577731, 0.194079697, 0.184409216, 0.169046849, 0.141908184, 0.104263745, 0.0660062581, 0.0354858637, 0.0167029314, 0.0169895943, 0.0192097668, 0.021898523, 0.0243212748, 0.0260872953, 0.0271260533, 0.0278300121, 0.0282145832, 0.0282470454, 0.0281625707, 0.0280617028, 0.0279491097, 0.0278266892, 0.0277033504, 0.0275899824, 0.0274939276, 0.0274195522, 0.0273670945, 0.0273348875, 0.0273187291, 0.0273140874, 0.0273164958, 0.0273219496, 0.0273269787, 0.0273281932, 0.0273201987, 0.027306566, 0.0272962917, 0.0272887535, 0.0272817612, 0.0272733197, 0.0272614621, 0.02724481, 0.0272247437, 0.0272100046, 3.03039725e-14, 2.71653576e-12, 1.7554308e-10, 7.18762783e-09, 1.54345685e-07, 2.60974139e-06, 2.61277855e-05, 0.000256539148, 0.0350209028, 0.298433781, 0.3026613, 0.302673489, 0.302677214, 0.302681655, 0.302684397, 0.302684695, 0.302682191, 0.302665859, 0.302533597, 0.30202201, 0.301268488, 0.300801843, 0.299662709, 0.293576866, 0.2700499, 0.229872897, 0.20468992, 0.191150606, 0.17873399, 0.161575019, 0.139816135, 0.120408095, 0.110045366, 0.0750235468, 0.0253624339, 0.0193973705, 0.0192035865, 0.0204768497, 0.0219891034, 0.0232730433, 0.0242095459, 0.0249119475, 0.0254562423, 0.0258898735, 0.0262530632, 0.0265537575, 0.0267814323, 0.0269298796, 0.027005963, 0.0270259324, 0.02700858, 0.026970895, 0.0269265063, 0.0268856734, 0.0268554501, 0.0268396847, 0.0268389154, 0.0268505607, 0.0268697161, 0.0268902984, 0.0269060433, 0.0269119907, 0.0269059557, 0.0268889889, 0.0268653315, 0.0268413089, 0.0268235784, 0.0268185306, 0.026830405, 0.0268602651, 7.44058051e-15, 6.18095256e-13, 3.65092886e-11, 1.33495537e-09, 2.40277203e-08, 2.92924454e-07, 3.83629595e-06, 0.000478464412, 0.0744570717, 0.300615728, 0.302731484, 0.302735537, 0.302730411, 0.302724808, 0.302718878, 0.30271247, 0.302704453, 0.302672446, 0.302385151, 0.301116109, 0.299024731, 0.297952056, 0.298139244, 0.295044094, 0.277316332, 0.244696841, 0.210011005, 0.190776497, 0.178093657, 0.163116738, 0.147982642, 0.141005665, 0.175374717, 0.172766536, 0.050241936, 0.0297993515, 0.0241135638, 0.0225119106, 0.0222908687, 0.0225149691, 0.0228377525, 0.0231572315, 0.0234517958, 0.0237248912, 0.0239860099, 0.02424163, 0.024492763, 0.0247355346, 0.0249630883, 0.0251679122, 0.0253439508, 0.0254879333, 0.025599841, 0.0256826635, 0.0257416535, 0.0257833768, 0.0258147307, 0.0258420613, 0.0258704629, 0.0259033274, 0.0259422734, 0.0259876288, 0.0260394979, 0.0260990076, 0.0261691026, 0.026254287, 0.0263575818, 0.0264704358, 0.0265811142, 0.0266804975, 1.35092522e-15, 1.0444991e-13, 5.68456827e-12, 1.88599969e-10, 2.97513725e-09, 3.15602122e-08, 1.13811348e-06, 0.000233820421, 0.0395356156, 0.296416581, 0.302722543, 0.302741021, 0.302735776, 0.302730113, 0.302724123, 0.302717626, 0.302709192, 0.302671254, 0.302256674, 0.299942851, 0.294589609, 0.291856378, 0.293938756, 0.294183016, 0.282461494, 0.258666247, 0.23224692, 0.20670186, 0.188970774, 0.174778655, 0.163490683, 0.161073655, 0.172327682, 0.185514063, 0.0638552234, 0.0434730239, 0.0348883197, 0.0307588335, 0.0286690407, 0.0275893584, 0.0270342454, 0.0267641079, 0.0266551878, 0.0266399197, 0.0266789962, 0.0267481897, 0.0268321279, 0.0269211978, 0.0270096529, 0.0270943996, 0.0271740686, 0.0272483192, 0.0273173675, 0.0273817647, 0.0274423044, 0.0275000203, 0.0275562592, 0.027612837, 0.0276722424, 0.0277377833, 0.0278137289, 0.027905453, 0.0280195251, 0.0281638093, 0.028347373, 0.0285804104, 0.0288762581, 0.0292469002, 0.0296801049, 0.0301613454, 1.62998057e-16, 1.18015822e-14, 5.99531763e-13, 1.84805886e-11, 2.68756045e-10, 2.68217759e-09, 9.05465996e-08, 9.84897542e-06, 0.00086385617, 0.0685354769, 0.300189108, 0.302723676, 0.302728742, 0.302735537, 0.302730411, 0.302724451, 0.302717447, 0.302698284, 0.302495867, 0.301153183, 0.29722929, 0.291385412, 0.289399564, 0.28963691, 0.284762681, 0.268477023, 0.250809073, 0.232427776, 0.217030376, 0.205429092, 0.197888896, 0.195783883, 0.197766155, 0.200024337, 0.166400477, 0.120701835, 0.0942614526, 0.079334043, 0.0704965591, 0.065053694, 0.061603494, 0.0593597889, 0.0578509681, 0.0567817017, 0.0559601784, 0.0552598573, 0.0545991249, 0.0539292246, 0.053225819, 0.0524823442, 0.0517043211, 0.0509046651, 0.0500999279, 0.0493075401, 0.0485440232, 0.0478240326, 0.0471600741, 0.0465626568, 0.0460406691, 0.0456019081, 0.0452535376, 0.0450023189, 0.0448544472, 0.0448150523, 0.0448872671, 0.0450714082, 0.0453640111, 0.0457739793, 0.0463232398, 0.0470040515, 9.9464432e-18, 6.80514846e-16, 3.28863286e-14, 9.72931696e-13, 1.39700074e-11, 1.6232711e-10, 7.51348939e-09, 1.10564008e-06, 3.38387908e-05, 0.00393470144, 0.00561108021, 0.00869305152, 0.103485815, 0.302022725, 0.302737623, 0.302738756, 0.302733719, 0.302728325, 0.302721828, 0.302710503, 0.302671552, 0.302015424, 0.300561517, 0.299058318, 0.298236549, 0.294798404, 0.255934149, 0.246459782, 0.240109816, 0.235849082, 0.233417913, 0.232606664, 0.232831523, 0.233334586, 0.232262537, 0.224941179, 0.213049471, 0.200993791, 0.191004455, 0.18347083, 0.178045213, 0.174213499, 0.17149049, 0.169502765, 0.167988017, 0.166737705, 0.165595546, 0.164449751, 0.163225636, 0.161879107, 0.160390809, 0.158760741, 0.157003433, 0.155143589, 0.153212443, 0.151244819, 0.149276882, 0.147344708, 0.145483255, 0.143725663, 0.142102614, 0.140641272, 0.139363796, 0.138285533, 0.137413293, 0.136744887, 0.136270121, 0.135963604, 0.135798052, 0.135773599] (
            interpolation = "uniform"
        )
        float[] primvars:H2_Gas_mass_fractions_6 = [3.84964142e-13, 4.96905121e-11, 4.71369743e-09, 3.0026888e-07, 1.19705701e-05, 0.000491247163, 0.0107686464, 0.0121634975, 0.0129117221, 0.013392143, 0.0157284718, 0.017819887, 0.019699268, 0.0213648491, 0.022830056, 0.0240964796, 0.0251663849, 0.0262389332, 0.0274732225, 0.0287370887, 0.0298038591, 0.0306919701, 0.0315554217, 0.0324343145, 0.0333624147, 0.0343736298, 0.0355017819, 0.03677506, 0.0382156931, 0.0398161113, 0.0414371714, 0.0428509414, 0.0442321189, 0.0215182137, 0.00437761378, 0.00437200116, 0.00437269872, 0.00437318115, 0.00437354436, 0.00437383214, 0.00437406916, 0.00437427219, 0.00437445147, 0.00437461538, 0.00437476858, 0.00437491387, 0.00437505264, 0.00437518628, 0.00437531387, 0.00437543541, 0.00437554996, 0.0043756566, 0.00437575439, 0.00437584193, 0.00437591923, 0.00437598582, 0.00437604077, 0.00437608454, 0.00437611854, 0.00437614322, 0.00437616045, 0.00437617162, 0.00437617861, 0.00437618233, 0.00437618466, 0.00437618559, 0.00437618606, 0.00437618652, 0.00437618652, 0.00437618652, 2.32717952e-13, 2.87123155e-11, 2.62192335e-09, 1.62019589e-07, 6.35101787e-06, 0.000261692709, 0.00970617309, 0.0161607023, 0.0204071999, 0.0219925791, 0.0233494714, 0.0245677512, 0.0254679881, 0.0255766548, 0.0244108606, 0.0228161085, 0.0220305175, 0.0230193045, 0.0260197502, 0.0302384906, 0.0343513303, 0.0364542827, 0.0367460474, 0.0366946012, 0.036772944, 0.037082199, 0.0376360007, 0.0383643694, 0.0391632877, 0.0401740186, 0.0419352874, 0.0439887457, 0.0465619266, 0.0166721269, 0.00469988678, 0.00522145256, 0.00587554416, 0.00654234085, 0.00714869471, 0.00765508506, 0.00804739725, 0.0083302157, 0.00852043927, 0.00864055473, 0.00871262513, 0.0087545421, 0.00877891853, 0.00879373495, 0.00880362932, 0.00881111529, 0.0088174725, 0.00882331934, 0.00882894453, 0.00883448869, 0.00884003006, 0.00884562638, 0.00885132607, 0.0088571636, 0.00886314828, 0.00886925217, 0.00887540355, 0.00888148323, 0.00888733845, 0.008892796, 0.00889768545, 0.00890185405, 0.00890518446, 0.00890760962, 0.00890912581, 0.00890980475, 1.25010557e-13, 1.44610929e-11, 1.24274424e-09, 7.20876798e-08, 2.57727061e-06, 9.34932177e-05, 0.003049311, 0.00682807853, 0.0102269258, 0.012709138, 0.0135629131, 0.0139090829, 0.0133568188, 0.0123679852, 0.0115311891, 0.010747456, 0.0102179246, 0.010470029, 0.0120234136, 0.0146164335, 0.0183033999, 0.0230551921, 0.0263178311, 0.0286348984, 0.0308916681, 0.0329558104, 0.0347198509, 0.0367096066, 0.0390139483, 0.0413327292, 0.0440410264, 0.0441796705, 0.0340194106, 0.0137045421, 0.00482879672, 0.00555037661, 0.00645762403, 0.00735863391, 0.00812092889, 0.00868158508, 0.00904116686, 0.00924168434, 0.0093392022, 0.00938184652, 0.00939995982, 0.00940857083, 0.00941392966, 0.00941827148, 0.00942220911, 0.00942577422, 0.00942884013, 0.00943129417, 0.00943309069, 0.00943426788, 0.00943493191, 0.00943523273, 0.00943533983, 0.00943541154, 0.00943556894, 0.00943588372, 0.0094363708, 0.009436992, 0.00943767373, 0.00943832565, 0.00943886209, 0.009439216, 0.00943935663, 0.00943929423, 0.00943908747, 0.00943885092, 5.78372663e-14, 6.20622477e-12, 4.93104946e-10, 2.60900777e-08, 8.11943494e-07, 2.33418068e-05, 0.000565611641, 0.00151394226, 0.00248978753, 0.00319408928, 0.0033216835, 0.00339682773, 0.00337960687, 0.00326765701, 0.0030138914, 0.00267350185, 0.00230980176, 0.00203047902, 0.00194333249, 0.00207979162, 0.00251461542, 0.00386021705, 0.00705588795, 0.012029021, 0.019077871, 0.0272611808, 0.0341025032, 0.0379762128, 0.0409662239, 0.0432849228, 0.0428383723, 0.0359936953, 0.0235925429, 0.0123441396, 0.00486888736, 0.00550462212, 0.00645540701, 0.00747537054, 0.00830779411, 0.00880772993, 0.00895938184, 0.00892565679, 0.00886261929, 0.00882156286, 0.00879686419, 0.00877918862, 0.00876453426, 0.00875165872, 0.00874022022, 0.008730134, 0.00872137211, 0.00871391036, 0.00870767515, 0.00870249979, 0.00869809929, 0.00869408716, 0.00869002659, 0.00868551712, 0.00868029706, 0.00867431983, 0.00866778474, 0.00866106991, 0.00865461491, 0.00864879787, 0.00864386931, 0.00863992888, 0.00863695517, 0.00863485876, 0.0086335633, 0.00863301381, 2.23177766e-14, 2.21297069e-12, 1.60922428e-10, 7.62929542e-09, 2.00460647e-07, 4.2972656e-06, 6.85243795e-05, 0.000192583349, 0.000317440456, 0.000393707684, 0.000436767645, 0.000471127452, 0.000456072827, 0.000402037404, 0.000331738498, 0.000264591188, 0.000211744453, 0.000177818016, 0.000183802986, 0.000276955077, 0.000404799677, 0.000601464184, 0.00224797358, 0.00592389749, 0.0156251881, 0.0281066634, 0.0360331051, 0.040504653, 0.0430829935, 0.0432016999, 0.038683489, 0.0294967014, 0.0191389825, 0.0105015058, 0.00530147459, 0.00544216111, 0.00614395645, 0.00697788782, 0.00771634839, 0.00824116543, 0.00853897911, 0.00873148162, 0.00882430468, 0.00881658774, 0.00878151972, 0.00874564145, 0.00870775338, 0.008667388, 0.00862668455, 0.00858855247, 0.00855503511, 0.0085275583, 0.00850642659, 0.00849153008, 0.00848187786, 0.00847631507, 0.00847363938, 0.00847271271, 0.00847249292, 0.00847189408, 0.00846935157, 0.00846542139, 0.00846291985, 0.00846170262, 0.00846111588, 0.0084604891, 0.00845905952, 0.0084561836, 0.00845194608, 0.00844794232, 6.96017476e-15, 6.38005165e-13, 4.2325015e-11, 1.78705006e-09, 3.93061477e-08, 6.09778851e-07, 6.14111514e-06, 1.5901629e-05, 2.60014403e-05, 3.3317323e-05, 3.91496687e-05, 3.97186814e-05, 3.67661887e-05, 3.27296148e-05, 2.88007359e-05, 2.54152164e-05, 2.3000719e-05, 2.88567462e-05, 0.000108648783, 0.000429816631, 0.00090572465, 0.00119856768, 0.00168168987, 0.00416274136, 0.0136277461, 0.0291233882, 0.0386732779, 0.0431187227, 0.0446928553, 0.0431244932, 0.038232401, 0.0323015377, 0.0282055754, 0.0188594423, 0.00730809523, 0.00597401662, 0.00605156738, 0.00649263104, 0.00697496952, 0.00737187127, 0.00765546551, 0.00786431972, 0.00802350789, 0.00814899616, 0.00825321581, 0.0083382111, 0.00840075128, 0.00843928754, 0.00845632609, 0.00845710002, 0.00844746921, 0.00843265373, 0.00841678958, 0.00840290263, 0.0083929291, 0.00838770717, 0.00838701241, 0.00838972256, 0.00839415006, 0.0083984239, 0.00840074942, 0.00839969236, 0.0083944276, 0.00838480331, 0.00837151892, 0.0083560925, 0.0083404826, 0.00832712837, 0.00831794925, 0.00831329823, 1.69336317e-15, 1.43857663e-13, 8.72665655e-12, 3.29538508e-10, 6.15283957e-09, 7.17979489e-08, 4.65457362e-07, 1.15335183e-06, 1.93449296e-06, 2.54371662e-06, 2.97490078e-06, 3.17438207e-06, 3.31825527e-06, 3.49992729e-06, 3.67779285e-06, 3.76184448e-06, 4.36801383e-06, 1.97701593e-05, 0.000198157519, 0.000999378972, 0.0023193215, 0.00300010457, 0.00282020657, 0.00390723301, 0.0113415197, 0.0244569387, 0.038250003, 0.0450037494, 0.0464264341, 0.044513572, 0.0404283553, 0.0369894207, 0.0430411473, 0.0403963178, 0.0128554795, 0.00828309264, 0.00707787788, 0.00681105442, 0.0068513006, 0.00697625149, 0.00710594887, 0.00722131226, 0.0073217107, 0.00741133885, 0.00749476114, 0.00757485908, 0.00765244011, 0.00772659527, 0.00779536599, 0.00785650685, 0.00790815428, 0.00794924889, 0.00797967706, 0.00800020434, 0.00801226404, 0.00801769178, 0.00801846292, 0.00801645685, 0.0080132531, 0.00800997391, 0.0080072023, 0.00800506026, 0.0080034947, 0.00800272077, 0.00800359994, 0.00800774992, 0.00801693648, 0.0080305133, 0.00804618932, 0.00806205254, 3.04573672e-16, 2.40741925e-14, 1.34526418e-12, 4.60760666e-11, 7.53185014e-10, 7.09681691e-09, 3.51984255e-08, 8.37438421e-08, 1.44929345e-07, 1.95724738e-07, 2.45483562e-07, 2.95356728e-07, 3.62704696e-07, 4.56629522e-07, 5.72303577e-07, 6.98902625e-07, 1.52852442e-06, 2.05894357e-05, 0.000279855129, 0.00174002314, 0.00509221712, 0.00679574534, 0.00547370873, 0.00485357083, 0.00968305301, 0.0194199439, 0.0302041732, 0.040228717, 0.045279216, 0.0458180495, 0.0439148061, 0.0426974781, 0.0440938175, 0.0430536978, 0.015806267, 0.0112750307, 0.00939962082, 0.00852848496, 0.00811190158, 0.00791423395, 0.00782555062, 0.00779338321, 0.00779194525, 0.00780799985, 0.00783432182, 0.00786665175, 0.0079022944, 0.00793945231, 0.00797687192, 0.00801363587, 0.0080490401, 0.00808252301, 0.00811364967, 0.00814209972, 0.00816768408, 0.00819035061, 0.0082102092, 0.0082275467, 0.00824284833, 0.0082568191, 0.00827039871, 0.00828476902, 0.00830136519, 0.00832188129, 0.00834828429, 0.00838282518, 0.00842842646, 0.00848756265, 0.00855800882, 0.00863707624, 3.64123715e-17, 2.69276898e-15, 1.40332963e-13, 4.45726485e-12, 6.656415e-11, 5.49139734e-10, 2.445113e-09, 6.03513239e-09, 1.07987113e-08, 1.6368956e-08, 2.11834017e-08, 2.74301204e-08, 3.56364538e-08, 4.79472781e-08, 6.59768986e-08, 9.72043424e-08, 4.08010465e-07, 8.10339134e-06, 0.000131990746, 0.000974502298, 0.00342143001, 0.00705242576, 0.00828073826, 0.00797204208, 0.00946845394, 0.0159304589, 0.0231562424, 0.0306370165, 0.0362884998, 0.0393630862, 0.0405485556, 0.0409852415, 0.0411589667, 0.0412454791, 0.0347519219, 0.025901936, 0.0207419544, 0.0178196076, 0.0160887353, 0.0150230415, 0.0143473484, 0.0139075294, 0.0136116939, 0.0134028085, 0.0132442126, 0.0131119639, 0.0129907327, 0.0128713632, 0.0127492035, 0.0126228034, 0.0124928495, 0.0123613048, 0.0122307343, 0.0121038277, 0.0119830919, 0.0118707055, 0.0117684798, 0.011677905, 0.0116002271, 0.01153656, 0.0114879711, 0.0114555256, 0.0114402575, 0.0114430394, 0.0114643676, 0.0115040774, 0.0115608517, 0.01163447, 0.0117275752, 0.0118394541, 2.20302702e-18, 1.53691375e-16, 7.60448562e-15, 2.30713804e-13, 3.30757383e-12, 2.57133793e-11, 1.13402621e-10, 3.11032256e-10, 6.27723984e-10, 1.04470832e-09, 1.57352842e-09, 2.23160024e-09, 2.91321878e-09, 3.66448094e-09, 4.74638551e-09, 6.06359096e-09, 8.77367068e-09, 3.78448952e-08, 4.57237121e-07, 3.46580259e-06, 2.3324832e-05, 0.000428096799, 0.00133196102, 0.0022536465, 0.00273130951, 0.00475519709, 0.0214491021, 0.0254340377, 0.0280111637, 0.029609492, 0.0304914415, 0.0308934208, 0.0310100336, 0.0310434736, 0.0311709587, 0.0308502205, 0.0299370624, 0.0288394839, 0.0278508123, 0.0270659737, 0.0264787637, 0.0260494575, 0.0257331263, 0.0254928954, 0.025302127, 0.0251392741, 0.0249881372, 0.0248372145, 0.0246789567, 0.0245090779, 0.0243259203, 0.0241298638, 0.0239227992, 0.0237076636, 0.0234880429, 0.0232678503, 0.0230511073, 0.0228417777, 0.0226436853, 0.0224604364, 0.0222953651, 0.0221514199, 0.0220310148, 0.0219358094, 0.0218665302, 0.0218228959, 0.0218037404, 0.0218061749, 0.021827111, 0.0218665414] (
            interpolation = "uniform"
        )
        float[] primvars:CH4_Gas_mass_fractions_7 = [4.80409495e-13, 6.19651552e-11, 5.87420113e-09, 3.74060846e-07, 1.49304215e-05, 0.000618059188, 0.0153015275, 0.0171061698, 0.0180488639, 0.0186457895, 0.0214529317, 0.0239706859, 0.026232006, 0.0282301232, 0.0299658719, 0.0314012319, 0.0325477682, 0.0337253548, 0.0351701491, 0.0367095023, 0.0380356871, 0.0391472653, 0.0402251258, 0.0413182974, 0.0424676053, 0.0437136255, 0.0450964198, 0.0466485322, 0.0483930074, 0.0503104255, 0.0522183515, 0.0538461283, 0.0554327406, 0.0268837623, 0.00542750349, 0.00542046921, 0.00542133441, 0.00542193279, 0.00542238308, 0.00542273931, 0.00542303361, 0.00542328507, 0.00542350719, 0.00542371022, 0.00542390021, 0.00542408042, 0.00542425271, 0.00542441802, 0.00542457681, 0.00542472722, 0.00542486925, 0.00542500103, 0.0054251221, 0.00542523107, 0.00542532699, 0.00542540895, 0.0054254774, 0.00542553188, 0.00542557379, 0.00542560453, 0.00542562548, 0.00542563945, 0.00542564783, 0.00542565295, 0.00542565575, 0.00542565715, 0.00542565761, 0.00542565808, 0.00542565808, 0.00542565854, 2.90486087e-13, 3.58105698e-11, 3.26768124e-09, 2.0183451e-07, 7.91955244e-06, 0.000328090886, 0.0126467226, 0.0208462663, 0.0262588356, 0.0283976123, 0.03008659, 0.0315135345, 0.0324754193, 0.0323957466, 0.0307272114, 0.0286249537, 0.0276125055, 0.0288624391, 0.0326618291, 0.0380160175, 0.0432646833, 0.0460101366, 0.046456337, 0.0464355685, 0.0465520062, 0.0469387658, 0.0476103835, 0.048471041, 0.0493817478, 0.0505270697, 0.0526190959, 0.0550997481, 0.0582101159, 0.0208016522, 0.00582699664, 0.00647344301, 0.00728425011, 0.00811080635, 0.00886243768, 0.00949015468, 0.00997646153, 0.0103270402, 0.010562839, 0.0107117323, 0.0108010694, 0.0108530298, 0.0108832456, 0.0109016113, 0.0109138768, 0.0109231556, 0.0109310355, 0.0109382831, 0.0109452559, 0.0109521272, 0.0109589957, 0.0109659331, 0.0109729981, 0.0109802345, 0.0109876525, 0.0109952185, 0.0110028433, 0.0110103795, 0.0110176373, 0.0110244025, 0.0110304626, 0.0110356295, 0.0110397581, 0.0110427644, 0.0110446438, 0.0110454848, 1.56085296e-13, 1.80395959e-11, 1.54897506e-09, 8.98015529e-08, 3.21275229e-06, 0.000116922572, 0.0038920457, 0.0086752167, 0.0129549475, 0.0160675477, 0.0170925912, 0.0174737424, 0.0167287178, 0.0154573042, 0.0144007141, 0.0134191057, 0.0127589516, 0.0130787492, 0.0150292292, 0.0182856731, 0.0229241718, 0.0289291404, 0.0330853611, 0.0360497274, 0.0389266945, 0.0415309072, 0.0437182002, 0.0461581312, 0.0489757024, 0.0517955422, 0.0551108718, 0.0552137643, 0.0424585007, 0.0170834064, 0.00598679855, 0.00688115973, 0.00800573733, 0.00912253838, 0.0100673456, 0.0107621802, 0.0112077706, 0.0114562204, 0.0115770353, 0.0116298636, 0.0116523048, 0.011662974, 0.0116696153, 0.0116749965, 0.0116798766, 0.0116842929, 0.0116880918, 0.0116911307, 0.0116933566, 0.0116948141, 0.0116956346, 0.0116960062, 0.0116961375, 0.0116962232, 0.011696416, 0.0116968043, 0.0116974041, 0.0116981715, 0.0116990143, 0.0116998199, 0.011700483, 0.0117009198, 0.0117010931, 0.0117010148, 0.0117007578, 0.0117004644, 7.22375786e-14, 7.74384029e-12, 6.14700069e-10, 3.25015606e-08, 1.01179955e-06, 2.91371362e-05, 0.000714559399, 0.00190683163, 0.00312762894, 0.00400312943, 0.00415275106, 0.00423987396, 0.00421463512, 0.00407313416, 0.00375549332, 0.00333030964, 0.00287642516, 0.00252799131, 0.00241932203, 0.002589643, 0.00313304784, 0.00481804879, 0.00883128494, 0.015085564, 0.0239374638, 0.0342039056, 0.0427623577, 0.0475809313, 0.0512772948, 0.0541163906, 0.0535043217, 0.0449123606, 0.0294097662, 0.0153782032, 0.00603694934, 0.00682445941, 0.00800298247, 0.00926721189, 0.0102988714, 0.0109183192, 0.0111060673, 0.0110641392, 0.0109859537, 0.0109350523, 0.0109044341, 0.0108825229, 0.0108643575, 0.0108484002, 0.0108342301, 0.0108217364, 0.0108108856, 0.0108016459, 0.0107939271, 0.0107875215, 0.0107820779, 0.010777113, 0.0107720867, 0.0107665034, 0.0107600354, 0.0107526286, 0.010744527, 0.0107362028, 0.0107282, 0.0107209887, 0.0107148765, 0.0107099917, 0.0107063036, 0.0107037034, 0.0107020978, 0.0107014151, 2.7884882e-14, 2.76205924e-12, 2.00644459e-10, 9.50481205e-09, 2.49747472e-07, 5.35813524e-06, 8.59882202e-05, 0.000241200309, 0.000396859396, 0.000491432031, 0.000544545357, 0.000587034679, 0.0005680045, 0.000500486582, 0.000412797759, 0.000329110568, 0.000263282505, 0.000221024777, 0.000228342295, 0.000343836466, 0.000502410869, 0.000747225189, 0.00280458899, 0.00740416301, 0.0195383336, 0.0351592675, 0.0450680964, 0.0506378524, 0.0538253188, 0.0539263934, 0.0482435636, 0.0367543995, 0.0238292851, 0.0130719841, 0.00657717884, 0.00674788235, 0.00761713833, 0.00865064096, 0.00956584234, 0.0102161951, 0.0105851674, 0.0108235991, 0.0109384898, 0.0109288171, 0.010885301, 0.0108408201, 0.010793874, 0.0107438779, 0.0106934803, 0.0106462827, 0.0106048118, 0.0105708279, 0.0105447043, 0.0105262985, 0.0105143785, 0.0105075147, 0.010504216, 0.0105030742, 0.0105027994, 0.0105020506, 0.0104988897, 0.0104940096, 0.010490898, 0.0104893725, 0.0104886256, 0.0104878265, 0.0104860337, 0.0104824491, 0.0104771806, 0.0104722176, 8.70004227e-15, 7.96593314e-13, 5.27866917e-11, 2.2266895e-09, 4.89670064e-08, 7.5998588e-07, 7.67455185e-06, 1.98527268e-05, 3.24319917e-05, 4.15210816e-05, 4.87648394e-05, 4.94517517e-05, 4.57564238e-05, 4.07166153e-05, 3.58165635e-05, 3.15977086e-05, 2.85885963e-05, 3.58411344e-05, 0.000134801245, 0.000533166924, 0.0011234805, 0.00148689118, 0.00209013489, 0.00518827606, 0.0170074422, 0.036370609, 0.0482980944, 0.0538323335, 0.0557640418, 0.0537614301, 0.0476169437, 0.0401913896, 0.0350671485, 0.0234418102, 0.00907260552, 0.00741043128, 0.00750410277, 0.008049923, 0.00864738505, 0.0091391122, 0.00949046575, 0.0097492123, 0.00994642265, 0.0101018855, 0.0102310022, 0.0103363022, 0.0104137789, 0.0104615167, 0.0104826204, 0.0104835788, 0.0104716532, 0.0104533099, 0.0104336673, 0.0104164742, 0.010404123, 0.010397654, 0.0103967879, 0.0104001369, 0.010405614, 0.010410903, 0.0104137855, 0.0104124853, 0.0104059856, 0.0103941029, 0.0103777051, 0.0103586745, 0.0103394352, 0.0103230029, 0.0103117488, 0.0103061078, 2.1176334e-15, 1.7969041e-13, 1.08873492e-11, 4.1070447e-10, 7.66563346e-09, 8.94649972e-08, 5.81062409e-07, 1.43830732e-06, 2.41116959e-06, 3.16865408e-06, 3.70420003e-06, 3.95105371e-06, 4.12865938e-06, 4.35330412e-06, 4.57329452e-06, 4.67671907e-06, 5.42739326e-06, 2.45289466e-05, 0.000245785865, 0.0012396212, 0.00287694298, 0.00372144603, 0.00349945878, 0.00486082863, 0.0141363973, 0.0305117425, 0.0477287807, 0.0561411642, 0.0578802712, 0.0554473512, 0.0503120646, 0.0459932685, 0.0534946434, 0.050214313, 0.0159691796, 0.0102819996, 0.00878159236, 0.00844807737, 0.00849658251, 0.00865069404, 0.00881099515, 0.00895369053, 0.00907793455, 0.00918888953, 0.00929219183, 0.00939140189, 0.00948751252, 0.00957939401, 0.00966461562, 0.00974039081, 0.00980441086, 0.00985535793, 0.0098930914, 0.00991856027, 0.00993353967, 0.00994030386, 0.00994130038, 0.00993885938, 0.00993493758, 0.00993092731, 0.00992755126, 0.00992496125, 0.00992309581, 0.00992222037, 0.00992340688, 0.00992865581, 0.00994014833, 0.0099570686, 0.00997656491, 0.00999626517, 3.81065856e-16, 3.00843978e-14, 1.67901728e-12, 5.74424397e-11, 9.38536471e-10, 8.84290152e-09, 4.39107382e-08, 1.04447743e-07, 1.80722367e-07, 2.43969566e-07, 3.05881628e-07, 3.67902373e-07, 4.51614312e-07, 5.68326129e-07, 7.12028225e-07, 8.69218809e-07, 1.89816524e-06, 2.55388532e-05, 0.000347114081, 0.00215834752, 0.00631690724, 0.00843037479, 0.00679077394, 0.00602843193, 0.012055357, 0.0242080819, 0.0376646221, 0.0501608066, 0.0564313754, 0.0570613928, 0.0546499752, 0.0531026646, 0.0548270531, 0.0535342507, 0.0196380969, 0.0140023017, 0.0116692111, 0.0105849588, 0.0100660287, 0.00981945172, 0.00970853399, 0.00966801308, 0.00966579281, 0.00968538783, 0.00971779414, 0.00975769851, 0.00980174076, 0.00984768197, 0.00989396032, 0.00993943773, 0.00998323876, 0.0100246742, 0.0100632021, 0.0100984294, 0.0101301176, 0.0101582054, 0.0101828249, 0.010204331, 0.0102233235, 0.0102406759, 0.0102575542, 0.0102754235, 0.0102960654, 0.0103215836, 0.0103544211, 0.01039737, 0.0104540521, 0.0105275428, 0.0106150741, 0.0107133035, 4.55783135e-17, 3.36663049e-15, 1.75226831e-13, 5.55890143e-12, 8.29667099e-11, 6.84331092e-10, 3.04893799e-09, 7.52485896e-09, 1.34620715e-08, 2.04043626e-08, 2.64146554e-08, 3.42037154e-08, 4.4429683e-08, 5.97688015e-08, 8.22223925e-08, 1.21061689e-07, 5.06648064e-07, 1.00512352e-05, 0.00016371411, 0.00120881281, 0.00424444769, 0.00874926243, 0.0102733355, 0.00989265647, 0.0117708063, 0.0198399443, 0.0288565774, 0.0381831862, 0.0452169515, 0.0490291603, 0.0504858233, 0.0510141961, 0.0512212366, 0.0513198636, 0.0432261787, 0.0322068892, 0.0257835388, 0.0221458711, 0.0199912265, 0.0186644625, 0.0178230796, 0.017275257, 0.0169066396, 0.0166462474, 0.0164484605, 0.016283486, 0.0161322467, 0.0159833562, 0.0158310216, 0.0156734418, 0.0155114699, 0.0153475478, 0.0151848653, 0.0150267659, 0.0148763666, 0.0147363758, 0.0146090435, 0.0144962166, 0.0143994456, 0.01432011, 0.0142595312, 0.0142190335, 0.0141998949, 0.0142031964, 0.0142295491, 0.0142787453, 0.0143491421, 0.0144404601, 0.0145559851, 0.0146948248, 2.75871124e-18, 1.92242121e-16, 9.4998328e-15, 2.87859634e-13, 4.12397937e-12, 3.20510181e-11, 1.41387416e-10, 3.87773702e-10, 7.82539478e-10, 1.30233058e-09, 1.96163108e-09, 2.7821625e-09, 3.63436303e-09, 4.61914818e-09, 6.00618444e-09, 7.63998376e-09, 1.09829656e-08, 4.70317367e-08, 5.67232291e-07, 4.29920055e-06, 2.89345426e-05, 0.000531095604, 0.0016524439, 0.00279610837, 0.00338917389, 0.00590100605, 0.0267162025, 0.0316825584, 0.0348902196, 0.0368758738, 0.0379684716, 0.0384637192, 0.0386042371, 0.0386414342, 0.0387951173, 0.0383900031, 0.0372478552, 0.0358772017, 0.0346430987, 0.0336634405, 0.0329302661, 0.0323939584, 0.0319984928, 0.0316978991, 0.0314589813, 0.031254895, 0.0310654677, 0.0308763701, 0.0306782108, 0.0304656513, 0.0302366279, 0.0299916118, 0.0297329612, 0.0294643249, 0.0291901641, 0.0289153457, 0.0286448672, 0.0283836611, 0.0281364713, 0.027907785, 0.0277017411, 0.0275220051, 0.0273715649, 0.0272524878, 0.0271656662, 0.0271107461, 0.027086271, 0.0270886458, 0.0271140225, 0.0271623917] (
            interpolation = "uniform"
        )
        float[] primvars:TAR_Gas_mass_fractions_8 = [4.44112114e-13, 4.27227698e-11, 2.64199707e-09, 9.57722648e-08, 5.65507526e-06, 0.00175027049, 0.471703112, 0.489241302, 0.493061751, 0.493891507, 0.470113456, 0.450200737, 0.431909204, 0.414218783, 0.3933658, 0.359728187, 0.315471739, 0.278145254, 0.256984025, 0.249794096, 0.250164628, 0.252277374, 0.253719509, 0.254324377, 0.253854394, 0.251969635, 0.248218, 0.241990209, 0.232105657, 0.215960056, 0.190950558, 0.159952089, 0.12852329, 0.0431003571, 1.73749231e-05, 1.25416511e-06, 1.25754514e-06, 1.25755264e-06, 1.25755821e-06, 1.25756276e-06, 1.2575664e-06, 1.25756958e-06, 1.25757231e-06, 1.25757481e-06, 1.2575772e-06, 1.25757947e-06, 1.25758163e-06, 1.25758368e-06, 1.25758561e-06, 1.25758754e-06, 1.25758925e-06, 1.25759095e-06, 1.25759243e-06, 1.25759379e-06, 1.25759504e-06, 1.25759607e-06, 1.25759686e-06, 1.25759755e-06, 1.25759811e-06, 1.25759846e-06, 1.2575988e-06, 1.25759891e-06, 1.25759902e-06, 1.25759914e-06, 1.25759914e-06, 1.25759914e-06, 1.25759914e-06, 1.25759914e-06, 1.25759914e-06, 1.25759914e-06, 2.88296215e-13, 2.64573745e-11, 1.56883051e-09, 5.33907958e-08, 2.49900222e-06, 0.000645174121, 0.145366475, 0.190320387, 0.224124119, 0.265601128, 0.266609758, 0.245769978, 0.207951471, 0.155963495, 0.102459118, 0.0729743764, 0.0642318726, 0.070021145, 0.0885332897, 0.11731638, 0.152197406, 0.184676796, 0.204675525, 0.214906096, 0.219532028, 0.220381886, 0.216864794, 0.2067478, 0.187469095, 0.16105184, 0.137970582, 0.121047676, 0.100645535, 0.0271434784, 1.86056241e-05, 1.27090755e-06, 1.28080171e-06, 1.29112084e-06, 1.30050444e-06, 1.30834098e-06, 1.3144122e-06, 1.31878903e-06, 1.32173273e-06, 1.32359139e-06, 1.32470655e-06, 1.32535502e-06, 1.325732e-06, 1.32596108e-06, 1.32611399e-06, 1.32622972e-06, 1.32632806e-06, 1.32641844e-06, 1.32650541e-06, 1.32659113e-06, 1.32667685e-06, 1.32676348e-06, 1.32685159e-06, 1.32694197e-06, 1.32703462e-06, 1.3271291e-06, 1.32722425e-06, 1.32731839e-06, 1.327409e-06, 1.32749358e-06, 1.32756918e-06, 1.32763375e-06, 1.32768525e-06, 1.32772288e-06, 1.3277463e-06, 1.32775688e-06, 1.67182579e-13, 1.4402585e-11, 8.06244072e-10, 2.57968207e-08, 1.09609527e-06, 0.000155380068, 0.0256329719, 0.0475592166, 0.0616661794, 0.068709746, 0.0603371486, 0.0486909971, 0.0344757326, 0.0240896977, 0.020049978, 0.0182014182, 0.0177509561, 0.019614961, 0.0251889229, 0.0345074385, 0.0497027747, 0.0757487267, 0.101628467, 0.123065241, 0.141492635, 0.151847601, 0.151478425, 0.144376636, 0.133997008, 0.119602509, 0.108050622, 0.0912603736, 0.0569365807, 0.0188897196, 2.04956013e-05, 1.27246835e-06, 1.28984595e-06, 1.30383864e-06, 1.31572108e-06, 1.32453329e-06, 1.33030392e-06, 1.33368155e-06, 1.33545984e-06, 1.33630476e-06, 1.33661956e-06, 1.33662707e-06, 1.33647927e-06, 1.33629692e-06, 1.33616231e-06, 1.33610286e-06, 1.3361115e-06, 1.33616186e-06, 1.33621768e-06, 1.33624758e-06, 1.33623814e-06, 1.33619528e-06, 1.33613753e-06, 1.33608376e-06, 1.33604533e-06, 1.33602509e-06, 1.33601975e-06, 1.33602418e-06, 1.33603305e-06, 1.33604306e-06, 1.33605181e-06, 1.33605784e-06, 1.33606056e-06, 1.33605977e-06, 1.33605681e-06, 1.33605306e-06, 8.39832083e-14, 6.75229404e-12, 3.53256951e-10, 1.03361222e-08, 3.12182323e-07, 2.42154983e-05, 0.00290456391, 0.00634228624, 0.00833668746, 0.00833793636, 0.00624820963, 0.00481868349, 0.00398150366, 0.00348232011, 0.00296293315, 0.00243020756, 0.00193750195, 0.00159461028, 0.00152454199, 0.00178859325, 0.00270951237, 0.00632264931, 0.0177030358, 0.0375720747, 0.0626564771, 0.0893166959, 0.105614446, 0.108067662, 0.104269654, 0.0946344584, 0.080684416, 0.0577724949, 0.0316168554, 0.0149541274, 0.000110579764, 5.11957978e-06, 1.30540775e-06, 1.30438161e-06, 1.31965157e-06, 1.32714547e-06, 1.32784407e-06, 1.4429047e-06, 1.51060078e-06, 1.5175624e-06, 1.48389847e-06, 1.42792953e-06, 1.36363622e-06, 1.3227359e-06, 1.32492676e-06, 1.32505045e-06, 1.32447724e-06, 1.32395678e-06, 1.32574917e-06, 1.3220191e-06, 1.32560444e-06, 1.3244246e-06, 1.32357457e-06, 1.32343894e-06, 1.32190291e-06, 1.32470871e-06, 1.32387879e-06, 1.32131447e-06, 1.32390096e-06, 1.32250864e-06, 1.3227617e-06, 1.32401362e-06, 1.32456034e-06, 1.32248078e-06, 1.32426112e-06, 1.32172431e-06, 3.53428868e-14, 2.65574888e-12, 1.29630917e-10, 3.47150619e-09, 7.29892022e-08, 2.6713335e-06, 0.000201767893, 0.000451008702, 0.000554161903, 0.000490792852, 0.000410349399, 0.000376849726, 0.000311825162, 0.000229481797, 0.000152182591, 9.33432166e-05, 5.54633298e-05, 3.38308637e-05, 2.2623577e-05, 1.83483498e-05, 1.96496676e-05, 0.00019852478, 0.00350304064, 0.0124934418, 0.0351517312, 0.0665248111, 0.0835790783, 0.0882037878, 0.085007146, 0.0738958269, 0.0561399721, 0.0356348976, 0.0192130208, 0.0104538705, 0.000889097922, 0.000170167114, 4.32277302e-05, 1.37360612e-05, 5.47858099e-06, 2.77882805e-06, 1.83821919e-06, 1.58662056e-06, 1.53668509e-06, 1.46278467e-06, 1.51280085e-06, 1.84685985e-06, 2.54714314e-06, 3.70953967e-06, 5.25347104e-06, 7.08413427e-06, 9.06089826e-06, 1.09928114e-05, 1.27135463e-05, 1.40671182e-05, 1.49901916e-05, 1.54716236e-05, 1.55422531e-05, 1.52654884e-05, 1.47301953e-05, 1.40679276e-05, 1.34819984e-05, 1.3023805e-05, 1.24782537e-05, 1.18513881e-05, 1.11778081e-05, 1.0496492e-05, 9.8598166e-06, 9.32626153e-06, 8.96524034e-06, 9.08941456e-06, 1.20425571e-14, 8.49855668e-13, 3.88485598e-11, 9.65723834e-10, 1.55854973e-08, 3.42688821e-07, 9.5086134e-06, 1.93796168e-05, 2.30891128e-05, 2.24054966e-05, 2.18665336e-05, 1.77595211e-05, 1.23550853e-05, 7.71132636e-06, 4.53917073e-06, 2.73419164e-06, 1.73842875e-06, 1.19756794e-06, 1.07295921e-06, 2.78634366e-06, 6.07398715e-06, 3.37634519e-05, 0.000851553574, 0.00532162655, 0.0226602014, 0.0542641096, 0.0721739456, 0.0761155263, 0.0708642006, 0.0576677322, 0.0406444557, 0.0255964827, 0.01618791, 0.00997524988, 0.00209951308, 0.000697775977, 0.000286531169, 0.000138801086, 7.75667068e-05, 4.90776583e-05, 3.45193839e-05, 2.63755937e-05, 2.17209654e-05, 1.93796041e-05, 1.86755788e-05, 1.89612165e-05, 1.96595047e-05, 2.04410007e-05, 2.12316663e-05, 2.20725869e-05, 2.29758589e-05, 2.38621415e-05, 2.45768879e-05, 2.49444747e-05, 2.48341348e-05, 2.42097976e-05, 2.31489357e-05, 2.18249261e-05, 2.04657426e-05, 1.93162923e-05, 1.86263806e-05, 1.86471534e-05, 1.96110341e-05, 2.16885928e-05, 2.49008663e-05, 2.90761473e-05, 3.39182043e-05, 3.88260596e-05, 4.32645611e-05, 4.73756263e-05, 3.19609142e-15, 2.13021237e-13, 9.17533931e-12, 2.14663759e-10, 2.88272983e-09, 3.9725002e-08, 5.56545046e-07, 8.93702975e-07, 1.06748769e-06, 1.05129027e-06, 9.28015027e-07, 6.90923969e-07, 4.74188681e-07, 3.22047015e-07, 2.30096688e-07, 1.75235201e-07, 1.39763458e-07, 1.24413162e-07, 5.44208319e-07, 6.15067938e-06, 2.02410574e-05, 3.13394339e-05, 0.000245987438, 0.00295431074, 0.0146259805, 0.0380849428, 0.0615976974, 0.0687839389, 0.06255088, 0.0488273166, 0.0337242745, 0.0220778994, 0.0201045945, 0.0204066262, 0.00493735308, 0.00204565213, 0.0010671973, 0.000646325818, 0.00043831626, 0.000325177854, 0.000258998625, 0.00021785406, 0.000191112587, 0.000173298846, 0.000161393531, 0.000153634086, 0.000148942388, 0.000146604652, 0.000146080041, 0.000146902777, 0.000148650288, 0.000150952939, 0.000153516958, 0.000156138543, 0.000158705981, 0.000161186967, 0.000163605655, 0.000166018232, 0.000168499173, 0.000171149164, 0.000174122833, 0.000177648632, 0.000182005722, 0.000187450394, 0.00019411846, 0.000201946255, 0.000210339655, 0.000217341905, 0.00022187439, 0.0002234766, 6.23859936e-16, 3.94998636e-14, 1.61659965e-12, 3.61100004e-11, 4.28374891e-10, 4.13230072e-09, 3.44804221e-08, 6.51048708e-08, 8.38169854e-08, 9.21145471e-08, 9.40489997e-08, 9.24933445e-08, 8.90656793e-08, 8.55891855e-08, 8.34027318e-08, 8.2595669e-08, 8.2736122e-08, 9.33530728e-08, 7.66370135e-07, 1.33034719e-05, 7.18564042e-05, 0.000114786082, 0.000179601906, 0.00159385707, 0.00932472385, 0.0256190803, 0.0428677946, 0.0559316091, 0.0566187128, 0.0476616472, 0.0362731665, 0.0279316362, 0.0259782709, 0.0254108254, 0.00654739654, 0.00370493555, 0.00245416071, 0.00179526664, 0.00141563918, 0.0011839302, 0.0010364803, 0.000939368794, 0.000873328885, 0.000826823467, 0.00079265004, 0.000766226382, 0.000744685065, 0.00072633737, 0.000710304535, 0.000696232833, 0.000684067898, 0.00067387434, 0.000665706233, 0.000659532205, 0.000655203767, 0.000652462535, 0.000650977832, 0.000650404079, 0.000650448375, 0.000650935399, 0.000651857408, 0.00065339281, 0.000655883516, 0.000659764861, 0.000665450585, 0.000673177827, 0.000683215621, 0.000696389354, 0.000711580331, 0.000727678009, 8.02122466e-17, 4.85911716e-15, 1.91276181e-13, 4.15516623e-12, 4.58280705e-11, 3.52965185e-10, 2.042432e-09, 4.51518067e-09, 7.07836012e-09, 9.90326754e-09, 1.46670924e-08, 1.91900096e-08, 2.40370905e-08, 3.12530766e-08, 3.99574027e-08, 4.83739413e-08, 5.53169315e-08, 6.91576005e-08, 4.19227121e-07, 8.73317185e-06, 5.81937893e-05, 0.000155814181, 0.000222873641, 0.000670467678, 0.00530143688, 0.0168503262, 0.0284293368, 0.038500268, 0.0432611518, 0.0425199345, 0.0391943865, 0.0360814333, 0.0340901911, 0.0320560932, 0.0239959992, 0.0156777054, 0.0111779785, 0.00868942682, 0.0072070309, 0.00626810128, 0.00564260455, 0.00520556699, 0.00488406233, 0.00463366788, 0.00442645466, 0.0042446861, 0.00407734979, 0.00391806755, 0.00376367266, 0.00361315417, 0.00346683408, 0.00332574756, 0.00319118518, 0.00306438422, 0.00294635003, 0.0028377783, 0.00273905089, 0.00265027815, 0.00257136603, 0.00250209076, 0.00244216155, 0.00239125616, 0.00234901137, 0.00231497176, 0.00228849892, 0.00226867176, 0.00225409726, 0.00224409485, 0.00223948946, 0.00223948294, 5.14895943e-18, 3.01556196e-16, 1.16268426e-14, 2.5211834e-13, 2.72194658e-12, 1.88142436e-11, 9.01458838e-11, 2.32079453e-10, 4.35469244e-10, 7.05217662e-10, 1.08191167e-09, 1.58658364e-09, 2.64523892e-09, 1.39656997e-08, 2.33395365e-08, 2.25761383e-08, 1.75425647e-08, 1.45439083e-08, 1.71796586e-08, 5.68041045e-08, 3.69834453e-07, 9.43591749e-06, 3.32763993e-05, 0.000103381477, 0.000231828541, 0.000487332029, 0.0233476479, 0.0282772984, 0.0304948501, 0.0310043413, 0.0305721033, 0.0297379047, 0.0287608076, 0.0277579632, 0.0267099701, 0.0250930581, 0.0230666026, 0.0211268086, 0.0195057504, 0.0182216316, 0.0172145106, 0.0164128263, 0.0157543961, 0.0151934773, 0.0146989869, 0.0142477648, 0.0138235604, 0.0134155583, 0.0130171143, 0.0126246978, 0.012237045, 0.0118544549, 0.011478222, 0.0111102005, 0.0107524674, 0.0104070865, 0.0100759668, 0.00976077188, 0.00946289115, 0.00918342266, 0.00892316457, 0.00868258625, 0.00846176781, 0.00826033019, 0.0080773849, 0.00791155081, 0.00776107423, 0.00762343965, 0.00749617303, 0.00737855164] (
            interpolation = "uniform"
        )
        float[] primvars:TAR0_Gas_mass_fractions_9 = [0, 0, 0, 0, 0, 0, 0, 0, 0, 0, 0, 0, 0, 0, 0, 0, 0, 0, 0, 0, 0, 0, 0, 0, 0, 0, 0, 0, 0, 0, 0, 0, 0, 0, 0, 0, 0, 0, 0, 0, 0, 0, 0, 0, 0, 0, 0, 0, 0, 0, 0, 0, 0, 0, 0, 0, 0, 0, 0, 0, 0, 0, 0, 0, 0, 0, 0, 0, 0, 0, 0, 0, 0, 0, 0, 0, 0, 0, 0, 0, 0, 0, 0, 0, 0, 0, 0, 0, 0, 0, 0, 0, 0, 0, 0, 0, 0, 0, 0, 0, 0, 0, 0, 0, 0, 0, 0, 0, 0, 0, 0, 0, 0, 0, 0, 0, 0, 0, 0, 0, 0, 0, 0, 0, 0, 0, 0, 0, 0, 0, 0, 0, 0, 0, 0, 0, 0, 0, 0, 0, 0, 0, 0, 0, 0, 0, 0, 0, 0, 0, 0, 0, 0, 0, 0, 0, 0, 0, 0, 0, 0, 0, 0, 0, 0, 0, 0, 0, 0, 0, 0, 0, 0, 0, 0, 0, 0, 0, 0, 0, 0, 0, 0, 0, 0, 0, 0, 0, 0, 0, 0, 0, 0, 0, 0, 0, 0, 0, 0, 0, 0, 0, 0, 0, 0, 0, 0, 0, 0, 0, 0, 0, 0, 0, 0, 0, 0, 0, 0, 0, 0, 0, 0, 0, 0, 0, 0, 0, 0, 0, 0, 0, 0, 0, 0, 0, 0, 0, 0, 0, 0, 0, 0, 0, 0, 0, 0, 0, 0, 0, 0, 0, 0, 0, 0, 0, 0, 0, 0, 0, 0, 0, 0, 0, 0, 0, 0, 0, 0, 0, 0, 0, 0, 0, 0, 0, 0, 0, 0, 0, 0, 0, 0, 0, 0, 0, 0, 0, 0, 0, 0, 0, 0, 0, 9.65894031e-15, 1.26565425e-14, 0, 0, 0, 0, 0, 0, 0, 0, 0, 0, 0, 0, 0, 0, 0, 0, 0, 0, 0, 0, 0, 0, 0, 0, 0, 0, 0, 0, 0, 0, 0, 0, 0, 0, 0, 0, 0, 0, 0, 0, 0, 0, 0, 0, 0, 0, 0, 0, 0, 0, 0, 0, 0, 0, 0, 0, 0, 0, 0, 0, 0, 0, 0, 1.88591166e-15, 2.16488611e-14, 5.05151307e-14, 7.7826634e-14, 9.41469125e-14, 9.40358902e-14, 8.01581024e-14, 0, 0, 0, 0, 0, 0, 0, 0, 0, 0, 0, 0, 0, 0, 0, 0, 0, 0, 0, 0, 0, 0, 0, 0, 0, 0, 0, 0, 0, 0, 0, 0, 0, 0, 0, 0, 0, 0, 0, 0, 0, 0, 0, 0, 0, 0, 0, 0, 0, 0, 0, 0, 0, 0, 0, 0, 0, 0, 0, 0, 0, 2.46469376e-14, 6.88205461e-14, 1.26593614e-13, 1.87625197e-13, 2.24931144e-13, 2.0783375e-13, 1.78634885e-13, 1.41886503e-13, 1.05915277e-13, 0, 0, 0, 0, 0, 0, 0, 0, 0, 0, 0, 0, 0, 0, 0, 0, 0, 0, 0, 0, 0, 0, 0, 0, 0, 0, 0, 0, 0, 0, 0, 0, 0, 0, 0, 0, 0, 0, 0, 0, 0, 0, 0, 0, 0, 0, 0, 0, 0, 0, 0, 0, 0, 0, 0, 0, 0, 0, 0, 0, 0, 0, 1.13232288e-14, 2.1411597e-14, 3.54151624e-14, 4.28545918e-14, 4.69624339e-14, 4.36317649e-14, 3.84137167e-14, 6.76125822e-14, 0, 0, 0, 0, 0, 0, 0, 0, 0, 0, 0, 0, 0, 0, 0, 0, 0, 0, 0, 0, 0, 0, 0, 0, 0, 0, 0, 0, 0, 0, 0, 0, 0, 0, 0, 0, 0, 0, 0, 0, 0, 0, 0, 0, 0, 0, 0, 0, 0, 0, 0, 0, 0, 0, 0, 0, 0, 0, 0, 0, 0, 0, 0, 0, 0, 0, 0, 0, 0, 1.67199588e-13, 1.76525461e-14, 0, 0, 0, 0, 0, 0, 0, 0, 0, 0, 0, 0, 0, 0, 0, 0, 0, 0, 0, 0, 0, 0, 0, 0, 0, 0, 0, 0, 0, 0, 0, 0, 0, 0, 0, 0, 0, 0, 0, 0, 0, 0, 0, 0, 0, 0, 0, 0, 0, 0, 0, 0, 0, 0, 0, 0, 0, 0, 0, 0, 0, 0, 0, 0, 0, 0, 0, 5.7731034e-15, 0, 2.07611706e-14, 0, 0, 0, 0, 0, 0, 0, 0, 0, 0, 0, 0, 0, 0, 0, 0, 0, 0, 0, 0, 0, 0, 0, 0, 0, 0, 0, 0, 0, 0, 0, 0, 0, 0, 0, 0, 0, 0, 0, 0, 0, 0, 0, 0, 0, 0, 0, 0, 0, 0, 0, 0, 0] (
            interpolation = "uniform"
        )
        float[] primvars:BIOMASS_Solids_mass_fractions_1_1 = [0, 0, 0, 0, 0, 0, 1.21546836e-05, 1.36137032e-06, 9.63162734e-07, 1.03274886e-06, 0, 9.66429567e-08, 9.75881491e-08, 8.87430431e-08, 9.6974297e-08, 9.36068147e-08, 9.24349806e-08, 9.11701648e-08, 8.9914785e-08, 8.87562805e-08, 8.78734596e-08, 8.74674768e-08, 8.75967316e-08, 8.81664235e-08, 8.89806557e-08, 8.98232599e-08, 9.05193289e-08, 9.09621392e-08, 9.1131291e-08, 9.1090115e-08, 9.09213895e-08, 9.06432547e-08, 9.03140531e-08, 9.01825672e-08, 9.0182553e-08, 9.16069993e-08, 9.29560358e-08, 9.20313639e-08, 8.94567833e-08, 9.0211941e-08, 8.81560496e-08, 9.17831997e-08, 8.82494717e-08, 8.87824498e-08, 9.12599702e-08, 0, 0, 0, 0, 0, 0, 0, 0, 0, 0, 0, 0, 0, 0, 0, 0, 0, 0, 0, 0, 0, 0, 0, 0, 0, 0, 0, 0, 0, 0, 1.94736893e-09, 0, 0, 5.7721131e-08, 2.41771598e-08, 7.74389051e-08, 9.30719821e-08, 9.26331793e-08, 9.05467985e-08, 8.96721488e-08, 8.91689282e-08, 8.89210412e-08, 8.8803418e-08, 8.87557192e-08, 8.87377212e-08, 8.87251304e-08, 8.87303386e-08, 8.87773837e-08, 8.88710829e-08, 8.90157494e-08, 8.92130885e-08, 8.94531453e-08, 8.97065533e-08, 8.99305732e-08, 9.0077485e-08, 9.02198067e-08, 9.02591921e-08, 9.01827661e-08, 9.01729607e-08, 9.01729322e-08, 9.54652677e-08, 9.17871006e-08, 9.22418479e-08, 8.98759609e-08, 8.99291734e-08, 9.20727885e-08, 9.66421112e-08, 9.01827093e-08, 9.25680368e-08, 0, 0, 0, 0, 0, 0, 0, 0, 0, 0, 0, 0, 0, 0, 0, 0, 0, 0, 0, 0, 0, 0, 0, 0, 0, 0, 0, 0, 0, 0, 0, 8.56370477e-08, 8.58586517e-08, 8.74726638e-08, 9.04919872e-08, 9.66084599e-08, 8.93253258e-08, 8.99343178e-08, 8.88307738e-08, 8.85815652e-08, 8.85779201e-08, 8.86134615e-08, 8.8622869e-08, 8.85938505e-08, 8.85473668e-08, 8.85029081e-08, 8.84747777e-08, 8.84573268e-08, 8.84501716e-08, 8.84764262e-08, 8.85730529e-08, 8.87789895e-08, 8.90991174e-08, 8.95023362e-08, 8.98274166e-08, 8.99759058e-08, 9.01024393e-08, 9.01520707e-08, 9.0146834e-08, 9.01715822e-08, 9.01715396e-08, 9.21175101e-08, 9.20399614e-08, 9.20857275e-08, 9.01727333e-08, 8.91619862e-08, 0, 0, 9.15131864e-08, 9.34340321e-08, 0, 0, 0, 0, 0, 0, 0, 0, 0, 0, 0, 0, 0, 0, 0, 0, 0, 0, 0, 0, 0, 0, 0, 0, 0, 0, 0, 0, 0, 0, 8.54154436e-08, 8.54154436e-08, 8.62854748e-08, 8.86902711e-08, 9.32938704e-08, 9.69592264e-08, 9.4924637e-08, 8.91392347e-08, 8.857279e-08, 8.86058444e-08, 8.87037075e-08, 8.87572895e-08, 8.87483651e-08, 8.86735805e-08, 8.85594389e-08, 8.84429738e-08, 8.83558542e-08, 8.83179752e-08, 8.82825404e-08, 8.83285196e-08, 8.86240699e-08, 8.89439207e-08, 8.93072212e-08, 8.96376235e-08, 8.98452654e-08, 8.99671875e-08, 9.00672106e-08, 9.01170338e-08, 9.01318913e-08, 9.01517581e-08, 9.01654289e-08, 9.25840382e-08, 9.19427166e-08, 9.21910583e-08, 9.05150515e-08, 0, 0, 0, 9.26255836e-08, 0, 0, 0, 0, 0, 0, 0, 0, 0, 0, 0, 0, 0, 0, 0, 0, 0, 0, 0, 0, 0, 0, 0, 0, 0, 0, 0, 0, 0, 0, 0, 8.52933866e-08, 8.54547437e-08, 8.69419736e-08, 9.01777284e-08, 9.56787574e-08, 9.55881632e-08, 9.55558903e-08, 8.86016807e-08, 8.8568278e-08, 8.87439455e-08, 8.88534615e-08, 8.88821035e-08, 8.88215368e-08, 8.86722376e-08, 8.84768596e-08, 8.83013556e-08, 8.81924365e-08, 8.81525821e-08, 8.8310145e-08, 8.85207072e-08, 8.88706282e-08, 8.92156606e-08, 8.95131649e-08, 8.97382861e-08, 8.9879542e-08, 8.99771635e-08, 9.00555364e-08, 9.00991779e-08, 9.01143622e-08, 9.01143906e-08, 9.11073244e-08, 8.96595935e-08, 9.22218035e-08, 9.3352142e-08, 9.13768901e-08, 0, 0, 0, 0, 0, 0, 0, 0, 0, 0, 0, 0, 0, 0, 0, 0, 0, 0, 0, 0, 0, 0, 0, 0, 0, 0, 0, 0, 0, 0, 0, 0, 0, 0, 8.51320365e-08, 8.51320365e-08, 8.52341913e-08, 8.73045209e-08, 9.13596381e-08, 9.96757663e-08, 8.79765238e-08, 8.89218086e-08, 8.85092533e-08, 8.87248959e-08, 8.8882345e-08, 8.89701681e-08, 8.89674112e-08, 8.88526799e-08, 8.86384441e-08, 8.84025653e-08, 8.82577993e-08, 8.82437945e-08, 8.83306726e-08, 8.84899265e-08, 8.87414586e-08, 8.91244625e-08, 8.94221799e-08, 8.96408778e-08, 8.97972754e-08, 8.99035584e-08, 8.9983331e-08, 9.00469246e-08, 9.00848107e-08, 9.0099654e-08, 9.64958105e-08, 0, 0, 0, 5.09889979e-08, 0, 0, 0, 0, 0, 0, 0, 0, 0, 0, 0, 0, 0, 0, 0, 0, 0, 0, 0, 0, 0, 0, 0, 0, 0, 0, 0, 0, 0, 0, 0, 0, 0, 0, 0, 8.44586552e-08, 8.44586552e-08, 8.39602308e-08, 8.68323298e-08, 9.12204214e-08, 8.42344292e-08, 9.00729304e-08, 8.89404959e-08, 8.86372433e-08, 8.88301344e-08, 8.89699479e-08, 8.90748169e-08, 8.90709657e-08, 8.89597445e-08, 8.87746054e-08, 8.85879317e-08, 8.84717295e-08, 8.84589042e-08, 8.85488873e-08, 8.87041196e-08, 8.89058001e-08, 8.92980196e-08, 8.95410111e-08, 8.97079389e-08, 8.98281201e-08, 8.9915055e-08, 8.99821302e-08, 9.00341632e-08, 9.00624784e-08, 9.00625707e-08, 9.00228656e-08, 0, 0, 0, 0, 0, 0, 0, 0, 1.13256438e-09, 1.20788768e-10, 1.93125489e-21, 4.58177246e-11, 7.77837517e-11, 7.79148881e-13, 3.31852636e-11, 7.54334442e-12, 2.57421493e-12, 4.23995051e-36, 1.21365261e-14, 5.37060817e-15, 8.92744351e-16, 1.31772179e-14, 1.19593172e-11, 2.29954707e-14, 2.62660868e-14, 2.63866992e-14, 1.24696106e-27, 3.78442791e-39, 4.69770039e-28, 0, 2.83723353e-28, 2.38971684e-13, 0, 1.0232981e-28, 6.24171125e-14, 0, 0, 0, 0, 0, 8.36023943e-08, 8.27461335e-08, 8.53387974e-08, 8.92267735e-08, 9.55341406e-08, 8.53522764e-08, 8.94008068e-08, 8.87254075e-08, 8.88541081e-08, 8.8867516e-08, 8.91751242e-08, 8.92235477e-08, 8.91740228e-08, 8.90511558e-08, 8.89102054e-08, 8.88062033e-08, 8.87700011e-08, 8.87951757e-08, 8.88754883e-08, 8.90167939e-08, 8.93811034e-08, 8.96001779e-08, 8.97390038e-08, 8.98395243e-08, 8.99134562e-08, 8.99698946e-08, 9.00130672e-08, 9.00378083e-08, 9.00118096e-08, 9.18442637e-08, 9.29397643e-08, 9.53894599e-08, 0, 0, 0, 8.30169142e-08, 0, 3.40661233e-09, 0, 0, 3.51676377e-08, 2.43769307e-08, 0, 4.2997133e-08, 6.44764171e-08, 0, 0, 6.18026661e-08, 1.8918346e-08, 5.91609144e-08, 7.56803615e-08, 1.30701903e-08, 2.29954707e-14, 8.93520493e-08, 9.52989936e-08, 2.96504048e-08, 1.24696116e-27, 2.10875406e-08, 0, 0, 0, 0, 0, 0, 0, 0, 0, 0, 0, 0, 0, 8.13868297e-08, 8.00275259e-08, 8.01245932e-08, 7.80851082e-08, 9.22357302e-08, 9.66738227e-08, 8.90369662e-08, 8.84704647e-08, 8.66114718e-08, 8.91933567e-08, 8.93537546e-08, 8.9428184e-08, 8.94079264e-08, 8.93289354e-08, 8.92310439e-08, 8.91541205e-08, 8.91281786e-08, 8.91714507e-08, 8.92945238e-08, 8.94892054e-08, 8.96175436e-08, 8.97442192e-08, 8.98293209e-08, 8.98935681e-08, 8.99431498e-08, 8.99604657e-08, 8.99162202e-08, 8.98717758e-08, 8.98720103e-08, 8.98731329e-08, 8.98751225e-08, 8.98778438e-08, 8.98811336e-08, 8.98848853e-08, 8.98870667e-08, 8.98938595e-08, 8.99873385e-08, 9.03312269e-08, 9.0334197e-08, 8.95813983e-08, 8.95941952e-08, 8.96648373e-08, 8.97593964e-08, 8.97695571e-08, 8.87873668e-08, 8.87980107e-08, 8.8805983e-08, 8.88132305e-08, 8.88190783e-08, 8.88256579e-08, 8.8830042e-08, 8.88345326e-08, 8.88386893e-08, 8.88421283e-08, 8.88452263e-08, 8.88479406e-08, 8.88507401e-08, 8.88534188e-08, 8.88558418e-08, 8.88582932e-08, 8.88603751e-08, 8.8863203e-08, 8.88653133e-08, 8.88674805e-08, 8.88695837e-08, 0, 0, 0, 0, 0, 0, 8.00275259e-08, 8.01245932e-08, 7.808557e-08, 8.29635241e-08, 7.34286019e-08, 7.40410684e-08, 7.09292891e-08, 1.73863697e-08, 8.88005047e-08, 8.90436809e-08, 8.93535557e-08, 8.95459422e-08, 8.96633665e-08, 8.9725269e-08, 8.97242884e-08, 8.9663402e-08, 8.96136285e-08, 8.96208405e-08, 8.97818069e-08, 8.98016097e-08, 8.97442334e-08, 8.98091272e-08, 8.98485766e-08, 8.98634909e-08, 8.98698218e-08, 8.98719179e-08, 8.98716834e-08, 8.98718824e-08, 8.98730335e-08, 8.98750656e-08, 8.98778083e-08, 8.98811123e-08, 8.98848711e-08, 8.98870525e-08, 8.98870454e-08, 8.9893696e-08, 8.99860311e-08, 9.02954227e-08, 9.02956216e-08, 8.94815457e-08, 8.94816381e-08, 8.9544713e-08, 8.96355132e-08, 8.96426116e-08, 8.86369733e-08, 8.86437164e-08, 8.86495428e-08, 8.86556393e-08, 8.86599878e-08, 8.86645637e-08, 8.8668763e-08, 8.86722873e-08, 8.86756482e-08, 8.86785827e-08, 8.86816593e-08, 8.86845797e-08, 8.86871874e-08, 8.86897809e-08, 8.86919409e-08, 8.8694506e-08, 8.86965026e-08, 8.86986129e-08, 8.8700304e-08, 8.87000198e-08] (
            interpolation = "uniform"
        )
        float[] primvars:MOISTURE_Solids_mass_fractions_1_2 = [0, 0, 0, 0, 0, 0, 0, 0, 0, 0, 0, 0, 0, 0, 0, 0, 0, 0, 0, 0, 0, 0, 0, 0, 0, 0, 0, 0, 0, 0, 0, 0, 0, 0, 0, 0, 0, 0, 0, 0, 0, 0, 0, 0, 0, 0, 0, 0, 0, 0, 0, 0, 0, 0, 0, 0, 0, 0, 0, 0, 0, 0, 0, 0, 0, 0, 0, 0, 0, 0, 0, 0, 0, 0, 0, 0, 0, 0, 0, 0, 0, 0, 0, 0, 0, 0, 0, 0, 0, 0, 0, 0, 0, 0, 0, 0, 0, 0, 0, 0, 0, 0, 0, 0, 0, 0, 0, 0, 0, 0, 0, 0, 0, 0, 0, 0, 0, 0, 0, 0, 0, 0, 0, 0, 0, 0, 0, 0, 0, 0, 0, 0, 0, 0, 0, 0, 0, 0, 0, 0, 0, 0, 0, 0, 0, 0, 0, 0, 0, 0, 0, 0, 0, 0, 0, 0, 0, 0, 0, 0, 0, 0, 0, 0, 0, 0, 0, 0, 0, 0, 0, 0, 0, 0, 0, 0, 0, 0, 0, 0, 0, 0, 0, 0, 0, 0, 0, 0, 0, 0, 0, 0, 0, 0, 0, 0, 0, 0, 0, 0, 0, 0, 0, 0, 0, 0, 0, 0, 0, 0, 0, 0, 0, 0, 0, 0, 0, 0, 0, 0, 0, 0, 0, 0, 0, 0, 0, 0, 0, 0, 0, 0, 0, 0, 0, 0, 0, 0, 0, 0, 0, 0, 0, 0, 0, 0, 0, 0, 0, 0, 0, 0, 0, 0, 0, 0, 0, 0, 0, 0, 0, 0, 0, 0, 0, 0, 0, 0, 0, 0, 0, 0, 0, 0, 0, 0, 0, 0, 0, 0, 0, 0, 0, 0, 0, 0, 0, 0, 0, 0, 0, 0, 0, 0, 0, 0, 0, 0, 0, 0, 0, 0, 0, 0, 0, 0, 0, 0, 0, 0, 0, 0, 0, 0, 0, 0, 0, 0, 0, 0, 0, 0, 0, 0, 0, 0, 0, 0, 0, 0, 0, 0, 0, 0, 0, 0, 0, 0, 0, 0, 0, 0, 0, 0, 0, 0, 0, 0, 0, 0, 0, 0, 0, 0, 0, 0, 0, 0, 0, 0, 0, 0, 0, 0, 0, 0, 0, 0, 0, 0, 0, 0, 0, 0, 0, 0, 0, 0, 0, 0, 0, 0, 0, 0, 0, 0, 0, 0, 0, 0, 0, 0, 0, 0, 0, 0, 0, 0, 0, 0, 0, 0, 0, 0, 0, 0, 0, 0, 0, 0, 0, 0, 0, 0, 0, 0, 0, 0, 0, 0, 0, 0, 0, 0, 0, 0, 0, 0, 0, 0, 0, 0, 0, 0, 0, 0, 0, 0, 0, 0, 0, 0, 0, 0, 0, 0, 0, 0, 0, 0, 0, 0, 0, 0, 0, 0, 0, 0, 0, 0, 0, 0, 0, 0, 0, 0, 0, 0, 0, 0, 0, 0, 0, 0, 0, 0, 0, 0, 0, 0, 0, 0, 0, 0, 0, 0, 0, 0, 0, 0, 0, 0, 0, 0, 0, 0, 0, 0, 0, 0, 0, 0, 0, 0, 0, 0, 0, 0, 0, 0, 0, 0, 0, 0, 0, 0, 0, 0, 0, 0, 0, 0, 0, 0, 0, 0, 0, 0, 0, 0, 0, 0, 0, 0, 0, 0, 0, 0, 0, 0, 0, 0, 0, 0, 0, 0, 0, 0, 0, 0, 0, 0, 0, 0, 0, 0, 0, 0, 0, 0, 0, 0, 0, 0, 0, 0, 0, 0, 0, 0, 0, 0, 0, 0, 0, 0, 0, 0, 0, 0, 0, 0, 0, 0, 0, 0, 0, 0, 0, 0, 0, 0, 0, 0, 0, 0, 0, 0, 0, 0, 0, 0, 0, 0, 0, 0, 0, 0, 0, 0, 0, 0, 0, 0, 0, 0, 0, 0, 0, 0, 0, 0, 0, 0, 0, 0, 0, 0, 0, 0, 0, 0, 0, 0, 0, 0, 0, 0, 0, 0, 0, 0, 0, 0, 0, 0, 0, 0, 0, 0, 0, 0, 0, 0, 0, 0, 0, 0, 0, 0, 0, 0, 0, 0, 0, 0, 0, 0, 0, 0, 0, 0, 0, 0, 0, 0, 0, 0, 0, 0, 0, 0, 0, 0, 0, 0, 0, 0, 0, 0, 0, 0, 0, 0, 0, 0, 0, 0, 0, 0] (
            interpolation = "uniform"
        )
        float[] primvars:CHAR_Solids_mass_fractions_1_3 = [0, 0, 0, 0, 0, 0, 0.740368307, 0.744971275, 0.743441761, 0.743531525, 0.738730729, 0.731671751, 0.724791884, 0.721901715, 0.72279495, 0.724959135, 0.72679621, 0.728096366, 0.729015112, 0.729796767, 0.730687499, 0.731541872, 0.732091188, 0.732246578, 0.732094049, 0.73181802, 0.731605589, 0.731572092, 0.73171556, 0.731940389, 0.732153952, 0.732338727, 0.732667506, 0.733214021, 0.73321408, 0.734309614, 0.740286469, 0.743505597, 0.748912036, 0.749562562, 0.753503203, 0.740602195, 0.751048386, 0.75029248, 0.743941903, 0, 0, 0, 0, 0, 0, 0, 0, 0, 0, 0, 0, 0, 0, 0, 0, 0, 0, 0, 0, 0, 0, 0, 0, 0, 0, 0, 0, 0, 0, 0, 0, 0, 9.57439781e-08, 0.130553558, 0.297999322, 0.614218175, 0.695375621, 0.722350717, 0.732503414, 0.736364007, 0.737796664, 0.738172412, 0.738010824, 0.737838864, 0.737960696, 0.738345742, 0.738632321, 0.738715768, 0.738554537, 0.738135338, 0.737472355, 0.736625671, 0.735680521, 0.734670222, 0.733464599, 0.732792437, 0.732964277, 0.733253896, 0.733253956, 0.725155711, 0.743606448, 0.742888868, 0.747892916, 0.750217021, 0.743388414, 0.727148056, 0.745826721, 0.739797473, 0, 0, 0, 0, 0, 0, 0, 0, 0, 0, 0, 0, 0, 0, 0, 0, 0, 0, 0, 0, 0, 0, 0, 0, 0, 0, 0, 0, 0, 0, 0, 8.33413552e-08, 7.75478668e-08, 5.68090925e-08, 8.23349993e-08, 7.71493603e-07, 0.295841068, 0.683991432, 0.72921443, 0.739403605, 0.742018878, 0.742664933, 0.74278903, 0.742849052, 0.742915332, 0.742966592, 0.74294281, 0.742861569, 0.742737174, 0.742407322, 0.74169153, 0.740475774, 0.738793731, 0.736790776, 0.735099316, 0.734131336, 0.733345985, 0.733030081, 0.733116865, 0.733257353, 0.733257473, 0.734708309, 0.742954612, 0.743241012, 0.747336209, 0.749212325, 0.666766286, 0.708097816, 0.74233973, 0.737622917, 0, 0, 0, 0, 0, 0, 0, 0, 0, 0, 0, 0, 0, 0, 0, 0, 0, 0, 0, 0, 0, 0, 0, 0, 0, 0, 0, 0, 0, 0, 8.91348364e-08, 8.91348364e-08, 6.9418661e-08, 6.78175596e-08, 8.4151246e-08, 7.1713308e-05, 0.563406825, 0.725722611, 0.741159141, 0.742980957, 0.742897213, 0.742689908, 0.742600977, 0.742668211, 0.742860615, 0.743108511, 0.743401647, 0.743611395, 0.743717194, 0.743056834, 0.740944505, 0.739138126, 0.737213433, 0.735537767, 0.734476328, 0.733841717, 0.733372509, 0.733172178, 0.733203113, 0.733230174, 0.733267307, 0.73331356, 0.743275702, 0.742806911, 0.747116745, 0.678121388, 0.670967042, 0.568740308, 0.739605546, 0, 0, 0, 0, 0, 0, 0, 0, 0, 0, 0, 0, 0, 0, 0, 0, 0, 0, 0, 0, 0, 0, 0, 0, 0, 0, 0, 0, 0, 0, 0, 8.88974725e-08, 8.69438495e-08, 6.21210177e-08, 9.50925738e-08, 6.77617436e-06, 0.00925106928, 0.709697127, 0.742142558, 0.7433604, 0.742918432, 0.742447436, 0.74221158, 0.742162108, 0.7423051, 0.74260962, 0.743008971, 0.743497074, 0.743749917, 0.742907882, 0.741467416, 0.739287734, 0.737409532, 0.735895276, 0.734808326, 0.734155178, 0.733725011, 0.733407378, 0.733252943, 0.733255744, 0.733255625, 0.738292158, 0.742108107, 0.742481828, 0.738116264, 0.746003151, 0.652110517, 0.65868032, 0.589950442, 0, 0, 0, 0, 0, 0, 0, 0, 0, 0, 0, 0, 0, 0, 0, 0, 0, 0, 0, 0, 0, 0, 0, 0, 0, 0, 0, 0, 0, 0, 0, 9.08511026e-08, 9.08511026e-08, 8.88594514e-08, 9.12714455e-08, 1.6274646e-06, 0.0011789141, 0.410888165, 0.737111509, 0.7423352, 0.742641628, 0.742434382, 0.742022157, 0.741784334, 0.741734445, 0.741909325, 0.742248476, 0.742527723, 0.742534518, 0.742175281, 0.741382957, 0.73993355, 0.737765014, 0.736223221, 0.735168695, 0.734459341, 0.734003603, 0.733677268, 0.733430386, 0.733295739, 0.733275533, 0.719286203, 0.665358543, 0.630980134, 0.662871599, 0.715765417, 0.645861626, 0.650449574, 0.579509676, 0.61617732, 0, 0, 0, 0, 0, 0, 0, 0, 0, 0, 0, 0, 0, 0, 0, 0, 0, 0, 0, 0, 0, 0, 0, 0, 0, 0, 0, 0, 0, 0, 0, 9.28851165e-08, 9.28851165e-08, 9.34632993e-08, 6.51323049e-08, 7.06343644e-06, 0.00364467362, 0.510769248, 0.731915057, 0.740499735, 0.74170953, 0.74209404, 0.741654515, 0.741309464, 0.741110981, 0.741049647, 0.741067827, 0.741069615, 0.740935981, 0.740522683, 0.739812493, 0.738818765, 0.736767411, 0.735578239, 0.734808028, 0.734284639, 0.733922899, 0.733651221, 0.733441949, 0.73332268, 0.733322442, 0.733181953, 0.590435326, 0.512453198, 0.529465795, 0.549105465, 0.45272246, 0.67597127, 0.536041081, 0.561455131, 0.00618182495, 0.000670781301, 1.37543734e-14, 0.000241738599, 0.000431867287, 3.99080636e-06, 0.00015893743, 2.96379312e-05, 1.20753048e-05, 0, 9.9982806e-08, 4.68825441e-08, 7.79318299e-09, 9.99882488e-08, 5.03765878e-05, 1.20497333e-07, 1.45607672e-07, 1.4851787e-07, 0, 0, 0, 0, 0, 1.35190476e-06, 0, 1.29916997e-18, 3.4223001e-07, 0, 0, 0, 0, 0, 9.53539399e-08, 9.78227703e-08, 8.68815349e-08, 2.68846452e-06, 0.0014456053, 0.323915958, 0.709511459, 0.735536993, 0.73934412, 0.741778374, 0.741416931, 0.740887046, 0.740449488, 0.740072489, 0.739717841, 0.739395916, 0.739149451, 0.73897016, 0.738623261, 0.737995863, 0.736226261, 0.735249698, 0.734625876, 0.734195471, 0.733887255, 0.733652771, 0.7334674, 0.733394921, 0.733470917, 0.736013591, 0.733585238, 0.729432285, 0.71896863, 0.704305708, 0.607838333, 0.640799999, 0.636547744, 0.621731102, 0.612574041, 0.603737175, 0.600143611, 0.596259534, 0.589083314, 0.263709009, 0.37039718, 0.568525851, 0.562836766, 0.35749492, 0.125690699, 0.350162029, 0.425424129, 0.0916567668, 1.6695634e-07, 0.518462658, 0.542365313, 0.212033853, 0, 0.153427914, 0.624429226, 0.63289386, 0.640641272, 0.644068122, 0.667852938, 0.647878647, 0.649654925, 0.664254606, 0, 0, 0, 0, 0, 9.84639641e-08, 9.91051579e-08, 8.70443202e-08, 5.94661287e-06, 0.00338078919, 0.484715253, 0.711485326, 0.725783229, 0.74011308, 0.74165529, 0.740904868, 0.740266085, 0.739723682, 0.739192426, 0.738650501, 0.738160908, 0.737811863, 0.737429619, 0.736848235, 0.73599112, 0.735077262, 0.734556675, 0.734188437, 0.733917892, 0.733705699, 0.73361671, 0.733762801, 0.733900726, 0.733892977, 0.733884215, 0.733874857, 0.733865201, 0.733855724, 0.733846486, 0.73384136, 0.733827233, 0.733727813, 0.738421321, 0.738412678, 0.745122135, 0.74511236, 0.745170295, 0.745273769, 0.745273411, 0.74835664, 0.748346269, 0.748341143, 0.748338044, 0.74833715, 0.748334825, 0.748334825, 0.748335302, 0.748335838, 0.748336613, 0.748338342, 0.748339951, 0.74834168, 0.748343468, 0.748345137, 0.748346746, 0.748348296, 0.748348773, 0.748349845, 0.748351216, 0.748351336, 0, 0, 0, 0, 0, 0, 9.91051579e-08, 8.70443202e-08, 7.92519188e-08, 8.80218138e-08, 9.93373703e-08, 1.29345908e-05, 0.00800656527, 0.671868384, 0.743463993, 0.742289662, 0.741165519, 0.740521014, 0.740154207, 0.739874482, 0.739560723, 0.739142597, 0.738691568, 0.738221705, 0.737808406, 0.73564744, 0.73448658, 0.734205186, 0.73403579, 0.733963907, 0.733926892, 0.73390907, 0.733901024, 0.733893335, 0.733884513, 0.733875036, 0.733865321, 0.733855784, 0.733846545, 0.733841419, 0.733841419, 0.73382771, 0.733731687, 0.738524973, 0.738524377, 0.745432854, 0.745432615, 0.745511711, 0.745625317, 0.745633602, 0.748820066, 0.748818398, 0.748817503, 0.74881655, 0.748816609, 0.748816848, 0.748817205, 0.748817742, 0.748818696, 0.748819649, 0.748820603, 0.748821676, 0.748822808, 0.748824, 0.748825252, 0.748826504, 0.748827875, 0.748829424, 0.748830676, 0.748831511] (
            interpolation = "uniform"
        )
        float[] primvars:ASH_Solids_mass_fractions_1_4 = [1, 1, 1, 1, 1, 1, 0.259619564, 0.255027384, 0.256557286, 0.256467462, 0.261269331, 0.26832819, 0.275208026, 0.278098196, 0.277204961, 0.275040776, 0.273203701, 0.271903545, 0.270984799, 0.270203143, 0.269312412, 0.268458009, 0.267908692, 0.267753303, 0.267905861, 0.26818189, 0.268394321, 0.268427819, 0.268284321, 0.268059552, 0.267845988, 0.267661154, 0.267332435, 0.26678589, 0.26678586, 0.265690297, 0.259713471, 0.256494313, 0.251087904, 0.250437379, 0.246496707, 0.259397715, 0.248951539, 0.24970746, 0.256058007, 1, 1, 1, 1, 1, 1, 1, 1, 1, 1, 1, 1, 1, 1, 1, 1, 1, 1, 1, 1, 1, 1, 1, 1, 1, 1, 1, 1, 1, 1, 1, 1, 1, 0.999999821, 0.869446397, 0.702000618, 0.385781735, 0.304624289, 0.277649194, 0.267496496, 0.263635933, 0.262203246, 0.261827499, 0.261989057, 0.262161046, 0.262039185, 0.261654198, 0.261367589, 0.261284113, 0.261445373, 0.261864573, 0.262527585, 0.263374209, 0.26431939, 0.265329689, 0.266535312, 0.267207474, 0.267035633, 0.266746014, 0.266745925, 0.274844199, 0.256393462, 0.257111013, 0.252106965, 0.249782905, 0.256611496, 0.272851855, 0.254173189, 0.260202408, 1, 1, 1, 1, 1, 1, 1, 1, 1, 1, 1, 1, 1, 1, 1, 1, 1, 1, 1, 1, 1, 1, 1, 1, 1, 1, 1, 1, 1, 1, 1, 0.999999821, 0.999999821, 0.999999881, 0.999999821, 0.999999106, 0.704158843, 0.316008508, 0.270785511, 0.260596335, 0.257981032, 0.257334948, 0.257210881, 0.257150888, 0.257084548, 0.257033318, 0.257057071, 0.257138371, 0.257262766, 0.257592559, 0.258308381, 0.259524137, 0.26120618, 0.263209105, 0.264900625, 0.265868604, 0.266653925, 0.26696986, 0.266883045, 0.266742557, 0.266742438, 0.265291631, 0.257045299, 0.256758928, 0.252663702, 0.250787556, 0.333233714, 0.291902155, 0.257660151, 0.262376964, 1, 1, 1, 1, 1, 1, 1, 1, 1, 1, 1, 1, 1, 1, 1, 1, 1, 1, 1, 1, 1, 1, 1, 1, 1, 1, 1, 1, 1, 1, 0.999999821, 0.999999821, 0.999999821, 0.999999821, 0.999999821, 0.999928176, 0.436593056, 0.2742773, 0.25884077, 0.257018954, 0.257102698, 0.257310033, 0.257398933, 0.257331699, 0.257139295, 0.25689137, 0.256598234, 0.256388485, 0.256282717, 0.256943107, 0.259055406, 0.260861784, 0.262786478, 0.264462143, 0.265523612, 0.266158223, 0.266627401, 0.266827732, 0.266796798, 0.266769737, 0.266732633, 0.26668635, 0.256724209, 0.257192999, 0.252883136, 0.321878612, 0.329032928, 0.431259662, 0.260394365, 1, 1, 1, 1, 1, 1, 1, 1, 1, 1, 1, 1, 1, 1, 1, 1, 1, 1, 1, 1, 1, 1, 1, 1, 1, 1, 1, 1, 1, 1, 1, 0.999999821, 0.999999821, 0.999999821, 0.999999821, 0.999993145, 0.990748823, 0.290302783, 0.257857352, 0.256639481, 0.257081449, 0.257552445, 0.25778833, 0.257837772, 0.257694811, 0.257390261, 0.256990939, 0.256502837, 0.256249964, 0.257092029, 0.258532524, 0.260712206, 0.262590379, 0.264104635, 0.265191585, 0.265844703, 0.266274869, 0.266592503, 0.266746968, 0.266744196, 0.266744256, 0.261707753, 0.257891804, 0.257518053, 0.261883676, 0.25399676, 0.347889513, 0.34131971, 0.410049558, 1, 1, 1, 1, 1, 1, 1, 1, 1, 1, 1, 1, 1, 1, 1, 1, 1, 1, 1, 1, 1, 1, 1, 1, 1, 1, 1, 1, 1, 1, 1, 0.999999821, 0.999999821, 0.999999821, 0.999999821, 0.999998271, 0.998820961, 0.589111745, 0.262888402, 0.25766471, 0.257358313, 0.257565528, 0.257977754, 0.258215576, 0.258265495, 0.258090585, 0.257751435, 0.257472217, 0.257465363, 0.25782463, 0.258616924, 0.26006639, 0.262234867, 0.26377666, 0.264831245, 0.2655406, 0.265996337, 0.266322672, 0.266569495, 0.266704172, 0.266724378, 0.280713677, 0.334641486, 0.369019896, 0.337128431, 0.284234494, 0.354138404, 0.349550456, 0.420490295, 0.38382268, 1, 1, 1, 1, 1, 1, 1, 1, 1, 1, 1, 1, 1, 1, 1, 1, 1, 1, 1, 1, 1, 1, 1, 1, 1, 1, 1, 1, 1, 1, 1, 0.999999821, 0.999999821, 0.999999821, 0.999999821, 0.999992847, 0.996355236, 0.489230633, 0.268084854, 0.259500146, 0.25829038, 0.257905871, 0.258345395, 0.258690417, 0.25888893, 0.258950263, 0.258932084, 0.258930296, 0.259063929, 0.259477258, 0.260187447, 0.261181146, 0.263232499, 0.264421642, 0.265191883, 0.265715241, 0.266077012, 0.26634869, 0.266557932, 0.266677201, 0.266677499, 0.266817987, 0.409564704, 0.487546772, 0.470534205, 0.450894535, 0.54727757, 0.32402876, 0.463958949, 0.438544869, 0.993818164, 0.999329209, 1, 0.999758244, 0.999568105, 0.999996006, 0.999841034, 0.999970376, 0.9999879, 1, 0.999999881, 0.99999994, 1, 0.999999881, 0.999949634, 0.999999881, 0.999999881, 0.999999881, 1, 1, 1, 1, 1, 0.999998629, 1, 1, 0.999999642, 1, 1, 1, 1, 1, 0.999999821, 0.999999821, 0.999999821, 0.999997199, 0.998554289, 0.676083982, 0.290488422, 0.264462948, 0.260655791, 0.258221567, 0.258582979, 0.259112865, 0.259550422, 0.259927392, 0.26028204, 0.260604024, 0.260850459, 0.26102978, 0.261376679, 0.262004048, 0.26377362, 0.264750212, 0.265374035, 0.26580444, 0.266112626, 0.26634714, 0.266532511, 0.26660496, 0.266528994, 0.263986319, 0.266414702, 0.270567596, 0.28103137, 0.295694321, 0.392161697, 0.359199911, 0.363452256, 0.378268868, 0.387425929, 0.396262854, 0.399856359, 0.403740466, 0.410916716, 0.736290932, 0.62960279, 0.431474179, 0.437163234, 0.64250499, 0.874309301, 0.649837911, 0.574575782, 0.908343196, 0.999999821, 0.481537282, 0.457634568, 0.787966132, 1, 0.846572042, 0.375570744, 0.367106169, 0.359358728, 0.355931878, 0.332147062, 0.352121353, 0.350345105, 0.335745394, 1, 1, 1, 1, 1, 0.999999821, 0.999999821, 0.999999821, 0.99999398, 0.996619105, 0.515284657, 0.288514584, 0.274216682, 0.259886801, 0.25834462, 0.259095043, 0.259733856, 0.260276258, 0.260807484, 0.26134941, 0.261838973, 0.262188077, 0.262570292, 0.263151675, 0.26400882, 0.264922649, 0.265443236, 0.265811473, 0.266082048, 0.266294241, 0.266383231, 0.26623711, 0.266099185, 0.266106933, 0.266115665, 0.266125053, 0.266134679, 0.266144156, 0.266153395, 0.266158521, 0.266172707, 0.266272128, 0.261578619, 0.261587203, 0.254877746, 0.254887521, 0.254829615, 0.254726142, 0.254726529, 0.25164327, 0.251653671, 0.251658738, 0.251661837, 0.251662761, 0.251665086, 0.251665086, 0.251664609, 0.251664102, 0.251663268, 0.251661569, 0.251659989, 0.251658201, 0.251656443, 0.251654804, 0.251653165, 0.251651645, 0.251651138, 0.251650065, 0.251648664, 0.251648575, 1, 1, 1, 1, 1, 1, 0.999999821, 0.999999821, 0.999999821, 0.999999821, 0.999999821, 0.999987006, 0.991993368, 0.328131586, 0.256535918, 0.257710248, 0.258834392, 0.259478927, 0.259845704, 0.260125428, 0.260439187, 0.260857344, 0.261308312, 0.261778206, 0.262191534, 0.264352471, 0.265513331, 0.265794694, 0.265964121, 0.266036004, 0.266073018, 0.26609087, 0.266098917, 0.266106576, 0.266115397, 0.266124904, 0.26613459, 0.266144097, 0.266153365, 0.266158491, 0.266158491, 0.2661722, 0.266268253, 0.261474937, 0.261475503, 0.254567027, 0.254567295, 0.2544882, 0.254374564, 0.254366279, 0.251179814, 0.251181513, 0.251182407, 0.251183391, 0.251183301, 0.251183063, 0.251182735, 0.251182139, 0.251181215, 0.251180291, 0.251179308, 0.251178235, 0.251177132, 0.25117591, 0.251174629, 0.251173437, 0.251172036, 0.251170486, 0.251169235, 0.25116843] (
            interpolation = "uniform"
        )
        color3f[] primvars:displayColor = [(0, 0.414791524, 1), (0, 0.416625738, 1), (0, 0.425895005, 1), (0, 0.45254004, 1), (0, 0.497265071, 1), (0, 0.592447042, 1), (0, 1, 0.485015243), (0, 0.241901681, 1), (0, 0.105450198, 1), (0, 0, 1), (0, 0.39744848, 1), (0, 0.468851328, 1), (0, 0.481428713, 1), (0, 0.478792042, 1), (0, 0.473240316, 1), (0, 0.468294531, 1), (0, 0.464642495, 1), (0, 0.461923957, 1), (0, 0.460007846, 1), (0, 0.459107131, 1), (0, 0.459516555, 1), (0, 0.460941344, 1), (0, 0.462546259, 1), (0, 0.463741779, 1), (0, 0.464331329, 1), (0, 0.46434772, 1), (0, 0.463938296, 1), (0, 0.463283211, 1), (0, 0.46256265, 1), (0, 0.461940318, 1), (0, 0.461530894, 1), (0, 0.461661905, 1), (0, 0.464396834, 1), (0, 0.465952635, 1), (0, 0.412973702, 1), (0, 0.412875444, 1), (0, 0.412875444, 1), (0, 0.412875444, 1), (0, 0.412875444, 1), (0, 0.412875444, 1), (0, 0.412875444, 1), (0, 0.412875444, 1), (0, 0.412875444, 1), (0, 0.412875444, 1), (0, 0.412875444, 1), (0, 0.412875444, 1), (0, 0.412875444, 1), (0, 0.412875444, 1), (0, 0.412875444, 1), (0, 0.412875444, 1), (0, 0.412875444, 1), (0, 0.412875444, 1), (0, 0.412875444, 1), (0, 0.412875444, 1), (0, 0.412875444, 1), (0, 0.412875444, 1), (0, 0.412875444, 1), (0, 0.412875444, 1), (0, 0.412875444, 1), (0, 0.412875444, 1), (0, 0.412875444, 1), (0, 0.412875444, 1), (0, 0.412875444, 1), (0, 0.412875444, 1), (0, 0.412875444, 1), (0, 0.412875444, 1), (0, 0.412875444, 1), (0, 0.412875444, 1), (0, 0.412875444, 1), (0, 0.412875444, 1), (0, 0.415200949, 1), (0, 0.420130372, 1), (0, 0.440994412, 1), (0, 0.490616083, 1), (0, 0.559906304, 1), (0, 0.621941626, 1), (0, 0.881481111, 1), (0, 1, 0.816972911), (0, 0.653172195, 1), (0, 1, 0.609085858), (0, 0.74147588, 1), (0, 0.531443477, 1), (0, 0.479168713, 1), (0, 0.46303758, 1), (0, 0.457649589, 1), (0, 0.455930024, 1), (0, 0.455422372, 1), (0, 0.455389619, 1), (0, 0.455602497, 1), (0, 0.455749899, 1), (0, 0.455717146, 1), (0, 0.455668002, 1), (0, 0.455700755, 1), (0, 0.45588091, 1), (0, 0.456224829, 1), (0, 0.45671612, 1), (0, 0.457354814, 1), (0, 0.458075404, 1), (0, 0.458910614, 1), (0, 0.460106134, 1), (0, 0.463299602, 1), (0, 0.465101033, 1), (0, 0.466460317, 1), (0, 0.463840038, 1), (0, 0.4128263, 1), (0, 0.412318617, 1), (0, 0.411909193, 1), (0, 0.411483407, 1), (0, 0.411106735, 1), (0, 0.410779208, 1), (0, 0.410549939, 1), (0, 0.410369784, 1), (0, 0.410255164, 1), (0, 0.410173267, 1), (0, 0.410124123, 1), (0, 0.410107762, 1), (0, 0.41009137, 1), (0, 0.410075009, 1), (0, 0.410075009, 1), (0, 0.410075009, 1), (0, 0.410058618, 1), (0, 0.410058618, 1), (0, 0.410058618, 1), (0, 0.410058618, 1), (0, 0.410058618, 1), (0, 0.410042256, 1), (0, 0.410042256, 1), (0, 0.410042256, 1), (0, 0.410042256, 1), (0, 0.410025865, 1), (0, 0.410025865, 1), (0, 0.410025865, 1), (0, 0.410025865, 1), (0, 0.410025865, 1), (0, 0.410009503, 1), (0, 0.410009503, 1), (0, 0.410009503, 1), (0, 0.410009503, 1), (0, 0.410009503, 1), (0, 0.410009503, 1), (0, 0.416134417, 1), (0, 0.427156001, 1), (0, 0.46577248, 1), (0, 0.53684777, 1), (0, 0.609871924, 1), (0, 0.653434217, 1), (0, 0.659493625, 1), (0, 0.651157856, 1), (0, 0.651763797, 1), (0, 0.655268431, 1), (0.737840235, 1, 0), (0, 0.600488007, 1), (0, 0.457698733, 1), (0, 0.452409029, 1), (0, 0.452212512, 1), (0, 0.452359885, 1), (0, 0.452474535, 1), (0, 0.452474535, 1), (0, 0.452409029, 1), (0, 0.452327132, 1), (0, 0.452228874, 1), (0, 0.452163368, 1), (0, 0.452228874, 1), (0, 0.452621937, 1), (0, 0.453506261, 1), (0, 0.454963803, 1), (0, 0.457092792, 1), (0, 0.459794968, 1), (0, 0.462185979, 1), (0, 0.46398741, 1), (0, 0.466034532, 1), (0, 0.466869742, 1), (0, 0.46744293, 1), (0, 0.461760163, 1), (0, 0.4128263, 1), (0, 0.412105739, 1), (0, 0.41151616, 1), (0, 0.410893857, 1), (0, 0.410353422, 1), (0, 0.409927607, 1), (0, 0.409632832, 1), (0, 0.409452677, 1), (0, 0.40937081, 1), (0, 0.409321666, 1), (0, 0.409305304, 1), (0, 0.409288913, 1), (0, 0.409288913, 1), (0, 0.409288913, 1), (0, 0.409288913, 1), (0, 0.409272552, 1), (0, 0.409272552, 1), (0, 0.409272552, 1), (0, 0.409272552, 1), (0, 0.409272552, 1), (0, 0.409272552, 1), (0, 0.409272552, 1), (0, 0.409272552, 1), (0, 0.409272552, 1), (0, 0.409272552, 1), (0, 0.40925616, 1), (0, 0.40925616, 1), (0, 0.40925616, 1), (0, 0.40925616, 1), (0, 0.40925616, 1), (0, 0.40925616, 1), (0, 0.40925616, 1), (0, 0.40925616, 1), (0, 0.40925616, 1), (0, 0.40925616, 1), (0, 0.40925616, 1), (0, 0.417968631, 1), (0, 0.439160198, 1), (0, 0.498395085, 1), (0, 0.581589222, 1), (0, 0.645344079, 1), (0, 0.668664634, 1), (0, 0.660656393, 1), (0, 0.651780128, 1), (0, 0.650715649, 1), (0, 0.66683042, 1), (1, 0, 0), (0, 0.538419962, 1), (0, 0.453702807, 1), (0, 0.452523679, 1), (0, 0.452851206, 1), (0, 0.453113228, 1), (0, 0.453276992, 1), (0, 0.453309745, 1), (0, 0.453211486, 1), (0, 0.452982217, 1), (0, 0.452409029, 1), (0, 0.451672077, 1), (0, 0.45159018, 1), (0, 0.4534899, 1), (0, 0.456224829, 1), (0, 0.458632201, 1), (0, 0.461285263, 1), (0, 0.463545263, 1), (0, 0.465117425, 1), (0, 0.466263801, 1), (0, 0.467377424, 1), (0, 0.467852354, 1), (0, 0.467885107, 1), (0, 0.463496119, 1), (0, 0.413301229, 1), (0, 0.412171245, 1), (0, 0.411499798, 1), (0, 0.410811961, 1), (0, 0.410189629, 1), (0, 0.409747481, 1), (0, 0.409550935, 1), (0, 0.409583688, 1), (0, 0.409665585, 1), (0, 0.409763843, 1), (0, 0.409796596, 1), (0, 0.409812987, 1), (0, 0.409829348, 1), (0, 0.40984574, 1), (0, 0.409878492, 1), (0, 0.409894854, 1), (0, 0.409911245, 1), (0, 0.409927607, 1), (0, 0.409943998, 1), (0, 0.409960359, 1), (0, 0.409976751, 1), (0, 0.409993112, 1), (0, 0.409993112, 1), (0, 0.410009503, 1), (0, 0.410009503, 1), (0, 0.410025865, 1), (0, 0.410042256, 1), (0, 0.410042256, 1), (0, 0.410042256, 1), (0, 0.410058618, 1), (0, 0.410058618, 1), (0, 0.410058618, 1), (0, 0.410075009, 1), (0, 0.410075009, 1), (0, 0.410075009, 1), (0, 0.410075009, 1), (0, 0.421456873, 1), (0, 0.456503212, 1), (0, 0.531459808, 1), (0, 0.612672389, 1), (0, 0.661786377, 1), (0, 0.671137512, 1), (0, 0.66098392, 1), (0, 0.654547811, 1), (0, 0.652860999, 1), (0, 1, 0.184615642), (0.422111958, 1, 0), (0, 0.483410299, 1), (0, 0.453309745, 1), (0, 0.453178734, 1), (0, 0.453571767, 1), (0, 0.453899324, 1), (0, 0.454161346, 1), (0, 0.45432511, 1), (0, 0.454357862, 1), (0, 0.45409584, 1), (0, 0.453522652, 1), (0, 0.454030335, 1), (0, 0.454947442, 1), (0, 0.457141936, 1), (0, 0.46005699, 1), (0, 0.462529898, 1), (0, 0.464413226, 1), (0, 0.465788871, 1), (0, 0.466738731, 1), (0, 0.467475682, 1), (0, 0.468147129, 1), (0, 0.468409151, 1), (0, 0.467770457, 1), (0, 0.462955683, 1), (0, 0.417772114, 1), (0, 0.413366735, 1), (0, 0.412040234, 1), (0, 0.411237746, 1), (0, 0.410631806, 1), (0, 0.410173267, 1), (0, 0.409862101, 1), (0, 0.409616441, 1), (0, 0.409567326, 1), (0, 0.409632832, 1), (0, 0.409665585, 1), (0, 0.409714729, 1), (0, 0.409780234, 1), (0, 0.40984574, 1), (0, 0.409943998, 1), (0, 0.410042256, 1), (0, 0.410156876, 1), (0, 0.410255164, 1), (0, 0.410353422, 1), (0, 0.410435289, 1), (0, 0.410517186, 1), (0, 0.4105663, 1), (0, 0.410599053, 1), (0, 0.410631806, 1), (0, 0.410648197, 1), (0, 0.410648197, 1), (0, 0.410664558, 1), (0, 0.410664558, 1), (0, 0.41068095, 1), (0, 0.41068095, 1), (0, 0.410664558, 1), (0, 0.410664558, 1), (0, 0.410648197, 1), (0, 0.410631806, 1), (0, 0.410631806, 1), (0, 0.410648197, 1), (0, 0.425763965, 1), (0, 0.471209586, 1), (0, 0.549523413, 1), (0, 0.624348998, 1), (0, 0.666650295, 1), (0, 0.672971725, 1), (0, 0.665372908, 1), (0, 0.660099566, 1), (0, 0.94395858, 1), (1, 0.403982848, 0), (0, 0.544430256, 1), (0, 0.454669029, 1), (0, 0.453506261, 1), (0, 0.453768313, 1), (0, 0.454243243, 1), (0, 0.454750896, 1), (0, 0.455258578, 1), (0, 0.455700755, 1), (0, 0.456110179, 1), (0, 0.456486851, 1), (0, 0.456912637, 1), (0, 0.457502216, 1), (0, 0.458468437, 1), (0, 0.460302651, 1), (0, 0.46303758, 1), (0, 0.46493727, 1), (0, 0.466165543, 1), (0, 0.467033505, 1), (0, 0.46768859, 1), (0, 0.468196273, 1), (0, 0.46863842, 1), (0, 0.468703926, 1), (0, 0.467672199, 1), (0, 0.460761189, 1), (0, 0.424945146, 1), (0, 0.416936874, 1), (0, 0.414054573, 1), (0, 0.412662536, 1), (0, 0.411843687, 1), (0, 0.411303252, 1), (0, 0.410942972, 1), (0, 0.410664558, 1), (0, 0.410484433, 1), (0, 0.410320669, 1), (0, 0.41020602, 1), (0, 0.410107762, 1), (0, 0.410025865, 1), (0, 0.409993112, 1), (0, 0.409976751, 1), (0, 0.409993112, 1), (0, 0.410025865, 1), (0, 0.410058618, 1), (0, 0.41009137, 1), (0, 0.410124123, 1), (0, 0.410140514, 1), (0, 0.410156876, 1), (0, 0.410156876, 1), (0, 0.410156876, 1), (0, 0.410173267, 1), (0, 0.410189629, 1), (0, 0.41020602, 1), (0, 0.410238773, 1), (0, 0.410287917, 1), (0, 0.410353422, 1), (0, 0.410435289, 1), (0, 0.410549939, 1), (0, 0.41068095, 1), (0, 0.410828352, 1), (0, 0.410975724, 1), (0, 0.411139488, 1), (0, 0.42641905, 1), (0, 0.471127719, 1), (0, 0.546117067, 1), (0, 0.620877147, 1), (0, 0.666928709, 1), (0, 0.677590013, 1), (0, 0.673135519, 1), (0, 0.670547962, 1), (0, 1, 0.583505273), (1, 0.898250937, 0), (0, 0.514198661, 1), (0, 0.455782652, 1), (0, 0.454407007, 1), (0, 0.454275995, 1), (0, 0.454881936, 1), (0, 0.455651641, 1), (0, 0.456503212, 1), (0, 0.457403958, 1), (0, 0.458239168, 1), (0, 0.459008873, 1), (0, 0.459713072, 1), (0, 0.460433662, 1), (0, 0.461318016, 1), (0, 0.462529898, 1), (0, 0.464920908, 1), (0, 0.466312915, 1), (0, 0.467180908, 1), (0, 0.46780321, 1), (0, 0.468294531, 1), (0, 0.468687564, 1), (0, 0.468965977, 1), (0, 0.46899873, 1), (0, 0.468081623, 1), (0, 0.465494096, 1), (0, 0.433051646, 1), (0, 0.422668755, 1), (0, 0.4181979, 1), (0, 0.415921509, 1), (0, 0.414595008, 1), (0, 0.413776159, 1), (0, 0.413252115, 1), (0, 0.412891805, 1), (0, 0.412629783, 1), (0, 0.412433267, 1), (0, 0.412253112, 1), (0, 0.412105739, 1), (0, 0.411941975, 1), (0, 0.411794573, 1), (0, 0.411663562, 1), (0, 0.411532551, 1), (0, 0.411417902, 1), (0, 0.411336005, 1), (0, 0.411270499, 1), (0, 0.411221385, 1), (0, 0.411204994, 1), (0, 0.411204994, 1), (0, 0.411221385, 1), (0, 0.411254138, 1), (0, 0.411303252, 1), (0, 0.411352396, 1), (0, 0.411417902, 1), (0, 0.411483407, 1), (0, 0.411565304, 1), (0, 0.411663562, 1), (0, 0.411745429, 1), (0, 0.411843687, 1), (0, 0.411941975, 1), (0, 0.412023842, 1), (0, 0.412089348, 1), (0, 0.412122101, 1), (0, 0.422537744, 1), (0, 0.455373228, 1), (0, 0.51943928, 1), (0, 0.59695065, 1), (0, 0.657364666, 1), (0, 0.682339251, 1), (0, 0.684271753, 1), (0, 0.680701554, 1), (0, 1, 0.964658856), (1, 0.551816165, 0), (0, 0.587894261, 1), (0, 0.461088717, 1), (0, 0.456798017, 1), (0, 0.45480004, 1), (0, 0.455176711, 1), (0, 0.456175685, 1), (0, 0.457354814, 1), (0, 0.458648592, 1), (0, 0.459925979, 1), (0, 0.461055964, 1), (0, 0.461940318, 1), (0, 0.462546259, 1), (0, 0.463250458, 1), (0, 0.464216709, 1), (0, 0.466181904, 1), (0, 0.467180908, 1), (0, 0.467835963, 1), (0, 0.468327284, 1), (0, 0.468703926, 1), (0, 0.468965977, 1), (0, 0.469096988, 1), (0, 0.469047844, 1), (0, 0.468769461, 1), (0, 0.467852354, 1), (0, 0.437096715, 1), (0, 0.428629905, 1), (0, 0.424077153, 1), (0, 0.421375006, 1), (0, 0.419688195, 1), (0, 0.418590933, 1), (0, 0.417853981, 1), (0, 0.41736269, 1), (0, 0.41700238, 1), (0, 0.416740358, 1), (0, 0.41652745, 1), (0, 0.416347325, 1), (0, 0.416150808, 1), (0, 0.415987015, 1), (0, 0.415790498, 1), (0, 0.415593982, 1), (0, 0.415381074, 1), (0, 0.415184557, 1), (0, 0.414988041, 1), (0, 0.414807886, 1), (0, 0.414627761, 1), (0, 0.414480358, 1), (0, 0.414349347, 1), (0, 0.414218336, 1), (0, 0.414120078, 1), (0, 0.414070934, 1), (0, 0.41402182, 1), (0, 0.41402182, 1), (0, 0.41402182, 1), (0, 0.414038181, 1), (0, 0.414103687, 1), (0, 0.414185584, 1), (0, 0.414283842, 1), (0, 0.414414853, 1), (0, 0.414562255, 1), (0, 0.414726019, 1), (0, 0.417608321, 1), (0, 0.432412952, 1), (0, 0.469932199, 1), (0, 0.535373867, 1), (0, 0.615014255, 1), (0, 0.677262425, 1), (0, 0.706200242, 1), (0, 0.708181858, 1), (0, 0.693786621, 1), (0, 1, 0.564344466), (1, 0.778241813, 0), (0, 0.581523716, 1), (0, 0.534866214, 1), (0, 0.460319012, 1), (0, 0.454750896, 1), (0, 0.45563525, 1), (0, 0.456798017, 1), (0, 0.458091766, 1), (0, 0.459516555, 1), (0, 0.460941344, 1), (0, 0.462235093, 1), (0, 0.463283211, 1), (0, 0.464282215, 1), (0, 0.465395838, 1), (0, 0.466836989, 1), (0, 0.467966974, 1), (0, 0.468310893, 1), (0, 0.468671173, 1), (0, 0.468900472, 1), (0, 0.469015092, 1), (0, 0.469031483, 1), (0, 0.468965977, 1), (0, 0.468884081, 1), (0, 0.468769461, 1), (0, 0.461318016, 1), (0, 0.450001627, 1), (0, 0.442468315, 1), (0, 0.437719047, 1), (0, 0.434672952, 1), (0, 0.432642221, 1), (0, 0.431233823, 1), (0, 0.430251211, 1), (0, 0.42953065, 1), (0, 0.428990215, 1), (0, 0.428531647, 1), (0, 0.428122222, 1), (0, 0.427729189, 1), (0, 0.427319765, 1), (0, 0.426910341, 1), (0, 0.426468194, 1), (0, 0.425993264, 1), (0, 0.425518334, 1), (0, 0.425043404, 1), (0, 0.424568474, 1), (0, 0.424093544, 1), (0, 0.423635006, 1), (0, 0.423192829, 1), (0, 0.422783405, 1), (0, 0.422406733, 1), (0, 0.422062814, 1), (0, 0.421751648, 1), (0, 0.421506017, 1), (0, 0.421276748, 1), (0, 0.421112955, 1), (0, 0.420998335, 1), (0, 0.420916438, 1), (0, 0.420883685, 1), (0, 0.420883685, 1), (0, 0.420932829, 1), (0, 0.421014696, 1), (0, 0.414922535, 1), (0, 0.416920513, 1), (0, 0.423733264, 1), (0, 0.443074256, 1), (0, 0.491484076, 1), (0, 0.589302659, 1), (0, 0.732321262, 1), (0, 0.848219872, 1), (0, 0.836068273, 1), (0, 0.759670496, 1), (0, 0.599718332, 1), (0, 0.619370461, 1), (0.148013487, 1, 0), (1, 0.979463518, 0), (0, 0.491041899, 1), (0, 0.45421046, 1), (0, 0.454488873, 1), (0, 0.455012947, 1), (0, 0.45563525, 1), (0, 0.45647046, 1), (0, 0.457633227, 1), (0, 0.459041625, 1), (0, 0.460351765, 1), (0, 0.461416274, 1), (0, 0.461825699, 1), (0, 0.466214657, 1), (0, 0.468949586, 1), (0, 0.469080597, 1), (0, 0.469146103, 1), (0, 0.469129741, 1), (0, 0.469080597, 1), (0, 0.469015092, 1), (0, 0.468933225, 1), (0, 0.468867719, 1), (0, 0.468605667, 1), (0, 0.467262775, 1), (0, 0.464986414, 1), (0, 0.462546259, 1), (0, 0.460433662, 1), (0, 0.458763212, 1), (0, 0.457485825, 1), (0, 0.456519604, 1), (0, 0.455766261, 1), (0, 0.455176711, 1), (0, 0.45468539, 1), (0, 0.454243243, 1), (0, 0.453817427, 1), (0, 0.453391641, 1), (0, 0.452933073, 1), (0, 0.452441782, 1), (0, 0.451917738, 1), (0, 0.451360911, 1), (0, 0.450771362, 1), (0, 0.450149029, 1), (0, 0.449510336, 1), (0, 0.448871642, 1), (0, 0.448216558, 1), (0, 0.447577864, 1), (0, 0.44693917, 1), (0, 0.446349621, 1), (0, 0.445776433, 1), (0, 0.445235997, 1), (0, 0.444744676, 1), (0, 0.444302499, 1), (0, 0.443909466, 1), (0, 0.443565547, 1), (0, 0.443270773, 1), (0, 0.443008751, 1), (0, 0.442795843, 1), (0, 0.442599326, 1)] (
            interpolation = "uniform"
        )
        }
    }
}
