#usda 1.0
(
    defaultPrim = "World"
)

over "World" (
    references = @../mesh.usda@</World>
)
{
    over "CFD"
    {
        over "Mesh"
        {
        custom string cfd:sourceFile = "ENTIRE_DOMAIN_0160.vtu"
        custom string cfd:colorField = "Gas_temperature"
        custom float cfd:colorMinimum = 1071.3429
        custom float cfd:colorMaximum = 1102.21802
        custom double cfd:timeSeconds = 160
        float[] primvars:EP_G = [0.390699536, 0.390832394, 0.390991598, 0.391194314, 0.391481698, 0.391994804, 0.440251946, 0.551468432, 0.610729277, 0.645539939, 0.632404506, 0.629193187, 0.658396542, 0.709803879, 0.754157782, 0.777496397, 0.784628391, 0.779960692, 0.765624762, 0.743186653, 0.714220166, 0.680481255, 0.643485308, 0.602522492, 0.553947747, 0.499284357, 0.458289087, 0.466902107, 0.544471681, 0.65991652, 0.747688055, 0.830208898, 0.884554029, 0.986185908, 0.999998093, 1, 1, 1, 1, 1, 1, 1, 1, 1, 1, 1, 1, 1, 1, 1, 1, 1, 1, 1, 1, 1, 1, 1, 1, 1, 1, 1, 1, 1, 1, 1, 1, 1, 1, 1, 0.390686244, 0.390815198, 0.390965462, 0.391146332, 0.391372353, 0.391663373, 0.392208964, 0.392727643, 0.393205136, 0.393698066, 0.394711435, 0.39631933, 0.397792131, 0.402711332, 0.429934353, 0.452292085, 0.467288762, 0.474070549, 0.474535167, 0.47304967, 0.473720729, 0.47625798, 0.473012447, 0.456069976, 0.443517208, 0.470613748, 0.556784093, 0.682180762, 0.785853982, 0.839536428, 0.822324932, 0.839280665, 0.912725151, 0.991933942, 0.999997795, 1, 1, 1, 1, 1, 1, 1, 1, 1, 1, 1, 1, 1, 1, 1, 1, 1, 1, 1, 1, 1, 1, 1, 1, 1, 1, 1, 1, 1, 1, 1, 1, 1, 1, 1, 0.390663087, 0.39078629, 0.390925199, 0.39108476, 0.391271383, 0.391493559, 0.391765207, 0.392046064, 0.392321169, 0.392607808, 0.394208729, 0.396195024, 0.397718996, 0.398853272, 0.399671137, 0.400815845, 0.401802778, 0.403046101, 0.404641479, 0.407356679, 0.414882094, 0.422331452, 0.420277715, 0.50957793, 0.651524484, 0.758375585, 0.828088522, 0.854753971, 0.843047798, 0.827373207, 0.824061036, 0.869900227, 0.949974179, 0.996616542, 0.999997973, 1, 1, 1, 1, 1, 1, 1, 1, 1, 1, 1, 1, 1, 1, 1, 1, 1, 1, 1, 1, 1, 1, 1, 1, 1, 1, 1, 1, 1, 1, 1, 1, 1, 1, 1, 0.390635431, 0.390752763, 0.390881658, 0.391024143, 0.391183078, 0.391360074, 0.391554326, 0.391759425, 0.391972303, 0.392285734, 0.394967735, 0.396698028, 0.397832781, 0.398584664, 0.399306655, 0.400054187, 0.400652349, 0.401360512, 0.402451545, 0.404217035, 0.406013966, 0.401417434, 0.486451328, 0.823170125, 0.85887146, 0.86741668, 0.861720622, 0.843830943, 0.822200477, 0.816932142, 0.848125935, 0.915648222, 0.976867318, 0.99883157, 0.99999851, 1, 1, 1, 1, 1, 1, 1, 1, 1, 1, 1, 1, 1, 1, 1, 1, 1, 1, 1, 1, 1, 1, 1, 1, 1, 1, 1, 1, 1, 1, 1, 1, 1, 1, 1, 0.390607417, 0.39071998, 0.39084053, 0.390971065, 0.391111881, 0.391263068, 0.391422868, 0.391590774, 0.391766429, 0.393047392, 0.395747542, 0.397155702, 0.398101747, 0.398659587, 0.39899537, 0.39953357, 0.400028616, 0.400464028, 0.401316911, 0.402317613, 0.401448905, 0.399990231, 0.567912161, 0.85150969, 0.862860918, 0.852073133, 0.834195435, 0.816334248, 0.811903656, 0.837238133, 0.893939078, 0.95566088, 0.991029859, 0.999652922, 0.999999166, 1, 1, 1, 1, 1, 1, 1, 1, 1, 1, 1, 1, 1, 1, 1, 1, 1, 1, 1, 1, 1, 1, 1, 1, 1, 1, 1, 1, 1, 1, 1, 1, 1, 1, 1, 0.390582234, 0.390690416, 0.390805602, 0.390927553, 0.391057134, 0.391193002, 0.391334593, 0.391482383, 0.391643226, 0.394047886, 0.39607951, 0.397378892, 0.398244441, 0.398734778, 0.399024695, 0.399209768, 0.399596125, 0.399806023, 0.400232583, 0.400582463, 0.40036732, 0.399933845, 0.508262753, 0.805288672, 0.82830745, 0.818755686, 0.808034003, 0.808484256, 0.832333386, 0.881740391, 0.939382017, 0.980446815, 0.996984303, 0.99991262, 0.999999642, 1, 1, 1, 1, 1, 1, 1, 1, 1, 1, 1, 1, 1, 1, 1, 1, 1, 1, 1, 1, 1, 1, 1, 1, 1, 1, 1, 1, 1, 1, 1, 1, 1, 1, 1, 0.390560806, 0.390666932, 0.390777111, 0.390894383, 0.391016692, 0.391144097, 0.391275704, 0.391412348, 0.391610265, 0.394147456, 0.39599672, 0.397341788, 0.398260981, 0.398794562, 0.399089903, 0.399240077, 0.399281055, 0.399387479, 0.399542809, 0.399632066, 0.399511188, 0.399065614, 0.399396688, 0.666655362, 0.786911488, 0.795674801, 0.804364502, 0.830149591, 0.875505149, 0.928591073, 0.97070384, 0.992496967, 0.999084473, 0.99997586, 0.999999762, 0.999999881, 1, 1, 1, 1, 1, 1, 1, 1, 1, 1, 1, 1, 0.99999994, 0.99999845, 0.999999046, 1, 1, 1, 1, 1, 1, 1, 1, 1, 1, 1, 1, 1, 1, 1, 1, 1, 0.999999821, 0.999999046, 0.39054516, 0.390647918, 0.390757203, 0.390870064, 0.390989065, 0.391112089, 0.391239107, 0.391370237, 0.391516387, 0.393283218, 0.395339221, 0.396843761, 0.398004323, 0.398744822, 0.399151862, 0.399313867, 0.399309278, 0.399281174, 0.399253845, 0.399176985, 0.398996502, 0.398709595, 0.398269773, 0.399151355, 0.637502372, 0.78361392, 0.826274872, 0.871156216, 0.921293974, 0.962898016, 0.98756361, 0.997424066, 0.999746144, 0.999993443, 0.999999106, 0.999999523, 0.999999762, 0.999999881, 0.999999881, 0.99999994, 0.99999994, 1, 1, 1, 1, 1, 1, 0.99999994, 0.99999994, 0.99999994, 0.99999994, 0.999999821, 0.999999702, 0.999999762, 0.999999702, 0.999999404, 0.999999106, 0.999999523, 0.999999523, 0.999998987, 0.999998569, 0.999998808, 0.999999464, 0.999999523, 0.999999523, 0.999999523, 0.999999702, 0.999999583, 0.999999583, 0.999999762, 0.390533894, 0.390636832, 0.390742838, 0.390855283, 0.390972197, 0.391094327, 0.391220838, 0.391351253, 0.391486019, 0.391660213, 0.393774122, 0.39527753, 0.396865875, 0.398140103, 0.398966104, 0.399365783, 0.39940542, 0.399406016, 0.399334788, 0.399215937, 0.39906162, 0.398914337, 0.398797423, 0.398657948, 0.39913097, 0.545696199, 0.829333782, 0.91299808, 0.955655158, 0.982514381, 0.995122969, 0.999172449, 0.999929726, 0.999989092, 0.999990821, 0.999991655, 0.999992132, 0.999992609, 0.999993384, 0.999994099, 0.999994755, 0.999994993, 0.999995768, 0.999995828, 0.999995947, 0.999995887, 0.999995768, 0.99999553, 0.999995291, 0.999994993, 0.999994636, 0.999994278, 0.99999392, 0.999993503, 0.999993145, 0.999992788, 0.999992549, 0.999992311, 0.999992073, 0.999991953, 0.999991894, 0.999991834, 0.999991775, 0.999991775, 0.999991775, 0.999991834, 0.999991834, 0.999991834, 0.999991834, 0.999991834, 0.390528709, 0.390630126, 0.390736669, 0.390847832, 0.390964866, 0.391087502, 0.39121601, 0.391350448, 0.391490489, 0.391635954, 0.391779989, 0.391931146, 0.393815339, 0.395770758, 0.397364438, 0.398728877, 0.399735421, 0.40015772, 0.400340825, 0.400286764, 0.400124818, 0.400061607, 0.400179774, 0.400590628, 0.401641428, 0.40220958, 0.404086351, 0.854626238, 0.96027118, 0.987511158, 0.99723196, 0.999621809, 0.999952257, 0.999971747, 0.99997282, 0.999973714, 0.999973834, 0.999973893, 0.999974072, 0.999976337, 0.999978423, 0.999980032, 0.999980509, 0.99998343, 0.99998337, 0.999984145, 0.999984026, 0.999983907, 0.999983788, 0.999983609, 0.999983609, 0.99998343, 0.999983251, 0.999983072, 0.999982953, 0.999982893, 0.999982953, 0.999983013, 0.999983132, 0.99998337, 0.999983609, 0.999983907, 0.999984264, 0.999984622, 0.99998498, 0.999985337, 0.999985695, 0.999985993, 0.999986291, 0.999986589] (
            interpolation = "uniform"
        )
        float[] primvars:P_G = [126886.328, 126269.336, 125675.484, 125114.938, 124605, 124237.438, 126295.008, 123837.953, 122603.891, 121352.641, 118694.023, 116942.906, 115186.953, 113720.359, 112636.633, 111792.719, 111039.547, 110298.18, 109530.328, 108711.594, 107832.781, 106904.305, 105956.883, 105025.875, 104128.758, 103253.672, 102426.531, 101807.914, 101520.562, 101428.594, 101373.547, 101404.25, 101320.914, 101369.125, 101355.617, 101351.234, 101346.594, 101342.398, 101338.984, 101336.391, 101334.531, 101333.242, 101332.359, 101331.742, 101331.273, 101330.898, 101330.57, 101330.25, 101329.945, 101329.641, 101329.344, 101329.047, 101328.758, 101328.477, 101328.211, 101327.953, 101327.711, 101327.477, 101327.25, 101327.039, 101326.836, 101326.641, 101326.453, 101326.266, 101326.086, 101325.906, 101325.727, 101325.547, 101325.367, 101325.188, 126808.531, 126181.633, 125565.109, 124961.812, 124372.43, 123810.602, 123489.609, 122861.164, 121454.773, 120225.375, 119158.562, 116804.117, 114993.102, 113415.086, 112164.586, 111160.328, 110292.68, 109473.391, 108618.578, 107702.781, 106734.258, 105739.953, 104743.172, 103733.523, 102833.086, 102223.797, 101934.039, 101836.969, 101786.945, 101706.922, 101514.438, 101355.852, 101311.492, 101372.656, 101350.469, 101347, 101343.172, 101339.695, 101336.906, 101334.859, 101333.453, 101332.531, 101331.914, 101331.484, 101331.141, 101330.836, 101330.539, 101330.242, 101329.945, 101329.641, 101329.336, 101329.039, 101328.742, 101328.461, 101328.188, 101327.93, 101327.688, 101327.453, 101327.234, 101327.023, 101326.828, 101326.633, 101326.445, 101326.266, 101326.086, 101325.906, 101325.727, 101325.547, 101325.367, 101325.188, 126674.211, 126034.172, 125389.562, 124738.828, 124075.188, 123389.445, 122676.172, 121835.898, 120854.797, 119937.531, 119759.023, 116406.977, 114732.672, 113256.367, 111923.539, 110743.07, 109660.578, 108628.141, 107597.922, 106531.219, 105444.883, 104334.664, 103151.32, 102373.414, 102210.188, 102155.398, 102103.852, 102010.336, 101842.133, 101637.172, 101423.258, 101307.398, 101327.781, 101374.008, 101346.094, 101342.773, 101339.867, 101337.242, 101335.18, 101333.719, 101332.766, 101332.156, 101331.742, 101331.422, 101331.141, 101330.852, 101330.562, 101330.266, 101329.961, 101329.648, 101329.336, 101329.023, 101328.727, 101328.438, 101328.164, 101327.906, 101327.664, 101327.43, 101327.211, 101327.008, 101326.812, 101326.625, 101326.438, 101326.258, 101326.078, 101325.906, 101325.727, 101325.547, 101325.367, 101325.188, 126511.164, 125859.57, 125191.766, 124505.336, 123793.133, 123044.938, 122249.445, 121382, 120430.703, 121760.156, 117910.797, 115888.305, 114427.117, 113097.828, 111855.234, 110667.57, 109514.164, 108364.648, 107187.016, 105961.031, 104696.641, 103257.562, 102231.68, 102428.578, 102372.727, 102269.047, 102127.375, 101945.594, 101722.664, 101493.852, 101334.766, 101305.539, 101344.039, 101369.422, 101346.773, 101341.43, 101338.383, 101336.086, 101334.383, 101333.219, 101332.492, 101332.055, 101331.734, 101331.453, 101331.172, 101330.891, 101330.594, 101330.289, 101329.977, 101329.656, 101329.328, 101329.016, 101328.703, 101328.406, 101328.125, 101327.867, 101327.625, 101327.398, 101327.18, 101326.984, 101326.789, 101326.602, 101326.422, 101326.25, 101326.078, 101325.898, 101325.727, 101325.547, 101325.367, 101325.188, 126343.367, 125683.383, 124999.711, 124290.602, 123550.75, 122773.289, 121950.625, 121074.297, 120150.195, 121749.828, 117039.211, 115516.93, 114173.031, 112930.297, 111747.305, 110586.18, 109418.297, 108223.391, 106981.008, 105680.016, 104332.828, 102832.492, 102377.664, 102524.148, 102385.945, 102225.625, 102027.586, 101795.141, 101554.695, 101372.891, 101306.625, 101324.797, 101352.219, 101363.133, 101349.312, 101342.852, 101339.156, 101336.57, 101334.703, 101333.414, 101332.594, 101332.109, 101331.781, 101331.5, 101331.219, 101330.93, 101330.633, 101330.32, 101330, 101329.672, 101329.344, 101329.008, 101328.688, 101328.383, 101328.102, 101327.844, 101327.602, 101327.375, 101327.164, 101326.969, 101326.781, 101326.594, 101326.422, 101326.25, 101326.078, 101325.906, 101325.734, 101325.555, 101325.375, 101325.188, 126187.852, 125522.453, 124829.039, 124106.93, 123352.602, 122562.008, 121731.008, 120859.281, 120811.336, 119810.219, 116696.039, 115284.023, 113998.352, 112802.023, 111645.25, 110500.375, 109346.016, 108161.672, 106936.891, 105665.008, 104367, 103027.648, 102466.719, 102546.688, 102345.508, 102125.727, 101874.625, 101620.008, 101418.531, 101322.164, 101316.414, 101339.938, 101353.539, 101352.148, 101349.914, 101345, 101341.305, 101338.43, 101336.227, 101334.594, 101333.453, 101332.672, 101332.133, 101331.711, 101331.359, 101331.031, 101330.719, 101330.391, 101330.062, 101329.719, 101329.375, 101329.031, 101328.703, 101328.398, 101328.117, 101327.867, 101327.648, 101327.438, 101327.242, 101327.062, 101326.891, 101326.719, 101326.539, 101326.367, 101326.188, 101326.008, 101325.82, 101325.633, 101325.445, 101325.25, 126055.398, 125386.688, 124687.844, 123958.844, 123197.5, 122401.461, 121568.711, 120734.203, 121749.469, 118478.062, 116561.734, 115174.57, 113894.414, 112703.125, 111557.039, 110429.07, 109306.797, 108170.531, 107002.695, 105815.555, 104627.055, 103475.297, 102317.578, 102517.195, 102302.625, 102008.414, 101719.945, 101486.438, 101355.625, 101322.07, 101333.953, 101348.68, 101353.352, 101354.805, 101350.992, 101347.266, 101344.016, 101341.133, 101338.68, 101336.688, 101335.148, 101333.977, 101333.102, 101332.422, 101331.875, 101331.414, 101331, 101330.609, 101330.227, 101329.859, 101329.492, 101329.133, 101328.789, 101328.469, 101328.18, 101327.922, 101327.695, 101327.492, 101327.312, 101327.156, 101327.016, 101326.883, 101326.758, 101326.633, 101326.508, 101326.375, 101326.227, 101326.07, 101325.898, 101325.719, 125952.266, 125281.75, 124579.977, 123847.656, 123083.195, 122285.195, 121452.539, 120591.594, 120912.359, 119400.664, 116678.453, 115244.852, 113907.945, 112670.992, 111506.328, 110387.695, 109295.023, 108195.891, 107082.758, 105970.891, 104880.484, 103832.227, 102869.594, 101992.969, 102148.039, 101913.453, 101610.938, 101420.742, 101345.391, 101337.219, 101347.336, 101354.352, 101354.914, 101357.711, 101351.953, 101349.164, 101346.516, 101343.891, 101341.43, 101339.242, 101337.391, 101335.875, 101334.664, 101333.695, 101332.906, 101332.25, 101331.688, 101331.188, 101330.734, 101330.297, 101329.891, 101329.508, 101329.156, 101328.812, 101328.5, 101328.242, 101328, 101327.727, 101327.523, 101327.383, 101327.25, 101327.086, 101326.883, 101326.758, 101326.641, 101326.531, 101326.453, 101326.32, 101326.211, 101326.125, 125882.031, 125210.453, 124507.359, 123773.508, 123007.898, 122209.453, 121377.391, 120511.359, 119633.938, 120491.609, 117595.414, 115728.227, 114221.266, 112837.258, 111564.406, 110386.695, 109283.266, 108192.922, 107108.898, 106034.438, 104981.992, 103971.82, 103030.016, 102186.516, 101408.344, 101346.508, 101518.82, 101396.602, 101352.914, 101349.211, 101357.336, 101360.688, 101361, 101360.398, 101356.523, 101351.648, 101348.125, 101345.273, 101342.812, 101340.617, 101338.695, 101336.961, 101335.656, 101334.43, 101333.406, 101332.539, 101331.789, 101331.109, 101330.492, 101329.891, 101329.336, 101328.812, 101328.312, 101327.844, 101327.414, 101327.023, 101326.672, 101326.367, 101326.102, 101325.867, 101325.664, 101325.484, 101325.32, 101325.18, 101325.039, 101324.914, 101324.789, 101324.664, 101324.539, 101324.422, 125846.469, 125174.492, 124470.758, 123736.359, 122970.422, 122172.109, 121340.672, 120475.57, 119576.758, 118688.172, 117681.531, 117145.078, 117131.102, 113588.742, 112080.32, 110669.312, 109330.367, 108101.695, 106950, 105853, 104799.32, 103780.836, 102799.602, 101842.273, 100824.008, 100023.562, 99482.0703, 101234.852, 101313.547, 101340.07, 101360.5, 101359.398, 101358.195, 101356.844, 101355.336, 101353.547, 101350.914, 101347.938, 101345, 101342.836, 101340.898, 101339.133, 101337.359, 101336.523, 101335.156, 101334.047, 101333.023, 101332.109, 101331.289, 101330.539, 101329.828, 101329.18, 101328.578, 101328.031, 101327.523, 101327.078, 101326.672, 101326.328, 101326.023, 101325.766, 101325.539, 101325.352, 101325.18, 101325.039, 101324.914, 101324.797, 101324.695, 101324.594, 101324.492, 101324.398] (
            interpolation = "uniform"
        )
        vector3f[] primvars:Gas_Velocity = [(0.0391739905, 0.494886309, 0), (0.0414570384, 0.480028719, 0), (0.0468402803, 0.462506056, 0), (0.057330966, 0.43993789, 0), (0.080759652, 0.40622744, 0), (0.142627016, 0.360423744, 0), (0.236088246, 1.68304086, 0), (0.0950525999, 2.58829427, 0), (0.0411893986, 3.53439331, 0), (0.0197014697, 4.5123868, 0), (-0.160903215, 5.00681305, 0), (-0.393564671, 5.59251261, 0), (-0.62167567, 6.07600689, 0), (-0.685676396, 6.35529566, 0), (-0.506466746, 6.52684069, 0), (-0.232623592, 6.67437124, 0), (0.0271590874, 6.78099394, 0), (0.217118636, 6.80256462, 0), (0.382268816, 6.74157, 0), (0.547299087, 6.58526897, 0), (0.716287374, 6.31636429, 0), (0.876430333, 5.92439032, 0), (1.00153124, 5.41779613, 0), (1.09985125, 4.81292295, 0), (1.1343236, 4.17381716, 0), (1.10823834, 3.57008672, 0), (1.03915441, 3.04267955, 0), (0.90421772, 2.61251688, 0), (0.701557279, 2.28424692, 0), (0.649459183, 1.9677316, 0), (0.850242853, 1.60249448, 0), (0.814123154, 0.94779712, 0), (0.783517599, 0.257520199, 0), (2.12927413, -1.17849994, 0), (4.99863386, -4.51058054, 0), (3.83508635, -7.06750059, 0), (2.88760757, -8.99281311, 0), (2.12217784, -10.407815, 0), (1.51237381, -11.4162197, 0), (1.03919542, -12.1091003, 0), (0.685907304, -12.5663919, 0), (0.434778184, -12.8562145, 0), (0.266196042, -13.033618, 0), (0.159825474, -13.1400871, 0), (0.0969298556, -13.2046156, 0), (0.0622364506, -13.2460098, 0), (0.0445296131, -13.2755985, 0), (0.0362472795, -13.2996655, 0), (0.0326453038, -13.3213329, 0), (0.0309400894, -13.3418636, 0), (0.0296164658, -13.3615131, 0), (0.0279404856, -13.3800459, 0), (0.0256474651, -13.3970509, 0), (0.0227513518, -13.4121246, 0), (0.0194221009, -13.4249811, 0), (0.015895281, -13.4354858, 0), (0.0124019478, -13.4436636, 0), (0.00912222825, -13.4496565, 0), (0.0061692344, -13.4536829, 0), (0.00361777167, -13.4560099, 0), (0.00148430304, -13.4569187, 0), (-0.000126979648, -13.4567575, 0), (-0.00114952307, -13.4559183, 0), (-0.0017664585, -13.4546728, 0), (-0.00210439693, -13.453207, 0), (-0.00223165215, -13.451663, 0), (-0.00221101218, -13.4501381, 0), (-0.00212674798, -13.4486752, 0), (-0.00210309471, -13.4472351, 0), (-0.00232401537, -13.4456558, 0), (0.0655463561, 0.50351572, 0), (0.0679393187, 0.498387098, 0), (0.0739406496, 0.493584245, 0), (0.085094355, 0.48968783, 0), (0.104730338, 0.490832955, 0), (0.133821204, 0.526242495, 0), (0.141749084, 0.708068728, 0), (0.0980847254, 0.852041245, 0), (0.0337455459, 0.98696208, 0), (-0.0587078594, 1.14800394, 0), (-0.195343003, 1.25781381, 0), (-0.352729738, 1.30987585, 0), (-0.498451591, 1.3113271, 0), (-0.584419906, 1.38177848, 0), (-0.562653363, 1.47760653, 0), (-0.45352298, 1.64701653, 0), (-0.290292919, 1.85879433, 0), (-0.102124013, 2.13835049, 0), (0.0790653452, 2.45544958, 0), (0.262925088, 2.7833178, 0), (0.486297369, 3.08153725, 0), (0.76457268, 3.276793, 0), (1.08449924, 3.32039499, 0), (1.61487424, 3.14035606, 0), (1.8682189, 2.89663482, 0), (1.73395371, 2.7202301, 0), (1.44486749, 2.57553697, 0), (1.20382893, 2.37463641, 0), (1.21128678, 2.03242898, 0), (1.34459066, 1.47379446, 0), (1.45531845, 1.10384452, 0), (1.35099542, 0.659815013, 0), (1.2751838, 0.183804512, 0), (3.0822928, -0.464371026, 0), (7.41473818, -2.07437778, 0), (5.92795372, -3.46953678, 0), (4.51028919, -4.55131483, 0), (3.26093054, -5.31049967, 0), (2.21972823, -5.7820816, 0), (1.40550923, -6.02628851, 0), (0.815985858, -6.11298943, 0), (0.42840299, -6.10871077, 0), (0.202629343, -6.06629896, 0), (0.0893227831, -6.01926088, 0), (0.0432650633, -5.98344898, 0), (0.0317089073, -5.96306229, 0), (0.0347278453, -5.95649529, 0), (0.0417851135, -5.96015596, 0), (0.048016727, -5.97037458, 0), (0.0515652485, -5.984097, 0), (0.0520060286, -5.99899721, 0), (0.04954236, -6.01337385, 0), (0.0446646884, -6.02602911, 0), (0.0380351879, -6.03619671, 0), (0.0304181483, -6.0435071, 0), (0.0225684084, -6.04793739, 0), (0.0150963124, -6.04971695, 0), (0.00838137884, -6.04920912, 0), (0.00254566479, -6.04678202, 0), (-0.00210512592, -6.04295874, 0), (-0.00545077212, -6.03833103, 0), (-0.00788755994, -6.03315687, 0), (-0.00965928007, -6.02748823, 0), (-0.0107877366, -6.02148342, 0), (-0.0113099115, -6.01536131, 0), (-0.011291841, -6.00934219, 0), (-0.0108440276, -6.00361395, 0), (-0.0101653496, -5.99828863, 0), (-0.00957129523, -5.99334955, 0), (-0.00946299825, -5.98863745, 0), (0.0772092864, 0.513558209, 0), (0.0778423697, 0.519154727, 0), (0.0797997788, 0.528066635, 0), (0.0825688988, 0.543512046, 0), (0.0853038654, 0.571585059, 0), (0.0841169283, 0.623764992, 0), (0.0689400211, 0.708263218, 0), (0.0314290598, 0.800247848, 0), (-0.0272220168, 0.892530501, 0), (-0.108405769, 0.977723539, 0), (-0.208896294, 1.03859866, 0), (-0.318087339, 1.06388891, 0), (-0.413839251, 1.05567527, 0), (-0.47996667, 1.03257298, 0), (-0.523043096, 1.05404758, 0), (-0.502698064, 1.13098407, 0), (-0.427690357, 1.26609004, 0), (-0.32891196, 1.45656359, 0), (-0.21648936, 1.69487739, 0), (-0.0813743472, 1.97111297, 0), (0.10889025, 2.23294902, 0), (0.423422694, 2.44153047, 0), (0.917613745, 2.72992897, 0), (1.89156842, 2.52538443, 0), (1.62618113, 2.3666687, 0), (1.42793548, 2.27464843, 0), (1.46276677, 2.06736851, 0), (1.65339589, 1.68414307, 0), (1.85256958, 1.31064069, 0), (1.91561174, 0.981015384, 0), (1.81582391, 0.697758973, 0), (1.6206032, 0.369880289, 0), (1.50670135, 0.116489619, 0), (3.1045742, 0.101435244, 0), (8.16919613, -0.40062654, 0), (7.01522732, -1.12522364, 0), (5.4255867, -1.73527014, 0), (3.94069839, -2.18834901, 0), (2.62771893, -2.46026397, 0), (1.57628107, -2.57403898, 0), (0.828135967, -2.5820663, 0), (0.378137589, -2.54848218, 0), (0.168156207, -2.52542591, 0), (0.0981162563, -2.531214, 0), (0.088280566, -2.56115079, 0), (0.0977941379, -2.60513496, 0), (0.109874815, -2.6551621, 0), (0.11851643, -2.70624709, 0), (0.121893384, -2.7554307, 0), (0.119790062, -2.80084848, 0), (0.112580538, -2.84116769, 0), (0.100825101, -2.87529421, 0), (0.085298039, -2.90232301, 0), (0.0672099441, -2.92171431, 0), (0.048223123, -2.93352795, 0), (0.0300878882, -2.93848634, 0), (0.0141239651, -2.93778634, 0), (0.000923754007, -2.93276525, 0), (-0.0095489528, -2.92465591, 0), (-0.0176135898, -2.91427445, 0), (-0.0234854016, -2.90221262, 0), (-0.0274222232, -2.88915539, 0), (-0.0297969859, -2.87570095, 0), (-0.0308787432, -2.86228299, 0), (-0.0307756439, -2.84928775, 0), (-0.0294737015, -2.83715415, 0), (-0.0270059723, -2.82637334, 0), (-0.0237122606, -2.81734228, 0), (-0.0204434469, -2.81010079, 0), (-0.0184976421, -2.80409122, 0), (0.0779773146, 0.52116102, 0), (0.0767187774, 0.533798099, 0), (0.0745331496, 0.549748719, 0), (0.0701051205, 0.57118094, 0), (0.0618175864, 0.600697815, 0), (0.0468617454, 0.640608311, 0), (0.021321008, 0.691038847, 0), (-0.0181792621, 0.746577442, 0), (-0.0726624802, 0.801718831, 0), (-0.142299518, 0.852671027, 0), (-0.223791257, 0.887870193, 0), (-0.309654623, 0.909327805, 0), (-0.390960604, 0.921126723, 0), (-0.459225416, 0.933475018, 0), (-0.499652475, 0.942540944, 0), (-0.52720803, 0.98432076, 0), (-0.525441408, 1.07609916, 0), (-0.490195513, 1.20736003, 0), (-0.430888295, 1.36710417, 0), (-0.341699034, 1.53979254, 0), (-0.160796672, 1.69900334, 0), (0.100904986, 1.95131874, 0), (0.632151663, 2.39771199, 0), (0.97484535, 1.76587152, 0), (1.2852478, 1.78562188, 0), (1.63383412, 1.60652864, 0), (1.96928799, 1.30549157, 0), (2.19374108, 1.01745653, 0), (2.26782203, 0.797774315, 0), (2.18474174, 0.594406724, 0), (1.97704887, 0.357819468, 0), (1.741292, 0.145031899, 0), (1.56607127, 0.0634130016, 0), (2.30446839, 0.606630385, 0), (7.66800117, 0.942483604, 0), (7.23276806, 0.79797101, 0), (5.92826414, 0.463077128, 0), (4.51699877, 0.0790225491, 0), (3.19600749, -0.29974106, 0), (2.06118894, -0.622929633, 0), (1.16242898, -0.845705509, 0), (0.55322057, -0.962334037, 0), (0.313150078, -1.0588994, 0), (0.236656055, -1.15116215, 0), (0.218687251, -1.23800361, 0), (0.224254668, -1.32221544, 0), (0.236180991, -1.40632534, 0), (0.244886905, -1.49047947, 0), (0.245652124, -1.57289386, 0), (0.23748827, -1.65126967, 0), (0.221041083, -1.72348881, 0), (0.196875453, -1.78743625, 0), (0.165646702, -1.84091771, 0), (0.129415616, -1.88230562, 0), (0.0919675454, -1.9113878, 0), (0.057473205, -1.92956603, 0), (0.0286274888, -1.9391588, 0), (0.00572674582, -1.94228733, 0), (-0.0116214314, -1.94083524, 0), (-0.0241992194, -1.93637788, 0), (-0.0333681479, -1.92972648, 0), (-0.0398433954, -1.9213872, 0), (-0.04411887, -1.9117856, 0), (-0.0464747064, -1.90133977, 0), (-0.0469179638, -1.89053535, 0), (-0.0452438928, -1.87998497, 0), (-0.041318275, -1.87041271, 0), (-0.035524521, -1.86251402, 0), (-0.0291883163, -1.85666692, 0), (-0.0250120386, -1.85231328, 0), (0.0727196559, 0.525579154, 0), (0.0703839287, 0.541395128, 0), (0.065947473, 0.559247494, 0), (0.0580106452, 0.579908729, 0), (0.0451698303, 0.604043067, 0), (0.0258763675, 0.631586492, 0), (-0.00215856195, 0.661688447, 0), (-0.0407128707, 0.692272246, 0), (-0.0900495052, 0.720381916, 0), (-0.150335386, 0.742938042, 0), (-0.220001578, 0.757194579, 0), (-0.294275075, 0.765532672, 0), (-0.369229585, 0.770013452, 0), (-0.439486176, 0.776055992, 0), (-0.496910781, 0.793437719, 0), (-0.524004936, 0.809691489, 0), (-0.555981755, 0.847355664, 0), (-0.563519061, 0.914045274, 0), (-0.545277536, 1.00260198, 0), (-0.476162612, 1.09589493, 0), (-0.351946324, 1.2356056, 0), (-0.24178274, 1.48200655, 0), (0.422070503, 1.40219176, 0), (0.661083579, 1.14206374, 0), (1.38310635, 1.07189405, 0), (1.93520403, 0.917136133, 0), (2.29922891, 0.763183594, 0), (2.46545076, 0.631490886, 0), (2.44289136, 0.493868232, 0), (2.27330661, 0.319907725, 0), (2.03944993, 0.135968477, 0), (1.8020798, 0.0184979532, 0), (1.57531297, 0.0028443574, 0), (0.656811118, 1.11212826, 0), (6.39146996, 1.96634924, 0), (6.75855017, 2.28367901, 0), (5.9209075, 2.28907537, 0), (4.76993275, 2.12071657, 0), (3.60621452, 1.84741676, 0), (2.56549215, 1.51134372, 0), (1.7182467, 1.14090669, 0), (1.1031189, 0.774403453, 0), (0.710160851, 0.509819984, 0), (0.472347915, 0.352784663, 0), (0.33868888, 0.272875875, 0), (0.274783105, 0.239280596, 0), (0.253643543, 0.227728486, 0), (0.254642516, 0.221313998, 0), (0.264291763, 0.208977088, 0), (0.273785263, 0.184870228, 0), (0.274588346, 0.149265066, 0), (0.257735997, 0.108785808, 0), (0.218942255, 0.0733505487, 0), (0.163440585, 0.0507621467, 0), (0.104072571, 0.042785909, 0), (0.0532145426, 0.0457167514, 0), (0.0160273276, 0.054205697, 0), (-0.00919853803, 0.0642410815, 0), (-0.0282661244, 0.0754184648, 0), (-0.0437150337, 0.0885050595, 0), (-0.055314064, 0.103206307, 0), (-0.0631700829, 0.118822195, 0), (-0.0676914826, 0.134595782, 0), (-0.0693449154, 0.149894595, 0), (-0.0685279742, 0.164346576, 0), (-0.0655546412, 0.177925542, 0), (-0.0607169867, 0.190889597, 0), (-0.0543526188, 0.203466326, 0), (-0.0468123183, 0.21523343, 0), (-0.0397102721, 0.225043282, 0), (0.0642881915, 0.528055131, 0), (0.0618666075, 0.545111358, 0), (0.0571258664, 0.562783897, 0), (0.0489947684, 0.580990434, 0), (0.0363890901, 0.599334776, 0), (0.0184164029, 0.617117405, 0), (-0.00647832314, 0.633224428, 0), (-0.0395143069, 0.646187246, 0), (-0.0812011957, 0.654819965, 0), (-0.131147653, 0.655667901, 0), (-0.188730642, 0.649765432, 0), (-0.252065688, 0.637399018, 0), (-0.319230169, 0.619981647, 0), (-0.386773586, 0.600736499, 0), (-0.449639201, 0.585127532, 0), (-0.500261605, 0.585312843, 0), (-0.525162041, 0.579753101, 0), (-0.545901537, 0.581529856, 0), (-0.549358189, 0.59663403, 0), (-0.514787316, 0.632549882, 0), (-0.44877398, 0.70723176, 0), (-0.367201895, 0.801749229, 0), (0.235313252, 0.887496352, 0), (0.479059428, 0.68440038, 0), (1.40995967, 0.662358046, 0), (2.05479336, 0.62263608, 0), (2.42782092, 0.567052126, 0), (2.55075645, 0.483038425, 0), (2.47389793, 0.353688926, 0), (2.28380752, 0.20126161, 0), (2.05507374, 0.0880699232, 0), (1.81178713, 0.046826981, 0), (1.45403063, 0.129123524, 0), (-1.19450271, 1.3683939, 0), (4.62964106, 2.5465045, 0), (5.67716026, 3.26924419, 0), (5.34825468, 3.65197515, 0), (4.55485678, 3.79593205, 0), (3.64524674, 3.77029157, 0), (2.7816596, 3.62645578, 0), (2.0445025, 3.40916467, 0), (1.46695113, 3.16678119, 0), (1.04423511, 2.94420958, 0), (0.748912692, 2.7599597, 0), (0.550905526, 2.61859679, 0), (0.423931271, 2.5192728, 0), (0.346477509, 2.45748782, 0), (0.301728457, 2.42619991, 0), (0.276810259, 2.41795683, 0), (0.261795491, 2.42605376, 0), (0.248126224, 2.44380069, 0), (0.228136957, 2.46364212, 0), (0.198206246, 2.47757912, 0), (0.160094887, 2.47992778, 0), (0.11847043, 2.47045398, 0), (0.0769484267, 2.45476365, 0), (0.0363880657, 2.44132876, 0), (-0.00236251019, 2.43691635, 0), (-0.0346276797, 2.44130635, 0), (-0.0594723038, 2.45196199, 0), (-0.0771891475, 2.46669459, 0), (-0.0885229483, 2.48374176, 0), (-0.0944406539, 2.5017128, 0), (-0.0959563926, 2.51958275, 0), (-0.0940481126, 2.5367136, 0), (-0.0896245763, 2.55286527, 0), (-0.0835468918, 2.56817698, 0), (-0.0766657367, 2.5831306, 0), (-0.0697535649, 2.59848952, 0), (-0.0639752597, 2.6147182, 0), (0.0531699806, 0.530191302, 0), (0.0513112471, 0.548282564, 0), (0.04775846, 0.566097438, 0), (0.0416006446, 0.582896709, 0), (0.032188382, 0.597862303, 0), (0.0189625602, 0.609878898, 0), (0.000962004357, 0.617586732, 0), (-0.0227520131, 0.619369566, 0), (-0.0535813309, 0.615016699, 0), (-0.0909355357, 0.600873232, 0), (-0.133252174, 0.57781142, 0), (-0.181369171, 0.544878602, 0), (-0.234747186, 0.502623558, 0), (-0.291990221, 0.453130156, 0), (-0.350460619, 0.400069684, 0), (-0.405821621, 0.349283516, 0), (-0.450805485, 0.311104685, 0), (-0.479383826, 0.277474403, 0), (-0.486119539, 0.244981095, 0), (-0.458925515, 0.216406167, 0), (-0.392297834, 0.187337026, 0), (-0.285347879, 0.14148806, 0), (-0.121397801, 0.430587649, 0), (0.226745963, 0.443751633, 0), (0.985156119, 0.663207889, 0), (1.97668898, 0.708224714, 0), (2.40909314, 0.678421974, 0), (2.52099824, 0.587302804, 0), (2.43306971, 0.462753654, 0), (2.24729514, 0.360949814, 0), (2.02078438, 0.32021749, 0), (1.67673802, 0.39535287, 0), (0.596785605, 0.9701159, 0), (-1.5686177, 1.22481501, 0), (2.59761429, 2.58346057, 0), (4.02454758, 3.68757439, 0), (4.18644047, 4.46362448, 0), (3.8022356, 4.96640682, 0), (3.20915747, 5.25789213, 0), (2.5803411, 5.39269066, 0), (2.00504589, 5.41946411, 0), (1.52350318, 5.38214684, 0), (1.14468205, 5.31550503, 0), (0.859870851, 5.24180984, 0), (0.653330445, 5.17376947, 0), (0.508079052, 5.11788797, 0), (0.408476859, 5.07675362, 0), (0.341226786, 5.0506053, 0), (0.295496464, 5.0383215, 0), (0.262281448, 5.03817034, 0), (0.234447733, 5.04744768, 0), (0.207134247, 5.06160164, 0), (0.177733168, 5.07540655, 0), (0.145833492, 5.08507109, 0), (0.112467803, 5.08923244, 0), (0.0788426548, 5.08813381, 0), (0.0456861667, 5.08210659, 0), (0.013033513, 5.07202482, 0), (-0.0187872201, 5.06165981, 0), (-0.0468412936, 5.05345058, 0), (-0.0699057579, 5.04882336, 0), (-0.0874823928, 5.04837608, 0), (-0.0997016132, 5.05214691, 0), (-0.106986329, 5.05977964, 0), (-0.109976307, 5.07069159, 0), (-0.109402925, 5.08418083, 0), (-0.106097162, 5.0995245, 0), (-0.101042077, 5.11608791, 0), (-0.0949911028, 5.13322401, 0), (-0.0894998759, 5.15054798, 0), (0.0384069495, 0.532781661, 0), (0.0374874175, 0.552913725, 0), (0.0356364846, 0.572232246, 0), (0.0324153304, 0.590062857, 0), (0.0272941347, 0.605296731, 0), (0.019994624, 0.616795242, 0), (0.0102791553, 0.622975171, 0), (-0.00255998317, 0.622134984, 0), (-0.0200592782, 0.61306119, 0), (-0.0425486565, 0.592954099, 0), (-0.067192629, 0.561805189, 0), (-0.0955106467, 0.517883241, 0), (-0.127843976, 0.459669083, 0), (-0.165022984, 0.387547612, 0), (-0.207986861, 0.304265857, 0), (-0.257883459, 0.216212183, 0), (-0.30970329, 0.131427154, 0), (-0.337131649, 0.0448667631, 0), (-0.343997002, -0.0428385623, 0), (-0.324422359, -0.125984445, 0), (-0.274635226, -0.197536647, 0), (-0.19488658, -0.251413405, 0), (-0.0918479338, -0.264215142, 0), (0.00718096504, -0.0059754476, 0), (0.179191962, 0.623137832, 0), (0.936517119, 1.17785418, 0), (2.17325711, 1.19475818, 0), (2.42455006, 1.08841777, 0), (2.30501556, 1.01629174, 0), (2.1236558, 0.998443007, 0), (1.86789608, 1.05931604, 0), (1.39460349, 1.24103534, 0), (0.435235143, 1.35378122, 0), (-0.687432647, 0.772836506, 0), (0.335365683, 2.28526974, 0), (1.93700278, 3.67981505, 0), (2.54361129, 4.77710104, 0), (2.56285667, 5.60493898, 0), (2.30749202, 6.20732403, 0), (1.94924903, 6.62911034, 0), (1.58040905, 6.9131012, 0), (1.24748242, 7.09789228, 0), (0.969797492, 7.21516323, 0), (0.74984479, 7.28911924, 0), (0.582114816, 7.33714151, 0), (0.457943887, 7.3710618, 0), (0.36790359, 7.39857006, 0), (0.303187847, 7.42435884, 0), (0.256141484, 7.45100117, 0), (0.220386058, 7.47931767, 0), (0.190990895, 7.50865984, 0), (0.164474115, 7.53746033, 0), (0.138782501, 7.5637784, 0), (0.113116927, 7.58593464, 0), (0.0875443071, 7.60289097, 0), (0.0625817403, 7.61407185, 0), (0.0389964916, 7.61887264, 0), (0.0176516268, 7.6161375, 0), (-0.00193370506, 7.60525131, 0), (-0.0196704082, 7.58749628, 0), (-0.0347965546, 7.56446171, 0), (-0.0470632948, 7.53789997, 0), (-0.056458924, 7.50947332, 0), (-0.063200213, 7.48070383, 0), (-0.067610614, 7.45290327, 0), (-0.0700988546, 7.42716694, 0), (-0.0710915476, 7.4043169, 0), (-0.0709461197, 7.38477087, 0), (-0.0702708587, 7.36882973, 0), (-0.0698723197, 7.35629511, 0), (0.0198547672, 0.53549093, 0), (0.0196175873, 0.557998478, 0), (0.0192453265, 0.580025315, 0), (0.0184268784, 0.600814641, 0), (0.017003905, 0.619585395, 0), (0.0147224516, 0.635301948, 0), (0.0116703352, 0.646782637, 0), (0.00783570297, 0.652436495, 0), (0.00302744727, 0.649701297, 0), (-0.00394613342, 0.637457967, 0), (-0.0138059407, 0.613837659, 0), (-0.0239174124, 0.579117119, 0), (-0.033259064, 0.528981388, 0), (-0.0434270427, 0.46035856, 0), (-0.0576770492, 0.371783316, 0), (-0.0888881832, 0.269795388, 0), (-0.147448361, 0.171165302, 0), (-0.15158692, 0.0560643077, 0), (-0.157920718, -0.0603648946, 0), (-0.153044835, -0.167298362, 0), (-0.134046778, -0.254584819, 0), (-0.0992993042, -0.315340787, 0), (-0.0505475253, -0.343442947, 0), (0.00843904726, -0.344248801, 0), (0.0529031456, -0.134163782, 0), (-0.117350422, 0.861518204, 0), (0.355063587, 1.77911675, 0), (1.40602756, 2.20972371, 0), (1.93021953, 2.30454111, 0), (1.70770979, 2.49802709, 0), (1.40367997, 2.77791739, 0), (0.929722726, 3.08684063, 0), (0.442225158, 3.0906105, 0), (0.167124048, 2.53012824, 0), (0.133028746, 2.67220116, 0), (0.44933185, 3.66898131, 0), (0.832212508, 4.81356001, 0), (1.03571415, 5.83450174, 0), (1.05543303, 6.67154312, 0), (0.964027762, 7.33035135, 0), (0.823865473, 7.83646059, 0), (0.67516607, 8.21957493, 0), (0.539681733, 8.50772285, 0), (0.426999122, 8.72425842, 0), (0.3360264, 8.88952732, 0), (0.265749604, 9.01879025, 0), (0.212570563, 9.12341881, 0), (0.172757104, 9.21139526, 0), (0.142674044, 9.28802204, 0), (0.119183838, 9.35644054, 0), (0.0997686982, 9.41817665, 0), (0.0826550499, 9.47362328, 0), (0.0667447448, 9.5225296, 0), (0.0515247136, 9.56445885, 0), (0.0369052291, 9.59907341, 0), (0.0230393559, 9.62628078, 0), (0.0101539269, 9.64634895, 0), (-0.00150404999, 9.65995693, 0), (-0.0110598672, 9.66687679, 0), (-0.0185592994, 9.66697407, 0), (-0.0242511332, 9.66078568, 0), (-0.0282788686, 9.64911079, 0), (-0.030806778, 9.63286495, 0), (-0.0320549458, 9.61296749, 0), (-0.0322840735, 9.59029484, 0), (-0.031775862, 9.56563854, 0), (-0.0308068376, 9.53969097, 0), (-0.0296248849, 9.51307201, 0), (-0.0284506492, 9.48614216, 0), (-0.0275407787, 9.45888615, 0), (0, 0.536376655, 0), (0, 0.559999406, 0), (0, 0.583669484, 0), (0, 0.607202053, 0), (0, 0.630236328, 0), (0, 0.652325392, 0), (0, 0.672961593, 0), (0, 0.691378534, 0), (0, 0.706445098, 0), (0, 0.716445923, 0), (0, 0.719758332, 0), (0, 0.717470884, 0), (0, 0.707473874, 0), (0, 0.691239774, 0), (0, 0.665449977, 0), (0, 0.618294597, 0), (0, 0.53264451, 0), (0, 0.443962157, 0), (0, 0.351373792, 0), (0, 0.262708247, 0), (0, 0.183840066, 0), (0, 0.121279694, 0), (0, 0.0847646073, 0), (0, 0.0843638629, 0), (0, 0.115194425, 0), (0, 0.039178431, 0), (0, 0.514779747, 0), (0, 1.3099885, 0), (0, 2.44823766, 0), (0, 3.52175164, 0), (0, 4.43202925, 0), (0, 5.05272961, 0), (0, 5.35695553, 0), (0, 5.47860622, 0), (0, 5.57686138, 0), (0, 5.88506079, 0), (0, 6.44756269, 0), (0, 7.14483213, 0), (0, 7.85449171, 0), (0, 8.5025301, 0), (0, 9.0566473, 0), (0, 9.51125526, 0), (0, 9.87525749, 0), (0, 10.1637793, 0), (0, 10.3915262, 0), (0, 10.5722094, 0), (0, 10.7172813, 0), (0, 10.8356562, 0), (0, 10.9338379, 0), (0, 11.0162334, 0), (0, 11.0855694, 0), (0, 11.1433897, 0), (0, 11.1905031, 0), (0, 11.227376, 0), (0, 11.2544146, 0), (0, 11.2721272, 0), (0, 11.2811728, 0), (0, 11.2823734, 0), (0, 11.2771368, 0), (0, 11.2668362, 0), (0, 11.2526836, 0), (0, 11.2357931, 0), (0, 11.2171698, 0), (0, 11.1976728, 0), (0, 11.1779871, 0), (0, 11.1586094, 0), (0, 11.1398525, 0), (0, 11.1218653, 0), (0, 11.1046467, 0), (0, 11.0880184, 0)] (
            interpolation = "uniform"
        )
        vector3f[] primvars:Solids_Velocity_1 = [(-0.00235825172, 0.00159702741, 0), (-0.00525436364, 0.00513243768, 0), (-0.0120554827, 0.0132172164, 0), (-0.0245437324, 0.0296293255, 0), (-0.0434427038, 0.0587832741, 0), (-0.111764461, 0.207698345, 0), (-0.172379673, 0.469550073, 0), (-0.193882719, 0.84012711, 0), (-0.184070781, 1.24768758, 0), (-0.18141228, 1.69126832, 0), (-0.265290797, 1.95780921, 0), (-0.33489576, 2.17404127, 0), (-0.344610244, 2.36480904, 0), (-0.259321719, 2.56748748, 0), (-0.122723415, 2.76964831, 0), (0.00519151986, 2.93637347, 0), (0.105135016, 3.08821774, 0), (0.175341114, 3.23218727, 0), (0.228392199, 3.36816478, 0), (0.275176316, 3.48759794, 0), (0.326442868, 3.57559323, 0), (0.388006032, 3.61338615, 0), (0.462408811, 3.58148003, 0), (0.547472239, 3.45668101, 0), (0.618496001, 3.22611761, 0), (0.649053633, 2.9009819, 0), (0.617754698, 2.519835, 0), (0.520728588, 2.12396646, 0), (0.389623314, 1.72593796, 0), (0.345683694, 1.20563638, 0), (0.545346141, 0.151656836, 0), (0.592259824, -0.523634911, 0), (0.559161663, -0.990625262, 0), (1.05271828, -0.487842828, 0), (1.05271828, -0.487842828, 0), (0, 0, 0), (0, 0, 0), (0, 0, 0), (0, 0, 0), (0, 0, 0), (0, 0, 0), (0, 0, 0), (0, 0, 0), (0, 0, 0), (0, 0, 0), (0, 0, 0), (0, 0, 0), (0, 0, 0), (0, 0, 0), (0, 0, 0), (0, 0, 0), (0, 0, 0), (0, 0, 0), (0, 0, 0), (0, 0, 0), (0, 0, 0), (0, 0, 0), (0, 0, 0), (0, 0, 0), (0, 0, 0), (0, 0, 0), (0, 0, 0), (0, 0, 0), (0, 0, 0), (0, 0, 0), (0, 0, 0), (0, 0, 0), (0, 0, 0), (0, 0, 0), (0, 0, 0), (-0.00615610555, 0.00256509264, 0), (-0.0104839476, 0.00609123847, 0), (-0.019513974, 0.0111209098, 0), (-0.0337205939, 0.0173721239, 0), (-0.0535210297, 0.0243302491, 0), (-0.0823457167, 0.0393914916, 0), (-0.153236359, 0.205843732, 0), (-0.187902123, 0.0590719096, 0), (-0.21998927, 0.133879259, 0), (-0.258289129, 0.207998499, 0), (-0.311319888, 0.246719822, 0), (-0.368138731, 0.275956362, 0), (-0.413508922, 0.329232901, 0), (-0.431255758, 0.42481634, 0), (-0.369931489, 0.576311946, 0), (-0.289363742, 0.783039749, 0), (-0.200222805, 1.0175482, 0), (-0.116612643, 1.27434719, 0), (-0.0461852811, 1.54313684, 0), (0.0248883963, 1.81544018, 0), (0.122229896, 2.07330441, 0), (0.277478188, 2.28861785, 0), (0.487182438, 2.41751647, 0), (0.734484553, 2.39980555, 0), (0.845176339, 2.26468086, 0), (0.80080837, 2.05355406, 0), (0.701271057, 1.75515532, 0), (0.648915589, 1.26723921, 0), (0.780879498, 0.354376346, 0), (0.909393907, -0.24031803, 0), (0.961949885, -0.578653216, 0), (0.910684884, -0.836589277, 0), (0.844776571, -1.15044463, 0), (1.75882328, -0.353705376, 0), (1.75882328, -0.353705376, 0), (0, 0, 0), (0, 0, 0), (0, 0, 0), (0, 0, 0), (0, 0, 0), (0, 0, 0), (0, 0, 0), (0, 0, 0), (0, 0, 0), (0, 0, 0), (0, 0, 0), (0, 0, 0), (0, 0, 0), (0, 0, 0), (0, 0, 0), (0, 0, 0), (0, 0, 0), (0, 0, 0), (0, 0, 0), (0, 0, 0), (0, 0, 0), (0, 0, 0), (0, 0, 0), (0, 0, 0), (0, 0, 0), (0, 0, 0), (0, 0, 0), (0, 0, 0), (0, 0, 0), (0, 0, 0), (0, 0, 0), (0, 0, 0), (0, 0, 0), (0, 0, 0), (0, 0, 0), (-0.00982879661, 0.00249948772, 0), (-0.0148785375, 0.00548697775, 0), (-0.0252385903, 0.00938940141, 0), (-0.0413869359, 0.0146719608, 0), (-0.0641690493, 0.0221156906, 0), (-0.111913159, 0.0344326794, 0), (-0.142042503, 0.0380300172, 0), (-0.182887658, 0.0523895621, 0), (-0.221209094, 0.077888824, 0), (-0.271755993, 0.137972191, 0), (-0.327056736, 0.168818966, 0), (-0.375025243, 0.182543933, 0), (-0.418033957, 0.19144392, 0), (-0.44689551, 0.207844675, 0), (-0.467864513, 0.282963961, 0), (-0.454760522, 0.404173166, 0), (-0.411910623, 0.556627035, 0), (-0.364323765, 0.733132005, 0), (-0.315832943, 0.92693609, 0), (-0.251890868, 1.13355362, 0), (-0.139307201, 1.35158718, 0), (0.0565850772, 1.55649424, 0), (0.349491149, 1.63236272, 0), (0.680844486, 1.47475934, 0), (0.798383474, 1.27816057, 0), (0.86653471, 0.92035687, 0), (0.991847456, 0.29840064, 0), (1.13808107, -0.222974792, 0), (1.24423945, -0.590178251, 0), (1.26389396, -0.790254414, 0), (1.20306218, -0.939379692, 0), (1.09050119, -1.10189807, 0), (1.02626467, -1.23362672, 0), (2.23916578, -0.872533381, 0), (2.23916578, -0.872533381, 0), (0, 0, 0), (0, 0, 0), (0, 0, 0), (0, 0, 0), (0, 0, 0), (0, 0, 0), (0, 0, 0), (0, 0, 0), (0, 0, 0), (0, 0, 0), (0, 0, 0), (0, 0, 0), (0, 0, 0), (0, 0, 0), (0, 0, 0), (0, 0, 0), (0, 0, 0), (0, 0, 0), (0, 0, 0), (0, 0, 0), (0, 0, 0), (0, 0, 0), (0, 0, 0), (0, 0, 0), (0, 0, 0), (0, 0, 0), (0, 0, 0), (0, 0, 0), (0, 0, 0), (0, 0, 0), (0, 0, 0), (0, 0, 0), (0, 0, 0), (0, 0, 0), (0, -4.31024414e-39, 0), (-0.0115816044, 0.0012491598, 0), (-0.0167371202, 0.00257160957, 0), (-0.0272858851, 0.00405813148, 0), (-0.043606177, 0.00576540921, 0), (-0.0662558973, 0.00761696929, 0), (-0.0991012305, 0.0109875491, 0), (-0.135310531, 0.0157705303, 0), (-0.172960535, 0.02568941, 0), (-0.215955749, 0.0459319167, 0), (-0.26956594, 0.0875484049, 0), (-0.322226048, 0.104987644, 0), (-0.369448364, 0.114285074, 0), (-0.418697536, 0.125904679, 0), (-0.463022023, 0.148668513, 0), (-0.495735198, 0.175827429, 0), (-0.525013983, 0.225704789, 0), (-0.53494668, 0.31004402, 0), (-0.518577576, 0.414083898, 0), (-0.479790509, 0.526838779, 0), (-0.412959784, 0.644874036, 0), (-0.264044315, 0.743374527, 0), (-0.0747589692, 0.832927346, 0), (0.429258734, 0.355288893, 0), (0.849512756, 0.173945189, 0), (1.06675446, -0.0945015773, 0), (1.26512563, -0.415238172, 0), (1.42211151, -0.698980868, 0), (1.50662005, -0.884767413, 0), (1.51228905, -1.0087018, 0), (1.4476999, -1.10391176, 0), (1.32970643, -1.20819819, 0), (1.20097113, -1.28677583, 0), (1.15026462, -1.18807328, 0), (1.69475222, -1.03017998, 0), (1.69475222, -1.03017998, 0), (4.62929059e-24, 0, 0), (0, 0, 0), (0, 0, 0), (0, 0, 0), (0, 0, 0), (0, 0, 0), (0, 0, 0), (0, 0, 0), (0, 0, 0), (0, 0, 0), (0, 0, 0), (0, 0, 0), (0, 0, 0), (0, 0, 0), (0, 0, 0), (0, 0, 0), (0, 0, 0), (0, 0, 0), (0, 0, 0), (0, 0, 0), (0, 0, 0), (0, 0, 0), (0, 0, 0), (0, 0, 0), (-4.20389539e-45, 0, 0), (-3.33509035e-43, 0, 0), (-5.7453237e-44, 0, 0), (0, 0, 0), (-1.52741533e-43, 0, 0), (-1.58907246e-42, 0, 0), (-3.64337601e-43, 0, 0), (-2.80259693e-45, 0, 0), (-9.40856606e-27, 0, 0), (-1.48837173e-25, 0, 0), (-2.03170115e-25, -2.45017035e-17, 0), (-0.010275444, -0.000763458491, 0), (-0.0149240699, -0.00183357601, 0), (-0.0244366582, -0.00355070061, 0), (-0.0391094349, -0.00624473765, 0), (-0.0671383664, -0.0106452797, 0), (-0.0884428993, -0.0117452005, 0), (-0.118912108, -0.0112792989, 0), (-0.153930724, -0.00715031289, 0), (-0.198778227, 0.00857670046, 0), (-0.247059807, 0.0228601769, 0), (-0.292115241, 0.0264549516, 0), (-0.341514438, 0.0216842312, 0), (-0.396428436, 0.0160449352, 0), (-0.450817257, 0.0156136639, 0), (-0.497065812, 0.029792849, 0), (-0.52832526, 0.038821388, 0), (-0.561300039, 0.0581113771, 0), (-0.571739972, 0.0959954485, 0), (-0.54823333, 0.140097022, 0), (-0.465037823, 0.175800309, 0), (-0.315009564, 0.195751265, 0), (-0.141519085, 0.257083505, 0), (0.620114625, -0.733217537, 0), (1.03434801, -0.801231265, 0), (1.35663056, -0.930762172, 0), (1.56407201, -1.04070413, 0), (1.67561114, -1.13346732, 0), (1.69881177, -1.20262766, 0), (1.64591169, -1.26673603, 0), (1.53634822, -1.3396275, 0), (1.40378654, -1.3984834, 0), (1.29494107, -1.35479796, 0), (1.26613224, -1.02660048, 0), (1.48002505, -1.0282433, 0), (1.6597913e-09, 4.45506909e-10, 0), (4.32454298e-24, 1.5463e-24, 0), (0, 0, 0), (0, 0, 0), (0, 0, 0), (0, 0, 0), (0, 0, 0), (0, 0, 0), (0, 0, 0), (0, 0, 0), (0, 0, 0), (0, 0, 0), (0, 0, 0), (0, 0, 0), (0, 0, 0), (0, 0, 0), (0, 0, 0), (0, 0, 0), (0, 0, 0), (0, 0, 0), (0, 0, 0), (0, 0, 0), (0, 0, 0), (-5.86099797e-23, 0, 0), (-1.06160092e-22, 1.40129846e-44, 0), (-1.62459423e-21, 9.02436211e-43, 0), (-1.33345093e-20, 1.18129461e-42, 0), (-5.34581021e-21, 1.69557114e-43, 0), (-2.63486913e-22, 4.44211613e-43, 0), (-8.43845313e-21, 5.57296399e-42, 0), (-2.67936483e-20, 6.89298715e-42, 0), (-1.27454154e-20, 1.44754131e-42, 0), (-1.13955792e-21, 5.0641237e-26, 0), (-1.46174533e-12, 1.09316755e-24, 0), (-5.93938006e-12, 2.85088908e-24, 0), (-6.89165001e-12, 3.66778275e-24, 0), (-0.00638614921, -0.00244640931, 0), (-0.0100768218, -0.00552364206, 0), (-0.0176021066, -0.00983987842, 0), (-0.0292620864, -0.0160392579, 0), (-0.0516413897, -0.0233431049, 0), (-0.0697161928, -0.0297077168, 0), (-0.0941526294, -0.0349792168, 0), (-0.12450961, -0.0380826183, 0), (-0.165217951, -0.0329781547, 0), (-0.206109151, -0.0347635001, 0), (-0.241612971, -0.0489960834, 0), (-0.287014455, -0.0751682222, 0), (-0.340358645, -0.107083626, 0), (-0.396682948, -0.139575839, 0), (-0.450200826, -0.168487385, 0), (-0.492564023, -0.181624457, 0), (-0.51619184, -0.210026175, 0), (-0.531523108, -0.229661763, 0), (-0.518493533, -0.249328241, 0), (-0.453655779, -0.260604769, 0), (-0.335660458, -0.260052174, 0), (-0.192774788, -0.271457076, 0), (0.486858398, -1.0810827, 0), (1.13793457, -1.22344291, 0), (1.51609278, -1.28000438, 0), (1.71805835, -1.3152144, 0), (1.80095279, -1.35364819, 0), (1.78760672, -1.39699137, 0), (1.70325041, -1.45124221, 0), (1.58157563, -1.49671721, 0), (1.46335411, -1.4690913, 0), (1.38322067, -1.254673, 0), (1.2914772, -0.662074685, 0), (1.2908237, -0.661667347, 0), (2.40020927e-05, 2.0320802e-10, 0), (1.26016708e-09, 1.9867674e-35, 0), (1.78462424e-20, 0, 0), (1.90716721e-42, 0, 0), (0, 0, 0), (0, 0, 0), (0, 0, 0), (0, 0, 0), (0, 0, 0), (0, 0, 0), (0, 0, 0), (0, 0, 0), (0, 0, 0), (0, 0, 0), (9.24402855e-07, 0, 0), (1.79264916e-05, 0, 0), (1.08709783e-05, 0, 0), (1.97281724e-09, 0, 0), (7.05768388e-10, 0, 0), (9.51743684e-10, 0, 0), (3.81567805e-10, 0, 0), (1.12350865e-10, 0, 0), (4.13817397e-10, 1.50072535e-20, 0), (-4.38579797e-11, 2.40535123e-20, 0), (-1.21301344e-10, 9.92963569e-20, 0), (-4.99804309e-10, 6.78922498e-19, 0), (-1.44901569e-09, 7.99730624e-19, 0), (-9.1851915e-10, 2.18943153e-19, 0), (-2.03284098e-10, 3.13019077e-19, 0), (-1.14481147e-09, 1.2871832e-18, 0), (-2.03037787e-09, 1.47992724e-18, 0), (-1.39718537e-09, 5.42445607e-19, 0), (-4.19056484e-10, 6.71241188e-11, 0), (-0.00491524907, 3.87114119e-10, 0), (-0.00194036192, 7.64476926e-10, 0), (-0.00041408476, 8.92068475e-10, 0), (-0.00185861124, -0.00286808494, 0), (-0.00428986968, -0.00651396066, 0), (-0.00931833405, -0.0118049141, 0), (-0.0171374455, -0.0194905438, 0), (-0.0326236337, -0.0292109214, 0), (-0.0462776721, -0.0382173732, 0), (-0.0646711886, -0.0472321473, 0), (-0.0883893967, -0.0563736893, 0), (-0.121702224, -0.06257689, 0), (-0.154768482, -0.0728842393, 0), (-0.177611753, -0.100133725, 0), (-0.210119829, -0.145731166, 0), (-0.251962394, -0.203776941, 0), (-0.299629003, -0.269049406, 0), (-0.349346459, -0.33715263, 0), (-0.39535901, -0.403544933, 0), (-0.42914477, -0.456574827, 0), (-0.445664912, -0.509144366, 0), (-0.433537155, -0.563560486, 0), (-0.374670744, -0.616154194, 0), (-0.263387799, -0.667113543, 0), (-0.141579464, -0.67865324, 0), (0.0685543492, -0.916982353, 0), (0.797749579, -1.41016388, 0), (1.48102224, -1.39824998, 0), (1.77096272, -1.42584598, 0), (1.84647715, -1.45987332, 0), (1.81579125, -1.50558901, 0), (1.72232699, -1.54338539, 0), (1.6104424, -1.51961303, 0), (1.51594114, -1.34384096, 0), (1.41019154, -0.866055489, 0), (1.35050023, -0.763699353, 0), (1.35002792, -0.763659, 0), (0.0194231607, 0.00205769506, 0), (0.000213114137, 8.27574731e-10, 0), (0.000121835976, 1.49149518e-20, 0), (6.07027832e-05, 2.07952692e-42, 0), (3.02672579e-05, 0, 0), (1.46817101e-05, 0, 0), (7.63397202e-06, 0, 0), (4.06703703e-06, 0, 0), (2.33183528e-06, 0, 0), (1.47440255e-06, 0, 0), (1.09079201e-06, 0, 0), (9.41712301e-07, 0, 0), (9.01218982e-07, 0, 0), (9.9586191e-07, 1.6869124e-05, 0), (0.0111071039, 0.660396636, 0), (0.00500694057, 0.319005281, 0), (0.000396160554, 0.0113216201, 0), (-0.000323519838, 6.18700255e-08, 0), (-0.0206407048, 4.83774727e-08, 0), (-0.0275246464, 4.67967602e-08, 0), (-0.0118026175, 2.39934366e-08, 0), (-0.00406349637, 6.7026626e-08, 0), (-0.0245901477, 1.21108883e-07, 0), (-0.0228960067, 7.85531498e-08, 0), (-0.00568843028, 5.82185464e-08, 0), (-0.0120533444, 1.33351776e-07, 0), (-0.0234709531, 1.42957987e-07, 0), (-0.0135413771, 6.13870128e-08, 0), (-0.00274729612, 6.87364548e-08, 0), (-0.0154431844, 1.63376839e-07, 0), (-0.0277265776, 1.81066952e-07, 0), (-0.0202987753, 1.00307425e-07, 0), (-0.00981690083, 2.88313345e-06, 0), (-0.0107925264, 1.23462653, 0), (-0.0165571384, 1.1292665, 0), (-0.0217742231, 1.0228945, 0), (0.000937396311, -0.0016680992, 0), (-0.000289982941, -0.00417020451, 0), (-0.00278731785, -0.00825545844, 0), (-0.00675976789, -0.0148191014, 0), (-0.0165196415, -0.0269801542, 0), (-0.0291682072, -0.0337694958, 0), (-0.0370637029, -0.0436817147, 0), (-0.0511112101, -0.0559412837, 0), (-0.0729923397, -0.0699546635, 0), (-0.104525566, -0.0832452998, 0), (-0.115890436, -0.10965813, 0), (-0.127993166, -0.160609245, 0), (-0.147299901, -0.232149795, 0), (-0.175187334, -0.319170386, 0), (-0.210395172, -0.416572779, 0), (-0.251571864, -0.516436279, 0), (-0.290942669, -0.609919906, 0), (-0.308270067, -0.706116557, 0), (-0.300472677, -0.800688148, 0), (-0.260990262, -0.881331623, 0), (-0.190572768, -0.924882412, 0), (-0.0981861651, -0.945291281, 0), (0.019594254, -0.889327466, 0), (0.118659236, -1.15638459, 0), (0.545881152, -1.43668997, 0), (1.50576437, -1.39077723, 0), (1.82539785, -1.44667578, 0), (1.81034005, -1.48822021, 0), (1.71378386, -1.46386039, 0), (1.61780059, -1.29080081, 0), (1.52533221, -0.853871346, 0), (1.3052963, 0.0203301646, 0), (1.32756805, -0.371502846, 0), (0.539464831, 1.54331875, 0), (1.65251327, 2.29921174, 0), (2.47515965, 2.68574309, 0), (2.63213778, 3.14569116, 0), (2.43037844, 3.64316344, 0), (2.07675529, 4.01680279, 0), (1.70800853, 4.4545517, 0), (1.36833799, 4.62578726, 0), (1.07297182, 4.85514927, 0), (0.827311575, 4.98945284, 0), (0.629211068, 5.12225294, 0), (0.473303288, 5.15140295, 0), (0.352127343, 5.19286537, 0), (0.258592755, 5.33485126, 0), (0.186671883, 5.36788797, 0), (0.131061301, 5.30854464, 0), (0.0886053666, 6.18694544, 0), (0.0560119301, 6.40715122, 0), (0.0309241656, 5.4593339, 0), (0.0121668857, 5.37400723, 0), (-0.00162799715, 5.42572212, 0), (-0.0109839151, 5.60460567, 0), (-0.0166713279, 5.47716999, 0), (-0.0198775511, 5.22357559, 0), (-0.0214405339, 5.59187603, 0), (-0.0210455712, 5.77545643, 0), (-0.0193711054, 5.60077238, 0), (-0.0170857944, 5.25153971, 0), (-0.0145692769, 5.76023149, 0), (-0.0123391664, 5.8101182, 0), (-0.0094400607, 5.96559477, 0), (-0.00681455014, 5.8781662, 0), (-0.0044229175, 5.82753992, 0), (-0.00127246405, 8.55871964, 0), (-0.000211628256, 5.85999918, 0), (0.00117794063, 5.80830622, 0), (0.00438545272, 9.05498028, 0), (0.000883236702, 0.000213080755, 0), (0.000564845745, -0.000118795338, 0), (-0.000123509119, -0.0016756542, 0), (-0.00119724253, -0.00507418532, 0), (-0.00276355236, -0.0110811768, 0), (-0.0128525365, -0.0257526711, 0), (-0.0180922709, -0.0316317491, 0), (-0.0237879045, -0.0419003218, 0), (-0.0340039916, -0.0543225408, 0), (-0.0494963862, -0.0713767037, 0), (-0.0736427531, -0.0839804709, 0), (-0.0684611127, -0.113932475, 0), (-0.0594113357, -0.163668916, 0), (-0.0585356057, -0.239931002, 0), (-0.0652769431, -0.340396136, 0), (-0.086655505, -0.453584969, 0), (-0.131020054, -0.55675447, 0), (-0.131002039, -0.675556958, 0), (-0.129509598, -0.790346205, 0), (-0.117955096, -0.883643627, 0), (-0.091254957, -0.938045979, 0), (-0.0449043214, -0.950738072, 0), (0.0165846515, -0.92306155, 0), (0.0788258761, -0.855446875, 0), (0.111258127, -0.853262186, 0), (-0.0350617804, -1.35746002, 0), (0.866257131, -1.30780303, 0), (1.58114982, -1.24302793, 0), (1.62647414, -1.04867756, 0), (1.50565708, -0.566854119, 0), (1.34131193, 0.416223705, 0), (1.02867305, 1.47927129, 0), (0.514334917, 3.00383735, 0), (8.26926771e-05, 4.99046993, 0), (6.30978757e-05, 5.23507071, 0), (0.000201222603, 5.51744127, 0), (0.000454913854, 5.5413518, 0), (0.0068926313, 5.59337521, 0), (0.111508377, 6.00003004, 0), (0.185463876, 6.53333044, 0), (0.200531363, 7.17864656, 0), (0.2193259, 7.40718699, 0), (0.353598922, 8.55498314, 0), (0.273504168, 8.65643406, 0), (0.255346507, 8.81502247, 0), (0.190679431, 8.90685177, 0), (0.140563488, 8.98604393, 0), (0.102612153, 9.03697586, 0), (0.0734517574, 9.07872105, 0), (0.0511287265, 9.05109978, 0), (0.0336809345, 9.07265472, 0), (0.0200712364, 9.08194923, 0), (0.00970674213, 9.08571148, 0), (0.00200209557, 9.08483315, 0), (-0.00349718705, 9.08121681, 0), (-0.00717701809, 9.07490063, 0), (-0.00936159398, 9.0671854, 0), (-0.0103440108, 9.05878639, 0), (-0.0103840847, 9.05010796, 0), (-0.00973049924, 9.04146385, 0), (-0.0085988706, 9.03329849, 0), (-0.00715832552, 9.02573586, 0), (-0.00555156404, 9.01894283, 0), (-0.00389208621, 9.01301765, 0), (-0.00225481624, 9.00797653, 0), (-0.000695108145, 9.00364685, 0), (0.00076961267, 9.00036526, 0), (0.00215342757, 8.9974041, 0), (0.00350882346, 8.99491882, 0), (0.00479280995, 8.99166393, 0), (0, 0.000792672974, 0), (0, 0.00137343991, 0), (0, 0.00153705734, 0), (0, 0.000990834087, 0), (0, -0.000570761797, 0), (0, -0.00356261176, 0), (0, -0.0156366881, 0), (0, -0.0245685447, 0), (0, -0.0363601893, 0), (0, -0.0325177684, 0), (0, -0.0337404758, 0), (0, -0.0242826957, 0), (0, -0.0256773699, 0), (0, -0.0368832089, 0), (0, -0.0619537421, 0), (0, -0.113709494, 0), (0, -0.200755909, 0), (0, -0.284941703, 0), (0, -0.372815579, 0), (0, -0.448409259, 0), (0, -0.49384734, 0), (0, -0.506885409, 0), (0, -0.480608732, 0), (0, -0.407326549, 0), (0, -0.331209153, 0), (0, -0.274227262, 0), (0, -0.755781412, 0), (0, -1.3979547, 0), (0, -0.873779476, 0), (0, 0.0874701068, 0), (0, 1.88770604, 0), (0, 3.54606295, 0), (0, 4.52822876, 0), (0, 4.9910593, 0), (0, 5.23569822, 0), (0, 5.51779556, 0), (0, 5.52787924, 0), (0, 5.54308605, 0), (0, 5.61881018, 0), (0, 6.39821291, 0), (0, 7.22206306, 0), (0, 7.99308777, 0), (0, 8.38846302, 0), (0, 9.96995068, 0), (0, 10.1319284, 0), (0, 10.4995689, 0), (0, 10.5939531, 0), (0, 10.6714573, 0), (0, 10.7285109, 0), (0, 10.7702637, 0), (0, 10.7992315, 0), (0, 10.8188257, 0), (0, 10.8307562, 0), (0, 10.8368406, 0), (0, 10.8385782, 0), (0, 10.8372774, 0), (0, 10.8340483, 0), (0, 10.8298302, 0), (0, 10.8253908, 0), (0, 10.8213205, 0), (0, 10.8180342, 0), (0, 10.8158112, 0), (0, 10.8148127, 0), (0, 10.815094, 0), (0, 10.8166542, 0), (0, 10.819438, 0), (0, 10.8233719, 0), (0, 10.8283844, 0), (0, 10.8343954, 0), (0, 10.8428564, 0)] (
            interpolation = "uniform"
        )
        vector3f[] primvars:Solids_Velocity_2 = [(-0.00235923193, 0.0015977677, 0), (-0.00525729684, 0.00513588591, 0), (-0.0120652793, 0.0132315941, 0), (-0.0245447662, 0.0296808966, 0), (-0.0434603766, 0.0587986931, 0), (-0.060180556, 0.0991904438, 0), (-0.165978417, 0.279840589, 0), (-0.19381091, 0.566292167, 0), (-0.196056649, 0.901547313, 0), (-0.204917535, 1.28249609, 0), (-0.274695158, 1.54214346, 0), (-0.324114561, 1.72110283, 0), (-0.30729109, 1.85981953, 0), (-0.205174863, 2.01317191, 0), (-0.0719167218, 2.18225074, 0), (0.0381254405, 2.33401346, 0), (0.116167836, 2.49200678, 0), (0.169007406, 2.6641624, 0), (0.206301957, 2.84387493, 0), (0.237415507, 3.01731253, 0), (0.273235917, 3.16527605, 0), (0.320748001, 3.26572657, 0), (0.385458738, 3.29622769, 0), (0.468407601, 3.23255277, 0), (0.541047037, 3.05655146, 0), (0.568675876, 2.77116442, 0), (0.534276843, 2.40856338, 0), (0.442243338, 2.00969934, 0), (0.322178006, 1.58435977, 0), (0.276131272, 1.01555288, 0), (0.481781721, -0.179540962, 0), (0.539689004, -0.901836216, 0), (0.488687247, -1.35488486, 0), (0.475183398, -2.31647182, 0), (0.475283027, -2.3164134, 0), (0, 0, 0), (0, 0, 0), (0, 0, 0), (0, 0, 0), (0, 0, 0), (0, 0, 0), (0, 0, 0), (0, 0, 0), (0, 0, 0), (0, 0, 0), (0, 0, 0), (0, 0, 0), (0, 0, 0), (0, 0, 0), (0, 0, 0), (0, 0, 0), (0, 0, 0), (0, 0, 0), (0, 0, 0), (0, 0, 0), (0, 0, 0), (0, 0, 0), (0, 0, 0), (0, 0, 0), (0, 0, 0), (0, 0, 0), (0, 0, 0), (0, 0, 0), (0, 0, 0), (0, 0, 0), (0, 0, 0), (0, 0, 0), (0, 0, 0), (0, 0, 0), (0, 0, 0), (-0.00615857402, 0.00256627658, 0), (-0.0104895458, 0.00609510671, 0), (-0.0195285324, 0.0111270314, 0), (-0.0337273292, 0.0173310805, 0), (-0.0535590723, 0.0241827089, 0), (-0.0825187489, 0.039232038, 0), (-0.145968512, 0.0261310935, 0), (-0.188914269, 0.0229959991, 0), (-0.218401715, 0.0384602211, 0), (-0.25584048, 0.0749067515, 0), (-0.306315631, 0.100260846, 0), (-0.357835501, 0.126899227, 0), (-0.393784076, 0.186586604, 0), (-0.403542042, 0.281024575, 0), (-0.336153626, 0.430816442, 0), (-0.261903673, 0.634653986, 0), (-0.185079604, 0.868297517, 0), (-0.119226769, 1.12224495, 0), (-0.0670894384, 1.38798237, 0), (-0.0131535502, 1.65729773, 0), (0.0659401938, 1.91330218, 0), (0.202799127, 2.13247037, 0), (0.401055932, 2.2765708, 0), (0.602215707, 2.28587461, 0), (0.689729631, 2.16293263, 0), (0.659386098, 1.93568254, 0), (0.573785007, 1.59291136, 0), (0.536634207, 1.02606285, 0), (0.691293716, -0.0317311361, 0), (0.814085245, -0.634265661, 0), (0.85618341, -0.957525551, 0), (0.803680301, -1.21742737, 0), (0.692922354, -1.58548319, 0), (0.658270597, -2.34590077, 0), (0.658458531, -2.34581542, 0), (0, 0, 0), (0, 0, 0), (0, 0, 0), (0, 0, 0), (0, 0, 0), (0, 0, 0), (0, 0, 0), (0, 0, 0), (0, 0, 0), (0, 0, 0), (0, 0, 0), (0, 0, 0), (0, 0, 0), (0, 0, 0), (0, 0, 0), (0, 0, 0), (0, 0, 0), (0, 0, 0), (0, 0, 0), (0, 0, 0), (0, 0, 0), (0, 0, 0), (0, 0, 0), (0, 0, 0), (0, 0, 0), (0, 0, 0), (0, 0, 0), (0, 0, 0), (0, 0, 0), (0, 0, 0), (0, 0, 0), (0, 0, 0), (0, 0, 0), (0, 0, 0), (0, 0, 0), (-0.00983264484, 0.0025005287, 0), (-0.014885827, 0.0054902737, 0), (-0.0252557416, 0.00937552564, 0), (-0.0414017774, 0.0145741086, 0), (-0.0642239004, 0.021785086, 0), (-0.0959260613, 0.0308493134, 0), (-0.139264435, 0.0265362561, 0), (-0.182150304, 0.0222098269, 0), (-0.223034874, 0.0255348366, 0), (-0.26771903, 0.0338204503, 0), (-0.317808509, 0.0416618921, 0), (-0.366270512, 0.0479918234, 0), (-0.403833628, 0.0564389229, 0), (-0.427089751, 0.0756589696, 0), (-0.450872302, 0.155370191, 0), (-0.441442281, 0.280157804, 0), (-0.406566411, 0.433556139, 0), (-0.369560063, 0.6087569, 0), (-0.332330465, 0.799276114, 0), (-0.279262781, 0.99982965, 0), (-0.177982509, 1.21387982, 0), (0.00317446678, 1.42588806, 0), (0.268811762, 1.47854507, 0), (0.525631547, 1.31508303, 0), (0.649668694, 1.06156182, 0), (0.746011555, 0.612663984, 0), (0.88839972, -0.127053261, 0), (1.02448928, -0.668807209, 0), (1.11516404, -1.00896704, 0), (1.1264267, -1.17331851, 0), (1.06573033, -1.31642711, 0), (0.947007775, -1.50725579, 0), (0.802105665, -1.80674791, 0), (0.752733767, -2.37060595, 0), (0.75291729, -2.37049294, 0), (0, 0, 0), (0, 0, 0), (0, 0, 0), (0, 0, 0), (0, 0, 0), (0, 0, 0), (0, 0, 0), (0, 0, 0), (0, 0, 0), (0, 0, 0), (0, 0, 0), (0, 0, 0), (0, 0, 0), (0, 0, 0), (0, 0, 0), (0, 0, 0), (0, 0, 0), (0, 0, 0), (0, 0, 0), (0, 0, 0), (0, 0, 0), (0, 0, 0), (0, 0, 0), (0, 0, 0), (0, 0, 0), (0, 0, 0), (0, 0, 0), (0, 0, 0), (0, 0, 0), (0, 0, 0), (0, 0, 0), (0, 0, 0), (0, 0, 0), (0, 0, 0), (0, 0, 0), (-0.0115856612, 0.00124987448, 0), (-0.0167452116, 0.00257275952, 0), (-0.0272883754, 0.00402380293, 0), (-0.0436265059, 0.00560805853, 0), (-0.0663239434, 0.00712035317, 0), (-0.0960000679, 0.00729276333, 0), (-0.132605016, 0.0029921052, 0), (-0.173420459, -0.00267229672, 0), (-0.217339143, -0.00626847008, 0), (-0.265113115, -0.00817844365, 0), (-0.31630528, -0.00934894755, 0), (-0.367654234, -0.00832371786, 0), (-0.415856063, 0.000246501266, 0), (-0.458290219, 0.0223252531, 0), (-0.485222161, 0.0474160351, 0), (-0.515273333, 0.098201625, 0), (-0.529514074, 0.181081265, 0), (-0.517791748, 0.282476187, 0), (-0.486054927, 0.391292423, 0), (-0.423962981, 0.504123509, 0), (-0.278713644, 0.601291537, 0), (-0.0880782679, 0.673029661, 0), (0.399577349, 0.111264847, 0), (0.820619762, -0.246723905, 0), (1.01785159, -0.556670964, 0), (1.18215501, -0.900016487, 0), (1.30279243, -1.15582025, 0), (1.36183095, -1.29477751, 0), (1.35639107, -1.3876406, 0), (1.28937745, -1.47655368, 0), (1.17113829, -1.59935963, 0), (1.02110326, -1.76716745, 0), (0.861476839, -2.00395656, 0), (0.778955579, -2.38811302, 0), (0.779068887, -2.38799453, 0), (0, 0, 0), (0, 0, 0), (0, 0, 0), (0, 0, 0), (0, 0, 0), (0, 0, 0), (0, 0, 0), (0, 0, 0), (0, 0, 0), (0, 0, 0), (0, 0, 0), (0, 0, 0), (0, 0, 0), (0, 0, 0), (0, 0, 0), (0, 0, 0), (0, 0, 0), (0, 0, 0), (0, 0, 0), (0, 0, 0), (0, 0, 0), (0, 0, 0), (0, 0, 0), (0, 0, 0), (0, 0, 0), (0, 0, 0), (0, 0, 0), (0, 0, 0), (0, 0, 0), (0, 0, 0), (0, 0, 0), (0, 0, 0), (0, 0, 0), (0, 0, 0), (0, 0, 0), (-0.0102793984, -0.000764310418, 0), (-0.0149298161, -0.00184662757, 0), (-0.024443021, -0.00362147088, 0), (-0.0391310453, -0.00647930522, 0), (-0.0594372787, -0.0109265884, 0), (-0.0853577331, -0.017870849, 0), (-0.117105402, -0.0280499589, 0), (-0.154157102, -0.0407305658, 0), (-0.196150005, -0.0547833443, 0), (-0.243042842, -0.0701622143, 0), (-0.29386586, -0.085309349, 0), (-0.347483188, -0.0986912176, 0), (-0.402271301, -0.107320406, 0), (-0.455632299, -0.108264796, 0), (-0.501409829, -0.0963614136, 0), (-0.522874534, -0.0896172896, 0), (-0.554450274, -0.0704848245, 0), (-0.562628567, -0.0383276604, 0), (-0.539286196, 0.00221349485, 0), (-0.45590964, 0.0333836228, 0), (-0.302485853, 0.0555314422, 0), (-0.119461261, 0.0795792714, 0), (0.651072621, -1.03114033, 0), (1.13054025, -1.30237818, 0), (1.35148108, -1.3970499, 0), (1.48365366, -1.47747564, 0), (1.54667735, -1.53322363, 0), (1.54379678, -1.57848215, 0), (1.48011386, -1.63887024, 0), (1.36644113, -1.72859752, 0), (1.22083902, -1.84732533, 0), (1.06078899, -1.99040353, 0), (0.8945297, -2.17534876, 0), (0.73274827, -2.39438295, 0), (0.732795954, -2.39427638, 0), (2.32191288e-09, 0, 0), (3.97222341e-20, 0, 0), (6.27781712e-42, 0, 0), (0, 0, 0), (0, 0, 0), (0, 0, 0), (0, 0, 0), (0, 0, 0), (0, 0, 0), (0, 0, 0), (0, 0, 0), (0, 0, 0), (0, 0, 0), (0, 0, 0), (0, 0, 0), (0, 0, 0), (0, 0, 0), (0, 0, 0), (0, 0, 0), (0, 0, 0), (0, 0, 0), (0, 0, 0), (0, 0, 0), (0, 0, 0), (0, 0, 0), (0, 0, 0), (0, 0, 0), (0, 0, 0), (0, 0, 0), (0, 0, 0), (0, 0, 0), (0, 0, 0), (0, 0, 0), (0, 0, 0), (0, 0, 0), (-0.00638755178, -0.00244619465, 0), (-0.0100823594, -0.00554447947, 0), (-0.0176060349, -0.0099271806, 0), (-0.0292802472, -0.016329078, 0), (-0.0454462059, -0.0254733413, 0), (-0.0661098287, -0.0381196849, 0), (-0.091724433, -0.0548538528, 0), (-0.122493923, -0.0757777244, 0), (-0.158503145, -0.101099923, 0), (-0.199654385, -0.130528599, 0), (-0.245341375, -0.163061291, 0), (-0.295548797, -0.197641686, 0), (-0.34948343, -0.232519507, 0), (-0.404955477, -0.265773505, 0), (-0.457631767, -0.294386446, 0), (-0.49955374, -0.309765756, 0), (-0.515319407, -0.335128784, 0), (-0.523791075, -0.359652221, 0), (-0.507278323, -0.379539281, 0), (-0.438549727, -0.388432741, 0), (-0.315340549, -0.377099007, 0), (-0.133860976, -0.446420938, 0), (0.552930892, -1.32596624, 0), (1.2576524, -1.66486156, 0), (1.53775167, -1.69576252, 0), (1.65036094, -1.71339822, 0), (1.6778034, -1.73725379, 0), (1.63431287, -1.78140032, 0), (1.53441226, -1.85398448, 0), (1.39770842, -1.94986331, 0), (1.24373627, -2.05725694, 0), (1.08235097, -2.17361736, 0), (0.910236418, -2.31417394, 0), (0.821048796, -2.35361171, 0), (0.811106563, 0.00113992824, 0), (3.46826673e-05, 1.13634824e-09, 0), (6.45758718e-08, 2.45379752e-20, 0), (5.20784609e-17, 4.99703032e-42, 0), (1.96255167e-35, 0, 0), (0, 0, 0), (0, 0, 0), (0, 0, 0), (0, 0, 0), (0, 0, 0), (0, 0, 0), (0, 0, 0), (0, 0, 0), (0, 0, 0), (0, 0, 0), (0, 0, 0), (0, 0, 0), (0, 0, 0), (0, 0, 0), (0, 0, 0), (0, 0, 0), (0, 0, 0), (0, 0, 0), (0, 0, 0), (0, 0, 0), (0, 0, 0), (0, 0, 0), (0, 0, 0), (0, 0, 0), (0, 0, 0), (0, 0, 0), (0, 0, 0), (0, 0, 0), (0, 0, 0), (0, 0, 0), (0, 0, 0), (-0.00186026026, -0.00287111336, 0), (-0.00428946922, -0.00652696425, 0), (-0.00932626892, -0.0118811121, 0), (-0.0171466991, -0.0197548382, 0), (-0.0281105731, -0.0311019663, 0), (-0.0422514863, -0.046785146, 0), (-0.0600463897, -0.0676829517, 0), (-0.0819622129, -0.094495222, 0), (-0.108339041, -0.128334105, 0), (-0.138970926, -0.169095531, 0), (-0.173768878, -0.217020079, 0), (-0.213182479, -0.271948248, 0), (-0.257413775, -0.333136052, 0), (-0.305510402, -0.399073541, 0), (-0.354869455, -0.467069685, 0), (-0.400639951, -0.53233856, 0), (-0.434331566, -0.585913897, 0), (-0.447684675, -0.636431396, 0), (-0.432187229, -0.68620342, 0), (-0.372021556, -0.730027556, 0), (-0.2582151, -0.767689288, 0), (-0.0842717811, -0.802021801, 0), (0.175340787, -1.11204553, 0), (0.907500744, -1.74132586, 0), (1.55939138, -1.80922747, 0), (1.73083556, -1.83473039, 0), (1.73928511, -1.87820172, 0), (1.67034304, -1.94723821, 0), (1.55167115, -2.03611279, 0), (1.40776002, -2.13070035, 0), (1.25357449, -2.22141957, 0), (1.08703089, -2.31085205, 0), (0.880328238, -2.40013576, 0), (0.8800565, -2.39980316, 0), (0.00916332845, 0.00891040452, 0), (0.12695539, 0.108740173, 0), (5.05599864e-08, 5.42746328e-08, 0), (4.34710047e-17, 5.68441561e-17, 0), (1.72774008e-35, 2.83115174e-35, 0), (0, 0, 0), (0, 0, 0), (0, 0, 0), (0, 0, 0), (0, 0, 0), (0, 0, 0), (0, 0, 0), (0, 0, 0), (0, 0, 0), (0, 0, 0), (0, 0, 0), (0, 0, 0), (0, 0, 0), (0, 0, 0), (0, 0, 0), (0, 0, 0), (0, 0, 0), (0, 0, 0), (0, 0, 0), (0, 0, 0), (0, 0, 0), (0, 0, 0), (0, 0, 0), (0, 0, 0), (0, 0, 0), (0, 0, 0), (0, 0, 0), (0, 0, 0), (0, 0, 0), (0, 0, 0), (0, 0, 0), (0.000938848068, -0.00166598521, 0), (-0.00029241413, -0.00417526625, 0), (-0.00278679864, -0.00829001982, 0), (-0.00676450552, -0.0150007652, 0), (-0.0124226948, -0.0252087396, 0), (-0.0198919941, -0.0398631431, 0), (-0.0292191282, -0.0601568334, 0), (-0.0409870446, -0.0872213021, 0), (-0.055588454, -0.122493893, 0), (-0.0729414076, -0.166912138, 0), (-0.0927569717, -0.221173972, 0), (-0.115335718, -0.286531538, 0), (-0.141563773, -0.36371401, 0), (-0.172302976, -0.452331662, 0), (-0.208120033, -0.549869061, 0), (-0.249629706, -0.650161445, 0), (-0.291115493, -0.745309412, 0), (-0.305375218, -0.839978635, 0), (-0.295282006, -0.93125093, 0), (-0.254190952, -1.01019359, 0), (-0.177748054, -1.0644424, 0), (-0.0652997047, -1.07679117, 0), (0.0738026053, -1.0103848, 0), (0.204708323, -1.33937693, 0), (0.69293648, -1.76602268, 0), (1.57481515, -1.87313712, 0), (1.75463355, -1.96092808, 0), (1.67624414, -2.06325507, 0), (1.55039787, -2.16396904, 0), (1.40802586, -2.25116706, 0), (1.25475502, -2.32477975, 0), (1.07824469, -2.39121509, 0), (0.838916659, -2.46114969, 0), (0.838876128, -2.4610033, 0), (1.29007116e-08, 1.98058476e-08, 0), (1.50882649e-08, 2.90368618e-08, 0), (2.77610152e-17, 5.22046787e-17, 0), (1.98355689e-35, 4.33839235e-35, 0), (0, 0, 0), (0, 0, 0), (0, 0, 0), (0, 0, 0), (0, 0, 0), (0, 0, 0), (0, 0, 0), (0, 0, 0), (0, 0, 0), (0, 0, 0), (0, 0, 0), (0, 0, 0), (0, 0, 0), (0, 0, 0), (0, 0, 0), (0, 0, 0), (0, 0, 0), (0, 0, 0), (0, 0, 0), (0, 0, 0), (0, 0, 0), (0, 0, 0), (0, 0, 0), (0, 0, 0), (0, 0, 0), (0, 0, 0), (0, 0, 0), (0, 0, 0), (0, 0, 0), (0, 0, 0), (0, 0, 0), (0, 0, 0), (0.000882730877, 0.000210658152, 0), (0.000566630682, -0.000115802941, 0), (-0.000124844082, -0.00169351138, 0), (-0.00119786279, -0.00514078047, 0), (-0.00276775262, -0.0113177868, 0), (-0.00494490145, -0.0209961329, 0), (-0.00764791667, -0.0350829624, 0), (-0.010976173, -0.0547915623, 0), (-0.0151777463, -0.0814449415, 0), (-0.0203549284, -0.116699412, 0), (-0.0262835976, -0.161243513, 0), (-0.03234943, -0.216874525, 0), (-0.0387035832, -0.285707682, 0), (-0.0458760969, -0.370042264, 0), (-0.0560985208, -0.471212178, 0), (-0.0821596831, -0.582542539, 0), (-0.133950099, -0.687399447, 0), (-0.129564941, -0.804713905, 0), (-0.126228437, -0.917824686, 0), (-0.111337855, -1.01369429, 0), (-0.0826262012, -1.07683289, 0), (-0.0370919965, -1.09300435, 0), (0.0236201324, -1.054829, 0), (0.0917705968, -0.976212859, 0), (0.138787448, -1.03909373, 0), (0.0711783096, -1.62539768, 0), (0.930016756, -1.9614445, 0), (1.61564815, -2.08912754, 0), (1.52594984, -2.19108224, 0), (1.39004564, -2.2654345, 0), (1.23857009, -2.31907415, 0), (1.05973089, -2.36474752, 0), (0.949223638, -2.41215515, 0), (0.929359078, 0.0750966668, 0), (5.25030286e-09, 1.0402357e-07, 0), (3.42232942e-17, 2.8780062e-16, 0), (1.75858696e-34, 1.03294573e-33, 0), (0, 0, 0), (0, 0, 0), (0, 0, 0), (0, 0, 0), (0, 0, 0), (0, 0, 0), (0, 0, 0), (0, 0, 0), (0, 0, 0), (0, 0, 0), (0, 0, 0), (0, 0, 0), (0, 0, 0), (0, 0, 0), (0, 0, 0), (0, 0, 0), (0, 0, 0), (0, 0, 0), (0, 0, 0), (0, 0, 0), (0, 0, 0), (0, 0, 0), (0, 0, 0), (0, 0, 0), (0, 0, 0), (0, 0, 0), (0, 0, 0), (0, 0, 0), (0, 0, 0), (0, 0, 0), (0, 0, 0), (0, 0, 0), (0, 0, 0), (0, 0.00079392083, 0), (0, 0.00137279567, 0), (0, 0.0015387024, 0), (0, 0.000991105218, 0), (0, -0.000571063312, 0), (0, -0.00356687047, 0), (0, -0.00834437646, 0), (0, -0.0153259179, 0), (0, -0.0250978805, 0), (0, -0.038324669, 0), (0, -0.0555184148, 0), (0, -0.0770103484, 0), (0, -0.103213117, 0), (0, -0.13387917, 0), (0, -0.171256542, 0), (0, -0.225996375, 0), (0, -0.315228581, 0), (0, -0.402096301, 0), (0, -0.486969441, 0), (0, -0.561865151, 0), (0, -0.615468681, 0), (0, -0.635169744, 0), (0, -0.612760186, 0), (0, -0.545972705, 0), (0, -0.449852645, 0), (0, -0.416627496, 0), (0, -0.900244236, 0), (0, -2.09014893, 0), (0, -2.14531922, 0), (0, -2.14425778, 0), (0, -2.13627505, 0), (0, -2.14101434, 0), (0, -2.14016628, 0), (0, 0.00218659057, 0), (0, 2.17474616e-09, 0), (0, 8.74626594e-20, 0), (0, 7.23742631e-41, 0), (0, 0, 0), (0, 0, 0), (0, 0, 0), (0, 0, 0), (0, 0, 0), (0, 0, 0), (0, 0, 0), (0, 0, 0), (0, 0, 0), (0, 0, 0), (0, 0, 0), (0, 0, 0), (0, 0, 0), (0, 0, 0), (0, 0, 0), (0, 0, 0), (0, 0, 0), (0, 0, 0), (0, 0, 0), (0, 0, 0), (0, 0, 0), (0, 0, 0), (0, 0, 0), (0, 0, 0), (0, 0, 0), (0, 0, 0), (0, 0, 0), (0, 0, 0), (0, 0, 0), (0, 0, 0), (0, 0, 0), (0, 0, 0), (0, 0, 0)] (
            interpolation = "uniform"
        )
        float[] primvars:Gas_temperature = [1073.15137, 1073.16394, 1073.22534, 1073.39771, 1073.69739, 1074.23621, 1082.11023, 1072.18555, 1071.5636, 1071.3429, 1073.38928, 1073.63318, 1073.66626, 1073.68311, 1073.71375, 1073.74426, 1073.76013, 1073.75854, 1073.74292, 1073.71875, 1073.69128, 1073.66382, 1073.63794, 1073.61353, 1073.58923, 1073.56384, 1073.53687, 1073.50842, 1073.47925, 1073.45447, 1073.45984, 1073.47156, 1073.45911, 1073.42041, 1073.13794, 1073.13757, 1073.13757, 1073.13757, 1073.13757, 1073.13757, 1073.13757, 1073.13757, 1073.13757, 1073.13757, 1073.1377, 1073.1377, 1073.1377, 1073.1377, 1073.1377, 1073.1377, 1073.1377, 1073.1377, 1073.1377, 1073.1377, 1073.1377, 1073.1377, 1073.1377, 1073.1377, 1073.1377, 1073.1377, 1073.1377, 1073.1377, 1073.1377, 1073.1377, 1073.1377, 1073.1377, 1073.1377, 1073.1377, 1073.1377, 1073.1377, 1073.15417, 1073.18713, 1073.32312, 1073.64551, 1074.11279, 1074.57483, 1076.17505, 1078.11475, 1074.89148, 1074.95911, 1079.36646, 1074.10132, 1073.68774, 1073.59045, 1073.54443, 1073.51624, 1073.49719, 1073.48279, 1073.47156, 1073.46338, 1073.45911, 1073.45898, 1073.46326, 1073.47046, 1073.47791, 1073.48242, 1073.48145, 1073.47339, 1073.4657, 1073.46753, 1073.46716, 1073.46326, 1073.45728, 1073.43054, 1073.13684, 1073.13354, 1073.13049, 1073.12732, 1073.12439, 1073.12195, 1073.12, 1073.11865, 1073.11768, 1073.11707, 1073.1167, 1073.11646, 1073.11633, 1073.11621, 1073.11621, 1073.11609, 1073.11609, 1073.11597, 1073.11597, 1073.11597, 1073.11597, 1073.11584, 1073.11584, 1073.11584, 1073.11584, 1073.11584, 1073.11584, 1073.11584, 1073.11584, 1073.11584, 1073.11584, 1073.11584, 1073.11584, 1073.11584, 1073.11584, 1073.11584, 1073.1604, 1073.23438, 1073.49121, 1073.974, 1074.49878, 1074.85889, 1074.97827, 1074.91541, 1074.86609, 1076.78027, 1089.38953, 1073.99011, 1073.45667, 1073.42017, 1073.41431, 1073.41345, 1073.41309, 1073.41284, 1073.41248, 1073.41272, 1073.41528, 1073.42126, 1073.42944, 1073.44019, 1073.45312, 1073.46301, 1073.4657, 1073.46533, 1073.4657, 1073.46509, 1073.46252, 1073.45935, 1073.45593, 1073.44495, 1073.1416, 1073.13245, 1073.12805, 1073.12329, 1073.11914, 1073.11572, 1073.11328, 1073.11182, 1073.11096, 1073.11047, 1073.11035, 1073.11023, 1073.11023, 1073.11023, 1073.11011, 1073.11011, 1073.10999, 1073.10999, 1073.10999, 1073.10986, 1073.10986, 1073.10986, 1073.10986, 1073.10974, 1073.10974, 1073.10974, 1073.10962, 1073.10962, 1073.10962, 1073.1095, 1073.1095, 1073.1095, 1073.1095, 1073.1095, 1073.10938, 1073.10938, 1073.17285, 1073.31604, 1073.72046, 1074.30994, 1074.79468, 1075.02747, 1075.01062, 1074.89197, 1074.87512, 1097.53955, 1077.52283, 1073.48877, 1073.4071, 1073.40991, 1073.41296, 1073.41418, 1073.41406, 1073.41272, 1073.41028, 1073.40784, 1073.40869, 1073.41687, 1073.42761, 1073.44458, 1073.45325, 1073.45837, 1073.46082, 1073.46191, 1073.46204, 1073.46106, 1073.45935, 1073.45728, 1073.45483, 1073.44702, 1073.16772, 1073.1377, 1073.12952, 1073.12402, 1073.11841, 1073.11475, 1073.11316, 1073.11304, 1073.1134, 1073.11365, 1073.11377, 1073.11401, 1073.11426, 1073.1145, 1073.11487, 1073.11511, 1073.11548, 1073.11572, 1073.11584, 1073.11609, 1073.11621, 1073.11633, 1073.11633, 1073.11646, 1073.11646, 1073.11646, 1073.11646, 1073.11646, 1073.11646, 1073.11646, 1073.11646, 1073.11646, 1073.11646, 1073.11646, 1073.11646, 1073.11646, 1073.19495, 1073.43042, 1073.953, 1074.55066, 1074.95068, 1075.07947, 1074.99121, 1074.89709, 1074.97253, 1102.21802, 1074.0481, 1073.41504, 1073.41162, 1073.41589, 1073.41809, 1073.41882, 1073.41833, 1073.41663, 1073.41309, 1073.40833, 1073.40576, 1073.41309, 1073.43164, 1073.44482, 1073.45105, 1073.45508, 1073.45752, 1073.45874, 1073.45886, 1073.45837, 1073.4574, 1073.45605, 1073.45374, 1073.44324, 1073.21082, 1073.15698, 1073.13855, 1073.12952, 1073.12329, 1073.1189, 1073.11609, 1073.11426, 1073.11365, 1073.11377, 1073.11365, 1073.11353, 1073.11365, 1073.11401, 1073.11462, 1073.11536, 1073.11633, 1073.11743, 1073.11829, 1073.11914, 1073.11987, 1073.12048, 1073.12097, 1073.12134, 1073.12158, 1073.12183, 1073.12195, 1073.12195, 1073.12195, 1073.12195, 1073.12195, 1073.12183, 1073.1217, 1073.1217, 1073.12158, 1073.12158, 1073.22253, 1073.53003, 1074.08484, 1074.64502, 1075.00439, 1075.09509, 1075.00562, 1074.98486, 1083.15161, 1088.48645, 1073.63586, 1073.41492, 1073.41589, 1073.4198, 1073.422, 1073.42334, 1073.42358, 1073.42249, 1073.41968, 1073.41577, 1073.41333, 1073.4165, 1073.43079, 1073.44324, 1073.4491, 1073.45288, 1073.4552, 1073.45642, 1073.45691, 1073.45679, 1073.45618, 1073.45508, 1073.45203, 1073.42737, 1073.25513, 1073.18872, 1073.15918, 1073.1438, 1073.13464, 1073.12866, 1073.12451, 1073.1217, 1073.11975, 1073.11841, 1073.11743, 1073.1167, 1073.11633, 1073.11621, 1073.11646, 1073.11707, 1073.1178, 1073.11877, 1073.12, 1073.12158, 1073.12329, 1073.12512, 1073.12695, 1073.12866, 1073.13, 1073.13086, 1073.13135, 1073.13135, 1073.13098, 1073.13013, 1073.12915, 1073.12793, 1073.12659, 1073.12537, 1073.12439, 1073.12366, 1073.22766, 1073.53174, 1074.06201, 1074.62146, 1075.01196, 1075.12854, 1075.06079, 1075.36218, 1093.55212, 1077.63562, 1073.48999, 1073.41919, 1073.4187, 1073.42285, 1073.42615, 1073.42883, 1073.43079, 1073.4314, 1073.43005, 1073.42725, 1073.4248, 1073.42542, 1073.43066, 1073.44128, 1073.44788, 1073.45142, 1073.45361, 1073.45496, 1073.45569, 1073.45581, 1073.45532, 1073.45386, 1073.44897, 1073.43945, 1073.29602, 1073.22656, 1073.18982, 1073.16858, 1073.15527, 1073.14661, 1073.14062, 1073.13635, 1073.1333, 1073.13098, 1073.12915, 1073.12769, 1073.12646, 1073.12561, 1073.12488, 1073.12427, 1073.12402, 1073.12402, 1073.12427, 1073.12488, 1073.12585, 1073.12732, 1073.12903, 1073.13123, 1073.13391, 1073.13684, 1073.14014, 1073.14355, 1073.14685, 1073.15015, 1073.1532, 1073.15588, 1073.15808, 1073.15967, 1073.16064, 1073.16089, 1073.20435, 1073.4314, 1073.88, 1074.44482, 1074.92871, 1075.15454, 1075.14709, 1075.16357, 1086.63574, 1085.20728, 1073.66248, 1073.43469, 1073.42053, 1073.42444, 1073.42944, 1073.43372, 1073.43713, 1073.43921, 1073.43945, 1073.43774, 1073.43518, 1073.43372, 1073.43494, 1073.4397, 1073.44604, 1073.45032, 1073.45264, 1073.4541, 1073.45483, 1073.45508, 1073.45447, 1073.45251, 1073.44666, 1073.44153, 1073.32056, 1073.26074, 1073.22437, 1073.20081, 1073.18506, 1073.17407, 1073.16626, 1073.16052, 1073.15625, 1073.15295, 1073.15027, 1073.14819, 1073.14648, 1073.14514, 1073.14404, 1073.14294, 1073.14209, 1073.14148, 1073.14111, 1073.14087, 1073.14075, 1073.14087, 1073.14136, 1073.14197, 1073.14282, 1073.14417, 1073.146, 1073.14819, 1073.15076, 1073.15381, 1073.15723, 1073.16113, 1073.16528, 1073.16968, 1073.17432, 1073.17883, 1073.17139, 1073.27869, 1073.55017, 1074.01428, 1074.58716, 1075.06897, 1075.30762, 1075.31592, 1075.4314, 1092.3418, 1078.58875, 1074.02002, 1073.44153, 1073.42163, 1073.42834, 1073.43396, 1073.43848, 1073.44226, 1073.44495, 1073.44568, 1073.44482, 1073.44312, 1073.44165, 1073.44226, 1073.44482, 1073.44849, 1073.4519, 1073.45349, 1073.45435, 1073.45447, 1073.45361, 1073.45178, 1073.44897, 1073.44617, 1073.41748, 1073.34729, 1073.29651, 1073.26367, 1073.2417, 1073.22656, 1073.2157, 1073.20776, 1073.2019, 1073.19751, 1073.19409, 1073.19141, 1073.18945, 1073.18774, 1073.1864, 1073.1853, 1073.18445, 1073.18372, 1073.18311, 1073.18262, 1073.18225, 1073.18201, 1073.18201, 1073.18201, 1073.18225, 1073.18274, 1073.18335, 1073.18408, 1073.18518, 1073.18652, 1073.18811, 1073.19006, 1073.19238, 1073.19519, 1073.19849, 1073.20215, 1073.15222, 1073.16638, 1073.21704, 1073.36316, 1073.71912, 1074.41382, 1075.42896, 1076.37354, 1076.57629, 1076.26978, 1074.49536, 1078.86169, 1092.9751, 1073.69897, 1073.41785, 1073.42407, 1073.42993, 1073.43347, 1073.43689, 1073.44043, 1073.44397, 1073.44678, 1073.44836, 1073.44897, 1073.44934, 1073.45007, 1073.45117, 1073.45325, 1073.4541, 1073.4541, 1073.45312, 1073.45166, 1073.4502, 1073.44885, 1073.44702, 1073.44006, 1073.42468, 1073.40576, 1073.38782, 1073.37292, 1073.36121, 1073.35217, 1073.34534, 1073.34021, 1073.3363, 1073.33337, 1073.33105, 1073.32922, 1073.32776, 1073.32654, 1073.32544, 1073.32446, 1073.32349, 1073.32251, 1073.32153, 1073.32043, 1073.31934, 1073.31812, 1073.31665, 1073.31506, 1073.31335, 1073.31165, 1073.30994, 1073.30835, 1073.30688, 1073.30554, 1073.30457, 1073.30383, 1073.30347, 1073.30347] (
            interpolation = "uniform"
        )
        float[] primvars:Solids_temperature_1 = [1073.15002, 1073.15002, 1073.15002, 1073.24866, 1073.6969, 970.621277, 967.077881, 971.778137, 969.950684, 968.884583, 1054.9967, 1070.18311, 1072.9425, 1073.50354, 1073.66016, 1073.72546, 1073.75305, 1073.75684, 1073.74377, 1073.72046, 1073.69299, 1073.66516, 1073.63879, 1073.61401, 1073.58948, 1073.56396, 1073.53687, 1073.50806, 1073.47864, 1073.45386, 1073.45911, 1073.47144, 1073.45874, 1073.43201, 1073.43201, 1073.1377, 1073.13831, 1073.1394, 1073.13928, 1073.13977, 1073.1394, 1073.14221, 1073.09888, 1073.11829, 1073.12891, 1073.14429, 1073.15002, 1073.15002, 1073.15002, 1073.15002, 1073.15002, 1073.15002, 1073.15002, 1073.15002, 1073.15002, 1073.15002, 1073.15002, 1073.15002, 1073.15002, 1073.15002, 1073.15002, 1073.15002, 1073.15002, 1073.15002, 1073.15002, 1073.15002, 1073.15002, 1073.15002, 1073.15002, 1073.15002, 1073.15002, 1073.15002, 1073.15002, 1073.64539, 1074.11255, 1074.57275, 1021.08356, 1040.76648, 1074.87, 1074.91333, 1074.59412, 1073.89246, 1073.67981, 1073.58887, 1073.54346, 1073.51562, 1073.49707, 1073.48303, 1073.4718, 1073.46362, 1073.45911, 1073.45886, 1073.46289, 1073.47009, 1073.47742, 1073.48206, 1073.48096, 1073.47314, 1073.46582, 1073.4668, 1073.46704, 1073.46338, 1073.45703, 1073.43665, 1073.43665, 1073.13318, 1073.13513, 1073.13684, 1073.14087, 1073.13013, 1073.13892, 1072.95374, 1073.03613, 1073.04663, 1073.05945, 1073.14941, 1073.15002, 1073.15002, 1073.15002, 1073.15002, 1073.15002, 1073.15002, 1073.15002, 1073.15002, 1073.15002, 1073.15002, 1073.15002, 1073.15002, 1073.15002, 1073.15002, 1073.15002, 1073.15002, 1073.15002, 1073.15002, 1073.15002, 1073.15002, 1073.15002, 1073.15002, 1073.15002, 1073.15002, 1073.15002, 1073.15002, 1073.17261, 1073.974, 1074.49866, 1074.92175, 1074.97607, 1074.91138, 1074.86182, 1075.10864, 1074.67542, 1073.58911, 1073.44861, 1073.42029, 1073.41443, 1073.41357, 1073.41321, 1073.41296, 1073.4126, 1073.41284, 1073.41541, 1073.42139, 1073.42957, 1073.44006, 1073.45276, 1073.4624, 1073.4657, 1073.46545, 1073.46582, 1073.46533, 1073.46277, 1073.45947, 1073.45593, 1073.44531, 1073.44531, 1073.13916, 1073.13416, 1073.13782, 1073.13306, 1073.12939, 1073.1394, 1072.91113, 1072.9978, 1073.00952, 1073.14673, 1073.15002, 1073.15002, 1073.15002, 1073.15002, 1073.15002, 1073.15002, 1073.15002, 1073.15002, 1073.15002, 1073.15002, 1073.15002, 1073.15002, 1073.15002, 1073.15002, 1073.15002, 1073.15002, 1073.15002, 1073.15002, 1073.15002, 1073.15002, 1073.15002, 1073.15002, 1073.15002, 1073.15002, 1073.15002, 1073.15002, 1073.15002, 1073.47852, 1074.30994, 1074.79468, 1075.0376, 1075.00977, 1074.8905, 1074.87256, 1075.97095, 1073.71069, 1073.41638, 1073.40601, 1073.41003, 1073.41309, 1073.41431, 1073.41418, 1073.41284, 1073.41052, 1073.40808, 1073.40881, 1073.41699, 1073.42761, 1073.44312, 1073.45276, 1073.45837, 1073.46094, 1073.46216, 1073.46228, 1073.46118, 1073.45935, 1073.4574, 1073.45496, 1073.44751, 1073.44751, 1073.15564, 1073.14099, 1073.15393, 1073.13379, 1073.1377, 1073.13843, 1073.13672, 1073.01184, 1073.04565, 1073.14758, 1073.15002, 1073.15002, 1073.15002, 1073.15002, 1073.15002, 1073.15002, 1073.15002, 1073.15002, 1073.15002, 1073.15002, 1073.15002, 1073.15002, 1073.15002, 1073.15002, 1073.15002, 1073.15002, 1073.15002, 1073.15002, 1073.15002, 1073.15002, 1073.15002, 1073.15002, 1073.15002, 1073.15002, 1073.15002, 1073.15002, 1073.17334, 1073.953, 1074.55066, 1075.02087, 1075.07935, 1074.99109, 1074.89697, 1074.88147, 1075.50757, 1073.4458, 1073.40564, 1073.4115, 1073.41602, 1073.41821, 1073.41895, 1073.41858, 1073.41687, 1073.41333, 1073.40857, 1073.40588, 1073.41309, 1073.43103, 1073.44446, 1073.45093, 1073.45508, 1073.45764, 1073.45886, 1073.45911, 1073.4585, 1073.45752, 1073.45618, 1073.45398, 1073.4491, 1073.37463, 1073.3313, 1073.14221, 1073.1543, 1073.15417, 1073.16479, 1073.1366, 1073.1344, 1073.01953, 1073.13171, 1073.15002, 1073.15002, 1073.15002, 1073.15002, 1073.15002, 1073.15002, 1073.1499, 1073.1499, 1073.15002, 1073.15002, 1073.15002, 1073.14978, 1073.14941, 1073.14905, 1073.14917, 1073.14905, 1073.14893, 1073.14893, 1073.14893, 1073.14893, 1073.1488, 1073.14868, 1073.14868, 1073.14868, 1073.14868, 1073.1488, 1073.15002, 1073.27649, 1074.08484, 1074.64502, 1075.04785, 1075.09497, 1075.00549, 1074.9574, 1075.2688, 1074.39502, 1073.42725, 1073.41199, 1073.41602, 1073.41992, 1073.42212, 1073.42346, 1073.42383, 1073.42273, 1073.41992, 1073.41602, 1073.41345, 1073.4165, 1073.43066, 1073.44299, 1073.44897, 1073.45288, 1073.4552, 1073.45654, 1073.45703, 1073.45691, 1073.4563, 1073.4552, 1073.45239, 1073.44519, 1073.37524, 1073.18872, 1073.15039, 1073.15137, 1073.19043, 1073.16467, 1073.14697, 1073.13611, 1073.13306, 1073.13062, 1073.1272, 1073.12366, 1073.12537, 1073.12366, 1073.12854, 1073.13184, 1073.12183, 1073.12561, 1073.13733, 1073.14795, 1073.14539, 1073.12427, 1073.12659, 1073.12866, 1073.12781, 1073.1283, 1073.13184, 1073.13293, 1073.13062, 1073.12854, 1073.12659, 1073.12463, 1073.12341, 1073.1239, 1073.12561, 1073.12769, 1073.15002, 1073.27917, 1074.06189, 1074.62146, 1075.06897, 1075.12842, 1075.0603, 1075.04053, 1075.71997, 1073.88586, 1073.43994, 1073.41821, 1073.41882, 1073.42297, 1073.42627, 1073.42908, 1073.43103, 1073.43152, 1073.43018, 1073.42737, 1073.42493, 1073.42554, 1073.43066, 1073.44116, 1073.44775, 1073.45142, 1073.45374, 1073.45508, 1073.45581, 1073.45593, 1073.45544, 1073.4541, 1073.44958, 1073.44763, 1073.27832, 1073.17871, 1073.19019, 1073.17798, 1073.16211, 1073.16553, 1073.13403, 1073.16626, 1073.13647, 1073.15173, 1073.13806, 1073.1405, 1073.1333, 1073.14807, 1073.12561, 1073.12427, 1073.12402, 1073.12805, 1073.12939, 1073.14441, 1073.14099, 1073.12781, 1073.14355, 1073.14709, 1073.13635, 1073.13611, 1073.14563, 1073.14124, 1073.13135, 1073.13586, 1073.14368, 1073.13562, 1073.13245, 1073.14648, 1073.15955, 1073.16077, 1073.15002, 1073.15015, 1073.69604, 1074.44482, 1075.05835, 1075.15466, 1075.14685, 1075.10352, 1075.51086, 1074.50757, 1073.5022, 1073.43201, 1073.42041, 1073.42456, 1073.42957, 1073.43384, 1073.43726, 1073.43945, 1073.43958, 1073.43799, 1073.43542, 1073.43396, 1073.43506, 1073.4397, 1073.44604, 1073.45044, 1073.45276, 1073.45422, 1073.45496, 1073.4552, 1073.45471, 1073.453, 1073.44995, 1073.44165, 1073.31934, 1073.25842, 1073.22021, 1073.19397, 1073.17627, 1073.16467, 1073.15747, 1073.15283, 1073.1499, 1073.14771, 1073.14624, 1073.14514, 1073.14417, 1073.14343, 1073.14282, 1073.14221, 1073.14185, 1073.14136, 1073.14124, 1073.14111, 1073.14124, 1073.14148, 1073.14185, 1073.1427, 1073.14368, 1073.14514, 1073.14697, 1073.14954, 1073.15247, 1073.15588, 1073.15967, 1073.16382, 1073.17151, 1073.17419, 1073.17786, 1073.1864, 1073.15002, 1073.15002, 1073.29041, 1074.01428, 1074.58716, 1075.18372, 1075.30762, 1075.31494, 1075.23145, 1075.74927, 1073.89917, 1073.52588, 1073.42737, 1073.42151, 1073.42847, 1073.43408, 1073.4386, 1073.44238, 1073.44507, 1073.44592, 1073.44507, 1073.44324, 1073.44177, 1073.44238, 1073.44495, 1073.44861, 1073.45203, 1073.45361, 1073.45447, 1073.45459, 1073.45398, 1073.45227, 1073.45117, 1073.4491, 1073.44019, 1073.42004, 1073.40259, 1073.29077, 1073.24182, 1073.22656, 1073.2157, 1073.20776, 1073.2019, 1073.19751, 1073.19409, 1073.19141, 1073.18945, 1073.18774, 1073.18652, 1073.18542, 1073.18445, 1073.18372, 1073.18323, 1073.18274, 1073.18237, 1073.18213, 1073.18201, 1073.18201, 1073.18237, 1073.18274, 1073.18335, 1073.1842, 1073.18518, 1073.18652, 1073.18811, 1073.19006, 1073.1925, 1073.19531, 1073.19849, 1073.20227, 1073.15002, 1073.15002, 1073.15002, 1073.15979, 1073.21118, 1073.34998, 1075.30762, 1075.31494, 1075.27417, 1075.13416, 1074.4895, 1074.65369, 1074.41296, 1073.41321, 1073.4137, 1073.42419, 1073.43005, 1073.43359, 1073.43701, 1073.44055, 1073.44409, 1073.4469, 1073.44861, 1073.4491, 1073.44946, 1073.4502, 1073.45129, 1073.45337, 1073.45422, 1073.45422, 1073.45349, 1073.45239, 1073.45129, 1073.4502, 1073.44885, 1073.4447, 1073.43347, 1073.4198, 1073.38806, 1073.37305, 1073.36133, 1073.35229, 1073.34546, 1073.34033, 1073.33643, 1073.33337, 1073.33118, 1073.32935, 1073.32788, 1073.32666, 1073.32556, 1073.32458, 1073.32361, 1073.32263, 1073.32166, 1073.32056, 1073.31946, 1073.31812, 1073.31677, 1073.31519, 1073.31348, 1073.31177, 1073.31006, 1073.30847, 1073.30701, 1073.30566, 1073.30469, 1073.30396, 1073.30359, 1073.30359] (
            interpolation = "uniform"
        )
        float[] primvars:Solids_temperature_2 = [1073.15137, 1073.16394, 1073.22534, 1073.39771, 1073.69702, 1074.08752, 1073.61267, 1073.57764, 1073.52881, 1073.50122, 1073.6499, 1073.67798, 1073.67603, 1073.68555, 1073.71472, 1073.74487, 1073.76025, 1073.7583, 1073.74243, 1073.71826, 1073.6908, 1073.66345, 1073.6377, 1073.61328, 1073.58911, 1073.56372, 1073.53687, 1073.50842, 1073.47937, 1073.45459, 1073.45996, 1073.47168, 1073.45911, 1073.45203, 1073.44617, 1073.35828, 1073.24939, 1073.27271, 1073.21216, 1073.1394, 1073.14038, 1073.14294, 1073.12048, 1072.82336, 1072.75232, 1073.15002, 1073.15002, 1073.15002, 1073.15002, 1073.15002, 1073.15002, 1073.15002, 1073.15002, 1073.15002, 1073.15002, 1073.15002, 1073.15002, 1073.15002, 1073.15002, 1073.15002, 1073.15002, 1073.15002, 1073.15002, 1073.15002, 1073.15002, 1073.15002, 1073.15002, 1073.15002, 1073.15002, 1073.15002, 1073.15417, 1073.18713, 1073.32312, 1073.64563, 1074.11279, 1074.57288, 1074.91394, 1075.04077, 1074.88452, 1074.92273, 1074.42017, 1073.88623, 1073.68103, 1073.59021, 1073.54443, 1073.51624, 1073.49707, 1073.48267, 1073.47131, 1073.46326, 1073.45886, 1073.45886, 1073.46313, 1073.47034, 1073.47791, 1073.48242, 1073.48145, 1073.47351, 1073.46582, 1073.46765, 1073.46729, 1073.46338, 1073.4574, 1073.45178, 1073.4436, 1073.35535, 1073.21826, 1073.24695, 1073.1908, 1073.3053, 1073.12952, 1072.95312, 1073.04309, 1072.8374, 1072.73962, 1073.15002, 1073.15002, 1073.15002, 1073.15002, 1073.15002, 1073.15002, 1073.15002, 1073.15002, 1073.15002, 1073.15002, 1073.15002, 1073.15002, 1073.15002, 1073.15002, 1073.15002, 1073.15002, 1073.15002, 1073.15002, 1073.15002, 1073.15002, 1073.15002, 1073.15002, 1073.15002, 1073.15002, 1073.15002, 1073.1604, 1073.2345, 1073.49133, 1073.97412, 1074.4989, 1074.85828, 1074.97571, 1074.91138, 1074.86157, 1075.02576, 1074.15613, 1073.56897, 1073.44714, 1073.41992, 1073.41443, 1073.41345, 1073.41321, 1073.41296, 1073.4126, 1073.41272, 1073.41541, 1073.42139, 1073.42957, 1073.44019, 1073.45325, 1073.46313, 1073.46594, 1073.46545, 1073.46594, 1073.46521, 1073.46265, 1073.45947, 1073.45618, 1073.45166, 1073.44373, 1073.3418, 1073.14575, 1073.19446, 1073.15515, 1073.30933, 1073.13123, 1072.92029, 1072.99902, 1072.83838, 1073.15002, 1073.15002, 1073.15002, 1073.15002, 1073.15002, 1073.15002, 1073.15002, 1073.15002, 1073.15002, 1073.15002, 1073.15002, 1073.15002, 1073.15002, 1073.15002, 1073.15002, 1073.15002, 1073.15002, 1073.15002, 1073.15002, 1073.15002, 1073.15002, 1073.15002, 1073.15002, 1073.15002, 1073.15002, 1073.15002, 1073.17285, 1073.31616, 1073.72058, 1074.31018, 1074.7948, 1075.02734, 1075.00977, 1074.89038, 1074.87219, 1075.13037, 1073.57068, 1073.41174, 1073.40588, 1073.41016, 1073.41309, 1073.41431, 1073.41418, 1073.41284, 1073.41052, 1073.40808, 1073.40894, 1073.41711, 1073.42786, 1073.44482, 1073.45349, 1073.45862, 1073.46106, 1073.46216, 1073.46216, 1073.46118, 1073.45947, 1073.45752, 1073.45532, 1073.45093, 1073.44556, 1073.36389, 1073.14685, 1073.16064, 1073.13708, 1073.31775, 1072.92529, 1072.92053, 1072.99194, 1072.88843, 1073.15002, 1073.15002, 1073.15002, 1073.15002, 1073.15002, 1073.15002, 1073.15002, 1073.15002, 1073.15002, 1073.15002, 1073.15002, 1073.15002, 1073.15002, 1073.15002, 1073.15002, 1073.15002, 1073.15002, 1073.15002, 1073.15002, 1073.15002, 1073.15002, 1073.15002, 1073.15002, 1073.15002, 1073.15002, 1073.15002, 1073.19495, 1073.43054, 1073.95325, 1074.5509, 1074.95081, 1075.07947, 1074.99097, 1074.89673, 1074.87158, 1074.45508, 1073.41968, 1073.40527, 1073.4115, 1073.41602, 1073.41821, 1073.41895, 1073.41858, 1073.41675, 1073.41333, 1073.40857, 1073.40588, 1073.41321, 1073.43188, 1073.44531, 1073.45142, 1073.45532, 1073.45776, 1073.45886, 1073.45911, 1073.4585, 1073.45752, 1073.4563, 1073.45471, 1073.44934, 1073.44678, 1073.40808, 1073.17639, 1073.18665, 1073.17627, 1073.13354, 1072.88501, 1072.90613, 1072.94446, 1072.93555, 1073.15002, 1073.15002, 1073.15002, 1073.15002, 1073.15002, 1073.15002, 1073.15002, 1073.15002, 1073.15002, 1073.15002, 1073.15002, 1073.15002, 1073.15002, 1073.15002, 1073.15002, 1073.15002, 1073.15002, 1073.15002, 1073.15002, 1073.15002, 1073.15002, 1073.15002, 1073.15002, 1073.15002, 1073.15002, 1073.15002, 1073.22266, 1073.53015, 1074.08508, 1074.64526, 1075.00452, 1075.09521, 1075.00549, 1074.95471, 1074.95447, 1073.84875, 1073.41882, 1073.41199, 1073.41614, 1073.41992, 1073.42224, 1073.42346, 1073.42383, 1073.42273, 1073.41992, 1073.41589, 1073.41345, 1073.41675, 1073.43103, 1073.4436, 1073.44946, 1073.45312, 1073.45532, 1073.45667, 1073.45703, 1073.45703, 1073.45642, 1073.45569, 1073.4541, 1073.44458, 1073.27979, 1073.25903, 1073.22485, 1073.23242, 1073.20129, 1073.13171, 1072.88257, 1072.81555, 1072.81763, 1073.1322, 1073.15002, 1073.15002, 1073.15002, 1073.15002, 1073.15002, 1073.15002, 1073.15002, 1073.15002, 1073.15002, 1073.15002, 1073.15002, 1073.15002, 1073.15002, 1073.15002, 1073.15002, 1073.15002, 1073.15002, 1073.15002, 1073.15002, 1073.15002, 1073.15002, 1073.15002, 1073.15002, 1073.15002, 1073.15002, 1073.15002, 1073.22766, 1073.53186, 1074.06213, 1074.6217, 1075.01221, 1075.12866, 1075.06018, 1075.02209, 1075.02148, 1073.74353, 1073.43774, 1073.41821, 1073.41895, 1073.42297, 1073.42639, 1073.42908, 1073.43103, 1073.43152, 1073.43018, 1073.42737, 1073.42493, 1073.42554, 1073.43091, 1073.44153, 1073.44812, 1073.45154, 1073.45386, 1073.4552, 1073.45593, 1073.45605, 1073.45581, 1073.4552, 1073.45361, 1073.45117, 1073.28406, 1073.21033, 1073.26953, 1073.26965, 1073.24036, 1073.13196, 1072.7605, 1072.74121, 1072.73511, 1073.14282, 1073.15002, 1073.15002, 1073.15002, 1073.15002, 1073.15002, 1073.15002, 1073.15002, 1073.15002, 1073.15002, 1073.15002, 1073.15002, 1073.15002, 1073.15002, 1073.15002, 1073.15002, 1073.15002, 1073.15002, 1073.15002, 1073.15002, 1073.15002, 1073.15002, 1073.15002, 1073.15002, 1073.15002, 1073.15002, 1073.15002, 1073.20435, 1073.43152, 1073.88025, 1074.44507, 1074.92896, 1075.15466, 1075.14697, 1075.09827, 1075.08606, 1074.09814, 1073.49487, 1073.43188, 1073.42041, 1073.42468, 1073.42957, 1073.43384, 1073.43738, 1073.43945, 1073.43958, 1073.43787, 1073.43542, 1073.43396, 1073.43518, 1073.43982, 1073.44617, 1073.45056, 1073.45288, 1073.45435, 1073.4552, 1073.45544, 1073.45532, 1073.45483, 1073.45325, 1073.45276, 1073.36426, 1073.29993, 1073.32336, 1073.34363, 1073.18652, 1073.00952, 1072.72205, 1072.71448, 1073.09509, 1073.12122, 1073.15002, 1073.15002, 1073.15002, 1073.15002, 1073.15002, 1073.15002, 1073.15002, 1073.15002, 1073.15002, 1073.15002, 1073.15002, 1073.15002, 1073.15002, 1073.15002, 1073.15002, 1073.15002, 1073.15002, 1073.15002, 1073.15002, 1073.15002, 1073.15002, 1073.15002, 1073.15002, 1073.15002, 1073.15002, 1073.15002, 1073.17139, 1073.27881, 1073.55029, 1074.01453, 1074.5874, 1075.06921, 1075.30774, 1075.31567, 1075.21948, 1075.11279, 1073.73083, 1073.50989, 1073.4259, 1073.42151, 1073.42859, 1073.4342, 1073.43872, 1073.4425, 1073.44507, 1073.44592, 1073.44507, 1073.44324, 1073.44177, 1073.44238, 1073.44495, 1073.44861, 1073.45215, 1073.45386, 1073.45471, 1073.45508, 1073.45508, 1073.45459, 1073.45276, 1073.44629, 1073.42273, 1073.34241, 1073.36853, 1073.36182, 1073.29944, 1073.2915, 1073.23779, 1073.05676, 1072.90417, 1072.948, 1073.04004, 1073.05359, 1073.14697, 1073.14954, 1073.15002, 1073.15002, 1073.15002, 1073.14978, 1073.1488, 1073.14929, 1073.14893, 1073.14954, 1073.14966, 1073.1499, 1073.14832, 1073.14197, 1073.13806, 1073.14075, 1073.14709, 1073.1499, 1073.15002, 1073.1499, 1073.14856, 1073.14783, 1073.14966, 1073.15002, 1073.15222, 1073.16638, 1073.21704, 1073.36328, 1073.71924, 1074.41406, 1075.4292, 1076.37341, 1076.57446, 1075.85706, 1074.48792, 1074.49536, 1073.70386, 1073.40222, 1073.41357, 1073.42432, 1073.43005, 1073.43372, 1073.43701, 1073.44067, 1073.44421, 1073.44702, 1073.44861, 1073.4491, 1073.44946, 1073.4502, 1073.45129, 1073.45349, 1073.45447, 1073.45496, 1073.45496, 1073.45447, 1073.45374, 1073.44983, 1073.37146, 1073.349, 1073.37354, 1073.18921, 1073.20789, 1072.98438, 1072.89124, 1072.87097, 1072.87012, 1072.86951, 1072.8689, 1072.86707, 1072.86841, 1072.87195, 1072.88306, 1072.91052, 1072.9425, 1072.97668, 1072.98865, 1072.99231, 1072.98901, 1072.97144, 1072.95483, 1072.95398, 1072.96265, 1072.96899, 1072.97473, 1072.98145, 1072.99341, 1073.02112, 1073.04492, 1073.0542, 1073.05786, 1073.05664, 1073.05432, 1073.05457] (
            interpolation = "uniform"
        )
        float[] primvars:O2_Gas_mass_fractions_1 = [0.239999995, 0.23999998, 0.23999685, 0.239739656, 0.236038074, 0.171647683, 0.000231856451, 7.09535016e-06, 4.73712191e-07, 1.10127026e-07, 1.34762686e-07, 0, 9.97345282e-08, 9.97570382e-08, 9.99732848e-08, 9.97644705e-08, 9.97765497e-08, 9.97936027e-08, 9.97987186e-08, 9.97988892e-08, 9.97988607e-08, 9.97997134e-08, 9.98003244e-08, 9.97964662e-08, 9.97726275e-08, 9.96654705e-08, 9.92730094e-08, 9.8303758e-08, 9.69114495e-08, 9.56698258e-08, 9.47283354e-08, 9.3863207e-08, 9.28240524e-08, 5.12054683e-08, 6.21419094e-09, 6.17273921e-09, 6.17187101e-09, 6.17109697e-09, 6.170358e-09, 6.16963636e-09, 6.16892626e-09, 6.16822771e-09, 6.16754514e-09, 6.166883e-09, 6.16624618e-09, 6.16564e-09, 6.16506801e-09, 6.16453377e-09, 6.1640395e-09, 6.16358831e-09, 6.16318152e-09, 6.16282048e-09, 6.16250739e-09, 6.16224272e-09, 6.16202733e-09, 6.16186169e-09, 6.16174622e-09, 6.1616805e-09, 6.16166407e-09, 6.16169693e-09, 6.16178042e-09, 6.16190832e-09, 6.16200646e-09, 6.16195894e-09, 6.16184792e-09, 6.16173068e-09, 6.16164719e-09, 6.16162277e-09, 6.16165874e-09, 6.16172136e-09, 0.239999995, 0.239999995, 0.239998698, 0.239890143, 0.238152727, 0.211399123, 0.106298625, 0.0486872867, 0.0348195955, 0.0297781788, 0.000579612039, 8.86592079e-06, 1.8959814e-07, 7.12340125e-08, 9.34993309e-08, 9.062245e-08, 9.14502607e-08, 9.32207982e-08, 9.47220826e-08, 9.58136113e-08, 9.65848201e-08, 9.71313199e-08, 9.7535569e-08, 9.78586954e-08, 9.80495116e-08, 9.79167396e-08, 9.73563132e-08, 9.65276428e-08, 9.56073123e-08, 9.45943839e-08, 9.3626852e-08, 9.28394925e-08, 9.22064416e-08, 5.98873697e-08, 6.67796618e-09, 7.36722816e-09, 8.32490166e-09, 9.30955224e-09, 1.02134861e-08, 1.09774261e-08, 1.15782166e-08, 1.20194592e-08, 1.23229773e-08, 1.25198723e-08, 1.26420954e-08, 1.27166055e-08, 1.27630635e-08, 1.27942172e-08, 1.28175124e-08, 1.28368516e-08, 1.28539952e-08, 1.28695365e-08, 1.28835049e-08, 1.28957272e-08, 1.29060229e-08, 1.29143096e-08, 1.29206343e-08, 1.29251623e-08, 1.2928135e-08, 1.29298421e-08, 1.29304105e-08, 1.29301156e-08, 1.29294584e-08, 1.29288455e-08, 1.29283011e-08, 1.29278463e-08, 1.29274973e-08, 1.29272681e-08, 1.29271571e-08, 1.2927134e-08, 0.239999995, 0.239999995, 0.239999563, 0.239962876, 0.23932977, 0.231513366, 0.197698638, 0.164123595, 0.142332777, 0.103007004, 0.000864715199, 9.99177246e-06, 1.87018102e-07, 7.38249781e-08, 9.77353309e-08, 9.51285983e-08, 9.46644931e-08, 9.48572279e-08, 9.5218688e-08, 9.5590508e-08, 9.59138262e-08, 9.61780913e-08, 9.64122151e-08, 9.65961107e-08, 9.65815588e-08, 9.63237738e-08, 9.5823772e-08, 9.51006172e-08, 9.42624467e-08, 9.34009137e-08, 9.26658501e-08, 9.22329022e-08, 9.23174994e-08, 6.75461251e-08, 7.53375407e-09, 7.69684938e-09, 9.03282071e-09, 1.0395631e-08, 1.1576752e-08, 1.24691155e-08, 1.30601183e-08, 1.34020182e-08, 1.35739047e-08, 1.36492462e-08, 1.36786724e-08, 1.36897542e-08, 1.36951233e-08, 1.36997871e-08, 1.37053275e-08, 1.37119249e-08, 1.37192755e-08, 1.37269858e-08, 1.37347325e-08, 1.37423033e-08, 1.37496041e-08, 1.37566349e-08, 1.37634508e-08, 1.37701095e-08, 1.37769165e-08, 1.37843639e-08, 1.37921807e-08, 1.3799923e-08, 1.38072211e-08, 1.38138647e-08, 1.38197613e-08, 1.38248604e-08, 1.3829057e-08, 1.38321683e-08, 1.38340361e-08, 1.3834728e-08, 0.239999995, 0.239999995, 0.239999875, 0.239990205, 0.239815578, 0.238100424, 0.230161324, 0.219511211, 0.209724993, 0.0241677426, 9.11644383e-05, 1.27035617e-06, 9.08692286e-08, 7.60354908e-08, 9.56884776e-08, 9.73277281e-08, 9.71289751e-08, 9.66820863e-08, 9.63030118e-08, 9.60154622e-08, 9.58150892e-08, 9.57072288e-08, 9.56323234e-08, 9.55977626e-08, 9.5434757e-08, 9.51012922e-08, 9.46045162e-08, 9.39494882e-08, 9.3224287e-08, 9.25709642e-08, 9.22108043e-08, 9.22184853e-08, 8.73717667e-08, 6.24599821e-08, 1.12970104e-08, 8.16434742e-09, 8.84323281e-09, 1.0190683e-08, 1.17261463e-08, 1.26837616e-08, 1.30683322e-08, 1.30930164e-08, 1.30153177e-08, 1.29510287e-08, 1.29077025e-08, 1.28717446e-08, 1.28358257e-08, 1.27987763e-08, 1.27621256e-08, 1.27279103e-08, 1.26977104e-08, 1.26724222e-08, 1.26523787e-08, 1.26375088e-08, 1.26274164e-08, 1.26214204e-08, 1.26186324e-08, 1.26181332e-08, 1.2618826e-08, 1.26199247e-08, 1.26212578e-08, 1.26227233e-08, 1.26242767e-08, 1.26259216e-08, 1.26276714e-08, 1.26295099e-08, 1.26313324e-08, 1.26329249e-08, 1.26340272e-08, 1.26344872e-08, 0.239999995, 0.239999995, 0.23999998, 0.239997998, 0.239961788, 0.239662752, 0.2383513, 0.236264169, 0.221141636, 0.00181911024, 9.19725335e-06, 1.41323838e-07, 7.93520982e-08, 9.47215639e-08, 9.39852711e-08, 9.42598746e-08, 9.4551126e-08, 9.47999084e-08, 9.49803507e-08, 9.50829815e-08, 9.5132819e-08, 9.51566435e-08, 9.51607362e-08, 9.50249586e-08, 9.47587822e-08, 9.43389651e-08, 9.37862268e-08, 9.3161006e-08, 9.25942061e-08, 9.22842958e-08, 9.23117867e-08, 8.98501824e-08, 7.478436e-08, 4.73218442e-08, 1.57267408e-08, 9.94205251e-09, 9.11280384e-09, 9.70431113e-09, 1.07562297e-08, 1.16569803e-08, 1.22586528e-08, 1.26272317e-08, 1.27992577e-08, 1.2778484e-08, 1.27531079e-08, 1.27606441e-08, 1.27464688e-08, 1.27077913e-08, 1.26445174e-08, 1.25562964e-08, 1.24642829e-08, 1.23862218e-08, 1.2328317e-08, 1.22898909e-08, 1.22679271e-08, 1.22589423e-08, 1.22593917e-08, 1.22660815e-08, 1.22766837e-08, 1.22887647e-08, 1.23010659e-08, 1.23129009e-08, 1.23237296e-08, 1.23330857e-08, 1.2340597e-08, 1.23458985e-08, 1.2348484e-08, 1.23477113e-08, 1.2343353e-08, 1.23375257e-08, 0.239999995, 0.239999995, 0.239999995, 0.239999682, 0.239994019, 0.239952251, 0.239783496, 0.237737671, 0.120494038, 0.000345066655, 3.11233703e-06, 8.74037696e-08, 8.91614107e-08, 9.22372934e-08, 9.50428003e-08, 9.58670299e-08, 9.59616813e-08, 9.58846798e-08, 9.56353716e-08, 9.53270956e-08, 9.50965315e-08, 9.49942276e-08, 9.50349204e-08, 9.49260794e-08, 9.45505221e-08, 9.39718916e-08, 9.334547e-08, 9.28015353e-08, 9.24979062e-08, 9.2605525e-08, 9.23987358e-08, 8.72379218e-08, 7.05369416e-08, 7.21045694e-08, 2.5815309e-08, 1.4734292e-08, 1.12678995e-08, 1.03504556e-08, 1.04177547e-08, 1.0773868e-08, 1.11427241e-08, 1.14527978e-08, 1.16982184e-08, 1.18860148e-08, 1.20371775e-08, 1.21587753e-08, 1.22470407e-08, 1.22999815e-08, 1.23195729e-08, 1.23099015e-08, 1.22767361e-08, 1.22263177e-08, 1.21649562e-08, 1.21004842e-08, 1.20437909e-08, 1.20071144e-08, 1.19988925e-08, 1.20197949e-08, 1.20638983e-08, 1.2122821e-08, 1.21874439e-08, 1.22498331e-08, 1.23041763e-08, 1.23470594e-08, 1.23773001e-08, 1.23955139e-08, 1.2403591e-08, 1.2404211e-08, 1.24004105e-08, 1.23953994e-08, 0.239999995, 0.239999995, 0.239999995, 0.239999965, 0.239999264, 0.239994302, 0.239920065, 0.230185926, 0.0313409045, 8.35154933e-05, 7.6783158e-07, 4.75481983e-08, 9.96936294e-08, 9.80544215e-08, 9.66391767e-08, 9.58896109e-08, 9.59807025e-08, 9.59487849e-08, 9.53578407e-08, 9.47890229e-08, 9.45584731e-08, 9.45900425e-08, 9.48341778e-08, 9.49000167e-08, 9.45754977e-08, 9.39994393e-08, 9.33765776e-08, 9.29553465e-08, 9.29206934e-08, 9.32425053e-08, 9.2702372e-08, 8.77456259e-08, 7.70778996e-08, 8.60128466e-08, 3.80270322e-08, 2.24927952e-08, 1.61495937e-08, 1.33188278e-08, 1.20513786e-08, 1.14997265e-08, 1.12709984e-08, 1.1186934e-08, 1.11690381e-08, 1.11838032e-08, 1.12183836e-08, 1.12673462e-08, 1.13269936e-08, 1.13933938e-08, 1.14618848e-08, 1.15274146e-08, 1.15852945e-08, 1.16321264e-08, 1.16668186e-08, 1.16911494e-08, 1.17097096e-08, 1.17296164e-08, 1.17603998e-08, 1.18137597e-08, 1.19010215e-08, 1.20288091e-08, 1.21998349e-08, 1.24126007e-08, 1.26610775e-08, 1.29348736e-08, 1.3219867e-08, 1.34992959e-08, 1.37552529e-08, 1.3970503e-08, 1.4130336e-08, 1.42246659e-08, 0.239999995, 0.239999995, 0.239999995, 0.239999995, 0.239999935, 0.239999309, 0.239979476, 0.237247542, 0.0945659801, 0.000378722121, 2.67290011e-06, 8.21149726e-08, 7.34147605e-08, 9.52280743e-08, 9.61988746e-08, 9.58678683e-08, 9.62356523e-08, 9.60357767e-08, 9.49758103e-08, 9.43197236e-08, 9.43213436e-08, 9.45135241e-08, 9.47652055e-08, 9.4929625e-08, 9.47400807e-08, 9.42860652e-08, 9.38493869e-08, 9.35494882e-08, 9.36006685e-08, 9.38614306e-08, 9.33740623e-08, 9.05894879e-08, 8.95530619e-08, 9.16150711e-08, 4.7079272e-08, 3.11148689e-08, 2.32009238e-08, 1.88472313e-08, 1.63205307e-08, 1.47887427e-08, 1.38184415e-08, 1.31760896e-08, 1.27333992e-08, 1.24186856e-08, 1.21910917e-08, 1.20265824e-08, 1.19102941e-08, 1.18323191e-08, 1.1785386e-08, 1.17636638e-08, 1.1762225e-08, 1.17769208e-08, 1.18044952e-08, 1.18427383e-08, 1.18905739e-08, 1.19481065e-08, 1.20168204e-08, 1.21006503e-08, 1.22098509e-08, 1.23566171e-08, 1.25449544e-08, 1.27796778e-08, 1.30662094e-08, 1.3409978e-08, 1.38154741e-08, 1.42851393e-08, 1.48181956e-08, 1.54096238e-08, 1.60496825e-08, 1.67237655e-08, 0.239999995, 0.239999995, 0.239999995, 0.239999995, 0.239999995, 0.23999992, 0.239997819, 0.239794612, 0.2281636, 0.0352142192, 0.000102584097, 8.07842207e-06, 2.24668526e-07, 7.38684349e-08, 9.96360399e-08, 9.66297975e-08, 9.61761017e-08, 9.63095985e-08, 9.53214183e-08, 9.43739735e-08, 9.42094616e-08, 9.43349079e-08, 9.4562921e-08, 9.48352579e-08, 9.50025054e-08, 9.46844381e-08, 9.43810008e-08, 9.42426581e-08, 9.4276821e-08, 9.44068077e-08, 9.42562153e-08, 9.35077438e-08, 9.34611393e-08, 9.36305256e-08, 8.31472633e-08, 5.84554591e-08, 4.31290559e-08, 3.43751303e-08, 2.90714492e-08, 2.56693475e-08, 2.33872388e-08, 2.18022329e-08, 2.06711412e-08, 1.98476293e-08, 1.92398595e-08, 1.87879685e-08, 1.84514626e-08, 1.82020266e-08, 1.80193656e-08, 1.7888766e-08, 1.77995467e-08, 1.77440249e-08, 1.77167259e-08, 1.77138073e-08, 1.77326687e-08, 1.77717414e-08, 1.78310451e-08, 1.79231012e-08, 1.80598771e-08, 1.82287838e-08, 1.84277127e-08, 1.865744e-08, 1.89214422e-08, 1.92256433e-08, 1.95780174e-08, 1.99880308e-08, 2.04659241e-08, 2.10218314e-08, 2.1664837e-08, 2.24019345e-08, 0.239999995, 0.239999995, 0.239999995, 0.239999995, 0.239999995, 0.239999995, 0.239999056, 0.239967227, 0.23943755, 0.231309623, 0.222449988, 0.145994127, 0.000361914339, 3.95376219e-06, 8.81873561e-08, 8.13113701e-08, 9.21898078e-08, 9.54026618e-08, 9.6702685e-08, 9.57590345e-08, 9.44905025e-08, 9.40874898e-08, 9.40952631e-08, 9.42049354e-08, 9.43747622e-08, 9.46814751e-08, 9.49047632e-08, 9.4810737e-08, 9.48231715e-08, 9.48804555e-08, 9.48762846e-08, 9.48072554e-08, 9.48090602e-08, 9.48399332e-08, 9.46922967e-08, 9.24780892e-08, 8.71748256e-08, 8.0739774e-08, 7.48909912e-08, 7.01946092e-08, 6.66228104e-08, 6.3971811e-08, 6.20257978e-08, 6.06021331e-08, 5.95663963e-08, 5.88141376e-08, 5.82668243e-08, 5.78648525e-08, 5.75630636e-08, 5.73272381e-08, 5.71314196e-08, 5.69556953e-08, 5.6784522e-08, 5.66055682e-08, 5.64090108e-08, 5.61873286e-08, 5.59349616e-08, 5.56375817e-08, 5.52783561e-08, 5.48684405e-08, 5.44217542e-08, 5.39541674e-08, 5.34827613e-08, 5.3025186e-08, 5.25990806e-08, 5.22215444e-08, 5.19087209e-08, 5.16754177e-08, 5.15348582e-08, 5.14984215e-08] (
            interpolation = "uniform"
        )
        float[] primvars:N2_Gas_mass_fractions_2 = [0.75999999, 0.759999931, 0.759992719, 0.759394228, 0.750247955, 0.615253091, 0.281404197, 0.264394373, 0.259396881, 0.257352799, 0.260239065, 0.262204766, 0.264556378, 0.265936285, 0.265609086, 0.264063895, 0.262320071, 0.261003077, 0.260034055, 0.259355664, 0.258931488, 0.258753866, 0.258868188, 0.259438872, 0.260970026, 0.265049517, 0.275682837, 0.296805918, 0.322466105, 0.340272188, 0.347803682, 0.347260505, 0.337527692, 0.614691257, 0.94934839, 0.949664772, 0.949671865, 0.949678242, 0.949684262, 0.949690163, 0.949696004, 0.949701726, 0.949707329, 0.949712753, 0.949717939, 0.949722946, 0.949727595, 0.949732006, 0.949736059, 0.949739754, 0.949743092, 0.949746013, 0.949748576, 0.949750781, 0.94975251, 0.949753881, 0.949754834, 0.949755371, 0.94975549, 0.949755251, 0.949754536, 0.949753523, 0.949752688, 0.949753106, 0.949754, 0.949754953, 0.949755609, 0.949755847, 0.949755549, 0.949755013, 0.75999999, 0.75999999, 0.75999701, 0.759745181, 0.755458117, 0.697215319, 0.498494714, 0.411434323, 0.374338686, 0.360977322, 0.356444627, 0.358939707, 0.360241264, 0.355838448, 0.343378395, 0.326796025, 0.308382243, 0.294242918, 0.290070802, 0.291847348, 0.296049416, 0.301423818, 0.307081521, 0.312680393, 0.321804255, 0.340027958, 0.36610347, 0.392033219, 0.412337601, 0.419894338, 0.39990598, 0.364939541, 0.329429775, 0.544526935, 0.945565164, 0.939879239, 0.932033777, 0.923967302, 0.91656208, 0.910303712, 0.905381918, 0.901767194, 0.899280727, 0.897667706, 0.896666408, 0.896055996, 0.895675361, 0.895420134, 0.89522928, 0.895070791, 0.894930303, 0.894802928, 0.894688427, 0.894588292, 0.894503891, 0.894435942, 0.894384086, 0.894346893, 0.894322515, 0.894308507, 0.894303799, 0.894306183, 0.894311547, 0.894316494, 0.894320965, 0.89432466, 0.894327521, 0.894329369, 0.894330263, 0.894330442, 0.75999999, 0.75999999, 0.759998977, 0.759914219, 0.758357823, 0.740660548, 0.672965288, 0.610702336, 0.57036221, 0.542770028, 0.512895644, 0.510604978, 0.513940871, 0.520798147, 0.531187177, 0.541855991, 0.550757885, 0.556588411, 0.557064354, 0.554117322, 0.547210157, 0.53195107, 0.507846594, 0.483327419, 0.472229809, 0.470247, 0.469920427, 0.463572264, 0.445342124, 0.420042664, 0.384524405, 0.343146384, 0.307919145, 0.481353283, 0.938975751, 0.937179446, 0.926235795, 0.91507417, 0.905403018, 0.898099184, 0.893265009, 0.89047128, 0.889069498, 0.888457417, 0.888220489, 0.888133109, 0.888091803, 0.888055742, 0.888011932, 0.887958944, 0.88789928, 0.887836099, 0.887772083, 0.887708962, 0.887647569, 0.887587905, 0.887529552, 0.887472034, 0.887412846, 0.887347758, 0.887279391, 0.887211621, 0.887147725, 0.88708955, 0.887037873, 0.886993229, 0.886956513, 0.886929274, 0.886912882, 0.886906803, 0.75999999, 0.75999999, 0.759999752, 0.75997746, 0.759551048, 0.755507231, 0.739122272, 0.71840167, 0.701528609, 0.646685719, 0.636630356, 0.637738705, 0.643283427, 0.651479125, 0.660071492, 0.667492926, 0.673259437, 0.677330613, 0.679864526, 0.680894375, 0.67731607, 0.663053572, 0.626689911, 0.580421925, 0.545912743, 0.514452815, 0.481948614, 0.450606585, 0.419741958, 0.387730896, 0.350066632, 0.315259188, 0.335436165, 0.517174006, 0.910002828, 0.933666348, 0.92783159, 0.91675669, 0.904194772, 0.896421134, 0.893394172, 0.893319249, 0.894044042, 0.894618988, 0.895001292, 0.895316303, 0.895630121, 0.895953953, 0.896274865, 0.896575272, 0.896841347, 0.897065163, 0.897243559, 0.897376895, 0.897468388, 0.89752388, 0.897550941, 0.897557437, 0.897553027, 0.897544622, 0.897533655, 0.897521198, 0.897507668, 0.897493243, 0.897477806, 0.897461653, 0.897445679, 0.897431791, 0.897422194, 0.897418261, 0.75999999, 0.75999999, 0.759999931, 0.759995401, 0.759907782, 0.759183347, 0.756386757, 0.75236696, 0.745082557, 0.686446249, 0.685482442, 0.686333597, 0.687765837, 0.689215302, 0.690539181, 0.691743672, 0.692747831, 0.692982972, 0.691489577, 0.688048482, 0.683763444, 0.677969813, 0.650592566, 0.597320259, 0.540059328, 0.486422747, 0.443324924, 0.409955382, 0.380024642, 0.349002331, 0.318663865, 0.321243167, 0.431564212, 0.633076251, 0.875919402, 0.920105934, 0.926015437, 0.920892358, 0.912191093, 0.904815137, 0.899941027, 0.897007883, 0.895702362, 0.895942509, 0.896193326, 0.896179855, 0.896336675, 0.896680593, 0.897215962, 0.897949517, 0.898714125, 0.89937067, 0.899869323, 0.900214732, 0.900429547, 0.900539756, 0.900571585, 0.900548756, 0.900488257, 0.900408447, 0.900318742, 0.90022552, 0.900134444, 0.900050998, 0.899979889, 0.899925649, 0.899893701, 0.899890661, 0.899919569, 0.899965763, 0.75999999, 0.75999999, 0.75999999, 0.759999275, 0.759985685, 0.759883761, 0.759532213, 0.758523643, 0.727446854, 0.695807278, 0.695627809, 0.695632577, 0.695693314, 0.695836723, 0.6960724, 0.696345568, 0.696288943, 0.694243848, 0.687720001, 0.677014768, 0.666925907, 0.661546469, 0.653779328, 0.601712346, 0.517787397, 0.444912821, 0.398605615, 0.368631542, 0.343015283, 0.318588048, 0.306621224, 0.344286948, 0.472567141, 0.520234168, 0.814308226, 0.888672769, 0.911920607, 0.917422891, 0.915973365, 0.912621558, 0.909381986, 0.906734288, 0.904677331, 0.903124988, 0.901892066, 0.90091449, 0.900217175, 0.899811625, 0.899678648, 0.899783373, 0.900078595, 0.900514543, 0.901042879, 0.90160495, 0.902118444, 0.902488232, 0.902644634, 0.902575195, 0.902318478, 0.901933432, 0.901486337, 0.901035786, 0.900625825, 0.900283575, 0.900021315, 0.899838805, 0.899727345, 0.899672687, 0.899657309, 0.89966166, 0.75999999, 0.75999999, 0.75999999, 0.759999931, 0.759998322, 0.759986818, 0.759935796, 0.757340014, 0.705304801, 0.697095275, 0.69704169, 0.697014213, 0.697004437, 0.697024822, 0.69707191, 0.697100222, 0.696389914, 0.691286445, 0.677113652, 0.656465411, 0.641707361, 0.63869369, 0.636490047, 0.582695723, 0.491793513, 0.417723536, 0.368440449, 0.339501083, 0.319148272, 0.305095464, 0.308214694, 0.351587325, 0.447360247, 0.424681991, 0.738224566, 0.839517415, 0.880873322, 0.898991168, 0.906679273, 0.909647346, 0.910566986, 0.910632789, 0.910351276, 0.909923971, 0.909415722, 0.908847749, 0.908236086, 0.907603145, 0.906979799, 0.906401753, 0.905903101, 0.905508459, 0.905224919, 0.905037582, 0.904909909, 0.904786885, 0.904596508, 0.904252589, 0.903673768, 0.902807951, 0.901631773, 0.900154591, 0.898420513, 0.896506011, 0.894515216, 0.892570853, 0.890803456, 0.889337718, 0.888278902, 0.887697816, 0.75999999, 0.75999999, 0.75999999, 0.75999999, 0.759999871, 0.759998739, 0.759990752, 0.759271622, 0.721960068, 0.697328389, 0.697224259, 0.697217524, 0.697213411, 0.69721365, 0.697218001, 0.697184801, 0.696080983, 0.688558459, 0.668026388, 0.640179634, 0.626526594, 0.621490121, 0.607311785, 0.576311171, 0.46677959, 0.408743471, 0.368200749, 0.33731243, 0.317512065, 0.308645219, 0.314106256, 0.34158653, 0.37226367, 0.386628866, 0.683817923, 0.786537409, 0.837192535, 0.864875376, 0.880745649, 0.890202463, 0.896071732, 0.89987129, 0.902426362, 0.904190898, 0.905418634, 0.906255722, 0.906791329, 0.907084882, 0.907181084, 0.907117426, 0.90692693, 0.906638503, 0.906275094, 0.90585202, 0.905376077, 0.904845238, 0.904247522, 0.903554499, 0.90269798, 0.901598692, 0.900223255, 0.89853245, 0.896483421, 0.894034088, 0.891150117, 0.887812734, 0.884026945, 0.879828513, 0.875287473, 0.870509267, 0.75999999, 0.75999999, 0.75999999, 0.75999999, 0.75999999, 0.759999931, 0.759999156, 0.759945631, 0.756904006, 0.706453443, 0.697271824, 0.697245777, 0.69724226, 0.697240889, 0.697239697, 0.697223544, 0.696607292, 0.691654325, 0.675836205, 0.65072614, 0.632518411, 0.619194984, 0.604636669, 0.572888255, 0.501909971, 0.424181998, 0.386643887, 0.365024298, 0.348839998, 0.339080662, 0.337920189, 0.346372902, 0.357109666, 0.368686438, 0.451684922, 0.615882695, 0.714726865, 0.770411611, 0.803867042, 0.825198114, 0.83944124, 0.849298179, 0.856310189, 0.861397028, 0.865130723, 0.867880523, 0.869893849, 0.871342361, 0.872348547, 0.873001516, 0.873366475, 0.873491287, 0.873410821, 0.873150289, 0.872727156, 0.872152328, 0.871427894, 0.870495915, 0.869303584, 0.867914319, 0.866331995, 0.864544153, 0.862523139, 0.860227227, 0.857602775, 0.854587197, 0.851113141, 0.847113431, 0.84252739, 0.837307334, 0.75999999, 0.75999999, 0.75999999, 0.75999999, 0.75999999, 0.75999999, 0.759999752, 0.759991407, 0.759852886, 0.757727623, 0.755411088, 0.735420287, 0.697341442, 0.697246969, 0.697245061, 0.697244048, 0.697241664, 0.697229326, 0.697176576, 0.696751416, 0.693204343, 0.678967476, 0.648854017, 0.617780507, 0.584219038, 0.549557865, 0.471183598, 0.418176919, 0.401376575, 0.395379007, 0.394631296, 0.398674339, 0.40587002, 0.414594859, 0.424600214, 0.445135087, 0.48148492, 0.522621334, 0.559249222, 0.588602662, 0.611144602, 0.628212929, 0.641132176, 0.650987923, 0.658566833, 0.664466679, 0.669127345, 0.672874749, 0.675948918, 0.678526521, 0.68073678, 0.682675302, 0.684413731, 0.686006844, 0.687496543, 0.688913703, 0.690280378, 0.691661119, 0.693133414, 0.694644511, 0.696130753, 0.697521508, 0.698741913, 0.699715495, 0.700366437, 0.700621188, 0.700410366, 0.699669719, 0.698341131, 0.696374536] (
            interpolation = "uniform"
        )
        float[] primvars:H2O_Gas_mass_fractions_3 = [1.54932751e-11, 3.41327366e-09, 5.20778656e-07, 4.36493319e-05, 0.000705819926, 0.0110186078, 0.0377373062, 0.0394013189, 0.0398735926, 0.0400590077, 0.0398874246, 0.0396772735, 0.0394191034, 0.0392519273, 0.0392504632, 0.0393682942, 0.03950442, 0.0395950004, 0.03964727, 0.039666757, 0.0396571122, 0.0396192521, 0.039549239, 0.0394330211, 0.0392268933, 0.0387895852, 0.0377600268, 0.0357860252, 0.0334153213, 0.031770695, 0.0310620554, 0.0310746245, 0.0318861566, 0.0191570763, 0.002632302, 0.00261638686, 0.00261602364, 0.00261569628, 0.00261538383, 0.00261507882, 0.0026147787, 0.00261448347, 0.00261419499, 0.0026139149, 0.00261364598, 0.00261338963, 0.00261314795, 0.00261292211, 0.00261271326, 0.00261252234, 0.00261235051, 0.002612198, 0.00261206552, 0.00261195377, 0.00261186273, 0.00261179265, 0.00261174375, 0.00261171605, 0.00261170929, 0.00261172326, 0.00261175842, 0.00261181244, 0.00261185411, 0.00261183386, 0.00261178706, 0.00261173747, 0.00261170231, 0.00261169183, 0.0026117072, 0.00261173351, 6.47243717e-12, 1.40106338e-09, 2.14235641e-07, 1.83670381e-05, 0.000328296126, 0.00473802164, 0.0203590058, 0.0268597342, 0.0297800656, 0.0307289045, 0.0303351786, 0.0300341062, 0.0299058873, 0.0303323697, 0.0315083452, 0.0330643915, 0.034794312, 0.0361248329, 0.0365266837, 0.0363723487, 0.0359872952, 0.0354882032, 0.0349582024, 0.0344307646, 0.0335789062, 0.0318996496, 0.0295139793, 0.0271482393, 0.0252920035, 0.024574196, 0.0263217278, 0.0294057447, 0.0325081237, 0.0228335094, 0.00282734865, 0.00312136277, 0.00352622755, 0.00394248124, 0.00432460848, 0.00464755297, 0.00490152789, 0.0050880583, 0.0052163708, 0.00529961381, 0.0053512943, 0.00538280886, 0.00540246908, 0.00541566219, 0.00542553654, 0.00543374056, 0.00544101838, 0.00544761959, 0.00545355678, 0.00545875542, 0.00546313915, 0.00546667306, 0.00546937576, 0.0054713171, 0.00547259813, 0.00547334133, 0.00547360489, 0.00547350384, 0.00547324866, 0.00547301071, 0.00547279883, 0.00547262095, 0.00547248498, 0.00547239557, 0.0054723518, 0.00547234295, 2.33502237e-12, 4.84887352e-10, 7.25047187e-08, 6.18696686e-06, 0.000118588083, 0.00144021143, 0.00667406619, 0.0114091355, 0.0144330971, 0.0159171578, 0.0161583535, 0.0163205676, 0.0160266887, 0.015436545, 0.0145417983, 0.0136220744, 0.012856462, 0.0123642422, 0.0123522896, 0.0126425382, 0.0132829929, 0.0146664875, 0.016834585, 0.0190291051, 0.0200086385, 0.0201649964, 0.0201669093, 0.0206975043, 0.0222802758, 0.0244902987, 0.0276158229, 0.0312554277, 0.0343716368, 0.0262534376, 0.0031617512, 0.00326043717, 0.0038242694, 0.00439810194, 0.00489364751, 0.0052661323, 0.00551114511, 0.00565164443, 0.0057214871, 0.00575163029, 0.00576310651, 0.0057672183, 0.00576908514, 0.00577072054, 0.00577275688, 0.00577526679, 0.00577812968, 0.0057811914, 0.00578432204, 0.00578743918, 0.00579050463, 0.00579351746, 0.00579649583, 0.00579945603, 0.00580252567, 0.00580592174, 0.00580949429, 0.00581303611, 0.0058163763, 0.00581941754, 0.00582211744, 0.00582445227, 0.00582637405, 0.00582779897, 0.00582865393, 0.00582897104, 7.09012981e-13, 1.38076314e-10, 1.97092298e-08, 1.62543199e-06, 3.24146968e-05, 0.000330184528, 0.00157283898, 0.00313167018, 0.0043702526, 0.00491143623, 0.00523030991, 0.00513135688, 0.00465440564, 0.00394929899, 0.00320963259, 0.00257067103, 0.00207422837, 0.00172380463, 0.00150592055, 0.00141820963, 0.00173667434, 0.00300291274, 0.00623014662, 0.0103371255, 0.013392726, 0.0161691234, 0.0190310664, 0.0217835661, 0.0244896729, 0.0272958092, 0.0306048058, 0.0337268859, 0.0336011387, 0.024656279, 0.00464370428, 0.00343970605, 0.00374189671, 0.00431153784, 0.00495458907, 0.00534843281, 0.00549767772, 0.00549694989, 0.00545728626, 0.00542664761, 0.005406457, 0.0053899223, 0.00537350122, 0.00535656977, 0.00533978688, 0.00532406662, 0.00531012891, 0.00529839005, 0.00528901489, 0.00528198667, 0.00527714007, 0.0052741766, 0.00527270278, 0.0052723065, 0.00527248764, 0.00527288113, 0.00527341198, 0.00527402991, 0.00527470838, 0.00527543947, 0.00527622318, 0.00527704507, 0.00527785532, 0.005278558, 0.00527903996, 0.0052792402, 1.79434999e-13, 3.19141727e-11, 4.23977919e-09, 3.28986062e-07, 6.66191681e-06, 5.95136808e-05, 0.000268432981, 0.000565886323, 0.000852223078, 0.000962571416, 0.00100517983, 0.000933587085, 0.000812562183, 0.000689620385, 0.000576779072, 0.000473591179, 0.000387244567, 0.000367020373, 0.000496110646, 0.000793802086, 0.00116528943, 0.00167355873, 0.00409846846, 0.0088126203, 0.0138741406, 0.0186083298, 0.0224038884, 0.0253334492, 0.0279553682, 0.030673746, 0.0334007367, 0.0341226533, 0.0289289225, 0.0188785903, 0.00640460011, 0.00413773535, 0.00383529952, 0.00409893133, 0.00454477081, 0.00492061255, 0.00516696647, 0.00531339599, 0.0053765378, 0.00536218891, 0.00534813944, 0.00534739532, 0.00533828931, 0.00532015506, 0.00529269455, 0.0052554952, 0.00521683879, 0.00518357893, 0.00515817292, 0.0051403828, 0.00512908865, 0.00512303039, 0.00512093166, 0.00512164831, 0.00512435846, 0.00512817316, 0.00513262441, 0.00513738953, 0.0051421579, 0.00514662359, 0.00515051652, 0.00515358569, 0.00515553588, 0.00515602902, 0.00515490165, 0.00515283318, 3.80705497e-14, 5.99213778e-12, 7.20757898e-10, 5.14824023e-08, 1.02930937e-06, 8.44203441e-06, 3.42793319e-05, 7.45240977e-05, 0.000110643443, 0.000129936641, 0.000137913405, 0.000137743365, 0.000132730187, 0.000120483899, 0.000100216523, 7.66752346e-05, 8.15379462e-05, 0.000258140732, 0.000822533504, 0.0017498068, 0.00262428401, 0.00309379259, 0.00379354041, 0.00840720907, 0.0158236306, 0.0222502425, 0.0263223276, 0.0289482083, 0.0311893821, 0.0333479941, 0.0346686095, 0.0330520794, 0.0265772101, 0.0217815898, 0.00897937547, 0.00555633567, 0.00447710091, 0.00423723785, 0.00432981364, 0.00450984761, 0.00467941724, 0.00481632259, 0.00492175948, 0.00500081526, 0.00506323483, 0.00511240587, 0.00514720334, 0.00516717182, 0.00517337909, 0.00516765425, 0.00515241874, 0.00513017457, 0.00510332221, 0.00507471431, 0.0050483509, 0.00502889929, 0.00501983473, 0.00502186269, 0.00503320107, 0.00505103217, 0.00507214013, 0.00509367185, 0.0051134862, 0.00513023697, 0.00514330389, 0.00515263574, 0.00515858503, 0.00516176643, 0.00516294641, 0.00516300322, 6.81468796e-15, 9.19717427e-13, 9.72450592e-11, 6.26719077e-09, 1.22656886e-07, 9.5181349e-07, 3.59496653e-06, 7.89032765e-06, 1.16204228e-05, 1.47133842e-05, 1.73977223e-05, 1.9667119e-05, 2.04187836e-05, 1.85794015e-05, 1.44512096e-05, 1.19401302e-05, 7.30952961e-05, 0.000514092739, 0.00174179988, 0.00353385089, 0.00481711747, 0.005087425, 0.00531474268, 0.0100876438, 0.0181134567, 0.0246374663, 0.0289655663, 0.0314980708, 0.0332825705, 0.0345634371, 0.0346479043, 0.0323365852, 0.0268676057, 0.0262925066, 0.0122287851, 0.0076945941, 0.00583811291, 0.00503334124, 0.004704386, 0.00458937325, 0.0045648641, 0.00457614148, 0.00460058404, 0.0046296306, 0.00466091838, 0.0046939007, 0.00472810213, 0.00476260995, 0.00479602488, 0.00482667238, 0.00485293614, 0.00487364735, 0.00488850102, 0.00489828642, 0.00490485365, 0.00491096359, 0.00492018275, 0.00493671279, 0.00496446807, 0.00500603905, 0.00506260758, 0.00513369869, 0.00521712005, 0.00530907745, 0.00540445, 0.00549721718, 0.00558101479, 0.0056497925, 0.00569847412, 0.00572368409, 1.00483413e-15, 1.13959609e-13, 1.03181118e-11, 5.90012983e-10, 1.12843823e-08, 8.63895693e-08, 3.23244393e-07, 7.29885187e-07, 1.15020509e-06, 1.50714902e-06, 1.92639345e-06, 2.3619591e-06, 2.62534218e-06, 2.51085316e-06, 2.03357945e-06, 4.78194761e-06, 9.98724645e-05, 0.000750527252, 0.00253197737, 0.0049552843, 0.00615187595, 0.00661356794, 0.0078953132, 0.010655079, 0.0203223377, 0.0254274067, 0.0289858785, 0.0316923074, 0.0334360711, 0.0342706181, 0.0340538621, 0.0324313901, 0.0299390778, 0.0281023011, 0.014465563, 0.00992453191, 0.00769538339, 0.00648252899, 0.00579325855, 0.00538781658, 0.00514021935, 0.00498291804, 0.00487944577, 0.00480996491, 0.00476354919, 0.00473399879, 0.00471757399, 0.00471178675, 0.00471471017, 0.00472468557, 0.00474021258, 0.00475995708, 0.00478284108, 0.0048081507, 0.00483560329, 0.00486534741, 0.004897987, 0.00493486226, 0.004979013, 0.00503394194, 0.00510140695, 0.00518344296, 0.00528223487, 0.00539992703, 0.00553825125, 0.00569816958, 0.00587948365, 0.00608051196, 0.00629790546, 0.00652659638, 1.10236554e-16, 1.05134975e-14, 8.04613917e-13, 4.03850078e-11, 7.60811136e-10, 5.94314731e-09, 2.33945361e-08, 5.65437581e-08, 9.92883784e-08, 1.32278714e-07, 1.65747863e-07, 2.06803975e-07, 2.51148009e-07, 2.8006545e-07, 2.84976437e-07, 1.56718841e-06, 5.46525625e-05, 0.000483472366, 0.0018577989, 0.00404594792, 0.00563854538, 0.00681477692, 0.00811697729, 0.0109450556, 0.0172250997, 0.0240675732, 0.0273658428, 0.0292633809, 0.030691145, 0.0315817334, 0.0317934118, 0.0312786289, 0.0303492695, 0.0292741265, 0.0248608366, 0.0172970369, 0.0128860148, 0.0104377214, 0.0089796558, 0.00805544294, 0.00744082918, 0.0070166667, 0.00671555288, 0.00649759173, 0.00633818842, 0.00622161943, 0.00613745209, 0.00607851101, 0.00603969907, 0.00601730822, 0.00600859663, 0.00601152144, 0.00602455856, 0.00604658015, 0.00607678061, 0.00611463469, 0.00615995331, 0.00621431135, 0.0062789768, 0.00635187095, 0.00643320847, 0.00652383361, 0.00662517315, 0.0067391987, 0.00686835404, 0.00701545039, 0.0071835136, 0.00737557793, 0.00759443827, 0.00784233119, 6.69060158e-18, 5.48202635e-16, 3.57765033e-14, 1.5777966e-12, 2.94879017e-11, 2.40981984e-10, 1.03328013e-09, 2.83219515e-09, 5.62368596e-09, 8.71209238e-09, 1.14506244e-08, 1.33264111e-08, 1.50276609e-08, 1.69759851e-08, 1.96426004e-08, 2.51060417e-08, 1.36666912e-07, 1.1038054e-06, 5.54100234e-06, 4.18975214e-05, 0.000346195011, 0.00157175295, 0.0041783019, 0.00689718174, 0.00986441411, 0.0129648065, 0.0199159458, 0.0245916992, 0.0260772258, 0.0266203266, 0.0267159473, 0.0263978615, 0.0257769469, 0.0250089653, 0.0241722669, 0.022974249, 0.0212387852, 0.0193978269, 0.0177929774, 0.0165096503, 0.0155140609, 0.0147445956, 0.014144388, 0.0136684924, 0.0132849431, 0.0129701244, 0.0127071319, 0.0124838548, 0.0122917183, 0.0121247182, 0.0119787073, 0.0118508348, 0.0117391385, 0.0116422595, 0.0115592638, 0.0114895478, 0.0114327455, 0.0113872141, 0.0113508683, 0.0113252653, 0.0113121225, 0.0113132354, 0.0113304136, 0.0113654425, 0.0114200581, 0.0114959236, 0.0115946233, 0.0117176473, 0.0118663795, 0.0120420409] (
            interpolation = "uniform"
        )
        float[] primvars:CO_Gas_mass_fractions_4 = [1.10276586e-10, 2.58664308e-08, 4.2005704e-06, 0.000368216861, 0.00579220243, 0.0717389956, 0.0791663006, 0.0837958083, 0.0866793394, 0.0885993168, 0.101538561, 0.11389742, 0.125645414, 0.13605164, 0.144763947, 0.15203695, 0.158581331, 0.16504705, 0.171534702, 0.178104177, 0.184815094, 0.191752583, 0.199022606, 0.206681207, 0.214651346, 0.22258997, 0.229478061, 0.233052373, 0.232207313, 0.230520472, 0.230835736, 0.234270051, 0.243300095, 0.151290834, 0.0249963626, 0.0248721763, 0.024868682, 0.0248655695, 0.0248625968, 0.0248596948, 0.0248568393, 0.0248540323, 0.0248512868, 0.0248486232, 0.0248460639, 0.0248436257, 0.0248413254, 0.0248391777, 0.0248371903, 0.0248353761, 0.0248337407, 0.0248322897, 0.0248310305, 0.0248299651, 0.024829099, 0.024828434, 0.0248279702, 0.0248277057, 0.0248276405, 0.0248277728, 0.0248281099, 0.024828624, 0.0248290189, 0.024828827, 0.0248283818, 0.0248279087, 0.0248275734, 0.0248274747, 0.02482762, 0.0248278715, 4.5314294e-11, 1.03362288e-08, 1.67947076e-06, 0.00015505185, 0.00271518645, 0.032485988, 0.0900820866, 0.127083272, 0.154619008, 0.174769923, 0.184145138, 0.188402459, 0.189678535, 0.190962672, 0.19418785, 0.198083431, 0.201167628, 0.203083098, 0.203132004, 0.202313274, 0.201569512, 0.201188266, 0.201400563, 0.202339768, 0.203241691, 0.20190683, 0.197238848, 0.191041753, 0.185800835, 0.186873198, 0.203400791, 0.227538913, 0.252533495, 0.181102216, 0.0268279966, 0.0296759028, 0.0335271731, 0.0374868698, 0.0411219373, 0.0441940092, 0.0466100015, 0.0483844094, 0.0496050045, 0.0503968671, 0.0508884825, 0.0511882715, 0.0513752848, 0.0515007824, 0.0515947081, 0.051672738, 0.0517419614, 0.0518047512, 0.0518612191, 0.0519106649, 0.0519523583, 0.0519859642, 0.0520116724, 0.0520301275, 0.0520423092, 0.0520493761, 0.0520518757, 0.0520509072, 0.0520484746, 0.0520462058, 0.052044183, 0.052042488, 0.0520411916, 0.0520403385, 0.0520399213, 0.0520398356, 1.60603718e-11, 3.49850038e-09, 5.57566352e-07, 5.22791488e-05, 0.000987864565, 0.0105088521, 0.0398083068, 0.0698203444, 0.0926747918, 0.106481582, 0.111653946, 0.114695236, 0.113960862, 0.11066559, 0.104849324, 0.0985792056, 0.093126975, 0.0890675038, 0.0874606296, 0.0877948329, 0.0904840827, 0.0979753956, 0.11105416, 0.126159921, 0.136333928, 0.142712131, 0.148795709, 0.158694789, 0.174862564, 0.193840861, 0.217902318, 0.245187297, 0.271739542, 0.209567711, 0.0294884667, 0.0309987571, 0.0363627411, 0.0418220833, 0.0465371199, 0.050081782, 0.0524138175, 0.0537513755, 0.0544164106, 0.0547034629, 0.0548127368, 0.0548518598, 0.0548696071, 0.0548851565, 0.0549045391, 0.0549284481, 0.0549557358, 0.0549849197, 0.0550147779, 0.0550445169, 0.0550737716, 0.0551025346, 0.0551309772, 0.0551592559, 0.0551885925, 0.055221051, 0.0552552044, 0.0552890599, 0.0553209931, 0.055350069, 0.0553758889, 0.0553982109, 0.055416584, 0.0554302074, 0.0554383844, 0.0554414131, 4.82579254e-12, 9.80822534e-10, 1.49541336e-07, 1.36470317e-05, 0.000271642319, 0.0025559722, 0.0108467611, 0.0217990987, 0.0312361717, 0.03626718, 0.0394223854, 0.039433822, 0.0365262292, 0.0317187384, 0.0264132041, 0.0216522813, 0.0178182963, 0.0150402514, 0.0133082001, 0.0126673309, 0.0150225833, 0.0241433475, 0.0481687523, 0.0789240152, 0.103673495, 0.127588019, 0.152317956, 0.175673962, 0.197448537, 0.218789071, 0.243269145, 0.267934769, 0.271773726, 0.199042544, 0.0412175767, 0.032294821, 0.0355229788, 0.0409937128, 0.0471168756, 0.0508629382, 0.0522800386, 0.0522694997, 0.0518893823, 0.0515963323, 0.0514033809, 0.0512451753, 0.0510878675, 0.0509256348, 0.0507647954, 0.0506140925, 0.0504804477, 0.0503678769, 0.050277967, 0.0502105691, 0.0501641035, 0.0501357205, 0.0501216426, 0.0501179136, 0.0501197428, 0.050123658, 0.0501289293, 0.0501350276, 0.0501416922, 0.0501488447, 0.0501564816, 0.0501644723, 0.0501723327, 0.0501791462, 0.0501838289, 0.0501857735, 1.22203387e-12, 2.24563146e-10, 3.16706554e-08, 2.68918848e-06, 5.60471308e-05, 0.000480620016, 0.00201967033, 0.00427992456, 0.00656372868, 0.00765217608, 0.00818503462, 0.0077994247, 0.00696013542, 0.00603238866, 0.00512434216, 0.00425587688, 0.00351690291, 0.00338226138, 0.00463787094, 0.00746249175, 0.0109386249, 0.0154254055, 0.0352964364, 0.0736846849, 0.11486204, 0.153332993, 0.183915034, 0.206935033, 0.226589262, 0.246539682, 0.267689019, 0.276838899, 0.239941314, 0.15528883, 0.0554427244, 0.0377446376, 0.0359430909, 0.0387903675, 0.0431480482, 0.0467664711, 0.0491261818, 0.0505240001, 0.051123105, 0.0509841852, 0.050850112, 0.0508423261, 0.0507542975, 0.05057979, 0.0503151193, 0.0499556139, 0.0495807342, 0.0492566302, 0.0490075462, 0.0488318168, 0.0487191416, 0.0486576706, 0.0486351848, 0.0486406237, 0.0486661159, 0.0487029441, 0.0487464555, 0.0487933494, 0.0488404743, 0.048884768, 0.0489235781, 0.0489544645, 0.0489745513, 0.0489805117, 0.0489707477, 0.048951637, 2.6263643e-13, 4.21164249e-11, 5.31626876e-09, 4.10904903e-07, 8.4810672e-06, 6.98479707e-05, 0.000273355312, 0.000598011946, 0.000907002832, 0.00109807053, 0.0011973083, 0.00122420455, 0.00120141939, 0.00110756827, 0.000937651086, 0.000736670452, 0.000802211871, 0.00248153042, 0.00780083286, 0.0165144838, 0.0246915389, 0.0289023854, 0.0342149772, 0.0720816925, 0.132726833, 0.184721157, 0.216872647, 0.236658379, 0.252940685, 0.269437194, 0.282542765, 0.275298387, 0.226720437, 0.193395078, 0.0791125074, 0.0499850437, 0.0411940217, 0.0395784155, 0.0407782272, 0.0426539853, 0.0443560444, 0.0457101688, 0.0467445217, 0.0475157946, 0.0481208898, 0.0485942326, 0.0489265621, 0.0491146445, 0.0491693355, 0.0491084084, 0.0489550456, 0.0487329252, 0.0484644212, 0.04817608, 0.0479056872, 0.0476982892, 0.0475885831, 0.0475854129, 0.0476737358, 0.0478284843, 0.0480202883, 0.0482225791, 0.0484148897, 0.048583705, 0.0487218946, 0.0488274433, 0.0489020534, 0.0489500053, 0.0489772409, 0.0489910617, 4.8085786e-14, 6.52170332e-12, 7.12241155e-10, 4.90097598e-08, 1.01327646e-06, 7.86417968e-06, 2.96545877e-05, 6.58925201e-05, 9.96043382e-05, 0.000133287424, 0.000164801968, 0.000192831722, 0.000207314297, 0.000198596099, 0.000169499966, 0.000156738723, 0.000745072204, 0.00490588928, 0.0164470393, 0.0332406126, 0.0451257527, 0.0471148863, 0.0475777015, 0.0865007564, 0.152097493, 0.204733938, 0.238700151, 0.257629424, 0.270910949, 0.282373041, 0.288016826, 0.275616735, 0.234665036, 0.233507007, 0.108687773, 0.0689942315, 0.0530277789, 0.0462839007, 0.0436747558, 0.0428932272, 0.0428575687, 0.0430960096, 0.0434195511, 0.0437613428, 0.0441071764, 0.0444567502, 0.0448085666, 0.0451558791, 0.0454866849, 0.0457859375, 0.0460388586, 0.0462346636, 0.0463705771, 0.0464540161, 0.0465022549, 0.0465409644, 0.0466031469, 0.0467276275, 0.0469506495, 0.0472975671, 0.0477811955, 0.048398979, 0.0491323844, 0.0499479137, 0.050799612, 0.0516329855, 0.0523901023, 0.0530156083, 0.0534627996, 0.0537002534, 7.27581989e-15, 8.22779887e-13, 7.56956373e-11, 4.54095117e-09, 9.11236597e-08, 7.07618483e-07, 2.71987778e-06, 6.23031701e-06, 1.00538937e-05, 1.71965494e-05, 2.67167052e-05, 3.69112204e-05, 4.60479387e-05, 5.22645605e-05, 5.58474349e-05, 9.12317118e-05, 0.000998379663, 0.00712808548, 0.0238521751, 0.046473112, 0.0572288632, 0.0602312908, 0.0694733113, 0.0915068761, 0.170620397, 0.211604357, 0.239569396, 0.260358006, 0.274214774, 0.283197761, 0.286623448, 0.279215515, 0.263131976, 0.248828247, 0.129114911, 0.0890486315, 0.0695150942, 0.0589869097, 0.0530741848, 0.0496458076, 0.0475862175, 0.0463011712, 0.0454727076, 0.0449298248, 0.044579681, 0.0443703979, 0.0442710705, 0.044261042, 0.0443243422, 0.0444467552, 0.0446149036, 0.0448166989, 0.0450424068, 0.045285657, 0.0455439165, 0.0458186045, 0.0461155437, 0.0464474745, 0.0468424298, 0.0473320857, 0.0479330495, 0.0486645438, 0.0495473705, 0.0506016612, 0.0518440604, 0.053284172, 0.0549210422, 0.0567400381, 0.0587113164, 0.0607892349, 8.15951444e-16, 7.76222213e-14, 5.97056172e-12, 3.085453e-10, 6.07236306e-09, 4.84247558e-08, 1.93783123e-07, 4.72866276e-07, 8.51217294e-07, 1.55798227e-06, 6.58534964e-06, 1.2401294e-05, 1.90655173e-05, 2.61541118e-05, 3.36509001e-05, 5.42067282e-05, 0.000564011338, 0.00460472796, 0.0174982958, 0.037917614, 0.0525173992, 0.0626732409, 0.0728574842, 0.0950465053, 0.145951912, 0.201253057, 0.227265283, 0.242155224, 0.253869504, 0.262696773, 0.267606527, 0.267009974, 0.261870652, 0.254839957, 0.218721583, 0.153628051, 0.115267612, 0.0939097553, 0.0811914653, 0.0731438324, 0.0678061843, 0.0641344711, 0.0615378991, 0.0596671291, 0.0583071485, 0.0573207177, 0.0566168986, 0.0561331846, 0.0558251329, 0.055660367, 0.0556148775, 0.055670701, 0.0558144264, 0.0560361259, 0.0563287549, 0.0566877984, 0.0571117811, 0.0576149859, 0.0582091957, 0.0588765666, 0.0596194267, 0.0604457334, 0.061368756, 0.0624066778, 0.0635820106, 0.0649206489, 0.0664504394, 0.0681993589, 0.0701932237, 0.0724527985, 5.02523935e-17, 4.12960791e-15, 2.70239723e-13, 1.20952397e-11, 2.33659786e-10, 1.94864236e-09, 8.4779499e-09, 2.34698234e-08, 4.736183e-08, 8.26967792e-08, 1.48250137e-07, 2.8944234e-07, 5.08397807e-06, 1.05699855e-05, 1.64617704e-05, 2.29297984e-05, 3.10254654e-05, 4.81228453e-05, 9.9596582e-05, 0.000455484696, 0.00334006571, 0.0148886619, 0.0393421762, 0.0642208531, 0.0899762958, 0.114876807, 0.169469267, 0.206374571, 0.218568712, 0.223820239, 0.225853994, 0.224526539, 0.220420286, 0.214856029, 0.208596334, 0.199241057, 0.185136169, 0.169892207, 0.156485006, 0.145718724, 0.137353987, 0.130891562, 0.125859722, 0.121881671, 0.118688062, 0.116079062, 0.113911159, 0.112081364, 0.11051666, 0.109165907, 0.107993834, 0.106976211, 0.106096461, 0.105343133, 0.104708456, 0.104187481, 0.103777282, 0.10346359, 0.103228077, 0.103084706, 0.10304898, 0.103137143, 0.103365667, 0.103750907, 0.104308844, 0.105054922, 0.10600391, 0.107169822, 0.108565748, 0.110203288] (
            interpolation = "uniform"
        )
        float[] primvars:CO2_Gas_mass_fractions_5 = [8.66432828e-11, 1.96193213e-08, 3.07471282e-06, 0.00026102722, 0.00382606941, 0.0464674681, 0.0927187875, 0.0839814171, 0.081797041, 0.081141986, 0.0864487812, 0.0924581587, 0.0985189304, 0.103435025, 0.106599115, 0.108417161, 0.109808013, 0.111422651, 0.11325518, 0.115296684, 0.117550902, 0.120049804, 0.122868694, 0.126143515, 0.130184785, 0.135917038, 0.145602852, 0.16097568, 0.177669406, 0.18900843, 0.194613695, 0.196610868, 0.195796445, 0.106732689, 0.0133412555, 0.0132564483, 0.0132545419, 0.0132528404, 0.0132512162, 0.0132496301, 0.0132480692, 0.0132465335, 0.0132450331, 0.0132435774, 0.0132421777, 0.0132408449, 0.0132395877, 0.0132384123, 0.0132373264, 0.0132363336, 0.0132354395, 0.0132346461, 0.0132339569, 0.0132333748, 0.0132329008, 0.0132325366, 0.0132322824, 0.013232138, 0.0132321017, 0.0132321743, 0.0132323569, 0.0132326372, 0.0132328533, 0.013232748, 0.0132325049, 0.013232247, 0.0132320635, 0.0132320095, 0.0132320886, 0.0132322265, 3.60885315e-11, 7.98324074e-09, 1.2513965e-06, 0.000110198351, 0.0018050673, 0.0206538513, 0.0742301866, 0.118527919, 0.127102092, 0.134690166, 0.17759715, 0.182046473, 0.183508277, 0.181178465, 0.174532384, 0.165643886, 0.15539819, 0.147385031, 0.144738212, 0.145381838, 0.147539452, 0.150555208, 0.153974712, 0.157645479, 0.163510039, 0.174234137, 0.18869254, 0.202614293, 0.21356298, 0.219587058, 0.215633452, 0.205934718, 0.196723938, 0.123951234, 0.0143538779, 0.0158814229, 0.0179861244, 0.020150179, 0.0221368875, 0.0238159336, 0.0251364019, 0.0261061788, 0.0267732125, 0.0272058528, 0.0274743214, 0.0276378728, 0.0277397241, 0.0278078988, 0.0278587695, 0.0279009175, 0.0279382244, 0.027971996, 0.028002305, 0.0280287769, 0.0280510206, 0.0280688629, 0.0280824136, 0.0280920397, 0.0280982759, 0.0281017702, 0.0281027406, 0.0281018037, 0.0281000808, 0.0280984752, 0.0280970503, 0.0280958619, 0.0280949529, 0.028094355, 0.0280940644, 0.0280940048, 1.29671421e-11, 2.74487566e-09, 4.21078823e-07, 3.72616523e-05, 0.000661775295, 0.00671337219, 0.0274632685, 0.0510566868, 0.0681599751, 0.113965921, 0.243532866, 0.245012671, 0.246747315, 0.249214143, 0.252520829, 0.255764186, 0.258335024, 0.259670973, 0.258828521, 0.256811321, 0.253451288, 0.247134581, 0.237923905, 0.229435816, 0.227179468, 0.229050711, 0.232044354, 0.233305514, 0.230268866, 0.22423552, 0.214225307, 0.202254638, 0.193168059, 0.138222232, 0.0160974283, 0.0166089553, 0.0195574276, 0.0225813892, 0.0252244212, 0.0272448007, 0.0286031105, 0.0294032432, 0.0298139136, 0.0299981572, 0.0300722197, 0.0301013421, 0.0301161725, 0.0301290788, 0.0301439967, 0.030161364, 0.0301803946, 0.0302000809, 0.0302195847, 0.0302383583, 0.030256154, 0.0302729718, 0.0302889682, 0.0303043239, 0.0303197801, 0.0303364955, 0.0303539913, 0.0303713046, 0.0303876158, 0.0304024573, 0.03041563, 0.0304270163, 0.0304363873, 0.0304433368, 0.0304475054, 0.0304490495, 3.93224212e-12, 7.78842324e-10, 1.14147447e-07, 9.79469223e-06, 0.000183511715, 0.00164996099, 0.00728844386, 0.0153649887, 0.023863079, 0.256662309, 0.286392301, 0.287169248, 0.288958937, 0.291359603, 0.29375127, 0.295728564, 0.297196865, 0.298192948, 0.298795849, 0.299034357, 0.297888517, 0.293352157, 0.282165885, 0.267997146, 0.258379728, 0.250414461, 0.242336258, 0.234464243, 0.226242244, 0.217185393, 0.206165373, 0.195733458, 0.179418758, 0.126470387, 0.0236186255, 0.0175045598, 0.0191193949, 0.0221252739, 0.0255685225, 0.0277584754, 0.0286730956, 0.0287635643, 0.0286052357, 0.0284670182, 0.0283722598, 0.0282928441, 0.0282131135, 0.0281307139, 0.028049143, 0.0279729757, 0.0279057659, 0.0278495308, 0.0278050248, 0.0277720969, 0.02774987, 0.0277368128, 0.0277309343, 0.0277301669, 0.0277320556, 0.0277348682, 0.0277381949, 0.0277417768, 0.027745517, 0.0277494192, 0.0277535394, 0.0277578514, 0.0277621225, 0.0277658608, 0.0277684499, 0.0277695283, 9.97897945e-13, 1.79775625e-10, 2.44585259e-08, 1.96405676e-06, 3.81964819e-05, 0.000313672557, 0.00135490403, 0.00312308921, 0.0214194618, 0.297856778, 0.300084621, 0.300343871, 0.300698161, 0.301028907, 0.301313698, 0.301564425, 0.301770151, 0.301812112, 0.301484615, 0.300737262, 0.299792081, 0.298374653, 0.290907234, 0.276310831, 0.260669887, 0.246085927, 0.23435761, 0.225139871, 0.216536164, 0.207448408, 0.198069721, 0.186430037, 0.153052852, 0.0950924456, 0.0323394686, 0.0209691729, 0.0195333548, 0.0209749807, 0.0233726911, 0.0254262947, 0.0268112551, 0.0276717842, 0.0280869268, 0.02805374, 0.0280039255, 0.0280299652, 0.0280042961, 0.0279193446, 0.0277752895, 0.0275716987, 0.0273582991, 0.0271770377, 0.0270426739, 0.0269537698, 0.0269033033, 0.0268830881, 0.0268847775, 0.0269008856, 0.0269260127, 0.0269544572, 0.0269832555, 0.0270107556, 0.0270356368, 0.0270567741, 0.0270732827, 0.0270843022, 0.0270886198, 0.0270846337, 0.0270716846, 0.0270549692, 2.13249218e-13, 3.37998622e-11, 4.1438315e-09, 3.04765933e-07, 5.89468118e-06, 4.61285526e-05, 0.00019608227, 0.00267757173, 0.150491685, 0.302010417, 0.302421838, 0.302422702, 0.302428722, 0.302450657, 0.302491248, 0.30253911, 0.30251649, 0.302069396, 0.30065763, 0.298335224, 0.296130747, 0.294865221, 0.292509586, 0.278423548, 0.255779982, 0.235991895, 0.223185912, 0.214595512, 0.207034484, 0.199874967, 0.193732947, 0.181627303, 0.148112312, 0.171416178, 0.0578943193, 0.0322715752, 0.0244670194, 0.0224365424, 0.0226080008, 0.0234247241, 0.0242697783, 0.0249825101, 0.0255492348, 0.0259842239, 0.026334919, 0.0266177543, 0.0268240701, 0.0269490518, 0.0269968789, 0.0269765444, 0.0269010179, 0.0267845429, 0.0266417135, 0.0264908969, 0.0263577979, 0.0262713823, 0.0262516774, 0.0263004024, 0.026403714, 0.0265420973, 0.0266943648, 0.0268420391, 0.0269715171, 0.0270747356, 0.0271488149, 0.0271950997, 0.0272179469, 0.0272236075, 0.0272192061, 0.0272122826, 3.86011684e-14, 5.21272608e-12, 5.5812438e-10, 3.68744146e-08, 7.22703476e-07, 5.6199865e-06, 9.37704317e-05, 0.012363839, 0.263192147, 0.30261153, 0.30270496, 0.302695394, 0.302687883, 0.302685887, 0.302688539, 0.302685976, 0.302525371, 0.301422954, 0.298350871, 0.293835759, 0.290539771, 0.289615661, 0.288240343, 0.273566246, 0.249152675, 0.229103878, 0.215473354, 0.207146704, 0.201195344, 0.197142094, 0.19466871, 0.186931789, 0.171119019, 0.203305587, 0.088360101, 0.0512633063, 0.0362548605, 0.0295800529, 0.0265800525, 0.0252588782, 0.024697775, 0.0244798288, 0.0244206227, 0.024440676, 0.0245090462, 0.0246124547, 0.0247419421, 0.0248881541, 0.0250401311, 0.0251860525, 0.0253149588, 0.0254188851, 0.0254951958, 0.0255478974, 0.0255875029, 0.02563034, 0.0256983154, 0.025818456, 0.0260170978, 0.0263096169, 0.0267025605, 0.0271929149, 0.0277672559, 0.0284020063, 0.0290648434, 0.0297171772, 0.0303176176, 0.0308261737, 0.0312085804, 0.0314411595, 5.77145253e-15, 6.51826954e-13, 5.93655541e-11, 3.47223894e-09, 7.04051075e-08, 7.33296872e-07, 2.53141752e-05, 0.00347075425, 0.183458045, 0.302268237, 0.302736938, 0.302734047, 0.302727878, 0.302722037, 0.302716404, 0.302701622, 0.302457482, 0.300831258, 0.296352774, 0.29017511, 0.286925584, 0.285147846, 0.280644357, 0.27194488, 0.242628664, 0.226923719, 0.215764776, 0.207083642, 0.201534614, 0.199147359, 0.198690817, 0.19662343, 0.203254327, 0.215557083, 0.111388713, 0.072860226, 0.0537427776, 0.0432336964, 0.0371300615, 0.0334214605, 0.0310645923, 0.0294979755, 0.0284129009, 0.0276364665, 0.0270698387, 0.0266547184, 0.0263549965, 0.0261466503, 0.0260121003, 0.0259373803, 0.0259108115, 0.0259226244, 0.0259651542, 0.0260331631, 0.0261240676, 0.0262380578, 0.0263786186, 0.0265553407, 0.0267939381, 0.0271247476, 0.0275565945, 0.0281001814, 0.0287676733, 0.0295713544, 0.0305213239, 0.0316228978, 0.0328738429, 0.0342619829, 0.0357641056, 0.0373457186, 6.42837709e-16, 6.09748729e-14, 4.67708858e-12, 2.40798048e-10, 5.22705701e-09, 8.47881054e-08, 2.71750719e-06, 0.000258983608, 0.0149310427, 0.258330077, 0.302618206, 0.302732706, 0.302737236, 0.302731574, 0.302725196, 0.302714854, 0.302575171, 0.301496714, 0.298021555, 0.292414963, 0.288203984, 0.284808755, 0.280584186, 0.271523356, 0.252231747, 0.231326833, 0.221019566, 0.21504353, 0.210638642, 0.20810841, 0.207345009, 0.207558259, 0.211042404, 0.215523943, 0.195876852, 0.139153272, 0.102841482, 0.0818330869, 0.0690215155, 0.0607745796, 0.0552332513, 0.051382985, 0.0486366563, 0.0466391072, 0.0451663136, 0.0440714769, 0.0432547629, 0.0426460281, 0.0421948098, 0.0418645106, 0.0416286513, 0.0414683297, 0.0413702689, 0.0413253121, 0.0413274281, 0.0413731709, 0.0414633118, 0.0416337587, 0.0419196039, 0.0422868803, 0.0427288078, 0.0432461649, 0.043846786, 0.0445448831, 0.0453599431, 0.0463152267, 0.0474358089, 0.048746299, 0.0502684154, 0.0520184524, 3.9651356e-17, 3.23903091e-15, 2.12668899e-13, 9.79529565e-12, 2.42778353e-10, 8.06154254e-09, 1.18876494e-06, 4.13280977e-05, 0.000709493295, 0.010962612, 0.0221387036, 0.118585207, 0.302291512, 0.302738398, 0.302738279, 0.302732825, 0.302726537, 0.302717328, 0.302697986, 0.302598506, 0.301849991, 0.298851252, 0.292361856, 0.285171658, 0.276643485, 0.266783953, 0.244653285, 0.229971871, 0.225407273, 0.223872662, 0.223682731, 0.224658817, 0.226731032, 0.229297191, 0.231518283, 0.228333369, 0.216912299, 0.202118352, 0.188411564, 0.177370518, 0.169030145, 0.162938237, 0.158583954, 0.155523136, 0.153424799, 0.152027577, 0.151132181, 0.150585011, 0.150267869, 0.150089607, 0.14997986, 0.149883643, 0.149757221, 0.14956525, 0.149279147, 0.148876667, 0.14834106, 0.147631034, 0.14669846, 0.145574346, 0.144298181, 0.142915532, 0.141475946, 0.140030906, 0.138632119, 0.137329862, 0.136171639, 0.135201007, 0.134456754, 0.133972168] (
            interpolation = "uniform"
        )
        float[] primvars:H2_Gas_mass_fractions_6 = [1.87434564e-11, 4.40992176e-09, 7.18188971e-07, 6.30765862e-05, 0.000991062494, 0.0121362014, 0.0118287262, 0.0125536555, 0.0130396849, 0.0133711956, 0.0156921763, 0.0179118663, 0.020025393, 0.0218937527, 0.0234495141, 0.0247409865, 0.0259012375, 0.0270502251, 0.0282054655, 0.0293773189, 0.0305762049, 0.0318172686, 0.0331196636, 0.0344942585, 0.0359299481, 0.037374083, 0.038666673, 0.0394250192, 0.0394183658, 0.0392172039, 0.0393165685, 0.0399289504, 0.0414918065, 0.0258420259, 0.00430232752, 0.00428113015, 0.00428052992, 0.00427999394, 0.00427948264, 0.00427898299, 0.00427849125, 0.00427800836, 0.00427753571, 0.00427707704, 0.00427663652, 0.00427621696, 0.00427582115, 0.00427545141, 0.00427510962, 0.00427479716, 0.00427451544, 0.00427426584, 0.00427404884, 0.00427386584, 0.00427371683, 0.00427360227, 0.00427352218, 0.00427347701, 0.00427346537, 0.00427348865, 0.00427354639, 0.00427363487, 0.00427370286, 0.00427366979, 0.00427359296, 0.00427351194, 0.00427345419, 0.00427343696, 0.00427346211, 0.00427350542, 7.69550049e-12, 1.75994397e-09, 2.86779652e-07, 2.65615854e-05, 0.000464731565, 0.00551102683, 0.0148406317, 0.021050388, 0.0257888474, 0.0293291491, 0.0310271848, 0.0318054557, 0.0320407376, 0.0322435983, 0.0327473991, 0.0333478227, 0.0337928534, 0.0340536311, 0.0340377949, 0.033900965, 0.0337915868, 0.0337538943, 0.0338240601, 0.0340238586, 0.0342367291, 0.0341005474, 0.0334121883, 0.0324495658, 0.0316266492, 0.0318616778, 0.0347062796, 0.0388284624, 0.043102365, 0.0309401322, 0.0046174461, 0.00510798162, 0.0057708933, 0.00645246543, 0.0070781596, 0.00760694779, 0.00802280568, 0.00832823012, 0.00853832811, 0.00867462903, 0.00875924993, 0.00881085172, 0.00884304196, 0.00886464305, 0.00888080988, 0.00889424141, 0.00890615676, 0.00891696475, 0.00892668404, 0.00893519539, 0.00894237217, 0.00894815661, 0.00895258132, 0.00895575806, 0.0089578554, 0.00895907171, 0.00895950105, 0.00895933527, 0.00895891711, 0.00895852596, 0.00895817764, 0.00895788614, 0.00895766262, 0.00895751547, 0.00895744469, 0.00895742979, 2.7249431e-12, 5.95036243e-10, 9.51235037e-08, 8.95616449e-06, 0.000169134597, 0.00178838475, 0.00670019211, 0.0117697567, 0.0156658404, 0.0180404875, 0.0189490281, 0.0194816291, 0.019367842, 0.0188148674, 0.0178303458, 0.016766334, 0.0158389881, 0.0151436748, 0.0148570305, 0.0148986103, 0.0153394034, 0.01659243, 0.0187954176, 0.021358747, 0.023115471, 0.024244573, 0.0253304932, 0.0270655658, 0.0298560932, 0.0331103951, 0.0372165293, 0.0418668203, 0.0464178473, 0.0358135961, 0.00507202931, 0.00533567695, 0.00625897059, 0.00719867181, 0.0080102561, 0.00862038601, 0.00902178884, 0.00925201643, 0.00936648436, 0.00941589195, 0.00943469908, 0.00944143254, 0.00944448635, 0.00944716297, 0.00945049804, 0.00945461355, 0.00945931021, 0.00946433377, 0.0094694728, 0.00947459228, 0.00947962794, 0.00948457886, 0.00948947575, 0.00949434377, 0.00949939433, 0.00950498227, 0.00951086264, 0.00951669086, 0.00952218845, 0.00952719431, 0.00953163952, 0.00953548308, 0.00953864586, 0.00954099093, 0.00954239909, 0.00954292063, 8.18332652e-13, 1.66690717e-10, 2.54963588e-08, 2.3373002e-06, 4.65201847e-05, 0.000436195172, 0.00184062484, 0.00370097021, 0.00531031517, 0.00617551571, 0.00671873707, 0.00672602048, 0.00623513944, 0.00541890878, 0.00451580854, 0.00370374974, 0.00304844161, 0.00257270061, 0.00227555796, 0.00216526887, 0.00256543886, 0.00411644997, 0.00820970442, 0.0134513918, 0.017684646, 0.0217858218, 0.0260274969, 0.0300305746, 0.033754129, 0.0373940319, 0.0415637307, 0.0457776897, 0.0464708991, 0.0340319164, 0.00707566785, 0.00555612473, 0.00611405727, 0.00705604814, 0.008110038, 0.00875482056, 0.00899870787, 0.00899685826, 0.00893140677, 0.00888095237, 0.00884773303, 0.00882049464, 0.00879341085, 0.00876547769, 0.00873778388, 0.0087118363, 0.00868882518, 0.00866944157, 0.00865396112, 0.00864235591, 0.00863435585, 0.00862946827, 0.00862704497, 0.00862640329, 0.00862671901, 0.00862739421, 0.00862830225, 0.00862935372, 0.00863050204, 0.00863173511, 0.00863305014, 0.00863442756, 0.00863578077, 0.00863695424, 0.0086377617, 0.00863809604, 2.07231923e-13, 3.81460072e-11, 5.39574563e-09, 4.60046181e-07, 9.59991303e-06, 8.21774738e-05, 0.000344212254, 0.000729608291, 0.00111988327, 0.00130702101, 0.00139864208, 0.00133320666, 0.00118974363, 0.00103054522, 0.000874178251, 0.000724204932, 0.000596181257, 0.000571774901, 0.000786183635, 0.00127030339, 0.00186649302, 0.00263562659, 0.00603687856, 0.0126056811, 0.0196512993, 0.0262333732, 0.031463664, 0.035396181, 0.0387463011, 0.0421432555, 0.0457534902, 0.047343187, 0.0410724618, 0.0265727621, 0.0095079029, 0.0064865076, 0.0061833458, 0.00667562336, 0.00742644165, 0.00804953557, 0.00845579151, 0.00869640242, 0.00879951287, 0.00877558812, 0.00875250809, 0.00875116233, 0.00873600133, 0.00870595127, 0.00866037142, 0.0085984543, 0.00853388105, 0.0084780436, 0.00843511987, 0.00840482861, 0.00838539936, 0.00837479159, 0.00837090332, 0.00837182906, 0.00837621465, 0.00838255603, 0.00839005224, 0.00839813333, 0.00840625633, 0.00841389224, 0.00842058379, 0.00842591096, 0.00842937827, 0.00843041297, 0.00842873845, 0.00842545368, 4.45676787e-14, 7.15378191e-12, 9.05180597e-10, 7.02207288e-08, 1.45137699e-06, 1.19552697e-05, 4.67124337e-05, 0.000102219776, 0.000155170157, 0.000187294354, 0.000203516378, 0.000207277481, 0.000202405019, 0.000185212615, 0.000154839552, 0.000118979282, 0.000128668602, 0.000415424962, 0.00132772897, 0.0028236967, 0.00422773929, 0.00494992826, 0.00585769909, 0.0123410476, 0.0227211956, 0.0316158719, 0.0371098444, 0.0404833741, 0.0432545058, 0.0460686237, 0.0483279638, 0.047132846, 0.0388547555, 0.0331940353, 0.0135756806, 0.00858495198, 0.00708150724, 0.00680778967, 0.00701639662, 0.00734032644, 0.00763387, 0.0078672776, 0.00804551784, 0.00817839615, 0.00828262046, 0.00836412795, 0.00842133816, 0.00845369883, 0.00846308284, 0.0084525533, 0.00842610095, 0.00838780031, 0.00834149867, 0.00829176139, 0.00824509095, 0.00820924435, 0.00819020439, 0.00818950776, 0.00820457935, 0.00823111366, 0.00826406386, 0.00829886366, 0.00833198801, 0.00836110488, 0.00838498119, 0.00840325933, 0.00841622055, 0.0084245922, 0.00842938665, 0.00843185373, 8.1693109e-15, 1.10825238e-12, 1.21228527e-10, 8.36768344e-09, 1.73421881e-07, 1.34596007e-06, 5.07501227e-06, 1.12823354e-05, 1.70099574e-05, 2.19693229e-05, 2.63864331e-05, 3.01450345e-05, 3.15061552e-05, 2.88012725e-05, 2.24898558e-05, 1.87822934e-05, 0.000117961106, 0.000830732519, 0.00281215203, 0.00569690345, 0.00773812644, 0.00807716604, 0.00815004297, 0.014813262, 0.0260404423, 0.0350437425, 0.0408462249, 0.0440724939, 0.0463354923, 0.0483039021, 0.0493059531, 0.0472323745, 0.0402536392, 0.0400795043, 0.018656522, 0.0118476413, 0.00911080651, 0.0079561146, 0.0075104828, 0.00737804035, 0.00737321423, 0.00741512328, 0.00747141708, 0.00753068225, 0.00759052765, 0.00765093556, 0.00771166664, 0.0077715735, 0.00782859884, 0.00788015872, 0.00792371389, 0.00795740914, 0.00798076764, 0.00799506623, 0.00800327584, 0.00800981186, 0.00802034698, 0.00804155599, 0.00807966944, 0.00813905802, 0.00822193548, 0.00832787622, 0.00845370535, 0.00859367475, 0.00873989239, 0.00888299756, 0.00901303813, 0.00912049972, 0.00919735525, 0.00923820212, 1.23769333e-15, 1.39943395e-13, 1.28849197e-11, 7.74728615e-10, 1.55805395e-08, 1.2106419e-07, 4.65861973e-07, 1.0677071e-06, 1.71102226e-06, 2.27600094e-06, 2.94119172e-06, 3.6348647e-06, 4.06141908e-06, 3.89994102e-06, 3.17191484e-06, 7.66862922e-06, 0.000161476011, 0.00121247245, 0.00408476545, 0.00797114428, 0.00981731806, 0.0103271576, 0.0119031016, 0.0156726856, 0.0292136762, 0.0362221375, 0.0409996733, 0.0445473753, 0.0469155647, 0.0484684594, 0.0490927957, 0.0478683971, 0.0451474227, 0.0427043661, 0.0221660957, 0.01529116, 0.0119403796, 0.0101350872, 0.00912173465, 0.00853452459, 0.00818201434, 0.00796225015, 0.00782069843, 0.00772804767, 0.0076683918, 0.00763284834, 0.00761613157, 0.00761471177, 0.00762584666, 0.00764709851, 0.00767617626, 0.00771100633, 0.00774991466, 0.00779180275, 0.00783623662, 0.00788346678, 0.00793449115, 0.0079914974, 0.00805930793, 0.00814336911, 0.00824653544, 0.00837211125, 0.00852366909, 0.00870468281, 0.00891801622, 0.0091653252, 0.00944645051, 0.00975888502, 0.0100975046, 0.0104544694, 1.38951387e-16, 1.32169293e-14, 1.01686975e-12, 5.26225105e-11, 1.03772257e-09, 8.28293079e-09, 3.3171677e-08, 8.09747931e-08, 1.45228938e-07, 1.96616e-07, 2.49357356e-07, 3.14341435e-07, 3.84703952e-07, 4.30832671e-07, 4.39712636e-07, 2.51723941e-06, 8.8334702e-05, 0.000780630275, 0.00299457507, 0.00650224462, 0.00900938362, 0.0107506765, 0.0124918204, 0.0162852108, 0.0249960199, 0.0344556831, 0.0389004946, 0.0414440706, 0.0434489846, 0.0449708588, 0.0458343662, 0.045758836, 0.0448973216, 0.0437069573, 0.0375275835, 0.0263689123, 0.0197903924, 0.0161272902, 0.0139460023, 0.0125658792, 0.0116506061, 0.0110210832, 0.010575966, 0.0102553293, 0.0100222956, 0.00985332765, 0.00973282848, 0.00965007953, 0.00959746074, 0.00956941862, 0.00956183299, 0.00957162492, 0.00959649216, 0.00963473041, 0.00968513265, 0.00974692404, 0.00981985312, 0.00990637112, 0.0100085018, 0.0101231895, 0.0102508347, 0.0103928093, 0.0105513921, 0.0107297115, 0.0109316353, 0.0111616133, 0.0114244316, 0.0117248995, 0.0120674549, 0.0124556664, 8.56368342e-18, 7.0383721e-16, 4.60646569e-14, 2.06316583e-12, 3.9917538e-11, 3.33198968e-10, 1.45062884e-09, 4.01739575e-09, 8.08867995e-09, 1.26314124e-08, 1.66494694e-08, 1.92394616e-08, 2.09888587e-08, 2.41887026e-08, 2.81168493e-08, 3.64933435e-08, 2.16282885e-07, 1.77668892e-06, 8.9408004e-06, 6.77618955e-05, 0.000560352521, 0.00254224846, 0.00674421526, 0.0110189859, 0.0154383052, 0.0196997169, 0.0290301833, 0.0353374854, 0.0374248922, 0.0383296013, 0.0386868417, 0.0384690017, 0.0377733558, 0.0368263051, 0.0357592851, 0.0341618881, 0.0317497104, 0.0291408133, 0.0268454514, 0.0250019021, 0.0235694684, 0.022462789, 0.0216011312, 0.0209199749, 0.0203731991, 0.0199265759, 0.0195555221, 0.0192423984, 0.0189746954, 0.0187436547, 0.0185432341, 0.0183692854, 0.0182189718, 0.0180903357, 0.0179820433, 0.0178932548, 0.0178234689, 0.0177702401, 0.0177304279, 0.0177064314, 0.017700905, 0.0177166406, 0.0177564658, 0.0178231876, 0.0179195497, 0.0180482045, 0.0182116907, 0.0184124131, 0.0186526254, 0.0189343188] (
            interpolation = "uniform"
        )
        float[] primvars:CH4_Gas_mass_fractions_7 = [2.35220905e-11, 5.5193734e-09, 8.9664718e-07, 7.86254896e-05, 0.00123651198, 0.0152909998, 0.0166722685, 0.0176511314, 0.0182652585, 0.0186751876, 0.0214489773, 0.0240986999, 0.0266178641, 0.0288487785, 0.0307154413, 0.0322727934, 0.0336738825, 0.0350584686, 0.0364480428, 0.0378553979, 0.0392932743, 0.0407799073, 0.0423380174, 0.043979723, 0.0456888378, 0.0473929159, 0.048876293, 0.049656678, 0.0494931154, 0.0491438061, 0.0492165051, 0.0499520823, 0.051880464, 0.0322654098, 0.00533430278, 0.00530782528, 0.00530708255, 0.00530641805, 0.00530578429, 0.00530516496, 0.00530455587, 0.00530395657, 0.00530337077, 0.00530280266, 0.00530225644, 0.0053017363, 0.00530124549, 0.00530078728, 0.00530036353, 0.0052999761, 0.00529962685, 0.00529931765, 0.00529904896, 0.00529882172, 0.00529863685, 0.00529849483, 0.00529839564, 0.0052983393, 0.00529832533, 0.00529835373, 0.00529842544, 0.00529853534, 0.00529861962, 0.00529857865, 0.00529848365, 0.00529838307, 0.00529831136, 0.0052982904, 0.00529832114, 0.00529837469, 9.66460158e-12, 2.20518293e-09, 3.58437632e-07, 3.31087285e-05, 0.000579670537, 0.00692688441, 0.0191480145, 0.0270262044, 0.0329039581, 0.0372147113, 0.0392258577, 0.0401393101, 0.0404125713, 0.0406834111, 0.0413646474, 0.0421868898, 0.0428341888, 0.0432342887, 0.0432416014, 0.0430672653, 0.0429107435, 0.0428327508, 0.0428821445, 0.0430872366, 0.0432867147, 0.0430130698, 0.0420305133, 0.0407201797, 0.0396109, 0.0398457162, 0.0433734879, 0.0485219173, 0.0538534597, 0.0386239327, 0.00572510064, 0.00633278722, 0.00715453411, 0.00799940992, 0.00877501909, 0.00943050254, 0.00994599983, 0.0103246029, 0.0105850399, 0.0107539985, 0.0108588943, 0.0109228604, 0.0109627638, 0.0109895421, 0.0110095832, 0.0110262344, 0.0110410051, 0.0110544031, 0.0110664526, 0.0110770036, 0.0110859005, 0.0110930726, 0.0110985581, 0.0111024976, 0.0111050978, 0.0111066056, 0.0111071393, 0.0111069335, 0.0111064157, 0.0111059314, 0.0111055011, 0.0111051397, 0.0111048641, 0.0111046815, 0.0111045931, 0.0111045744, 3.4250183e-12, 7.46296414e-10, 1.1898539e-07, 1.11635418e-05, 0.000210914252, 0.00224172557, 0.0084808236, 0.0148763368, 0.0197512005, 0.0226988047, 0.0238039028, 0.024452813, 0.0242962856, 0.0235934723, 0.0223529525, 0.0210155137, 0.0198522508, 0.0189853851, 0.0186404213, 0.0187091641, 0.0192799345, 0.0208741035, 0.0236596745, 0.0268793665, 0.0290514603, 0.0304164384, 0.0317194425, 0.0338360593, 0.0372882485, 0.0413381271, 0.046470128, 0.0522886664, 0.0579534136, 0.0446960069, 0.0062924996, 0.00661502965, 0.00775951426, 0.00892429426, 0.00993021484, 0.0106863827, 0.0111838114, 0.0114690773, 0.0116108879, 0.0116720852, 0.0116953738, 0.0117037063, 0.0117074829, 0.0117107928, 0.0117149204, 0.0117200147, 0.0117258308, 0.0117320521, 0.0117384186, 0.01174476, 0.0117510008, 0.0117571363, 0.0117632058, 0.0117692407, 0.011775502, 0.0117824301, 0.0117897205, 0.0117969466, 0.0118037621, 0.0118099684, 0.0118154781, 0.0118202427, 0.0118241636, 0.0118270712, 0.0118288165, 0.0118294628, 1.02909803e-12, 2.09212314e-10, 3.19103819e-08, 2.91404308e-06, 5.80005908e-05, 0.000545450428, 0.00231302367, 0.00464866683, 0.00666209217, 0.00773589173, 0.00840844586, 0.00841042027, 0.00778976595, 0.00676370366, 0.00563113671, 0.00461445423, 0.00379526452, 0.00320117874, 0.00283013564, 0.00269187614, 0.00319287041, 0.00513712177, 0.0102606481, 0.0168199278, 0.0221000314, 0.027203247, 0.0324806497, 0.0374645963, 0.0421101376, 0.0466618426, 0.0518821105, 0.057142958, 0.0579656996, 0.0424530841, 0.00879399199, 0.00689137029, 0.00758030405, 0.00874753762, 0.0100538488, 0.010852878, 0.0111549646, 0.0111525171, 0.0110713048, 0.0110087227, 0.0109675182, 0.0109337484, 0.0109001845, 0.01086557, 0.0108312536, 0.0107991016, 0.01077059, 0.010746574, 0.0107273944, 0.0107130185, 0.0107031083, 0.0106970565, 0.0106940567, 0.0106932651, 0.0106936581, 0.0106944973, 0.0106956251, 0.0106969299, 0.0106983548, 0.010699885, 0.0107015185, 0.0107032284, 0.0107049104, 0.0107063688, 0.0107073709, 0.0107077863, 2.60605204e-13, 4.78981889e-11, 6.75758338e-09, 5.74108185e-07, 1.19677297e-05, 0.000102595724, 0.000430933665, 0.000913217315, 0.00140066398, 0.00163248135, 0.00174519827, 0.00166189333, 0.00148168078, 0.00128245528, 0.00108729897, 0.000900462968, 0.000741083466, 0.00071037648, 0.000976004347, 0.00157630129, 0.00231593288, 0.00327216275, 0.00751279108, 0.0157044269, 0.0244908612, 0.0326995067, 0.039224498, 0.044135455, 0.0483273976, 0.0525817648, 0.0570923612, 0.0590465702, 0.0511808172, 0.0331232883, 0.0118280575, 0.00805364363, 0.00766973151, 0.00827735476, 0.00920708012, 0.00997897703, 0.0104822582, 0.0107802851, 0.0109079266, 0.0108781774, 0.0108494908, 0.0108477473, 0.0108289169, 0.0107916715, 0.0107352166, 0.0106585538, 0.010578623, 0.0105095264, 0.0104564279, 0.0104189729, 0.0103949606, 0.0103818635, 0.0103770774, 0.0103782434, 0.0103836823, 0.0103915362, 0.0104008121, 0.010410809, 0.0104208523, 0.0104302922, 0.0104385605, 0.0104451375, 0.0104494095, 0.0104506686, 0.0104485722, 0.0104444847, 5.60143193e-14, 8.9833696e-12, 1.13426757e-09, 8.77101769e-08, 1.81068913e-06, 1.4913021e-05, 5.83495639e-05, 0.000127655381, 0.000193617845, 0.000233445535, 0.000253436272, 0.000257928477, 0.00025173623, 0.000230280144, 0.000192477382, 0.000147874496, 0.000159786257, 0.00051538035, 0.00164691976, 0.00350252353, 0.00524439663, 0.00614173338, 0.00727723911, 0.0153598795, 0.0283020828, 0.0393967144, 0.0462562479, 0.0504765473, 0.0539487153, 0.0574668571, 0.0602639765, 0.0587231144, 0.0483648553, 0.041257482, 0.016877804, 0.0106646996, 0.00878969487, 0.0084452685, 0.00870135892, 0.00910156779, 0.00946466252, 0.00975349173, 0.00997409411, 0.0101385722, 0.0102675995, 0.0103685204, 0.0104393652, 0.0104794465, 0.0104910834, 0.0104780728, 0.0104453601, 0.0103979995, 0.0103407605, 0.0102793043, 0.0102216862, 0.0101775061, 0.0101541588, 0.0101535246, 0.010172395, 0.0102054225, 0.010246342, 0.0102894874, 0.0103304926, 0.0103664761, 0.0103959208, 0.0104183992, 0.0104342774, 0.0104444716, 0.0104502533, 0.0104531813, 1.02571777e-14, 1.39117624e-12, 1.51959223e-10, 1.04603295e-08, 2.16343892e-07, 1.67906649e-06, 6.33171067e-06, 1.4070336e-05, 2.1194106e-05, 2.73518763e-05, 3.28308488e-05, 3.74911033e-05, 3.91728354e-05, 3.58028628e-05, 2.79529704e-05, 2.33323153e-05, 0.000146325896, 0.00103039376, 0.00348813646, 0.00706669502, 0.00959990826, 0.010024637, 0.0101276878, 0.0184366722, 0.0324350782, 0.0436663255, 0.0509127825, 0.0549502037, 0.0577826053, 0.0602282211, 0.0614354461, 0.0587949492, 0.0500619076, 0.0498151109, 0.0231873635, 0.0147198895, 0.0113140428, 0.00987556856, 0.00931909401, 0.00915245246, 0.00914489105, 0.00919577572, 0.00926480442, 0.00933771767, 0.00941148773, 0.00948605314, 0.00956109446, 0.00963517465, 0.00970573444, 0.00976956543, 0.00982351601, 0.00986528676, 0.00989428815, 0.00991210248, 0.00992241502, 0.009930701, 0.00994400214, 0.00997059792, 0.0100182211, 0.0100922799, 0.0101955058, 0.0103273531, 0.0104838675, 0.0106579, 0.0108396448, 0.0110174753, 0.0111790318, 0.0113125015, 0.0114079202, 0.0114585841, 1.55225649e-15, 1.7553324e-13, 1.61504716e-11, 9.69123226e-10, 1.94533314e-08, 1.51076648e-07, 5.8084936e-07, 1.33065976e-06, 2.1311198e-06, 2.83304166e-06, 3.65931646e-06, 4.52076574e-06, 5.05008711e-06, 4.84848579e-06, 3.94275094e-06, 9.5166024e-06, 0.000200281895, 0.0015038948, 0.0050668125, 0.00988855958, 0.0121822394, 0.0128247375, 0.0148005048, 0.0195052382, 0.0363876298, 0.0451320522, 0.0510981046, 0.055532556, 0.0584884323, 0.0604061298, 0.0611403994, 0.0595641062, 0.0561352782, 0.0530834608, 0.0275451802, 0.0189980473, 0.0148311472, 0.0125853214, 0.0113240788, 0.0105927866, 0.0101534724, 0.00987937395, 0.00970266666, 0.0095868744, 0.0095121935, 0.00946755707, 0.00944637693, 0.00944425352, 0.0094577698, 0.00948388875, 0.00951976608, 0.00956282765, 0.00961099379, 0.00966289919, 0.00971800741, 0.00977662764, 0.0098399967, 0.00991082471, 0.00999510009, 0.010099588, 0.0102278255, 0.0103839124, 0.0105722761, 0.0107972259, 0.0110623091, 0.0113695757, 0.0117188208, 0.0121069243, 0.012527517, 0.0129708592, 1.74101203e-16, 1.65623757e-14, 1.27399176e-12, 6.5847966e-11, 1.29627287e-09, 1.03385904e-08, 4.13813517e-08, 1.00993425e-07, 1.81015906e-07, 2.44912172e-07, 3.10449963e-07, 3.91188763e-07, 4.78601521e-07, 5.35895936e-07, 5.46860861e-07, 3.1233767e-06, 0.000109564637, 0.000968280772, 0.00371465529, 0.00806664117, 0.0111792646, 0.0133459447, 0.0155210504, 0.0202589408, 0.0311235674, 0.0429231562, 0.0484729148, 0.0516494215, 0.0541486889, 0.0560329668, 0.0570825785, 0.056957759, 0.0558628291, 0.0543638505, 0.0466595739, 0.0327739865, 0.0245909821, 0.020034954, 0.0173219163, 0.0156052206, 0.0144666145, 0.0136833796, 0.0131294904, 0.012730428, 0.0124403248, 0.0122299064, 0.0120797753, 0.0119765969, 0.011910894, 0.0118757579, 0.0118660675, 0.0118779922, 0.01190867, 0.011955983, 0.01201843, 0.0120950472, 0.0121855186, 0.0122928908, 0.0124196764, 0.0125620682, 0.0127205634, 0.0128968628, 0.0130937956, 0.0133152427, 0.013566006, 0.0138516081, 0.0141779911, 0.0145511236, 0.0149765145, 0.0154585894, 1.07233114e-17, 8.81243232e-16, 5.76699062e-14, 2.58139018e-12, 4.98778935e-11, 4.16018359e-10, 1.81026916e-09, 5.01187802e-09, 1.00863353e-08, 1.57464157e-08, 2.07528981e-08, 2.39870559e-08, 2.6199956e-08, 3.01719076e-08, 3.50658595e-08, 4.54797657e-08, 2.68503413e-07, 2.20404945e-06, 1.10902665e-05, 8.40428256e-05, 0.000694955175, 0.0031529977, 0.00836512167, 0.0136723844, 0.0191698223, 0.0244873744, 0.0361401774, 0.0440153517, 0.0466174819, 0.0477385744, 0.0481733643, 0.0478909798, 0.0470154583, 0.0458286554, 0.0444934107, 0.0424980335, 0.0394897088, 0.0362384133, 0.0333788395, 0.0310825035, 0.0292983558, 0.0279199313, 0.0268466193, 0.0259980541, 0.0253167972, 0.0247602221, 0.0242977291, 0.0239073504, 0.0235735178, 0.0232853256, 0.0230352487, 0.0228181276, 0.0226304252, 0.0224697031, 0.0223343037, 0.0222231746, 0.0221356936, 0.022068819, 0.0220186412, 0.0219881423, 0.0219806246, 0.0219995528, 0.022048438, 0.0221307669, 0.0222499464, 0.0224092659, 0.0226118769, 0.0228607636, 0.0231587179, 0.0235082153] (
            interpolation = "uniform"
        )
        float[] primvars:TAR_Gas_mass_fractions_8 = [5.77511823e-11, 9.76640724e-09, 1.00612431e-06, 5.14982603e-05, 0.00116229232, 0.0564469323, 0.480240554, 0.498215228, 0.500947773, 0.500800371, 0.474744886, 0.449751943, 0.425217003, 0.404582709, 0.389612556, 0.379100055, 0.370211184, 0.360823631, 0.350875348, 0.340344042, 0.329175919, 0.317227304, 0.304233551, 0.289829344, 0.273348063, 0.252886802, 0.22393319, 0.184298232, 0.145330295, 0.12006712, 0.107151687, 0.100902855, 0.0981172696, 0.0500206761, 4.50604748e-05, 1.25296674e-06, 1.25612053e-06, 1.25611064e-06, 1.25610279e-06, 1.25609506e-06, 1.25608744e-06, 1.25607994e-06, 1.25607255e-06, 1.2560655e-06, 1.25605868e-06, 1.2560522e-06, 1.25604606e-06, 1.25604038e-06, 1.25603503e-06, 1.25603026e-06, 1.25602583e-06, 1.25602196e-06, 1.25601866e-06, 1.25601582e-06, 1.25601355e-06, 1.25601173e-06, 1.25601048e-06, 1.2560098e-06, 1.25600957e-06, 1.25600991e-06, 1.25601082e-06, 1.25601218e-06, 1.25601332e-06, 1.25601275e-06, 1.25601161e-06, 1.25601036e-06, 1.25600945e-06, 1.25600911e-06, 1.25600957e-06, 1.25601025e-06, 2.55626423e-11, 4.54538407e-09, 5.06697461e-07, 2.13948879e-05, 0.000496192137, 0.0210697856, 0.176546723, 0.219330862, 0.220647722, 0.202511638, 0.180645227, 0.168623641, 0.164212525, 0.16876097, 0.182280883, 0.200877473, 0.223630518, 0.241876125, 0.248252839, 0.247116894, 0.242151901, 0.234757796, 0.225878716, 0.215792418, 0.200341567, 0.174817726, 0.143008366, 0.113992661, 0.0917689428, 0.0773637369, 0.0766581967, 0.0848306268, 0.0918487832, 0.0580220334, 8.30443387e-05, 1.28067438e-06, 1.27920953e-06, 1.28973431e-06, 1.29941861e-06, 1.30760304e-06, 1.31403965e-06, 1.31876675e-06, 1.32201808e-06, 1.32412686e-06, 1.32543551e-06, 1.3262329e-06, 1.32672983e-06, 1.32706293e-06, 1.32731191e-06, 1.32751848e-06, 1.3277014e-06, 1.32786749e-06, 1.32801665e-06, 1.32814739e-06, 1.32825778e-06, 1.3283468e-06, 1.32841501e-06, 1.32846401e-06, 1.32849596e-06, 1.32851437e-06, 1.32852119e-06, 1.32851915e-06, 1.32851346e-06, 1.32850766e-06, 1.32850118e-06, 1.32849641e-06, 1.32849277e-06, 1.3284905e-06, 1.32848936e-06, 1.32848913e-06, 9.75418097e-12, 1.72003911e-09, 1.91785958e-07, 7.0812639e-06, 0.000164110723, 0.00513355713, 0.0402094051, 0.0662417933, 0.0766200945, 0.0771190301, 0.072141543, 0.0694221333, 0.0656599328, 0.0614771806, 0.0567174703, 0.0523965918, 0.0492323041, 0.0481797457, 0.050796669, 0.0550261028, 0.060952045, 0.0708058327, 0.0838855505, 0.0938095152, 0.092081137, 0.0831640661, 0.0720225573, 0.0628282204, 0.0601017475, 0.0629420877, 0.0720454454, 0.0840007067, 0.0884303302, 0.0640937164, 0.000912059972, 1.70704004e-06, 1.28661736e-06, 1.2978237e-06, 1.31395268e-06, 1.32347941e-06, 1.32981279e-06, 1.33351955e-06, 1.33540448e-06, 1.33613128e-06, 1.33607352e-06, 1.335511e-06, 1.33494132e-06, 1.33502215e-06, 1.33568517e-06, 1.33595586e-06, 1.33425954e-06, 1.33765764e-06, 1.33758476e-06, 1.33749381e-06, 1.33725348e-06, 1.33690673e-06, 1.33705726e-06, 1.33789047e-06, 1.33720221e-06, 1.337615e-06, 1.33834294e-06, 1.33812728e-06, 1.33810124e-06, 1.3382338e-06, 1.33770982e-06, 1.33755134e-06, 1.3375643e-06, 1.33758817e-06, 1.33760307e-06, 1.33760773e-06, 3.05345246e-12, 5.1797161e-10, 5.58413618e-08, 2.03215473e-06, 4.12932568e-05, 0.000874616439, 0.00685473159, 0.0134417024, 0.0173045136, 0.0173941851, 0.0171063337, 0.0153891547, 0.0125520052, 0.0093105156, 0.00640738802, 0.00423723739, 0.00280740694, 0.00193842757, 0.0014197228, 0.00112851942, 0.00227773422, 0.00719430903, 0.0182748195, 0.0320484005, 0.0388565734, 0.0423864089, 0.0458578914, 0.0499764048, 0.0562132746, 0.0649429038, 0.0764481649, 0.0844250098, 0.0753335804, 0.0561717749, 0.00464757392, 0.000647039909, 8.97998398e-05, 9.20731782e-06, 1.35844925e-06, 1.32646369e-06, 1.32970467e-06, 1.33038986e-06, 1.32798903e-06, 1.32796379e-06, 1.32786965e-06, 1.4909474e-06, 1.77517688e-06, 2.07878952e-06, 2.36836172e-06, 2.64981099e-06, 2.87467788e-06, 3.02544936e-06, 3.09522216e-06, 3.08582207e-06, 3.00615261e-06, 2.87050625e-06, 2.69685438e-06, 2.5050424e-06, 2.30754654e-06, 2.09373252e-06, 1.87127819e-06, 1.68361851e-06, 1.53867279e-06, 1.43511329e-06, 1.36727533e-06, 1.32986668e-06, 1.32045591e-06, 1.32158891e-06, 1.32141122e-06, 1.3214318e-06, 7.70584985e-13, 1.23560343e-10, 1.29482416e-08, 5.59045986e-07, 7.97140365e-06, 0.000115343923, 0.000843815564, 0.0017571291, 0.00241984962, 0.00232362747, 0.00208969857, 0.00159426907, 0.00109177991, 0.000720673357, 0.000484438962, 0.0003376721, 0.000240519119, 0.000173376044, 0.000129573818, 0.000111289075, 0.000158066992, 0.000648704357, 0.00555552635, 0.0155613786, 0.0263923891, 0.0366170555, 0.045310311, 0.0531045757, 0.0618208162, 0.0716108009, 0.0793307945, 0.0749754831, 0.0542594045, 0.0379678085, 0.00855782256, 0.00250237016, 0.000819758687, 0.000290364289, 0.000109841771, 4.29767351e-05, 1.65310357e-05, 6.22579319e-06, 3.64600237e-06, 3.57924023e-06, 2.47055414e-06, 1.54138024e-06, 1.52201358e-06, 2.50293556e-06, 5.34465335e-06, 1.06737634e-05, 1.74750094e-05, 2.44896182e-05, 3.07115115e-05, 3.55013981e-05, 3.85414787e-05, 3.98158772e-05, 3.95333191e-05, 3.80072997e-05, 3.53366486e-05, 3.19029459e-05, 2.80424574e-05, 2.40466379e-05, 2.01868024e-05, 1.66577538e-05, 1.35670789e-05, 1.09529001e-05, 8.80907828e-06, 7.09767846e-06, 5.75199374e-06, 4.81949382e-06, 1.5714532e-13, 2.32550351e-11, 2.32580577e-09, 1.067665e-07, 1.59341755e-06, 1.26810683e-05, 7.55131914e-05, 0.000158725132, 0.000200980881, 0.000188497404, 0.00015507183, 0.000117500589, 8.9580637e-05, 6.8968242e-05, 5.10694881e-05, 3.49883267e-05, 2.22685685e-05, 1.61926582e-05, 2.42389597e-05, 5.93790101e-05, 0.000155309055, 0.000500366616, 0.00256754481, 0.0116741778, 0.0268588085, 0.0411112458, 0.051647339, 0.060206376, 0.0686169118, 0.0752162859, 0.0738425106, 0.0598792918, 0.0388032719, 0.0187214594, 0.00925207231, 0.00426458847, 0.00207002508, 0.0010718666, 0.000592856843, 0.000348005211, 0.000214209926, 0.000135907118, 8.75425831e-05, 5.71921664e-05, 3.86627507e-05, 2.84615398e-05, 2.42492915e-05, 2.43282157e-05, 2.7576958e-05, 3.3381024e-05, 4.14792812e-05, 5.19803943e-05, 6.53714887e-05, 8.22825386e-05, 0.000102907761, 0.000126415209, 0.000150916239, 0.000174093584, 0.000193895597, 0.000208432539, 0.000216481712, 0.000217541194, 0.000211814244, 0.000200128357, 0.000183787037, 0.00016437404, 0.000143548838, 0.000122869678, 0.000103647682, 8.69185387e-05, 2.61484915e-14, 3.45894515e-12, 3.22683824e-10, 1.48958277e-08, 1.82894581e-07, 1.43322529e-06, 5.73303669e-06, 1.11015606e-05, 1.27171634e-05, 1.23453719e-05, 1.11734917e-05, 1.02199047e-05, 9.15188321e-06, 7.38242761e-06, 5.04631862e-06, 2.91272181e-06, 2.14726992e-06, 9.4291272e-06, 4.62355092e-05, 0.000160685362, 0.000471886218, 0.00138643058, 0.00409934716, 0.0138996523, 0.0303672738, 0.0450910516, 0.0566614158, 0.0652019903, 0.0713447481, 0.0722938254, 0.0637104586, 0.047500208, 0.0296725202, 0.0223182663, 0.0106548509, 0.00596292689, 0.00358108501, 0.00227986509, 0.00153193146, 0.00108065759, 0.000794709311, 0.000604336965, 0.000471713283, 0.00037596008, 0.000305131893, 0.000252123078, 0.000212528117, 0.000183484444, 0.000163043369, 0.000149835018, 0.000142907084, 0.000141649361, 0.000145729413, 0.000155051443, 0.00016976193, 0.000190311097, 0.000217512803, 0.000252454658, 0.000296132988, 0.000347483496, 0.000404434133, 0.000464558194, 0.000525163719, 0.000583395711, 0.000636362471, 0.000681290636, 0.000715713191, 0.000737683673, 0.000745963422, 0.000740270538, 3.52023928e-15, 4.01362889e-13, 3.39601403e-11, 1.53644408e-09, 2.09104414e-08, 1.41355144e-07, 3.91552106e-07, 7.09741926e-07, 8.49303319e-07, 8.53372569e-07, 8.68811412e-07, 8.88830527e-07, 8.68004975e-07, 7.30486079e-07, 4.92985635e-07, 2.82454977e-07, 1.41024441e-06, 1.52241591e-05, 8.50489232e-05, 0.00035705269, 0.00116743916, 0.00336515927, 0.00797154196, 0.0144039569, 0.0340476334, 0.0459467955, 0.0553813837, 0.0634736419, 0.0678984374, 0.0658644438, 0.0562924184, 0.0427105986, 0.0301282182, 0.0250956379, 0.0115015684, 0.00733996788, 0.00508264126, 0.00370105752, 0.00281101814, 0.00221512374, 0.00180173875, 0.00150502333, 0.00128522888, 0.00111790805, 0.000987703213, 0.000884741719, 0.000802521943, 0.000736654736, 0.000684110448, 0.000642784638, 0.000611219439, 0.000588399882, 0.00057360658, 0.000566305825, 0.000566089875, 0.00057266216, 0.000585827918, 0.00060550723, 0.00063225074, 0.000667564978, 0.000711315894, 0.000763319375, 0.000823341426, 0.000891045958, 0.000965904735, 0.00104709726, 0.00113340979, 0.00122315309, 0.00131415937, 0.00140381954, 3.54987697e-16, 3.39288534e-14, 2.52216672e-12, 1.09248603e-10, 1.5438395e-09, 1.01806643e-08, 3.44643567e-08, 7.30242604e-08, 9.31275181e-08, 9.65714406e-08, 9.89078401e-08, 9.95690783e-08, 9.93914568e-08, 9.86959847e-08, 9.4955702e-08, 9.61918829e-08, 9.11654354e-07, 1.17321579e-05, 7.6812561e-05, 0.000326371723, 0.000932917756, 0.00241151429, 0.00579173118, 0.0130525762, 0.0265616328, 0.0417916216, 0.0503319576, 0.0554200523, 0.0583630055, 0.0575285889, 0.0524178892, 0.0450635999, 0.0388678312, 0.0336046889, 0.0246685967, 0.0148960231, 0.00989665929, 0.00724555226, 0.00567240501, 0.00465692021, 0.00396124506, 0.00346321077, 0.00309423823, 0.00281339232, 0.00259501813, 0.00242242985, 0.0022844132, 0.00217322726, 0.00208341796, 0.00201109704, 0.00195346936, 0.00190850988, 0.00187472231, 0.00185096427, 0.00183633098, 0.0018300832, 0.00183165702, 0.00184172869, 0.00186042394, 0.0018851069, 0.00191517861, 0.0019504216, 0.00199092459, 0.00203702366, 0.00208924315, 0.00214823312, 0.00221469533, 0.00228929869, 0.00237258268, 0.00246484671, 2.03265028e-17, 1.62534759e-15, 1.03573922e-13, 4.193694e-12, 6.31083588e-11, 4.41519127e-10, 1.68208492e-09, 4.1706425e-09, 7.12422965e-09, 1.01231175e-08, 1.30276545e-08, 1.66616267e-08, 2.54592649e-08, 2.44488145e-08, 2.7064484e-08, 3.03670618e-08, 3.65383137e-08, 7.33054293e-08, 1.89430779e-07, 7.65146524e-07, 3.9746642e-06, 2.55314226e-05, 0.000154224574, 0.00123835646, 0.00468851486, 0.0116293766, 0.0296074525, 0.0415320545, 0.0445278138, 0.0442395546, 0.042255763, 0.0393824056, 0.03641285, 0.0335879549, 0.030860167, 0.0276562627, 0.0239883382, 0.0205910243, 0.0178368688, 0.0157140028, 0.0140893655, 0.0128298867, 0.0118319495, 0.0110207265, 0.0103453128, 0.00976971537, 0.00926888175, 0.00882525649, 0.00842656754, 0.00806424767, 0.00773232011, 0.00742657948, 0.00714401901, 0.00688244263, 0.00664022053, 0.00641614897, 0.00620932877, 0.00601796526, 0.00584006915, 0.00567656895, 0.00552838854, 0.00539635681, 0.00528115267, 0.00518327719, 0.00510304235, 0.00504057435, 0.00499582943, 0.00496861339, 0.00495860679, 0.00496537611] (
            interpolation = "uniform"
        )
        float[] primvars:TAR0_Gas_mass_fractions_9 = [0, 0, 0, 0, 0, 2.3980675e-14, 3.03808357e-15, 2.83407462e-15, 0, 0, 0, 0, 0, 0, 0, 0, 0, 0, 0, 0, 0, 0, 0, 0, 0, 0, 0, 0, 0, 0, 0, 0, 0, 0, 0, 0, 0, 0, 0, 0, 0, 0, 0, 0, 0, 0, 0, 0, 0, 0, 0, 0, 0, 0, 0, 0, 0, 0, 0, 0, 0, 0, 0, 0, 0, 0, 0, 0, 0, 0, 0, 0, 0, 0, 0, 0, 4.10651358e-13, 0, 0, 0, 0, 0, 0, 0, 0, 0, 0, 0, 0, 0, 0, 0, 0, 0, 0, 0, 0, 0, 0, 0, 0, 0, 0, 0, 0, 0, 0, 0, 0, 0, 0, 0, 0, 0, 0, 0, 0, 0, 0, 0, 0, 0, 0, 0, 0, 0, 0, 0, 0, 0, 0, 0, 0, 0, 0, 0, 0, 0, 0, 0, 0, 0, 0, 0, 0, 0, 0, 0, 0, 0, 0, 0, 0, 0, 0, 0, 0, 0, 0, 0, 0, 0, 0, 0, 0, 0, 0, 0, 0, 0, 0, 0, 0, 0, 0, 0, 0, 0, 0, 0, 0, 0, 0, 0, 0, 0, 0, 0, 0, 0, 0, 0, 0, 0, 0, 0, 0, 0, 0, 0, 0, 0, 0, 0, 0, 0, 0, 0, 0, 0, 0, 0, 0, 0, 0, 0, 0, 0, 0, 0, 0, 5.10701067e-14, 7.7382538e-14, 0, 0, 0, 0, 0, 0, 0, 0, 0, 0, 0, 0, 0, 0, 0, 0, 0, 0, 0, 0, 0, 0, 0, 0, 0, 0, 0, 0, 0, 0, 0, 0, 0, 0, 0, 0, 0, 0, 0, 0, 0, 0, 0, 0, 0, 0, 0, 0, 0, 0, 0, 0, 0, 0, 0, 0, 0, 0, 0, 0, 0, 0, 0, 0, 0, 0, 7.54199661e-15, 8.41530011e-14, 1.35447155e-13, 1.42885703e-13, 1.11133325e-13, 6.75015599e-14, 0, 0, 0, 0, 0, 0, 0, 0, 0, 0, 0, 0, 0, 0, 0, 0, 0, 0, 0, 0, 0, 0, 0, 0, 0, 0, 0, 0, 0, 0, 0, 0, 0, 0, 0, 0, 0, 0, 0, 0, 0, 0, 0, 0, 0, 0, 0, 0, 0, 0, 0, 0, 0, 0, 0, 0, 0, 0, 0, 0, 0, 0, 0, 0, 0, 0, 0, 0, 0, 0, 0, 0, 0, 0, 0, 0, 0, 0, 0, 0, 0, 0, 0, 0, 0, 0, 0, 0, 0, 0, 0, 0, 0, 0, 0, 0, 0, 0, 0, 0, 0, 0, 0, 0, 0, 0, 0, 0, 0, 0, 0, 0, 0, 0, 0, 0, 0, 0, 0, 0, 0, 0, 0, 0, 0, 0, 0, 0, 0, 4.39204229e-13, 0, 6.73905376e-14, 4.34092154e-14, 1.02074179e-14, 0, 0, 0, 2.20934382e-14, 1.88737914e-15, 0, 0, 0, 0, 0, 0, 0, 0, 0, 0, 0, 0, 0, 0, 0, 0, 0, 0, 0, 0, 0, 0, 0, 0, 0, 0, 0, 0, 0, 0, 0, 0, 0, 0, 0, 0, 0, 0, 0, 0, 0, 0, 0, 0, 0, 0, 0, 0, 0, 0, 0, 0, 0, 0, 0, 0, 0, 0, 0, 0, 1.57651669e-14, 1.52766688e-13, 1.61870517e-13, 1.00030871e-13, 5.55998356e-14, 6.29249934e-14, 9.07046858e-14, 9.23705421e-14, 2.13495888e-13, 1.45661261e-13, 2.0539126e-14, 0, 0, 0, 0, 0, 0, 0, 0, 0, 0, 0, 0, 0, 0, 0, 0, 0, 0, 0, 0, 0, 0, 0, 0, 0, 0, 0, 0, 0, 0, 0, 0, 0, 0, 0, 0, 0, 0, 0, 0, 0, 0, 0, 0, 0, 0, 0, 0, 0, 0, 0, 0, 0, 0, 0, 0, 0, 0, 0, 0, 0, 1.07691633e-14, 1.55431223e-15, 0, 2.55197157e-15, 6.32718619e-15, 3.33060893e-15, 0, 0, 0, 0, 0, 0, 0, 0, 0, 0, 0, 0, 0, 0, 0, 0, 0, 0, 0, 0, 0, 0, 0, 0, 0, 0, 0, 0, 0, 0, 0, 0, 0, 0, 0, 0, 0, 0, 0, 0, 0, 0, 0, 0, 0, 0, 0, 0, 0, 0, 0, 0, 0, 0, 0, 0, 0, 0, 0, 0, 0, 0, 0, 0, 0, 0, 0, 0, 0, 0, 0, 0, 0, 0, 0, 0, 0, 0, 0, 0, 0, 0, 0, 0, 0, 0, 0, 0, 0, 0, 0, 0, 0, 0, 0, 0, 0, 0, 0, 0, 0, 0, 0, 0, 0, 0, 0, 0, 0, 0, 0, 0, 0, 0, 0, 0, 0, 0, 0, 0, 0, 0, 0, 0, 0, 0, 0, 0] (
            interpolation = "uniform"
        )
        float[] primvars:BIOMASS_Solids_mass_fractions_1_1 = [0, 0, 0, 0, 0, 0, 2.90418507e-06, 2.51746059e-07, 1.32210772e-07, 6.83831161e-08, 8.86622047e-08, 8.04664779e-08, 8.88801281e-08, 9.31707049e-08, 8.56559836e-08, 8.28343616e-08, 8.33658547e-08, 8.46055386e-08, 8.66637322e-08, 8.88630964e-08, 9.06379327e-08, 9.17853669e-08, 9.23768297e-08, 9.25767338e-08, 9.25232087e-08, 9.22945844e-08, 9.19225585e-08, 9.14150462e-08, 9.07658375e-08, 8.99608139e-08, 8.90834215e-08, 8.97526533e-08, 9.13034697e-08, 9.13446456e-08, 9.13446101e-08, 9.14877916e-08, 9.29560358e-08, 9.20313639e-08, 8.94567833e-08, 9.0211941e-08, 8.81560496e-08, 9.17831997e-08, 8.82494717e-08, 8.87824498e-08, 9.12599702e-08, 0, 0, 0, 0, 0, 0, 0, 0, 0, 0, 0, 0, 0, 0, 0, 0, 0, 0, 0, 0, 0, 0, 0, 0, 0, 0, 0, 0, 0, 0, 1.94736893e-09, 0, 3.46247582e-08, 4.30689369e-08, 9.63919007e-08, 9.54893409e-08, 9.47675147e-08, 8.85136515e-08, 8.95158649e-08, 8.87871607e-08, 8.81081235e-08, 8.77669493e-08, 8.76700312e-08, 8.76915607e-08, 8.77561703e-08, 8.78423521e-08, 8.79683313e-08, 8.81680009e-08, 8.84575755e-08, 8.8809351e-08, 8.91506318e-08, 8.93851251e-08, 8.94070453e-08, 8.91168668e-08, 8.90296761e-08, 8.97964796e-08, 9.07917723e-08, 9.12697473e-08, 9.13404108e-08, 9.13403539e-08, 9.54652677e-08, 9.17871006e-08, 9.22418479e-08, 8.98759609e-08, 8.99291734e-08, 9.20727885e-08, 9.66421112e-08, 9.01827093e-08, 9.25680368e-08, 0, 0, 0, 0, 0, 0, 0, 0, 0, 0, 0, 0, 0, 0, 0, 0, 0, 0, 0, 0, 0, 0, 0, 0, 0, 0, 0, 0, 0, 0, 0, 8.55624762e-08, 8.55624762e-08, 8.69750494e-08, 8.30135889e-08, 9.81987185e-08, 9.0570353e-08, 8.92500296e-08, 8.83645512e-08, 8.80344047e-08, 8.7978016e-08, 8.79955309e-08, 8.80127118e-08, 8.80109496e-08, 8.79875017e-08, 8.79482229e-08, 8.79124045e-08, 8.78958204e-08, 8.79112037e-08, 8.80054642e-08, 8.82142075e-08, 8.84859688e-08, 8.86807996e-08, 8.88708058e-08, 8.92742236e-08, 8.99501487e-08, 9.06004516e-08, 9.10386362e-08, 9.12367923e-08, 9.13360481e-08, 9.13359557e-08, 9.21175101e-08, 9.20399614e-08, 9.20857275e-08, 9.01727333e-08, 8.91619862e-08, 0, 0, 9.15131864e-08, 9.34340321e-08, 0, 0, 0, 0, 0, 0, 0, 0, 0, 0, 0, 0, 0, 0, 0, 0, 0, 0, 0, 0, 0, 0, 0, 0, 0, 0, 0, 0, 0, 0, 0, 8.51362145e-08, 8.51077289e-08, 8.57727898e-08, 8.24267943e-08, 9.04728381e-08, 9.01053241e-08, 8.81086422e-08, 8.78726425e-08, 8.79439739e-08, 8.80586555e-08, 8.81422437e-08, 8.81690951e-08, 8.81349038e-08, 8.80517561e-08, 8.79414515e-08, 8.78533868e-08, 8.78518946e-08, 8.78923956e-08, 8.80102391e-08, 8.82246241e-08, 8.8511058e-08, 8.88907437e-08, 8.94237218e-08, 8.9990273e-08, 9.04922999e-08, 9.08552096e-08, 9.10813753e-08, 9.12090172e-08, 9.13293547e-08, 9.13292482e-08, 9.25840382e-08, 9.19427166e-08, 9.21910583e-08, 9.05150515e-08, 0, 0, 0, 9.26255836e-08, 0, 0, 0, 0, 0, 0, 0, 0, 0, 0, 0, 0, 0, 0, 0, 0, 0, 0, 0, 0, 0, 0, 0, 0, 0, 0, 0, 0, 0, 0, 0, 8.51646931e-08, 8.51646931e-08, 8.56232276e-08, 8.54559161e-08, 8.90094469e-08, 8.81086777e-08, 8.8306777e-08, 8.78103208e-08, 8.79407125e-08, 8.81193998e-08, 8.82625741e-08, 8.83329463e-08, 8.83212081e-08, 8.8234799e-08, 8.80936355e-08, 8.79257271e-08, 8.77794477e-08, 8.77798314e-08, 8.79668391e-08, 8.82573588e-08, 8.85661962e-08, 8.89722713e-08, 8.94476813e-08, 8.99328896e-08, 9.0353133e-08, 9.06805653e-08, 9.09147033e-08, 9.10719535e-08, 9.11756004e-08, 9.12525593e-08, 9.11073244e-08, 8.96595935e-08, 9.22218035e-08, 9.3352142e-08, 9.13768901e-08, 0, 0, 0, 0, 0, 0, 0, 0, 0, 0, 0, 0, 0, 0, 0, 0, 0, 0, 0, 0, 0, 0, 0, 0, 0, 0, 0, 0, 0, 0, 0, 0, 0, 0, 0, 8.52684749e-08, 8.52684749e-08, 8.61942766e-08, 8.9202814e-08, 9.10296336e-08, 9.96742884e-08, 8.79456863e-08, 8.79058888e-08, 8.81125075e-08, 8.83006805e-08, 8.84283509e-08, 8.84706282e-08, 8.8431193e-08, 8.83243558e-08, 8.81717099e-08, 8.80015563e-08, 8.78661339e-08, 8.78458195e-08, 8.81313085e-08, 8.85728326e-08, 8.89561562e-08, 8.93741827e-08, 8.97931542e-08, 9.01744031e-08, 9.04900332e-08, 9.07349502e-08, 9.09170552e-08, 9.10474895e-08, 9.11332307e-08, 9.11334723e-08, 9.22623684e-08, 0, 0, 5.09889979e-08, 0, 0, 0, 0, 0, 0, 0, 0, 0, 0, 0, 0, 0, 0, 0, 0, 0, 0, 0, 0, 0, 0, 0, 0, 0, 0, 0, 0, 0, 0, 0, 0, 0, 0, 0, 0, 8.31843892e-08, 8.31843892e-08, 8.19287678e-08, 8.68950636e-08, 8.40814849e-08, 9.22166876e-08, 8.79329249e-08, 8.80335094e-08, 8.82509852e-08, 8.84302054e-08, 8.85562628e-08, 8.86079405e-08, 8.85949021e-08, 8.8528374e-08, 8.8417309e-08, 8.82827607e-08, 8.81746089e-08, 8.81619826e-08, 8.82856384e-08, 8.87593998e-08, 8.92011442e-08, 8.9591488e-08, 8.9953069e-08, 9.02695731e-08, 9.05316e-08, 9.07394906e-08, 9.08991211e-08, 9.10164673e-08, 9.10905342e-08, 9.10910316e-08, 0, 0, 0, 0, 0, 0, 0, 0, 1.13256438e-09, 1.20788768e-10, 1.93125489e-21, 4.58177246e-11, 7.77837517e-11, 7.79148881e-13, 3.31848403e-11, 7.54331753e-12, 2.5742145e-12, 4.23995051e-36, 1.21365261e-14, 5.37060817e-15, 8.92744351e-16, 1.31772179e-14, 1.19593172e-11, 2.29954707e-14, 2.62660868e-14, 2.63866992e-14, 1.24696106e-27, 3.78442791e-39, 4.69770039e-28, 0, 2.83723353e-28, 2.38971684e-13, 0, 1.0232981e-28, 6.24171125e-14, 0, 0, 0, 0, 0, 8.14640657e-08, 8.14640657e-08, 8.13361254e-08, 8.60306528e-08, 9.7424163e-08, 9.43325489e-08, 8.80641764e-08, 8.81236701e-08, 8.83450681e-08, 8.85021194e-08, 8.86651605e-08, 8.87780018e-08, 8.88450629e-08, 8.88645886e-08, 8.88271927e-08, 8.87365843e-08, 8.86270826e-08, 8.85613574e-08, 8.86107969e-08, 8.88345184e-08, 8.92586272e-08, 8.96790766e-08, 9.00102464e-08, 9.02939234e-08, 9.05298094e-08, 9.07201496e-08, 9.08674807e-08, 9.09742468e-08, 9.10324616e-08, 9.24077028e-08, 9.13263278e-08, 9.30911952e-08, 9.66120339e-08, 0, 0, 7.74624525e-08, 0, 3.10070836e-09, 0, 0, 3.11628732e-08, 2.14720171e-08, 0, 4.16365005e-08, 6.11308835e-08, 0, 0, 5.87083449e-08, 1.86794704e-08, 5.65069946e-08, 7.1660871e-08, 1.29966491e-08, 2.29954707e-14, 8.57082085e-08, 9.15338845e-08, 2.94234113e-08, 1.24696116e-27, 2.09942677e-08, 0, 0, 0, 0, 0, 0, 0, 0, 0, 0, 0, 0, 0, 8.03911604e-08, 7.93182622e-08, 8.0199662e-08, 8.61356995e-08, 6.53925483e-08, 8.95186858e-08, 8.81664093e-08, 8.85354865e-08, 8.84463347e-08, 8.86600517e-08, 8.88512233e-08, 8.90097596e-08, 8.91358098e-08, 8.92092089e-08, 8.92217571e-08, 8.91801122e-08, 8.91080134e-08, 8.9054204e-08, 8.90934473e-08, 8.92693564e-08, 8.95880348e-08, 8.99962913e-08, 9.02700705e-08, 9.04936996e-08, 9.06718753e-08, 9.08160871e-08, 9.0888193e-08, 9.07920281e-08, 9.06777373e-08, 9.06614375e-08, 9.06469992e-08, 9.0636199e-08, 9.06356377e-08, 9.05998832e-08, 9.05892534e-08, 9.06044235e-08, 9.06462958e-08, 9.01636454e-08, 9.01629349e-08, 8.94009773e-08, 8.94106265e-08, 8.94785259e-08, 8.95710173e-08, 8.9579828e-08, 8.85965505e-08, 8.86066189e-08, 8.86143638e-08, 8.86216043e-08, 8.86276084e-08, 8.86344083e-08, 8.86390907e-08, 8.86439224e-08, 8.86484486e-08, 8.86522997e-08, 8.86558311e-08, 8.86589859e-08, 8.86622331e-08, 8.86653524e-08, 8.86682159e-08, 8.86710865e-08, 8.86735805e-08, 8.86768063e-08, 8.86792932e-08, 8.86818086e-08, 8.86842884e-08, 0, 0, 0, 0, 0, 0, 7.93182622e-08, 8.01996478e-08, 8.61422293e-08, 6.97870917e-08, 7.04341332e-08, 7.88025076e-08, 7.95535513e-08, 8.80804762e-08, 8.81688109e-08, 8.84328628e-08, 8.87666687e-08, 8.90486831e-08, 8.92245282e-08, 8.93324099e-08, 8.94165382e-08, 8.94932555e-08, 8.95572185e-08, 8.96087968e-08, 8.96769095e-08, 8.97566395e-08, 8.98844377e-08, 9.02191175e-08, 9.04164139e-08, 9.05897508e-08, 9.07082907e-08, 9.0713371e-08, 9.06956785e-08, 9.06775028e-08, 9.06612101e-08, 9.06468216e-08, 9.06360711e-08, 9.0636064e-08, 9.06355311e-08, 9.0596977e-08, 9.0584507e-08, 9.05993218e-08, 9.06422244e-08, 9.01543658e-08, 9.01546002e-08, 8.93350602e-08, 8.93350389e-08, 8.93978083e-08, 8.94882888e-08, 8.94953303e-08, 8.84888891e-08, 8.84956677e-08, 8.85015652e-08, 8.8507754e-08, 8.85122091e-08, 8.85168916e-08, 8.85212046e-08, 8.85248426e-08, 8.852831e-08, 8.85313511e-08, 8.85345344e-08, 8.853754e-08, 8.85402329e-08, 8.85428975e-08, 8.85451215e-08, 8.85477363e-08, 8.85497684e-08, 8.85519e-08, 8.85536053e-08, 8.85533353e-08] (
            interpolation = "uniform"
        )
        float[] primvars:MOISTURE_Solids_mass_fractions_1_2 = [0, 0, 0, 0, 0, 0, 0, 0, 0, 0, 0, 0, 0, 0, 0, 0, 0, 0, 0, 0, 0, 0, 0, 0, 0, 0, 0, 0, 0, 0, 0, 0, 0, 0, 0, 0, 0, 0, 0, 0, 0, 0, 0, 0, 0, 0, 0, 0, 0, 0, 0, 0, 0, 0, 0, 0, 0, 0, 0, 0, 0, 0, 0, 0, 0, 0, 0, 0, 0, 0, 0, 0, 0, 0, 0, 0, 0, 0, 0, 0, 0, 0, 0, 0, 0, 0, 0, 0, 0, 0, 0, 0, 0, 0, 0, 0, 0, 0, 0, 0, 0, 0, 0, 0, 0, 0, 0, 0, 0, 0, 0, 0, 0, 0, 0, 0, 0, 0, 0, 0, 0, 0, 0, 0, 0, 0, 0, 0, 0, 0, 0, 0, 0, 0, 0, 0, 0, 0, 0, 0, 0, 0, 0, 0, 0, 0, 0, 0, 0, 0, 0, 0, 0, 0, 0, 0, 0, 0, 0, 0, 0, 0, 0, 0, 0, 0, 0, 0, 0, 0, 0, 0, 0, 0, 0, 0, 0, 0, 0, 0, 0, 0, 0, 0, 0, 0, 0, 0, 0, 0, 0, 0, 0, 0, 0, 0, 0, 0, 0, 0, 0, 0, 0, 0, 0, 0, 0, 0, 0, 0, 0, 0, 0, 0, 0, 0, 0, 0, 0, 0, 0, 0, 0, 0, 0, 0, 0, 0, 0, 0, 0, 0, 0, 0, 0, 0, 0, 0, 0, 0, 0, 0, 0, 0, 0, 0, 0, 0, 0, 0, 0, 0, 0, 0, 0, 0, 0, 0, 0, 0, 0, 0, 0, 0, 0, 0, 0, 0, 0, 0, 0, 0, 0, 0, 0, 0, 0, 0, 0, 0, 0, 0, 0, 0, 0, 0, 0, 0, 0, 0, 0, 0, 0, 0, 0, 0, 0, 0, 0, 0, 0, 0, 0, 0, 0, 0, 0, 0, 0, 0, 0, 0, 0, 0, 0, 0, 0, 0, 0, 0, 0, 0, 0, 0, 0, 0, 0, 0, 0, 0, 0, 0, 0, 0, 0, 0, 0, 0, 0, 0, 0, 0, 0, 0, 0, 0, 0, 0, 0, 0, 0, 0, 0, 0, 0, 0, 0, 0, 0, 0, 0, 0, 0, 0, 0, 0, 0, 0, 0, 0, 0, 0, 0, 0, 0, 0, 0, 0, 0, 0, 0, 0, 0, 0, 0, 0, 0, 0, 0, 0, 0, 0, 0, 0, 0, 0, 0, 0, 0, 0, 0, 0, 0, 0, 0, 0, 0, 0, 0, 0, 0, 0, 0, 0, 0, 0, 0, 0, 0, 0, 0, 0, 0, 0, 0, 0, 0, 0, 0, 0, 0, 0, 0, 0, 0, 0, 0, 0, 0, 0, 0, 0, 0, 0, 0, 0, 0, 0, 0, 0, 0, 0, 0, 0, 0, 0, 0, 0, 0, 0, 0, 0, 0, 0, 0, 0, 0, 0, 0, 0, 0, 0, 0, 0, 0, 0, 0, 0, 0, 0, 0, 0, 0, 0, 0, 0, 0, 0, 0, 0, 0, 0, 0, 0, 0, 0, 0, 0, 0, 0, 0, 0, 0, 0, 0, 0, 0, 0, 0, 0, 0, 0, 0, 0, 0, 0, 0, 0, 0, 0, 0, 0, 0, 0, 0, 0, 0, 0, 0, 0, 0, 0, 0, 0, 0, 0, 0, 0, 0, 0, 0, 0, 0, 0, 0, 0, 0, 0, 0, 0, 0, 0, 0, 0, 0, 0, 0, 0, 0, 0, 0, 0, 0, 0, 0, 0, 0, 0, 0, 0, 0, 0, 0, 0, 0, 0, 0, 0, 0, 0, 0, 0, 0, 0, 0, 0, 0, 0, 0, 0, 0, 0, 0, 0, 0, 0, 0, 0, 0, 0, 0, 0, 0, 0, 0, 0, 0, 0, 0, 0, 0, 0, 0, 0, 0, 0, 0, 0, 0, 0, 0, 0, 0, 0, 0, 0, 0, 0, 0, 0, 0, 0, 0, 0, 0, 0, 0, 0, 0, 0, 0, 0, 0, 0, 0, 0, 0, 0, 0, 0, 0, 0, 0, 0, 0, 0, 0, 0, 0, 0, 0, 0, 0, 0, 0, 0, 0, 0, 0, 0, 0, 0, 0, 0, 0, 0, 0, 0, 0, 0, 0, 0, 0, 0, 0, 0, 0, 0, 0, 0, 0, 0, 0, 0, 0, 0, 0, 0, 0, 0] (
            interpolation = "uniform"
        )
        float[] primvars:CHAR_Solids_mass_fractions_1_3 = [0, 0, 0, 0, 0, 0, 0.745019138, 0.747356474, 0.744031608, 0.740211785, 0.734342873, 0.731749654, 0.732322276, 0.734241188, 0.735925674, 0.736505568, 0.735825062, 0.734234333, 0.732288659, 0.730569124, 0.729432225, 0.728914082, 0.728846014, 0.729021907, 0.729295254, 0.729614556, 0.730028808, 0.730654836, 0.731635034, 0.733139217, 0.735314131, 0.73751241, 0.737498939, 0.737864196, 0.737864316, 0.734655321, 0.740286469, 0.743505597, 0.748912036, 0.749562562, 0.753503203, 0.740602195, 0.751048386, 0.75029248, 0.743941903, 0, 0, 0, 0, 0, 0, 0, 0, 0, 0, 0, 0, 0, 0, 0, 0, 0, 0, 0, 0, 0, 0, 0, 0, 0, 0, 0, 0, 0, 0, 0, 0, 0, 1.34768943e-05, 0.000175807756, 0.498934418, 0.663846135, 0.707104325, 0.722679555, 0.729434192, 0.733235657, 0.735608459, 0.737253726, 0.738471508, 0.739330113, 0.739842117, 0.739926755, 0.739551485, 0.738742232, 0.737630248, 0.73645407, 0.735497296, 0.735090494, 0.735713363, 0.737117231, 0.737525105, 0.737800837, 0.737775445, 0.737877667, 0.737877786, 0.725155711, 0.743606448, 0.742888868, 0.747892916, 0.750217021, 0.743388414, 0.727148056, 0.745826721, 0.739797473, 0, 0, 0, 0, 0, 0, 0, 0, 0, 0, 0, 0, 0, 0, 0, 0, 0, 0, 0, 0, 0, 0, 0, 0, 0, 0, 0, 0, 0, 0, 0, 7.53885061e-08, 7.53885061e-08, 7.7075768e-08, 9.35119786e-08, 0.00237005204, 0.598843336, 0.713076949, 0.736082494, 0.74237597, 0.744180679, 0.74464345, 0.744755626, 0.744792044, 0.744822502, 0.744817078, 0.744613826, 0.744038582, 0.743095577, 0.74179703, 0.740148246, 0.738526464, 0.737573624, 0.737711608, 0.738173604, 0.738299429, 0.738081813, 0.737981498, 0.737938106, 0.737891138, 0.737891436, 0.734708309, 0.742954612, 0.743241012, 0.747336209, 0.749212325, 0.666766286, 0.708097816, 0.74233973, 0.737622917, 0, 0, 0, 0, 0, 0, 0, 0, 0, 0, 0, 0, 0, 0, 0, 0, 0, 0, 0, 0, 0, 0, 0, 0, 0, 0, 0, 0, 0, 0, 0, 9.46421892e-08, 9.15627538e-08, 9.62923963e-08, 3.04241439e-07, 0.103439406, 0.70098722, 0.739256263, 0.745002389, 0.745564103, 0.74523294, 0.744876027, 0.744684815, 0.744693696, 0.744869232, 0.745127261, 0.745223522, 0.744681537, 0.743669212, 0.741715908, 0.740247667, 0.739481807, 0.739234209, 0.739113331, 0.738833308, 0.738519788, 0.738264263, 0.738120973, 0.738044143, 0.737910748, 0.737911046, 0.73331356, 0.743275702, 0.742806911, 0.747116745, 0.678121388, 0.670967042, 0.568740308, 0.739605546, 0, 0, 0, 0, 0, 0, 0, 0, 0, 0, 0, 0, 0, 0, 0, 0, 0, 0, 0, 0, 0, 0, 0, 0, 0, 0, 0, 0, 0, 0, 0, 9.77216317e-08, 9.77216317e-08, 9.8856006e-08, 9.85981501e-08, 4.55119662e-05, 0.538152575, 0.738519192, 0.74598521, 0.745964527, 0.74518913, 0.744552195, 0.74418509, 0.744093657, 0.744257331, 0.744629979, 0.745123327, 0.745535851, 0.745187163, 0.743724048, 0.741871417, 0.74100095, 0.740376353, 0.739866018, 0.73938942, 0.738960981, 0.738624334, 0.738383472, 0.738227844, 0.738129914, 0.738020122, 0.738292158, 0.742108107, 0.742481828, 0.738116264, 0.746003151, 0.652110517, 0.65868032, 0.589950442, 0, 0, 0, 0, 0, 0, 0, 0, 0, 0, 0, 0, 0, 0, 0, 0, 0, 0, 0, 0, 0, 0, 0, 0, 0, 0, 0, 0, 0, 0, 0, 0, 9.90208235e-08, 9.90208235e-08, 8.27374791e-08, 1.14053055e-05, 0.00751307793, 0.683240414, 0.743536294, 0.745753706, 0.745364249, 0.744552791, 0.743964255, 0.743669033, 0.743650138, 0.743878841, 0.744301617, 0.744817674, 0.745215833, 0.745161235, 0.743801951, 0.742267728, 0.741342962, 0.740600348, 0.739975989, 0.73945117, 0.739028752, 0.738707125, 0.738472462, 0.738309801, 0.738209903, 0.738209188, 0.734652638, 0.630980134, 0.662871599, 0.715765417, 0.645861626, 0.650449574, 0.579509676, 0.61617732, 0, 0, 0, 0, 0, 0, 0, 0, 0, 0, 0, 0, 0, 0, 0, 0, 0, 0, 0, 0, 0, 0, 0, 0, 0, 0, 0, 0, 0, 0, 0, 0, 9.83466535e-08, 9.93788802e-08, 2.03489037e-07, 0.000136828894, 0.0646165907, 0.699101865, 0.741375148, 0.744797885, 0.744916022, 0.744149685, 0.743544042, 0.743202806, 0.743102908, 0.743221402, 0.743533313, 0.743956625, 0.744303465, 0.744326115, 0.743867159, 0.742483735, 0.741400123, 0.740635872, 0.740009189, 0.739498198, 0.739091218, 0.738777041, 0.738541961, 0.738373995, 0.738273382, 0.738271952, 0.666577399, 0.538451493, 0.555857658, 0.549105465, 0.45272246, 0.67597127, 0.536041081, 0.561455131, 0.00618182495, 0.000670781301, 1.37543734e-14, 0.000241738599, 0.000431867287, 3.99080636e-06, 0.000171713458, 3.31167648e-05, 1.22131796e-05, 0, 9.9982806e-08, 4.68825441e-08, 7.79318299e-09, 9.99882488e-08, 5.03765878e-05, 1.20497333e-07, 1.45607672e-07, 1.4851787e-07, 0, 0, 0, 0, 0, 1.35190476e-06, 0, 1.29916997e-18, 3.71062953e-07, 0, 0, 0, 0, 0, 9.93901068e-08, 9.93901068e-08, 7.84016692e-08, 2.32203402e-05, 0.0134147648, 0.641412675, 0.734031439, 0.74260205, 0.744686067, 0.744027853, 0.743279338, 0.742738247, 0.742398083, 0.742261887, 0.742355645, 0.742658854, 0.743044853, 0.743303061, 0.743212163, 0.742625415, 0.741593182, 0.740681052, 0.740056574, 0.73955524, 0.739154875, 0.738840997, 0.738603354, 0.738432109, 0.738352537, 0.732324183, 0.738210201, 0.735951185, 0.72875452, 0.718598902, 0.624886155, 0.664833188, 0.665620744, 0.655698597, 0.65091902, 0.646151662, 0.645677805, 0.644371808, 0.639749646, 0.287008792, 0.403065771, 0.627350986, 0.623090029, 0.389663696, 0.136730254, 0.37931332, 0.455940634, 0.096767731, 1.74103789e-07, 0.538100064, 0.560445726, 0.218066275, 0, 0.157172352, 0.638822854, 0.647177696, 0.654435992, 0.657498658, 0.688008368, 0.661121011, 0.662691772, 0.684928417, 0, 0, 0, 0, 0, 9.97103839e-08, 9.91892151e-08, 1.30439531e-07, 7.59285613e-05, 0.0536484048, 0.70020175, 0.729960859, 0.743989229, 0.74452424, 0.743546247, 0.742715299, 0.742082596, 0.74160409, 0.741325915, 0.741281569, 0.741448224, 0.741742015, 0.742004991, 0.742014706, 0.741671741, 0.740988612, 0.740157783, 0.739642918, 0.739239454, 0.738925695, 0.738674223, 0.738540709, 0.738662481, 0.738788784, 0.738787532, 0.738780499, 0.738770604, 0.738770247, 0.738670945, 0.738469839, 0.738180459, 0.737749696, 0.738906562, 0.738908648, 0.745635509, 0.745634615, 0.745699823, 0.745808363, 0.74581176, 0.748897433, 0.748888671, 0.748884201, 0.748881042, 0.748879671, 0.748876691, 0.748875797, 0.74887532, 0.748874724, 0.748874366, 0.748874843, 0.748875141, 0.748875618, 0.748876154, 0.748876512, 0.748876929, 0.748877287, 0.748876631, 0.748876631, 0.748876989, 0.748876035, 0, 0, 0, 0, 0, 0, 1.00030668e-07, 3.28506019e-07, 9.68957536e-08, 0, 1.78099492e-06, 0.00287722447, 0.703737617, 0.746892631, 0.745996356, 0.744569123, 0.743262827, 0.742297053, 0.741657138, 0.741199851, 0.74082303, 0.740507662, 0.74028939, 0.740173161, 0.74006021, 0.740001798, 0.740304708, 0.739709675, 0.739338517, 0.739023149, 0.738806307, 0.738778591, 0.73878473, 0.738789439, 0.738788188, 0.738780975, 0.738770962, 0.738771021, 0.738770545, 0.738679349, 0.738483548, 0.738195181, 0.737761497, 0.738933444, 0.738932788, 0.745849609, 0.745849669, 0.745929182, 0.746043146, 0.74605155, 0.749239743, 0.749237955, 0.749236763, 0.749235511, 0.749235272, 0.749235153, 0.749235213, 0.749235451, 0.749236047, 0.749236643, 0.749237299, 0.749238133, 0.749238968, 0.749239981, 0.749241054, 0.749242127, 0.749243379, 0.749244869, 0.749246061, 0.749246836] (
            interpolation = "uniform"
        )
        float[] primvars:ASH_Solids_mass_fractions_1_4 = [1, 1, 1, 1, 1, 1, 0.254977971, 0.252643287, 0.255968302, 0.259788126, 0.265657037, 0.268250227, 0.267677635, 0.265758693, 0.264074266, 0.263494313, 0.264174879, 0.265765607, 0.267711222, 0.269430757, 0.270567656, 0.271085829, 0.271153867, 0.270978034, 0.270704687, 0.270385355, 0.269971073, 0.269345105, 0.268364877, 0.266860694, 0.26468581, 0.262487501, 0.262500972, 0.262135714, 0.262135595, 0.26534456, 0.259713471, 0.256494313, 0.251087904, 0.250437379, 0.246496707, 0.259397715, 0.248951539, 0.24970746, 0.256058007, 1, 1, 1, 1, 1, 1, 1, 1, 1, 1, 1, 1, 1, 1, 1, 1, 1, 1, 1, 1, 1, 1, 1, 1, 1, 1, 1, 1, 1, 1, 1, 1, 1, 0.99998647, 0.999824107, 0.501065493, 0.336153746, 0.292895585, 0.277320355, 0.270565718, 0.266764283, 0.264391452, 0.262746185, 0.261528373, 0.260669798, 0.260157794, 0.260073185, 0.260448426, 0.261257678, 0.262369633, 0.263545871, 0.264502585, 0.264909416, 0.264286548, 0.26288268, 0.262474775, 0.262199044, 0.262224466, 0.262122244, 0.262122095, 0.274844199, 0.256393462, 0.257111013, 0.252106965, 0.249782905, 0.256611496, 0.272851855, 0.254173189, 0.260202408, 1, 1, 1, 1, 1, 1, 1, 1, 1, 1, 1, 1, 1, 1, 1, 1, 1, 1, 1, 1, 1, 1, 1, 1, 1, 1, 1, 1, 1, 1, 1, 0.999999821, 0.999999821, 0.999999821, 0.999999821, 0.997629821, 0.401156574, 0.286922932, 0.263917387, 0.257623941, 0.255819201, 0.255356431, 0.255244285, 0.255207896, 0.255177408, 0.255182803, 0.255386084, 0.255961329, 0.256904364, 0.258202881, 0.259851664, 0.261473447, 0.262426257, 0.262288272, 0.261826277, 0.261700511, 0.261918068, 0.262018442, 0.262061834, 0.262108743, 0.262108505, 0.265291631, 0.257045299, 0.256758928, 0.252663702, 0.250787556, 0.333233714, 0.291902155, 0.257660151, 0.262376964, 1, 1, 1, 1, 1, 1, 1, 1, 1, 1, 1, 1, 1, 1, 1, 1, 1, 1, 1, 1, 1, 1, 1, 1, 1, 1, 1, 1, 1, 1, 1, 0.999999821, 0.999999821, 0.999999821, 0.999999642, 0.89656049, 0.299012691, 0.260743648, 0.254997551, 0.254435837, 0.254766971, 0.255123913, 0.255315125, 0.255306214, 0.255130708, 0.25487265, 0.254776359, 0.255318373, 0.256330699, 0.258284032, 0.259752244, 0.260518134, 0.260765702, 0.26088661, 0.261166632, 0.261480123, 0.261735618, 0.261878967, 0.261955738, 0.262089163, 0.262088835, 0.26668635, 0.256724209, 0.257192999, 0.252883136, 0.321878612, 0.329032928, 0.431259662, 0.260394365, 1, 1, 1, 1, 1, 1, 1, 1, 1, 1, 1, 1, 1, 1, 1, 1, 1, 1, 1, 1, 1, 1, 1, 1, 1, 1, 1, 1, 1, 1, 1, 0.999999821, 0.999999821, 0.999999821, 0.999999821, 0.999954402, 0.461847305, 0.261480719, 0.25401473, 0.254035383, 0.25481075, 0.255447745, 0.255814821, 0.255906284, 0.25574255, 0.255369931, 0.254876554, 0.25446406, 0.254812717, 0.256275862, 0.258128464, 0.25899893, 0.259623557, 0.260133922, 0.260610521, 0.261038959, 0.261375606, 0.261616468, 0.261772096, 0.261869967, 0.261979789, 0.261707753, 0.257891804, 0.257518053, 0.261883676, 0.25399676, 0.347889513, 0.34131971, 0.410049558, 1, 1, 1, 1, 1, 1, 1, 1, 1, 1, 1, 1, 1, 1, 1, 1, 1, 1, 1, 1, 1, 1, 1, 1, 1, 1, 1, 1, 1, 1, 1, 1, 0.999999821, 0.999999821, 0.999999821, 0.999988496, 0.992486835, 0.316759527, 0.256463617, 0.254246205, 0.254635692, 0.255447119, 0.256035656, 0.256330907, 0.256349742, 0.256121069, 0.255698264, 0.255182236, 0.254784077, 0.254838675, 0.256197989, 0.257732183, 0.258656919, 0.259399533, 0.260023922, 0.260548711, 0.260971159, 0.261292815, 0.261527449, 0.26169014, 0.261790037, 0.261790723, 0.265347242, 0.369019896, 0.337128431, 0.284234494, 0.354138404, 0.349550456, 0.420490295, 0.38382268, 1, 1, 1, 1, 1, 1, 1, 1, 1, 1, 1, 1, 1, 1, 1, 1, 1, 1, 1, 1, 1, 1, 1, 1, 1, 1, 1, 1, 1, 1, 1, 1, 0.999999821, 0.999999821, 0.999999702, 0.999863088, 0.93538332, 0.300898015, 0.258624732, 0.255202025, 0.255083889, 0.255850226, 0.256455839, 0.256797135, 0.256897002, 0.256778508, 0.256466627, 0.256043285, 0.255696416, 0.255673826, 0.256132782, 0.257516146, 0.258599818, 0.259364039, 0.259990722, 0.260501713, 0.260908723, 0.261222869, 0.26145795, 0.261625886, 0.261726528, 0.261727959, 0.333422571, 0.461548507, 0.444142342, 0.450894535, 0.54727757, 0.32402876, 0.463958949, 0.438544869, 0.993818164, 0.999329209, 1, 0.999758244, 0.999568105, 0.999996006, 0.999828279, 0.99996686, 0.999987781, 1, 0.999999881, 0.99999994, 1, 0.999999881, 0.999949634, 0.999999881, 0.999999881, 0.999999881, 1, 1, 1, 1, 1, 0.999998629, 1, 1, 0.999999642, 1, 1, 1, 1, 1, 0.999999821, 0.999999821, 0.999999821, 0.999976695, 0.98658514, 0.358587205, 0.265968442, 0.25739789, 0.255313814, 0.255972028, 0.256720573, 0.257261634, 0.257601827, 0.257737994, 0.257644266, 0.257341027, 0.256955028, 0.25669682, 0.256787717, 0.257374495, 0.258406758, 0.259318858, 0.259943336, 0.260444641, 0.260845006, 0.261158913, 0.261396557, 0.261567801, 0.261647373, 0.267675728, 0.261789709, 0.264048696, 0.27124536, 0.281401128, 0.375113845, 0.335166752, 0.334379256, 0.344301403, 0.34908101, 0.353848338, 0.354322135, 0.355628133, 0.360250354, 0.712991178, 0.596934199, 0.372649014, 0.376910001, 0.610336244, 0.863269746, 0.620686591, 0.544059277, 0.903232276, 0.999999821, 0.461899847, 0.439554155, 0.781933665, 1, 0.842827618, 0.361177146, 0.352822304, 0.345564038, 0.342501312, 0.311991632, 0.338878989, 0.337308258, 0.315071553, 1, 1, 1, 1, 1, 0.999999821, 0.999999821, 0.999999762, 0.999924004, 0.946351528, 0.299798161, 0.270039082, 0.256010711, 0.25547567, 0.256453663, 0.257284611, 0.257917345, 0.258395791, 0.258674026, 0.258718371, 0.258551657, 0.258257866, 0.25799489, 0.257985234, 0.25832817, 0.259011298, 0.259842098, 0.260356992, 0.260760486, 0.261074215, 0.261325717, 0.261459231, 0.261337429, 0.261211127, 0.261212379, 0.261219412, 0.261229306, 0.261229664, 0.261328965, 0.261530042, 0.261819482, 0.262250185, 0.261093348, 0.261091262, 0.254364401, 0.254365265, 0.254300117, 0.254191548, 0.25418815, 0.251102448, 0.251111239, 0.251115739, 0.251118869, 0.251120269, 0.25112322, 0.251124084, 0.251124591, 0.251125187, 0.251125544, 0.251125097, 0.251124769, 0.251124293, 0.251123786, 0.251123399, 0.251122981, 0.251122653, 0.251123309, 0.251123309, 0.251122892, 0.251123875, 1, 1, 1, 1, 1, 1, 0.999999821, 0.999999583, 0.999999821, 1, 0.999998152, 0.997122705, 0.296262294, 0.253107309, 0.254003584, 0.255430818, 0.256737083, 0.257702857, 0.258342803, 0.25880003, 0.25917688, 0.259492218, 0.259710521, 0.259826779, 0.2599397, 0.259998113, 0.259695202, 0.260290235, 0.260661423, 0.260976791, 0.261193573, 0.261221319, 0.26121515, 0.261210442, 0.261211723, 0.261218905, 0.261228919, 0.261228919, 0.261229366, 0.261320561, 0.261516362, 0.26180473, 0.262238413, 0.261066467, 0.261067122, 0.254150301, 0.254150242, 0.254070699, 0.253956765, 0.25394839, 0.250760168, 0.250761986, 0.250763118, 0.25076437, 0.250764638, 0.250764728, 0.250764728, 0.250764489, 0.250763893, 0.250763267, 0.250762582, 0.250761777, 0.250760913, 0.250759929, 0.250758827, 0.250757784, 0.250756532, 0.250755042, 0.25075382, 0.250753045] (
            interpolation = "uniform"
        )
        color3f[] primvars:displayColor = [(0, 0.234294996, 1), (0, 0.235923916, 1), (0, 0.243878722, 1), (0, 0.266209096, 1), (0, 0.30503422, 1), (0, 0.374840379, 1), (0, 1, 0.605047286), (0, 0.109168977, 1), (0, 0.0285930037, 1), (0, 0, 1), (0, 0.265117884, 1), (0, 0.296715677, 1), (0, 0.301001459, 1), (0, 0.303183883, 1), (0, 0.307153404, 1), (0, 0.311107069, 1), (0, 0.313162982, 1), (0, 0.312957406, 1), (0, 0.310933113, 1), (0, 0.307801783, 1), (0, 0.304243475, 1), (0, 0.300685167, 1), (0, 0.297332466, 1), (0, 0.294169515, 1), (0, 0.29102239, 1), (0, 0.287732929, 1), (0, 0.284237862, 1), (0, 0.280553043, 1), (0, 0.276773334, 1), (0, 0.273562938, 1), (0, 0.274258792, 1), (0, 0.275776982, 1), (0, 0.274163902, 1), (0, 0.269150645, 1), (0, 0.232555375, 1), (0, 0.232507944, 1), (0, 0.232507944, 1), (0, 0.232507944, 1), (0, 0.232507944, 1), (0, 0.232507944, 1), (0, 0.232507944, 1), (0, 0.232507944, 1), (0, 0.232507944, 1), (0, 0.232507944, 1), (0, 0.232523754, 1), (0, 0.232523754, 1), (0, 0.232523754, 1), (0, 0.232523754, 1), (0, 0.232523754, 1), (0, 0.232523754, 1), (0, 0.232523754, 1), (0, 0.232523754, 1), (0, 0.232523754, 1), (0, 0.232523754, 1), (0, 0.232523754, 1), (0, 0.232523754, 1), (0, 0.232523754, 1), (0, 0.232523754, 1), (0, 0.232523754, 1), (0, 0.232523754, 1), (0, 0.232523754, 1), (0, 0.232523754, 1), (0, 0.232523754, 1), (0, 0.232523754, 1), (0, 0.232523754, 1), (0, 0.232523754, 1), (0, 0.232523754, 1), (0, 0.232523754, 1), (0, 0.232523754, 1), (0, 0.232523754, 1), (0, 0.234658733, 1), (0, 0.238928705, 1), (0, 0.256546289, 1), (0, 0.298312962, 1), (0, 0.358851701, 1), (0, 0.418710381, 1), (0, 0.626025498, 1), (0, 0.877321303, 1), (0, 0.459733754, 1), (0, 0.468495101, 1), (0, 1, 0.960514605), (0, 0.357365102, 1), (0, 0.303784847, 1), (0, 0.291180521, 1), (0, 0.285218388, 1), (0, 0.281565189, 1), (0, 0.279098094, 1), (0, 0.277231961, 1), (0, 0.275776982, 1), (0, 0.27471742, 1), (0, 0.274163902, 1), (0, 0.274148077, 1), (0, 0.274701595, 1), (0, 0.275634676, 1), (0, 0.276599348, 1), (0, 0.277184516, 1), (0, 0.277057976, 1), (0, 0.276014209, 1), (0, 0.275017887, 1), (0, 0.275255114, 1), (0, 0.275207669, 1), (0, 0.274701595, 1), (0, 0.273926675, 1), (0, 0.270463258, 1), (0, 0.232413054, 1), (0, 0.231986046, 1), (0, 0.231590688, 1), (0, 0.231179506, 1), (0, 0.230799943, 1), (0, 0.230483651, 1), (0, 0.230230615, 1), (0, 0.230056658, 1), (0, 0.229930133, 1), (0, 0.229851067, 1), (0, 0.229803622, 1), (0, 0.229771987, 1), (0, 0.229756176, 1), (0, 0.229740366, 1), (0, 0.229740366, 1), (0, 0.229724541, 1), (0, 0.229724541, 1), (0, 0.229708731, 1), (0, 0.229708731, 1), (0, 0.229708731, 1), (0, 0.229708731, 1), (0, 0.229692921, 1), (0, 0.229692921, 1), (0, 0.229692921, 1), (0, 0.229692921, 1), (0, 0.229692921, 1), (0, 0.229692921, 1), (0, 0.229692921, 1), (0, 0.229692921, 1), (0, 0.229692921, 1), (0, 0.229692921, 1), (0, 0.229692921, 1), (0, 0.229692921, 1), (0, 0.229692921, 1), (0, 0.229692921, 1), (0, 0.229692921, 1), (0, 0.235465288, 1), (0, 0.245049, 1), (0, 0.278323174, 1), (0, 0.340870351, 1), (0, 0.408857822, 1), (0, 0.455511242, 1), (0, 0.470978022, 1), (0, 0.462833434, 1), (0, 0.456444293, 1), (0, 0.704434812, 1), (0.338015795, 1, 0), (0, 0.342957914, 1), (0, 0.27384761, 1), (0, 0.269118994, 1), (0, 0.2683599, 1), (0, 0.268249184, 1), (0, 0.268201739, 1), (0, 0.268170118, 1), (0, 0.268122673, 1), (0, 0.268154293, 1), (0, 0.26848641, 1), (0, 0.26926133, 1), (0, 0.270320922, 1), (0, 0.271712601, 1), (0, 0.273388982, 1), (0, 0.274669975, 1), (0, 0.275017887, 1), (0, 0.274970442, 1), (0, 0.275017887, 1), (0, 0.274938822, 1), (0, 0.274606705, 1), (0, 0.274195522, 1), (0, 0.273752719, 1), (0, 0.27232939, 1), (0, 0.233029827, 1), (0, 0.231843725, 1), (0, 0.231274396, 1), (0, 0.230657622, 1), (0, 0.230119914, 1), (0, 0.229677096, 1), (0, 0.229360804, 1), (0, 0.229171038, 1), (0, 0.229060322, 1), (0, 0.228997067, 1), (0, 0.228981256, 1), (0, 0.228965446, 1), (0, 0.228965446, 1), (0, 0.228965446, 1), (0, 0.228949621, 1), (0, 0.228949621, 1), (0, 0.228933811, 1), (0, 0.228933811, 1), (0, 0.228933811, 1), (0, 0.228918001, 1), (0, 0.228918001, 1), (0, 0.228918001, 1), (0, 0.228918001, 1), (0, 0.228902176, 1), (0, 0.228902176, 1), (0, 0.228902176, 1), (0, 0.228886366, 1), (0, 0.228886366, 1), (0, 0.228886366, 1), (0, 0.228870556, 1), (0, 0.228870556, 1), (0, 0.228870556, 1), (0, 0.228870556, 1), (0, 0.228870556, 1), (0, 0.228854731, 1), (0, 0.228854731, 1), (0, 0.237078384, 1), (0, 0.255629063, 1), (0, 0.308023214, 1), (0, 0.38439247, 1), (0, 0.447192699, 1), (0, 0.477351338, 1), (0, 0.475168914, 1), (0, 0.459797025, 1), (0, 0.457614601, 1), (1, 0.606114745, 0), (0, 0.800635755, 1), (0, 0.278006881, 1), (0, 0.267426819, 1), (0, 0.267790556, 1), (0, 0.268185943, 1), (0, 0.268344074, 1), (0, 0.268328279, 1), (0, 0.268154293, 1), (0, 0.267838001, 1), (0, 0.267521709, 1), (0, 0.267632425, 1), (0, 0.268692017, 1), (0, 0.270083696, 1), (0, 0.272281945, 1), (0, 0.273404777, 1), (0, 0.274069011, 1), (0, 0.274385303, 1), (0, 0.274527639, 1), (0, 0.274543434, 1), (0, 0.274416924, 1), (0, 0.274195522, 1), (0, 0.273926675, 1), (0, 0.273610383, 1), (0, 0.272598237, 1), (0, 0.236414164, 1), (0, 0.232523754, 1), (0, 0.231464162, 1), (0, 0.230752498, 1), (0, 0.230025023, 1), (0, 0.229550585, 1), (0, 0.229344994, 1), (0, 0.229329184, 1), (0, 0.229376629, 1), (0, 0.229408249, 1), (0, 0.229424074, 1), (0, 0.229455695, 1), (0, 0.22948733, 1), (0, 0.22951895, 1), (0, 0.229566395, 1), (0, 0.22959803, 1), (0, 0.229645476, 1), (0, 0.229677096, 1), (0, 0.229692921, 1), (0, 0.229724541, 1), (0, 0.229740366, 1), (0, 0.229756176, 1), (0, 0.229756176, 1), (0, 0.229771987, 1), (0, 0.229771987, 1), (0, 0.229771987, 1), (0, 0.229771987, 1), (0, 0.229771987, 1), (0, 0.229771987, 1), (0, 0.229771987, 1), (0, 0.229771987, 1), (0, 0.229771987, 1), (0, 0.229771987, 1), (0, 0.229771987, 1), (0, 0.229771987, 1), (0, 0.229771987, 1), (0, 0.239940852, 1), (0, 0.270447433, 1), (0, 0.338150233, 1), (0, 0.415579081, 1), (0, 0.467403889, 1), (0, 0.484088421, 1), (0, 0.472654372, 1), (0, 0.460461229, 1), (0, 0.470234722, 1), (1, 0, 0), (0, 0.350469887, 1), (0, 0.26845479, 1), (0, 0.268011957, 1), (0, 0.268565476, 1), (0, 0.268850148, 1), (0, 0.268945038, 1), (0, 0.268881768, 1), (0, 0.268660367, 1), (0, 0.268201739, 1), (0, 0.26758498, 1), (0, 0.267252862, 1), (0, 0.268201739, 1), (0, 0.270605594, 1), (0, 0.272313565, 1), (0, 0.273120135, 1), (0, 0.273642004, 1), (0, 0.273958296, 1), (0, 0.274116457, 1), (0, 0.274132252, 1), (0, 0.274069011, 1), (0, 0.2739425, 1), (0, 0.273768514, 1), (0, 0.273468047, 1), (0, 0.272107989, 1), (0, 0.241996765, 1), (0, 0.23502247, 1), (0, 0.232634455, 1), (0, 0.231464162, 1), (0, 0.230657622, 1), (0, 0.230088279, 1), (0, 0.229724541, 1), (0, 0.22948733, 1), (0, 0.229408249, 1), (0, 0.229424074, 1), (0, 0.229408249, 1), (0, 0.229392439, 1), (0, 0.229408249, 1), (0, 0.229455695, 1), (0, 0.229534775, 1), (0, 0.229629666, 1), (0, 0.229756176, 1), (0, 0.229898512, 1), (0, 0.230009213, 1), (0, 0.230119914, 1), (0, 0.230214804, 1), (0, 0.23029387, 1), (0, 0.23035714, 1), (0, 0.230404586, 1), (0, 0.230436206, 1), (0, 0.230467841, 1), (0, 0.230483651, 1), (0, 0.230483651, 1), (0, 0.230483651, 1), (0, 0.230483651, 1), (0, 0.230483651, 1), (0, 0.230467841, 1), (0, 0.230452031, 1), (0, 0.230452031, 1), (0, 0.230436206, 1), (0, 0.230436206, 1), (0, 0.243514985, 1), (0, 0.283352256, 1), (0, 0.355230123, 1), (0, 0.427803844, 1), (0, 0.474362373, 1), (0, 0.486112714, 1), (0, 0.474520504, 1), (0, 0.471832007, 1), (0, 1, 0.470131934), (0.221018553, 1, 0), (0, 0.297063589, 1), (0, 0.268438965, 1), (0, 0.268565476, 1), (0, 0.269071549, 1), (0, 0.269356221, 1), (0, 0.269530177, 1), (0, 0.269561827, 1), (0, 0.269419491, 1), (0, 0.269055754, 1), (0, 0.268549681, 1), (0, 0.268233389, 1), (0, 0.268644571, 1), (0, 0.270494878, 1), (0, 0.272107989, 1), (0, 0.272867084, 1), (0, 0.273357332, 1), (0, 0.273657829, 1), (0, 0.27381596, 1), (0, 0.27387923, 1), (0, 0.273863405, 1), (0, 0.273784339, 1), (0, 0.273642004, 1), (0, 0.273246646, 1), (0, 0.270052075, 1), (0, 0.247737512, 1), (0, 0.239134297, 1), (0, 0.235307142, 1), (0, 0.233314484, 1), (0, 0.232128382, 1), (0, 0.231353462, 1), (0, 0.230815768, 1), (0, 0.230452031, 1), (0, 0.230198994, 1), (0, 0.230025023, 1), (0, 0.229898512, 1), (0, 0.229803622, 1), (0, 0.229756176, 1), (0, 0.229740366, 1), (0, 0.229771987, 1), (0, 0.229851067, 1), (0, 0.229945958, 1), (0, 0.230072469, 1), (0, 0.230230615, 1), (0, 0.230436206, 1), (0, 0.230657622, 1), (0, 0.230894834, 1), (0, 0.23113206, 1), (0, 0.231353462, 1), (0, 0.231527418, 1), (0, 0.231638134, 1), (0, 0.231701389, 1), (0, 0.231701389, 1), (0, 0.231653944, 1), (0, 0.231543243, 1), (0, 0.231416717, 1), (0, 0.231258571, 1), (0, 0.231084615, 1), (0, 0.230926469, 1), (0, 0.230799943, 1), (0, 0.230705053, 1), (0, 0.244179189, 1), (0, 0.283573657, 1), (0, 0.352272779, 1), (0, 0.42475161, 1), (0, 0.47534287, 1), (0, 0.490445942, 1), (0, 0.48166877, 1), (0, 0.520715296, 1), (0.87729758, 1, 0), (0, 0.815248549, 1), (0, 0.278165013, 1), (0, 0.268992484, 1), (0, 0.268929213, 1), (0, 0.269466937, 1), (0, 0.269893914, 1), (0, 0.270241857, 1), (0, 0.270494878, 1), (0, 0.270573944, 1), (0, 0.270399988, 1), (0, 0.27003625, 1), (0, 0.269719958, 1), (0, 0.269799024, 1), (0, 0.270479053, 1), (0, 0.271854937, 1), (0, 0.272708952, 1), (0, 0.27316758, 1), (0, 0.273452222, 1), (0, 0.273626208, 1), (0, 0.273721069, 1), (0, 0.273736894, 1), (0, 0.273673654, 1), (0, 0.273483872, 1), (0, 0.272851288, 1), (0, 0.27161774, 1), (0, 0.253035426, 1), (0, 0.244036868, 1), (0, 0.239276633, 1), (0, 0.23652488, 1), (0, 0.234801069, 1), (0, 0.233678222, 1), (0, 0.232903302, 1), (0, 0.232349783, 1), (0, 0.231954426, 1), (0, 0.231653944, 1), (0, 0.231416717, 1), (0, 0.231226951, 1), (0, 0.231068805, 1), (0, 0.230958089, 1), (0, 0.230863214, 1), (0, 0.230784133, 1), (0, 0.230752498, 1), (0, 0.230752498, 1), (0, 0.230784133, 1), (0, 0.230863214, 1), (0, 0.230989724, 1), (0, 0.231179506, 1), (0, 0.231400907, 1), (0, 0.231685579, 1), (0, 0.232033491, 1), (0, 0.232413054, 1), (0, 0.232840046, 1), (0, 0.233282864, 1), (0, 0.233709857, 1), (0, 0.23413685, 1), (0, 0.234532222, 1), (0, 0.234880149, 1), (0, 0.235164806, 1), (0, 0.235370398, 1), (0, 0.235496923, 1), (0, 0.235528544, 1), (0, 0.24115859, 1), (0, 0.270573944, 1), (0, 0.328693032, 1), (0, 0.401867718, 1), (0, 0.46455726, 1), (0, 0.493814468, 1), (0, 0.492849767, 1), (0, 0.494984746, 1), (0, 1, 0.0187483449), (0, 1, 0.203812137), (0, 0.300511211, 1), (0, 0.271000952, 1), (0, 0.26916644, 1), (0, 0.269672513, 1), (0, 0.270320922, 1), (0, 0.270874441, 1), (0, 0.271317244, 1), (0, 0.27158609, 1), (0, 0.27161774, 1), (0, 0.271396309, 1), (0, 0.271064222, 1), (0, 0.270874441, 1), (0, 0.271032572, 1), (0, 0.271649361, 1), (0, 0.272471726, 1), (0, 0.273025244, 1), (0, 0.273325711, 1), (0, 0.273515493, 1), (0, 0.273610383, 1), (0, 0.273642004, 1), (0, 0.273562938, 1), (0, 0.273309886, 1), (0, 0.272550792, 1), (0, 0.271886587, 1), (0, 0.256214201, 1), (0, 0.248464987, 1), (0, 0.243752196, 1), (0, 0.240699962, 1), (0, 0.238659859, 1), (0, 0.23723653, 1), (0, 0.236224398, 1), (0, 0.235481098, 1), (0, 0.234927595, 1), (0, 0.234500587, 1), (0, 0.234152675, 1), (0, 0.233883813, 1), (0, 0.233662412, 1), (0, 0.233488455, 1), (0, 0.23334612, 1), (0, 0.233203784, 1), (0, 0.233093083, 1), (0, 0.233014002, 1), (0, 0.232966557, 1), (0, 0.232934937, 1), (0, 0.232919127, 1), (0, 0.232934937, 1), (0, 0.232998192, 1), (0, 0.233077273, 1), (0, 0.233187973, 1), (0, 0.23336193, 1), (0, 0.233599156, 1), (0, 0.233883813, 1), (0, 0.23421593, 1), (0, 0.234611288, 1), (0, 0.235054106, 1), (0, 0.235560179, 1), (0, 0.236097872, 1), (0, 0.236667201, 1), (0, 0.237268165, 1), (0, 0.237853304, 1), (0, 0.236888617, 1), (0, 0.250789762, 1), (0, 0.285961688, 1), (0, 0.346089214, 1), (0, 0.420307666, 1), (0, 0.482728362, 1), (0, 0.513646126, 1), (0, 0.514721513, 1), (0, 0.529682219, 1), (0.720494688, 1, 0), (0, 0.938729823, 1), (0, 0.346832514, 1), (0, 0.271886587, 1), (0, 0.269308776, 1), (0, 0.270178586, 1), (0, 0.270906061, 1), (0, 0.2714912, 1), (0, 0.271981478, 1), (0, 0.27232939, 1), (0, 0.272424281, 1), (0, 0.272313565, 1), (0, 0.272092164, 1), (0, 0.271902382, 1), (0, 0.271981478, 1), (0, 0.272313565, 1), (0, 0.272788018, 1), (0, 0.273230821, 1), (0, 0.273436427, 1), (0, 0.273547113, 1), (0, 0.273562938, 1), (0, 0.273452222, 1), (0, 0.273215026, 1), (0, 0.272851288, 1), (0, 0.272487521, 1), (0, 0.268771082, 1), (0, 0.259677619, 1), (0, 0.253098696, 1), (0, 0.248844534, 1), (0, 0.245997891, 1), (0, 0.244036868, 1), (0, 0.242629349, 1), (0, 0.241601393, 1), (0, 0.240842298, 1), (0, 0.240272969, 1), (0, 0.239830151, 1), (0, 0.239482224, 1), (0, 0.239229187, 1), (0, 0.239007786, 1), (0, 0.23883383, 1), (0, 0.238691494, 1), (0, 0.238580793, 1), (0, 0.238485903, 1), (0, 0.238406822, 1), (0, 0.238343567, 1), (0, 0.238296121, 1), (0, 0.238264486, 1), (0, 0.238264486, 1), (0, 0.238264486, 1), (0, 0.238296121, 1), (0, 0.238359377, 1), (0, 0.238438457, 1), (0, 0.238533348, 1), (0, 0.238675669, 1), (0, 0.23884964, 1), (0, 0.239055231, 1), (0, 0.239308268, 1), (0, 0.23960875, 1), (0, 0.239972487, 1), (0, 0.24039948, 1), (0, 0.240873918, 1), (0, 0.234405696, 1), (0, 0.236240208, 1), (0, 0.24280332, 1), (0, 0.261733532, 1), (0, 0.307849228, 1), (0, 0.397850782, 1), (0, 0.529365957, 1), (0, 0.651740193, 1), (0, 0.678008437, 1), (0, 0.638297677, 1), (0, 0.40841502, 1), (0, 0.97409153, 1), (0.802541435, 1, 0), (0, 0.305239797, 1), (0, 0.268818527, 1), (0, 0.269625068, 1), (0, 0.270384192, 1), (0, 0.27084282, 1), (0, 0.271285623, 1), (0, 0.271744251, 1), (0, 0.272202879, 1), (0, 0.272566617, 1), (0, 0.272772193, 1), (0, 0.272851288, 1), (0, 0.272898704, 1), (0, 0.272993594, 1), (0, 0.27313593, 1), (0, 0.273404777, 1), (0, 0.273515493, 1), (0, 0.273515493, 1), (0, 0.273388982, 1), (0, 0.273199201, 1), (0, 0.273009419, 1), (0, 0.272835463, 1), (0, 0.272598237, 1), (0, 0.271696806, 1), (0, 0.269704133, 1), (0, 0.267252862, 1), (0, 0.264928102, 1), (0, 0.2629987, 1), (0, 0.26148048, 1), (0, 0.260310203, 1), (0, 0.259424567, 1), (0, 0.258760363, 1), (0, 0.25825429, 1), (0, 0.257874727, 1), (0, 0.25757426, 1), (0, 0.257337034, 1), (0, 0.257147253, 1), (0, 0.256989121, 1), (0, 0.256846786, 1), (0, 0.256720275, 1), (0, 0.256593734, 1), (0, 0.256467223, 1), (0, 0.256340712, 1), (0, 0.256198376, 1), (0, 0.256056041, 1), (0, 0.255897909, 1), (0, 0.255708128, 1), (0, 0.255502522, 1), (0, 0.255281121, 1), (0, 0.255059719, 1), (0, 0.254838318, 1), (0, 0.254632711, 1), (0, 0.25444296, 1), (0, 0.254268974, 1), (0, 0.254142463, 1), (0, 0.254047573, 1), (0, 0.254000127, 1), (0, 0.254000127, 1)] (
            interpolation = "uniform"
        )
        }
    }
}
