#usda 1.0
(
    defaultPrim = "World"
)

over "World" (
    references = @../mesh.usda@</World>
)
{
    over "CFD"
    {
        over "Mesh"
        {
        custom string cfd:sourceFile = "ENTIRE_DOMAIN_0003.vtu"
        custom string cfd:colorField = "Gas_temperature"
        custom float cfd:colorMinimum = 1069.25366
        custom float cfd:colorMaximum = 1074.02747
        custom double cfd:timeSeconds = 3
        float[] primvars:EP_G = [0.390916675, 0.391086102, 0.391294569, 0.391565859, 0.391993672, 0.393185705, 0.552499354, 0.680717766, 0.695521772, 0.710010231, 0.613526762, 0.524741888, 0.46724984, 0.438493192, 0.414850563, 0.405403227, 0.401285857, 0.398986191, 0.397985935, 0.397144526, 0.393242955, 0.39338249, 0.393259674, 0.393104225, 0.392992616, 0.644933283, 1, 1, 1, 1, 1, 1, 1, 1, 1, 1, 1, 1, 1, 1, 1, 1, 1, 1, 1, 1, 1, 1, 1, 1, 1, 1, 1, 1, 1, 1, 1, 1, 1, 1, 1, 1, 1, 1, 1, 1, 1, 1, 1, 1, 0.390890568, 0.391052991, 0.391248077, 0.391493618, 0.39182502, 0.392399937, 0.393815994, 0.43016389, 0.504435599, 0.529581368, 0.48689273, 0.452370048, 0.432277083, 0.4176687, 0.404672176, 0.39891696, 0.397302151, 0.396664917, 0.396324068, 0.395052791, 0.393600583, 0.393419623, 0.393256158, 0.393115789, 0.39300555, 0.612624645, 1, 1, 1, 1, 1, 1, 1, 1, 1, 1, 1, 1, 1, 1, 1, 1, 1, 1, 1, 1, 1, 1, 1, 1, 1, 1, 1, 1, 1, 1, 1, 1, 1, 1, 1, 1, 1, 1, 1, 1, 1, 1, 1, 1, 0.390849143, 0.391001433, 0.39117831, 0.391390115, 0.391654521, 0.392008007, 0.392570555, 0.393140763, 0.394142151, 0.400788754, 0.407944202, 0.404594392, 0.399031997, 0.395631313, 0.394489765, 0.394190699, 0.394095361, 0.394092321, 0.394041479, 0.393832892, 0.393598646, 0.393428057, 0.393272877, 0.393116862, 0.392955869, 0.610414743, 1, 1, 1, 1, 1, 1, 1, 1, 1, 1, 1, 1, 1, 1, 1, 1, 1, 1, 1, 1, 1, 1, 1, 1, 1, 1, 1, 1, 1, 1, 1, 1, 1, 1, 1, 1, 1, 1, 1, 1, 1, 1, 1, 1, 0.390800148, 0.390941918, 0.391100854, 0.391282499, 0.391493589, 0.391743511, 0.392046511, 0.392399132, 0.392795503, 0.393152177, 0.393418878, 0.393628716, 0.393795878, 0.393913895, 0.393868119, 0.393737555, 0.393648922, 0.39355582, 0.393446982, 0.393337101, 0.393280119, 0.393249989, 0.393180102, 0.393062383, 0.392912269, 0.613447487, 1, 1, 1, 1, 1, 1, 1, 1, 1, 1, 1, 1, 1, 1, 1, 1, 1, 1, 1, 1, 1, 1, 1, 1, 1, 1, 1, 1, 1, 1, 1, 1, 1, 1, 1, 1, 1, 1, 1, 1, 1, 1, 1, 1, 0.390750676, 0.390882671, 0.391027123, 0.391185701, 0.391361386, 0.391555965, 0.391769826, 0.391998202, 0.392231077, 0.392451525, 0.392647564, 0.39282161, 0.392970592, 0.39309454, 0.393175095, 0.393213332, 0.393234581, 0.393239677, 0.393223017, 0.393191844, 0.393146545, 0.393092752, 0.393038124, 0.392967105, 0.392864972, 0.619187295, 1, 1, 1, 1, 1, 1, 1, 1, 1, 1, 1, 1, 1, 1, 1, 1, 1, 1, 1, 1, 1, 1, 1, 1, 1, 1, 1, 1, 1, 1, 1, 1, 1, 1, 1, 1, 1, 1, 1, 1, 1, 1, 1, 1, 0.390704989, 0.390830189, 0.390962422, 0.391105533, 0.39125827, 0.391421556, 0.391593933, 0.391772449, 0.391952127, 0.392126739, 0.392290741, 0.392441005, 0.392575711, 0.392694354, 0.392796785, 0.392885029, 0.39296037, 0.39301765, 0.393050224, 0.393053979, 0.393026084, 0.392975211, 0.392923445, 0.392879367, 0.392823935, 0.624839067, 1, 1, 1, 1, 1, 1, 1, 1, 1, 1, 1, 1, 1, 1, 1, 1, 1, 1, 1, 1, 1, 1, 1, 1, 1, 1, 1, 1, 1, 1, 1, 1, 1, 1, 1, 1, 1, 1, 1, 1, 1, 1, 1, 1, 0.390667439, 0.390784711, 0.390911251, 0.391042024, 0.391181082, 0.39132598, 0.391476303, 0.391629994, 0.391784489, 0.391936779, 0.392083794, 0.392222852, 0.392351985, 0.392470479, 0.392578959, 0.392678946, 0.392770052, 0.392847508, 0.39290306, 0.39292866, 0.39292109, 0.392888516, 0.392850071, 0.39282313, 0.392800838, 0.63038826, 1, 1, 1, 1, 1, 1, 1, 1, 1, 1, 1, 1, 1, 1, 1, 1, 1, 1, 1, 1, 1, 1, 1, 1, 1, 1, 1, 1, 1, 1, 1, 1, 1, 1, 1, 1, 1, 1, 1, 1, 1, 1, 1, 1, 0.390636474, 0.39075321, 0.390870005, 0.390996367, 0.391125351, 0.391259819, 0.391397655, 0.391537964, 0.391679108, 0.391819239, 0.39195627, 0.392088085, 0.392212749, 0.392329216, 0.392437756, 0.392539412, 0.392634124, 0.392718524, 0.392785221, 0.392825723, 0.392836541, 0.392824769, 0.392805845, 0.392796934, 0.392802328, 0.637042642, 1, 1, 1, 1, 1, 1, 1, 1, 1, 1, 1, 1, 1, 1, 1, 1, 1, 1, 1, 1, 1, 1, 1, 1, 1, 1, 1, 1, 1, 1, 1, 1, 1, 1, 1, 1, 1, 1, 1, 1, 1, 1, 1, 1, 0.3906174, 0.390726864, 0.390845448, 0.390963912, 0.391089022, 0.391216636, 0.391347468, 0.391480148, 0.391613662, 0.39174661, 0.391877323, 0.392003924, 0.392124534, 0.392238051, 0.392344415, 0.392444521, 0.392538697, 0.392624795, 0.392696857, 0.392747134, 0.392772019, 0.392777503, 0.392776757, 0.392787158, 0.39282614, 0.646748662, 1, 1, 1, 1, 1, 1, 1, 1, 1, 1, 1, 1, 1, 1, 1, 1, 1, 1, 1, 1, 1, 1, 1, 1, 1, 1, 1, 1, 1, 1, 1, 1, 1, 1, 1, 1, 1, 1, 1, 1, 1, 1, 1, 1, 0.390604943, 0.390716165, 0.390828937, 0.390947521, 0.391068488, 0.391192973, 0.391319722, 0.391448081, 0.391577035, 0.391705483, 0.391831875, 0.391954482, 0.392071605, 0.392182112, 0.392285913, 0.392383844, 0.392476529, 0.392562598, 0.392637074, 0.392692745, 0.392725468, 0.392739594, 0.392746061, 0.39275977, 0.392796129, 0.681037664, 1, 1, 1, 1, 1, 1, 1, 1, 1, 1, 1, 1, 1, 1, 1, 1, 1, 1, 1, 1, 1, 1, 1, 1, 1, 1, 1, 1, 1, 1, 1, 1, 1, 1, 1, 1, 1, 1, 1, 1, 1, 1, 1, 1] (
            interpolation = "uniform"
        )
        float[] primvars:P_G = [129579.375, 128969.781, 128374.234, 127816.867, 127412.812, 126635.125, 126978.398, 126261.922, 125678.289, 125105.664, 123442.172, 122578.164, 121424.75, 120020.078, 118478.758, 116854.844, 115223.508, 113618.281, 112046.062, 110505.109, 108936.062, 107323.188, 105701.938, 104069.453, 102411, 101505.609, 101337.297, 101337.125, 101336.828, 101336.539, 101336.25, 101335.969, 101335.68, 101335.398, 101335.109, 101334.828, 101334.547, 101334.258, 101333.977, 101333.695, 101333.414, 101333.133, 101332.852, 101332.562, 101332.281, 101332, 101331.719, 101331.438, 101331.156, 101330.875, 101330.602, 101330.32, 101330.039, 101329.758, 101329.477, 101329.195, 101328.914, 101328.633, 101328.359, 101328.078, 101327.797, 101327.516, 101327.234, 101326.953, 101326.68, 101326.398, 101326.117, 101325.836, 101325.562, 101325.281, 129515.477, 128902.883, 128301.18, 127720.562, 127191.102, 126709.016, 126035.086, 125252.344, 124531.609, 123892.438, 123218.727, 122280.227, 121072.688, 119689.273, 118194.492, 116631.203, 115054.656, 113493.766, 111954.977, 110430.523, 108867.539, 107279.211, 105683.109, 104078.312, 102464.133, 101540.266, 101337.258, 101337.109, 101336.82, 101336.539, 101336.25, 101335.961, 101335.68, 101335.391, 101335.109, 101334.828, 101334.539, 101334.258, 101333.977, 101333.695, 101333.414, 101333.133, 101332.852, 101332.562, 101332.281, 101332, 101331.719, 101331.438, 101331.156, 101330.875, 101330.602, 101330.32, 101330.039, 101329.758, 101329.477, 101329.195, 101328.914, 101328.633, 101328.359, 101328.078, 101327.797, 101327.516, 101327.234, 101326.953, 101326.68, 101326.398, 101326.117, 101325.836, 101325.562, 101325.281, 129395.062, 128776.039, 128161.461, 127555.617, 126971.523, 126474.297, 125882.242, 125259.391, 124554.516, 123761.5, 122863.633, 121807.25, 120582.742, 119218.797, 117771.859, 116286.992, 114790.203, 113294.016, 111797.102, 110287.695, 108756, 107205.312, 105640.391, 104062, 102470.438, 101548.086, 101337.242, 101337.102, 101336.82, 101336.531, 101336.25, 101335.961, 101335.68, 101335.391, 101335.109, 101334.828, 101334.539, 101334.258, 101333.977, 101333.695, 101333.414, 101333.133, 101332.844, 101332.562, 101332.281, 101332, 101331.719, 101331.438, 101331.156, 101330.875, 101330.602, 101330.32, 101330.039, 101329.758, 101329.477, 101329.195, 101328.914, 101328.633, 101328.359, 101328.078, 101327.797, 101327.516, 101327.234, 101326.953, 101326.68, 101326.398, 101326.117, 101325.836, 101325.562, 101325.281, 129233.367, 128605.719, 127973.938, 127339.586, 126704.938, 126075.781, 125470.008, 124771.391, 124018.469, 123177.398, 122223.586, 121140.477, 119937.562, 118643.359, 117285.18, 115888.031, 114465.391, 113026.32, 111573.734, 110105.969, 108618.383, 107108.391, 105576.367, 104023.57, 102451.578, 101543.289, 101337.242, 101337.102, 101336.812, 101336.531, 101336.242, 101335.961, 101335.672, 101335.391, 101335.109, 101334.82, 101334.539, 101334.258, 101333.977, 101333.695, 101333.414, 101333.133, 101332.844, 101332.562, 101332.281, 101332, 101331.719, 101331.438, 101331.156, 101330.875, 101330.602, 101330.32, 101330.039, 101329.758, 101329.477, 101329.195, 101328.914, 101328.633, 101328.359, 101328.078, 101327.797, 101327.516, 101327.234, 101326.953, 101326.68, 101326.398, 101326.117, 101325.836, 101325.562, 101325.281, 129050.258, 128413.664, 127764.391, 127102.797, 126426.992, 125735.266, 125023.594, 124271.062, 123457.508, 122568.203, 121590.125, 120519.094, 119362.883, 118135.133, 116850.867, 115523.625, 114162.781, 112774.961, 111364.445, 109932.633, 108478.68, 107001.453, 105499.453, 103972, 102420.477, 101533.477, 101337.242, 101337.094, 101336.805, 101336.523, 101336.242, 101335.953, 101335.672, 101335.391, 101335.102, 101334.82, 101334.539, 101334.258, 101333.977, 101333.695, 101333.414, 101333.125, 101332.844, 101332.562, 101332.281, 101332, 101331.719, 101331.438, 101331.156, 101330.875, 101330.602, 101330.32, 101330.039, 101329.758, 101329.477, 101329.195, 101328.914, 101328.633, 101328.359, 101328.078, 101327.797, 101327.516, 101327.234, 101326.953, 101326.68, 101326.398, 101326.117, 101325.836, 101325.562, 101325.281, 128866, 128221.523, 127557.195, 126873.047, 126166.234, 125432.922, 124668.008, 123861.797, 123003.492, 122083.906, 121096.297, 120038.773, 118914.859, 117731.414, 116496.453, 115217.711, 113901.703, 112553.766, 111177.922, 109776.469, 108350.055, 106898.398, 105420.703, 103916.391, 102386.516, 101522.938, 101337.234, 101337.086, 101336.797, 101336.516, 101336.234, 101335.953, 101335.672, 101335.383, 101335.102, 101334.82, 101334.539, 101334.258, 101333.977, 101333.695, 101333.406, 101333.125, 101332.844, 101332.562, 101332.281, 101332, 101331.719, 101331.438, 101331.156, 101330.875, 101330.602, 101330.32, 101330.039, 101329.758, 101329.477, 101329.195, 101328.914, 101328.633, 101328.359, 101328.078, 101327.797, 101327.516, 101327.234, 101326.953, 101326.68, 101326.398, 101326.117, 101325.836, 101325.562, 101325.281, 128698.336, 128047.625, 127371.75, 126670.75, 125941.984, 125181.891, 124386.055, 123548.891, 122664.508, 121727.758, 120735.094, 119685.461, 118580.445, 117423.602, 116219.555, 114973.125, 113688.836, 112370.648, 111021.766, 109644.32, 108239.32, 106807.062, 105347.867, 103862.484, 102352.648, 101512.312, 101337.234, 101337.07, 101336.789, 101336.508, 101336.227, 101335.945, 101335.664, 101335.383, 101335.102, 101334.82, 101334.539, 101334.258, 101333.977, 101333.688, 101333.406, 101333.125, 101332.844, 101332.562, 101332.281, 101332, 101331.719, 101331.438, 101331.156, 101330.875, 101330.594, 101330.32, 101330.039, 101329.758, 101329.477, 101329.195, 101328.914, 101328.633, 101328.359, 101328.078, 101327.797, 101327.516, 101327.234, 101326.953, 101326.68, 101326.398, 101326.117, 101325.836, 101325.562, 101325.281, 128561.141, 127906.023, 127222.016, 126509.5, 125766.164, 124989.195, 124175.25, 123320.664, 122421.844, 121475.75, 120480.359, 119435.102, 118340.891, 117199.906, 116015.125, 114789.812, 113527.125, 112229.883, 110900.414, 109540.32, 108150.547, 106731.75, 105285.094, 103812.562, 102317.438, 101500.086, 101337.227, 101337.062, 101336.789, 101336.508, 101336.227, 101335.945, 101335.664, 101335.383, 101335.102, 101334.82, 101334.539, 101334.258, 101333.969, 101333.688, 101333.406, 101333.125, 101332.844, 101332.562, 101332.281, 101332, 101331.719, 101331.438, 101331.156, 101330.875, 101330.594, 101330.32, 101330.039, 101329.758, 101329.477, 101329.195, 101328.914, 101328.633, 101328.359, 101328.078, 101327.797, 101327.516, 101327.234, 101326.953, 101326.68, 101326.398, 101326.117, 101325.836, 101325.562, 101325.281, 128464.43, 127806.438, 127117.438, 126397.805, 125645.711, 124858.828, 124034.625, 123170.461, 122263.844, 121312.766, 120315.969, 119273.133, 118184.977, 117053.102, 115879.688, 114667.156, 113417.836, 112133.781, 110816.609, 109467.43, 108086.898, 106675.656, 105234.859, 103766.633, 102275.625, 101482.359, 101337.234, 101337.062, 101336.781, 101336.5, 101336.227, 101335.945, 101335.664, 101335.383, 101335.102, 101334.82, 101334.531, 101334.25, 101333.969, 101333.688, 101333.406, 101333.125, 101332.844, 101332.562, 101332.281, 101332, 101331.719, 101331.438, 101331.156, 101330.875, 101330.594, 101330.32, 101330.039, 101329.758, 101329.477, 101329.195, 101328.914, 101328.633, 101328.359, 101328.078, 101327.797, 101327.516, 101327.234, 101326.953, 101326.68, 101326.398, 101326.117, 101325.836, 101325.562, 101325.281, 128414.492, 127755.156, 127063.695, 126340.703, 125584.461, 124792.984, 123964.078, 123095.562, 122185.438, 121232.125, 120234.664, 119192.875, 118107.422, 116979.672, 115811.477, 114604.883, 113361.836, 112084.008, 110772.633, 109428.484, 108051.93, 106643.156, 105202.117, 103727.586, 102214.836, 101452.164, 101337.266, 101337.062, 101336.781, 101336.5, 101336.219, 101335.945, 101335.664, 101335.383, 101335.102, 101334.812, 101334.531, 101334.25, 101333.969, 101333.688, 101333.406, 101333.125, 101332.844, 101332.562, 101332.281, 101332, 101331.719, 101331.438, 101331.156, 101330.875, 101330.594, 101330.32, 101330.039, 101329.758, 101329.477, 101329.195, 101328.914, 101328.633, 101328.359, 101328.078, 101327.797, 101327.516, 101327.234, 101326.953, 101326.68, 101326.398, 101326.117, 101325.836, 101325.562, 101325.281] (
            interpolation = "uniform"
        )
        vector3f[] primvars:Gas_Velocity = [(0.0442759618, 0.480639577, 0), (0.0475218743, 0.461830288, 0), (0.0544589907, 0.440124214, 0), (0.0643367171, 0.424645364, 0), (0.0667325482, 0.450190663, 0), (0.028356323, 0.559191644, 0), (0.164853781, 1.56808138, 0), (0.331513315, 1.94942641, 0), (0.685286283, 2.31929421, 0), (0.904853702, 2.5095253, 0), (0.788474441, 2.30871511, 0), (0.644643366, 2.14853525, 0), (0.494582683, 2.01459193, 0), (0.367295593, 1.88985515, 0), (0.281131566, 1.80575967, 0), (0.214022905, 1.72750664, 0), (0.163681492, 1.65825319, 0), (0.122673489, 1.60251522, 0), (0.0907176137, 1.55818641, 0), (0.0704922453, 1.54027665, 0), (0.0641949177, 1.53686178, 0), (0.0496234186, 1.52431357, 0), (0.0280680023, 1.52173853, 0), (-0.000663962914, 1.53868568, 0), (-0.0481462777, 1.58894372, 0), (-0.0812960938, 1.31750202, 0), (0.00191149255, 0.849889576, 0), (0.00815233588, 0.844505966, 0), (0.00714579923, 0.839793801, 0), (0.00593002792, 0.835891485, 0), (0.00501337647, 0.83259958, 0), (0.00426157704, 0.829808116, 0), (0.00361315254, 0.82744813, 0), (0.00304837618, 0.825463831, 0), (0.00255789398, 0.82380569, 0), (0.00213499833, 0.822428524, 0), (0.00177354505, 0.821291447, 0), (0.00146725937, 0.820357561, 0), (0.00120971026, 0.819594443, 0), (0.000994547969, 0.81897372, 0), (0.000815758482, 0.818471193, 0), (0.000667840533, 0.818066239, 0), (0.000545895949, 0.817741513, 0), (0.000445651385, 0.817482471, 0), (0.000363436091, 0.817277133, 0), (0.000296133803, 0.817115545, 0), (0.000241123227, 0.816989422, 0), (0.000196214591, 0.816892028, 0), (0.000159588919, 0.81681788, 0), (0.000129741835, 0.816762447, 0), (0.000105433166, 0.816721916, 0), (8.5643187e-05, 0.816693366, 0), (6.95347408e-05, 0.816674232, 0), (5.64211223e-05, 0.81666255, 0), (4.57386959e-05, 0.816656649, 0), (3.70236776e-05, 0.816655278, 0), (2.98921132e-05, 0.816657305, 0), (2.40221943e-05, 0.816661894, 0), (1.91376912e-05, 0.816668391, 0), (1.49909156e-05, 0.816676259, 0), (1.13424712e-05, 0.8166852, 0), (7.93267827e-06, 0.816694975, 0), (4.43418958e-06, 0.816705704, 0), (3.62662121e-07, 0.816717744, 0), (-5.10754853e-06, 0.816731989, 0), (-1.35530054e-05, 0.816750467, 0), (-2.82738383e-05, 0.816777289, 0), (-5.67953721e-05, 0.816821754, 0), (-0.00011819433, 0.816905677, 0), (-0.000267524156, 0.81708771, 0), (0.091031462, 0.47870025, 0), (0.0970691964, 0.457848758, 0), (0.109968193, 0.434092104, 0), (0.130522192, 0.408035606, 0), (0.159201071, 0.385940939, 0), (0.197053581, 0.356017858, 0), (0.262661666, 0.490984887, 0), (0.321970552, 0.768612564, 0), (0.401536882, 1.03248847, 0), (0.636613369, 1.29691291, 0), (0.725723267, 1.50785673, 0), (0.675517023, 1.6340133, 0), (0.580950379, 1.68312895, 0), (0.487884223, 1.69032252, 0), (0.400253952, 1.68463755, 0), (0.320270181, 1.667472, 0), (0.250974536, 1.64320505, 0), (0.194223866, 1.61791551, 0), (0.152255744, 1.59407592, 0), (0.125929251, 1.59351563, 0), (0.0966946408, 1.59876525, 0), (0.0707349554, 1.60213447, 0), (0.0449368879, 1.6075685, 0), (0.018949613, 1.61198723, 0), (-0.00555264344, 1.60111451, 0), (-0.0148018915, 1.35614133, 0), (-0.000714815513, 0.834273815, 0), (0.00344754755, 0.837462246, 0), (0.00753560103, 0.837254763, 0), (0.00917791668, 0.835141301, 0), (0.00902583636, 0.832517326, 0), (0.00810551271, 0.830004871, 0), (0.00699632987, 0.827798843, 0), (0.00592720276, 0.825928152, 0), (0.00496965181, 0.82436794, 0), (0.00413837656, 0.82307905, 0), (0.00342881586, 0.822021306, 0), (0.00282982178, 0.821157694, 0), (0.0023282289, 0.82045579, 0), (0.00191078277, 0.819887757, 0), (0.00156504044, 0.819429934, 0), (0.00127977843, 0.81906265, 0), (0.00104513415, 0.818769336, 0), (0.000852597936, 0.81853646, 0), (0.000694924442, 0.818352759, 0), (0.000566006347, 0.818208992, 0), (0.000460734649, 0.818097532, 0), (0.000374860974, 0.818012178, 0), (0.000304868881, 0.817947805, 0), (0.000247858232, 0.81790036, 0), (0.000201443996, 0.817866385, 0), (0.000163668752, 0.81784308, 0), (0.000132928384, 0.817828298, 0), (0.00010790908, 0.817820132, 0), (8.75343758e-05, 0.817817092, 0), (7.09204833e-05, 0.817817926, 0), (5.73383149e-05, 0.817821801, 0), (4.61806703e-05, 0.817827761, 0), (3.69327608e-05, 0.817835271, 0), (2.91442357e-05, 0.817843854, 0), (2.24001105e-05, 0.817853093, 0), (1.62872384e-05, 0.817862689, 0), (1.03515222e-05, 0.817872524, 0), (4.0396917e-06, 0.817882419, 0), (-3.37958363e-06, 0.817892194, 0), (-1.29060445e-05, 0.817901254, 0), (-2.58335513e-05, 0.817907691, 0), (-4.3371012e-05, 0.817905307, 0), (-6.44593383e-05, 0.81787467, 0), (-7.6231081e-05, 0.817750812, 0), (0.125499144, 0.486498266, 0), (0.132904604, 0.473764747, 0), (0.148689821, 0.459801972, 0), (0.173781395, 0.444777161, 0), (0.210472465, 0.433233649, 0), (0.261208206, 0.42923674, 0), (0.333456218, 0.465859085, 0), (0.422033131, 0.524523497, 0), (0.507469356, 0.639346063, 0), (0.569562972, 0.88528502, 0), (0.608355999, 1.10263312, 0), (0.609330773, 1.27353561, 0), (0.569284737, 1.3961246, 0), (0.498368174, 1.47068346, 0), (0.419243544, 1.51319945, 0), (0.346538246, 1.53396058, 0), (0.283240557, 1.54182804, 0), (0.230065584, 1.54505455, 0), (0.186325952, 1.55067897, 0), (0.148219272, 1.56136608, 0), (0.11323113, 1.57148957, 0), (0.083336845, 1.58147633, 0), (0.0573958643, 1.59090424, 0), (0.0353895612, 1.59776473, 0), (0.0194562171, 1.59837389, 0), (0.0144887455, 1.39195597, 0), (0.00698819757, 0.846355617, 0), (0.0104846274, 0.841715634, 0), (0.0139037464, 0.837522149, 0), (0.0147424079, 0.833863676, 0), (0.0137175331, 0.830786347, 0), (0.0119863218, 0.828248799, 0), (0.0101800887, 0.826175094, 0), (0.00852927472, 0.824488401, 0), (0.0070916838, 0.823120832, 0), (0.00586639391, 0.822015047, 0), (0.00483455835, 0.821123123, 0), (0.00397261325, 0.820405602, 0), (0.00325683621, 0.819829881, 0), (0.00266512553, 0.819369376, 0), (0.00217770226, 0.819002211, 0), (0.00177730492, 0.818710804, 0), (0.00144912617, 0.81848067, 0), (0.00118061842, 0.818300068, 0), (0.000961246726, 0.818159521, 0), (0.000782226154, 0.818051159, 0), (0.000636270852, 0.817968786, 0), (0.000517362903, 0.817907214, 0), (0.000420548458, 0.817862391, 0), (0.000341759645, 0.817830801, 0), (0.000277662999, 0.817809761, 0), (0.000225530865, 0.817797065, 0), (0.000183133656, 0.817790806, 0), (0.000148649677, 0.817789614, 0), (0.000120590121, 0.817792177, 0), (9.77365489e-05, 0.817797601, 0), (7.90886188e-05, 0.817805052, 0), (6.38199563e-05, 0.817813933, 0), (5.12402148e-05, 0.817823648, 0), (4.07617626e-05, 0.817833781, 0), (3.18694911e-05, 0.817843914, 0), (2.40931186e-05, 0.817853808, 0), (1.69828745e-05, 0.817863107, 0), (1.00936195e-05, 0.817871332, 0), (2.99173939e-06, 0.817877948, 0), (-4.68007738e-06, 0.817881882, 0), (-1.30032849e-05, 0.817881346, 0), (-2.12984451e-05, 0.81787318, 0), (-2.71083536e-05, 0.817853391, 0), (-2.45261181e-05, 0.817822635, 0), (0.143095717, 0.497391105, 0), (0.150429562, 0.495733559, 0), (0.16600427, 0.494621307, 0), (0.190154493, 0.494914532, 0), (0.224357739, 0.499556512, 0), (0.270079404, 0.516406059, 0), (0.326864034, 0.557873845, 0), (0.389719456, 0.633472264, 0), (0.446628392, 0.736301899, 0), (0.49031198, 0.860910833, 0), (0.515572906, 0.999941766, 0), (0.50822109, 1.132213, 0), (0.47389254, 1.245188, 0), (0.422847062, 1.33169162, 0), (0.367368788, 1.39091802, 0), (0.313345641, 1.43177938, 0), (0.262566805, 1.45964074, 0), (0.217304617, 1.47986758, 0), (0.178102642, 1.49697459, 0), (0.144244939, 1.5140363, 0), (0.114364952, 1.53086352, 0), (0.0876775905, 1.54686928, 0), (0.0640710816, 1.56126332, 0), (0.0444799773, 1.57339513, 0), (0.0310203023, 1.58285868, 0), (0.0266158748, 1.3814466, 0), (0.0143124629, 0.844338715, 0), (0.0184209254, 0.839100122, 0), (0.0210148785, 0.834412098, 0), (0.0205168892, 0.830614388, 0), (0.0182123631, 0.827668965, 0), (0.0154514639, 0.825409174, 0), (0.0128614362, 0.823671043, 0), (0.010618547, 0.822326779, 0), (0.0087303631, 0.82128197, 0), (0.00715881353, 0.820467114, 0), (0.00585861271, 0.819830179, 0), (0.00478719873, 0.819331944, 0), (0.00390695315, 0.818942308, 0), (0.00318545196, 0.818638206, 0), (0.0025951562, 0.818401635, 0), (0.00211291341, 0.818218529, 0), (0.00171940553, 0.818077922, 0), (0.00139860588, 0.817971051, 0), (0.00113727769, 0.817890942, 0), (0.000924525026, 0.817832232, 0), (0.000751403335, 0.817790449, 0), (0.000610585616, 0.817762017, 0), (0.00049607968, 0.817744195, 0), (0.000402991602, 0.817734659, 0), (0.000327328569, 0.817731559, 0), (0.000265835406, 0.817733467, 0), (0.000215859676, 0.817739069, 0), (0.000175240624, 0.817747533, 0), (0.00014221773, 0.817757905, 0), (0.000115355564, 0.817769647, 0), (9.34818599e-05, 0.817782164, 0), (7.56363297e-05, 0.817795038, 0), (6.10281095e-05, 0.817807913, 0), (4.90001621e-05, 0.81782043, 0), (3.89996167e-05, 0.817832291, 0), (3.05536996e-05, 0.817843139, 0), (2.32527236e-05, 0.817852736, 0), (1.67441467e-05, 0.817860663, 0), (1.07464721e-05, 0.817866445, 0), (5.09787878e-06, 0.817869365, 0), (-1.40968581e-07, 0.817868829, 0), (-4.52025142e-06, 0.817864299, 0), (-7.01169165e-06, 0.817856014, 0), (-5.98294992e-06, 0.817847371, 0), (0.143736854, 0.508449733, 0), (0.150009438, 0.517699063, 0), (0.163272902, 0.528722525, 0), (0.183237791, 0.542869866, 0), (0.210263073, 0.562531948, 0), (0.244383872, 0.592244446, 0), (0.284231931, 0.638914406, 0), (0.325481743, 0.705803812, 0), (0.362029642, 0.790470123, 0), (0.388601989, 0.888633788, 0), (0.400705934, 0.994774938, 0), (0.394511968, 1.09654093, 0), (0.372354567, 1.18561888, 0), (0.339289963, 1.2584554, 0), (0.30129683, 1.31630242, 0), (0.262539268, 1.36219776, 0), (0.225064591, 1.39837801, 0), (0.190224677, 1.42727697, 0), (0.158811852, 1.45158148, 0), (0.130878732, 1.47340798, 0), (0.10599941, 1.49372709, 0), (0.0837850198, 1.51332307, 0), (0.063904345, 1.53198707, 0), (0.0467840917, 1.54883122, 0), (0.0341661423, 1.56384826, 0), (0.0293888487, 1.35512257, 0), (0.0200363956, 0.836936474, 0), (0.0255688541, 0.832222998, 0), (0.0271824431, 0.828163445, 0), (0.0251683164, 0.825113833, 0), (0.0215662215, 0.822928488, 0), (0.0178513937, 0.821378291, 0), (0.0145878913, 0.82027626, 0), (0.0118716331, 0.819488883, 0), (0.00964883622, 0.818923712, 0), (0.00783878565, 0.818516672, 0), (0.00636701006, 0.818223059, 0), (0.00517095346, 0.818011582, 0), (0.00419924455, 0.817860067, 0), (0.00340994704, 0.817752779, 0), (0.00276889978, 0.817678273, 0), (0.00224830303, 0.817628264, 0), (0.00182555022, 0.817596734, 0), (0.001482266, 0.817579031, 0), (0.00120351976, 0.817571819, 0), (0.000977182528, 0.817572534, 0), (0.000793402549, 0.81757921, 0), (0.000644178945, 0.817590237, 0), (0.000523014111, 0.817604542, 0), (0.000424631726, 0.817621171, 0), (0.000344747241, 0.817639351, 0), (0.000279881468, 0.817658484, 0), (0.000227209239, 0.817678154, 0), (0.0001844363, 0.817697942, 0), (0.000149699568, 0.817717612, 0), (0.000121485929, 0.817736804, 0), (9.85663646e-05, 0.817755401, 0), (7.99424233e-05, 0.817773163, 0), (6.4802749e-05, 0.817789853, 0), (5.24877469e-05, 0.817805409, 0), (4.24608443e-05, 0.817819595, 0), (3.42851308e-05, 0.817832232, 0), (2.76043302e-05, 0.81784296, 0), (2.21272749e-05, 0.817851663, 0), (1.76152298e-05, 0.817857921, 0), (1.38715122e-05, 0.817861557, 0), (1.0733077e-05, 0.817862272, 0), (8.0649088e-06, 0.817860484, 0), (5.7641264e-06, 0.817857087, 0), (3.78880441e-06, 0.817854226, 0), (0.129642189, 0.518136382, 0), (0.134442538, 0.536561131, 0), (0.144576252, 0.557234943, 0), (0.159430891, 0.581480622, 0), (0.17877388, 0.611077368, 0), (0.201997772, 0.648443103, 0), (0.227723524, 0.696486652, 0), (0.253324568, 0.756514013, 0), (0.275464088, 0.827434361, 0), (0.290961176, 0.906445503, 0), (0.297258258, 0.989178717, 0), (0.293097049, 1.06965995, 0), (0.27949369, 1.14330125, 0), (0.258856118, 1.20775044, 0), (0.234069586, 1.26290214, 0), (0.207562506, 1.30976808, 0), (0.180986628, 1.3494364, 0), (0.15548268, 1.38312316, 0), (0.131804124, 1.4123069, 0), (0.110315077, 1.4383496, 0), (0.0910854414, 1.46222782, 0), (0.0739787742, 1.48458731, 0), (0.0586952269, 1.50556135, 0), (0.0452436246, 1.52454448, 0), (0.0347003974, 1.54104257, 0), (0.0301028509, 1.32139683, 0), (0.0241114628, 0.824510276, 0), (0.0303549133, 0.821372151, 0), (0.030781839, 0.819025397, 0), (0.0274311192, 0.817568898, 0), (0.0228676591, 0.816752493, 0), (0.0185454376, 0.816340148, 0), (0.0149134826, 0.8161726, 0), (0.0119793722, 0.816149414, 0), (0.00963280257, 0.816207767, 0), (0.00775730843, 0.816308856, 0), (0.00625560107, 0.816428959, 0), (0.00505059352, 0.81655401, 0), (0.00408176286, 0.81667614, 0), (0.0033015064, 0.816791177, 0), (0.00267222873, 0.816897392, 0), (0.00216411659, 0.816994131, 0), (0.00175343733, 0.817081809, 0), (0.00142123795, 0.817160904, 0), (0.00115234067, 0.817232311, 0), (0.000934562064, 0.817296863, 0), (0.000758103619, 0.817355335, 0), (0.000615071447, 0.817408502, 0), (0.000499097747, 0.817456961, 0), (0.000405039958, 0.817501307, 0), (0.000328741095, 0.817542017, 0), (0.000266838644, 0.817579448, 0), (0.000216611312, 0.817614019, 0), (0.000175856214, 0.817645848, 0), (0.000142790173, 0.817675292, 0), (0.000115970644, 0.817702472, 0), (9.42322877e-05, 0.817727447, 0), (7.66363373e-05, 0.817750454, 0), (6.24304594e-05, 0.817771435, 0), (5.10171049e-05, 0.817790389, 0), (4.19285934e-05, 0.817807317, 0), (3.48066715e-05, 0.817822158, 0), (2.93833837e-05, 0.817834795, 0), (2.54574479e-05, 0.817844927, 0), (2.28562803e-05, 0.817852318, 0), (2.1367583e-05, 0.817856848, 0), (2.06205859e-05, 0.817858279, 0), (1.99087499e-05, 0.817856967, 0), (1.80083425e-05, 0.817853987, 0), (1.32077166e-05, 0.817851424, 0), (0.104031667, 0.525739491, 0), (0.107358888, 0.551086307, 0), (0.114378922, 0.578629553, 0), (0.1244784, 0.609455466, 0), (0.13726297, 0.644755065, 0), (0.152072683, 0.685795724, 0), (0.167845845, 0.733709991, 0), (0.183048218, 0.788865328, 0), (0.1958794, 0.850517213, 0), (0.204625934, 0.916870534, 0), (0.207988083, 0.985232949, 0), (0.20541729, 1.05247033, 0), (0.197315797, 1.11597598, 0), (0.18478626, 1.17413497, 0), (0.169251412, 1.22636223, 0), (0.15207985, 1.2727505, 0), (0.134372801, 1.31369627, 0), (0.116946474, 1.349828, 0), (0.100412145, 1.38201058, 0), (0.085266307, 1.41113365, 0), (0.0718724057, 1.43781281, 0), (0.0603664294, 1.46218646, 0), (0.0506918915, 1.48405075, 0), (0.0428548381, 1.50280392, 0), (0.0372970067, 1.51746213, 0), (0.0342139974, 1.28383851, 0), (0.0267217103, 0.809027791, 0), (0.0320136137, 0.807973981, 0), (0.0308157094, 0.808003604, 0), (0.0264247619, 0.808725953, 0), (0.0214442424, 0.809725523, 0), (0.0170579311, 0.810766935, 0), (0.0135178268, 0.811746359, 0), (0.0107333912, 0.812625051, 0), (0.00855046324, 0.813393831, 0), (0.00683315657, 0.814056158, 0), (0.00547577534, 0.814621389, 0), (0.00439814152, 0.815100729, 0), (0.0035393429, 0.815505743, 0), (0.00285274466, 0.815847278, 0), (0.00230234559, 0.816135228, 0), (0.00186014152, 0.816378117, 0), (0.00150420435, 0.816583514, 0), (0.00121726352, 0.81675756, 0), (0.000985649996, 0.816905677, 0), (0.000798499386, 0.817032158, 0), (0.000647145207, 0.817140818, 0), (0.000524653646, 0.817234576, 0), (0.00042546331, 0.817315876, 0), (0.000345104141, 0.817386866, 0), (0.000279977306, 0.817449152, 0), (0.00022718159, 0.817504108, 0), (0.00018437604, 0.817552865, 0), (0.000149670916, 0.817596257, 0), (0.000121541096, 0.817635059, 0), (9.87572857e-05, 0.817669868, 0), (8.03316798e-05, 0.817701101, 0), (6.54755277e-05, 0.817729115, 0), (5.35666841e-05, 0.817754269, 0), (4.41257944e-05, 0.81777674, 0), (3.67999819e-05, 0.817796648, 0), (3.1352778e-05, 0.817814052, 0), (2.76576211e-05, 0.817828894, 0), (2.56886651e-05, 0.817840993, 0), (2.54933402e-05, 0.817850113, 0), (2.71107565e-05, 0.817855716, 0), (3.03586148e-05, 0.817857206, 0), (3.43390784e-05, 0.817854166, 0), (3.64285625e-05, 0.817847013, 0), (3.06524562e-05, 0.817839086, 0), (0.0703841373, 0.531063378, 0), (0.0723986402, 0.561057329, 0), (0.0766643211, 0.593013525, 0), (0.0827211887, 0.627743363, 0), (0.0902618617, 0.66603905, 0), (0.0988065675, 0.708569944, 0), (0.107687615, 0.755763769, 0), (0.11605604, 0.807595253, 0), (0.122984014, 0.863453805, 0), (0.127615795, 0.922148645, 0), (0.129327297, 0.982032537, 0), (0.127858639, 1.04128015, 0), (0.123365209, 1.09827304, 0), (0.116345167, 1.1518513, 0), (0.10750062, 1.2013768, 0), (0.0975776762, 1.24663079, 0), (0.0872057155, 1.28768587, 0), (0.0767952949, 1.32488644, 0), (0.0666661561, 1.35882139, 0), (0.0573377348, 1.39009488, 0), (0.0494787171, 1.41897523, 0), (0.0436894484, 1.44516885, 0), (0.0405869596, 1.46786571, 0), (0.0411660634, 1.4855212, 0), (0.04676456, 1.49522114, 0), (0.049777545, 1.23825288, 0), (0.0265013352, 0.790287912, 0), (0.0286057983, 0.792612493, 0), (0.0257748906, 0.796025813, 0), (0.0212191287, 0.799548268, 0), (0.0167945884, 0.802699208, 0), (0.0131468205, 0.805356979, 0), (0.0103022587, 0.807550192, 0), (0.00811065733, 0.809347272, 0), (0.0064169555, 0.810817301, 0), (0.00509922765, 0.812020004, 0), (0.00406712247, 0.813004911, 0), (0.00325397123, 0.813812554, 0), (0.00261011603, 0.814475834, 0), (0.00209815358, 0.815021694, 0), (0.00168961519, 0.815471888, 0), (0.00136263273, 0.815844238, 0), (0.00110027113, 0.816153049, 0), (0.000889320509, 0.816410124, 0), (0.000719413103, 0.816624939, 0), (0.000582367182, 0.816805184, 0), (0.000471696054, 0.816957057, 0), (0.000382236642, 0.817085743, 0), (0.000309865718, 0.817195356, 0), (0.000251281366, 0.817289174, 0), (0.000203833391, 0.817369998, 0), (0.000165390942, 0.817439914, 0), (0.000134238682, 0.81750083, 0), (0.000108994987, 0.817554057, 0), (8.85474947e-05, 0.817600906, 0), (7.20023818e-05, 0.817642212, 0), (5.86449169e-05, 0.817678809, 0), (4.79093796e-05, 0.817711294, 0), (3.93574046e-05, 0.817740142, 0), (3.2664484e-05, 0.817765772, 0), (2.76152568e-05, 0.817788482, 0), (2.41095968e-05, 0.817808509, 0), (2.21830596e-05, 0.817825913, 0), (2.20469228e-05, 0.817840695, 0), (2.41520811e-05, 0.817852497, 0), (2.9267012e-05, 0.817860544, 0), (3.84940395e-05, 0.817863166, 0), (5.28835117e-05, 0.817857444, 0), (7.12557085e-05, 0.817839384, 0), (8.06945463e-05, 0.817809701, 0), (0.0329755023, 0.533544898, 0), (0.0338647552, 0.565506458, 0), (0.0357566848, 0.599157631, 0), (0.0384293161, 0.635140896, 0), (0.0417291448, 0.673997283, 0), (0.0454358421, 0.716115117, 0), (0.0492485091, 0.761643767, 0), (0.0528074577, 0.810418963, 0), (0.055730667, 0.861914635, 0), (0.0576748513, 0.915265262, 0), (0.0583957732, 0.969355226, 0), (0.0577930026, 1.02297819, 0), (0.0559240989, 1.07502902, 0), (0.0529886, 1.12465179, 0), (0.0492930561, 1.1713022, 0), (0.0451895893, 1.2147187, 0), (0.0409486219, 1.25487196, 0), (0.0366070829, 1.29196346, 0), (0.0321368985, 1.32641625, 0), (0.027929794, 1.35869455, 0), (0.0247536227, 1.38904643, 0), (0.0234978814, 1.41735101, 0), (0.0256311819, 1.44292295, 0), (0.0351108722, 1.46314633, 0), (0.0641159862, 1.46754241, 0), (0.0916355923, 1.16400969, 0), (0.0127736516, 0.763104081, 0), (0.0107572712, 0.77505517, 0), (0.0117171081, 0.784479082, 0), (0.0107057812, 0.791539371, 0), (0.00884398725, 0.796890318, 0), (0.00702915108, 0.801018536, 0), (0.00552925188, 0.804249465, 0), (0.00435008807, 0.806804597, 0), (0.00343390834, 0.808840513, 0), (0.00272151176, 0.810471952, 0), (0.00216509681, 0.811785281, 0), (0.00172823633, 0.812846839, 0), (0.00138351461, 0.813707948, 0), (0.00111026515, 0.814408898, 0), (0.000892813143, 0.814981461, 0), (0.000719178934, 0.815450668, 0), (0.000580135616, 0.815836668, 0), (0.000468524231, 0.816155255, 0), (0.000378752768, 0.816419363, 0), (0.00030642713, 0.816639125, 0), (0.000248076511, 0.816822886, 0), (0.000200947019, 0.816977203, 0), (0.000162845259, 0.817107439, 0), (0.000132018962, 0.817218006, 0), (0.000107064421, 0.8173123, 0), (8.68548232e-05, 0.817393184, 0), (7.04843987e-05, 0.817462921, 0), (5.72246718e-05, 0.81752336, 0), (4.64900913e-05, 0.817576051, 0), (3.78111654e-05, 0.817622125, 0), (3.08138224e-05, 0.817662656, 0), (2.52040772e-05, 0.817698419, 0), (2.07577505e-05, 0.817730069, 0), (1.73157314e-05, 0.817758143, 0), (1.47864903e-05, 0.817783177, 0), (1.31602374e-05, 0.817805588, 0), (1.25445267e-05, 0.817825675, 0), (1.32439054e-05, 0.817843854, 0), (1.59366755e-05, 0.817860186, 0), (2.20785187e-05, 0.817874372, 0), (3.48688882e-05, 0.817884803, 0), (6.17495461e-05, 0.817885458, 0), (0.000121733225, 0.817856967, 0), (0.000269846641, 0.81773454, 0), (0, 0.530572712, 0), (0, 0.559174776, 0), (0, 0.589125931, 0), (0, 0.620897293, 0), (0, 0.654880226, 0), (0, 0.691325426, 0), (0, 0.730295062, 0), (0, 0.771619856, 0), (0, 0.814881206, 0), (0, 0.859434187, 0), (0, 0.904476941, 0), (0, 0.949159086, 0), (0, 0.992706299, 0), (0, 1.03452969, 0), (0, 1.07429421, 0), (0, 1.11192834, 0), (0, 1.14753926, 0), (0, 1.18123329, 0), (0, 1.21305966, 0), (0, 1.24325371, 0), (0, 1.27242029, 0), (0, 1.30164373, 0), (0, 1.33306563, 0), (0, 1.3716675, 0), (0, 1.43044102, 0), (0, 1.10892153, 0), (0, 0.764641762, 0), (0, 0.771865726, 0), (0, 0.779729486, 0), (0, 0.786918342, 0), (0, 0.792865157, 0), (0, 0.797601342, 0), (0, 0.801336706, 0), (0, 0.804285109, 0), (0, 0.80662179, 0), (0, 0.808482647, 0), (0, 0.809971631, 0), (0, 0.811168373, 0), (0, 0.812134326, 0), (0, 0.812917054, 0), (0, 0.81355381, 0), (0, 0.814073741, 0), (0, 0.814499855, 0), (0, 0.81485045, 0), (0, 0.815140128, 0), (0, 0.815380335, 0), (0, 0.815580547, 0), (0, 0.815748096, 0), (0, 0.81588906, 0), (0, 0.81600821, 0), (0, 0.816109538, 0), (0, 0.816196024, 0), (0, 0.816270351, 0), (0, 0.816334546, 0), (0, 0.816390276, 0), (0, 0.816438854, 0), (0, 0.816481471, 0), (0, 0.816518962, 0), (0, 0.816552103, 0), (0, 0.816581607, 0), (0, 0.816607952, 0), (0, 0.816631913, 0), (0, 0.816653967, 0), (0, 0.816675127, 0), (0, 0.816696644, 0), (0, 0.816720784, 0), (0, 0.816752076, 0), (0, 0.816799819, 0), (0, 0.816886127, 0), (0, 0.817069709, 0)] (
            interpolation = "uniform"
        )
        vector3f[] primvars:Solids_Velocity_1 = [(0.0101099247, -0.00733821141, 0), (0.0118165798, -0.0159028936, 0), (0.0158336982, -0.0272692963, 0), (0.0225932542, -0.0429080948, 0), (0.0249366798, -0.0137286484, 0), (0.0205355417, 0.0464038141, 0), (0.131497636, 0.0476537608, 0), (0.396591038, 0.309739769, 0), (0.525985301, 0.556286931, 0), (0.592978656, 0.814932406, 0), (0.51005131, 0.85745281, 0), (0.409823686, 0.841165483, 0), (0.309318185, 0.786447942, 0), (0.305188268, 0.779579282, 0), (0.303678572, 0.777354419, 0), (0.0477817021, 0.0837046877, 0), (9.55424821e-06, 1.27301028e-05, 0), (4.13679809e-05, 1.58619002e-06, 0), (7.74665386e-05, 4.77253125e-05, 0), (0.00102747174, 0.16533801, 0), (0.0191758219, 0.216140285, 0), (0.0173888691, 0.200862795, 0), (0.0130140735, 0.212519035, 0), (0.00291746156, 0.227529451, 0), (-0.0173018742, 0.180055588, 0), (-2.45435072e-38, 3.70937716e-41, 0), (0, 0, 0), (0, 0, 0), (0, 0, 0), (0, 0, 0), (0, 0, 0), (0, 0, 0), (0, 0, 0), (0, 0, 0), (0, 0, 0), (0, 0, 0), (0, 0, 0), (0, 0, 0), (0, 0, 0), (0, 0, 0), (0, 0, 0), (0, 0, 0), (0, 0, 0), (0, 0, 0), (0, 0, 0), (0, 0, 0), (0, 0, 0), (0, 0, 0), (0, 0, 0), (0, 0, 0), (0, 0, 0), (0, 0, 0), (0, 0, 0), (0, 0, 0), (0, 0, 0), (0, 0, 0), (0, 0, 0), (0, 0, 0), (0, 0, 0), (0, 0, 0), (0, 0, 0), (0, 0, 0), (0, 0, 0), (0, 0, 0), (0, 0, 0), (0, 0, 0), (0, 0, 0), (0, 0, 0), (0, 0, 0), (0, 0, 0), (0.0266610608, -0.0115322722, 0), (0.0294245481, -0.0238348562, 0), (0.0354061835, -0.0374984778, 0), (0.0452939458, -0.0534247532, 0), (0.0600687824, -0.074126184, 0), (0.0796379372, -0.0529065765, 0), (0.135149851, -0.0199889485, 0), (0.215410218, 0.00111813762, 0), (0.347826034, 0.185287043, 0), (0.519848704, 0.394234598, 0), (0.517898321, 0.537670612, 0), (0.455815464, 0.609084547, 0), (0.382129312, 0.694501579, 0), (0.34328407, 0.735871792, 0), (0.196817294, 0.355231822, 0), (0.127955943, 0.00413445104, 0), (0.0210334696, 0.000309418858, 0), (0.016198162, 0.000964875449, 0), (0.0131824752, 0.01336837, 0), (0.0140609182, 0.13757731, 0), (0.0214184206, 0.228147641, 0), (0.0206446368, 0.260717481, 0), (0.0162381083, 0.28757152, 0), (0.00815307163, 0.305538505, 0), (-0.00193628366, 0.221997023, 0), (-1.33043484e-34, 2.38127648e-37, 0), (0, 0, 0), (0, 0, 0), (0, 0, 0), (0, 0, 0), (0, 0, 0), (0, 0, 0), (0, 0, 0), (0, 0, 0), (0, 0, 0), (0, 0, 0), (0, 0, 0), (0, 0, 0), (0, 0, 0), (0, 0, 0), (0, 0, 0), (0, 0, 0), (0, 0, 0), (0, 0, 0), (0, 0, 0), (0, 0, 0), (0, 0, 0), (0, 0, 0), (0, 0, 0), (0, 0, 0), (0, 0, 0), (0, 0, 0), (0, 0, 0), (0, 0, 0), (0, 0, 0), (0, 0, 0), (0, 0, 0), (0, 0, 0), (0, 0, 0), (0, 0, 0), (0, 0, 0), (0, 0, 0), (0, 0, 0), (0, 0, 0), (0, 0, 0), (0, 0, 0), (0, 0, 0), (0, 0, 0), (0, 0, 0), (0, 0, 0), (0.0390757918, -0.00860634074, 0), (0.0421844609, -0.0174752828, 0), (0.0486776307, -0.0266934261, 0), (0.0591687001, -0.036341697, 0), (0.0750021487, -0.0465392619, 0), (0.127169609, -0.0409930386, 0), (0.158180356, -0.0306392461, 0), (0.195288584, 0.017855987, 0), (0.248939872, 0.0926940814, 0), (0.289339602, 0.223337069, 0), (0.320617169, 0.345282763, 0), (0.38551566, 0.475533873, 0), (0.377606601, 0.691448271, 0), (0.227197289, 0.381027281, 0), (0.187338188, 0.377056777, 0), (0.0577363037, 0.112703897, 0), (0.0513455234, 0.120648056, 0), (0.0428172834, 0.124194339, 0), (0.0359292775, 0.146334514, 0), (0.0313588083, 0.18712993, 0), (0.0268843435, 0.225502744, 0), (0.0226241369, 0.257587135, 0), (0.0177876726, 0.286278546, 0), (0.0123078916, 0.310311109, 0), (0.00825096853, 0.233988285, 0), (2.41692498e-34, 9.09760849e-33, 0), (0, 0, 0), (0, 0, 0), (0, 0, 0), (0, 0, 0), (0, 0, 0), (0, 0, 0), (0, 0, 0), (0, 0, 0), (0, 0, 0), (0, 0, 0), (0, 0, 0), (0, 0, 0), (0, 0, 0), (0, 0, 0), (0, 0, 0), (0, 0, 0), (0, 0, 0), (0, 0, 0), (0, 0, 0), (0, 0, 0), (0, 0, 0), (0, 0, 0), (0, 0, 0), (0, 0, 0), (0, 0, 0), (0, 0, 0), (0, 0, 0), (0, 0, 0), (0, 0, 0), (0, 0, 0), (0, 0, 0), (0, 0, 0), (0, 0, 0), (0, 0, 0), (0, 0, 0), (0, 0, 0), (0, 0, 0), (0, 0, 0), (0, 0, 0), (0, 0, 0), (0, 0, 0), (0, 0, 0), (0, 0, 0), (0, 0, 0), (0.0452553704, -0.00425330875, 0), (0.0482695401, -0.00844514277, 0), (0.0544457808, -0.0123968711, 0), (0.064162612, -0.0157514121, 0), (0.0780977905, -0.0178486276, 0), (0.0976876542, -0.0166233424, 0), (0.140562341, -0.0205640756, 0), (0.178318232, 0.0189097878, 0), (0.22714743, 0.0866482183, 0), (0.267123848, 0.20646517, 0), (0.299399346, 0.325725079, 0), (0.218828499, 0.219058111, 0), (0.202833891, 0.266572148, 0), (0.113757461, 0.116706684, 0), (0.0950744227, 0.142136618, 0), (0.0819920674, 0.16930519, 0), (0.0692806691, 0.192683756, 0), (0.0578327589, 0.216770485, 0), (0.0479644015, 0.240766525, 0), (0.0392034687, 0.257357329, 0), (0.0312597416, 0.2650626, 0), (0.0246671811, 0.273708522, 0), (0.0191685464, 0.289218068, 0), (0.014716371, 0.308380097, 0), (0.0129371136, 0.237469107, 0), (1.07410473e-35, 2.60005254e-34, 0), (0, 0, 0), (0, 0, 0), (0, 0, 0), (0, 0, 0), (0, 0, 0), (0, 0, 0), (0, 0, 0), (0, 0, 0), (0, 0, 0), (0, 0, 0), (0, 0, 0), (0, 0, 0), (0, 0, 0), (0, 0, 0), (0, 0, 0), (0, 0, 0), (0, 0, 0), (0, 0, 0), (0, 0, 0), (0, 0, 0), (0, 0, 0), (0, 0, 0), (0, 0, 0), (0, 0, 0), (0, 0, 0), (0, 0, 0), (0, 0, 0), (0, 0, 0), (0, 0, 0), (0, 0, 0), (0, 0, 0), (0, 0, 0), (0, 0, 0), (0, 0, 0), (0, 0, 0), (0, 0, 0), (0, 0, 0), (0, 0, 0), (0, 0, 0), (0, 0, 0), (0, 0, 0), (0, 0, 0), (0, 0, 0), (0, 0, 0), (0.0453145802, 1.39803733e-05, 0), (0.0479186252, 0.000329244707, 0), (0.0531549193, 0.00132026861, 0), (0.0611529537, 0.00355464709, 0), (0.0720914155, 0.00794585887, 0), (0.0861082971, 0.0160741005, 0), (0.103364855, 0.0307207927, 0), (0.122035928, 0.054410547, 0), (0.139365956, 0.0864048526, 0), (0.152765542, 0.12410897, 0), (0.160408765, 0.166929781, 0), (0.159636348, 0.209530666, 0), (0.134990394, 0.197264314, 0), (0.118391559, 0.210070685, 0), (0.101575293, 0.22103779, 0), (0.0860514492, 0.231241822, 0), (0.0717817619, 0.240169913, 0), (0.0590936877, 0.249284655, 0), (0.0482361652, 0.259051532, 0), (0.0390556455, 0.269130766, 0), (0.0314267911, 0.279332995, 0), (0.0249793045, 0.288657427, 0), (0.0194950663, 0.297782362, 0), (0.0155091556, 0.308799058, 0), (0.014599992, 0.240208745, 0), (9.1761048e-38, 2.09757295e-36, 0), (0, 0, 0), (0, 0, 0), (0, 0, 0), (0, 0, 0), (0, 0, 0), (0, 0, 0), (0, 0, 0), (0, 0, 0), (0, 0, 0), (0, 0, 0), (0, 0, 0), (0, 0, 0), (0, 0, 0), (0, 0, 0), (0, 0, 0), (0, 0, 0), (0, 0, 0), (0, 0, 0), (0, 0, 0), (0, 0, 0), (0, 0, 0), (0, 0, 0), (0, 0, 0), (0, 0, 0), (0, 0, 0), (0, 0, 0), (0, 0, 0), (0, 0, 0), (0, 0, 0), (0, 0, 0), (0, 0, 0), (0, 0, 0), (0, 0, 0), (0, 0, 0), (0, 0, 0), (0, 0, 0), (0, 0, 0), (0, 0, 0), (0, 0, 0), (0, 0, 0), (0, 0, 0), (0, 0, 0), (0, 0, 0), (0, 0, 0), (0.0401000232, 0.00369191938, 0), (0.0421219058, 0.00780477514, 0), (0.0461415239, 0.0128087299, 0), (0.0521087721, 0.0192608237, 0), (0.0599606186, 0.0279179178, 0), (0.0694922656, 0.0397568084, 0), (0.0802296177, 0.0558992662, 0), (0.0912211537, 0.0770903304, 0), (0.101038396, 0.102848373, 0), (0.108188622, 0.131699026, 0), (0.111381777, 0.161631107, 0), (0.109788544, 0.189516991, 0), (0.103847675, 0.212924227, 0), (0.0947979167, 0.230841115, 0), (0.084141694, 0.2437208, 0), (0.0729799047, 0.252414286, 0), (0.0620020032, 0.25818485, 0), (0.0517628975, 0.262930691, 0), (0.042661529, 0.268480718, 0), (0.0348789766, 0.276129276, 0), (0.0283731762, 0.285793483, 0), (0.0228949022, 0.295193225, 0), (0.0183609612, 0.302269548, 0), (0.0153346565, 0.308136672, 0), (0.0152427321, 0.241142452, 0), (4.10468346e-40, 9.53939114e-39, 0), (0, 0, 0), (0, 0, 0), (0, 0, 0), (0, 0, 0), (0, 0, 0), (0, 0, 0), (0, 0, 0), (0, 0, 0), (0, 0, 0), (0, 0, 0), (0, 0, 0), (0, 0, 0), (0, 0, 0), (0, 0, 0), (0, 0, 0), (0, 0, 0), (0, 0, 0), (0, 0, 0), (0, 0, 0), (0, 0, 0), (0, 0, 0), (0, 0, 0), (0, 0, 0), (0, 0, 0), (0, 0, 0), (0, 0, 0), (0, 0, 0), (0, 0, 0), (0, 0, 0), (0, 0, 0), (0, 0, 0), (0, 0, 0), (0, 0, 0), (0, 0, 0), (0, 0, 0), (0, 0, 0), (0, 0, 0), (0, 0, 0), (0, 0, 0), (0, 0, 0), (0, 0, 0), (0, 0, 0), (0, 0, 0), (0, 0, 0), (0.0307848714, 0.00653428631, 0), (0.0322074518, 0.0135437259, 0), (0.0349717699, 0.0214399733, 0), (0.0390274674, 0.0307334717, 0), (0.0442092754, 0.0419324823, 0), (0.0502853133, 0.0556002259, 0), (0.0568597503, 0.0722232312, 0), (0.0633597672, 0.0920206755, 0), (0.0690625459, 0.114709504, 0), (0.073220022, 0.139470741, 0), (0.0751977637, 0.165001437, 0), (0.0746438503, 0.189628974, 0), (0.0716637895, 0.211852893, 0), (0.0667316318, 0.230645448, 0), (0.0605056919, 0.24552694, 0), (0.0536067262, 0.256445915, 0), (0.0465148427, 0.26390478, 0), (0.0395868346, 0.269201279, 0), (0.0331210755, 0.274213254, 0), (0.027402956, 0.280583382, 0), (0.0226281825, 0.288562685, 0), (0.0188638791, 0.29654485, 0), (0.0162281077, 0.302259952, 0), (0.0152151948, 0.30520156, 0), (0.01695388, 0.238772199, 0), (1.24295174e-42, 2.68362669e-41, 0), (0, 0, 0), (0, 0, 0), (0, 0, 0), (0, 0, 0), (0, 0, 0), (0, 0, 0), (0, 0, 0), (0, 0, 0), (0, 0, 0), (0, 0, 0), (0, 0, 0), (0, 0, 0), (0, 0, 0), (0, 0, 0), (0, 0, 0), (0, 0, 0), (0, 0, 0), (0, 0, 0), (0, 0, 0), (0, 0, 0), (0, 0, 0), (0, 0, 0), (0, 0, 0), (0, 0, 0), (0, 0, 0), (0, 0, 0), (0, 0, 0), (0, 0, 0), (0, 0, 0), (0, 0, 0), (0, 0, 0), (0, 0, 0), (0, 0, 0), (0, 0, 0), (0, 0, 0), (0, 0, 0), (0, 0, 0), (0, 0, 0), (0, 0, 0), (0, 0, 0), (0, 0, 0), (0, 0, 0), (0, 0, 0), (0, 0, 0), (0.0187496208, 0.00844738353, 0), (0.0195772592, 0.0173153318, 0), (0.0212211683, 0.0270558111, 0), (0.0235751159, 0.0380035862, 0), (0.0265602805, 0.0505582877, 0), (0.0299877003, 0.0650199279, 0), (0.0336150564, 0.0816034302, 0), (0.0371227898, 0.100329041, 0), (0.0401502326, 0.120953105, 0), (0.0423445925, 0.142937288, 0), (0.0434240028, 0.165472642, 0), (0.0432406552, 0.187575132, 0), (0.0418248624, 0.208271027, 0), (0.0393727459, 0.226734072, 0), (0.0361922272, 0.242344975, 0), (0.0326129869, 0.254716754, 0), (0.0288740657, 0.263848782, 0), (0.0250536446, 0.27042383, 0), (0.0212134048, 0.275864482, 0), (0.0176570863, 0.281682611, 0), (0.0148449875, 0.288369536, 0), (0.0131930653, 0.29491809, 0), (0.0131551027, 0.299340814, 0), (0.0155967418, 0.299883872, 0), (0.0221878421, 0.231685489, 0), (2.80259693e-45, 4.62428493e-44, 0), (0, 0, 0), (0, 0, 0), (0, 0, 0), (0, 0, 0), (0, 0, 0), (0, 0, 0), (0, 0, 0), (0, 0, 0), (0, 0, 0), (0, 0, 0), (0, 0, 0), (0, 0, 0), (0, 0, 0), (0, 0, 0), (0, 0, 0), (0, 0, 0), (0, 0, 0), (0, 0, 0), (0, 0, 0), (0, 0, 0), (0, 0, 0), (0, 0, 0), (0, 0, 0), (0, 0, 0), (0, 0, 0), (0, 0, 0), (0, 0, 0), (0, 0, 0), (0, 0, 0), (0, 0, 0), (0, 0, 0), (0, 0, 0), (0, 0, 0), (0, 0, 0), (0, 0, 0), (0, 0, 0), (0, 0, 0), (0, 0, 0), (0, 0, 0), (0, 0, 0), (0, 0, 0), (0, 0, 0), (0, 0, 0), (0, 0, 0), (0.00632356573, 0.00873308815, 0), (0.00665526744, 0.0178974811, 0), (0.00727716461, 0.027777886, 0), (0.00820031296, 0.0387490466, 0), (0.00935829524, 0.0510446131, 0), (0.0106934952, 0.064879626, 0), (0.0121016903, 0.0803380162, 0), (0.0134606352, 0.0973689705, 0), (0.0146343606, 0.115752272, 0), (0.0154954065, 0.135097146, 0), (0.0159476344, 0.154863268, 0), (0.0159449894, 0.174410626, 0), (0.0155018466, 0.193071738, 0), (0.0146961864, 0.210215792, 0), (0.0136642884, 0.225287333, 0), (0.0125662219, 0.237840101, 0), (0.0114777321, 0.247653633, 0), (0.0102617461, 0.254991412, 0), (0.00874993205, 0.260774463, 0), (0.00718576601, 0.266211718, 0), (0.00612814631, 0.271961719, 0), (0.00613171794, 0.277631491, 0), (0.00792556629, 0.281801611, 0), (0.0134522878, 0.281839967, 0), (0.0289556868, 0.214040801, 0), (0, 0, 0), (0, 0, 0), (0, 0, 0), (0, 0, 0), (0, 0, 0), (0, 0, 0), (0, 0, 0), (0, 0, 0), (0, 0, 0), (0, 0, 0), (0, 0, 0), (0, 0, 0), (0, 0, 0), (0, 0, 0), (0, 0, 0), (0, 0, 0), (0, 0, 0), (0, 0, 0), (0, 0, 0), (0, 0, 0), (0, 0, 0), (0, 0, 0), (0, 0, 0), (0, 0, 0), (0, 0, 0), (0, 0, 0), (0, 0, 0), (0, 0, 0), (0, 0, 0), (0, 0, 0), (0, 0, 0), (0, 0, 0), (0, 0, 0), (0, 0, 0), (0, 0, 0), (0, 0, 0), (0, 0, 0), (0, 0, 0), (0, 0, 0), (0, 0, 0), (0, 0, 0), (0, 0, 0), (0, 0, 0), (0, 0, 0), (0, 0, 0), (0, 0.00470693363, 0), (0, 0.00968238059, 0), (0, 0.0151754916, 0), (0, 0.0213714074, 0), (0, 0.0284680966, 0), (0, 0.0365891866, 0), (0, 0.0457964763, 0), (0, 0.0560577177, 0), (0, 0.0672424361, 0), (0, 0.0791256353, 0), (0, 0.0914057717, 0), (0, 0.103729829, 0), (0, 0.115721285, 0), (0, 0.127011538, 0), (0, 0.137276709, 0), (0, 0.146274298, 0), (0, 0.153856516, 0), (0, 0.159964725, 0), (0, 0.164745018, 0), (0, 0.168749005, 0), (0, 0.17275013, 0), (0, 0.177379355, 0), (0, 0.183186471, 0), (0, 0.19155997, 0), (0, 0.164687753, 0), (0, 0, 0), (0, 0, 0), (0, 0, 0), (0, 0, 0), (0, 0, 0), (0, 0, 0), (0, 0, 0), (0, 0, 0), (0, 0, 0), (0, 0, 0), (0, 0, 0), (0, 0, 0), (0, 0, 0), (0, 0, 0), (0, 0, 0), (0, 0, 0), (0, 0, 0), (0, 0, 0), (0, 0, 0), (0, 0, 0), (0, 0, 0), (0, 0, 0), (0, 0, 0), (0, 0, 0), (0, 0, 0), (0, 0, 0), (0, 0, 0), (0, 0, 0), (0, 0, 0), (0, 0, 0), (0, 0, 0), (0, 0, 0), (0, 0, 0), (0, 0, 0), (0, 0, 0), (0, 0, 0), (0, 0, 0), (0, 0, 0), (0, 0, 0), (0, 0, 0), (0, 0, 0), (0, 0, 0), (0, 0, 0), (0, 0, 0), (0, 0, 0)] (
            interpolation = "uniform"
        )
        vector3f[] primvars:Solids_Velocity_2 = [(0.0101141799, -0.0073421807, 0), (0.0118242688, -0.0159172788, 0), (0.015852062, -0.0272856448, 0), (0.0225897338, -0.0432834178, 0), (0.0290039312, -0.0638424084, 0), (0.0266383309, -0.113131233, 0), (0.163140193, -0.216098949, 0), (0.412068933, -0.00429362012, 0), (0.496880949, 0.224614516, 0), (0.532738388, 0.504943311, 0), (0.460474163, 0.61545217, 0), (0.37155202, 0.636190236, 0), (0.281642407, 0.607785046, 0), (0.20889616, 0.567860603, 0), (0.160674736, 0.526019394, 0), (0.124061808, 0.47869128, 0), (0.0946268439, 0.436575621, 0), (0.0693645701, 0.402726233, 0), (0.0493808091, 0.377336413, 0), (0.034770932, 0.348176032, 0), (0.0306370612, 0.322129995, 0), (0.027804371, 0.30128324, 0), (0.0186817367, 0.289597631, 0), (0.00381950242, 0.287916869, 0), (-0.0213910043, 0.302625954, 0), (-0.0167425107, -0.00489198882, 0), (-0.0167425107, -0.00489198882, 0), (0, 0, 0), (0, 0, 0), (0, 0, 0), (0, 0, 0), (0, 0, 0), (0, 0, 0), (0, 0, 0), (0, 0, 0), (0, 0, 0), (0, 0, 0), (0, 0, 0), (0, 0, 0), (0, 0, 0), (0, 0, 0), (0, 0, 0), (0, 0, 0), (0, 0, 0), (0, 0, 0), (0, 0, 0), (0, 0, 0), (0, 0, 0), (0, 0, 0), (0, 0, 0), (0, 0, 0), (0, 0, 0), (0, 0, 0), (0, 0, 0), (0, 0, 0), (0, 0, 0), (0, 0, 0), (0, 0, 0), (0, 0, 0), (0, 0, 0), (0, 0, 0), (0, 0, 0), (0, 0, 0), (0, 0, 0), (0, 0, 0), (0, 0, 0), (0, 0, 0), (0, 0, 0), (0, 0, 0), (0, 0, 0), (0.026671337, -0.0115380427, 0), (0.0294416379, -0.0238541495, 0), (0.0354408287, -0.0375563651, 0), (0.0453828014, -0.0534663945, 0), (0.060056366, -0.0749598742, 0), (0.0840480998, -0.11424236, 0), (0.138577551, -0.13418825, 0), (0.224903122, -0.143559575, 0), (0.347740322, 0.0202021655, 0), (0.494675726, 0.225708753, 0), (0.479829252, 0.372786999, 0), (0.419990361, 0.45143339, 0), (0.34868443, 0.482793659, 0), (0.275275022, 0.490644276, 0), (0.214498803, 0.490524352, 0), (0.167853013, 0.478120148, 0), (0.130850062, 0.46225968, 0), (0.100389801, 0.446665525, 0), (0.0755497366, 0.432002664, 0), (0.0549889468, 0.408258498, 0), (0.0409356654, 0.398345232, 0), (0.0336139984, 0.395052642, 0), (0.0234167147, 0.392982602, 0), (0.0107132355, 0.389067888, 0), (-0.00237331889, 0.376990557, 0), (-0.0016293287, -0.00288825133, 0), (-0.0016293287, -0.00288825133, 0), (0, 0, 0), (0, 0, 0), (0, 0, 0), (0, 0, 0), (0, 0, 0), (0, 0, 0), (0, 0, 0), (0, 0, 0), (0, 0, 0), (0, 0, 0), (0, 0, 0), (0, 0, 0), (0, 0, 0), (0, 0, 0), (0, 0, 0), (0, 0, 0), (0, 0, 0), (0, 0, 0), (0, 0, 0), (0, 0, 0), (0, 0, 0), (0, 0, 0), (0, 0, 0), (0, 0, 0), (0, 0, 0), (0, 0, 0), (0, 0, 0), (0, 0, 0), (0, 0, 0), (0, 0, 0), (0, 0, 0), (0, 0, 0), (0, 0, 0), (0, 0, 0), (0, 0, 0), (0, 0, 0), (0, 0, 0), (0, 0, 0), (0, 0, 0), (0, 0, 0), (0, 0, 0), (0, 0, 0), (0, 0, 0), (0.039089337, -0.00861011352, 0), (0.0422054343, -0.0174872838, 0), (0.0487161539, -0.0267251525, 0), (0.0592520274, -0.0363436565, 0), (0.0749999061, -0.0465908498, 0), (0.0989137441, -0.0566760898, 0), (0.137338325, -0.0554106608, 0), (0.193887517, -0.042548731, 0), (0.244326338, -0.010313916, 0), (0.275125831, 0.100811169, 0), (0.302229851, 0.220264822, 0), (0.299794525, 0.306951493, 0), (0.274529934, 0.358240962, 0), (0.236362651, 0.388641924, 0), (0.194527537, 0.404394984, 0), (0.158325613, 0.411525875, 0), (0.126303762, 0.413575888, 0), (0.0980119109, 0.411262363, 0), (0.074599117, 0.405328184, 0), (0.0567035712, 0.399211019, 0), (0.0437290184, 0.395263851, 0), (0.034318734, 0.394377917, 0), (0.0249920301, 0.393361717, 0), (0.015935313, 0.389918476, 0), (0.00990789291, 0.382035077, 0), (0.0063853981, -0.00254992582, 0), (0.0063853981, -0.00254992582, 0), (0, 0, 0), (0, 0, 0), (0, 0, 0), (0, 0, 0), (0, 0, 0), (0, 0, 0), (0, 0, 0), (0, 0, 0), (0, 0, 0), (0, 0, 0), (0, 0, 0), (0, 0, 0), (0, 0, 0), (0, 0, 0), (0, 0, 0), (0, 0, 0), (0, 0, 0), (0, 0, 0), (0, 0, 0), (0, 0, 0), (0, 0, 0), (0, 0, 0), (0, 0, 0), (0, 0, 0), (0, 0, 0), (0, 0, 0), (0, 0, 0), (0, 0, 0), (0, 0, 0), (0, 0, 0), (0, 0, 0), (0, 0, 0), (0, 0, 0), (0, 0, 0), (0, 0, 0), (0, 0, 0), (0, 0, 0), (0, 0, 0), (0, 0, 0), (0, 0, 0), (0, 0, 0), (0, 0, 0), (0, 0, 0), (0.0452690162, -0.0042551579, 0), (0.0482906103, -0.00844976492, 0), (0.0544803329, -0.0124083031, 0), (0.0642292276, -0.0157770868, 0), (0.0782432333, -0.0178527925, 0), (0.0976860672, -0.0166908465, 0), (0.123863377, -0.00696929451, 0), (0.155562326, 0.0201523211, 0), (0.18467468, 0.0622627251, 0), (0.206124023, 0.109387472, 0), (0.221068367, 0.162328631, 0), (0.219388738, 0.217001885, 0), (0.203832626, 0.266362071, 0), (0.180472106, 0.305959731, 0), (0.156782359, 0.334694356, 0), (0.133836716, 0.354096204, 0), (0.111574903, 0.367306083, 0), (0.0907806605, 0.37578845, 0), (0.072230272, 0.38074097, 0), (0.0563607365, 0.382661074, 0), (0.0434795097, 0.382522404, 0), (0.0334124714, 0.381929487, 0), (0.02505414, 0.380806297, 0), (0.0183277056, 0.378642321, 0), (0.0152507955, 0.375144005, 0), (0.00958396494, -0.00279053301, 0), (0.00958396494, -0.00279053301, 0), (0, 0, 0), (0, 0, 0), (0, 0, 0), (0, 0, 0), (0, 0, 0), (0, 0, 0), (0, 0, 0), (0, 0, 0), (0, 0, 0), (0, 0, 0), (0, 0, 0), (0, 0, 0), (0, 0, 0), (0, 0, 0), (0, 0, 0), (0, 0, 0), (0, 0, 0), (0, 0, 0), (0, 0, 0), (0, 0, 0), (0, 0, 0), (0, 0, 0), (0, 0, 0), (0, 0, 0), (0, 0, 0), (0, 0, 0), (0, 0, 0), (0, 0, 0), (0, 0, 0), (0, 0, 0), (0, 0, 0), (0, 0, 0), (0, 0, 0), (0, 0, 0), (0, 0, 0), (0, 0, 0), (0, 0, 0), (0, 0, 0), (0, 0, 0), (0, 0, 0), (0, 0, 0), (0, 0, 0), (0, 0, 0), (0.0453276895, 1.46874809e-05, 0), (0.0479352437, 0.000328597613, 0), (0.0531839393, 0.00132157211, 0), (0.0612016805, 0.00355848647, 0), (0.0721851587, 0.00796192419, 0), (0.0863029733, 0.016136568, 0), (0.103365324, 0.0306977089, 0), (0.122036941, 0.054338567, 0), (0.139369905, 0.0862483606, 0), (0.152787194, 0.123892307, 0), (0.160480335, 0.166728795, 0), (0.159781173, 0.209381267, 0), (0.151596367, 0.247309759, 0), (0.138451666, 0.278444469, 0), (0.123450786, 0.303854972, 0), (0.108024001, 0.324086249, 0), (0.0926457122, 0.339586377, 0), (0.0777787492, 0.35114184, 0), (0.0638981238, 0.359314352, 0), (0.0513946302, 0.364559889, 0), (0.0405525193, 0.367610931, 0), (0.0313805565, 0.368919045, 0), (0.0238837022, 0.368802369, 0), (0.0185373891, 0.367886662, 0), (0.0169284772, 0.366692454, 0), (0.0104345409, -0.00317524956, 0), (0.0104345409, -0.00317524956, 0), (0, 0, 0), (0, 0, 0), (0, 0, 0), (0, 0, 0), (0, 0, 0), (0, 0, 0), (0, 0, 0), (0, 0, 0), (0, 0, 0), (0, 0, 0), (0, 0, 0), (0, 0, 0), (0, 0, 0), (0, 0, 0), (0, 0, 0), (0, 0, 0), (0, 0, 0), (0, 0, 0), (0, 0, 0), (0, 0, 0), (0, 0, 0), (0, 0, 0), (0, 0, 0), (0, 0, 0), (0, 0, 0), (0, 0, 0), (0, 0, 0), (0, 0, 0), (0, 0, 0), (0, 0, 0), (0, 0, 0), (0, 0, 0), (0, 0, 0), (0, 0, 0), (0, 0, 0), (0, 0, 0), (0, 0, 0), (0, 0, 0), (0, 0, 0), (0, 0, 0), (0, 0, 0), (0, 0, 0), (0, 0, 0), (0.0401084721, 0.00369094685, 0), (0.042138733, 0.00781024015, 0), (0.0461604744, 0.0128148273, 0), (0.0521438904, 0.019278286, 0), (0.0600199252, 0.0279570892, 0), (0.0696021393, 0.0398515984, 0), (0.0804404691, 0.0561352335, 0), (0.0916330442, 0.077681236, 0), (0.101831615, 0.104272388, 0), (0.109647356, 0.134878144, 0), (0.113874748, 0.16806221, 0), (0.113677271, 0.201167718, 0), (0.109361589, 0.23187916, 0), (0.101946734, 0.258848399, 0), (0.0927190185, 0.281946808, 0), (0.0826320797, 0.301394016, 0), (0.0722545609, 0.317445815, 0), (0.0619743355, 0.330414414, 0), (0.0520957112, 0.340563864, 0), (0.0429020487, 0.348151594, 0), (0.0346337557, 0.353480011, 0), (0.0274524968, 0.356761128, 0), (0.0216234941, 0.35814786, 0), (0.0178235509, 0.358184397, 0), (0.0174769275, 0.357793927, 0), (0.0103042405, -0.00360621256, 0), (0.0103042405, -0.00360621256, 0), (0, 0, 0), (0, 0, 0), (0, 0, 0), (0, 0, 0), (0, 0, 0), (0, 0, 0), (0, 0, 0), (0, 0, 0), (0, 0, 0), (0, 0, 0), (0, 0, 0), (0, 0, 0), (0, 0, 0), (0, 0, 0), (0, 0, 0), (0, 0, 0), (0, 0, 0), (0, 0, 0), (0, 0, 0), (0, 0, 0), (0, 0, 0), (0, 0, 0), (0, 0, 0), (0, 0, 0), (0, 0, 0), (0, 0, 0), (0, 0, 0), (0, 0, 0), (0, 0, 0), (0, 0, 0), (0, 0, 0), (0, 0, 0), (0, 0, 0), (0, 0, 0), (0, 0, 0), (0, 0, 0), (0, 0, 0), (0, 0, 0), (0, 0, 0), (0, 0, 0), (0, 0, 0), (0, 0, 0), (0, 0, 0), (0.0307947248, 0.00654059695, 0), (0.0322119966, 0.013543454, 0), (0.0349897444, 0.0214538835, 0), (0.0390478, 0.0307543892, 0), (0.0442460999, 0.0419785008, 0), (0.0503473245, 0.0556950308, 0), (0.0569693483, 0.0724231824, 0), (0.0635553077, 0.0924431086, 0), (0.0694090649, 0.115588009, 0), (0.0738176852, 0.141231894, 0), (0.0761820823, 0.168342307, 0), (0.0761679858, 0.195546269, 0), (0.0738632679, 0.221589968, 0), (0.069687143, 0.245579705, 0), (0.0642265677, 0.267062157, 0), (0.05803423, 0.285865545, 0), (0.0515120812, 0.301982403, 0), (0.0448976867, 0.31553188, 0), (0.0383564755, 0.326675564, 0), (0.0321330912, 0.335551858, 0), (0.026557751, 0.342271775, 0), (0.021960998, 0.346920282, 0), (0.0187024064, 0.34944272, 0), (0.017430272, 0.349859476, 0), (0.0193677843, 0.348807424, 0), (0.0105002578, -0.00405263156, 0), (0.0105002578, -0.00405263156, 0), (0, 0, 0), (0, 0, 0), (0, 0, 0), (0, 0, 0), (0, 0, 0), (0, 0, 0), (0, 0, 0), (0, 0, 0), (0, 0, 0), (0, 0, 0), (0, 0, 0), (0, 0, 0), (0, 0, 0), (0, 0, 0), (0, 0, 0), (0, 0, 0), (0, 0, 0), (0, 0, 0), (0, 0, 0), (0, 0, 0), (0, 0, 0), (0, 0, 0), (0, 0, 0), (0, 0, 0), (0, 0, 0), (0, 0, 0), (0, 0, 0), (0, 0, 0), (0, 0, 0), (0, 0, 0), (0, 0, 0), (0, 0, 0), (0, 0, 0), (0, 0, 0), (0, 0, 0), (0, 0, 0), (0, 0, 0), (0, 0, 0), (0, 0, 0), (0, 0, 0), (0, 0, 0), (0, 0, 0), (0, 0, 0), (0.0187503919, 0.0084423488, 0), (0.0195892211, 0.0173294004, 0), (0.0212242417, 0.0270626694, 0), (0.0235894267, 0.0380297117, 0), (0.0265786443, 0.050603684, 0), (0.0300193857, 0.0651089624, 0), (0.033668045, 0.0817754716, 0), (0.0372128673, 0.100662284, 0), (0.0403025039, 0.121592611, 0), (0.0425970964, 0.144138306, 0), (0.0438288376, 0.167650461, 0), (0.043859981, 0.191343382, 0), (0.0427203104, 0.214447275, 0), (0.0405919068, 0.236311242, 0), (0.037760362, 0.256447971, 0), (0.0345324203, 0.274523228, 0), (0.0311182942, 0.290355176, 0), (0.0275377706, 0.303943813, 0), (0.0237645116, 0.315433502, 0), (0.020060949, 0.324973941, 0), (0.0169672072, 0.332640231, 0), (0.0150649752, 0.338392496, 0), (0.0149744274, 0.341881961, 0), (0.0177598577, 0.342322409, 0), (0.0254527237, 0.338747352, 0), (0.0135448286, -0.0045637521, 0), (0.0135448286, -0.0045637521, 0), (0, 0, 0), (0, 0, 0), (0, 0, 0), (0, 0, 0), (0, 0, 0), (0, 0, 0), (0, 0, 0), (0, 0, 0), (0, 0, 0), (0, 0, 0), (0, 0, 0), (0, 0, 0), (0, 0, 0), (0, 0, 0), (0, 0, 0), (0, 0, 0), (0, 0, 0), (0, 0, 0), (0, 0, 0), (0, 0, 0), (0, 0, 0), (0, 0, 0), (0, 0, 0), (0, 0, 0), (0, 0, 0), (0, 0, 0), (0, 0, 0), (0, 0, 0), (0, 0, 0), (0, 0, 0), (0, 0, 0), (0, 0, 0), (0, 0, 0), (0, 0, 0), (0, 0, 0), (0, 0, 0), (0, 0, 0), (0, 0, 0), (0, 0, 0), (0, 0, 0), (0, 0, 0), (0, 0, 0), (0, 0, 0), (0.00632732129, 0.00874259882, 0), (0.00665236218, 0.0178943574, 0), (0.00728332298, 0.0277950745, 0), (0.00820251554, 0.0387688018, 0), (0.00936511159, 0.0510869026, 0), (0.0107035292, 0.0649564862, 0), (0.0121186599, 0.0804810002, 0), (0.0134889456, 0.097633779, 0), (0.0146813635, 0.116239324, 0), (0.0155719798, 0.135978773, 0), (0.0160686243, 0.156417474, 0), (0.0161283221, 0.177051559, 0), (0.0157659557, 0.197364107, 0), (0.0150567126, 0.216869041, 0), (0.0141327735, 0.23513858, 0), (0.0131521681, 0.251818359, 0), (0.0121874548, 0.266654372, 0), (0.011078666, 0.279553384, 0), (0.0096086897, 0.290606111, 0), (0.00800354127, 0.299995989, 0), (0.00688321842, 0.307933033, 0), (0.00690778624, 0.314585328, 0), (0.00893662032, 0.319805175, 0), (0.0152260754, 0.322437227, 0), (0.0331800841, 0.31794858, 0), (0.0207816008, -0.00545408996, 0), (0.0207816008, -0.00545408996, 0), (0, 0, 0), (0, 0, 0), (0, 0, 0), (0, 0, 0), (0, 0, 0), (0, 0, 0), (0, 0, 0), (0, 0, 0), (0, 0, 0), (0, 0, 0), (0, 0, 0), (0, 0, 0), (0, 0, 0), (0, 0, 0), (0, 0, 0), (0, 0, 0), (0, 0, 0), (0, 0, 0), (0, 0, 0), (0, 0, 0), (0, 0, 0), (0, 0, 0), (0, 0, 0), (0, 0, 0), (0, 0, 0), (0, 0, 0), (0, 0, 0), (0, 0, 0), (0, 0, 0), (0, 0, 0), (0, 0, 0), (0, 0, 0), (0, 0, 0), (0, 0, 0), (0, 0, 0), (0, 0, 0), (0, 0, 0), (0, 0, 0), (0, 0, 0), (0, 0, 0), (0, 0, 0), (0, 0, 0), (0, 0, 0), (0, 0.00470491592, 0), (0, 0.0096890172, 0), (0, 0.0151791368, 0), (0, 0.0213841405, 0), (0, 0.0284894891, 0), (0, 0.0366295092, 0), (0, 0.045870699, 0), (0, 0.056194216, 0), (0, 0.0674913749, 0), (0, 0.0795726255, 0), (0, 0.0921888202, 0), (0, 0.105055794, 0), (0, 0.117876038, 0), (0, 0.130361378, 0), (0, 0.142265633, 0), (0, 0.153416991, 0), (0, 0.163694859, 0), (0, 0.172915116, 0), (0, 0.180822045, 0), (0, 0.18739894, 0), (0, 0.193121418, 0), (0, 0.198892191, 0), (0, 0.206024274, 0), (0, 0.217115581, 0), (0, 0.239801034, 0), (0, -0.00740877585, 0), (0, -0.00740877585, 0), (0, 0, 0), (0, 0, 0), (0, 0, 0), (0, 0, 0), (0, 0, 0), (0, 0, 0), (0, 0, 0), (0, 0, 0), (0, 0, 0), (0, 0, 0), (0, 0, 0), (0, 0, 0), (0, 0, 0), (0, 0, 0), (0, 0, 0), (0, 0, 0), (0, 0, 0), (0, 0, 0), (0, 0, 0), (0, 0, 0), (0, 0, 0), (0, 0, 0), (0, 0, 0), (0, 0, 0), (0, 0, 0), (0, 0, 0), (0, 0, 0), (0, 0, 0), (0, 0, 0), (0, 0, 0), (0, 0, 0), (0, 0, 0), (0, 0, 0), (0, 0, 0), (0, 0, 0), (0, 0, 0), (0, 0, 0), (0, 0, 0), (0, 0, 0), (0, 0, 0), (0, 0, 0), (0, 0, 0), (0, 0, 0)] (
            interpolation = "uniform"
        )
        float[] primvars:Gas_temperature = [1073.15002, 1073.15002, 1073.15002, 1073.14954, 1074.02747, 1073.00244, 1070.39368, 1069.51172, 1069.37317, 1069.25366, 1072.62036, 1073.02881, 1073.12341, 1073.14551, 1073.14954, 1073.15015, 1073.15015, 1073.15002, 1073.15002, 1073.15002, 1073.15002, 1073.15002, 1073.15002, 1073.15002, 1073.15002, 1073.15002, 1073.15002, 1073.15002, 1073.15002, 1073.15002, 1073.15002, 1073.15002, 1073.15002, 1073.15002, 1073.15002, 1073.15002, 1073.15002, 1073.15002, 1073.15002, 1073.15002, 1073.15002, 1073.15002, 1073.15002, 1073.15002, 1073.15002, 1073.15002, 1073.15002, 1073.15002, 1073.15002, 1073.15002, 1073.15002, 1073.15002, 1073.15002, 1073.15002, 1073.15002, 1073.15002, 1073.15002, 1073.15002, 1073.15002, 1073.15002, 1073.15002, 1073.15002, 1073.15002, 1073.15002, 1073.15002, 1073.15002, 1073.15002, 1073.15002, 1073.15002, 1073.15002, 1073.15002, 1073.15002, 1073.15002, 1073.15002, 1073.14905, 1073.30994, 1073.01062, 1072.91614, 1072.86877, 1072.86877, 1073.0647, 1073.1283, 1073.14575, 1073.14941, 1073.15015, 1073.15015, 1073.15002, 1073.15002, 1073.15002, 1073.15002, 1073.15002, 1073.15002, 1073.15002, 1073.15002, 1073.15002, 1073.15002, 1073.15002, 1073.15002, 1073.15002, 1073.15002, 1073.15002, 1073.15002, 1073.15002, 1073.15002, 1073.15002, 1073.15002, 1073.15002, 1073.15002, 1073.15002, 1073.15002, 1073.15002, 1073.15002, 1073.15002, 1073.15002, 1073.15002, 1073.15002, 1073.15002, 1073.15002, 1073.15002, 1073.15002, 1073.15002, 1073.15002, 1073.15002, 1073.15002, 1073.15002, 1073.15002, 1073.15002, 1073.15002, 1073.15002, 1073.15002, 1073.15002, 1073.15002, 1073.15002, 1073.15002, 1073.15002, 1073.15002, 1073.15002, 1073.15002, 1073.15002, 1073.15002, 1073.15002, 1073.15002, 1073.15002, 1073.15002, 1073.15002, 1073.64941, 1073.1438, 1073.12744, 1073.1178, 1073.11426, 1073.13879, 1073.14746, 1073.14966, 1073.15015, 1073.15015, 1073.15002, 1073.15002, 1073.15002, 1073.15002, 1073.15002, 1073.15002, 1073.15002, 1073.15002, 1073.15002, 1073.15002, 1073.15002, 1073.15002, 1073.15002, 1073.15002, 1073.15002, 1073.15002, 1073.15002, 1073.15002, 1073.15002, 1073.15002, 1073.15002, 1073.15002, 1073.15002, 1073.15002, 1073.15002, 1073.15002, 1073.15002, 1073.15002, 1073.15002, 1073.15002, 1073.15002, 1073.15002, 1073.15002, 1073.15002, 1073.15002, 1073.15002, 1073.15002, 1073.15002, 1073.15002, 1073.15002, 1073.15002, 1073.15002, 1073.15002, 1073.15002, 1073.15002, 1073.15002, 1073.15002, 1073.15002, 1073.15002, 1073.15002, 1073.15002, 1073.15002, 1073.15002, 1073.15002, 1073.15002, 1073.15002, 1073.15002, 1073.15002, 1073.15002, 1073.15002, 1073.15015, 1073.36658, 1073.15173, 1073.14746, 1073.14734, 1073.14929, 1073.15002, 1073.15002, 1073.15002, 1073.15002, 1073.15002, 1073.15002, 1073.15002, 1073.15002, 1073.15002, 1073.15002, 1073.15002, 1073.15002, 1073.15002, 1073.15002, 1073.15002, 1073.15002, 1073.15002, 1073.15002, 1073.15002, 1073.15002, 1073.15002, 1073.15002, 1073.15002, 1073.15002, 1073.15002, 1073.15002, 1073.15002, 1073.15002, 1073.15002, 1073.15002, 1073.15002, 1073.15002, 1073.15002, 1073.15002, 1073.15002, 1073.15002, 1073.15002, 1073.15002, 1073.15002, 1073.15002, 1073.15002, 1073.15002, 1073.15002, 1073.15002, 1073.15002, 1073.15002, 1073.15002, 1073.15002, 1073.15002, 1073.15002, 1073.15002, 1073.15002, 1073.15002, 1073.15002, 1073.15002, 1073.15002, 1073.15002, 1073.15002, 1073.15002, 1073.15002, 1073.15002, 1073.15002, 1073.15002, 1073.15002, 1073.15002, 1073.15002, 1073.15002, 1073.15002, 1073.1499, 1073.15002, 1073.15002, 1073.15002, 1073.15002, 1073.15002, 1073.15002, 1073.15002, 1073.15002, 1073.15002, 1073.15002, 1073.15002, 1073.15002, 1073.15002, 1073.15002, 1073.15002, 1073.15002, 1073.15002, 1073.15002, 1073.15002, 1073.15002, 1073.15002, 1073.15002, 1073.15002, 1073.15002, 1073.15002, 1073.15002, 1073.15002, 1073.15002, 1073.15002, 1073.15002, 1073.15002, 1073.15002, 1073.15002, 1073.15002, 1073.15002, 1073.15002, 1073.15002, 1073.15002, 1073.15002, 1073.15002, 1073.15002, 1073.15002, 1073.15002, 1073.15002, 1073.15002, 1073.15002, 1073.15002, 1073.15002, 1073.15002, 1073.15002, 1073.15002, 1073.15002, 1073.15002, 1073.15002, 1073.15002, 1073.15002, 1073.15002, 1073.15002, 1073.15002, 1073.15002, 1073.15002, 1073.15002, 1073.15002, 1073.15002, 1073.15002, 1073.15002, 1073.15002, 1073.15002, 1073.15002, 1073.15002, 1073.15002, 1073.15002, 1073.15002, 1073.15002, 1073.15002, 1073.15002, 1073.15002, 1073.15002, 1073.15002, 1073.15002, 1073.15002, 1073.15002, 1073.15002, 1073.15002, 1073.15002, 1073.15002, 1073.15002, 1073.15002, 1073.15002, 1073.15002, 1073.15002, 1073.15002, 1073.15002, 1073.15002, 1073.15002, 1073.15002, 1073.15002, 1073.15002, 1073.15002, 1073.15002, 1073.15002, 1073.15002, 1073.15002, 1073.15002, 1073.15002, 1073.15002, 1073.15002, 1073.15002, 1073.15002, 1073.15002, 1073.15002, 1073.15002, 1073.15002, 1073.15002, 1073.15002, 1073.15002, 1073.15002, 1073.15002, 1073.15002, 1073.15002, 1073.15002, 1073.15002, 1073.15002, 1073.15002, 1073.15002, 1073.15002, 1073.15002, 1073.15002, 1073.15002, 1073.15002, 1073.15002, 1073.15002, 1073.15002, 1073.15002, 1073.15002, 1073.15002, 1073.15002, 1073.15002, 1073.15002, 1073.15002, 1073.15002, 1073.15002, 1073.15002, 1073.15002, 1073.15002, 1073.15002, 1073.15002, 1073.15002, 1073.15002, 1073.15002, 1073.15002, 1073.15002, 1073.15002, 1073.15002, 1073.15002, 1073.15002, 1073.15002, 1073.15002, 1073.15002, 1073.15002, 1073.15002, 1073.15002, 1073.15002, 1073.15002, 1073.15002, 1073.15002, 1073.15002, 1073.15002, 1073.15002, 1073.15002, 1073.15002, 1073.15002, 1073.15002, 1073.15002, 1073.15002, 1073.15002, 1073.15002, 1073.15002, 1073.15002, 1073.15002, 1073.15002, 1073.15002, 1073.15002, 1073.15002, 1073.15002, 1073.15002, 1073.15002, 1073.15002, 1073.15002, 1073.15002, 1073.15002, 1073.15002, 1073.15002, 1073.15002, 1073.15002, 1073.15002, 1073.15002, 1073.15002, 1073.15002, 1073.15002, 1073.15002, 1073.15002, 1073.15002, 1073.15002, 1073.15002, 1073.15002, 1073.15002, 1073.15002, 1073.15002, 1073.15002, 1073.15002, 1073.15002, 1073.15002, 1073.15002, 1073.15002, 1073.15002, 1073.15002, 1073.15002, 1073.15002, 1073.15002, 1073.15002, 1073.15002, 1073.15002, 1073.15002, 1073.15002, 1073.15002, 1073.15002, 1073.15002, 1073.15002, 1073.15002, 1073.15002, 1073.15002, 1073.15002, 1073.15002, 1073.15002, 1073.15002, 1073.15002, 1073.15002, 1073.15002, 1073.15002, 1073.15002, 1073.15002, 1073.15002, 1073.15002, 1073.15002, 1073.15002, 1073.15002, 1073.15002, 1073.15002, 1073.15002, 1073.15002, 1073.15002, 1073.15002, 1073.15002, 1073.15002, 1073.15002, 1073.15002, 1073.15002, 1073.15002, 1073.15002, 1073.15002, 1073.15002, 1073.15002, 1073.15002, 1073.15002, 1073.15002, 1073.15002, 1073.15002, 1073.15002, 1073.15002, 1073.15002, 1073.15002, 1073.15002, 1073.15002, 1073.15002, 1073.15002, 1073.15002, 1073.15002, 1073.15002, 1073.15002, 1073.15002, 1073.15002, 1073.15002, 1073.15002, 1073.15002, 1073.15002, 1073.15002, 1073.15002, 1073.15002, 1073.15002, 1073.15002, 1073.15002, 1073.15002, 1073.15002, 1073.15002, 1073.15002, 1073.15002, 1073.15002, 1073.15002, 1073.15002, 1073.15002, 1073.15002, 1073.15002, 1073.15002, 1073.15002, 1073.15002, 1073.15002, 1073.15002, 1073.15002, 1073.15002, 1073.15002, 1073.15002, 1073.15002, 1073.15002, 1073.15002, 1073.15002, 1073.15002, 1073.15002, 1073.15002, 1073.15002, 1073.15002, 1073.15002, 1073.15002, 1073.15002, 1073.15002, 1073.15002, 1073.15002, 1073.15002, 1073.15002, 1073.15002, 1073.15002, 1073.15002, 1073.15002, 1073.15002, 1073.15002, 1073.15002, 1073.15002, 1073.15002, 1073.15002, 1073.15002, 1073.15002, 1073.15002, 1073.15002, 1073.15002, 1073.15002, 1073.15002, 1073.15002, 1073.15002, 1073.15002, 1073.15002, 1073.15002, 1073.15002, 1073.15002, 1073.15002, 1073.15002, 1073.15002, 1073.15002, 1073.15002, 1073.15002, 1073.15002, 1073.15002, 1073.15002, 1073.15002, 1073.15002, 1073.15002, 1073.15002, 1073.15002, 1073.15002, 1073.15002, 1073.15002, 1073.15002, 1073.15002, 1073.15002, 1073.15002, 1073.15002, 1073.15002, 1073.15002, 1073.15002, 1073.15002, 1073.15002, 1073.15002, 1073.15002, 1073.15002, 1073.15002, 1073.15002, 1073.15002, 1073.15002, 1073.15002, 1073.15002, 1073.15002, 1073.15002, 1073.15002, 1073.15002, 1073.15002, 1073.15002, 1073.15002, 1073.15002, 1073.15002, 1073.15002, 1073.15002, 1073.15002, 1073.15002, 1073.15002, 1073.15002, 1073.15002, 1073.15002, 1073.15002, 1073.15002, 1073.15002, 1073.15002] (
            interpolation = "uniform"
        )
        float[] primvars:Solids_temperature_1 = [1073.15002, 1073.15002, 1073.15002, 1073.14917, 1072.96863, 1072.77686, 963.977112, 938.616028, 936.610962, 931.505432, 1052.90466, 1069.59253, 1072.3584, 1072.89685, 1072.96997, 1073.1499, 1073.15002, 1073.15002, 1073.15002, 1073.15002, 1073.15002, 1073.15002, 1073.15002, 1073.15002, 1073.15002, 1073.15002, 1073.15002, 1073.15002, 1073.15002, 1073.15002, 1073.15002, 1073.15002, 1073.15002, 1073.15002, 1073.15002, 1073.15002, 1073.15002, 1073.15002, 1073.15002, 1073.15002, 1073.15002, 1073.15002, 1073.15002, 1073.15002, 1073.15002, 1073.15002, 1073.15002, 1073.15002, 1073.15002, 1073.15002, 1073.15002, 1073.15002, 1073.15002, 1073.15002, 1073.15002, 1073.15002, 1073.15002, 1073.15002, 1073.15002, 1073.15002, 1073.15002, 1073.15002, 1073.15002, 1073.15002, 1073.15002, 1073.15002, 1073.15002, 1073.15002, 1073.15002, 1073.15002, 1073.15002, 1073.15002, 1073.15002, 1073.15002, 1073.1488, 1071.00635, 1066.23315, 1061.87134, 1059.31702, 1057.41541, 1069.948, 1072.39014, 1072.7616, 1072.88586, 1073.1499, 1073.15002, 1073.15002, 1073.15002, 1073.15002, 1073.15002, 1073.15002, 1073.15002, 1073.15002, 1073.15002, 1073.15002, 1073.15002, 1073.15002, 1073.15002, 1073.15002, 1073.15002, 1073.15002, 1073.15002, 1073.15002, 1073.15002, 1073.15002, 1073.15002, 1073.15002, 1073.15002, 1073.15002, 1073.15002, 1073.15002, 1073.15002, 1073.15002, 1073.15002, 1073.15002, 1073.15002, 1073.15002, 1073.15002, 1073.15002, 1073.15002, 1073.15002, 1073.15002, 1073.15002, 1073.15002, 1073.15002, 1073.15002, 1073.15002, 1073.15002, 1073.15002, 1073.15002, 1073.15002, 1073.15002, 1073.15002, 1073.15002, 1073.15002, 1073.15002, 1073.15002, 1073.15002, 1073.15002, 1073.15002, 1073.15002, 1073.15002, 1073.15002, 1073.15002, 1073.15002, 1071.49768, 1071.32605, 1071.58899, 1071.21545, 1070.66101, 1072.45349, 1072.65674, 1072.84082, 1073.1499, 1073.15002, 1073.15002, 1073.15002, 1073.15002, 1073.15002, 1073.15002, 1073.15002, 1073.15002, 1073.15002, 1073.15002, 1073.15002, 1073.15002, 1073.15002, 1073.15002, 1073.15002, 1073.15002, 1073.15002, 1073.15002, 1073.15002, 1073.15002, 1073.15002, 1073.15002, 1073.15002, 1073.15002, 1073.15002, 1073.15002, 1073.15002, 1073.15002, 1073.15002, 1073.15002, 1073.15002, 1073.15002, 1073.15002, 1073.15002, 1073.15002, 1073.15002, 1073.15002, 1073.15002, 1073.15002, 1073.15002, 1073.15002, 1073.15002, 1073.15002, 1073.15002, 1073.15002, 1073.15002, 1073.15002, 1073.15002, 1073.15002, 1073.15002, 1073.15002, 1073.15002, 1073.15002, 1073.15002, 1073.15002, 1073.15002, 1073.15002, 1073.15002, 1073.15002, 1073.15002, 1073.15002, 1073.15002, 1071.50244, 1071.94189, 1071.87561, 1071.58398, 1072.61804, 1073.1499, 1073.15002, 1073.15002, 1073.15002, 1073.15002, 1073.15002, 1073.15002, 1073.15002, 1073.15002, 1073.15002, 1073.15002, 1073.15002, 1073.15002, 1073.15002, 1073.15002, 1073.15002, 1073.15002, 1073.15002, 1073.15002, 1073.15002, 1073.15002, 1073.15002, 1073.15002, 1073.15002, 1073.15002, 1073.15002, 1073.15002, 1073.15002, 1073.15002, 1073.15002, 1073.15002, 1073.15002, 1073.15002, 1073.15002, 1073.15002, 1073.15002, 1073.15002, 1073.15002, 1073.15002, 1073.15002, 1073.15002, 1073.15002, 1073.15002, 1073.15002, 1073.15002, 1073.15002, 1073.15002, 1073.15002, 1073.15002, 1073.15002, 1073.15002, 1073.15002, 1073.15002, 1073.15002, 1073.15002, 1073.15002, 1073.15002, 1073.15002, 1073.15002, 1073.15002, 1073.15002, 1073.15002, 1073.15002, 1073.15002, 1073.15002, 1073.15002, 1073.1499, 1073.1499, 1073.1499, 1073.15002, 1073.15002, 1073.15002, 1073.15002, 1073.15002, 1073.15002, 1073.15002, 1073.15002, 1073.15002, 1073.15002, 1073.15002, 1073.15002, 1073.15002, 1073.15002, 1073.15002, 1073.15002, 1073.15002, 1073.15002, 1073.15002, 1073.15002, 1073.15002, 1073.15002, 1073.15002, 1073.15002, 1073.15002, 1073.15002, 1073.15002, 1073.15002, 1073.15002, 1073.15002, 1073.15002, 1073.15002, 1073.15002, 1073.15002, 1073.15002, 1073.15002, 1073.15002, 1073.15002, 1073.15002, 1073.15002, 1073.15002, 1073.15002, 1073.15002, 1073.15002, 1073.15002, 1073.15002, 1073.15002, 1073.15002, 1073.15002, 1073.15002, 1073.15002, 1073.15002, 1073.15002, 1073.15002, 1073.15002, 1073.15002, 1073.15002, 1073.15002, 1073.15002, 1073.15002, 1073.15002, 1073.15002, 1073.15002, 1073.15002, 1073.15002, 1073.15002, 1073.15002, 1073.15002, 1073.15002, 1073.15002, 1073.15002, 1073.15002, 1073.15002, 1073.15002, 1073.15002, 1073.15002, 1073.15002, 1073.15002, 1073.15002, 1073.15002, 1073.15002, 1073.15002, 1073.15002, 1073.15002, 1073.15002, 1073.15002, 1073.15002, 1073.15002, 1073.15002, 1073.15002, 1073.15002, 1073.15002, 1073.15002, 1073.15002, 1073.15002, 1073.15002, 1073.15002, 1073.15002, 1073.15002, 1073.15002, 1073.15002, 1073.15002, 1073.15002, 1073.15002, 1073.15002, 1073.15002, 1073.15002, 1073.15002, 1073.15002, 1073.15002, 1073.15002, 1073.15002, 1073.15002, 1073.15002, 1073.15002, 1073.15002, 1073.15002, 1073.15002, 1073.15002, 1073.15002, 1073.15002, 1073.15002, 1073.15002, 1073.15002, 1073.15002, 1073.15002, 1073.15002, 1073.15002, 1073.15002, 1073.15002, 1073.15002, 1073.15002, 1073.15002, 1073.15002, 1073.15002, 1073.15002, 1073.15002, 1073.15002, 1073.15002, 1073.15002, 1073.15002, 1073.15002, 1073.15002, 1073.15002, 1073.15002, 1073.15002, 1073.15002, 1073.15002, 1073.15002, 1073.15002, 1073.15002, 1073.15002, 1073.15002, 1073.15002, 1073.15002, 1073.15002, 1073.15002, 1073.15002, 1073.15002, 1073.15002, 1073.15002, 1073.15002, 1073.15002, 1073.15002, 1073.15002, 1073.15002, 1073.15002, 1073.15002, 1073.15002, 1073.15002, 1073.15002, 1073.15002, 1073.15002, 1073.15002, 1073.15002, 1073.15002, 1073.15002, 1073.15002, 1073.15002, 1073.15002, 1073.15002, 1073.15002, 1073.15002, 1073.15002, 1073.15002, 1073.15002, 1073.15002, 1073.15002, 1073.15002, 1073.15002, 1073.15002, 1073.15002, 1073.15002, 1073.15002, 1073.15002, 1073.15002, 1073.15002, 1073.15002, 1073.15002, 1073.15002, 1073.15002, 1073.15002, 1073.15002, 1073.15002, 1073.15002, 1073.15002, 1073.15002, 1073.15002, 1073.15002, 1073.15002, 1073.15002, 1073.15002, 1073.15002, 1073.15002, 1073.15002, 1073.15002, 1073.15002, 1073.15002, 1073.15002, 1073.15002, 1073.15002, 1073.15002, 1073.15002, 1073.15002, 1073.15002, 1073.15002, 1073.15002, 1073.15002, 1073.15002, 1073.15002, 1073.15002, 1073.15002, 1073.15002, 1073.15002, 1073.15002, 1073.15002, 1073.15002, 1073.15002, 1073.15002, 1073.15002, 1073.15002, 1073.15002, 1073.15002, 1073.15002, 1073.15002, 1073.15002, 1073.15002, 1073.15002, 1073.15002, 1073.15002, 1073.15002, 1073.15002, 1073.15002, 1073.15002, 1073.15002, 1073.15002, 1073.15002, 1073.15002, 1073.15002, 1073.15002, 1073.15002, 1073.15002, 1073.15002, 1073.15002, 1073.15002, 1073.15002, 1073.15002, 1073.15002, 1073.15002, 1073.15002, 1073.15002, 1073.15002, 1073.15002, 1073.15002, 1073.15002, 1073.15002, 1073.15002, 1073.15002, 1073.15002, 1073.15002, 1073.15002, 1073.15002, 1073.15002, 1073.15002, 1073.15002, 1073.15002, 1073.15002, 1073.15002, 1073.15002, 1073.15002, 1073.15002, 1073.15002, 1073.15002, 1073.15002, 1073.15002, 1073.15002, 1073.15002, 1073.15002, 1073.15002, 1073.15002, 1073.15002, 1073.15002, 1073.15002, 1073.15002, 1073.15002, 1073.15002, 1073.15002, 1073.15002, 1073.15002, 1073.15002, 1073.15002, 1073.15002, 1073.15002, 1073.15002, 1073.15002, 1073.15002, 1073.15002, 1073.15002, 1073.15002, 1073.15002, 1073.15002, 1073.15002, 1073.15002, 1073.15002, 1073.15002, 1073.15002, 1073.15002, 1073.15002, 1073.15002, 1073.15002, 1073.15002, 1073.15002, 1073.15002, 1073.15002, 1073.15002, 1073.15002, 1073.15002, 1073.15002, 1073.15002, 1073.15002, 1073.15002, 1073.15002, 1073.15002, 1073.15002, 1073.15002, 1073.15002, 1073.15002, 1073.15002, 1073.15002, 1073.15002, 1073.15002, 1073.15002, 1073.15002, 1073.15002, 1073.15002, 1073.15002, 1073.15002, 1073.15002, 1073.15002, 1073.15002, 1073.15002, 1073.15002, 1073.15002, 1073.15002, 1073.15002, 1073.15002, 1073.15002, 1073.15002, 1073.15002, 1073.15002, 1073.15002, 1073.15002, 1073.15002, 1073.15002, 1073.15002, 1073.15002, 1073.15002, 1073.15002, 1073.15002, 1073.15002, 1073.15002, 1073.15002, 1073.15002, 1073.15002, 1073.15002, 1073.15002, 1073.15002, 1073.15002, 1073.15002, 1073.15002, 1073.15002, 1073.15002, 1073.15002, 1073.15002, 1073.15002, 1073.15002, 1073.15002, 1073.15002, 1073.15002, 1073.15002, 1073.15002, 1073.15002, 1073.15002, 1073.15002, 1073.15002, 1073.15002, 1073.15002, 1073.15002, 1073.15002, 1073.15002] (
            interpolation = "uniform"
        )
        float[] primvars:Solids_temperature_2 = [1073.15002, 1073.15002, 1073.15002, 1073.14917, 1073.13708, 1072.99451, 1072.2605, 1072.16541, 1072.14038, 1072.17212, 1072.78528, 1073.03992, 1073.12402, 1073.14539, 1073.14941, 1073.1499, 1073.15002, 1073.15002, 1073.15002, 1073.15002, 1073.15002, 1073.15002, 1073.15002, 1073.15002, 1073.15002, 1073.15002, 1073.15002, 1073.15002, 1073.15002, 1073.15002, 1073.15002, 1073.15002, 1073.15002, 1073.15002, 1073.15002, 1073.15002, 1073.15002, 1073.15002, 1073.15002, 1073.15002, 1073.15002, 1073.15002, 1073.15002, 1073.15002, 1073.15002, 1073.15002, 1073.15002, 1073.15002, 1073.15002, 1073.15002, 1073.15002, 1073.15002, 1073.15002, 1073.15002, 1073.15002, 1073.15002, 1073.15002, 1073.15002, 1073.15002, 1073.15002, 1073.15002, 1073.15002, 1073.15002, 1073.15002, 1073.15002, 1073.15002, 1073.15002, 1073.15002, 1073.15002, 1073.15002, 1073.15002, 1073.15002, 1073.15002, 1073.1499, 1073.1488, 1073.13354, 1073.02209, 1072.953, 1072.92456, 1072.93445, 1073.07117, 1073.12878, 1073.14575, 1073.14941, 1073.1499, 1073.15002, 1073.15002, 1073.15002, 1073.15002, 1073.15002, 1073.15002, 1073.15002, 1073.15002, 1073.15002, 1073.15002, 1073.15002, 1073.15002, 1073.15002, 1073.15002, 1073.15002, 1073.15002, 1073.15002, 1073.15002, 1073.15002, 1073.15002, 1073.15002, 1073.15002, 1073.15002, 1073.15002, 1073.15002, 1073.15002, 1073.15002, 1073.15002, 1073.15002, 1073.15002, 1073.15002, 1073.15002, 1073.15002, 1073.15002, 1073.15002, 1073.15002, 1073.15002, 1073.15002, 1073.15002, 1073.15002, 1073.15002, 1073.15002, 1073.15002, 1073.15002, 1073.15002, 1073.15002, 1073.15002, 1073.15002, 1073.15002, 1073.15002, 1073.15002, 1073.15002, 1073.15002, 1073.15002, 1073.15002, 1073.15002, 1073.15002, 1073.15002, 1073.15002, 1073.1499, 1073.15002, 1073.13867, 1073.12793, 1073.11877, 1073.11597, 1073.13892, 1073.14746, 1073.14954, 1073.1499, 1073.15002, 1073.15002, 1073.15002, 1073.15002, 1073.15002, 1073.15002, 1073.15002, 1073.15002, 1073.15002, 1073.15002, 1073.15002, 1073.15002, 1073.15002, 1073.15002, 1073.15002, 1073.15002, 1073.15002, 1073.15002, 1073.15002, 1073.15002, 1073.15002, 1073.15002, 1073.15002, 1073.15002, 1073.15002, 1073.15002, 1073.15002, 1073.15002, 1073.15002, 1073.15002, 1073.15002, 1073.15002, 1073.15002, 1073.15002, 1073.15002, 1073.15002, 1073.15002, 1073.15002, 1073.15002, 1073.15002, 1073.15002, 1073.15002, 1073.15002, 1073.15002, 1073.15002, 1073.15002, 1073.15002, 1073.15002, 1073.15002, 1073.15002, 1073.15002, 1073.15002, 1073.15002, 1073.15002, 1073.15002, 1073.15002, 1073.15002, 1073.15002, 1073.15002, 1073.15002, 1073.15002, 1073.1499, 1073.1499, 1073.14856, 1073.14746, 1073.14734, 1073.14917, 1073.14978, 1073.15002, 1073.15002, 1073.15002, 1073.15002, 1073.15002, 1073.15002, 1073.15002, 1073.15002, 1073.15002, 1073.15002, 1073.15002, 1073.15002, 1073.15002, 1073.15002, 1073.15002, 1073.15002, 1073.15002, 1073.15002, 1073.15002, 1073.15002, 1073.15002, 1073.15002, 1073.15002, 1073.15002, 1073.15002, 1073.15002, 1073.15002, 1073.15002, 1073.15002, 1073.15002, 1073.15002, 1073.15002, 1073.15002, 1073.15002, 1073.15002, 1073.15002, 1073.15002, 1073.15002, 1073.15002, 1073.15002, 1073.15002, 1073.15002, 1073.15002, 1073.15002, 1073.15002, 1073.15002, 1073.15002, 1073.15002, 1073.15002, 1073.15002, 1073.15002, 1073.15002, 1073.15002, 1073.15002, 1073.15002, 1073.15002, 1073.15002, 1073.15002, 1073.15002, 1073.15002, 1073.15002, 1073.15002, 1073.15002, 1073.15002, 1073.15002, 1073.1499, 1073.1499, 1073.1499, 1073.15002, 1073.15002, 1073.15002, 1073.15002, 1073.15002, 1073.15002, 1073.15002, 1073.15002, 1073.15002, 1073.15002, 1073.15002, 1073.15002, 1073.15002, 1073.15002, 1073.15002, 1073.15002, 1073.15002, 1073.15002, 1073.15002, 1073.15002, 1073.15002, 1073.15002, 1073.15002, 1073.15002, 1073.15002, 1073.15002, 1073.15002, 1073.15002, 1073.15002, 1073.15002, 1073.15002, 1073.15002, 1073.15002, 1073.15002, 1073.15002, 1073.15002, 1073.15002, 1073.15002, 1073.15002, 1073.15002, 1073.15002, 1073.15002, 1073.15002, 1073.15002, 1073.15002, 1073.15002, 1073.15002, 1073.15002, 1073.15002, 1073.15002, 1073.15002, 1073.15002, 1073.15002, 1073.15002, 1073.15002, 1073.15002, 1073.15002, 1073.15002, 1073.15002, 1073.15002, 1073.15002, 1073.15002, 1073.15002, 1073.15002, 1073.15002, 1073.15002, 1073.15002, 1073.15002, 1073.15002, 1073.15002, 1073.15002, 1073.15002, 1073.15002, 1073.15002, 1073.15002, 1073.15002, 1073.15002, 1073.15002, 1073.15002, 1073.15002, 1073.15002, 1073.15002, 1073.15002, 1073.15002, 1073.15002, 1073.15002, 1073.15002, 1073.15002, 1073.15002, 1073.15002, 1073.15002, 1073.15002, 1073.15002, 1073.15002, 1073.15002, 1073.15002, 1073.15002, 1073.15002, 1073.15002, 1073.15002, 1073.15002, 1073.15002, 1073.15002, 1073.15002, 1073.15002, 1073.15002, 1073.15002, 1073.15002, 1073.15002, 1073.15002, 1073.15002, 1073.15002, 1073.15002, 1073.15002, 1073.15002, 1073.15002, 1073.15002, 1073.15002, 1073.15002, 1073.15002, 1073.15002, 1073.15002, 1073.15002, 1073.15002, 1073.15002, 1073.15002, 1073.15002, 1073.15002, 1073.15002, 1073.15002, 1073.15002, 1073.15002, 1073.15002, 1073.15002, 1073.15002, 1073.15002, 1073.15002, 1073.15002, 1073.15002, 1073.15002, 1073.15002, 1073.15002, 1073.15002, 1073.15002, 1073.15002, 1073.15002, 1073.15002, 1073.15002, 1073.15002, 1073.15002, 1073.15002, 1073.15002, 1073.15002, 1073.15002, 1073.15002, 1073.15002, 1073.15002, 1073.15002, 1073.15002, 1073.15002, 1073.15002, 1073.15002, 1073.15002, 1073.15002, 1073.15002, 1073.15002, 1073.15002, 1073.15002, 1073.15002, 1073.15002, 1073.15002, 1073.15002, 1073.15002, 1073.15002, 1073.15002, 1073.15002, 1073.15002, 1073.15002, 1073.15002, 1073.15002, 1073.15002, 1073.15002, 1073.15002, 1073.15002, 1073.15002, 1073.15002, 1073.15002, 1073.15002, 1073.15002, 1073.15002, 1073.15002, 1073.15002, 1073.15002, 1073.15002, 1073.15002, 1073.15002, 1073.15002, 1073.15002, 1073.15002, 1073.15002, 1073.15002, 1073.15002, 1073.15002, 1073.15002, 1073.15002, 1073.15002, 1073.15002, 1073.15002, 1073.15002, 1073.15002, 1073.15002, 1073.15002, 1073.15002, 1073.15002, 1073.15002, 1073.15002, 1073.15002, 1073.15002, 1073.15002, 1073.15002, 1073.15002, 1073.15002, 1073.15002, 1073.15002, 1073.15002, 1073.15002, 1073.15002, 1073.15002, 1073.15002, 1073.15002, 1073.15002, 1073.15002, 1073.15002, 1073.15002, 1073.15002, 1073.15002, 1073.15002, 1073.15002, 1073.15002, 1073.15002, 1073.15002, 1073.15002, 1073.15002, 1073.15002, 1073.15002, 1073.15002, 1073.15002, 1073.15002, 1073.15002, 1073.15002, 1073.15002, 1073.15002, 1073.15002, 1073.15002, 1073.15002, 1073.15002, 1073.15002, 1073.15002, 1073.15002, 1073.15002, 1073.15002, 1073.15002, 1073.15002, 1073.15002, 1073.15002, 1073.15002, 1073.15002, 1073.15002, 1073.15002, 1073.15002, 1073.15002, 1073.15002, 1073.15002, 1073.15002, 1073.15002, 1073.15002, 1073.15002, 1073.15002, 1073.15002, 1073.15002, 1073.15002, 1073.15002, 1073.15002, 1073.15002, 1073.15002, 1073.15002, 1073.15002, 1073.15002, 1073.15002, 1073.15002, 1073.15002, 1073.15002, 1073.15002, 1073.15002, 1073.15002, 1073.15002, 1073.15002, 1073.15002, 1073.15002, 1073.15002, 1073.15002, 1073.15002, 1073.15002, 1073.15002, 1073.15002, 1073.15002, 1073.15002, 1073.15002, 1073.15002, 1073.15002, 1073.15002, 1073.15002, 1073.15002, 1073.15002, 1073.15002, 1073.15002, 1073.15002, 1073.15002, 1073.15002, 1073.15002, 1073.15002, 1073.15002, 1073.15002, 1073.15002, 1073.15002, 1073.15002, 1073.15002, 1073.15002, 1073.15002, 1073.15002, 1073.15002, 1073.15002, 1073.15002, 1073.15002, 1073.15002, 1073.15002, 1073.15002, 1073.15002, 1073.15002, 1073.15002, 1073.15002, 1073.15002, 1073.15002, 1073.15002, 1073.15002, 1073.15002, 1073.15002, 1073.15002, 1073.15002, 1073.15002, 1073.15002, 1073.15002, 1073.15002, 1073.15002, 1073.15002, 1073.15002, 1073.15002, 1073.15002, 1073.15002, 1073.15002, 1073.15002, 1073.15002, 1073.15002, 1073.15002, 1073.15002, 1073.15002, 1073.15002, 1073.15002, 1073.15002, 1073.15002, 1073.15002, 1073.15002, 1073.15002, 1073.15002, 1073.15002, 1073.15002, 1073.15002, 1073.15002, 1073.15002, 1073.15002, 1073.15002, 1073.15002, 1073.15002, 1073.15002, 1073.15002, 1073.15002, 1073.15002, 1073.15002, 1073.15002, 1073.15002, 1073.15002, 1073.15002, 1073.15002, 1073.15002, 1073.15002, 1073.15002, 1073.15002, 1073.15002, 1073.15002, 1073.15002, 1073.15002, 1073.15002, 1073.15002, 1073.15002, 1073.15002, 1073.15002, 1073.15002, 1073.15002, 1073.15002, 1073.15002] (
            interpolation = "uniform"
        )
        float[] primvars:O2_Gas_mass_fractions_1 = [0.206799448, 0.126067087, 0.047444135, 0.0108633367, 9.3478011e-06, 1.26503991e-07, 5.09089624e-08, 9.92727589e-09, 2.48390375e-09, 6.60912491e-10, 2.34367442e-10, 7.28363897e-11, 1.92008198e-11, 4.20238757e-12, 7.86102954e-13, 1.26384878e-13, 1.83412889e-14, 2.58445846e-15, 4.02070049e-16, 7.96812165e-17, 2.00054922e-17, 5.52363296e-18, 1.50457546e-18, 3.89983063e-19, 9.80483288e-20, 1.5331854e-20, 1.9068989e-21, 2.21470995e-22, 2.40564001e-23, 2.4576711e-24, 2.37314037e-25, 2.17481078e-26, 1.89841014e-27, 1.58355642e-28, 1.26592729e-29, 9.72376262e-31, 7.19280526e-32, 5.13412219e-33, 3.54235291e-34, 2.36608474e-35, 1.53197715e-36, 9.62628594e-38, 5.87618116e-39, 3.48790194e-40, 2.01478693e-41, 1.13365046e-42, 6.16571324e-44, 2.80259693e-45, 0, 0, 0, 0, 0, 0, 0, 0, 0, 0, 0, 0, 0, 0, 0, 0, 0, 0, 0, 0, 0, 0, 0.206899896, 0.129134223, 0.0528166778, 0.0138843767, 0.00242228154, 2.15942919e-06, 1.54749259e-07, 3.59047405e-08, 8.01653677e-09, 1.98578065e-09, 5.81365733e-10, 1.6737825e-10, 4.44742888e-11, 1.0692747e-11, 2.33436989e-12, 4.65704244e-13, 8.76849591e-14, 1.62587161e-14, 3.12227186e-15, 6.52471703e-16, 1.51394579e-16, 3.78184759e-17, 9.68042357e-18, 2.44761378e-18, 6.01138673e-19, 9.36718454e-20, 1.1224584e-20, 1.26875955e-21, 1.3581153e-22, 1.37531809e-23, 1.31901034e-24, 1.20123375e-25, 1.04214034e-26, 8.64013484e-28, 6.86574044e-29, 5.24296097e-30, 3.85662675e-31, 2.73825914e-32, 1.8799964e-33, 1.25006546e-34, 8.06105296e-36, 5.04720354e-37, 3.07161765e-38, 1.8186584e-39, 1.04852158e-40, 5.89105874e-42, 3.22298647e-43, 1.68155816e-44, 1.40129846e-45, 0, 0, 0, 0, 0, 0, 0, 0, 0, 0, 0, 0, 0, 0, 0, 0, 0, 0, 0, 0, 0, 0.207063437, 0.133063704, 0.0599351563, 0.0189514868, 0.0043826038, 5.11907274e-06, 5.28355031e-08, 5.34881117e-08, 4.05560634e-08, 1.37227474e-08, 4.7619837e-09, 1.65849345e-09, 5.52289214e-10, 1.72236878e-10, 4.97719574e-11, 1.33953959e-11, 3.37823844e-12, 8.02366745e-13, 1.80568193e-13, 3.88316834e-14, 8.07228667e-15, 1.63716942e-15, 3.2644446e-16, 6.43202608e-17, 1.25296124e-17, 1.58466299e-18, 1.64579215e-19, 1.64729174e-20, 1.5837632e-21, 1.46054315e-22, 1.29163225e-23, 1.0960815e-24, 8.93602713e-26, 7.00962079e-27, 5.29912402e-28, 3.86719029e-29, 2.72879146e-30, 1.86461393e-31, 1.23554815e-32, 7.94940544e-34, 4.97176139e-35, 3.02573458e-36, 1.79347168e-37, 1.03623934e-38, 5.84055595e-40, 3.21345764e-41, 1.72639971e-42, 9.10844002e-44, 4.20389539e-45, 0, 0, 0, 0, 0, 0, 0, 0, 0, 0, 0, 0, 0, 0, 0, 0, 0, 0, 0, 0, 0, 0.207271591, 0.136863276, 0.06681858, 0.024540158, 0.00706571108, 0.00167814875, 2.18216155e-06, 7.04604233e-08, 6.06993851e-08, 8.59493596e-08, 5.37663247e-08, 2.63271431e-08, 1.06639009e-08, 3.72937059e-09, 1.15670584e-09, 3.2390618e-10, 8.30774408e-11, 1.97417204e-11, 4.39035223e-12, 9.22782467e-13, 1.84973212e-13, 3.55765357e-14, 6.59319265e-15, 1.18155908e-15, 2.0536912e-16, 2.26764584e-17, 2.04998951e-18, 1.77801167e-19, 1.48145851e-20, 1.18863057e-21, 9.20486954e-23, 6.89400533e-24, 5.00188498e-25, 3.52063168e-26, 2.4069945e-27, 1.60025218e-28, 1.03564874e-29, 6.53078612e-31, 4.0163762e-32, 2.41088106e-33, 1.41356594e-34, 8.10125753e-36, 4.54102762e-37, 2.49094927e-38, 1.33784487e-39, 7.03844193e-41, 3.62936302e-42, 1.83570099e-43, 8.40779079e-45, 0, 0, 0, 0, 0, 0, 0, 0, 0, 0, 0, 0, 0, 0, 0, 0, 0, 0, 0, 0, 0, 0.207502484, 0.140072316, 0.0726005733, 0.0296194144, 0.00989574101, 0.00283006113, 0.000722399913, 0.000169365885, 3.8944796e-05, 9.01134263e-06, 2.11928068e-06, 5.07525669e-07, 1.23209304e-07, 2.99083744e-08, 7.1292523e-09, 1.65423952e-09, 3.71282505e-10, 8.030622e-11, 1.6716328e-11, 3.35042844e-12, 6.47561215e-13, 1.20891199e-13, 2.18309698e-14, 3.81698245e-15, 6.46613941e-16, 6.88371831e-17, 6.02279923e-18, 5.0339896e-19, 4.0260189e-20, 3.09125978e-21, 2.28601263e-22, 1.63250552e-23, 1.12823212e-24, 7.55948272e-26, 4.91828274e-27, 3.11148523e-28, 1.91648401e-29, 1.1506207e-30, 6.74088646e-32, 3.85738581e-33, 2.15804692e-34, 1.18137771e-35, 6.33306774e-37, 3.32693507e-38, 1.71379223e-39, 8.6618462e-41, 4.29778239e-42, 2.08793471e-43, 9.80908925e-45, 0, 0, 0, 0, 0, 0, 0, 0, 0, 0, 0, 0, 0, 0, 0, 0, 0, 0, 0, 0, 0, 0.207732841, 0.142530784, 0.0769678652, 0.0336227752, 0.0123281768, 0.00393816223, 0.00113502296, 0.000304333546, 7.79464317e-05, 1.94273016e-05, 4.76325567e-06, 1.1538458e-06, 2.7586529e-07, 6.4856124e-08, 1.48920609e-08, 3.32350814e-09, 7.18316351e-10, 1.50008075e-10, 3.02362024e-11, 5.88240914e-12, 1.10542348e-12, 2.00892742e-13, 3.53524379e-14, 6.02934569e-15, 9.9685137e-16, 1.026657e-16, 8.72447823e-18, 7.07772542e-19, 5.49549525e-20, 4.09959759e-21, 2.94809109e-22, 2.04891711e-23, 1.37898004e-24, 9.00209362e-26, 5.70795947e-27, 3.51970703e-28, 2.11308189e-29, 1.23645436e-30, 7.05891234e-32, 3.93569982e-33, 2.14505449e-34, 1.14386628e-35, 5.97311295e-37, 3.05676136e-38, 1.53420181e-39, 7.55734275e-41, 3.65598769e-42, 1.7376101e-43, 8.40779079e-45, 0, 0, 0, 0, 0, 0, 0, 0, 0, 0, 0, 0, 0, 0, 0, 0, 0, 0, 0, 0, 0, 0.207941338, 0.144267827, 0.0799844116, 0.0364387706, 0.0141170453, 0.00480528222, 0.00147884991, 0.000421549485, 0.000113483766, 2.92721743e-05, 7.30408601e-06, 1.77223171e-06, 4.18828648e-07, 9.63534887e-08, 2.15361613e-08, 4.66738559e-09, 9.79167858e-10, 1.98618691e-10, 3.89344494e-11, 7.37651346e-12, 1.35164124e-12, 2.39775945e-13, 4.12233927e-14, 6.87340216e-15, 1.11130744e-15, 1.10938545e-16, 9.16245548e-18, 7.22700515e-19, 5.46516938e-20, 3.97949525e-21, 2.79937882e-22, 1.90681723e-23, 1.25977182e-24, 8.08286852e-26, 5.04188045e-27, 3.06046205e-28, 1.80942277e-29, 1.04287931e-30, 5.86474056e-32, 3.22079538e-33, 1.72883811e-34, 9.07811027e-36, 4.66716108e-37, 2.35116498e-38, 1.16153069e-39, 5.63153827e-41, 2.68208526e-42, 1.26116862e-43, 5.60519386e-45, 0, 0, 0, 0, 0, 0, 0, 0, 0, 0, 0, 0, 0, 0, 0, 0, 0, 0, 0, 0, 0, 0.208111271, 0.145409495, 0.0819117278, 0.0382425599, 0.0152839245, 0.00538669527, 0.00171680271, 0.00050503324, 0.000139365526, 3.65224296e-05, 9.16905719e-06, 2.2176921e-06, 5.18392596e-07, 1.1727316e-07, 2.56829118e-08, 5.44360867e-09, 1.11622256e-09, 2.21356877e-10, 4.24510982e-11, 7.87583887e-12, 1.41467307e-12, 2.46267958e-13, 4.15868884e-14, 6.81502804e-15, 1.082807e-15, 1.05012882e-16, 8.42128842e-18, 6.46289913e-19, 4.77221336e-20, 3.40523924e-21, 2.35450267e-22, 1.58018763e-23, 1.03054698e-24, 6.53648667e-26, 4.03501352e-27, 2.42578099e-28, 1.42116116e-29, 8.1191329e-31, 4.5264279e-32, 2.46435356e-33, 1.31125867e-34, 6.82431366e-36, 3.47671207e-37, 1.73529571e-38, 8.49233112e-40, 4.07833905e-41, 1.92398279e-42, 8.96831017e-44, 4.20389539e-45, 0, 0, 0, 0, 0, 0, 0, 0, 0, 0, 0, 0, 0, 0, 0, 0, 0, 0, 0, 0, 0, 0.208231375, 0.146069124, 0.0829894692, 0.0392432548, 0.0159326196, 0.00571188331, 0.001850795, 0.000552238664, 0.000153972345, 4.05672836e-05, 1.01842188e-05, 2.45040246e-06, 5.67273389e-07, 1.26660424e-07, 2.73141882e-08, 5.69326497e-09, 1.14744303e-09, 2.23668403e-10, 4.21807936e-11, 7.70034297e-12, 1.36204557e-12, 2.33708994e-13, 3.89485637e-14, 6.30913126e-15, 9.92250393e-16, 9.37818666e-17, 7.2386534e-18, 5.40585019e-19, 3.92752819e-20, 2.7753721e-21, 1.90717385e-22, 1.27473517e-23, 8.29031773e-25, 5.24827003e-26, 3.23539051e-27, 1.94303642e-28, 1.13729993e-29, 6.4912961e-31, 3.61495663e-32, 1.96550021e-33, 1.04412264e-34, 5.42338361e-36, 2.75662403e-37, 1.37224464e-38, 6.69568432e-40, 3.20504985e-41, 1.50639585e-42, 7.00649232e-44, 2.80259693e-45, 0, 0, 0, 0, 0, 0, 0, 0, 0, 0, 0, 0, 0, 0, 0, 0, 0, 0, 0, 0, 0, 0.208295166, 0.146206409, 0.083126016, 0.0393175445, 0.0159483012, 0.00570147065, 0.00183737301, 0.000543448376, 0.000149624699, 3.87679866e-05, 9.53129438e-06, 2.23702386e-06, 5.03384342e-07, 1.08925164e-07, 2.27106405e-08, 4.56886839e-09, 8.87834528e-10, 1.66807762e-10, 3.03287152e-11, 5.34095511e-12, 9.11922014e-13, 1.51194283e-13, 2.43985147e-14, 3.84583112e-15, 5.9572076e-16, 5.48538636e-17, 4.38978299e-18, 3.38125818e-19, 2.51478917e-20, 1.81454952e-21, 1.27300592e-22, 8.69015247e-24, 5.77403288e-25, 3.73459787e-26, 2.35168661e-27, 1.44202981e-28, 8.61315669e-30, 5.01337526e-31, 2.84522295e-32, 1.57545428e-33, 8.51770611e-35, 4.50007671e-36, 2.32525593e-37, 1.17614147e-38, 5.82872899e-40, 2.83272485e-41, 1.35085172e-42, 6.30584309e-44, 2.80259693e-45, 0, 0, 0, 0, 0, 0, 0, 0, 0, 0, 0, 0, 0, 0, 0, 0, 0, 0, 0, 0, 0] (
            interpolation = "uniform"
        )
        float[] primvars:N2_Gas_mass_fractions_2 = [0.793200552, 0.873923004, 0.949844062, 0.926918864, 0.716734886, 0.446584463, 0.272973984, 0.262881815, 0.260216236, 0.259577334, 0.263978899, 0.273306817, 0.304207563, 0.376786023, 0.494974226, 0.639945865, 0.775538921, 0.87746191, 0.941091001, 0.974867821, 0.990363836, 0.996637344, 0.998929024, 0.99968493, 0.999913275, 0.999985337, 0.999997973, 0.999999762, 0.99999994, 1, 1, 1, 1, 1, 1, 1, 1, 1, 1, 1, 1, 1, 1, 1, 1, 1, 1, 1, 1, 1, 1, 1, 1, 1, 1, 1, 1, 1, 1, 1, 1, 1, 1, 1, 1, 1, 1, 1, 1, 1, 0.793100119, 0.870863676, 0.946549535, 0.967557609, 0.872578919, 0.655445576, 0.404039055, 0.331758559, 0.30895108, 0.300380051, 0.310769588, 0.343030155, 0.409385085, 0.51389128, 0.641276717, 0.766440153, 0.865839064, 0.931792796, 0.969186485, 0.987548113, 0.995441496, 0.998475075, 0.999530911, 0.999866366, 0.999964416, 0.999994099, 0.999999225, 0.999999881, 1, 1, 1, 1, 1, 1, 1, 1, 1, 1, 1, 1, 1, 1, 1, 1, 1, 1, 1, 1, 1, 1, 1, 1, 1, 1, 1, 1, 1, 1, 1, 1, 1, 1, 1, 1, 1, 1, 1, 1, 1, 1, 0.792936563, 0.866935909, 0.939937055, 0.976438046, 0.953527093, 0.841313183, 0.657188952, 0.548284531, 0.493956983, 0.465343773, 0.478896141, 0.528768182, 0.609770894, 0.708527982, 0.806486011, 0.886238992, 0.940756381, 0.972584903, 0.988659084, 0.995768249, 0.998563051, 0.999552488, 0.999871314, 0.999965608, 0.999991417, 0.999998629, 0.999999821, 1, 1, 1, 1, 1, 1, 1, 1, 1, 1, 1, 1, 1, 1, 1, 1, 1, 1, 1, 1, 1, 1, 1, 1, 1, 1, 1, 1, 1, 1, 1, 1, 1, 1, 1, 1, 1, 1, 1, 1, 1, 1, 1, 0.792728424, 0.863136649, 0.933160126, 0.974540532, 0.982218206, 0.946318448, 0.85878855, 0.782030404, 0.734731972, 0.712609768, 0.720670819, 0.757612944, 0.813156366, 0.872679174, 0.923454583, 0.959319592, 0.980815232, 0.991927207, 0.99694556, 0.998951435, 0.999670565, 0.999904573, 0.99997437, 0.999993563, 0.99999851, 0.999999762, 1, 1, 1, 1, 1, 1, 1, 1, 1, 1, 1, 1, 1, 1, 1, 1, 1, 1, 1, 1, 1, 1, 1, 1, 1, 1, 1, 1, 1, 1, 1, 1, 1, 1, 1, 1, 1, 1, 1, 1, 1, 1, 1, 1, 0.792497516, 0.859927654, 0.927396595, 0.97023797, 0.98807025, 0.984894276, 0.958869338, 0.928227067, 0.905454278, 0.894004822, 0.897430956, 0.914465606, 0.938263953, 0.96123606, 0.978692174, 0.989671528, 0.995551407, 0.998283505, 0.99940145, 0.999809742, 0.999944389, 0.99998498, 0.999996185, 0.999999106, 0.999999821, 1, 1, 1, 1, 1, 1, 1, 1, 1, 1, 1, 1, 1, 1, 1, 1, 1, 1, 1, 1, 1, 1, 1, 1, 1, 1, 1, 1, 1, 1, 1, 1, 1, 1, 1, 1, 1, 1, 1, 1, 1, 1, 1, 1, 1, 0.792267144, 0.857469201, 0.923031867, 0.966360569, 0.98739028, 0.994020581, 0.990905523, 0.98394537, 0.977663219, 0.974265933, 0.975265086, 0.980094552, 0.98642844, 0.992057621, 0.995959282, 0.998191178, 0.999279737, 0.99974227, 0.999916375, 0.999975145, 0.999993205, 0.999998271, 0.999999583, 0.999999881, 1, 1, 1, 1, 1, 1, 1, 1, 1, 1, 1, 1, 1, 1, 1, 1, 1, 1, 1, 1, 1, 1, 1, 1, 1, 1, 1, 1, 1, 1, 1, 1, 1, 1, 1, 1, 1, 1, 1, 1, 1, 1, 1, 1, 1, 1, 0.792058647, 0.855732203, 0.920015574, 0.963559806, 0.98585546, 0.994961619, 0.997471869, 0.997315466, 0.996518075, 0.995998085, 0.996203363, 0.997041225, 0.998076975, 0.998938084, 0.999493062, 0.999787509, 0.999920785, 0.999973416, 0.999991894, 0.999997735, 0.999999404, 0.999999881, 0.99999994, 1, 1, 1, 1, 1, 1, 1, 1, 1, 1, 1, 1, 1, 1, 1, 1, 1, 1, 1, 1, 1, 1, 1, 1, 1, 1, 1, 1, 1, 1, 1, 1, 1, 1, 1, 1, 1, 1, 1, 1, 1, 1, 1, 1, 1, 1, 1, 0.791888714, 0.854590535, 0.918088257, 0.961757362, 0.98471427, 0.994595945, 0.998194754, 0.99929142, 0.99954623, 0.999588251, 0.999636531, 0.99972868, 0.999831259, 0.999911249, 0.999959767, 0.999984026, 0.999994338, 0.999998212, 0.999999464, 0.999999881, 0.99999994, 1, 1, 1, 1, 1, 1, 1, 1, 1, 1, 1, 1, 1, 1, 1, 1, 1, 1, 1, 1, 1, 1, 1, 1, 1, 1, 1, 1, 1, 1, 1, 1, 1, 1, 1, 1, 1, 1, 1, 1, 1, 1, 1, 1, 1, 1, 1, 1, 1, 0.79176861, 0.853930891, 0.917010546, 0.960756719, 0.984067321, 0.994287372, 0.998144925, 0.999437392, 0.99982959, 0.99993968, 0.99997139, 0.999983907, 0.999991179, 0.999995708, 0.999998152, 0.999999285, 0.999999762, 0.99999994, 1, 1, 1, 1, 1, 1, 1, 1, 1, 1, 1, 1, 1, 1, 1, 1, 1, 1, 1, 1, 1, 1, 1, 1, 1, 1, 1, 1, 1, 1, 1, 1, 1, 1, 1, 1, 1, 1, 1, 1, 1, 1, 1, 1, 1, 1, 1, 1, 1, 1, 1, 1, 0.791704834, 0.853793561, 0.916873991, 0.960682452, 0.984051704, 0.994298518, 0.998162508, 0.999456346, 0.999850035, 0.99996078, 0.999990046, 0.999997497, 0.999999344, 0.999999821, 0.99999994, 1, 1, 1, 1, 1, 1, 1, 1, 1, 1, 1, 1, 1, 1, 1, 1, 1, 1, 1, 1, 1, 1, 1, 1, 1, 1, 1, 1, 1, 1, 1, 1, 1, 1, 1, 1, 1, 1, 1, 1, 1, 1, 1, 1, 1, 1, 1, 1, 1, 1, 1, 1, 1, 1, 1] (
            interpolation = "uniform"
        )
        float[] primvars:H2O_Gas_mass_fractions_3 = [8.23708379e-10, 4.67828272e-07, 0.000128136671, 0.00297329947, 0.0137018021, 0.0278716702, 0.0386092588, 0.0391415842, 0.0393346734, 0.0393785797, 0.039225217, 0.0385415033, 0.0363886245, 0.0319165066, 0.0253110249, 0.0177136082, 0.0108873043, 0.005882381, 0.00280673523, 0.0011908497, 0.000454729074, 0.000158188443, 5.02606781e-05, 1.47571373e-05, 4.05448372e-06, 6.85218936e-07, 9.56836175e-08, 1.23772717e-08, 1.48837809e-09, 1.67532016e-10, 1.7754043e-11, 1.77992441e-12, 1.69512719e-13, 1.5390343e-14, 1.33619924e-15, 1.11226226e-16, 8.89652518e-18, 6.85063384e-19, 5.08677238e-20, 3.64729418e-21, 2.52852564e-22, 1.69682971e-23, 1.10346583e-24, 6.96119705e-26, 4.26435556e-27, 2.53919419e-28, 1.471059e-29, 8.29974055e-31, 4.56454066e-32, 2.44914211e-33, 1.28318329e-34, 6.57023497e-36, 3.29030283e-37, 1.61281228e-38, 7.74354729e-40, 3.64421679e-41, 1.68155816e-42, 7.56701171e-44, 2.80259693e-45, 0, 0, 0, 0, 0, 0, 0, 0, 0, 0, 0, 1.65840258e-10, 9.94281137e-08, 2.99130334e-05, 0.000881792977, 0.00600970211, 0.0169100929, 0.0306469332, 0.034793403, 0.0361869484, 0.0367282145, 0.0359946638, 0.0338844359, 0.0299326051, 0.0241903625, 0.0175713226, 0.0112977382, 0.00642841635, 0.00324523472, 0.00145834801, 0.000586958544, 0.000214213345, 7.14849448e-05, 2.19456724e-05, 6.2424424e-06, 1.66097755e-06, 2.74544476e-07, 3.52321763e-08, 4.2371382e-09, 4.79606188e-10, 5.11407236e-11, 5.14930806e-12, 4.91298733e-13, 4.45841755e-14, 3.86179473e-15, 3.20293651e-16, 2.55072491e-17, 1.95513113e-18, 1.44536267e-19, 1.03235477e-20, 7.13488767e-22, 4.77770641e-23, 3.10332358e-24, 1.95731576e-25, 1.19987292e-26, 7.15547397e-28, 4.15470365e-29, 2.35069549e-30, 1.29703941e-31, 6.98469633e-33, 3.67373875e-34, 1.88867102e-35, 9.49738307e-37, 4.67470842e-38, 2.25372934e-39, 1.06494479e-40, 4.93537319e-42, 2.24207754e-43, 9.80908925e-45, 0, 0, 0, 0, 0, 0, 0, 0, 0, 0, 0, 0, 3.02224218e-11, 1.8777401e-08, 6.02527234e-06, 0.000218286019, 0.00200827094, 0.00763122458, 0.0170749016, 0.0227124188, 0.0255531203, 0.02708086, 0.0262383409, 0.0234618317, 0.0191826019, 0.0141604375, 0.0093092164, 0.00543000503, 0.00281069754, 0.0012945527, 0.000533559185, 0.000198516238, 6.7250563e-05, 2.09060527e-05, 6.00212024e-06, 1.60114621e-06, 3.99381094e-07, 6.24164329e-08, 7.71949793e-09, 8.910504e-10, 9.64690272e-11, 9.83425667e-12, 9.47659811e-13, 8.66648468e-14, 7.55018318e-15, 6.28775956e-16, 5.0210601e-17, 3.85508021e-18, 2.85258042e-19, 2.03845172e-20, 1.4092608e-21, 9.44008136e-23, 6.13521147e-24, 3.87307384e-25, 2.37738364e-26, 1.42023322e-27, 8.26422919e-29, 4.68778157e-30, 2.59403626e-31, 1.40131578e-32, 7.39510338e-34, 3.81495671e-35, 1.92510195e-36, 9.50849167e-38, 4.59972578e-39, 2.18060258e-40, 1.01369931e-41, 4.62428493e-43, 2.1019477e-44, 1.40129846e-45, 0, 0, 0, 0, 0, 0, 0, 0, 0, 0, 0, 0, 4.7067337e-12, 2.99206837e-09, 1.00458897e-06, 4.34240501e-05, 0.000508663303, 0.00249150326, 0.00686222827, 0.0106781488, 0.0130167939, 0.0141000273, 0.0136458622, 0.011759161, 0.00899575371, 0.00608684123, 0.00363742071, 0.00192357798, 0.00090352702, 0.000378965691, 0.00014300851, 4.89879312e-05, 1.53646579e-05, 4.44507668e-06, 1.19324204e-06, 2.98949601e-07, 7.0357693e-08, 1.03585966e-08, 1.21724431e-09, 1.3408516e-10, 1.38924471e-11, 1.35801992e-12, 1.25685297e-13, 1.10549819e-14, 9.27503512e-16, 7.44742072e-17, 5.74012432e-18, 4.25799906e-19, 3.04696082e-20, 2.10761298e-21, 1.41173487e-22, 9.17132134e-24, 5.78655506e-25, 3.55007375e-26, 2.12003036e-27, 1.23350721e-28, 6.9984668e-30, 3.87489511e-31, 2.09518174e-32, 1.10707645e-33, 5.72007949e-35, 2.89173027e-36, 1.43119309e-37, 6.93855877e-39, 3.29693299e-40, 1.53624351e-41, 7.02050531e-43, 3.08285662e-44, 1.40129846e-45, 0, 0, 0, 0, 0, 0, 0, 0, 0, 0, 0, 0, 0, 5.99441287e-13, 3.86206567e-10, 1.33737075e-07, 6.72580381e-06, 9.62039194e-05, 0.000583765621, 0.00193997542, 0.00344557106, 0.00454713637, 0.00509403832, 0.00491514616, 0.00408152817, 0.00293243909, 0.00183330337, 0.00100388564, 0.000485025754, 0.000208332873, 8.020104e-05, 2.79125688e-05, 8.85899772e-06, 2.58447835e-06, 6.98089536e-07, 1.75732396e-07, 4.14767918e-08, 9.23856813e-09, 1.28119693e-09, 1.42877904e-10, 1.50117852e-11, 1.4885042e-12, 1.39585731e-13, 1.24169406e-14, 1.05145429e-15, 8.50474151e-17, 6.5916137e-18, 4.90911428e-19, 3.52195023e-20, 2.43950143e-21, 1.63463188e-22, 1.06147072e-23, 6.6903323e-25, 4.09868615e-26, 2.44363532e-27, 1.41938533e-28, 8.04010752e-30, 4.44530868e-31, 2.4008445e-32, 1.26753694e-33, 6.54604278e-35, 3.30891221e-36, 1.6380604e-37, 7.9460209e-39, 3.77895163e-40, 1.76283347e-41, 8.07147915e-43, 3.64337601e-44, 1.40129846e-45, 0, 0, 0, 0, 0, 0, 0, 0, 0, 0, 0, 0, 0, 0, 5.97339967e-14, 3.87373328e-11, 1.36968357e-08, 7.84566396e-07, 1.3284729e-05, 9.65329455e-05, 0.000377823977, 0.000748076593, 0.00105651468, 0.00121932209, 0.00117037201, 0.000939502497, 0.000638741825, 0.000372773269, 0.000189170416, 8.44924143e-05, 3.35793084e-05, 1.19942433e-05, 3.88685794e-06, 1.15262424e-06, 3.15205568e-07, 8.00461564e-08, 1.89969906e-08, 4.2386179e-09, 8.94701535e-10, 1.16768484e-10, 1.23555489e-11, 1.23892845e-12, 1.17681703e-13, 1.05995009e-14, 9.07539581e-16, 7.41053508e-17, 5.78932213e-18, 4.33973174e-19, 3.1295338e-20, 2.17611852e-21, 1.46209096e-22, 9.50977895e-24, 5.99802205e-25, 3.67412953e-26, 2.18883421e-27, 1.26977813e-28, 7.18109537e-30, 3.96318485e-31, 2.13642866e-32, 1.12585883e-33, 5.80441432e-35, 2.9296117e-36, 1.44847906e-37, 7.01967574e-39, 3.33625342e-40, 1.55586168e-41, 7.1185962e-43, 3.22298647e-44, 1.40129846e-45, 0, 0, 0, 0, 0, 0, 0, 0, 0, 0, 0, 0, 0, 0, 0, 4.41790913e-15, 2.87032767e-12, 1.02910025e-09, 6.60748327e-08, 1.29599687e-06, 1.09770162e-05, 4.93763255e-05, 0.000106440843, 0.000158321011, 0.000186592195, 0.000177774229, 0.000138497504, 8.9886169e-05, 4.95507265e-05, 2.36155938e-05, 9.88310421e-06, 3.68051542e-06, 1.23372331e-06, 3.75981472e-07, 1.05096085e-07, 2.71566076e-08, 6.53183552e-09, 1.47132628e-09, 3.12129322e-10, 6.27212171e-11, 7.72797278e-12, 7.77291968e-13, 7.45305646e-14, 6.79239744e-15, 5.88357397e-16, 4.85465155e-17, 3.82756653e-18, 2.89237608e-19, 2.10049188e-20, 1.46940305e-21, 9.92244266e-23, 6.47991528e-24, 4.09956246e-25, 2.51655935e-26, 1.50109782e-27, 8.71213188e-29, 4.92594161e-30, 2.71641463e-31, 1.46250276e-32, 7.69493663e-34, 3.96003814e-35, 1.99491881e-36, 9.84460488e-38, 4.76219652e-39, 2.25952371e-40, 1.05209489e-41, 4.80645373e-43, 2.1019477e-44, 1.40129846e-45, 0, 0, 0, 0, 0, 0, 0, 0, 0, 0, 0, 0, 0, 0, 0, 0, 2.24991115e-16, 1.46048443e-13, 5.28759779e-11, 3.76624909e-09, 8.43018313e-08, 8.16383078e-07, 4.13237058e-06, 9.50365211e-06, 1.46674383e-05, 1.75006335e-05, 1.65137408e-05, 1.25293263e-05, 7.82395364e-06, 4.11713336e-06, 1.86446562e-06, 7.39757184e-07, 2.61042004e-07, 8.29538749e-08, 2.39906228e-08, 6.37301678e-09, 1.56818469e-09, 3.60152075e-10, 7.77121006e-11, 1.58465532e-11, 3.06982152e-12, 3.60700104e-13, 3.451025e-14, 3.16738907e-15, 2.77217049e-16, 2.31135274e-17, 1.83960191e-18, 1.40188089e-19, 1.02586132e-20, 7.22661617e-22, 4.91096711e-23, 3.22541105e-24, 2.05072848e-25, 1.26414452e-26, 7.56599075e-28, 4.40242789e-29, 2.49355341e-30, 1.37643394e-31, 7.41278346e-33, 3.89892328e-34, 2.00476572e-35, 1.00861786e-36, 4.96928293e-38, 2.39937049e-39, 1.13617279e-40, 5.28009261e-42, 2.41023336e-43, 1.12103877e-44, 0, 0, 0, 0, 0, 0, 0, 0, 0, 0, 0, 0, 0, 0, 0, 0, 0, 0, 6.91508682e-18, 4.48014233e-15, 1.63550575e-12, 1.28494215e-10, 3.2543237e-09, 3.55681493e-08, 1.99425088e-07, 4.8200377e-07, 7.63162234e-07, 9.15375722e-07, 8.53399342e-07, 6.3158501e-07, 3.81236475e-07, 1.92748701e-07, 8.35520311e-08, 3.16715223e-08, 1.06715756e-08, 3.23828853e-09, 8.943144e-10, 2.26946337e-10, 5.34410814e-11, 1.17952401e-11, 2.46511795e-12, 4.93089293e-13, 9.53951748e-14, 1.1084479e-14, 9.95254607e-16, 8.6815689e-17, 7.28763739e-18, 5.85536133e-19, 4.50372379e-20, 3.32408386e-21, 2.3604036e-22, 1.6162157e-23, 1.06914841e-24, 6.84403211e-26, 4.2457349e-27, 2.55587467e-28, 1.49490968e-29, 8.5053994e-31, 4.71272113e-32, 2.54576261e-33, 1.34209886e-34, 6.9119692e-36, 3.48079422e-37, 1.71553894e-38, 8.28194017e-40, 3.91929167e-41, 1.81888541e-42, 8.26766094e-44, 4.20389539e-45, 0, 0, 0, 0, 0, 0, 0, 0, 0, 0, 0, 0, 0, 0, 0, 0, 0, 0, 0, 9.33702347e-20, 6.045832e-17, 2.22826772e-14, 1.93014897e-12, 5.51739453e-11, 6.76347034e-10, 4.15843804e-09, 1.04438183e-08, 1.6805517e-08, 2.01152943e-08, 1.84201294e-08, 1.32319933e-08, 7.68574182e-09, 3.71605524e-09, 1.53405122e-09, 5.52619284e-10, 1.7689554e-10, 5.09804247e-11, 1.33403844e-11, 3.19796685e-12, 7.11440347e-13, 1.49472665e-13, 3.03949913e-14, 6.23771156e-15, 1.39965079e-15, 1.93049741e-16, 1.61185192e-17, 1.30098863e-18, 1.02596614e-19, 7.83502972e-21, 5.77006289e-22, 4.09772756e-23, 2.81009156e-24, 1.86372481e-25, 1.19712061e-26, 7.45645734e-28, 4.50879038e-29, 2.64961655e-30, 1.51476259e-31, 8.43286423e-33, 4.57610033e-34, 2.42280205e-35, 1.25269303e-36, 6.33092017e-38, 3.13013363e-39, 1.51529409e-40, 7.18866112e-42, 3.34910333e-43, 1.54142831e-44, 0, 0, 0, 0, 0, 0, 0, 0, 0, 0, 0, 0, 0, 0, 0, 0, 0, 0, 0, 0, 0] (
            interpolation = "uniform"
        )
        float[] primvars:CO_Gas_mass_fractions_4 = [4.10151779e-09, 2.75765524e-06, 0.000754320528, 0.016783461, 0.0724727437, 0.130876392, 0.0889437348, 0.0886209011, 0.0887512192, 0.0889455527, 0.104729705, 0.120488673, 0.132820532, 0.133446231, 0.117292084, 0.0883334428, 0.0570902377, 0.0319291614, 0.0156101231, 0.00674162433, 0.00260875351, 0.000916909485, 0.000293712073, 8.67863855e-05, 2.39300389e-05, 4.01946681e-06, 5.38157394e-07, 6.70699052e-08, 7.79639642e-09, 8.51264836e-10, 8.77753911e-11, 8.58410305e-12, 7.99184178e-13, 7.10633402e-14, 6.05239219e-15, 4.94945386e-16, 3.89445897e-17, 2.95374161e-18, 2.16270675e-19, 1.53073327e-20, 1.0485527e-21, 6.95883424e-23, 4.47892858e-24, 2.79846064e-25, 1.69892767e-26, 1.00307978e-27, 5.7648524e-29, 3.22785144e-30, 1.7623197e-31, 9.39002153e-33, 4.88668614e-34, 2.48583794e-35, 1.23701346e-36, 6.02614167e-38, 2.87590446e-39, 1.34547073e-40, 6.17412103e-42, 2.77457096e-43, 1.26116862e-44, 0, 0, 0, 0, 0, 0, 0, 0, 0, 0, 0, 7.35743022e-10, 4.8391513e-07, 0.000176927279, 0.00507172197, 0.0331226848, 0.0866078883, 0.121147782, 0.126639962, 0.125207037, 0.123554647, 0.130257279, 0.135359496, 0.131776989, 0.11537987, 0.0889654979, 0.0597302392, 0.0350568406, 0.0181005634, 0.00827168021, 0.00337228784, 0.0012431877, 0.000418229669, 0.000129230582, 3.69260961e-05, 9.81572066e-06, 1.5814835e-06, 1.94323817e-07, 2.25850805e-08, 2.48008258e-09, 2.57333821e-10, 2.52774086e-11, 2.35784005e-12, 2.095664e-13, 1.78063503e-14, 1.45065308e-15, 1.13612781e-16, 8.57348965e-18, 6.24610956e-19, 4.40064448e-20, 3.00266704e-21, 1.98667488e-22, 1.27600571e-23, 7.96363268e-25, 4.83383672e-26, 2.85599695e-27, 1.64381491e-28, 9.22378331e-30, 5.04950337e-31, 2.69889976e-32, 1.40939339e-33, 7.19594536e-35, 3.59459414e-36, 1.75795448e-37, 8.42253385e-39, 3.95575346e-40, 1.82238865e-41, 8.23963497e-43, 3.64337601e-44, 1.40129846e-45, 0, 0, 0, 0, 0, 0, 0, 0, 0, 0, 0, 1.30436162e-10, 8.90605136e-08, 3.5764293e-05, 0.00127109804, 0.011341854, 0.040961083, 0.0812659189, 0.104007617, 0.114353187, 0.11857447, 0.118481904, 0.111421242, 0.0957554057, 0.0736903474, 0.0500551127, 0.0299363583, 0.015794728, 0.00738320872, 0.00307876617, 0.00115626259, 0.000394704286, 0.000123461388, 3.55973571e-05, 9.48337765e-06, 2.30336377e-06, 3.45247372e-07, 4.12644425e-08, 4.6193902e-09, 4.86516327e-10, 4.83771911e-11, 4.55756353e-12, 4.08264893e-13, 3.48966495e-14, 2.8553091e-15, 2.24287283e-16, 1.69571033e-17, 1.23672508e-18, 8.71813792e-20, 5.95038755e-21, 3.93804009e-22, 2.53037722e-23, 1.58032466e-24, 9.60265219e-26, 5.6820168e-27, 3.27663637e-28, 1.84285285e-29, 1.01156329e-30, 5.4228211e-32, 2.84097185e-33, 1.45542616e-34, 7.29559979e-36, 3.58046869e-37, 1.72140142e-38, 8.11218687e-40, 3.74931417e-41, 1.69977504e-42, 7.56701171e-44, 2.80259693e-45, 0, 0, 0, 0, 0, 0, 0, 0, 0, 0, 0, 0, 2.01245045e-11, 1.41131711e-08, 5.96498649e-06, 0.000255060062, 0.0029215843, 0.0138061848, 0.0355431437, 0.0542299226, 0.0656089336, 0.0708655491, 0.0695813745, 0.0614082962, 0.0481743775, 0.0333410539, 0.0203048941, 0.010905032, 0.0051869615, 0.00219803397, 0.000836528023, 0.000288577867, 9.1025162e-05, 2.64271621e-05, 7.06653918e-06, 1.7045179e-06, 3.87527422e-07, 5.51595214e-08, 6.2833041e-09, 6.73133105e-10, 6.80208181e-11, 6.5007162e-12, 5.89412796e-13, 5.08773626e-14, 4.19518393e-15, 3.31477e-16, 2.5167933e-17, 1.8408402e-18, 1.29992713e-19, 8.87982588e-21, 5.8778594e-22, 3.77588588e-23, 2.35710278e-24, 1.43153886e-25, 8.46716611e-27, 4.88178752e-28, 2.74587295e-29, 1.50787459e-30, 8.08965808e-32, 4.24280029e-33, 2.17667965e-34, 1.09296588e-35, 5.37440381e-37, 2.58940478e-38, 1.2230491e-39, 5.66615034e-41, 2.57558658e-42, 1.14906474e-43, 5.60519386e-45, 0, 0, 0, 0, 0, 0, 0, 0, 0, 0, 0, 0, 0, 2.50688055e-12, 1.74321946e-09, 6.92246601e-07, 3.97293043e-05, 0.000559551292, 0.00331081124, 0.0105577111, 0.0185636394, 0.0244552605, 0.0274315011, 0.0266908947, 0.0224535, 0.0163622797, 0.0103676105, 0.00574507983, 0.00280433567, 0.00121513219, 0.000471279607, 0.000165051009, 5.26395306e-05, 1.53807869e-05, 4.10372832e-06, 9.89236355e-07, 2.2515583e-07, 4.85467986e-08, 6.5308261e-09, 7.08384074e-10, 7.26051996e-11, 7.04052875e-12, 6.47051314e-13, 5.65116937e-14, 4.70551578e-15, 3.74748446e-16, 2.86297831e-17, 2.10374591e-18, 1.49037629e-19, 1.02011338e-20, 6.7589042e-22, 4.34227854e-23, 2.70914024e-24, 1.64363373e-25, 9.70870684e-27, 5.58941511e-28, 3.13932178e-29, 1.72164069e-30, 9.22618832e-32, 4.83482222e-33, 2.47911644e-34, 1.24460314e-35, 6.12103671e-37, 2.95058722e-38, 1.39476141e-39, 6.46853384e-41, 2.94412807e-42, 1.31722056e-43, 5.60519386e-45, 0, 0, 0, 0, 0, 0, 0, 0, 0, 0, 0, 0, 0, 0, 2.43725667e-13, 1.67704267e-10, 6.52904006e-08, 4.62839625e-06, 7.80042465e-05, 0.000557178515, 0.00212498801, 0.00418533478, 0.00591120496, 0.00683317659, 0.00659307465, 0.00533416355, 0.00365865347, 0.00215387437, 0.00110186765, 0.000495713146, 0.000198257592, 7.11887042e-05, 2.31429731e-05, 6.83317057e-06, 1.80018947e-06, 4.39672334e-07, 1.00840097e-07, 2.18056542e-08, 4.47415616e-09, 5.68614211e-10, 5.8723415e-11, 5.76206183e-12, 5.3672469e-13, 4.74914907e-14, 4.00080427e-15, 3.21852112e-16, 2.48002793e-17, 1.8354534e-18, 1.30792273e-19, 8.99344205e-21, 5.97907745e-22, 3.85021898e-23, 2.40539763e-24, 1.46009538e-25, 8.62287447e-27, 4.96053494e-28, 2.7828496e-29, 1.52394529e-30, 8.15379247e-32, 4.26595092e-33, 2.18404026e-34, 1.0949341e-35, 5.37857587e-37, 2.59028143e-38, 1.22365025e-39, 5.6730167e-41, 2.58259307e-42, 1.14906474e-43, 5.60519386e-45, 0, 0, 0, 0, 0, 0, 0, 0, 0, 0, 0, 0, 0, 0, 0, 1.7600828e-14, 1.1982069e-11, 4.61319472e-09, 3.4718289e-07, 7.63738808e-06, 6.42058876e-05, 0.000284294627, 0.000611224503, 0.000909581548, 0.00107320992, 0.00102581829, 0.000803209026, 0.000524356321, 0.000290792028, 0.000139375639, 5.86152819e-05, 2.18950117e-05, 7.31373757e-06, 2.16168792e-06, 5.78274808e-07, 1.44287966e-07, 3.36150876e-08, 7.35440508e-09, 1.51936652e-09, 2.98062797e-10, 3.59059275e-11, 3.53780221e-12, 3.33043001e-13, 2.98503796e-14, 2.5464324e-15, 2.07172572e-16, 1.61228354e-17, 1.20373163e-18, 8.64404968e-20, 5.98383101e-21, 4.00109342e-22, 2.58876949e-23, 1.62343393e-24, 9.88229722e-26, 5.84749039e-27, 3.36767942e-28, 1.88999525e-29, 1.03475805e-30, 5.53231076e-32, 2.89114544e-33, 1.47809128e-34, 7.39846774e-36, 3.628307e-37, 1.74451387e-38, 8.22841057e-40, 3.80957001e-41, 1.7320049e-42, 7.70714155e-44, 2.80259693e-45, 0, 0, 0, 0, 0, 0, 0, 0, 0, 0, 0, 0, 0, 0, 0, 0, 8.76787256e-16, 5.90867958e-13, 2.25923433e-10, 1.81666806e-08, 4.47534262e-07, 4.78136008e-06, 2.41764046e-05, 5.55927181e-05, 8.58638596e-05, 0.000102513477, 9.69208922e-05, 7.37708106e-05, 4.62364478e-05, 2.44071671e-05, 1.10557303e-05, 4.33788819e-06, 1.45985632e-06, 4.49363995e-07, 1.25980606e-07, 3.24807914e-08, 7.77316611e-09, 1.73998294e-09, 3.66714076e-10, 7.31860406e-11, 1.39022578e-11, 1.60345803e-12, 1.50798333e-13, 1.36297198e-14, 1.17625941e-15, 9.68020553e-17, 7.6113297e-18, 5.73482923e-19, 4.15241113e-20, 2.89635595e-21, 1.95012765e-22, 1.26970784e-23, 8.00688543e-25, 4.89750457e-26, 2.9095561e-27, 1.68102051e-28, 9.45662673e-30, 5.1857253e-31, 2.77496395e-32, 1.45049538e-33, 7.41302266e-35, 3.70745351e-36, 1.81598506e-37, 8.71834095e-39, 4.10530003e-40, 1.89721799e-41, 8.60397257e-43, 3.78350585e-44, 1.40129846e-45, 0, 0, 0, 0, 0, 0, 0, 0, 0, 0, 0, 0, 0, 0, 0, 0, 0, 2.64095575e-17, 1.76412145e-14, 6.72288614e-12, 5.80280657e-10, 1.59287605e-08, 1.87165881e-07, 1.05894321e-06, 2.757223e-06, 4.44322905e-06, 5.35211666e-06, 4.98334339e-06, 3.65585242e-06, 2.14952729e-06, 1.04753121e-06, 4.48040709e-07, 1.6685344e-07, 5.47622747e-08, 1.61931517e-08, 4.36214043e-09, 1.08120035e-09, 2.49063159e-10, 5.38659846e-11, 1.10498572e-11, 2.17322297e-12, 4.14119666e-13, 4.74279531e-14, 4.1971194e-15, 3.61369666e-16, 2.99705767e-17, 2.3808843e-18, 1.81184788e-19, 1.3239306e-20, 9.31302376e-22, 6.32075558e-23, 4.14675779e-24, 2.6338944e-25, 1.62198415e-26, 9.69637645e-28, 5.63387773e-29, 3.18518795e-30, 1.75414814e-31, 9.4201061e-33, 4.93787616e-34, 2.52893203e-35, 1.26661561e-36, 6.20927961e-38, 2.98183421e-39, 1.40380679e-40, 6.48380799e-42, 2.94272678e-43, 1.26116862e-44, 0, 0, 0, 0, 0, 0, 0, 0, 0, 0, 0, 0, 0, 0, 0, 0, 0, 0, 0, 3.50004519e-19, 2.32454746e-16, 8.86884492e-14, 8.27280432e-12, 2.52652677e-10, 3.26730154e-09, 2.04469082e-08, 5.33108029e-08, 8.75055619e-08, 1.05468686e-07, 9.63959366e-08, 6.85056065e-08, 3.90376975e-08, 1.8578536e-08, 7.57462981e-09, 2.68605915e-09, 8.43676129e-10, 2.38423059e-10, 6.11965062e-11, 1.44005207e-11, 3.14826442e-12, 6.5092956e-13, 1.30488353e-13, 2.64603453e-14, 5.88483679e-15, 8.04258736e-16, 6.62473071e-17, 5.28112097e-18, 4.11784959e-19, 3.11183634e-20, 2.26923874e-21, 1.59669486e-22, 1.08547253e-23, 7.14046816e-25, 4.55136227e-26, 2.81442421e-27, 1.69023319e-28, 9.86860045e-30, 5.60711746e-31, 3.10320399e-32, 1.67444395e-33, 8.81690673e-35, 4.53455914e-36, 2.27984601e-37, 1.12148915e-38, 5.40204762e-40, 2.54994282e-41, 1.17989331e-42, 5.32493416e-44, 2.80259693e-45, 0, 0, 0, 0, 0, 0, 0, 0, 0, 0, 0, 0, 0, 0, 0, 0, 0, 0, 0, 0] (
            interpolation = "uniform"
        )
        float[] primvars:CO2_Gas_mass_fractions_5 = [2.51232679e-09, 1.59490935e-06, 0.000436498085, 0.00984756462, 0.045683939, 0.0821538195, 0.0772021413, 0.0776489303, 0.0779100955, 0.0780342221, 0.0840671808, 0.0895098597, 0.0919984728, 0.0873504207, 0.073776111, 0.0540859886, 0.0343420468, 0.0189805645, 0.00920390058, 0.00395161752, 0.00152246817, 0.000533316808, 0.00017038612, 5.02430812e-05, 1.38378246e-05, 2.32889715e-06, 3.1612359e-07, 3.98930879e-08, 4.69157158e-09, 5.17752341e-10, 5.3911077e-11, 5.32006123e-12, 4.99459577e-13, 4.4759081e-14, 3.83990147e-15, 3.16155445e-16, 2.50349488e-17, 1.91004958e-18, 1.40627011e-19, 1.00047552e-20, 6.88622912e-22, 4.59063467e-23, 2.96707961e-24, 1.86114524e-25, 1.13407584e-26, 6.71925998e-28, 3.87451394e-29, 2.17630855e-30, 1.19182855e-31, 6.36898488e-33, 3.3239316e-34, 1.695547e-35, 8.46020877e-37, 4.13228147e-38, 1.97718029e-39, 9.27351298e-41, 4.26695382e-42, 1.9197789e-43, 8.40779079e-45, 0, 0, 0, 0, 0, 0, 0, 0, 0, 0, 0, 4.7048776e-10, 2.98885112e-07, 0.000102225051, 0.00295725674, 0.0196282435, 0.0529488735, 0.0811640769, 0.0878280029, 0.0887872651, 0.0887300968, 0.0905604064, 0.0902555212, 0.0845236406, 0.0717985258, 0.0541785695, 0.0358283073, 0.0208068062, 0.0106621273, 0.00484542828, 0.00196712371, 0.00072280434, 0.000242528986, 7.47838494e-05, 2.13376534e-05, 5.673749e-06, 9.21725359e-07, 1.14895336e-07, 1.35093225e-08, 1.49914126e-09, 1.57057659e-10, 1.55651932e-11, 1.46391243e-12, 1.31117204e-13, 1.1221235e-14, 9.20390236e-16, 7.25456588e-17, 5.50761667e-18, 4.03545955e-19, 2.85850937e-20, 1.96037544e-21, 1.30329414e-22, 8.40878393e-24, 5.27042112e-25, 3.21200402e-26, 1.90500799e-27, 1.10042533e-28, 6.19594797e-30, 3.40305779e-31, 1.82460336e-32, 9.55700142e-34, 4.89371327e-35, 2.45144167e-36, 1.20216902e-37, 5.77506206e-39, 2.71940184e-40, 1.25598381e-41, 5.68927177e-43, 2.52233724e-44, 1.40129846e-45, 0, 0, 0, 0, 0, 0, 0, 0, 0, 0, 0, 8.4310621e-11, 5.55317392e-08, 2.06402219e-05, 0.00073817576, 0.00665474264, 0.0255191848, 0.0507701673, 0.0657357424, 0.0728893951, 0.0762168095, 0.0752580613, 0.069445923, 0.0586090684, 0.0444451608, 0.0298513584, 0.0177026447, 0.00928075612, 0.00431714719, 0.00179337757, 0.000671478047, 0.00022865324, 7.13797344e-05, 2.05526685e-05, 5.47771288e-06, 1.34192715e-06, 2.0393388e-07, 2.46583145e-08, 2.78981838e-09, 2.96695474e-10, 2.97667481e-11, 2.82747567e-12, 2.55225311e-13, 2.19714078e-14, 1.80978521e-15, 1.43057287e-16, 1.08802548e-17, 7.98008279e-19, 5.65561867e-20, 3.87977757e-21, 2.58009619e-22, 1.66544046e-23, 1.04466444e-24, 6.37399303e-26, 3.78635323e-27, 2.19158791e-28, 1.23695236e-29, 6.81260055e-31, 3.66382546e-32, 1.92532732e-33, 9.89237615e-35, 4.97272853e-36, 2.44710791e-37, 1.17960352e-38, 5.57311814e-40, 2.58217268e-41, 1.17428811e-42, 5.18480432e-44, 2.80259693e-45, 0, 0, 0, 0, 0, 0, 0, 0, 0, 0, 0, 0, 1.30559842e-11, 8.81798012e-09, 3.44208911e-06, 0.000147707906, 0.00170438678, 0.00815683417, 0.0219527762, 0.0330844373, 0.0400374718, 0.0432728641, 0.0422684215, 0.0369925238, 0.0287694875, 0.0197589565, 0.0119572682, 0.00638904748, 0.00302644423, 0.00127820706, 0.000485127064, 0.000166976301, 5.25730939e-05, 1.52462508e-05, 4.08187952e-06, 9.96766175e-07, 2.29233834e-07, 3.3005005e-08, 3.80044574e-09, 4.11171708e-10, 4.19246755e-11, 4.03990556e-12, 3.69089823e-13, 3.20847712e-14, 2.66305592e-15, 2.11718691e-16, 1.61687026e-17, 1.18913127e-18, 8.44108347e-20, 5.79482065e-21, 3.85399169e-22, 2.48698277e-23, 1.55921553e-24, 9.50867605e-26, 5.64629273e-27, 3.2676471e-28, 1.84456377e-29, 1.01640116e-30, 5.47079479e-32, 2.87826569e-33, 1.48106089e-34, 7.45815651e-36, 3.67749863e-37, 1.77653873e-38, 8.41259724e-40, 3.90710038e-41, 1.78105035e-42, 7.98740125e-44, 2.80259693e-45, 0, 0, 0, 0, 0, 0, 0, 0, 0, 0, 0, 0, 0, 1.64074646e-12, 1.10739495e-09, 4.18259276e-07, 2.29656598e-05, 0.000325084868, 0.00193950138, 0.00627443055, 0.0110698733, 0.014585685, 0.0163515918, 0.0158643723, 0.0132873589, 0.0096369395, 0.00607913081, 0.00335552427, 0.00163245585, 0.00070534728, 0.000272907753, 9.53855706e-05, 3.03740217e-05, 8.87059014e-06, 2.3760831e-06, 5.80928713e-07, 1.3384124e-07, 2.9181523e-08, 3.96766797e-09, 4.34641989e-10, 4.49505502e-11, 4.3947606e-12, 4.06944471e-13, 3.57886226e-14, 2.99917998e-15, 2.40288239e-16, 1.84604809e-17, 1.36366587e-18, 9.7090473e-20, 6.6770843e-21, 4.44402784e-22, 2.8674406e-23, 1.79641437e-24, 1.09422415e-25, 6.48815523e-27, 3.74904604e-28, 2.1131177e-29, 1.16279995e-30, 6.25176914e-32, 3.28643425e-33, 1.69025882e-34, 8.51038825e-36, 4.19718934e-37, 2.02867618e-38, 9.61464508e-40, 4.47028223e-41, 2.04029056e-42, 9.10844002e-44, 4.20389539e-45, 0, 0, 0, 0, 0, 0, 0, 0, 0, 0, 0, 0, 0, 0, 1.61110817e-13, 1.08269053e-10, 4.06354133e-08, 2.67655537e-06, 4.51793167e-05, 0.000324517634, 0.00124829751, 0.00246314658, 0.00347853219, 0.00401878497, 0.00387085672, 0.00312364055, 0.00213628798, 0.00125408184, 0.000639881357, 0.000287202536, 0.000114631985, 4.1092022e-05, 1.3345184e-05, 3.9457509e-06, 1.05213985e-06, 2.60321173e-07, 6.04037496e-08, 1.32047351e-08, 2.73675704e-09, 3.51161406e-10, 3.6590328e-11, 3.61940035e-12, 3.39632727e-13, 3.02561829e-14, 2.56484626e-15, 2.07533832e-16, 1.60781015e-17, 1.19595882e-18, 8.56285156e-20, 5.91441933e-21, 3.94885947e-22, 2.55322153e-23, 1.60132887e-24, 9.7566138e-26, 5.78275411e-27, 3.33827384e-28, 1.87907508e-29, 1.03237603e-30, 5.54112579e-32, 2.90791368e-33, 1.49318111e-34, 7.50734159e-36, 3.6980531e-37, 1.78575941e-38, 8.45799931e-40, 3.93120271e-41, 1.79366203e-42, 7.98740125e-44, 4.20389539e-45, 0, 0, 0, 0, 0, 0, 0, 0, 0, 0, 0, 0, 0, 0, 0, 1.17488044e-14, 7.84795666e-12, 2.93832403e-09, 2.08685009e-07, 4.4183198e-06, 3.72344475e-05, 0.000165717356, 0.000356606732, 0.000530586694, 0.00062580267, 0.000597534061, 0.000467100763, 0.000304357352, 0.000168461906, 8.05967138e-05, 3.38422869e-05, 1.2629117e-05, 4.22328958e-06, 1.26066266e-06, 3.42183711e-07, 8.64014424e-08, 2.0353573e-08, 4.49927118e-09, 9.38450428e-10, 1.85730584e-10, 2.25624554e-11, 2.24042508e-12, 2.12395544e-13, 1.91597125e-14, 1.64421134e-15, 1.34512657e-16, 1.05223975e-17, 7.89401258e-19, 5.69440116e-20, 3.95872808e-21, 2.65765043e-22, 1.72610039e-23, 1.08638433e-24, 6.63615062e-26, 3.93984908e-27, 2.27636758e-28, 1.2815338e-29, 7.03763766e-31, 3.77379472e-32, 1.97784841e-33, 1.0140177e-34, 5.08954006e-36, 2.50268139e-37, 1.20646221e-38, 5.70514848e-40, 2.64789358e-41, 1.20651798e-42, 5.46506401e-44, 2.80259693e-45, 0, 0, 0, 0, 0, 0, 0, 0, 0, 0, 0, 0, 0, 0, 0, 0, 5.90646556e-16, 3.91936321e-13, 1.46612361e-10, 1.12578231e-08, 2.68057505e-07, 2.77164327e-06, 1.40196144e-05, 3.22395135e-05, 4.97823676e-05, 5.94235898e-05, 5.61466004e-05, 4.26919069e-05, 2.67258765e-05, 1.40938109e-05, 6.38356414e-06, 2.51366964e-06, 8.59167358e-07, 2.67310412e-07, 7.57447864e-08, 1.97341627e-08, 4.76977391e-09, 1.0776714e-09, 2.29104916e-10, 4.6092203e-11, 8.82084163e-12, 1.02463643e-12, 9.70060349e-14, 8.82053948e-15, 7.65454728e-16, 6.33220258e-17, 5.00320276e-18, 3.78701767e-19, 2.75388298e-20, 1.92864773e-21, 1.30351856e-22, 8.51763885e-24, 5.3896323e-25, 3.30734711e-26, 1.97097071e-27, 1.14214964e-28, 6.44374782e-30, 3.54345272e-31, 1.90133008e-32, 9.96488694e-34, 5.10603292e-35, 2.56020951e-36, 1.25720126e-37, 6.05064562e-39, 2.85608449e-40, 1.32310601e-41, 6.0255834e-43, 2.66246708e-44, 1.40129846e-45, 0, 0, 0, 0, 0, 0, 0, 0, 0, 0, 0, 0, 0, 0, 0, 0, 0, 1.79420306e-17, 1.18328275e-14, 4.4307418e-12, 3.68567565e-10, 9.81866233e-09, 1.12448582e-07, 6.34234027e-07, 1.61062758e-06, 2.58065347e-06, 3.10428391e-06, 2.89159289e-06, 2.12735495e-06, 1.26163491e-06, 6.224505e-07, 2.67445046e-07, 1.00206989e-07, 3.31914158e-08, 9.90518245e-09, 2.69232658e-09, 6.73099687e-10, 1.56325647e-10, 3.40689109e-11, 7.03854119e-12, 1.39334323e-12, 2.67078785e-13, 3.07619192e-14, 2.73795459e-15, 2.36967234e-16, 1.97488627e-17, 1.5760874e-18, 1.20463049e-19, 8.83863164e-21, 6.24162854e-22, 4.25174539e-23, 2.79903035e-24, 1.78367256e-25, 1.10181012e-26, 6.60613182e-28, 3.84915787e-29, 2.1820523e-30, 1.20483304e-31, 6.48653211e-33, 3.4085114e-34, 1.74987171e-35, 8.78495217e-37, 4.3166391e-38, 2.07771084e-39, 9.80376432e-41, 4.53880573e-42, 2.05990874e-43, 9.80908925e-45, 0, 0, 0, 0, 0, 0, 0, 0, 0, 0, 0, 0, 0, 0, 0, 0, 0, 0, 0, 2.39673178e-19, 1.57478169e-16, 5.92245233e-14, 5.3620784e-12, 1.59630156e-10, 2.02366945e-09, 1.2583131e-08, 3.23718297e-08, 5.27669499e-08, 6.34457393e-08, 5.8026508e-08, 4.13923615e-08, 2.37465638e-08, 1.13651044e-08, 4.65442485e-09, 1.65995639e-09, 5.25017085e-10, 1.49452964e-10, 3.86395742e-11, 9.15681246e-12, 2.01533191e-12, 4.19287028e-13, 8.45238728e-14, 1.72209303e-14, 3.84350814e-15, 5.27209029e-16, 4.36638867e-17, 3.49837056e-18, 2.7404199e-19, 2.07987796e-20, 1.52289252e-21, 1.07567874e-22, 7.33938121e-24, 4.84461915e-25, 3.09801948e-26, 1.92161143e-27, 1.15740782e-28, 6.77637097e-30, 3.86036976e-31, 2.1419069e-32, 1.15857054e-33, 6.11500771e-35, 3.15223009e-36, 1.58843347e-37, 7.83109061e-39, 3.78038096e-40, 1.7883371e-41, 8.29568691e-43, 3.78350585e-44, 1.40129846e-45, 0, 0, 0, 0, 0, 0, 0, 0, 0, 0, 0, 0, 0, 0, 0, 0, 0, 0, 0, 0] (
            interpolation = "uniform"
        )
        float[] primvars:H2_Gas_mass_fractions_6 = [6.82028045e-10, 4.63819589e-07, 0.000126861909, 0.00281516882, 0.012103104, 0.0216653794, 0.0135213304, 0.0134311654, 0.0134426355, 0.0134746544, 0.0163024794, 0.0191582106, 0.0214918274, 0.0218770318, 0.0193965659, 0.014690253, 0.00952872168, 0.00534182927, 0.00261584669, 0.00113102375, 0.000438035902, 0.000154058522, 4.93745065e-05, 1.45949871e-05, 4.02524074e-06, 6.75852732e-07, 9.02473829e-08, 1.12197593e-08, 1.30118272e-09, 1.41765169e-10, 1.45883253e-11, 1.42401423e-12, 1.32343978e-13, 1.17486028e-14, 9.99062021e-16, 8.15804894e-17, 6.41027876e-18, 4.85555381e-19, 3.55086956e-20, 2.51038411e-21, 1.71777138e-22, 1.13887131e-23, 7.32321025e-25, 4.57150688e-26, 2.77299322e-27, 1.635918e-28, 9.39468702e-30, 5.25641248e-31, 2.86783476e-32, 1.52700151e-33, 7.94143894e-35, 4.03716518e-36, 2.0077199e-37, 9.77458368e-39, 4.66195183e-40, 2.17971976e-41, 9.99125805e-43, 4.48415509e-44, 1.40129846e-45, 0, 0, 0, 0, 0, 0, 0, 0, 0, 0, 0, 1.21238755e-10, 8.03316098e-08, 2.97643583e-05, 0.000851725985, 0.00554712908, 0.0144309727, 0.0197586287, 0.0204858016, 0.0201447178, 0.0198165625, 0.0210582241, 0.0220982991, 0.021700263, 0.019123625, 0.0148118064, 0.00997503474, 0.00586693967, 0.0030337451, 0.00138788589, 0.000566293369, 0.000208895741, 7.03116239e-05, 2.17346314e-05, 6.21214258e-06, 1.65121821e-06, 2.65616109e-07, 3.25458238e-08, 3.77390075e-09, 4.13538592e-10, 4.28246466e-11, 4.1988869e-12, 3.90994664e-13, 3.4695774e-14, 2.94351615e-15, 2.39455897e-16, 1.87279663e-17, 1.41140401e-18, 1.02697808e-19, 7.22690495e-21, 4.92553592e-22, 3.25542953e-23, 2.08878278e-24, 1.30236819e-25, 7.89801221e-27, 4.66236777e-28, 2.68128358e-29, 1.50333662e-30, 8.22370676e-32, 4.3922835e-33, 2.29209001e-34, 1.1694802e-35, 5.8380641e-37, 2.85330235e-38, 1.36618753e-39, 6.4124819e-41, 2.95253586e-42, 1.33123354e-43, 5.60519386e-45, 0, 0, 0, 0, 0, 0, 0, 0, 0, 0, 0, 0, 2.14435796e-11, 1.47551029e-08, 6.01790998e-06, 0.000213629464, 0.00190248457, 0.00684763072, 0.0134671126, 0.0171832107, 0.0188568123, 0.0195171349, 0.0195521135, 0.0184611548, 0.0159256235, 0.0122927539, 0.00836896896, 0.00501363724, 0.00264856732, 0.00123924855, 0.000517144799, 0.00019433345, 6.63696337e-05, 2.07680005e-05, 5.98956558e-06, 1.59553053e-06, 3.8688799e-07, 5.7833816e-08, 6.89651358e-09, 7.70393249e-10, 8.09777592e-11, 8.0373104e-12, 7.55890901e-13, 6.7603956e-14, 5.76977033e-15, 4.71420316e-16, 3.69803997e-17, 2.79227616e-18, 2.03397315e-19, 1.43213818e-20, 9.76378671e-22, 6.45485877e-23, 4.14330179e-24, 2.5851317e-25, 1.56935896e-26, 9.27784684e-28, 5.34569842e-29, 3.00410559e-30, 1.64771288e-31, 8.82657035e-33, 4.62088299e-34, 2.36565454e-35, 1.18504748e-36, 5.8121606e-38, 2.79261548e-39, 1.31524473e-40, 6.07462884e-42, 2.76055797e-43, 1.26116862e-44, 0, 0, 0, 0, 0, 0, 0, 0, 0, 0, 0, 0, 0, 3.30576972e-12, 2.33719333e-09, 1.00372449e-06, 4.28902422e-05, 0.0004905971, 0.00231298245, 0.00592722232, 0.0090306541, 0.0109194992, 0.0117918802, 0.0115903746, 0.0102463961, 0.00805228017, 0.00558143109, 0.00340338191, 0.00182966911, 0.000870978634, 0.000369326794, 0.000140633041, 4.85354904e-05, 1.5314743e-05, 4.44726311e-06, 1.18890046e-06, 2.86093808e-07, 6.48981171e-08, 9.21636545e-09, 1.04757014e-09, 1.12001526e-10, 1.12968966e-11, 1.07778435e-12, 9.75652664e-14, 8.40911271e-15, 6.92413277e-16, 5.46374401e-17, 4.14320541e-18, 3.02679397e-19, 2.13494557e-20, 1.45678138e-21, 9.63275969e-23, 6.18173572e-24, 3.85520688e-25, 2.33919753e-26, 1.38233333e-27, 7.96306791e-29, 4.47532028e-30, 2.45564602e-31, 1.31644141e-32, 6.89934598e-34, 3.53709091e-35, 1.77486804e-36, 8.72184027e-38, 4.19957939e-39, 1.9823749e-40, 9.17850494e-42, 4.17586942e-43, 1.821688e-44, 1.40129846e-45, 0, 0, 0, 0, 0, 0, 0, 0, 0, 0, 0, 0, 0, 4.10992068e-13, 2.87666418e-10, 1.15435071e-07, 6.68310986e-06, 9.40352693e-05, 0.000555508013, 0.00176664523, 0.0031041794, 0.00408886233, 0.00458686985, 0.00446556415, 0.00375988684, 0.00274246279, 0.00173922104, 0.000964503386, 0.000471107516, 0.000204245298, 7.92516585e-05, 2.77661638e-05, 8.85807276e-06, 2.58849536e-06, 6.9011179e-07, 1.65901184e-07, 3.76695972e-08, 8.10402412e-09, 1.08785903e-09, 1.17758553e-10, 1.2047076e-11, 1.16619886e-12, 1.07007698e-13, 9.33194494e-15, 7.75963071e-16, 6.17178182e-17, 4.709315e-18, 3.45644579e-19, 2.44598293e-20, 1.67243066e-21, 1.10697291e-22, 7.10487259e-24, 4.42856997e-25, 2.68438519e-26, 1.58424522e-27, 9.11300517e-29, 5.11420089e-30, 2.80248456e-31, 1.50069883e-32, 7.85839004e-34, 4.02664069e-35, 2.02013429e-36, 9.92859423e-38, 4.78293154e-39, 2.25952371e-40, 1.04733047e-41, 4.76441478e-43, 2.1019477e-44, 1.40129846e-45, 0, 0, 0, 0, 0, 0, 0, 0, 0, 0, 0, 0, 0, 0, 3.98688007e-14, 2.75777994e-11, 1.08212133e-08, 7.78508536e-07, 1.31167353e-05, 9.35914723e-05, 0.000356352888, 0.000701625948, 0.000990949804, 0.00114562723, 0.00110574579, 0.00089506252, 0.000614261371, 0.000361819461, 0.000185191471, 8.33522718e-05, 3.33493008e-05, 1.19786591e-05, 3.89494153e-06, 1.14971135e-06, 3.02183679e-07, 7.3617116e-08, 1.68452683e-08, 3.63462571e-09, 7.44235173e-10, 9.43965392e-11, 9.73064424e-12, 9.53165498e-13, 8.86461721e-14, 7.83234934e-15, 6.58923606e-16, 5.29412665e-17, 4.07454405e-18, 3.01217587e-19, 2.14417316e-20, 1.47288e-21, 9.78270763e-23, 6.29377212e-24, 3.928514e-25, 2.38260368e-26, 1.40593021e-27, 8.08150358e-29, 4.53018031e-30, 2.47894361e-31, 1.32537106e-32, 6.92919849e-34, 3.5450763e-35, 1.77606585e-36, 8.71871762e-38, 4.19618265e-39, 1.98104366e-40, 9.17850494e-42, 4.17586942e-43, 1.821688e-44, 1.40129846e-45, 0, 0, 0, 0, 0, 0, 0, 0, 0, 0, 0, 0, 0, 0, 0, 2.87278424e-15, 1.96409122e-12, 7.60839225e-10, 5.79553792e-08, 1.28454701e-06, 1.07939104e-05, 4.7746893e-05, 0.000102637037, 0.000152741748, 0.000180231669, 0.000172308137, 0.0001349589, 8.81371525e-05, 4.88963924e-05, 2.34440777e-05, 9.86252689e-06, 3.68471092e-06, 1.23056634e-06, 3.63019637e-07, 9.68354286e-08, 2.4104752e-08, 5.6031948e-09, 1.2232978e-09, 2.5222513e-10, 4.93893849e-11, 5.93912072e-12, 5.84210414e-13, 5.49136068e-14, 4.91499677e-15, 4.1873574e-16, 3.40259719e-17, 2.64498197e-18, 1.97262194e-19, 1.41511361e-20, 9.78672199e-22, 6.5379517e-23, 4.22649033e-24, 2.64826005e-25, 1.61078325e-26, 9.52387765e-28, 5.48088065e-29, 3.07372194e-30, 1.68164694e-31, 8.98466479e-33, 4.69213998e-34, 2.39725442e-35, 1.19914656e-36, 5.87702838e-38, 2.82394991e-39, 1.33116348e-40, 6.15870675e-42, 2.80259693e-43, 1.26116862e-44, 0, 0, 0, 0, 0, 0, 0, 0, 0, 0, 0, 0, 0, 0, 0, 0, 0, 1.42807664e-16, 9.65791168e-14, 3.71093087e-11, 3.01368597e-09, 7.47604645e-08, 8.03879459e-07, 4.06446907e-06, 9.3460103e-06, 1.44357282e-05, 1.72355667e-05, 1.62972465e-05, 1.24070075e-05, 7.7779614e-06, 4.10660232e-06, 1.8602002e-06, 7.29376893e-07, 2.44722514e-07, 7.51698934e-08, 2.10292139e-08, 5.41035394e-09, 1.29215227e-09, 2.88683744e-10, 6.07316697e-11, 1.20997387e-11, 2.29479218e-12, 2.64271e-13, 2.48175944e-14, 2.24015862e-15, 1.9309155e-16, 1.58724462e-17, 1.24665507e-18, 9.38337079e-20, 6.78760015e-21, 4.73008269e-22, 3.1820153e-23, 2.07006903e-24, 1.30437843e-25, 7.97239394e-27, 4.73290062e-28, 2.73257049e-29, 1.53617815e-30, 8.41839977e-32, 4.5019292e-33, 2.35171351e-34, 1.20114329e-35, 6.00358637e-37, 2.9389116e-38, 1.41010282e-39, 6.63598901e-41, 3.06463974e-42, 1.38728548e-43, 5.60519386e-45, 0, 0, 0, 0, 0, 0, 0, 0, 0, 0, 0, 0, 0, 0, 0, 0, 0, 0, 4.29303553e-18, 2.87619143e-15, 1.10048028e-12, 9.57622454e-11, 2.64537192e-09, 3.12469659e-08, 1.76899832e-07, 4.62881246e-07, 7.46756939e-07, 8.99747761e-07, 8.37685661e-07, 6.14200644e-07, 3.60526371e-07, 1.75269975e-07, 7.48969669e-08, 2.78581371e-08, 9.12627662e-09, 2.69357314e-09, 7.24255489e-10, 1.79191037e-10, 4.1207017e-11, 8.8975112e-12, 1.82241895e-12, 3.57917607e-13, 6.81154758e-14, 7.79134109e-15, 6.88615075e-16, 5.92205931e-17, 4.90617241e-18, 3.89346237e-19, 2.95999312e-20, 2.16085991e-21, 1.51867728e-22, 1.02985839e-23, 6.75103268e-25, 4.28480154e-26, 2.63673137e-27, 1.57517874e-28, 9.14621121e-30, 5.16764714e-31, 2.84417852e-32, 1.52646372e-33, 7.99681288e-35, 4.0932164e-36, 2.04892974e-37, 1.00387831e-38, 4.8181826e-40, 2.26716079e-41, 1.04676995e-42, 4.76441478e-44, 2.80259693e-45, 0, 0, 0, 0, 0, 0, 0, 0, 0, 0, 0, 0, 0, 0, 0, 0, 0, 0, 0, 5.67898975e-20, 3.78118883e-17, 1.44743192e-14, 1.35923054e-12, 4.17418912e-11, 5.42078715e-10, 3.39689876e-09, 8.8810328e-09, 1.45981378e-08, 1.7603389e-08, 1.60869273e-08, 1.14238325e-08, 6.50093357e-09, 3.0903109e-09, 1.25878574e-09, 4.45853909e-10, 1.39837142e-10, 3.94574859e-11, 1.01120267e-11, 2.37592888e-12, 5.18677386e-13, 1.07095485e-13, 2.14425018e-14, 4.343557e-15, 9.65259794e-16, 1.31810556e-16, 1.08440574e-17, 8.63488155e-19, 6.72581719e-20, 5.07765708e-21, 3.69931311e-22, 2.60062292e-23, 1.76647828e-24, 1.16109811e-25, 7.39527362e-27, 4.56972091e-28, 2.74251642e-29, 1.6001999e-30, 9.08628451e-32, 5.02568394e-33, 2.71020554e-34, 1.42626983e-35, 7.33128461e-37, 3.68395705e-38, 1.81122171e-39, 8.71971982e-41, 4.11421229e-42, 1.90576591e-43, 8.40779079e-45, 0, 0, 0, 0, 0, 0, 0, 0, 0, 0, 0, 0, 0, 0, 0, 0, 0, 0, 0, 0, 0] (
            interpolation = "uniform"
        )
        float[] primvars:CH4_Gas_mass_fractions_7 = [8.72552641e-10, 5.87341447e-07, 0.00016065345, 0.0035734307, 0.0154229552, 0.0278273933, 0.0187600907, 0.0186868589, 0.018713301, 0.0187546071, 0.0221377406, 0.0255195219, 0.0281783547, 0.0283469837, 0.0249369442, 0.0187908318, 0.0121490322, 0.00679629575, 0.00332325045, 0.00143539917, 0.000555493636, 0.000195254703, 6.25488901e-05, 1.84827659e-05, 5.09646179e-06, 8.56007659e-07, 1.14578512e-07, 1.42762868e-08, 1.65913283e-09, 1.81116899e-10, 1.8671573e-11, 1.82567264e-12, 1.69941643e-13, 1.51087351e-14, 1.28659921e-15, 1.05198885e-16, 8.27641683e-18, 6.27642884e-19, 4.59500607e-20, 3.2519176e-21, 2.22733173e-22, 1.47804829e-23, 9.51231652e-25, 5.94283617e-26, 3.60756261e-27, 2.12980913e-28, 1.223943e-29, 6.85260497e-31, 3.74108189e-32, 1.99319779e-33, 1.03721879e-34, 5.27596109e-36, 2.62528604e-37, 1.27883787e-38, 6.10273889e-40, 2.85500549e-41, 1.31021406e-42, 5.88545355e-44, 2.80259693e-45, 0, 0, 0, 0, 0, 0, 0, 0, 0, 0, 0, 1.56377952e-10, 1.02928752e-07, 3.76828211e-05, 0.00107997761, 0.00705106091, 0.0184269175, 0.0257216785, 0.0268664639, 0.0265486743, 0.0261904486, 0.0276321955, 0.0287416745, 0.0280046277, 0.024535859, 0.0189273525, 0.0127115436, 0.00746226683, 0.00385351107, 0.00176119269, 0.000718082709, 0.000264737173, 8.90667434e-05, 2.75222556e-05, 7.86438159e-06, 2.09050449e-06, 3.36763236e-07, 4.13680041e-08, 4.80685358e-09, 5.27733135e-10, 5.47470506e-11, 5.37672641e-12, 5.01448438e-13, 4.45619866e-14, 3.78575616e-15, 3.08375235e-16, 2.41481847e-17, 1.82204521e-18, 1.32726635e-19, 9.35006029e-21, 6.37907259e-22, 4.22018875e-23, 2.71028369e-24, 1.69134687e-25, 1.02653769e-26, 6.0646258e-28, 3.49031288e-29, 1.95833654e-30, 1.07200077e-31, 5.72931392e-33, 2.9917043e-34, 1.5273754e-35, 7.62922129e-37, 3.73087757e-38, 1.78739263e-39, 8.39419819e-41, 3.86618246e-42, 1.75162308e-43, 8.40779079e-45, 0, 0, 0, 0, 0, 0, 0, 0, 0, 0, 0, 0, 2.77169745e-11, 1.89393905e-08, 7.61744695e-06, 0.000270691642, 0.00241483306, 0.00871806033, 0.0172811672, 0.0221104175, 0.0243051425, 0.0251977891, 0.0251844469, 0.0236930847, 0.0203696601, 0.0156806689, 0.0106537696, 0.00637277914, 0.00336277764, 0.00157207705, 0.000655599404, 0.000246232084, 8.4058418e-05, 2.62940557e-05, 7.58151464e-06, 2.01975195e-06, 4.90485149e-07, 7.34982777e-08, 8.78261108e-09, 9.82970816e-10, 1.03506682e-10, 1.02904126e-11, 9.69285199e-13, 8.68145142e-14, 7.41941485e-15, 6.06985345e-16, 4.76729598e-17, 3.60382989e-18, 2.62804897e-19, 1.85239731e-20, 1.26417734e-21, 8.3656061e-23, 5.37476139e-24, 3.35643996e-25, 2.0393153e-26, 1.20658558e-27, 6.95741831e-29, 3.91269859e-30, 2.1475647e-31, 1.15119071e-32, 6.03057989e-34, 3.08925397e-35, 1.54844835e-36, 7.59886715e-38, 3.65313045e-39, 1.72145312e-40, 7.95517138e-42, 3.60133705e-43, 1.54142831e-44, 1.40129846e-45, 0, 0, 0, 0, 0, 0, 0, 0, 0, 0, 0, 0, 4.2760049e-12, 3.001146e-09, 1.27049123e-06, 5.43205242e-05, 0.000622116146, 0.00293914066, 0.00756310159, 0.0115376385, 0.0139577165, 0.0150756529, 0.014804041, 0.0130674625, 0.0102531742, 0.0070972438, 0.00432281988, 0.0023218717, 0.00110448606, 0.000468069804, 0.000178147791, 6.14585733e-05, 1.93863707e-05, 5.62853438e-06, 1.50501739e-06, 3.62938863e-07, 8.24968112e-08, 1.17396972e-08, 1.33699862e-09, 1.43204809e-10, 1.44683475e-11, 1.38249872e-12, 1.25329909e-13, 1.08167268e-14, 8.91789427e-16, 7.0454394e-17, 5.34870452e-18, 3.91170506e-19, 2.76197836e-20, 1.88650999e-21, 1.24861687e-22, 8.02021472e-24, 5.00615814e-25, 3.04011339e-26, 1.79798849e-27, 1.03655295e-28, 5.82986292e-30, 3.20117839e-31, 1.71728734e-32, 9.00605915e-34, 4.62005727e-35, 2.31969665e-36, 1.14058509e-37, 5.49504339e-39, 2.59531686e-40, 1.20231408e-41, 5.46506401e-43, 2.38220739e-44, 1.40129846e-45, 0, 0, 0, 0, 0, 0, 0, 0, 0, 0, 0, 0, 0, 5.32553006e-13, 3.70562581e-10, 1.47307006e-07, 8.46154035e-06, 0.000119159762, 0.000704936276, 0.0022473284, 0.0039511933, 0.00520511158, 0.00583861209, 0.00568130286, 0.00477977563, 0.00348344515, 0.00220740912, 0.00122330384, 0.000597169041, 0.000258770859, 0.000100367055, 3.5151832e-05, 1.12112775e-05, 3.27586622e-06, 8.73964268e-07, 2.10618452e-07, 4.79265339e-08, 1.0331358e-08, 1.38954404e-09, 1.50690529e-10, 1.54420522e-11, 1.49716296e-12, 1.37573438e-13, 1.20135437e-14, 1.00018699e-15, 7.96450257e-17, 6.08393988e-18, 4.47003543e-19, 3.16640829e-20, 2.16707911e-21, 1.43568722e-22, 9.22274403e-24, 5.75353039e-25, 3.49035729e-26, 2.06152889e-27, 1.18674912e-28, 6.66490777e-30, 3.65483505e-31, 1.95846454e-32, 1.02622622e-33, 5.26174575e-35, 2.6414059e-36, 1.29897733e-37, 6.26121033e-39, 2.95954236e-40, 1.37243172e-41, 6.24979115e-43, 2.80259693e-44, 1.40129846e-45, 0, 0, 0, 0, 0, 0, 0, 0, 0, 0, 0, 0, 0, 0, 5.1764877e-14, 3.56371287e-11, 1.38850016e-08, 9.85750262e-07, 1.66125101e-05, 0.000118648008, 0.000452428445, 0.000891061267, 0.00125849596, 0.00145479501, 0.00140372349, 0.00113574858, 0.000779044349, 0.000458654657, 0.000234648323, 0.00010556951, 4.22236117e-05, 1.51618096e-05, 4.92910294e-06, 1.45532431e-06, 3.83314017e-07, 9.35956876e-08, 2.14615081e-08, 4.63982497e-09, 9.51821399e-10, 1.20941979e-10, 1.24879482e-11, 1.22513783e-12, 1.14101572e-13, 1.009471e-14, 8.50291324e-16, 6.83947871e-17, 5.26954168e-18, 3.89953e-19, 2.77847318e-20, 1.91032637e-21, 1.26991687e-22, 8.17688092e-24, 5.10801093e-25, 3.100346e-26, 1.83082213e-27, 1.05314676e-28, 5.90768591e-30, 3.23493248e-31, 1.73071119e-32, 9.05421401e-34, 4.63517712e-35, 2.32362119e-36, 1.14134538e-37, 5.49629335e-39, 2.59629777e-40, 1.20357525e-41, 5.479077e-43, 2.38220739e-44, 1.40129846e-45, 0, 0, 0, 0, 0, 0, 0, 0, 0, 0, 0, 0, 0, 0, 0, 3.73742615e-15, 2.54538621e-12, 9.80586612e-10, 7.38859072e-08, 1.62657034e-06, 1.36734661e-05, 6.05380956e-05, 0.00013015249, 0.000193683809, 0.000228527468, 0.000218440255, 0.000171042746, 0.000111665453, 6.19286147e-05, 2.96832404e-05, 1.24838562e-05, 4.66327992e-06, 1.55767441e-06, 4.60307177e-07, 1.23102225e-07, 3.07085806e-08, 7.15266202e-09, 1.56455326e-09, 3.23162219e-10, 6.3385075e-11, 7.63430812e-12, 7.5208405e-13, 7.07894911e-14, 6.34393923e-15, 5.41110534e-16, 4.4018413e-17, 3.42527199e-18, 2.55704146e-19, 1.83604143e-20, 1.2708787e-21, 8.49698931e-23, 5.497221e-24, 3.44706479e-25, 2.09816247e-26, 1.24141862e-27, 7.14904473e-29, 4.0118757e-30, 2.19632092e-31, 1.17417949e-32, 6.13577516e-34, 3.13669963e-35, 1.5699513e-36, 7.69877748e-38, 3.70139957e-39, 1.74575164e-40, 8.08128824e-42, 3.67140198e-43, 1.68155816e-44, 1.40129846e-45, 0, 0, 0, 0, 0, 0, 0, 0, 0, 0, 0, 0, 0, 0, 0, 0, 1.86142068e-16, 1.25484706e-13, 4.80032333e-11, 3.86373911e-09, 9.52482182e-08, 1.01826242e-06, 5.14868498e-06, 1.18391654e-05, 1.82858166e-05, 2.18316054e-05, 2.06408204e-05, 1.57109553e-05, 9.84719554e-06, 5.19821333e-06, 2.35464336e-06, 9.23817936e-07, 3.10804751e-07, 9.56499164e-08, 2.6810083e-08, 6.91082613e-09, 1.65353753e-09, 3.70065339e-10, 7.79800044e-11, 1.55600585e-11, 2.95529356e-12, 3.40806295e-13, 3.20468241e-14, 2.89614011e-15, 2.49910136e-16, 2.05644197e-17, 1.61676266e-18, 1.21804323e-19, 8.81863794e-21, 6.15055486e-22, 4.14084291e-23, 2.69584419e-24, 1.69989295e-25, 1.03968362e-26, 6.17621996e-28, 3.56812316e-29, 2.00712632e-30, 1.10057692e-31, 5.88899711e-33, 3.07803793e-34, 1.57299396e-35, 7.86650753e-37, 3.85295e-38, 1.84965232e-39, 8.70921009e-41, 4.02452919e-42, 1.821688e-43, 8.40779079e-45, 0, 0, 0, 0, 0, 0, 0, 0, 0, 0, 0, 0, 0, 0, 0, 0, 0, 0, 5.60567852e-18, 3.74559536e-15, 1.42796625e-12, 1.23351843e-10, 3.38812578e-09, 3.98317184e-08, 2.25373114e-07, 5.87103443e-07, 9.46212253e-07, 1.13979331e-06, 1.06124946e-06, 7.78504898e-07, 4.57660178e-07, 2.2297813e-07, 9.53616635e-08, 3.55090499e-08, 1.16521406e-08, 3.44488793e-09, 9.27820376e-10, 2.2992884e-10, 5.29569721e-11, 1.14514049e-11, 2.34874511e-12, 4.61873974e-13, 8.80015733e-14, 1.00773424e-14, 8.91680054e-16, 7.67644718e-17, 6.36586702e-18, 5.05658145e-19, 3.84767876e-20, 2.81127105e-21, 1.9773826e-22, 1.34194123e-23, 8.80317889e-25, 5.59110159e-26, 3.44282819e-27, 2.05801865e-28, 1.19569269e-29, 6.75959375e-31, 3.72242532e-32, 1.9988971e-33, 1.04773246e-34, 5.36566213e-36, 2.68724585e-37, 1.31728712e-38, 6.32557337e-40, 2.97789937e-41, 1.37467379e-42, 6.16571324e-44, 2.80259693e-45, 0, 0, 0, 0, 0, 0, 0, 0, 0, 0, 0, 0, 0, 0, 0, 0, 0, 0, 0, 7.42783698e-20, 4.93438812e-17, 1.88322563e-14, 1.75780853e-12, 5.3712864e-11, 6.94900859e-10, 4.34929825e-09, 1.13429159e-08, 1.8621094e-08, 2.24446772e-08, 2.05136264e-08, 1.45773011e-08, 8.3057019e-09, 3.9523389e-09, 1.61125635e-09, 5.71305336e-10, 1.79418175e-10, 5.06959752e-11, 1.30102639e-11, 3.06107006e-12, 6.69121063e-13, 1.38327921e-13, 2.77265309e-14, 5.62179536e-15, 1.25020369e-15, 1.70847075e-16, 1.40711082e-17, 1.12160056e-18, 8.74456699e-20, 6.60758861e-21, 4.81800345e-22, 3.3897798e-23, 2.30426803e-24, 1.51567901e-25, 9.66028896e-27, 5.97321346e-28, 3.58704151e-29, 2.09419886e-30, 1.18980505e-31, 6.5844765e-33, 3.55268831e-34, 1.87059191e-35, 9.61999243e-37, 4.83640284e-38, 2.37897319e-39, 1.14585577e-40, 5.40901207e-42, 2.50832425e-43, 1.12103877e-44, 0, 0, 0, 0, 0, 0, 0, 0, 0, 0, 0, 0, 0, 0, 0, 0, 0, 0, 0, 0, 0] (
            interpolation = "uniform"
        )
        float[] primvars:TAR_Gas_mass_fractions_8 = [8.4723899e-09, 4.0356008e-06, 0.00110535964, 0.0262249019, 0.123871207, 0.263020754, 0.48998943, 0.499588758, 0.501631856, 0.501835048, 0.469558775, 0.433475435, 0.384914637, 0.320276797, 0.244313046, 0.16644001, 0.100463741, 0.0536078364, 0.0253491253, 0.0106816711, 0.00405670563, 0.00140492013, 0.000444712845, 0.000130196568, 3.57510653e-05, 6.10546158e-06, 8.96017355e-07, 1.2067494e-07, 1.50135602e-08, 1.73895132e-09, 1.888152e-10, 1.9329878e-11, 1.87480565e-12, 1.7297516e-13, 1.52335149e-14, 1.28427379e-15, 1.03898649e-16, 8.08255465e-18, 6.05673484e-19, 4.37873163e-20, 3.05827696e-21, 2.06620506e-22, 1.35192568e-23, 8.57640011e-25, 5.28082349e-26, 3.15936058e-27, 1.83840281e-28, 1.04149131e-29, 5.74989582e-31, 3.09638554e-32, 1.62789749e-33, 8.36269525e-35, 4.20113531e-36, 2.0655016e-37, 9.94588821e-39, 4.69380335e-40, 2.17243301e-41, 9.86514119e-43, 4.34402524e-44, 1.40129846e-45, 0, 0, 0, 0, 0, 0, 0, 0, 0, 0, 1.86999327e-09, 1.04364494e-06, 0.000257296779, 0.0077155605, 0.0536399633, 0.155227512, 0.317521721, 0.371627778, 0.394174278, 0.404599994, 0.38372764, 0.346630424, 0.294676781, 0.231080487, 0.164268747, 0.104016975, 0.0585396662, 0.0293120295, 0.0130889546, 0.00524111511, 0.00190464116, 0.000633308082, 0.000193852975, 5.50585501e-05, 1.4713718e-05, 2.51192932e-06, 3.38488093e-07, 4.2181199e-08, 4.91761076e-09, 5.376804e-10, 5.53199118e-11, 5.37838957e-12, 4.96243292e-13, 4.3623386e-14, 3.66635797e-15, 2.95491494e-16, 2.28962965e-17, 1.70940668e-18, 1.23195511e-19, 8.584356e-21, 5.79144064e-22, 3.78759668e-23, 2.4039126e-24, 1.48215094e-25, 8.88583016e-27, 5.18475026e-28, 2.94685638e-29, 1.63288635e-30, 8.82821178e-32, 4.66072049e-33, 2.40453316e-34, 1.21319182e-35, 5.99048726e-37, 2.89688161e-38, 1.37285911e-39, 6.38011191e-41, 2.90909561e-42, 1.30320757e-43, 5.60519386e-45, 0, 0, 0, 0, 0, 0, 0, 0, 0, 0, 0, 3.47657042e-10, 2.01538683e-07, 5.17077424e-05, 0.00189858547, 0.0177681372, 0.0690045357, 0.162951723, 0.219965994, 0.250085324, 0.268069148, 0.256388992, 0.224748582, 0.180386722, 0.131202653, 0.0852755532, 0.0493055955, 0.0253460668, 0.01160884, 0.0047624791, 0.00176494988, 0.000595884863, 0.000184730685, 5.29665122e-05, 1.4197155e-05, 3.66165136e-06, 5.99851774e-07, 7.68864865e-08, 9.14456511e-09, 1.01549236e-09, 1.05799328e-10, 1.03893977e-11, 9.65985755e-13, 8.54002605e-14, 7.20611332e-15, 5.82296664e-16, 4.51908687e-17, 3.37685876e-18, 2.43485344e-19, 1.69722938e-20, 1.14554781e-21, 7.49711632e-23, 4.76332713e-24, 2.94122351e-25, 1.76671532e-26, 1.03326103e-27, 5.88865178e-29, 3.27281589e-30, 1.77521076e-31, 9.40398419e-33, 4.86865424e-34, 2.46509861e-35, 1.22144331e-36, 5.92657549e-38, 2.81770713e-39, 1.31345106e-40, 6.00596522e-42, 2.69049305e-43, 1.12103877e-44, 0, 0, 0, 0, 0, 0, 0, 0, 0, 0, 0, 0, 5.45225531e-11, 3.22853815e-08, 8.63090827e-06, 0.000375888863, 0.00446872273, 0.0222967397, 0.063360773, 0.0994087234, 0.121727556, 0.132284164, 0.127439052, 0.108913183, 0.0825985298, 0.0554552712, 0.0329196565, 0.017311221, 0.00809238758, 0.00338017312, 0.00127097126, 0.000434017275, 0.000135790789, 3.92597904e-05, 1.06201342e-05, 2.7851986e-06, 6.81202494e-07, 1.03854376e-07, 1.25765212e-08, 1.42095236e-09, 1.50441853e-10, 1.49829472e-11, 1.40943474e-12, 1.25763264e-13, 1.06872366e-14, 8.68054505e-16, 6.76056501e-17, 5.06277631e-18, 3.65450282e-19, 2.54818416e-20, 1.71951664e-21, 1.12476204e-22, 7.14182125e-24, 4.4074778e-25, 2.64654206e-26, 1.5477371e-27, 8.82318642e-29, 4.90693585e-30, 2.66423632e-31, 1.41323103e-32, 7.32852402e-34, 3.71753819e-35, 1.84583392e-36, 8.97599265e-38, 4.27732343e-39, 1.99848983e-40, 9.16028806e-42, 4.11981749e-43, 1.821688e-44, 1.40129846e-45, 0, 0, 0, 0, 0, 0, 0, 0, 0, 0, 0, 0, 7.04857787e-12, 4.31130909e-09, 1.33358867e-06, 5.8036374e-05, 0.0008399699, 0.00518111838, 0.0176221859, 0.0314691179, 0.0416246951, 0.046683535, 0.0449496731, 0.0371718407, 0.0265783593, 0.0165372174, 0.00901549496, 0.00433837296, 0.00185674487, 0.000712483539, 0.000247280113, 7.83356663e-05, 2.28866029e-05, 6.29003443e-06, 1.66542043e-06, 4.08711344e-07, 9.40488576e-08, 1.34207285e-08, 1.53401314e-09, 1.64583666e-10, 1.66155457e-11, 1.58267648e-12, 1.42733075e-13, 1.22344024e-14, 1.00040976e-15, 7.83013138e-17, 5.88372164e-18, 4.25573517e-19, 2.96997713e-20, 2.00395792e-21, 1.30972216e-22, 8.30483968e-24, 5.1164621e-25, 3.06653437e-26, 1.79001168e-27, 1.01866251e-28, 5.65668269e-30, 3.06762648e-31, 1.62582139e-32, 8.42689217e-34, 4.27425128e-35, 2.1227922e-36, 1.03288757e-37, 4.92639367e-39, 2.3044073e-40, 1.05770008e-41, 4.76441478e-43, 2.1019477e-44, 1.40129846e-45, 0, 0, 0, 0, 0, 0, 0, 0, 0, 0, 0, 0, 0, 7.13578664e-13, 4.45478571e-10, 1.46752626e-07, 6.79702271e-06, 0.000115374489, 0.00085080904, 0.00339958281, 0.00676107593, 0.00956315827, 0.0110429563, 0.0105863912, 0.00847618002, 0.00574427284, 0.00334110879, 0.0016899308, 0.000752470514, 0.000298215222, 0.000106285101, 3.44317596e-05, 1.02943841e-05, 2.9447026e-06, 7.80624646e-07, 1.91851072e-07, 4.41088126e-08, 9.5520809e-09, 1.27535726e-09, 1.37650905e-10, 1.40386175e-11, 1.35322027e-12, 1.23464891e-13, 1.06925424e-14, 8.82039972e-16, 6.95410476e-17, 5.25621663e-18, 3.81915467e-19, 2.67408977e-20, 1.80818107e-21, 1.1830759e-22, 7.50328915e-24, 4.62006053e-25, 2.76580026e-26, 1.61186826e-27, 9.15537804e-29, 5.07356339e-30, 2.74566164e-31, 1.45226391e-32, 7.51348898e-34, 3.80485768e-35, 1.88718178e-36, 9.17326521e-38, 4.37227682e-39, 2.04450847e-40, 9.38309452e-42, 4.23192136e-43, 1.821688e-44, 1.40129846e-45, 0, 0, 0, 0, 0, 0, 0, 0, 0, 0, 0, 0, 0, 0, 5.35507409e-14, 3.38163976e-11, 1.15557102e-08, 6.49727156e-07, 1.12519429e-05, 9.61948826e-05, 0.000441604177, 0.000955905416, 0.00142351363, 0.0016782746, 0.00159748713, 0.00124217093, 0.00080422376, 0.000442184915, 0.000210214144, 8.77959028e-05, 3.26880254e-05, 1.10356978e-05, 3.49199104e-06, 1.024639e-06, 2.74429027e-07, 6.80566998e-08, 1.57391256e-08, 3.41562578e-09, 6.99974356e-10, 8.77811088e-11, 8.96716815e-12, 8.71348078e-13, 8.03443548e-14, 7.03216451e-15, 5.85674473e-16, 4.65663774e-17, 3.54577049e-18, 2.59289172e-19, 1.82538518e-20, 1.23982721e-21, 8.14049613e-23, 5.17600433e-24, 3.19226444e-25, 1.91255012e-26, 1.11463706e-27, 6.32716316e-29, 3.50221069e-30, 1.89231445e-31, 9.99038984e-33, 5.15814176e-34, 2.60660707e-35, 1.29017464e-36, 6.25898143e-38, 2.97788816e-39, 1.39029827e-40, 6.37310542e-42, 2.87266185e-43, 1.26116862e-44, 0, 0, 0, 0, 0, 0, 0, 0, 0, 0, 0, 0, 0, 0, 0, 0, 2.76247641e-15, 1.7546175e-12, 6.13786133e-10, 3.99634814e-08, 8.22017057e-07, 7.19597074e-06, 3.68739165e-05, 8.50479482e-05, 0.000131354391, 0.000156746391, 0.00014779366, 0.000111975402, 6.98145959e-05, 3.67091634e-05, 1.66666759e-05, 6.7174451e-06, 2.50274161e-06, 8.22953723e-07, 2.45533016e-07, 6.70862974e-08, 1.69214562e-08, 3.97148758e-09, 8.73410011e-10, 1.81098678e-10, 3.56010048e-11, 4.23947075e-12, 4.10512065e-13, 3.80700347e-14, 3.3628792e-15, 2.82739492e-16, 2.26751183e-17, 1.74001723e-18, 1.28140836e-19, 9.07941148e-21, 6.20308164e-22, 4.0941395e-23, 2.61496307e-24, 1.6188174e-25, 9.72731902e-27, 5.68125885e-28, 3.22930033e-29, 1.78857277e-30, 9.66335173e-32, 5.09833022e-33, 2.62924796e-34, 1.32657594e-35, 6.55380521e-37, 3.17286258e-38, 1.50630897e-39, 7.01728232e-41, 3.21037478e-42, 1.44333742e-43, 7.00649232e-45, 0, 0, 0, 0, 0, 0, 0, 0, 0, 0, 0, 0, 0, 0, 0, 0, 0, 8.58618439e-17, 5.46900036e-14, 1.9460154e-11, 1.43414813e-09, 3.4179525e-08, 3.53028014e-07, 1.99566989e-06, 4.48647961e-06, 6.97434643e-06, 8.32652131e-06, 7.77846799e-06, 5.82121811e-06, 3.62174796e-06, 1.90449316e-06, 8.37802077e-07, 3.23444965e-07, 1.11758325e-07, 3.47189797e-08, 9.79667636e-09, 2.53485277e-09, 6.07382256e-10, 1.36149064e-10, 2.88462709e-11, 5.83976834e-12, 1.14163757e-12, 1.33942851e-13, 1.21414423e-14, 1.06792336e-15, 9.03205327e-17, 7.30711253e-18, 5.65618865e-19, 4.1992218e-20, 2.9979677e-21, 2.06299761e-22, 1.37096989e-23, 8.813369e-25, 5.48895396e-26, 3.31639667e-27, 1.94639451e-28, 1.11099541e-29, 6.17469926e-31, 3.34521477e-32, 1.76846825e-33, 9.13215847e-35, 4.61070583e-36, 2.2780889e-37, 1.10242967e-38, 5.22940765e-40, 2.43335478e-41, 1.11122968e-42, 5.04467447e-44, 2.80259693e-45, 0, 0, 0, 0, 0, 0, 0, 0, 0, 0, 0, 0, 0, 0, 0, 0, 0, 0, 1.17081801e-18, 7.47905952e-16, 2.70274932e-13, 2.23246664e-11, 6.10682727e-10, 7.25753546e-09, 4.4946951e-08, 1.09819759e-07, 1.73815792e-07, 2.06681037e-07, 1.89563849e-07, 1.3754233e-07, 8.1296669e-08, 3.98739104e-08, 1.66474425e-08, 6.0793881e-09, 1.97682826e-09, 5.78678994e-10, 1.53689644e-10, 3.73533149e-11, 8.41464138e-12, 1.78775831e-12, 3.67061714e-13, 7.59198138e-14, 1.71293237e-14, 2.37586495e-15, 2.00078566e-16, 1.62731424e-17, 1.29205777e-18, 9.92810089e-20, 7.35300961e-21, 5.24924253e-22, 3.61717401e-23, 2.40971901e-24, 1.55421955e-25, 9.71773405e-27, 5.89702319e-28, 3.47690119e-29, 1.99388292e-30, 1.11326192e-31, 6.05783446e-33, 3.21574456e-34, 1.66686591e-35, 8.44448642e-37, 4.1848865e-38, 2.03048848e-39, 9.65326486e-41, 4.50097067e-42, 2.05990874e-43, 9.80908925e-45, 0, 0, 0, 0, 0, 0, 0, 0, 0, 0, 0, 0, 0, 0, 0, 0, 0, 0, 0, 0] (
            interpolation = "uniform"
        )
        float[] primvars:TAR0_Gas_mass_fractions_9 = [0, 0, 0, 7.12763182e-14, 0, 0, 0, 0, 0, 0, 0, 0, 0, 0, 0, 0, 0, 0, 0, 0, 0, 0, 0, 0, 0, 0, 0, 0, 0, 0, 0, 0, 0, 0, 0, 0, 1.11022302e-15, 0, 0, 0, 0, 0, 0, 0, 0, 0, 0, 0, 0, 0, 0, 0, 0, 0, 0, 0, 0, 0, 0, 0, 0, 0, 0, 0, 0, 0, 0, 0, 0, 0, 0, 0, 0, 4.29656311e-14, 0, 0, 0, 0, 0, 1.5347374e-12, 3.3056767e-12, 2.0654587e-12, 5.50004486e-13, 0, 0, 0, 0, 0, 0, 0, 0, 0, 0, 0, 0, 0, 0, 0, 0, 0, 0, 0, 0, 0, 0, 0, 0, 0, 0, 0, 0, 0, 0, 0, 0, 0, 0, 0, 0, 0, 0, 0, 0, 0, 0, 0, 0, 0, 0, 0, 0, 0, 0, 0, 0, 0, 0, 0, 0, 0, 0, 0, 0, 9.43689571e-15, 1.71529457e-13, 0, 0, 2.65476421e-12, 7.60191216e-12, 6.64534053e-12, 4.06907841e-12, 1.73239201e-12, 3.80362408e-13, 0, 0, 0, 0, 0, 0, 0, 0, 0, 0, 0, 0, 0, 0, 0, 0, 0, 0, 0, 0, 0, 0, 0, 0, 0, 0, 0, 0, 0, 0, 0, 0, 0, 0, 0, 0, 0, 0, 0, 0, 0, 0, 0, 0, 0, 0, 0, 0, 0, 0, 0, 0, 0, 0, 0, 0, 0, 0, 0, 0, 0, 5.5067062e-14, 0, 1.12553597e-12, 2.82884783e-12, 3.88811162e-12, 3.18744987e-12, 1.86251015e-12, 7.34190486e-13, 1.0658141e-13, 0, 0, 0, 0, 0, 0, 0, 0, 0, 0, 0, 0, 0, 0, 0, 0, 0, 0, 0, 0, 0, 0, 0, 0, 0, 0, 0, 0, 0, 0, 0, 0, 0, 0, 0, 0, 0, 0, 0, 0, 0, 0, 0, 0, 0, 0, 0, 0, 0, 0, 0, 0, 0, 0, 0, 0, 0, 0, 0, 0, 0, 6.21724894e-15, 5.11812814e-14, 5.42677014e-13, 1.02784448e-12, 1.25088828e-12, 1.02340358e-12, 5.96522831e-13, 2.30815367e-13, 2.74225087e-14, 0, 0, 0, 0, 0, 0, 0, 0, 0, 0, 0, 0, 0, 0, 0, 0, 0, 0, 0, 0, 0, 0, 0, 0, 0, 0, 0, 0, 0, 0, 0, 0, 0, 0, 0, 0, 0, 0, 0, 0, 0, 0, 0, 0, 0, 0, 0, 0, 0, 0, 0, 0, 0, 0, 0, 0, 0, 0, 0, 0, 0, 0, 1.23234756e-14, 1.20015109e-13, 2.30926389e-13, 2.85216295e-13, 2.39253062e-13, 1.38666856e-13, 5.26245714e-14, 4.77395901e-15, 0, 0, 0, 0, 0, 0, 0, 0, 0, 0, 0, 0, 0, 0, 0, 0, 0, 0, 0, 0, 0, 0, 0, 0, 0, 0, 0, 0, 0, 0, 0, 0, 0, 0, 0, 0, 0, 0, 0, 0, 0, 0, 0, 0, 0, 0, 0, 0, 0, 0, 0, 0, 0, 0, 0, 0, 0, 0, 0, 0, 0, 0, 0, 1.19904087e-14, 2.67563749e-14, 3.69704267e-14, 3.13082893e-14, 1.687539e-14, 3.88578059e-15, 0, 0, 0, 0, 0, 0, 0, 0, 0, 0, 0, 0, 0, 0, 0, 0, 0, 0, 0, 0, 0, 0, 0, 0, 0, 0, 0, 0, 0, 0, 0, 0, 0, 0, 0, 0, 0, 0, 0, 0, 0, 0, 0, 0, 0, 0, 0, 0, 0, 0, 0, 0, 0, 0, 0, 0, 0, 0, 0, 0, 0, 0, 0, 0, 0, 0, 0, 0, 0, 0, 0, 0, 0, 0, 0, 0, 0, 0, 0, 0, 0, 0, 0, 0, 0, 0, 0, 0, 0, 0, 0, 0, 0, 0, 0, 0, 0, 0, 0, 0, 0, 0, 0, 0, 0, 0, 0, 0, 0, 0, 0, 0, 0, 0, 0, 0, 0, 0, 0, 0, 0, 0, 0, 0, 0, 0, 0, 0, 0, 0, 0, 0, 0, 0, 0, 0, 0, 0, 0, 0, 0, 0, 0, 0, 0, 0, 0, 0, 0, 0, 0, 0, 0, 0, 0, 0, 0, 0, 0, 0, 0, 0, 0, 0, 0, 0, 0, 0, 0, 0, 0, 0, 0, 0, 0, 0, 0, 0, 0, 0, 0, 0, 0, 0, 0, 0, 0, 0, 0, 0, 0, 0, 0, 0, 0, 0, 0, 0, 0, 0, 0, 0, 0, 0, 0, 0, 0, 0, 0, 0, 0, 0, 0, 0, 0, 0, 0, 0, 0, 0, 0, 0, 0, 0, 0, 0, 0, 0, 0, 0, 0, 0, 0, 0, 0, 0, 0, 0, 0, 0, 0, 0, 0, 0, 0, 0, 0, 0, 0, 0, 0, 0, 0, 0, 0, 0, 0, 0, 0, 0, 0, 0, 0, 0, 0, 0, 0, 0] (
            interpolation = "uniform"
        )
        float[] primvars:BIOMASS_Solids_mass_fractions_1_1 = [0, 0, 0, 0, 9.97586227e-08, 9.94896965e-08, 8.23332073e-07, 1.2352358e-06, 1.18675359e-06, 1.75137211e-06, 1.18625332e-08, 9.51462624e-08, 8.63718199e-08, 0, 8.50170281e-08, 0, 0, 0, 0, 0, 0, 0, 0, 0, 0, 0, 0, 0, 0, 0, 0, 0, 0, 0, 0, 0, 0, 0, 0, 0, 0, 0, 0, 0, 0, 0, 0, 0, 0, 0, 0, 0, 0, 0, 0, 0, 0, 0, 0, 0, 0, 0, 0, 0, 0, 0, 0, 0, 0, 0, 0, 0, 0, 0, 0, 0, 9.04301629e-08, 8.01182551e-08, 8.10787739e-08, 0, 9.56157749e-08, 5.86701638e-08, 0, 0, 0, 0, 0, 0, 0, 0, 0, 0, 0, 0, 0, 0, 0, 0, 0, 0, 0, 0, 0, 0, 0, 0, 0, 0, 0, 0, 0, 0, 0, 0, 0, 0, 0, 0, 0, 0, 0, 0, 0, 0, 0, 0, 0, 0, 0, 0, 0, 0, 0, 0, 0, 0, 0, 0, 0, 0, 0, 0, 0, 0, 0, 7.60076944e-08, 9.51062447e-08, 9.68973808e-08, 7.86258383e-08, 7.12995174e-08, 4.6221043e-08, 4.34224852e-08, 3.20386633e-08, 0, 0, 0, 0, 0, 0, 0, 0, 0, 0, 0, 0, 0, 0, 0, 0, 0, 0, 0, 0, 0, 0, 0, 0, 0, 0, 0, 0, 0, 0, 0, 0, 0, 0, 0, 0, 0, 0, 0, 0, 0, 0, 0, 0, 0, 0, 0, 0, 0, 0, 0, 0, 0, 0, 0, 0, 0, 0, 0, 0, 0, 0, 0, 7.81143541e-08, 8.89228602e-08, 9.05243738e-08, 7.32702432e-08, 6.62854447e-08, 0, 0, 0, 0, 0, 0, 0, 0, 0, 0, 0, 0, 0, 0, 0, 0, 0, 0, 0, 0, 0, 0, 0, 0, 0, 0, 0, 0, 0, 0, 0, 0, 0, 0, 0, 0, 0, 0, 0, 0, 0, 0, 0, 0, 0, 0, 0, 0, 0, 0, 0, 0, 0, 0, 0, 0, 0, 0, 0, 0, 0, 0, 0, 0, 0, 0, 0, 0, 0, 0, 0, 0, 0, 0, 0, 0, 0, 0, 0, 0, 0, 0, 0, 0, 0, 0, 0, 0, 0, 0, 0, 0, 0, 0, 0, 0, 0, 0, 0, 0, 0, 0, 0, 0, 0, 0, 0, 0, 0, 0, 0, 0, 0, 0, 0, 0, 0, 0, 0, 0, 0, 0, 0, 0, 0, 0, 0, 0, 0, 0, 0, 0, 0, 0, 0, 0, 0, 0, 0, 0, 0, 0, 0, 0, 0, 0, 0, 0, 0, 0, 0, 0, 0, 0, 0, 0, 0, 0, 0, 0, 0, 0, 0, 0, 0, 0, 0, 0, 0, 0, 0, 0, 0, 0, 0, 0, 0, 0, 0, 0, 0, 0, 0, 0, 0, 0, 0, 0, 0, 0, 0, 0, 0, 0, 0, 0, 0, 0, 0, 0, 0, 0, 0, 0, 0, 0, 0, 0, 0, 0, 0, 0, 0, 0, 0, 0, 0, 0, 0, 0, 0, 0, 0, 0, 0, 0, 0, 0, 0, 0, 0, 0, 0, 0, 0, 0, 0, 0, 0, 0, 0, 0, 0, 0, 0, 0, 0, 0, 0, 0, 0, 0, 0, 0, 0, 0, 0, 0, 0, 0, 0, 0, 0, 0, 0, 0, 0, 0, 0, 0, 0, 0, 0, 0, 0, 0, 0, 0, 0, 0, 0, 0, 0, 0, 0, 0, 0, 0, 0, 0, 0, 0, 0, 0, 0, 0, 0, 0, 0, 0, 0, 0, 0, 0, 0, 0, 0, 0, 0, 0, 0, 0, 0, 0, 0, 0, 0, 0, 0, 0, 0, 0, 0, 0, 0, 0, 0, 0, 0, 0, 0, 0, 0, 0, 0, 0, 0, 0, 0, 0, 0, 0, 0, 0, 0, 0, 0, 0, 0, 0, 0, 0, 0, 0, 0, 0, 0, 0, 0, 0, 0, 0, 0, 0, 0, 0, 0, 0, 0, 0, 0, 0, 0, 0, 0, 0, 0, 0, 0, 0, 0, 0, 0, 0, 0, 0, 0, 0, 0, 0, 0, 0, 0, 0, 0, 0, 0, 0, 0, 0, 0, 0, 0, 0, 0, 0, 0, 0, 0, 0, 0, 0, 0, 0, 0, 0, 0, 0, 0, 0, 0, 0, 0, 0, 0, 0, 0, 0, 0, 0, 0, 0, 0, 0, 0, 0, 0, 0, 0, 0, 0, 0, 0, 0, 0, 0, 0, 0, 0, 0, 0, 0, 0, 0, 0, 0, 0, 0, 0, 0, 0, 0, 0, 0, 0, 0, 0, 0, 0, 0, 0, 0, 0, 0, 0, 0, 0, 0, 0] (
            interpolation = "uniform"
        )
        float[] primvars:MOISTURE_Solids_mass_fractions_1_2 = [0, 0, 0, 0, 0, 0, 0, 0, 0, 0, 0, 0, 0, 0, 0, 0, 0, 0, 0, 0, 0, 0, 0, 0, 0, 0, 0, 0, 0, 0, 0, 0, 0, 0, 0, 0, 0, 0, 0, 0, 0, 0, 0, 0, 0, 0, 0, 0, 0, 0, 0, 0, 0, 0, 0, 0, 0, 0, 0, 0, 0, 0, 0, 0, 0, 0, 0, 0, 0, 0, 0, 0, 0, 0, 0, 0, 0, 0, 0, 0, 0, 0, 0, 0, 0, 0, 0, 0, 0, 0, 0, 0, 0, 0, 0, 0, 0, 0, 0, 0, 0, 0, 0, 0, 0, 0, 0, 0, 0, 0, 0, 0, 0, 0, 0, 0, 0, 0, 0, 0, 0, 0, 0, 0, 0, 0, 0, 0, 0, 0, 0, 0, 0, 0, 0, 0, 0, 0, 0, 0, 0, 0, 0, 0, 0, 0, 0, 0, 0, 0, 0, 0, 0, 0, 0, 0, 0, 0, 0, 0, 0, 0, 0, 0, 0, 0, 0, 0, 0, 0, 0, 0, 0, 0, 0, 0, 0, 0, 0, 0, 0, 0, 0, 0, 0, 0, 0, 0, 0, 0, 0, 0, 0, 0, 0, 0, 0, 0, 0, 0, 0, 0, 0, 0, 0, 0, 0, 0, 0, 0, 0, 0, 0, 0, 0, 0, 0, 0, 0, 0, 0, 0, 0, 0, 0, 0, 0, 0, 0, 0, 0, 0, 0, 0, 0, 0, 0, 0, 0, 0, 0, 0, 0, 0, 0, 0, 0, 0, 0, 0, 0, 0, 0, 0, 0, 0, 0, 0, 0, 0, 0, 0, 0, 0, 0, 0, 0, 0, 0, 0, 0, 0, 0, 0, 0, 0, 0, 0, 0, 0, 0, 0, 0, 0, 0, 0, 0, 0, 0, 0, 0, 0, 0, 0, 0, 0, 0, 0, 0, 0, 0, 0, 0, 0, 0, 0, 0, 0, 0, 0, 0, 0, 0, 0, 0, 0, 0, 0, 0, 0, 0, 0, 0, 0, 0, 0, 0, 0, 0, 0, 0, 0, 0, 0, 0, 0, 0, 0, 0, 0, 0, 0, 0, 0, 0, 0, 0, 0, 0, 0, 0, 0, 0, 0, 0, 0, 0, 0, 0, 0, 0, 0, 0, 0, 0, 0, 0, 0, 0, 0, 0, 0, 0, 0, 0, 0, 0, 0, 0, 0, 0, 0, 0, 0, 0, 0, 0, 0, 0, 0, 0, 0, 0, 0, 0, 0, 0, 0, 0, 0, 0, 0, 0, 0, 0, 0, 0, 0, 0, 0, 0, 0, 0, 0, 0, 0, 0, 0, 0, 0, 0, 0, 0, 0, 0, 0, 0, 0, 0, 0, 0, 0, 0, 0, 0, 0, 0, 0, 0, 0, 0, 0, 0, 0, 0, 0, 0, 0, 0, 0, 0, 0, 0, 0, 0, 0, 0, 0, 0, 0, 0, 0, 0, 0, 0, 0, 0, 0, 0, 0, 0, 0, 0, 0, 0, 0, 0, 0, 0, 0, 0, 0, 0, 0, 0, 0, 0, 0, 0, 0, 0, 0, 0, 0, 0, 0, 0, 0, 0, 0, 0, 0, 0, 0, 0, 0, 0, 0, 0, 0, 0, 0, 0, 0, 0, 0, 0, 0, 0, 0, 0, 0, 0, 0, 0, 0, 0, 0, 0, 0, 0, 0, 0, 0, 0, 0, 0, 0, 0, 0, 0, 0, 0, 0, 0, 0, 0, 0, 0, 0, 0, 0, 0, 0, 0, 0, 0, 0, 0, 0, 0, 0, 0, 0, 0, 0, 0, 0, 0, 0, 0, 0, 0, 0, 0, 0, 0, 0, 0, 0, 0, 0, 0, 0, 0, 0, 0, 0, 0, 0, 0, 0, 0, 0, 0, 0, 0, 0, 0, 0, 0, 0, 0, 0, 0, 0, 0, 0, 0, 0, 0, 0, 0, 0, 0, 0, 0, 0, 0, 0, 0, 0, 0, 0, 0, 0, 0, 0, 0, 0, 0, 0, 0, 0, 0, 0, 0, 0, 0, 0, 0, 0, 0, 0, 0, 0, 0, 0, 0, 0, 0, 0, 0, 0, 0, 0, 0, 0, 0, 0, 0, 0, 0, 0, 0, 0, 0, 0, 0, 0, 0, 0, 0, 0, 0, 0, 0, 0, 0, 0, 0, 0, 0, 0, 0, 0, 0, 0, 0, 0, 0, 0, 0, 0, 0, 0, 0, 0, 0, 0] (
            interpolation = "uniform"
        )
        float[] primvars:CHAR_Solids_mass_fractions_1_3 = [0, 0, 0, 0, 0.766820252, 0.767448902, 0.759794593, 0.760048151, 0.760035098, 0.760095, 0.762522876, 0.76450026, 0.76569593, 0.765885711, 0.765884995, 0, 0, 0, 0, 0, 0, 0, 0, 0, 0, 0, 0, 0, 0, 0, 0, 0, 0, 0, 0, 0, 0, 0, 0, 0, 0, 0, 0, 0, 0, 0, 0, 0, 0, 0, 0, 0, 0, 0, 0, 0, 0, 0, 0, 0, 0, 0, 0, 0, 0, 0, 0, 0, 0, 0, 0, 0, 0, 0, 0, 0.765340149, 0.763395905, 0.763095319, 0.763425529, 0.763299942, 0.764851809, 0.765845299, 0.765822768, 0.765853822, 0, 0, 0, 0, 0, 0, 0, 0, 0, 0, 0, 0, 0, 0, 0, 0, 0, 0, 0, 0, 0, 0, 0, 0, 0, 0, 0, 0, 0, 0, 0, 0, 0, 0, 0, 0, 0, 0, 0, 0, 0, 0, 0, 0, 0, 0, 0, 0, 0, 0, 0, 0, 0, 0, 0, 0, 0, 0, 0, 0, 0, 0.760917902, 0.764037132, 0.764649034, 0.765288889, 0.765069187, 0.765659094, 0.765752017, 0.765821993, 0, 0, 0, 0, 0, 0, 0, 0, 0, 0, 0, 0, 0, 0, 0, 0, 0, 0, 0, 0, 0, 0, 0, 0, 0, 0, 0, 0, 0, 0, 0, 0, 0, 0, 0, 0, 0, 0, 0, 0, 0, 0, 0, 0, 0, 0, 0, 0, 0, 0, 0, 0, 0, 0, 0, 0, 0, 0, 0, 0, 0, 0, 0, 0.762730598, 0.76464206, 0.765288651, 0.765068948, 0.765658677, 0, 0, 0, 0, 0, 0, 0, 0, 0, 0, 0, 0, 0, 0, 0, 0, 0, 0, 0, 0, 0, 0, 0, 0, 0, 0, 0, 0, 0, 0, 0, 0, 0, 0, 0, 0, 0, 0, 0, 0, 0, 0, 0, 0, 0, 0, 0, 0, 0, 0, 0, 0, 0, 0, 0, 0, 0, 0, 0, 0, 0, 0, 0, 0, 0, 0, 0, 0, 0, 0, 0, 0, 0, 0, 0, 0, 0, 0, 0, 0, 0, 0, 0, 0, 0, 0, 0, 0, 0, 0, 0, 0, 0, 0, 0, 0, 0, 0, 0, 0, 0, 0, 0, 0, 0, 0, 0, 0, 0, 0, 0, 0, 0, 0, 0, 0, 0, 0, 0, 0, 0, 0, 0, 0, 0, 0, 0, 0, 0, 0, 0, 0, 0, 0, 0, 0, 0, 0, 0, 0, 0, 0, 0, 0, 0, 0, 0, 0, 0, 0, 0, 0, 0, 0, 0, 0, 0, 0, 0, 0, 0, 0, 0, 0, 0, 0, 0, 0, 0, 0, 0, 0, 0, 0, 0, 0, 0, 0, 0, 0, 0, 0, 0, 0, 0, 0, 0, 0, 0, 0, 0, 0, 0, 0, 0, 0, 0, 0, 0, 0, 0, 0, 0, 0, 0, 0, 0, 0, 0, 0, 0, 0, 0, 0, 0, 0, 0, 0, 0, 0, 0, 0, 0, 0, 0, 0, 0, 0, 0, 0, 0, 0, 0, 0, 0, 0, 0, 0, 0, 0, 0, 0, 0, 0, 0, 0, 0, 0, 0, 0, 0, 0, 0, 0, 0, 0, 0, 0, 0, 0, 0, 0, 0, 0, 0, 0, 0, 0, 0, 0, 0, 0, 0, 0, 0, 0, 0, 0, 0, 0, 0, 0, 0, 0, 0, 0, 0, 0, 0, 0, 0, 0, 0, 0, 0, 0, 0, 0, 0, 0, 0, 0, 0, 0, 0, 0, 0, 0, 0, 0, 0, 0, 0, 0, 0, 0, 0, 0, 0, 0, 0, 0, 0, 0, 0, 0, 0, 0, 0, 0, 0, 0, 0, 0, 0, 0, 0, 0, 0, 0, 0, 0, 0, 0, 0, 0, 0, 0, 0, 0, 0, 0, 0, 0, 0, 0, 0, 0, 0, 0, 0, 0, 0, 0, 0, 0, 0, 0, 0, 0, 0, 0, 0, 0, 0, 0, 0, 0, 0, 0, 0, 0, 0, 0, 0, 0, 0, 0, 0, 0, 0, 0, 0, 0, 0, 0, 0, 0, 0, 0, 0, 0, 0, 0, 0, 0, 0, 0, 0, 0, 0, 0, 0, 0, 0, 0, 0, 0, 0, 0, 0, 0, 0, 0, 0, 0, 0, 0, 0, 0, 0, 0, 0, 0, 0, 0, 0, 0, 0, 0, 0, 0, 0, 0, 0, 0, 0, 0, 0, 0, 0, 0, 0, 0, 0, 0, 0, 0, 0, 0, 0, 0, 0, 0, 0, 0, 0, 0, 0, 0, 0, 0, 0, 0, 0, 0, 0, 0, 0] (
            interpolation = "uniform"
        )
        float[] primvars:ASH_Solids_mass_fractions_1_4 = [1, 1, 1, 1, 0.233179614, 0.232551008, 0.240204588, 0.239950627, 0.23996371, 0.239903226, 0.237477109, 0.235499635, 0.234303996, 0.234114423, 0.2341149, 1, 1, 1, 1, 1, 1, 1, 1, 1, 1, 1, 1, 1, 1, 1, 1, 1, 1, 1, 1, 1, 1, 1, 1, 1, 1, 1, 1, 1, 1, 1, 1, 1, 1, 1, 1, 1, 1, 1, 1, 1, 1, 1, 1, 1, 1, 1, 1, 1, 1, 1, 1, 1, 1, 1, 1, 1, 1, 1, 1, 0.234659955, 0.236604005, 0.236904606, 0.236574396, 0.236700162, 0.235148087, 0.234154642, 0.234177381, 0.234146357, 1, 1, 1, 1, 1, 1, 1, 1, 1, 1, 1, 1, 1, 1, 1, 1, 1, 1, 1, 1, 1, 1, 1, 1, 1, 1, 1, 1, 1, 1, 1, 1, 1, 1, 1, 1, 1, 1, 1, 1, 1, 1, 1, 1, 1, 1, 1, 1, 1, 1, 1, 1, 1, 1, 1, 1, 1, 1, 1, 1, 1, 0.239081994, 0.235962763, 0.235350847, 0.234711021, 0.234930754, 0.234340861, 0.234247953, 0.234177977, 1, 1, 1, 1, 1, 1, 1, 1, 1, 1, 1, 1, 1, 1, 1, 1, 1, 1, 1, 1, 1, 1, 1, 1, 1, 1, 1, 1, 1, 1, 1, 1, 1, 1, 1, 1, 1, 1, 1, 1, 1, 1, 1, 1, 1, 1, 1, 1, 1, 1, 1, 1, 1, 1, 1, 1, 1, 1, 1, 1, 1, 1, 1, 0.237269342, 0.235357836, 0.234711245, 0.234930977, 0.234341249, 1, 1, 1, 1, 1, 1, 1, 1, 1, 1, 1, 1, 1, 1, 1, 1, 1, 1, 1, 1, 1, 1, 1, 1, 1, 1, 1, 1, 1, 1, 1, 1, 1, 1, 1, 1, 1, 1, 1, 1, 1, 1, 1, 1, 1, 1, 1, 1, 1, 1, 1, 1, 1, 1, 1, 1, 1, 1, 1, 1, 1, 1, 1, 1, 1, 1, 1, 1, 1, 1, 1, 1, 1, 1, 1, 1, 1, 1, 1, 1, 1, 1, 1, 1, 1, 1, 1, 1, 1, 1, 1, 1, 1, 1, 1, 1, 1, 1, 1, 1, 1, 1, 1, 1, 1, 1, 1, 1, 1, 1, 1, 1, 1, 1, 1, 1, 1, 1, 1, 1, 1, 1, 1, 1, 1, 1, 1, 1, 1, 1, 1, 1, 1, 1, 1, 1, 1, 1, 1, 1, 1, 1, 1, 1, 1, 1, 1, 1, 1, 1, 1, 1, 1, 1, 1, 1, 1, 1, 1, 1, 1, 1, 1, 1, 1, 1, 1, 1, 1, 1, 1, 1, 1, 1, 1, 1, 1, 1, 1, 1, 1, 1, 1, 1, 1, 1, 1, 1, 1, 1, 1, 1, 1, 1, 1, 1, 1, 1, 1, 1, 1, 1, 1, 1, 1, 1, 1, 1, 1, 1, 1, 1, 1, 1, 1, 1, 1, 1, 1, 1, 1, 1, 1, 1, 1, 1, 1, 1, 1, 1, 1, 1, 1, 1, 1, 1, 1, 1, 1, 1, 1, 1, 1, 1, 1, 1, 1, 1, 1, 1, 1, 1, 1, 1, 1, 1, 1, 1, 1, 1, 1, 1, 1, 1, 1, 1, 1, 1, 1, 1, 1, 1, 1, 1, 1, 1, 1, 1, 1, 1, 1, 1, 1, 1, 1, 1, 1, 1, 1, 1, 1, 1, 1, 1, 1, 1, 1, 1, 1, 1, 1, 1, 1, 1, 1, 1, 1, 1, 1, 1, 1, 1, 1, 1, 1, 1, 1, 1, 1, 1, 1, 1, 1, 1, 1, 1, 1, 1, 1, 1, 1, 1, 1, 1, 1, 1, 1, 1, 1, 1, 1, 1, 1, 1, 1, 1, 1, 1, 1, 1, 1, 1, 1, 1, 1, 1, 1, 1, 1, 1, 1, 1, 1, 1, 1, 1, 1, 1, 1, 1, 1, 1, 1, 1, 1, 1, 1, 1, 1, 1, 1, 1, 1, 1, 1, 1, 1, 1, 1, 1, 1, 1, 1, 1, 1, 1, 1, 1, 1, 1, 1, 1, 1, 1, 1, 1, 1, 1, 1, 1, 1, 1, 1, 1, 1, 1, 1, 1, 1, 1, 1, 1, 1, 1, 1, 1, 1, 1, 1, 1, 1, 1, 1, 1, 1, 1, 1, 1, 1, 1, 1, 1, 1, 1, 1, 1, 1, 1, 1, 1, 1, 1, 1, 1, 1, 1, 1, 1, 1, 1, 1, 1, 1, 1, 1, 1, 1, 1, 1, 1, 1, 1, 1, 1, 1, 1, 1, 1, 1] (
            interpolation = "uniform"
        )
        color3f[] primvars:displayColor = [(1, 0.735213637, 0), (1, 0.735213637, 0), (1, 0.735213637, 0), (1, 0.735622764, 0), (1, 0, 0), (1, 0.858874381, 0), (0, 0.955225408, 1), (0, 0.216227278, 1), (0, 0.100135528, 1), (0, 0, 1), (0.820978343, 1, 0), (1, 0.836781144, 0), (1, 0.757511437, 0), (1, 0.738998115, 0), (1, 0.735622764, 0), (1, 0.735111356, 0), (1, 0.735111356, 0), (1, 0.735213637, 0), (1, 0.735213637, 0), (1, 0.735213637, 0), (1, 0.735213637, 0), (1, 0.735213637, 0), (1, 0.735213637, 0), (1, 0.735213637, 0), (1, 0.735213637, 0), (1, 0.735213637, 0), (1, 0.735213637, 0), (1, 0.735213637, 0), (1, 0.735213637, 0), (1, 0.735213637, 0), (1, 0.735213637, 0), (1, 0.735213637, 0), (1, 0.735213637, 0), (1, 0.735213637, 0), (1, 0.735213637, 0), (1, 0.735213637, 0), (1, 0.735213637, 0), (1, 0.735213637, 0), (1, 0.735213637, 0), (1, 0.735213637, 0), (1, 0.735213637, 0), (1, 0.735213637, 0), (1, 0.735213637, 0), (1, 0.735213637, 0), (1, 0.735213637, 0), (1, 0.735213637, 0), (1, 0.735213637, 0), (1, 0.735213637, 0), (1, 0.735213637, 0), (1, 0.735213637, 0), (1, 0.735213637, 0), (1, 0.735213637, 0), (1, 0.735213637, 0), (1, 0.735213637, 0), (1, 0.735213637, 0), (1, 0.735213637, 0), (1, 0.735213637, 0), (1, 0.735213637, 0), (1, 0.735213637, 0), (1, 0.735213637, 0), (1, 0.735213637, 0), (1, 0.735213637, 0), (1, 0.735213637, 0), (1, 0.735213637, 0), (1, 0.735213637, 0), (1, 0.735213637, 0), (1, 0.735213637, 0), (1, 0.735213637, 0), (1, 0.735213637, 0), (1, 0.735213637, 0), (1, 0.735213637, 0), (1, 0.735213637, 0), (1, 0.735213637, 0), (1, 0.735213637, 0), (1, 0.73603189, 0), (1, 0.601222277, 0), (1, 0.852021396, 0), (1, 0.931188762, 0), (1, 0.970874786, 0), (1, 0.970874786, 0), (1, 0.806709826, 0), (1, 0.753420115, 0), (1, 0.738793552, 0), (1, 0.735725045, 0), (1, 0.735111356, 0), (1, 0.735111356, 0), (1, 0.735213637, 0), (1, 0.735213637, 0), (1, 0.735213637, 0), (1, 0.735213637, 0), (1, 0.735213637, 0), (1, 0.735213637, 0), (1, 0.735213637, 0), (1, 0.735213637, 0), (1, 0.735213637, 0), (1, 0.735213637, 0), (1, 0.735213637, 0), (1, 0.735213637, 0), (1, 0.735213637, 0), (1, 0.735213637, 0), (1, 0.735213637, 0), (1, 0.735213637, 0), (1, 0.735213637, 0), (1, 0.735213637, 0), (1, 0.735213637, 0), (1, 0.735213637, 0), (1, 0.735213637, 0), (1, 0.735213637, 0), (1, 0.735213637, 0), (1, 0.735213637, 0), (1, 0.735213637, 0), (1, 0.735213637, 0), (1, 0.735213637, 0), (1, 0.735213637, 0), (1, 0.735213637, 0), (1, 0.735213637, 0), (1, 0.735213637, 0), (1, 0.735213637, 0), (1, 0.735213637, 0), (1, 0.735213637, 0), (1, 0.735213637, 0), (1, 0.735213637, 0), (1, 0.735213637, 0), (1, 0.735213637, 0), (1, 0.735213637, 0), (1, 0.735213637, 0), (1, 0.735213637, 0), (1, 0.735213637, 0), (1, 0.735213637, 0), (1, 0.735213637, 0), (1, 0.735213637, 0), (1, 0.735213637, 0), (1, 0.735213637, 0), (1, 0.735213637, 0), (1, 0.735213637, 0), (1, 0.735213637, 0), (1, 0.735213637, 0), (1, 0.735213637, 0), (1, 0.735213637, 0), (1, 0.735213637, 0), (1, 0.735213637, 0), (1, 0.735213637, 0), (1, 0.735213637, 0), (1, 0.735213637, 0), (1, 0.735213637, 0), (1, 0.316771924, 0), (1, 0.740430117, 0), (1, 0.754136086, 0), (1, 0.762216508, 0), (1, 0.765182734, 0), (1, 0.744623721, 0), (1, 0.73736161, 0), (1, 0.735520482, 0), (1, 0.735111356, 0), (1, 0.735111356, 0), (1, 0.735213637, 0), (1, 0.735213637, 0), (1, 0.735213637, 0), (1, 0.735213637, 0), (1, 0.735213637, 0), (1, 0.735213637, 0), (1, 0.735213637, 0), (1, 0.735213637, 0), (1, 0.735213637, 0), (1, 0.735213637, 0), (1, 0.735213637, 0), (1, 0.735213637, 0), (1, 0.735213637, 0), (1, 0.735213637, 0), (1, 0.735213637, 0), (1, 0.735213637, 0), (1, 0.735213637, 0), (1, 0.735213637, 0), (1, 0.735213637, 0), (1, 0.735213637, 0), (1, 0.735213637, 0), (1, 0.735213637, 0), (1, 0.735213637, 0), (1, 0.735213637, 0), (1, 0.735213637, 0), (1, 0.735213637, 0), (1, 0.735213637, 0), (1, 0.735213637, 0), (1, 0.735213637, 0), (1, 0.735213637, 0), (1, 0.735213637, 0), (1, 0.735213637, 0), (1, 0.735213637, 0), (1, 0.735213637, 0), (1, 0.735213637, 0), (1, 0.735213637, 0), (1, 0.735213637, 0), (1, 0.735213637, 0), (1, 0.735213637, 0), (1, 0.735213637, 0), (1, 0.735213637, 0), (1, 0.735213637, 0), (1, 0.735213637, 0), (1, 0.735213637, 0), (1, 0.735213637, 0), (1, 0.735213637, 0), (1, 0.735213637, 0), (1, 0.735213637, 0), (1, 0.735213637, 0), (1, 0.735213637, 0), (1, 0.735213637, 0), (1, 0.735213637, 0), (1, 0.735213637, 0), (1, 0.735213637, 0), (1, 0.735213637, 0), (1, 0.735213637, 0), (1, 0.735213637, 0), (1, 0.735213637, 0), (1, 0.735213637, 0), (1, 0.735213637, 0), (1, 0.735111356, 0), (1, 0.553762734, 0), (1, 0.733781695, 0), (1, 0.73736161, 0), (1, 0.737463892, 0), (1, 0.735827327, 0), (1, 0.735213637, 0), (1, 0.735213637, 0), (1, 0.735213637, 0), (1, 0.735213637, 0), (1, 0.735213637, 0), (1, 0.735213637, 0), (1, 0.735213637, 0), (1, 0.735213637, 0), (1, 0.735213637, 0), (1, 0.735213637, 0), (1, 0.735213637, 0), (1, 0.735213637, 0), (1, 0.735213637, 0), (1, 0.735213637, 0), (1, 0.735213637, 0), (1, 0.735213637, 0), (1, 0.735213637, 0), (1, 0.735213637, 0), (1, 0.735213637, 0), (1, 0.735213637, 0), (1, 0.735213637, 0), (1, 0.735213637, 0), (1, 0.735213637, 0), (1, 0.735213637, 0), (1, 0.735213637, 0), (1, 0.735213637, 0), (1, 0.735213637, 0), (1, 0.735213637, 0), (1, 0.735213637, 0), (1, 0.735213637, 0), (1, 0.735213637, 0), (1, 0.735213637, 0), (1, 0.735213637, 0), (1, 0.735213637, 0), (1, 0.735213637, 0), (1, 0.735213637, 0), (1, 0.735213637, 0), (1, 0.735213637, 0), (1, 0.735213637, 0), (1, 0.735213637, 0), (1, 0.735213637, 0), (1, 0.735213637, 0), (1, 0.735213637, 0), (1, 0.735213637, 0), (1, 0.735213637, 0), (1, 0.735213637, 0), (1, 0.735213637, 0), (1, 0.735213637, 0), (1, 0.735213637, 0), (1, 0.735213637, 0), (1, 0.735213637, 0), (1, 0.735213637, 0), (1, 0.735213637, 0), (1, 0.735213637, 0), (1, 0.735213637, 0), (1, 0.735213637, 0), (1, 0.735213637, 0), (1, 0.735213637, 0), (1, 0.735213637, 0), (1, 0.735213637, 0), (1, 0.735213637, 0), (1, 0.735213637, 0), (1, 0.735213637, 0), (1, 0.735213637, 0), (1, 0.735213637, 0), (1, 0.735213637, 0), (1, 0.735213637, 0), (1, 0.735213637, 0), (1, 0.735315919, 0), (1, 0.735213637, 0), (1, 0.735213637, 0), (1, 0.735213637, 0), (1, 0.735213637, 0), (1, 0.735213637, 0), (1, 0.735213637, 0), (1, 0.735213637, 0), (1, 0.735213637, 0), (1, 0.735213637, 0), (1, 0.735213637, 0), (1, 0.735213637, 0), (1, 0.735213637, 0), (1, 0.735213637, 0), (1, 0.735213637, 0), (1, 0.735213637, 0), (1, 0.735213637, 0), (1, 0.735213637, 0), (1, 0.735213637, 0), (1, 0.735213637, 0), (1, 0.735213637, 0), (1, 0.735213637, 0), (1, 0.735213637, 0), (1, 0.735213637, 0), (1, 0.735213637, 0), (1, 0.735213637, 0), (1, 0.735213637, 0), (1, 0.735213637, 0), (1, 0.735213637, 0), (1, 0.735213637, 0), (1, 0.735213637, 0), (1, 0.735213637, 0), (1, 0.735213637, 0), (1, 0.735213637, 0), (1, 0.735213637, 0), (1, 0.735213637, 0), (1, 0.735213637, 0), (1, 0.735213637, 0), (1, 0.735213637, 0), (1, 0.735213637, 0), (1, 0.735213637, 0), (1, 0.735213637, 0), (1, 0.735213637, 0), (1, 0.735213637, 0), (1, 0.735213637, 0), (1, 0.735213637, 0), (1, 0.735213637, 0), (1, 0.735213637, 0), (1, 0.735213637, 0), (1, 0.735213637, 0), (1, 0.735213637, 0), (1, 0.735213637, 0), (1, 0.735213637, 0), (1, 0.735213637, 0), (1, 0.735213637, 0), (1, 0.735213637, 0), (1, 0.735213637, 0), (1, 0.735213637, 0), (1, 0.735213637, 0), (1, 0.735213637, 0), (1, 0.735213637, 0), (1, 0.735213637, 0), (1, 0.735213637, 0), (1, 0.735213637, 0), (1, 0.735213637, 0), (1, 0.735213637, 0), (1, 0.735213637, 0), (1, 0.735213637, 0), (1, 0.735213637, 0), (1, 0.735213637, 0), (1, 0.735213637, 0), (1, 0.735213637, 0), (1, 0.735213637, 0), (1, 0.735213637, 0), (1, 0.735213637, 0), (1, 0.735213637, 0), (1, 0.735213637, 0), (1, 0.735213637, 0), (1, 0.735213637, 0), (1, 0.735213637, 0), (1, 0.735213637, 0), (1, 0.735213637, 0), (1, 0.735213637, 0), (1, 0.735213637, 0), (1, 0.735213637, 0), (1, 0.735213637, 0), (1, 0.735213637, 0), (1, 0.735213637, 0), (1, 0.735213637, 0), (1, 0.735213637, 0), (1, 0.735213637, 0), (1, 0.735213637, 0), (1, 0.735213637, 0), (1, 0.735213637, 0), (1, 0.735213637, 0), (1, 0.735213637, 0), (1, 0.735213637, 0), (1, 0.735213637, 0), (1, 0.735213637, 0), (1, 0.735213637, 0), (1, 0.735213637, 0), (1, 0.735213637, 0), (1, 0.735213637, 0), (1, 0.735213637, 0), (1, 0.735213637, 0), (1, 0.735213637, 0), (1, 0.735213637, 0), (1, 0.735213637, 0), (1, 0.735213637, 0), (1, 0.735213637, 0), (1, 0.735213637, 0), (1, 0.735213637, 0), (1, 0.735213637, 0), (1, 0.735213637, 0), (1, 0.735213637, 0), (1, 0.735213637, 0), (1, 0.735213637, 0), (1, 0.735213637, 0), (1, 0.735213637, 0), (1, 0.735213637, 0), (1, 0.735213637, 0), (1, 0.735213637, 0), (1, 0.735213637, 0), (1, 0.735213637, 0), (1, 0.735213637, 0), (1, 0.735213637, 0), (1, 0.735213637, 0), (1, 0.735213637, 0), (1, 0.735213637, 0), (1, 0.735213637, 0), (1, 0.735213637, 0), (1, 0.735213637, 0), (1, 0.735213637, 0), (1, 0.735213637, 0), (1, 0.735213637, 0), (1, 0.735213637, 0), (1, 0.735213637, 0), (1, 0.735213637, 0), (1, 0.735213637, 0), (1, 0.735213637, 0), (1, 0.735213637, 0), (1, 0.735213637, 0), (1, 0.735213637, 0), (1, 0.735213637, 0), (1, 0.735213637, 0), (1, 0.735213637, 0), (1, 0.735213637, 0), (1, 0.735213637, 0), (1, 0.735213637, 0), (1, 0.735213637, 0), (1, 0.735213637, 0), (1, 0.735213637, 0), (1, 0.735213637, 0), (1, 0.735213637, 0), (1, 0.735213637, 0), (1, 0.735213637, 0), (1, 0.735213637, 0), (1, 0.735213637, 0), (1, 0.735213637, 0), (1, 0.735213637, 0), (1, 0.735213637, 0), (1, 0.735213637, 0), (1, 0.735213637, 0), (1, 0.735213637, 0), (1, 0.735213637, 0), (1, 0.735213637, 0), (1, 0.735213637, 0), (1, 0.735213637, 0), (1, 0.735213637, 0), (1, 0.735213637, 0), (1, 0.735213637, 0), (1, 0.735213637, 0), (1, 0.735213637, 0), (1, 0.735213637, 0), (1, 0.735213637, 0), (1, 0.735213637, 0), (1, 0.735213637, 0), (1, 0.735213637, 0), (1, 0.735213637, 0), (1, 0.735213637, 0), (1, 0.735213637, 0), (1, 0.735213637, 0), (1, 0.735213637, 0), (1, 0.735213637, 0), (1, 0.735213637, 0), (1, 0.735213637, 0), (1, 0.735213637, 0), (1, 0.735213637, 0), (1, 0.735213637, 0), (1, 0.735213637, 0), (1, 0.735213637, 0), (1, 0.735213637, 0), (1, 0.735213637, 0), (1, 0.735213637, 0), (1, 0.735213637, 0), (1, 0.735213637, 0), (1, 0.735213637, 0), (1, 0.735213637, 0), (1, 0.735213637, 0), (1, 0.735213637, 0), (1, 0.735213637, 0), (1, 0.735213637, 0), (1, 0.735213637, 0), (1, 0.735213637, 0), (1, 0.735213637, 0), (1, 0.735213637, 0), (1, 0.735213637, 0), (1, 0.735213637, 0), (1, 0.735213637, 0), (1, 0.735213637, 0), (1, 0.735213637, 0), (1, 0.735213637, 0), (1, 0.735213637, 0), (1, 0.735213637, 0), (1, 0.735213637, 0), (1, 0.735213637, 0), (1, 0.735213637, 0), (1, 0.735213637, 0), (1, 0.735213637, 0), (1, 0.735213637, 0), (1, 0.735213637, 0), (1, 0.735213637, 0), (1, 0.735213637, 0), (1, 0.735213637, 0), (1, 0.735213637, 0), (1, 0.735213637, 0), (1, 0.735213637, 0), (1, 0.735213637, 0), (1, 0.735213637, 0), (1, 0.735213637, 0), (1, 0.735213637, 0), (1, 0.735213637, 0), (1, 0.735213637, 0), (1, 0.735213637, 0), (1, 0.735213637, 0), (1, 0.735213637, 0), (1, 0.735213637, 0), (1, 0.735213637, 0), (1, 0.735213637, 0), (1, 0.735213637, 0), (1, 0.735213637, 0), (1, 0.735213637, 0), (1, 0.735213637, 0), (1, 0.735213637, 0), (1, 0.735213637, 0), (1, 0.735213637, 0), (1, 0.735213637, 0), (1, 0.735213637, 0), (1, 0.735213637, 0), (1, 0.735213637, 0), (1, 0.735213637, 0), (1, 0.735213637, 0), (1, 0.735213637, 0), (1, 0.735213637, 0), (1, 0.735213637, 0), (1, 0.735213637, 0), (1, 0.735213637, 0), (1, 0.735213637, 0), (1, 0.735213637, 0), (1, 0.735213637, 0), (1, 0.735213637, 0), (1, 0.735213637, 0), (1, 0.735213637, 0), (1, 0.735213637, 0), (1, 0.735213637, 0), (1, 0.735213637, 0), (1, 0.735213637, 0), (1, 0.735213637, 0), (1, 0.735213637, 0), (1, 0.735213637, 0), (1, 0.735213637, 0), (1, 0.735213637, 0), (1, 0.735213637, 0), (1, 0.735213637, 0), (1, 0.735213637, 0), (1, 0.735213637, 0), (1, 0.735213637, 0), (1, 0.735213637, 0), (1, 0.735213637, 0), (1, 0.735213637, 0), (1, 0.735213637, 0), (1, 0.735213637, 0), (1, 0.735213637, 0), (1, 0.735213637, 0), (1, 0.735213637, 0), (1, 0.735213637, 0), (1, 0.735213637, 0), (1, 0.735213637, 0), (1, 0.735213637, 0), (1, 0.735213637, 0), (1, 0.735213637, 0), (1, 0.735213637, 0), (1, 0.735213637, 0), (1, 0.735213637, 0), (1, 0.735213637, 0), (1, 0.735213637, 0), (1, 0.735213637, 0), (1, 0.735213637, 0), (1, 0.735213637, 0), (1, 0.735213637, 0), (1, 0.735213637, 0), (1, 0.735213637, 0), (1, 0.735213637, 0), (1, 0.735213637, 0), (1, 0.735213637, 0), (1, 0.735213637, 0), (1, 0.735213637, 0), (1, 0.735213637, 0), (1, 0.735213637, 0), (1, 0.735213637, 0), (1, 0.735213637, 0), (1, 0.735213637, 0), (1, 0.735213637, 0), (1, 0.735213637, 0), (1, 0.735213637, 0), (1, 0.735213637, 0), (1, 0.735213637, 0), (1, 0.735213637, 0), (1, 0.735213637, 0), (1, 0.735213637, 0), (1, 0.735213637, 0), (1, 0.735213637, 0), (1, 0.735213637, 0), (1, 0.735213637, 0), (1, 0.735213637, 0), (1, 0.735213637, 0), (1, 0.735213637, 0), (1, 0.735213637, 0), (1, 0.735213637, 0), (1, 0.735213637, 0), (1, 0.735213637, 0), (1, 0.735213637, 0), (1, 0.735213637, 0), (1, 0.735213637, 0), (1, 0.735213637, 0), (1, 0.735213637, 0), (1, 0.735213637, 0), (1, 0.735213637, 0), (1, 0.735213637, 0), (1, 0.735213637, 0), (1, 0.735213637, 0), (1, 0.735213637, 0), (1, 0.735213637, 0), (1, 0.735213637, 0), (1, 0.735213637, 0), (1, 0.735213637, 0), (1, 0.735213637, 0), (1, 0.735213637, 0), (1, 0.735213637, 0), (1, 0.735213637, 0), (1, 0.735213637, 0), (1, 0.735213637, 0), (1, 0.735213637, 0), (1, 0.735213637, 0), (1, 0.735213637, 0), (1, 0.735213637, 0), (1, 0.735213637, 0), (1, 0.735213637, 0), (1, 0.735213637, 0), (1, 0.735213637, 0), (1, 0.735213637, 0), (1, 0.735213637, 0), (1, 0.735213637, 0), (1, 0.735213637, 0), (1, 0.735213637, 0), (1, 0.735213637, 0), (1, 0.735213637, 0), (1, 0.735213637, 0), (1, 0.735213637, 0), (1, 0.735213637, 0), (1, 0.735213637, 0), (1, 0.735213637, 0), (1, 0.735213637, 0), (1, 0.735213637, 0), (1, 0.735213637, 0), (1, 0.735213637, 0), (1, 0.735213637, 0), (1, 0.735213637, 0), (1, 0.735213637, 0), (1, 0.735213637, 0), (1, 0.735213637, 0), (1, 0.735213637, 0), (1, 0.735213637, 0), (1, 0.735213637, 0), (1, 0.735213637, 0), (1, 0.735213637, 0), (1, 0.735213637, 0), (1, 0.735213637, 0), (1, 0.735213637, 0), (1, 0.735213637, 0), (1, 0.735213637, 0), (1, 0.735213637, 0), (1, 0.735213637, 0), (1, 0.735213637, 0), (1, 0.735213637, 0), (1, 0.735213637, 0), (1, 0.735213637, 0), (1, 0.735213637, 0), (1, 0.735213637, 0), (1, 0.735213637, 0), (1, 0.735213637, 0), (1, 0.735213637, 0), (1, 0.735213637, 0), (1, 0.735213637, 0), (1, 0.735213637, 0), (1, 0.735213637, 0), (1, 0.735213637, 0), (1, 0.735213637, 0), (1, 0.735213637, 0), (1, 0.735213637, 0), (1, 0.735213637, 0)] (
            interpolation = "uniform"
        )
        }
    }
}
