#usda 1.0
(
    defaultPrim = "World"
)

over "World" (
    references = @../mesh.usda@</World>
)
{
    over "CFD"
    {
        over "Mesh"
        {
        custom string cfd:sourceFile = "ENTIRE_DOMAIN_0101.vtu"
        custom string cfd:colorField = "Gas_temperature"
        custom float cfd:colorMinimum = 1071.83008
        custom float cfd:colorMaximum = 1097.82568
        custom double cfd:timeSeconds = 101
        float[] primvars:EP_G = [0.390347451, 0.390474528, 0.390659183, 0.390920907, 0.391315311, 0.392151475, 0.542246699, 0.610509932, 0.61115092, 0.5892061, 0.537773311, 0.523157656, 0.602113485, 0.716221273, 0.80758059, 0.867631972, 0.903086245, 0.921975017, 0.930333674, 0.931806743, 0.92827338, 0.920536101, 0.9087497, 0.892609894, 0.871393859, 0.84389782, 0.808250248, 0.761736631, 0.700918674, 0.622306228, 0.511325717, 0.41512987, 0.41030845, 0.983178496, 0.999495149, 0.999998927, 1, 1, 1, 1, 1, 1, 1, 1, 1, 1, 1, 1, 1, 1, 1, 1, 1, 1, 1, 1, 1, 1, 1, 1, 1, 1, 1, 1, 1, 1, 1, 1, 1, 1, 0.390326321, 0.390442222, 0.390601695, 0.39081037, 0.391073495, 0.391399145, 0.392054677, 0.483806252, 0.416006714, 0.393141657, 0.394544601, 0.395423174, 0.510335565, 0.729091525, 0.816717207, 0.838771343, 0.846697152, 0.848826528, 0.847208321, 0.842545867, 0.835148513, 0.825077713, 0.812103093, 0.795665562, 0.774914742, 0.748626947, 0.71466893, 0.669286966, 0.603613198, 0.510789096, 0.421250433, 0.398164272, 0.681354702, 0.991014481, 0.999566436, 0.999998987, 1, 1, 1, 1, 1, 1, 1, 1, 1, 1, 1, 1, 1, 1, 1, 1, 1, 1, 1, 1, 1, 1, 1, 1, 1, 1, 1, 1, 1, 1, 1, 1, 1, 1, 0.390302241, 0.390403658, 0.390531719, 0.390688241, 0.390871376, 0.391080707, 0.391329229, 0.391648173, 0.39177376, 0.392358899, 0.39332372, 0.393785924, 0.393910199, 0.394317418, 0.478552222, 0.558475733, 0.618962944, 0.648558855, 0.662384629, 0.671215713, 0.676763177, 0.679253817, 0.678675413, 0.67494297, 0.667229176, 0.652390003, 0.625132203, 0.580241382, 0.501979411, 0.415864468, 0.3989034, 0.551894009, 0.927647948, 0.995824337, 0.999708533, 0.999999225, 1, 1, 1, 1, 1, 1, 1, 1, 1, 1, 1, 1, 1, 1, 1, 1, 1, 1, 1, 1, 1, 1, 1, 1, 1, 1, 1, 1, 1, 1, 1, 1, 1, 1, 0.39029029, 0.390381843, 0.390489876, 0.390614927, 0.39075616, 0.390911788, 0.39107877, 0.391242713, 0.391369581, 0.392500222, 0.393651903, 0.394339383, 0.394706905, 0.394989103, 0.395963103, 0.396504194, 0.397070915, 0.419619679, 0.457102269, 0.486222655, 0.511618972, 0.534150004, 0.553806126, 0.569324195, 0.573907912, 0.562214136, 0.53418529, 0.489828855, 0.417085201, 0.394734979, 0.582634211, 0.864129424, 0.980863333, 0.997923851, 0.999833047, 0.999999464, 1, 1, 1, 1, 1, 1, 1, 1, 1, 1, 1, 1, 1, 1, 1, 1, 1, 1, 1, 1, 1, 1, 1, 1, 1, 1, 1, 1, 1, 1, 1, 1, 1, 1, 0.390282452, 0.390368521, 0.390465081, 0.390572459, 0.39068979, 0.39081499, 0.390943497, 0.39106825, 0.391663164, 0.393069476, 0.394025564, 0.39477092, 0.395359397, 0.395844012, 0.39631325, 0.396628112, 0.396795243, 0.400057822, 0.40073809, 0.410786748, 0.43136102, 0.455495268, 0.48318246, 0.495268315, 0.494619399, 0.499568492, 0.497749656, 0.483372509, 0.50213784, 0.652002215, 0.845765054, 0.96014595, 0.992692351, 0.998961747, 0.999913633, 0.999999583, 1, 1, 1, 1, 1, 1, 1, 1, 1, 1, 1, 1, 1, 1, 1, 1, 1, 1, 1, 1, 1, 1, 1, 1, 1, 1, 1, 1, 1, 1, 1, 1, 1, 1, 0.390270919, 0.390353024, 0.390441656, 0.390537262, 0.39063856, 0.39074412, 0.39085117, 0.390960664, 0.391889185, 0.393216997, 0.394218177, 0.395026654, 0.395639181, 0.39607054, 0.396358699, 0.396520942, 0.396621466, 0.398915738, 0.401357621, 0.404366076, 0.425076365, 0.446498215, 0.46055305, 0.442659169, 0.551615834, 0.593924463, 0.613415599, 0.649611831, 0.736816347, 0.855870605, 0.944307268, 0.984428704, 0.996611238, 0.999501884, 0.999955535, 0.999999583, 1, 1, 1, 1, 1, 1, 1, 1, 1, 1, 1, 1, 1, 0.999999881, 0.999997675, 0.999997616, 1, 1, 1, 1, 1, 1, 0.99999994, 0.99999994, 0.999999821, 0.999999642, 0.999999285, 0.999998689, 0.999997854, 0.999997139, 0.999996364, 0.999995112, 0.999994159, 0.999995053, 0.390257269, 0.390335917, 0.390419275, 0.390506476, 0.390597582, 0.39069128, 0.390786707, 0.390887886, 0.391671538, 0.393072516, 0.394198924, 0.395111948, 0.395762116, 0.396145999, 0.396340907, 0.396431148, 0.396493018, 0.396991432, 0.398642689, 0.40352276, 0.418679863, 0.449154049, 0.423433542, 0.574912667, 0.72789675, 0.745919645, 0.766762018, 0.809431672, 0.873847604, 0.935666382, 0.97480619, 0.992459834, 0.998355746, 0.999767721, 0.999970138, 0.999996901, 0.999999642, 0.999999821, 0.999998808, 1, 1, 1, 1, 1, 1, 1, 1, 1, 1, 1, 1, 1, 1, 1, 1, 1, 1, 1, 1, 1, 1, 1, 1, 0.99999994, 0.99999994, 0.99999994, 0.99999994, 0.99999994, 0.999999881, 0.999999881, 0.390245646, 0.390322447, 0.39040193, 0.390484661, 0.390569836, 0.390657336, 0.390746981, 0.390841186, 0.391009897, 0.392488837, 0.393831015, 0.394894302, 0.395667523, 0.396109253, 0.396306932, 0.396372914, 0.396369994, 0.396333456, 0.396463126, 0.396777153, 0.397146732, 0.397275209, 0.410638332, 0.627246022, 0.812945664, 0.835535586, 0.854026139, 0.887202621, 0.928933203, 0.964622378, 0.986347675, 0.996055484, 0.999204159, 0.999886632, 0.999972939, 0.999981344, 0.99999392, 0.999996006, 0.999997854, 0.999998748, 0.999999166, 0.999999464, 0.999999642, 0.999999762, 0.999999821, 0.999999881, 0.999999881, 0.999999762, 0.999999821, 0.99999994, 0.99999994, 0.999999821, 0.999999762, 0.999999821, 0.999999821, 0.999999642, 0.999999523, 0.999999821, 0.999999821, 0.999999583, 0.999999225, 0.999999404, 0.999999762, 0.999999762, 0.999999702, 0.999999702, 0.999999642, 0.999999642, 0.999999583, 0.999999583, 0.390238762, 0.390314281, 0.390392244, 0.39047277, 0.390555471, 0.390640557, 0.390728027, 0.390818298, 0.390915811, 0.391562492, 0.392880946, 0.394063205, 0.395116717, 0.395814896, 0.396192431, 0.396353543, 0.396365762, 0.396284103, 0.396212697, 0.396229863, 0.396252453, 0.396139711, 0.396056235, 0.39843148, 0.546413541, 0.766412437, 0.865635931, 0.914563119, 0.951280773, 0.977412522, 0.991911709, 0.997861207, 0.999599814, 0.999935448, 0.999974906, 0.999979615, 0.999978185, 0.99998039, 0.999985218, 0.99998486, 0.9999879, 0.999989927, 0.999990761, 0.999991775, 0.999992788, 0.999993503, 0.99999404, 0.999994576, 0.999994993, 0.99999541, 0.999995708, 0.999996006, 0.999996245, 0.999996483, 0.999996662, 0.999996781, 0.999996901, 0.99999696, 0.99999702, 0.999997079, 0.999997079, 0.999997079, 0.99999702, 0.99999702, 0.99999696, 0.999996841, 0.999996781, 0.999996662, 0.999996483, 0.999996364, 0.390236467, 0.390311718, 0.390389264, 0.390469313, 0.390551925, 0.39063707, 0.390725017, 0.390815914, 0.390910059, 0.39100796, 0.391117126, 0.392254055, 0.393350303, 0.394430965, 0.395541847, 0.396347791, 0.396571696, 0.396454096, 0.396337062, 0.396494865, 0.396710902, 0.39670527, 0.396700412, 0.396821409, 0.396740645, 0.404479116, 0.558925629, 0.788784921, 0.912244976, 0.968088984, 0.990507066, 0.99786675, 0.999644339, 0.999940038, 0.999972403, 0.999974787, 0.999975026, 0.999974847, 0.999976158, 0.999985099, 0.999985874, 0.99998641, 0.99998641, 0.999986827, 0.999987483, 0.999987841, 0.999988019, 0.999988198, 0.999988377, 0.999988556, 0.999988735, 0.999988914, 0.999989092, 0.999989271, 0.99998945, 0.999989629, 0.999989867, 0.999989986, 0.999990165, 0.999990284, 0.999990404, 0.999990463, 0.999990523, 0.999990523, 0.999990523, 0.999990523, 0.999990463, 0.999990344, 0.999990284, 0.999990165] (
            interpolation = "uniform"
        )
        float[] primvars:P_G = [124315.492, 123732.203, 123229.727, 122833.562, 123818.906, 123961.562, 123241.336, 122272.539, 121196.664, 119691.664, 116181.508, 112771.297, 109485.695, 107598.898, 106766.859, 106334.43, 106064.805, 105872.383, 105712.891, 105564.789, 105419.242, 105271.109, 105117.57, 104957.305, 104789.57, 104613.492, 104427.656, 104223.852, 103979.742, 103645.758, 103082.43, 102135.086, 100816.25, 101347.68, 101344.32, 101339.75, 101338.086, 101336.344, 101334.703, 101333.25, 101332.031, 101331.062, 101330.305, 101329.742, 101329.32, 101329.008, 101328.773, 101328.578, 101328.406, 101328.25, 101328.094, 101327.938, 101327.781, 101327.617, 101327.461, 101327.297, 101327.141, 101326.992, 101326.836, 101326.688, 101326.539, 101326.398, 101326.25, 101326.102, 101325.953, 101325.797, 101325.641, 101325.484, 101325.328, 101325.172, 124189.219, 123586.102, 123037.625, 122554.516, 122148.742, 121861.367, 121670.141, 125774.328, 120224.25, 117900.898, 115040.688, 111788.383, 109033.133, 107396.664, 106791.141, 106413.344, 106111.82, 105868.312, 105668.695, 105495.453, 105329.516, 105161.352, 104987.414, 104807.07, 104620.844, 104429, 104228.711, 104007.555, 103725.93, 103276.961, 102467.578, 101236.562, 101048.516, 101349.484, 101347.758, 101338.508, 101336.883, 101335.32, 101333.836, 101332.531, 101331.445, 101330.594, 101329.945, 101329.477, 101329.141, 101328.891, 101328.695, 101328.539, 101328.391, 101328.25, 101328.102, 101327.945, 101327.781, 101327.617, 101327.461, 101327.297, 101327.141, 101326.984, 101326.836, 101326.688, 101326.539, 101326.398, 101326.25, 101326.102, 101325.953, 101325.797, 101325.648, 101325.484, 101325.328, 101325.172, 123969.75, 123341.383, 122737.672, 122159.609, 121602.328, 121052.156, 120480.359, 119851.125, 119553.844, 117373.953, 114391.828, 112111.516, 109919.688, 107970.562, 107135.797, 106486.977, 106089.18, 105794.859, 105541.445, 105309.898, 105090.453, 104875.148, 104660.641, 104447.648, 104238.508, 104032, 103817.82, 103569.891, 103199.609, 102551.031, 101542.445, 101049.844, 101268.148, 101347.227, 101349.297, 101339.117, 101335.555, 101334.172, 101332.906, 101331.797, 101330.875, 101330.156, 101329.633, 101329.266, 101329.008, 101328.82, 101328.672, 101328.531, 101328.398, 101328.258, 101328.109, 101327.953, 101327.789, 101327.625, 101327.461, 101327.297, 101327.141, 101326.984, 101326.836, 101326.688, 101326.539, 101326.398, 101326.25, 101326.102, 101325.953, 101325.805, 101325.648, 101325.492, 101325.328, 101325.164, 123697.688, 123046.797, 122396.227, 121742.203, 121073.078, 120367.227, 119585.711, 118830.633, 119047.031, 116374.508, 113989.508, 112227.492, 110574.469, 109071.406, 107820.156, 106789.734, 106013.328, 105499.867, 105147.438, 104843.453, 104561.086, 104296.914, 104049.656, 103820.594, 103601.25, 103382.07, 103145.453, 102854, 102370.539, 101443.555, 101182.141, 101236.758, 101320.312, 101344.828, 101349.594, 101341.492, 101336.375, 101334.086, 101332.617, 101331.492, 101330.617, 101329.969, 101329.508, 101329.195, 101328.992, 101328.828, 101328.672, 101328.539, 101328.414, 101328.289, 101328.133, 101327.977, 101327.805, 101327.641, 101327.469, 101327.305, 101327.148, 101327, 101326.844, 101326.695, 101326.555, 101326.406, 101326.258, 101326.109, 101325.961, 101325.812, 101325.656, 101325.492, 101325.336, 101325.172, 123414.039, 122746.508, 122063.258, 121360.086, 120626.305, 119845.773, 118996.141, 119121.062, 118014.727, 115276.938, 113741.664, 112273.609, 110875.602, 109581.281, 108427.484, 107415.484, 106533.32, 105777.586, 105053.688, 104462.062, 104003.609, 103615.57, 103301.516, 103010.734, 102729.977, 102518.398, 102309.695, 102015.398, 101603.547, 101287.352, 101256.078, 101303.156, 101331.57, 101343.68, 101349.43, 101344.492, 101339.086, 101335.977, 101333.961, 101332.508, 101331.414, 101330.594, 101329.984, 101329.539, 101329.211, 101328.961, 101328.758, 101328.594, 101328.453, 101328.312, 101328.164, 101328, 101327.836, 101327.664, 101327.5, 101327.344, 101327.188, 101327.039, 101326.891, 101326.75, 101326.602, 101326.461, 101326.312, 101326.156, 101326.008, 101325.844, 101325.68, 101325.516, 101325.352, 101325.18, 123153.086, 122475.109, 121772.742, 121043.289, 120279.516, 119472.078, 118610.445, 119901.008, 116865.414, 114994.883, 113618.727, 112294.75, 111043.344, 109883.656, 108823.781, 107860.359, 106969.914, 106134.594, 105274.07, 104441.617, 103749.406, 103164.742, 102659.625, 102146.75, 102091.492, 101987.125, 101809.516, 101572.859, 101374.43, 101299.234, 101301.961, 101321.727, 101335.258, 101343.422, 101348.602, 101347.43, 101342.906, 101339.617, 101337.211, 101335.391, 101333.969, 101332.859, 101331.977, 101331.266, 101330.688, 101330.188, 101329.758, 101329.375, 101329.031, 101328.727, 101328.445, 101328.195, 101327.961, 101327.758, 101327.562, 101327.391, 101327.227, 101327.07, 101326.938, 101326.805, 101326.68, 101326.555, 101326.422, 101326.289, 101326.148, 101325.992, 101325.828, 101325.656, 101325.477, 101325.297, 122936, 122252.438, 121540.844, 120800.18, 120026.273, 119214.414, 118360.164, 119823.656, 116784.078, 114915.438, 113589.492, 112326.961, 111149.422, 110069.906, 109075.305, 108144.602, 107256.414, 106391.414, 105509.859, 104596.016, 103728.734, 102982.383, 102125.078, 102088.195, 102053.773, 101884.18, 101681.547, 101488.633, 101365.359, 101320.562, 101318.406, 101328.133, 101337.43, 101343.469, 101346.469, 101349.023, 101346.797, 101344.039, 101341.617, 101339.734, 101338.086, 101336.711, 101335.547, 101334.555, 101333.688, 101332.906, 101332.195, 101331.539, 101330.93, 101330.359, 101329.836, 101329.352, 101328.914, 101328.516, 101328.164, 101327.852, 101327.578, 101327.336, 101327.125, 101326.938, 101326.773, 101326.625, 101326.492, 101326.367, 101326.242, 101326.125, 101326.008, 101325.875, 101325.742, 101325.602, 122771.805, 122085.742, 121370.672, 120626.789, 119851.891, 119043.828, 118201.062, 118435.273, 118170.078, 115111.281, 113684.438, 112429.508, 111264.938, 110208.047, 109237.695, 108324.109, 107448.906, 106604.422, 105777.609, 104947.398, 104111.992, 103275.227, 102402.367, 102265.758, 102126.602, 101893.305, 101659.766, 101473.695, 101367.82, 101328.547, 101324.266, 101331.195, 101340.18, 101342.5, 101344.023, 101345.102, 101347.789, 101346.695, 101345.328, 101343.766, 101342.219, 101340.812, 101339.508, 101338.312, 101337.219, 101336.211, 101335.273, 101334.414, 101333.578, 101332.797, 101332.07, 101331.398, 101330.773, 101330.188, 101329.656, 101329.188, 101328.758, 101328.344, 101327.992, 101327.695, 101327.438, 101327.172, 101326.914, 101326.711, 101326.523, 101326.352, 101326.188, 101326.047, 101325.906, 101325.773, 122662.719, 121975.727, 121259.852, 120515.961, 119742.984, 118940.109, 118107.125, 117244.766, 118499.352, 115962.648, 113991.422, 112704.602, 111483.984, 110375.828, 109371.461, 108442.258, 107568.945, 106735.18, 105931.945, 105145.703, 104369.891, 103622.984, 102908.609, 102260.156, 101906.453, 101802.188, 101612.016, 101454.758, 101364.781, 101330.602, 101326.562, 101335.203, 101339.711, 101340.914, 101342.281, 101343.398, 101342.844, 101342.953, 101343.633, 101343.078, 101342.18, 101341.555, 101340.68, 101339.906, 101339.172, 101338.383, 101337.602, 101336.828, 101336.055, 101335.289, 101334.539, 101333.805, 101333.094, 101332.414, 101331.758, 101331.141, 101330.562, 101330.016, 101329.508, 101329.039, 101328.602, 101328.203, 101327.828, 101327.477, 101327.148, 101326.844, 101326.555, 101326.289, 101326.031, 101325.789, 122608.445, 121921.219, 121205.359, 120462.039, 119690.695, 118891.094, 118063.516, 117208.953, 116329.352, 115725.18, 115855.648, 113531.477, 112043.281, 110829.766, 109622.984, 108518.664, 107592.641, 106771.984, 105988.156, 105222.062, 104463.258, 103729.82, 103025.664, 102350.758, 101708.023, 101175.07, 101099.57, 101243.086, 101266.664, 101288.688, 101310.555, 101333.344, 101338.172, 101339.969, 101341.195, 101341.414, 101341.25, 101340.82, 101340.711, 101342.781, 101342.328, 101341.75, 101341.023, 101340.438, 101339.938, 101339.383, 101338.805, 101338.25, 101337.703, 101337.148, 101336.602, 101336.062, 101335.516, 101334.984, 101334.453, 101333.922, 101333.406, 101332.898, 101332.398, 101331.914, 101331.43, 101330.961, 101330.5, 101330.055, 101329.609, 101329.18, 101328.758, 101328.344, 101327.945, 101327.555] (
            interpolation = "uniform"
        )
        vector3f[] primvars:Gas_Velocity = [(0.0467140414, 0.482110441, 0), (0.0482737422, 0.440196455, 0), (0.0536768138, 0.38933304, 0), (0.0684627444, 0.324726552, 0), (0.100523978, 0.240692258, 0), (0.15686281, 0.86843431, 0), (0.117361702, 2.08413243, 0), (-0.277102023, 3.14460254, 0), (0.0139362803, 4.22864676, 0), (0.184932277, 5.4162302, 0), (0.0234074201, 6.16568327, 0), (-0.254256576, 7.08964682, 0), (-0.252338082, 7.27462006, 0), (0.150437802, 6.82383537, 0), (-0.283547163, 6.7937007, 0), (-0.709774971, 7.15376854, 0), (-0.681765854, 7.56459856, 0), (-0.347053975, 7.82701111, 0), (0.0715735927, 7.87752199, 0), (0.449486881, 7.70871496, 0), (0.754930913, 7.3564539, 0), (0.983699262, 6.86277723, 0), (1.13769722, 6.27054977, 0), (1.21866119, 5.62269735, 0), (1.22710097, 4.9627223, 0), (1.1690526, 4.3311162, 0), (1.06777346, 3.75453544, 0), (0.94216913, 3.25023651, 0), (0.824424386, 2.81907701, 0), (0.775038123, 2.42877197, 0), (0.835709035, 2.06800771, 0), (0.955453992, 1.71898043, 0), (1.12307477, 1.86427581, 0), (1.1330198, 0.0349781662, 0), (2.38535547, -1.55166006, 0), (2.51963854, -3.23099089, 0), (2.03881884, -4.58999634, 0), (1.62238228, -5.6713872, 0), (1.27064061, -6.51827908, 0), (0.976956964, -7.16937065, 0), (0.733911633, -7.65841579, 0), (0.535137415, -8.01492882, 0), (0.375674278, -8.2651186, 0), (0.251537859, -8.43253994, 0), (0.158871621, -8.53817749, 0), (0.0931533203, -8.59999847, 0), (0.0492806993, -8.63257217, 0), (0.0218885597, -8.64688683, 0), (0.00605876883, -8.65065289, 0), (-0.000986306346, -8.64972878, 0), (-0.00265222136, -8.64770126, 0), (-0.00213786331, -8.64602375, 0), (-0.00148173457, -8.64479351, 0), (-0.00135198387, -8.64365768, 0), (-0.00183583284, -8.6422081, 0), (-0.00281110825, -8.6401186, 0), (-0.00406946475, -8.6371994, 0), (-0.00537732337, -8.63341904, 0), (-0.00654831761, -8.62886906, 0), (-0.00746423798, -8.62371826, 0), (-0.00806087442, -8.61818123, 0), (-0.00831262022, -8.61248875, 0), (-0.00822476484, -8.60686588, 0), (-0.00783112831, -8.60151672, 0), (-0.00719233276, -8.59660625, 0), (-0.00639397604, -8.59224033, 0), (-0.00554607436, -8.58845139, 0), (-0.00478501944, -8.58518314, 0), (-0.00427800138, -8.58226395, 0), (-0.00422452157, -8.57939434, 0), (0.0677337646, 0.501970053, 0), (0.0700061545, 0.480706394, 0), (0.0774493739, 0.453705937, 0), (0.0943973884, 0.421193182, 0), (0.128016889, 0.387111694, 0), (0.178178757, 0.380524397, 0), (0.251166642, 0.385303199, 0), (0.604888141, 1.73136151, 0), (0.289940655, 1.96905053, 0), (-0.0541156605, 2.41344881, 0), (-0.486759275, 2.80923414, 0), (-1.04404354, 3.39935422, 0), (-1.65867686, 4.44090271, 0), (-1.85482883, 4.45862389, 0), (-1.50801694, 4.52929688, 0), (-0.821954787, 4.36375475, 0), (-0.319834292, 4.06794977, 0), (0.0465647951, 3.82721353, 0), (0.360014558, 3.67128682, 0), (0.674054265, 3.592206, 0), (0.970873654, 3.54650831, 0), (1.23559189, 3.49590445, 0), (1.45407498, 3.41299391, 0), (1.61150932, 3.28219748, 0), (1.69331467, 3.09860539, 0), (1.69080138, 2.86814642, 0), (1.6132648, 2.60971856, 0), (1.49040961, 2.34083319, 0), (1.35558128, 2.09473658, 0), (1.31313229, 1.92599237, 0), (1.41481841, 1.83441377, 0), (1.37230682, 1.72115231, 0), (1.62994015, 1.0772903, 0), (1.80391049, 0.29854092, 0), (3.35412002, -0.342876554, 0), (4.04247093, -1.35732579, 0), (3.37070251, -2.24498844, 0), (2.73066068, -2.98361206, 0), (2.15195823, -3.57094336, 0), (1.64809382, -4.0181613, 0), (1.21793818, -4.34064054, 0), (0.858017921, -4.55568886, 0), (0.565949976, -4.68233252, 0), (0.340244293, -4.74126339, 0), (0.17784445, -4.75370598, 0), (0.0703129247, -4.73827648, 0), (0.00667860592, -4.70967674, 0), (-0.0211393572, -4.68079805, 0), (-0.0254892167, -4.65957832, 0), (-0.021468902, -4.64574242, 0), (-0.0154511835, -4.63703632, 0), (-0.0105796922, -4.63124275, 0), (-0.00791048165, -4.62680006, 0), (-0.0074745398, -4.62257051, 0), (-0.00891016237, -4.61771536, 0), (-0.0117210317, -4.61164665, 0), (-0.0151526192, -4.60413837, 0), (-0.018504085, -4.59527731, 0), (-0.0213479474, -4.58531189, 0), (-0.023467062, -4.57455444, 0), (-0.0247600563, -4.56334352, 0), (-0.0251929704, -4.55202341, 0), (-0.0247939453, -4.54092121, 0), (-0.0236552432, -4.53032732, 0), (-0.021929428, -4.52046919, 0), (-0.0198217314, -4.51149559, 0), (-0.0175865423, -4.5034585, 0), (-0.0155329518, -4.49629498, 0), (-0.0140453978, -4.48979759, 0), (-0.0136186164, -4.48356104, 0), (0.0759145617, 0.5135957, 0), (0.0773335099, 0.505454838, 0), (0.0825963914, 0.496268839, 0), (0.0932439342, 0.488800347, 0), (0.11149995, 0.490837932, 0), (0.135088325, 0.514542341, 0), (0.158762351, 0.586834848, 0), (0.178973213, 1.0314734, 0), (-0.0101554934, 1.28271544, 0), (-0.28034097, 1.44971645, 0), (-0.576910913, 1.5185411, 0), (-0.892325282, 1.45214617, 0), (-1.18620753, 1.17629373, 0), (-1.34232318, 0.813493252, 0), (-1.35831249, 0.94213891, 0), (-1.1664052, 1.04831123, 0), (-0.765826106, 1.14312279, 0), (-0.302502632, 1.24430752, 0), (0.0960418805, 1.4135319, 0), (0.442553252, 1.59808123, 0), (0.781262279, 1.78241289, 0), (1.10859215, 1.94431007, 0), (1.40838838, 2.06269622, 0), (1.65823829, 2.12093616, 0), (1.83287168, 2.10961485, 0), (1.91450012, 2.03073049, 0), (1.90849924, 1.89778543, 0), (1.83731878, 1.73640811, 0), (1.72022069, 1.61917651, 0), (1.83104491, 1.61743402, 0), (1.93131089, 1.4542172, 0), (1.92144692, 1.29857278, 0), (1.74956453, 0.544974506, 0), (2.00315237, 0.378448308, 0), (3.40562391, 0.3520239, 0), (4.59604931, -0.0148120904, 0), (4.13872623, -0.526399732, 0), (3.43939567, -0.998608291, 0), (2.73339272, -1.38597679, 0), (2.11126661, -1.69451928, 0), (1.54643738, -1.91328776, 0), (1.03722322, -2.03253007, 0), (0.598192334, -2.05379844, 0), (0.252369344, -1.99499404, 0), (0.0221173391, -1.89096439, 0), (-0.0813474059, -1.78965199, 0), (-0.0827056319, -1.72986341, 0), (-0.0693905205, -1.69750249, 0), (-0.0731027573, -1.66557252, 0), (-0.0631551743, -1.63760102, 0), (-0.0438282415, -1.61850989, 0), (-0.0290931221, -1.60600197, 0), (-0.02429091, -1.59492385, 0), (-0.0272567756, -1.58158624, 0), (-0.0354854651, -1.56372881, 0), (-0.0474150926, -1.53980184, 0), (-0.0602332167, -1.50962758, 0), (-0.0716930702, -1.47405851, 0), (-0.0808548257, -1.4342891, 0), (-0.0873995125, -1.3915813, 0), (-0.0911751539, -1.34723055, 0), (-0.0920717493, -1.30258346, 0), (-0.09011022, -1.25899053, 0), (-0.0854929164, -1.21772957, 0), (-0.0786061063, -1.17992198, 0), (-0.0700121, -1.14645123, 0), (-0.0604680218, -1.11786568, 0), (-0.0509788841, -1.09424949, 0), (-0.0429415666, -1.07501209, 0), (-0.0384161249, -1.05851936, 0), (0.0735408664, 0.521906674, 0), (0.0724970177, 0.522994757, 0), (0.0718400478, 0.527109742, 0), (0.0703798309, 0.538316011, 0), (0.0664530322, 0.563896894, 0), (0.0547658391, 0.613924086, 0), (0.025041353, 0.702162862, 0), (-0.03779459, 0.849698186, 0), (-0.166080549, 0.958232105, 0), (-0.340103716, 1.00348747, 0), (-0.533538699, 0.982123017, 0), (-0.72260052, 0.889339507, 0), (-0.879673839, 0.728639483, 0), (-0.978003383, 0.539176404, 0), (-0.994352043, 0.346864879, 0), (-0.918538392, 0.214621544, 0), (-0.761904299, 0.255893022, 0), (-0.562078893, 0.457715034, 0), (-0.257528245, 0.643687546, 0), (0.12171641, 0.855360448, 0), (0.486908019, 1.07137525, 0), (0.865312815, 1.26673687, 0), (1.23977458, 1.41602218, 0), (1.57162058, 1.50324726, 0), (1.86056519, 1.51122808, 0), (2.06314468, 1.45157874, 0), (2.16006589, 1.34936345, 0), (2.19087434, 1.22747648, 0), (2.24656653, 1.29676521, 0), (2.21733546, 1.19696081, 0), (2.15909147, 1.10809171, 0), (1.92355871, 0.541680396, 0), (1.84626818, 0.370196521, 0), (1.96328509, 0.396656156, 0), (2.91070628, 0.736593306, 0), (4.42017317, 0.858108163, 0), (4.26037645, 0.778501868, 0), (3.69048905, 0.611789823, 0), (3.0267086, 0.416677535, 0), (2.39452457, 0.22817117, 0), (1.8149972, 0.0494176634, 0), (1.3012656, -0.126350686, 0), (0.86835748, -0.306226254, 0), (0.531131983, -0.491829336, 0), (0.288544357, -0.669186532, 0), (0.131475136, -0.81080097, 0), (0.0255084634, -0.882680535, 0), (-0.0889178887, -0.869404197, 0), (-0.133162707, -0.829112411, 0), (-0.0980329067, -0.805615485, 0), (-0.0561242327, -0.797180295, 0), (-0.0352010503, -0.792877436, 0), (-0.0361010842, -0.784780025, 0), (-0.0403976962, -0.775802851, 0), (-0.0516501591, -0.764817894, 0), (-0.0718018934, -0.748360157, 0), (-0.0916029736, -0.727256477, 0), (-0.107990496, -0.702877641, 0), (-0.121138208, -0.675852239, 0), (-0.131169841, -0.646513522, 0), (-0.137750775, -0.615316629, 0), (-0.140315861, -0.583019972, 0), (-0.138691768, -0.550511479, 0), (-0.133111075, -0.518658578, 0), (-0.124178052, -0.488183498, 0), (-0.112763189, -0.459602535, 0), (-0.0999329388, -0.43322584, 0), (-0.0867522955, -0.409323394, 0), (-0.0743011087, -0.388376504, 0), (-0.0663702339, -0.369712412, 0), (0.064526096, 0.526748657, 0), (0.0613535009, 0.531654656, 0), (0.0558199622, 0.539555311, 0), (0.0458646566, 0.552733123, 0), (0.0291345958, 0.574063659, 0), (0.00146609882, 0.605892003, 0), (-0.0431312658, 0.647790849, 0), (-0.111799963, 0.694643617, 0), (-0.208266452, 0.721592188, 0), (-0.327817589, 0.714677155, 0), (-0.458056509, 0.669361472, 0), (-0.58498162, 0.586800933, 0), (-0.693326533, 0.478132337, 0), (-0.770023048, 0.359548241, 0), (-0.804594517, 0.246246487, 0), (-0.791507006, 0.172746614, 0), (-0.738348722, 0.163061485, 0), (-0.637849033, 0.24139227, 0), (-0.453138441, 0.380364329, 0), (-0.214835286, 0.594242752, 0), (0.169032365, 0.802046597, 0), (0.611460149, 0.956279039, 0), (1.04696727, 1.05472338, 0), (1.44875276, 1.11260474, 0), (1.99646747, 1.0554831, 0), (2.26833224, 0.990523398, 0), (2.44084382, 0.93296653, 0), (2.56244707, 0.932892323, 0), (2.55339479, 1.06837392, 0), (2.29921889, 0.78711766, 0), (2.09306049, 0.446363032, 0), (1.94410777, 0.293777317, 0), (1.81711519, 0.294228584, 0), (1.78108525, 0.421845853, 0), (2.14690018, 0.94182241, 0), (3.73270702, 1.40646458, 0), (3.87069988, 1.66956949, 0), (3.50546193, 1.79483616, 0), (2.97570109, 1.83010423, 0), (2.4230752, 1.81199574, 0), (1.9004494, 1.75575662, 0), (1.43384123, 1.66797459, 0), (1.03925633, 1.55454922, 0), (0.72404176, 1.42637241, 0), (0.485577434, 1.29538023, 0), (0.313833892, 1.17411554, 0), (0.192515239, 1.06304491, 0), (0.11204505, 0.929310739, 0), (0.0604771823, 0.800444961, 0), (0.0299453158, 0.71534723, 0), (0.0123662371, 0.669903219, 0), (0.00379676977, 0.644114912, 0), (-0.000996472896, 0.620915532, 0), (-0.0119884117, 0.602174222, 0), (-0.0346827656, 0.591057658, 0), (-0.061169982, 0.584162295, 0), (-0.0821637809, 0.578058958, 0), (-0.0965942517, 0.570646644, 0), (-0.109434217, 0.563023269, 0), (-0.120868653, 0.556327522, 0), (-0.129117638, 0.55073458, 0), (-0.132760599, 0.545849323, 0), (-0.131535485, 0.541217685, 0), (-0.126106828, 0.536673963, 0), (-0.11759492, 0.532396615, 0), (-0.107297756, 0.528849602, 0), (-0.0965185612, 0.52665472, 0), (-0.0863987207, 0.526485145, 0), (-0.0780672505, 0.529046834, 0), (-0.0742917135, 0.534363806, 0), (0.0537915789, 0.528908789, 0), (0.049848713, 0.534112275, 0), (0.0424442813, 0.540567935, 0), (0.0297570415, 0.548745155, 0), (0.00996861327, 0.558777869, 0), (-0.0194422472, 0.569790065, 0), (-0.0613479428, 0.578992009, 0), (-0.119257011, 0.582196236, 0), (-0.192205012, 0.569217026, 0), (-0.277350813, 0.535992503, 0), (-0.37007907, 0.480016649, 0), (-0.463680208, 0.403456688, 0), (-0.55032146, 0.313721865, 0), (-0.621929049, 0.221322924, 0), (-0.670195818, 0.138410628, 0), (-0.68826288, 0.0803870931, 0), (-0.679191411, 0.0561505742, 0), (-0.657215834, 0.113737382, 0), (-0.597116113, 0.201839164, 0), (-0.46358633, 0.345120698, 0), (-0.229721919, 0.550419509, 0), (0.163074121, 0.765281022, 0), (0.858749032, 0.787760437, 0), (1.46412921, 0.814707339, 0), (2.02936029, 0.691664875, 0), (2.28181362, 0.668756306, 0), (2.45377445, 0.700892687, 0), (2.47132707, 0.721569002, 0), (2.3505981, 0.60917598, 0), (2.17877269, 0.421677202, 0), (2.01468468, 0.33154127, 0), (1.87089443, 0.338103265, 0), (1.71181989, 0.404618531, 0), (1.5486697, 0.567334175, 0), (1.47918093, 1.02317452, 0), (2.70053983, 1.71941328, 0), (3.07562494, 2.25508595, 0), (2.9481585, 2.63066506, 0), (2.604918, 2.8809557, 0), (2.19040489, 3.03857994, 0), (1.77241504, 3.12604856, 0), (1.386917, 3.15915227, 0), (1.05306196, 3.15153694, 0), (0.778936625, 3.11632752, 0), (0.564274609, 3.06506515, 0), (0.403037846, 3.00662518, 0), (0.286149293, 2.94507098, 0), (0.204769522, 2.88397622, 0), (0.15008083, 2.82483268, 0), (0.114732474, 2.76879168, 0), (0.0922214016, 2.71595621, 0), (0.0771419108, 2.66738987, 0), (0.0653165877, 2.62345672, 0), (0.0538552478, 2.57981014, 0), (0.0412965044, 2.52938509, 0), (0.0272519551, 2.47065139, 0), (0.0098487176, 2.40951657, 0), (-0.0131820226, 2.35411239, 0), (-0.0370601676, 2.30606747, 0), (-0.0574798733, 2.26401401, 0), (-0.0716943219, 2.22593856, 0), (-0.078852348, 2.19020677, 0), (-0.0797926635, 2.15591693, 0), (-0.0762680098, 2.12289238, 0), (-0.0701163784, 2.09143424, 0), (-0.0627714694, 2.06193328, 0), (-0.0551604331, 2.03453112, 0), (-0.0482723229, 2.00926805, 0), (-0.0434180275, 1.98630536, 0), (-0.0424599424, 1.96520209, 0), (0.0438298248, 0.530031204, 0), (0.0404165946, 0.534649551, 0), (0.0338810012, 0.538883984, 0), (0.0229368247, 0.542123795, 0), (0.00641476596, 0.543320358, 0), (-0.0170886833, 0.540743589, 0), (-0.0489546955, 0.531646252, 0), (-0.0913962945, 0.513324976, 0), (-0.143605366, 0.480471045, 0), (-0.202536792, 0.431980252, 0), (-0.267891288, 0.366623282, 0), (-0.337175339, 0.285857141, 0), (-0.406845361, 0.194258243, 0), (-0.47220993, 0.0988959894, 0), (-0.527853429, 0.00920087285, 0), (-0.569279253, -0.0635602698, 0), (-0.594730616, -0.111101873, 0), (-0.606999755, -0.125555888, 0), (-0.628405035, -0.0775250942, 0), (-0.640166938, 0.0104356343, 0), (-0.579560161, 0.142256364, 0), (-0.328768224, 0.284048378, 0), (0.377731651, 0.526677072, 0), (1.02002466, 0.647902131, 0), (1.64623225, 0.6743806, 0), (2.01904058, 0.776279867, 0), (2.22165751, 0.833443522, 0), (2.25087714, 0.811612248, 0), (2.1588943, 0.740097046, 0), (2.03001595, 0.693022192, 0), (1.90478194, 0.694996595, 0), (1.75924087, 0.747430086, 0), (1.55788362, 0.850089729, 0), (1.33161104, 1.00273514, 0), (1.15235853, 1.23081052, 0), (1.64487219, 1.94401395, 0), (2.04264832, 2.64056706, 0), (2.11641002, 3.201684, 0), (1.97537696, 3.62704897, 0), (1.72934687, 3.93937087, 0), (1.4466548, 4.16096067, 0), (1.16776896, 4.31103754, 0), (0.91550076, 4.4063468, 0), (0.701245904, 4.46140051, 0), (0.528336167, 4.48829651, 0), (0.394812763, 4.49640512, 0), (0.295765132, 4.49231863, 0), (0.225123242, 4.48078346, 0), (0.176601022, 4.46486378, 0), (0.144370258, 4.4466114, 0), (0.123255357, 4.42719698, 0), (0.108939856, 4.40706873, 0), (0.0981058031, 4.38610268, 0), (0.0884507, 4.36378241, 0), (0.0786166564, 4.33952188, 0), (0.0680103973, 4.31286907, 0), (0.0568867549, 4.28195095, 0), (0.0465260521, 4.24252605, 0), (0.0370791517, 4.19343519, 0), (0.0289285555, 4.13613319, 0), (0.0222017262, 4.07381868, 0), (0.01648096, 4.01053476, 0), (0.0110203885, 3.95026088, 0), (0.00553734973, 3.89599395, 0), (0.000535395637, 3.84916806, 0), (-0.00301281386, 3.80961132, 0), (-0.00487001101, 3.77637315, 0), (-0.00561208371, 3.74822688, 0), (-0.00622072397, 3.72372484, 0), (-0.00814146176, 3.70113564, 0), (0.0341413245, 0.531448245, 0), (0.0319963805, 0.536343992, 0), (0.0278676264, 0.539952159, 0), (0.0209877435, 0.54121834, 0), (0.010677238, 0.538740575, 0), (-0.00382226845, 0.530682683, 0), (-0.0232245624, 0.514757037, 0), (-0.0485109352, 0.487977147, 0), (-0.079993397, 0.447654784, 0), (-0.115910284, 0.392238468, 0), (-0.155976117, 0.321422607, 0), (-0.200978741, 0.235113889, 0), (-0.250293791, 0.135635957, 0), (-0.301165193, 0.0267779045, 0), (-0.349354863, -0.0875594616, 0), (-0.391234815, -0.201621637, 0), (-0.426059574, -0.30937326, 0), (-0.457059413, -0.404158443, 0), (-0.488513201, -0.487775683, 0), (-0.508040845, -0.568913281, 0), (-0.501871347, -0.616044283, 0), (-0.451861143, -0.521577775, 0), (-0.418064922, -0.0694698468, 0), (-0.192517966, 0.643519938, 0), (0.531028509, 1.22667885, 0), (1.51932168, 1.48848343, 0), (2.02939463, 1.51963282, 0), (2.06790495, 1.49815214, 0), (1.98344779, 1.46796727, 0), (1.87781906, 1.46478176, 0), (1.75472379, 1.51220131, 0), (1.57405519, 1.61907923, 0), (1.32462239, 1.77548087, 0), (1.09645009, 1.93980765, 0), (0.955000281, 2.0808928, 0), (1.01016676, 2.51387572, 0), (1.15105784, 3.11755323, 0), (1.23834348, 3.71164393, 0), (1.22466648, 4.22015238, 0), (1.12776113, 4.6286459, 0), (0.983279824, 4.94445753, 0), (0.821767211, 5.18152189, 0), (0.664012551, 5.35511351, 0), (0.523097456, 5.47936773, 0), (0.404844522, 5.56675196, 0), (0.310335815, 5.62770462, 0), (0.238093704, 5.67037392, 0), (0.185165912, 5.7008357, 0), (0.147929594, 5.7233882, 0), (0.122703478, 5.74090338, 0), (0.106086016, 5.75507689, 0), (0.0951318666, 5.76669312, 0), (0.0874581859, 5.77591133, 0), (0.0813590586, 5.78249598, 0), (0.0757672861, 5.78601837, 0), (0.0701896772, 5.78598356, 0), (0.0646031573, 5.78207827, 0), (0.0592721067, 5.77466536, 0), (0.0543954186, 5.7640748, 0), (0.0501173027, 5.75079536, 0), (0.0464808755, 5.73536634, 0), (0.0434484519, 5.71807194, 0), (0.041105371, 5.69864368, 0), (0.03957434, 5.67653894, 0), (0.0388888083, 5.65152788, 0), (0.0387581848, 5.62421894, 0), (0.0388159528, 5.59562397, 0), (0.038690336, 5.56661606, 0), (0.0379673392, 5.5376873, 0), (0.0358650386, 5.50887251, 0), (0.0218787454, 0.5343014, 0), (0.0210794732, 0.54154098, 0), (0.0195722245, 0.54741776, 0), (0.0170037132, 0.550879061, 0), (0.0130747901, 0.550646901, 0), (0.00745376339, 0.545125186, 0), (-0.000126893035, 0.532380819, 0), (-0.00975527707, 0.509770274, 0), (-0.0221994109, 0.475318193, 0), (-0.0371587016, 0.426374853, 0), (-0.0530968867, 0.362524718, 0), (-0.0714854151, 0.282091796, 0), (-0.0949286968, 0.185167253, 0), (-0.122434817, 0.0733177662, 0), (-0.150426656, -0.0519274324, 0), (-0.176666021, -0.188227281, 0), (-0.201287389, -0.332580388, 0), (-0.225334585, -0.482830703, 0), (-0.249554038, -0.635577381, 0), (-0.266252816, -0.792724252, 0), (-0.266200006, -0.951229453, 0), (-0.257016063, -1.08509767, 0), (-0.269497246, -1.17920458, 0), (-0.292291462, -0.823689997, 0), (-0.411508709, -0.289304882, 0), (-0.250896722, 0.796954155, 0), (0.454562008, 1.71166527, 0), (1.05798244, 2.2322855, 0), (1.40733302, 2.47909832, 0), (1.47246659, 2.65402746, 0), (1.3839215, 2.85314703, 0), (1.20976532, 3.08072567, 0), (0.972646475, 3.31640291, 0), (0.773473263, 3.53854656, 0), (0.645727158, 3.75318956, 0), (0.595174432, 4.03886843, 0), (0.597105861, 4.41757917, 0), (0.603142202, 4.85044909, 0), (0.595058024, 5.27942276, 0), (0.564031959, 5.6643405, 0), (0.505509257, 5.99167967, 0), (0.433410943, 6.25909281, 0), (0.359760761, 6.47013235, 0), (0.291814446, 6.63217115, 0), (0.233254626, 6.75404739, 0), (0.185212761, 6.84456873, 0), (0.1474659, 6.91169739, 0), (0.119030744, 6.96209192, 0), (0.0983754024, 7.00102186, 0), (0.0837963372, 7.03244162, 0), (0.0736894533, 7.05911541, 0), (0.0666420013, 7.0827899, 0), (0.0615086779, 7.1043911, 0), (0.0574469045, 7.12427473, 0), (0.0539161935, 7.14244699, 0), (0.0506366976, 7.15877533, 0), (0.0475333817, 7.17316103, 0), (0.0446493141, 7.18565512, 0), (0.0420490317, 7.19639587, 0), (0.0397823565, 7.20558453, 0), (0.037869893, 7.21343708, 0), (0.0363163128, 7.22013855, 0), (0.0351366624, 7.22591972, 0), (0.034336023, 7.23108864, 0), (0.0338679552, 7.23600578, 0), (0.0336056836, 7.24091911, 0), (0.0333864987, 7.24594116, 0), (0.0330561064, 7.2510376, 0), (0.0325302631, 7.25595284, 0), (0.031653516, 7.26000404, 0), (0, 0.541264057, 0), (0, 0.555647075, 0), (0, 0.569436729, 0), (0, 0.582011104, 0), (0, 0.592577934, 0), (0, 0.600176096, 0), (0, 0.603689492, 0), (0, 0.601791382, 0), (0, 0.59233886, 0), (0, 0.573316932, 0), (0, 0.544302225, 0), (0, 0.50379312, 0), (0, 0.449544996, 0), (0, 0.378470629, 0), (0, 0.289915144, 0), (0, 0.184354827, 0), (0, 0.0616010167, 0), (0, -0.0783915669, 0), (0, -0.223944575, 0), (0, -0.373032629, 0), (0, -0.539863884, 0), (0, -0.710465789, 0), (0, -0.890136421, 0), (0, -1.08445287, 0), (0, -1.33077717, 0), (0, -1.16184187, 0), (0, -0.849083364, 0), (0, -0.20424591, 0), (0, 0.692831397, 0), (0, 1.61629903, 0), (0, 2.49899292, 0), (0, 3.29087329, 0), (0, 3.94045496, 0), (0, 4.46285772, 0), (0, 4.90151453, 0), (0, 5.30691671, 0), (0, 5.71389294, 0), (0, 6.12511206, 0), (0, 6.53105879, 0), (0, 6.91617298, 0), (0, 7.2624836, 0), (0, 7.56069469, 0), (0, 7.80974722, 0), (0, 8.01338768, 0), (0, 8.17785263, 0), (0, 8.31014347, 0), (0, 8.41709423, 0), (0, 8.50488567, 0), (0, 8.57868671, 0), (0, 8.64253139, 0), (0, 8.6993866, 0), (0, 8.75128078, 0), (0, 8.79948235, 0), (0, 8.84470177, 0), (0, 8.88729095, 0), (0, 8.92741871, 0), (0, 8.96520615, 0), (0, 9.00080585, 0), (0, 9.03441429, 0), (0, 9.06626225, 0), (0, 9.09659863, 0), (0, 9.12567139, 0), (0, 9.15374184, 0), (0, 9.1810751, 0), (0, 9.20790482, 0), (0, 9.23437977, 0), (0, 9.26054096, 0), (0, 9.28632545, 0), (0, 9.31161404, 0), (0, 9.33619022, 0)] (
            interpolation = "uniform"
        )
        vector3f[] primvars:Solids_Velocity_1 = [(-0.0205196254, 0.016187299, 0), (-0.0295526423, 0.0383825675, 0), (-0.0487212799, 0.0729441643, 0), (-0.078740634, 0.126293316, 0), (-0.122946955, 0.205854058, 0), (-0.270593226, 0.459024012, 0), (-0.325356841, 0.75001353, 0), (-0.247122899, 1.30120873, 0), (-0.235577419, 1.88848388, 0), (-0.390880615, 2.50333333, 0), (-0.537769616, 2.91160965, 0), (-0.651508927, 3.17583442, 0), (-0.445799321, 3.22361517, 0), (-0.162157238, 3.19864607, 0), (-0.0681003258, 3.21858406, 0), (-0.0525094271, 3.29957032, 0), (0.0216627847, 3.4222846, 0), (0.149411812, 3.5474894, 0), (0.289786428, 3.62853074, 0), (0.414424539, 3.6466465, 0), (0.515076756, 3.60630822, 0), (0.591358721, 3.5193603, 0), (0.645256102, 3.39726806, 0), (0.678700745, 3.24845529, 0), (0.692836761, 3.07731891, 0), (0.689305723, 2.88440347, 0), (0.672211945, 2.67195249, 0), (0.646626711, 2.43698359, 0), (0.620456398, 2.17233086, 0), (0.609907031, 1.86015534, 0), (0.616883337, 1.48879814, 0), (0.607751846, 1.07009757, 0), (0.646515489, 0.116918787, 0), (0.717989087, -1.24881661, 0), (0.71845746, -1.2488122, 0), (1.17228901, -2.48809483e-05, 0), (0, 0, 0), (0, 0, 0), (0, 0, 0), (0, 0, 0), (0, 0, 0), (0, 0, 0), (0, 0, 0), (0, 0, 0), (0, 0, 0), (0, 0, 0), (0, 0, 0), (0, 0, 0), (0, 0, 0), (0, 0, 0), (0, 0, 0), (0, 0, 0), (0, 0, 0), (0, 0, 0), (0, 0, 0), (0, 0, 0), (0, 0, 0), (0, 0, 0), (0, 0, 0), (0, 0, 0), (0, 0, 0), (0, 0, 0), (0, 0, 0), (0, 0, 0), (0, 0, 0), (0, 0, 0), (0, 0, 0), (0, 0, 0), (0, 0, 0), (0, 0, 0), (-0.0491880737, 0.0204188749, 0), (-0.0601041429, 0.0423240624, 0), (-0.0822902322, 0.0663946494, 0), (-0.115843721, 0.0927610993, 0), (-0.16178517, 0.120282128, 0), (-0.230883926, 0.123496622, 0), (-0.312084734, 0.556992888, 0), (-0.341308564, 0.533243835, 0), (-0.437864989, 0.633713603, 0), (-0.592153668, 0.833389997, 0), (-0.752892196, 0.969561756, 0), (-0.922004879, 1.14849591, 0), (-1.09697151, 0.895195603, 0), (-0.828257859, 0.996579349, 0), (-0.309080333, 1.22796559, 0), (-0.0196908657, 1.33353496, 0), (0.180252537, 1.4078058, 0), (0.319533408, 1.50263476, 0), (0.445253938, 1.61874688, 0), (0.569780231, 1.74738371, 0), (0.688230753, 1.87464464, 0), (0.796197176, 1.98860109, 0), (0.890618205, 2.07877183, 0), (0.968407154, 2.13600254, 0), (1.02655935, 2.15240073, 0), (1.06368482, 2.12150121, 0), (1.08075249, 2.03818369, 0), (1.08124769, 1.89740372, 0), (1.06490588, 1.69246602, 0), (1.0545429, 1.41191411, 0), (1.04894388, 1.10096288, 0), (1.05222976, 0.797417641, 0), (0.924027681, -0.343556345, 0), (1.2003994, -1.02413285, 0), (1.20129418, -1.02359283, 0), (1.7541616, -1.56895458e-05, 0), (1.12320715e-10, 0, 0), (0, 0, 0), (0, 0, 0), (0, 0, 0), (0, 0, 0), (0, 0, 0), (0, 0, 0), (0, 0, 0), (0, 0, 0), (0, 0, 0), (0, 0, 0), (0, 0, 0), (0, 0, 0), (0, 0, 0), (0, 0, 0), (0, 0, 0), (0, 0, 0), (0, 0, 0), (0, 0, 0), (0, 0, 0), (0, 0, 0), (0, 0, 0), (0, 0, 0), (0, 0, 0), (0, 0, 0), (0, 0, 0), (0, 0, 0), (-2.80259693e-45, 0, 0), (-1.12103877e-44, 0, 0), (-1.96181785e-44, 0, 0), (-2.24207754e-44, 0, 0), (-1.96181785e-44, 0, 0), (-9.80908925e-45, 0, 0), (-1.40129846e-45, 0, 0), (-0.0690408349, 0.0124727432, 0), (-0.0789087564, 0.0243724305, 0), (-0.0986399576, 0.0349069126, 0), (-0.128324568, 0.0429945625, 0), (-0.16854158, 0.0473524295, 0), (-0.223240957, 0.0417470858, 0), (-0.294546813, 0.0347136222, 0), (-0.36582914, 0.0505712666, 0), (-0.462865472, 0.105641104, 0), (-0.58888489, 0.129817858, 0), (-0.668117881, 0.0958433822, 0), (-0.732106805, -0.00140285993, 0), (-0.760686159, -0.0607025325, 0), (-0.725501418, 0.00220730109, 0), (-0.731975913, -0.120079011, 0), (-0.550493598, 0.0663682669, 0), (-0.244364619, 0.26676017, 0), (0.0680186003, 0.455006629, 0), (0.26173532, 0.657247603, 0), (0.436802477, 0.85997206, 0), (0.610859156, 1.05562997, 0), (0.778090119, 1.23553801, 0), (0.934615016, 1.39011443, 0), (1.07743371, 1.50941336, 0), (1.20425904, 1.58359873, 0), (1.30699134, 1.60271049, 0), (1.37871039, 1.55863237, 0), (1.4128015, 1.44825625, 0), (1.4095875, 1.27137542, 0), (1.29313505, 0.998641193, 0), (1.40684342, 0.723057151, 0), (1.20504296, -0.0735698864, 0), (1.06278753, -1.04362965, 0), (1.48559248, -0.726763904, 0), (1.48641646, -0.726496339, 0), (1.44051528, 8.87412752e-05, 0), (3.40614581e-09, -1.65282059e-11, 0), (2.37498643e-20, 0, 0), (5.04467447e-43, 0, 0), (0, 0, 0), (0, 0, 0), (0, 0, 0), (0, 0, 0), (0, 0, 0), (0, 0, 0), (0, 0, 0), (0, 0, 0), (0, 0, 0), (0, 0, 0), (-1.5871477e-27, 0, 0), (-6.77775958e-24, 0, 0), (0, 0, 0), (0, 0, 0), (0, 0, 0), (0, 0, 0), (0, 0, 0), (0, 0, 0), (-7.50042478e-26, 0, 0), (-7.66883142e-25, 0, 0), (-4.19661143e-24, 0, 0), (-2.27764165e-23, -1.40129846e-45, 0), (-9.39732194e-23, -1.12103877e-44, 0), (-3.81909728e-22, -1.44333742e-43, 0), (-1.31478743e-21, -7.45490783e-43, 0), (-2.74310842e-21, -1.75302438e-42, 0), (-3.59543949e-21, -2.62603332e-42, 0), (-3.85749136e-21, -2.88947743e-42, 0), (-3.48476207e-21, -2.15099314e-42, 0), (-2.35061627e-21, -8.11351811e-43, 0), (-6.71334009e-22, -1.7573684e-41, 0), (-0.0775574967, 0.00343667204, 0), (-0.0864525884, 0.00614229031, 0), (-0.104350992, 0.00759562897, 0), (-0.131641373, 0.00740189152, 0), (-0.169003874, 0.0050802473, 0), (-0.21811685, -0.00146700919, 0), (-0.279799402, -0.0152273215, 0), (-0.375073761, -0.0275640488, 0), (-0.441688448, -0.0462839194, 0), (-0.509068966, -0.0671560243, 0), (-0.569491148, -0.110174216, 0), (-0.617877066, -0.179476678, 0), (-0.642924011, -0.234809533, 0), (-0.639596879, -0.253033429, 0), (-0.619937241, -0.328404874, 0), (-0.567071617, -0.32304883, 0), (-0.477891147, -0.186610371, 0), (-0.302463293, 0.0245613512, 0), (-0.0868827179, 0.245069548, 0), (0.163496733, 0.4538351, 0), (0.394640684, 0.652506053, 0), (0.629971206, 0.833128214, 0), (0.866444051, 0.986634612, 0), (1.09550881, 1.1067549, 0), (1.31115663, 1.17519522, 0), (1.49000597, 1.18106663, 0), (1.60445082, 1.12347615, 0), (1.6587925, 1.00025511, 0), (1.67726386, 0.529566288, 0), (1.71232688, 0.68535018, 0), (1.40604854, -0.177478582, 0), (1.24678922, -0.87426728, 0), (1.2839067, -1.18853939, 0), (1.61503494, -0.496245116, 0), (1.61554563, -0.496166378, 0), (1.50102532, 0.00170099258, 0), (1.67024989e-08, 6.45105913e-10, 0), (8.8861573e-19, 4.2656747e-21, 0), (1.92001291e-39, 7.70714155e-44, 0), (0, 0, 0), (0, 0, 0), (0, 0, 0), (0, 0, 0), (0, 0, 0), (0, 0, 0), (0, 0, 0), (0, 0, 0), (0, 0, 0), (0, -2.08555456e-26, 0), (-5.12559775e-13, -1.24832606e-22, 0), (-3.02512494e-11, -1.23518402e-22, 0), (3.88306621e-18, 0, 0), (-3.67364405e-40, 0, 0), (-1.61431125e-39, 0, 0), (0, 0, 0), (0, 0, 0), (0, -7.61777437e-25, 0), (-3.42894116e-12, -7.4095638e-24, 0), (-1.09631288e-11, -3.88960838e-23, 0), (-2.57471995e-11, -1.92688818e-22, 0), (-6.0398811e-11, -7.8222064e-22, 0), (-1.23716454e-10, -3.06764959e-21, 0), (-2.51723642e-10, -1.08042018e-20, 0), (-4.71842454e-10, -2.60854072e-20, 0), (-6.89585333e-10, -4.21184794e-20, 0), (-8.0075202e-10, -5.29328351e-20, 0), (-8.43988268e-10, -5.72563369e-20, 0), (-8.17748924e-10, -5.03843983e-20, 0), (-6.80378198e-10, -2.80412224e-20, 0), (-3.6503528e-10, -9.11594497e-19, 0), (-0.074443236, -0.0045924969, 0), (-0.0821341202, -0.010145423, 0), (-0.0976279676, -0.0174554233, 0), (-0.121245451, -0.0273388661, 0), (-0.15329501, -0.0409430638, 0), (-0.194224149, -0.0602477901, 0), (-0.243756846, -0.0879225433, 0), (-0.321131021, -0.121775247, 0), (-0.384250939, -0.144461364, 0), (-0.427779585, -0.172614112, 0), (-0.474789441, -0.216346756, 0), (-0.52102828, -0.272974849, 0), (-0.557405412, -0.328175336, 0), (-0.577081144, -0.374550253, 0), (-0.578956127, -0.415214151, 0), (-0.562170088, -0.417809784, 0), (-0.530829549, -0.356653154, 0), (-0.459356844, -0.262729704, 0), (-0.340462297, -0.085563153, 0), (-0.185349941, 0.158052355, 0), (0.0897905529, 0.374076247, 0), (0.424277872, 0.544966757, 0), (0.755448997, 0.680368185, 0), (1.07845175, 0.776111424, 0), (1.41532195, 0.782652795, 0), (1.61089075, 0.741864026, 0), (1.724347, 0.638091266, 0), (1.76577365, 0.443078369, 0), (1.69867539, 0.0943088457, 0), (1.56312156, -0.400405169, 0), (1.42938006, -0.940987468, 0), (1.36002278, -1.30140316, 0), (1.43511117, -1.02474785, 0), (1.61344469, -0.630009651, 0), (1.61368656, -0.63051033, 0), (1.38915241, 0.0054259235, 0), (5.54875932e-08, 5.38383604e-09, 0), (1.55253099e-17, 4.21431487e-19, 0), (9.27904867e-37, 1.16135133e-39, 0), (0, 0, 0), (0, 0, 0), (0, 0, 0), (0, 0, 0), (0, 0, 0), (0, 0, 0), (0, 0, 0), (0, 0, 0), (0, 0, 0), (0, 4.436737e-12, 0), (-0.000179081238, 4.29334762e-10, 0), (-0.00112322997, 3.97803596e-10, 0), (7.3233457e-07, 2.14157789e-16, 0), (1.63394451e-10, 3.12661833e-38, 0), (-3.93662078e-19, 2.41158477e-38, 0), (-6.81056972e-37, 0, 0), (0, 0, 0), (0, 1.90889006e-11, 0), (-0.0140979458, 7.20801821e-11, 0), (-0.0122297658, 1.65736355e-10, 0), (-0.0116346749, 3.60495411e-10, 0), (-0.0126998769, 7.39123374e-10, 0), (-0.0122167328, 1.49131552e-09, 0), (-0.0122368559, 2.93093749e-09, 0), (-0.01257094, 4.92280616e-09, 0), (-0.0122501189, 6.78020351e-09, 0), (-0.0117183449, 8.260713e-09, 0), (-0.0108536193, 9.4422008e-09, 0), (-0.00910482649, 9.80038273e-09, 0), (-0.00734351203, 7.75575515e-09, 0), (-0.00521813426, 5.87544724e-09, 0), (-0.0617991611, -0.0105971973, 0), (-0.0678308457, -0.0224398356, 0), (-0.0799591616, -0.0366556756, 0), (-0.098390311, -0.0544102192, 0), (-0.123222135, -0.0770820528, 0), (-0.154554591, -0.106290609, 0), (-0.192086071, -0.143637747, 0), (-0.252657294, -0.190701485, 0), (-0.31090048, -0.212598056, 0), (-0.342544258, -0.244335592, 0), (-0.379477978, -0.291272581, 0), (-0.421956241, -0.349291295, 0), (-0.464460999, -0.409959286, 0), (-0.501039028, -0.464212149, 0), (-0.526143372, -0.502746642, 0), (-0.534742355, -0.519034147, 0), (-0.528424501, -0.496538877, 0), (-0.552648604, -0.493561894, 0), (-0.488868088, -0.388475299, 0), (-0.39948228, -0.241687149, 0), (-0.23200433, -0.00360241183, 0), (0.0717380643, 0.270873874, 0), (0.692826688, 0.370413333, 0), (1.13656592, 0.361186564, 0), (1.45485711, 0.293453395, 0), (1.63224411, 0.185170785, 0), (1.72666478, -0.00841182377, 0), (1.73029304, -0.29309237, 0), (1.65973794, -0.687625587, 0), (1.56000102, -1.10200369, 0), (1.4779737, -1.37802172, 0), (1.46444297, -1.26671124, 0), (1.4953227, -0.710897326, 0), (1.51667273, -0.368172914, 0), (1.51665854, -0.368828416, 0), (1.35824835, 0.0154689522, 0), (9.79820543e-05, 2.59514223e-08, 0), (4.65937919e-05, 1.10735562e-17, 0), (0.000193484302, 8.97038185e-37, 0), (3.47050729e-07, 0, 0), (1.5316937e-15, 0, 0), (5.68823362e-32, 0, 0), (0, 0, 0), (0, 0, 0), (0, 0, 0), (0, 0, 0), (0, 0, 0), (0, 0, 0), (0, 1.28225875e-05, 0), (0.0134740835, 0.457027495, 0), (0.00375059037, 0.231378376, 0), (0.00102508685, 0.0270016603, 0), (2.17324292e-09, 8.02688618e-08, 0), (6.95705906e-12, 8.73406642e-17, 0), (5.73116467e-12, 4.9780349e-35, 0), (2.95420251e-11, 0, 0), (4.27288552e-11, 8.36148217e-07, 0), (-2.67147837e-09, 0.399712145, 0), (-3.4627611e-08, 0.416122079, 0), (-0.0385747179, 0.454240412, 0), (-0.0397614539, 0.491009086, 0), (-0.0355488881, 0.503440917, 0), (-0.0365615152, 0.505125403, 0), (-0.0410211049, 0.499925971, 0), (-0.0464511104, 0.498217493, 0), (-0.0459470041, 0.502616286, 0), (-0.0360844694, 0.474575311, 0), (-0.0294529367, 0.40601182, 0), (-0.0351345018, 0.317840129, 0), (-0.0385397747, 0.266555667, 0), (-0.0435796529, -0.01389476, 0), (-0.0476855226, -0.0291767009, 0), (-0.0559372753, -0.0471531264, 0), (-0.0684683099, -0.0691159964, 0), (-0.0853466168, -0.0964787751, 0), (-0.106661156, -0.130674005, 0), (-0.132334605, -0.172976181, 0), (-0.176710591, -0.231192589, 0), (-0.227809995, -0.255975962, 0), (-0.255305558, -0.289949358, 0), (-0.280356646, -0.339885443, 0), (-0.31352371, -0.404154092, 0), (-0.352853686, -0.476872325, 0), (-0.394294739, -0.550090909, 0), (-0.433046818, -0.615347326, 0), (-0.463912547, -0.665883243, 0), (-0.484455913, -0.701482475, 0), (-0.507183075, -0.720064163, 0), (-0.53992945, -0.740624607, 0), (-0.517196834, -0.675960362, 0), (-0.418064415, -0.53820616, 0), (-0.170878172, -0.287710428, 0), (0.467716336, -0.145736396, 0), (1.04884017, -0.248541102, 0), (1.42829597, -0.298913598, 0), (1.6132375, -0.446864396, 0), (1.70380771, -0.660660207, 0), (1.70743358, -0.933694422, 0), (1.65266013, -1.21985281, 0), (1.58269095, -1.39973032, 0), (1.53425932, -1.3281337, 0), (1.51441371, -0.902022481, 0), (1.48018086, -0.156795114, 0), (1.38004065, 0.237613291, 0), (1.37993491, 0.237343669, 0), (1.29703116, 0.127539396, 0), (0.644602358, 0.46315226, 0), (0.703732312, 0.402119517, 0), (0.212223694, 0.142800972, 0), (0.000199259841, 6.36515892e-07, 0), (0.000112003465, 3.61147405e-15, 0), (5.67985444e-05, 1.7694238e-31, 0), (2.99783096e-05, 0, 0), (1.60051059e-05, 0, 0), (9.17792113e-06, 0, 0), (5.3399317e-06, 0, 0), (3.04786317e-06, 0, 0), (1.9895981e-06, 0, 0), (1.39717008e-06, 3.05077941e-09, 0), (6.73874013e-07, 1.77598967e-08, 0), (5.61373668e-07, 1.8889688e-08, 0), (-0.000271241617, 4.60761784e-09, 0), (-0.000748046325, 8.96867358e-10, 0), (-0.000952272385, 1.02825648e-09, 0), (-0.000975016621, 4.29399494e-09, 0), (-0.0060376781, 1.48893688e-08, 0), (-0.0143972458, 1.46692258e-08, 0), (-0.00499887997, 3.57878194e-09, 0), (4.41359788e-07, 1.57753084e-06, 0), (-0.00332794478, 1.59983504, 0), (0.00349526154, 1.65325701, 0), (0.0128994705, 1.68620729, 0), (0.00645003188, 1.69195235, 0), (-0.00759613607, 1.68551207, 0), (-0.0203868318, 1.68483639, 0), (-0.0227413662, 1.7142539, 0), (-0.00974197127, 1.75293922, 0), (-0.00271096104, 1.73130572, 0), (-0.0167270079, 1.57686782, 0), (-0.0279358737, 1.46541488, 0), (-0.0239280127, -0.0145032927, 0), (-0.0261614323, -0.0303448141, 0), (-0.0306411125, -0.0487924665, 0), (-0.0374377854, -0.071105212, 0), (-0.0466610417, -0.0986318439, 0), (-0.0583467893, -0.132744059, 0), (-0.0725608766, -0.174754754, 0), (-0.0974530578, -0.235594824, 0), (-0.126921549, -0.276196092, 0), (-0.168426141, -0.307906717, 0), (-0.18429172, -0.353941858, 0), (-0.203008741, -0.418911904, 0), (-0.228754416, -0.501168847, 0), (-0.260490358, -0.595202386, 0), (-0.294671386, -0.694982171, 0), (-0.327314049, -0.795577347, 0), (-0.355596602, -0.894403517, 0), (-0.3797521, -0.988461494, 0), (-0.40233779, -1.08015919, 0), (-0.407429755, -1.16293263, 0), (-0.381188661, -1.20086586, 0), (-0.303216159, -1.11954939, 0), (-0.21972622, -1.01688612, 0), (0.339242995, -0.98714298, 0), (1.07715929, -0.842379928, 0), (1.5422405, -0.903243303, 0), (1.71379387, -1.05188513, 0), (1.71545982, -1.21787488, 0), (1.66432631, -1.3174243, 0), (1.60268104, -1.2457217, 0), (1.54676938, -0.888533235, 0), (1.48170578, -0.195327997, 0), (1.36386955, 0.804557264, 0), (1.20604444, 1.23856032, 0), (1.20592558, 1.23889351, 0), (0.778476238, 0.934172213, 0), (0.723790467, 2.08325934, 0), (0.917814493, 2.26021194, 0), (0.988879323, 2.84324288, 0), (0.974423826, 3.29210353, 0), (0.899154603, 3.33103776, 0), (0.779607356, 3.7293961, 0), (0.655341089, 3.91711926, 0), (0.533114254, 4.13408995, 0), (0.427256286, 4.13840532, 0), (0.336988956, 4.23252392, 0), (0.2608518, 4.51989794, 0), (0.20034875, 4.56514645, 0), (0.152533948, 4.61218929, 0), (0.106866747, 6.10166264, 0), (0.0787034631, 6.41561079, 0), (0.0683052987, 4.80958986, 0), (0.0532450527, 4.58348799, 0), (0.0411934406, 4.72654867, 0), (0.0328290723, 5.02924919, 0), (0.0280123688, 4.70159817, 0), (0.0254196264, 4.24218178, 0), (0.0193905476, 5.01505566, 0), (0.017693609, 5.32587147, 0), (0.0182180759, 4.91405439, 0), (0.0195807461, 4.26496506, 0), (0.0175749287, 5.30287457, 0), (0.0139435735, 5.4428668, 0), (0.013237847, 5.70696735, 0), (0.0130409822, 5.57168674, 0), (0.0125029804, 5.56946516, 0), (0.0121461777, 5.57940578, 0), (0.0117128184, 5.58581543, 0), (0.0114883026, 5.55744314, 0), (0.0107644862, 5.57129765, 0), (-0.00701031601, -0.0124251731, 0), (-0.00773840351, -0.0259177703, 0), (-0.00920391642, -0.0414944291, 0), (-0.0114313336, -0.0602131672, 0), (-0.0144590121, -0.0831132382, 0), (-0.0183211733, -0.11137294, 0), (-0.0230353698, -0.146193266, 0), (-0.0286080036, -0.188736811, 0), (-0.05948947, -0.25291732, 0), (-0.072898075, -0.289475769, 0), (-0.0958137885, -0.325284302, 0), (-0.105434954, -0.37131542, 0), (-0.113183133, -0.441054046, 0), (-0.124361515, -0.533793688, 0), (-0.138803914, -0.645127118, 0), (-0.155878469, -0.770695925, 0), (-0.174832284, -0.905503213, 0), (-0.194466963, -1.03994071, 0), (-0.208981708, -1.18154919, 0), (-0.205986574, -1.33475113, 0), (-0.191554219, -1.47601926, 0), (-0.176885888, -1.54731429, 0), (-0.176132753, -1.53239882, 0), (-0.248138338, -1.63527107, 0), (-0.21825096, -1.66665006, 0), (0.392439812, -1.45856857, 0), (1.00619626, -1.28890967, 0), (1.39421952, -1.2106334, 0), (1.52052367, -1.08448827, 0), (1.5018034, -0.751333594, 0), (1.4182291, -0.0762260035, 0), (1.28321195, 1.04666662, 0), (1.10230219, 2.16613603, 0), (0.922707081, 2.67349243, 0), (0.461423069, 3.500664, 0), (0.000342328858, 4.65047884, 0), (0.0904640555, 4.21328878, 0), (0.000370275957, 4.52358198, 0), (0.314217448, 5.56906557, 0), (0.291859925, 5.82387686, 0), (0.294975579, 5.7713747, 0), (0.239685372, 6.32753277, 0), (0.269768089, 6.38775682, 0), (0.272705555, 6.62880993, 0), (0.235169321, 6.952106, 0), (0.18524991, 7.10800123, 0), (0.144080058, 7.23129702, 0), (0.109748311, 7.33832026, 0), (0.0822106823, 7.40138388, 0), (0.0608710274, 7.45322561, 0), (0.044630155, 7.49084902, 0), (0.0324849188, 7.52043056, 0), (0.0235046539, 7.54444408, 0), (0.0169993248, 7.56732988, 0), (0.0124460422, 7.58295107, 0), (0.00944603235, 7.59712267, 0), (0.00763348723, 7.609972, 0), (0.0067995321, 7.62538719, 0), (0.00663818, 7.63887691, 0), (0.00699644163, 7.65160036, 0), (0.00770509616, 7.66597843, 0), (0.00864520483, 7.68059683, 0), (0.00978137553, 7.69748163, 0), (0.0109657757, 7.71273899, 0), (0.0121682826, 7.72934437, 0), (0.0133918812, 7.74803352, 0), (0.0145083889, 7.7665143, 0), (0.0155446734, 7.78687906, 0), (0.0165633131, 7.80752563, 0), (0.0173876435, 7.83147764, 0), (0, -0.00566990534, 0), (0, -0.0118881287, 0), (0, -0.0191397313, 0), (0, -0.0279444903, 0), (0, -0.0388564207, 0), (0, -0.0524616875, 0), (0, -0.0693761259, 0), (0, -0.0903131664, 0), (0, -0.115791067, 0), (0, -0.178798616, 0), (0, -0.16302678, 0), (0, -0.172521427, 0), (0, -0.199022084, 0), (0, -0.244522959, 0), (0, -0.310676306, 0), (0, -0.398360729, 0), (0, -0.505943656, 0), (0, -0.621456265, 0), (0, -0.739479661, 0), (0, -0.892954051, 0), (0, -1.04579997, 0), (0, -1.16719306, 0), (0, -1.27647364, 0), (0, -1.43794107, 0), (0, -1.48349786, 0), (0, -1.80908215, 0), (0, -1.97211742, 0), (0, -1.9872303, 0), (0, -1.77760172, 0), (0, -1.25720382, 0), (0, -0.307222247, 0), (0, 1.30534315, 0), (0, 2.70699978, 0), (0, 3.6554966, 0), (0, 4.32750082, 0), (0, 4.65069628, 0), (0, 4.72660923, 0), (0, 4.52404785, 0), (0, 4.52462149, 0), (0, 6.87002087, 0), (0, 7.11622381, 0), (0, 7.43777943, 0), (0, 7.6087842, 0), (0, 8.01143837, 0), (0, 8.50260448, 0), (0, 8.76264477, 0), (0, 8.8842783, 0), (0, 8.99089718, 0), (0, 9.07496166, 0), (0, 9.13459015, 0), (0, 9.18242645, 0), (0, 9.22024345, 0), (0, 9.25122738, 0), (0, 9.27547836, 0), (0, 9.29574394, 0), (0, 9.31323051, 0), (0, 9.32843876, 0), (0, 9.34265614, 0), (0, 9.35570812, 0), (0, 9.3688612, 0), (0, 9.3821516, 0), (0, 9.39574623, 0), (0, 9.40962696, 0), (0, 9.42434406, 0), (0, 9.43946457, 0), (0, 9.45561695, 0), (0, 9.47277737, 0), (0, 9.49034786, 0), (0, 9.50848675, 0), (0, 9.54011822, 0)] (
            interpolation = "uniform"
        )
        vector3f[] primvars:Solids_Velocity_2 = [(-0.0205275845, 0.0161939953, 0), (-0.0295662861, 0.0384042114, 0), (-0.0487526245, 0.0730087832, 0), (-0.0788233727, 0.126495764, 0), (-0.122948326, 0.207489207, 0), (-0.229799882, 0.357982069, 0), (-0.333510697, 0.517272234, 0), (-0.311650604, 1.01624358, 0), (-0.2893911, 1.55989289, 0), (-0.403768927, 2.13550687, 0), (-0.584946156, 2.54090285, 0), (-0.679866254, 2.73803115, 0), (-0.468052238, 2.71807504, 0), (-0.207253143, 2.6373198, 0), (-0.0285755042, 2.55381179, 0), (0.0776008517, 2.49604821, 0), (0.171059728, 2.48942924, 0), (0.261992127, 2.52782559, 0), (0.342401057, 2.58766603, 0), (0.408306211, 2.64726472, 0), (0.460720718, 2.6932416, 0), (0.501789987, 2.71821856, 0), (0.533190429, 2.71775651, 0), (0.555785954, 2.68850017, 0), (0.569807947, 2.627316, 0), (0.575568974, 2.53215408, 0), (0.574323237, 2.40043545, 0), (0.568980277, 2.22617936, 0), (0.564133108, 2.00256085, 0), (0.567921937, 1.7240212, 0), (0.573463082, 1.37373686, 0), (0.55179143, 0.959255099, 0), (0.577917278, -0.0409471467, 0), (0.384977996, -2.53209329, 0), (0.455149919, -2.88758302, 0), (0.455165714, -2.8874011, 0), (0, 0, 0), (0, 0, 0), (0, 0, 0), (0, 0, 0), (0, 0, 0), (0, 0, 0), (0, 0, 0), (0, 0, 0), (0, 0, 0), (0, 0, 0), (0, 0, 0), (0, 0, 0), (0, 0, 0), (0, 0, 0), (0, 0, 0), (0, 0, 0), (0, 0, 0), (0, 0, 0), (0, 0, 0), (0, 0, 0), (0, 0, 0), (0, 0, 0), (0, 0, 0), (0, 0, 0), (0, 0, 0), (0, 0, 0), (0, 0, 0), (0, 0, 0), (0, 0, 0), (0, 0, 0), (0, 0, 0), (0, 0, 0), (0, 0, 0), (0, 0, 0), (-0.0492062382, 0.0204273481, 0), (-0.0601308718, 0.0423452407, 0), (-0.0823362693, 0.0664426386, 0), (-0.115936004, 0.0928680375, 0), (-0.161799043, 0.120273381, 0), (-0.230929032, 0.123535141, 0), (-0.303160995, 0.112201504, 0), (-0.335237116, 0.403952271, 0), (-0.438343048, 0.53225553, 0), (-0.595248163, 0.662397742, 0), (-0.731248796, 0.780262411, 0), (-0.859502375, 0.898179531, 0), (-0.973562002, 0.506332457, 0), (-0.667720258, 0.447936922, 0), (-0.165912285, 0.633260608, 0), (0.102287792, 0.756584167, 0), (0.272358119, 0.871805012, 0), (0.375875443, 1.00777042, 0), (0.463852555, 1.16201866, 0), (0.545727551, 1.32546985, 0), (0.623091161, 1.4875325, 0), (0.696181059, 1.63800466, 0), (0.764042974, 1.76713538, 0), (0.82456696, 1.86542022, 0), (0.875543356, 1.92363644, 0), (0.916279137, 1.93306518, 0), (0.948022485, 1.88486016, 0), (0.971643031, 1.7710911, 0), (0.986100018, 1.58524549, 0), (0.994806945, 1.30692852, 0), (0.987700164, 0.987980306, 0), (1.00040233, 0.656000853, 0), (0.781378567, -0.59565115, 0), (0.589935899, -2.59918261, 0), (0.673570216, -2.87776852, 0), (0.673596799, -2.87757683, 0), (0, 0, 0), (0, 0, 0), (0, 0, 0), (0, 0, 0), (0, 0, 0), (0, 0, 0), (0, 0, 0), (0, 0, 0), (0, 0, 0), (0, 0, 0), (0, 0, 0), (0, 0, 0), (0, 0, 0), (0, 0, 0), (0, 0, 0), (0, 0, 0), (0, 0, 0), (0, 0, 0), (0, 0, 0), (0, 0, 0), (0, 0, 0), (0, 0, 0), (0, 0, 0), (0, 0, 0), (0, 0, 0), (0, 0, 0), (0, 0, 0), (0, 0, 0), (0, 0, 0), (0, 0, 0), (0, 0, 0), (0, 0, 0), (0, 0, 0), (0, 0, 0), (-0.0690661073, 0.0124771493, 0), (-0.0789417252, 0.0243840683, 0), (-0.0986905545, 0.0349274203, 0), (-0.128325135, 0.0430209637, 0), (-0.168559164, 0.0473171957, 0), (-0.223291144, 0.041698806, 0), (-0.294613272, 0.0347054899, 0), (-0.365872949, 0.0504744202, 0), (-0.465941668, 0.0638392717, 0), (-0.582380116, 0.0546147078, 0), (-0.672518849, 0.0177209452, 0), (-0.738093138, -0.0704706907, 0), (-0.75721997, -0.20609504, 0), (-0.683220685, -0.165076047, 0), (-0.632862747, -0.275186151, 0), (-0.425675213, -0.109609336, 0), (-0.145033866, 0.0812375173, 0), (0.133312643, 0.269373566, 0), (0.296663672, 0.469962031, 0), (0.434948981, 0.67449224, 0), (0.569204032, 0.875422657, 0), (0.700208545, 1.06412828, 0), (0.827021897, 1.23086548, 0), (0.947562039, 1.36561179, 0), (1.06208158, 1.4577738, 0), (1.1671561, 1.49576139, 0), (1.25303745, 1.46845806, 0), (1.30926454, 1.37043381, 0), (1.33384347, 1.1889497, 0), (1.29856002, 0.887382746, 0), (1.33080637, 0.604223073, 0), (1.08917773, -0.277398884, 0), (0.786869228, -1.63467705, 0), (0.741792142, -2.68013358, 0), (0.795782149, -2.90331316, 0), (0.795802772, -2.9031167, 0), (0, 0, 0), (0, 0, 0), (0, 0, 0), (0, 0, 0), (0, 0, 0), (0, 0, 0), (0, 0, 0), (0, 0, 0), (0, 0, 0), (0, 0, 0), (0, 0, 0), (0, 0, 0), (0, 0, 0), (0, 0, 0), (0, 0, 0), (0, 0, 0), (0, 0, 0), (0, 0, 0), (0, 0, 0), (0, 0, 0), (0, 0, 0), (0, 0, 0), (0, 0, 0), (0, 0, 0), (0, 0, 0), (0, 0, 0), (0, 0, 0), (0, 0, 0), (0, 0, 0), (0, 0, 0), (0, 0, 0), (0, 0, 0), (0, 0, 0), (0, 0, 0), (-0.0775852576, 0.00343816425, 0), (-0.0864881277, 0.00614461862, 0), (-0.104401365, 0.00759839686, 0), (-0.131644651, 0.0073822136, 0), (-0.16902332, 0.00501945661, 0), (-0.218155801, -0.00156553846, 0), (-0.279842615, -0.0153089017, 0), (-0.348937124, -0.0314055681, 0), (-0.426989555, -0.0624638572, 0), (-0.507197738, -0.116545998, 0), (-0.576260567, -0.184020698, 0), (-0.627268612, -0.26646629, 0), (-0.648525119, -0.355433166, 0), (-0.634422898, -0.404548675, 0), (-0.591545939, -0.454979807, 0), (-0.499866933, -0.414822668, 0), (-0.388063252, -0.275370032, 0), (-0.250976264, -0.0720871389, 0), (-0.0500099622, 0.142045334, 0), (0.173040912, 0.344334424, 0), (0.372303426, 0.541836977, 0), (0.574304163, 0.725346327, 0), (0.780060112, 0.884991944, 0), (0.986917913, 1.01427281, 0), (1.19469774, 1.0963124, 0), (1.36782205, 1.11682081, 0), (1.4845506, 1.06946778, 0), (1.54720438, 0.946748972, 0), (1.56377769, 0.607426822, 0), (1.56311107, 0.424883217, 0), (1.29873264, -0.358377874, 0), (1.03896606, -1.29729629, 0), (0.879875422, -2.31642103, 0), (0.850901425, -2.77160621, 0), (0.856146693, -2.83610106, 0), (0.856156766, -2.8359046, 0), (3.81882408e-11, 0, 0), (7.05674655e-24, 0, 0), (0, 0, 0), (0, 0, 0), (0, 0, 0), (0, 0, 0), (0, 0, 0), (0, 0, 0), (0, 0, 0), (0, 0, 0), (0, 0, 0), (0, 0, 0), (0, 0, 0), (0, 0, 0), (0, 0, 0), (0, 0, 0), (0, 0, 0), (0, 0, 0), (0, 0, 0), (0, 0, 0), (0, 0, 0), (0, 0, 0), (0, 0, 0), (0, 0, 0), (0, 0, 0), (0, 0, 0), (0, 0, 0), (0, 0, 0), (0, 0, 0), (0, 0, 0), (0, 0, 0), (0, 0, 0), (0, 0, 0), (0, 0, 0), (-0.0744694099, -0.00459426269, 0), (-0.082167089, -0.0101499027, 0), (-0.0976731032, -0.017462939, 0), (-0.121250816, -0.0273729693, 0), (-0.153311327, -0.0410129167, 0), (-0.194248974, -0.0603319667, 0), (-0.243777156, -0.0879981518, 0), (-0.299971521, -0.124740526, 0), (-0.360456049, -0.173631176, 0), (-0.421473503, -0.235742867, 0), (-0.477952152, -0.30723235, 0), (-0.525083363, -0.383427531, 0), (-0.557304025, -0.455558896, 0), (-0.569953442, -0.51173532, 0), (-0.559779763, -0.541611314, 0), (-0.528360784, -0.527911782, 0), (-0.486638635, -0.463627458, 0), (-0.424975395, -0.362808257, 0), (-0.318218172, -0.185410917, 0), (-0.179322898, 0.0583298244, 0), (0.0725040808, 0.273504168, 0), (0.38241455, 0.448558569, 0), (0.687738597, 0.592690706, 0), (0.998729765, 0.70158726, 0), (1.29056549, 0.725803256, 0), (1.47242773, 0.690786898, 0), (1.58085501, 0.580361784, 0), (1.62213695, 0.355988383, 0), (1.56439948, -0.0667339414, 0), (1.42666578, -0.626117766, 0), (1.24296629, -1.32945538, 0), (1.0747031, -2.09791422, 0), (0.987256646, -2.63029885, 0), (0.9272089, -2.85964084, 0), (0.89198339, -2.84720469, 0), (0.883646309, 0.000100563288, 0), (8.23541027e-11, 1.53943316e-11, 0), (2.44849409e-23, 3.44490232e-24, 0), (0, 0, 0), (0, 0, 0), (0, 0, 0), (0, 0, 0), (0, 0, 0), (0, 0, 0), (0, 0, 0), (0, 0, 0), (0, 0, 0), (0, 0, 0), (0, 0, 0), (0, 0, 0), (0, 0, 0), (0, 0, 0), (0, 0, 0), (0, 0, 0), (0, 0, 0), (0, 0, 0), (0, 0, 0), (0, 0, 0), (0, 0, 0), (0, 0, 0), (0, 0, 0), (0, 0, 0), (0, 0, 0), (0, 0, 0), (0, 0, 0), (0, 0, 0), (0, 0, 0), (0, 0, 0), (0, 0, 0), (0, 0, 0), (-0.0618206635, -0.010601433, 0), (-0.0678568408, -0.0224489141, 0), (-0.0799951255, -0.0366659239, 0), (-0.0983943567, -0.0544471778, 0), (-0.123233348, -0.0771469697, 0), (-0.154570386, -0.106359862, 0), (-0.192100361, -0.143736213, 0), (-0.23498109, -0.190701723, 0), (-0.281255364, -0.24747324, 0), (-0.329133779, -0.313856542, 0), (-0.376798868, -0.387219042, 0), (-0.422110438, -0.462866068, 0), (-0.462429047, -0.533860087, 0), (-0.494641602, -0.59177506, 0), (-0.51517266, -0.628437459, 0), (-0.521593273, -0.640559018, 0), (-0.517127216, -0.630370855, 0), (-0.514147818, -0.603573799, 0), (-0.466719955, -0.500886798, 0), (-0.387717843, -0.356355667, 0), (-0.232404053, -0.118521161, 0), (0.0527159534, 0.160900116, 0), (0.658442914, 0.278908968, 0), (1.06985319, 0.267822027, 0), (1.33309615, 0.204421833, 0), (1.49314916, 0.078600876, 0), (1.58024764, -0.155287102, 0), (1.58593035, -0.499126524, 0), (1.51221299, -0.973179281, 0), (1.39288485, -1.52072811, 0), (1.26475871, -2.07749009, 0), (1.15732932, -2.52538061, 0), (1.07071817, -2.78032231, 0), (0.986096561, -2.93410444, 0), (0.986194849, -2.93354201, 0), (0.926169634, 0.00032501106, 0), (5.98466762e-11, 2.85398458e-11, 0), (2.10755692e-23, 1.33916018e-23, 0), (0, 0, 0), (0, 0, 0), (0, 0, 0), (0, 0, 0), (0, 0, 0), (0, 0, 0), (0, 0, 0), (0, 0, 0), (0, 0, 0), (0, 0, 0), (0, 0, 0), (0, 0, 0), (0, 0, 0), (0, 0, 0), (0, 0, 0), (0, 0, 0), (0, 0, 0), (0, 0, 0), (0, 0, 0), (0, 0, 0), (0, 0, 0), (0, 0, 0), (0, 0, 0), (0, 0, 0), (0, 0, 0), (0, 0, 0), (0, 0, 0), (0, 0, 0), (0, 0, 0), (0, 0, 0), (0, 0, 0), (0, 0, 0), (-0.0435941927, -0.01389925, 0), (-0.047704041, -0.0291892942, 0), (-0.0559610352, -0.047161378, 0), (-0.0684707835, -0.0691490397, 0), (-0.0853534266, -0.0965383798, 0), (-0.106672242, -0.130744547, 0), (-0.132347748, -0.173080489, 0), (-0.162144914, -0.224945292, 0), (-0.194886044, -0.286212444, 0), (-0.230038732, -0.356729448, 0), (-0.267423481, -0.434972197, 0), (-0.306948274, -0.517768264, 0), (-0.347907305, -0.60053277, 0), (-0.388546377, -0.677787125, 0), (-0.42618522, -0.743647277, 0), (-0.457679331, -0.79309094, 0), (-0.480409145, -0.825069368, 0), (-0.493334532, -0.855158329, 0), (-0.502868593, -0.857136786, 0), (-0.477813929, -0.79762888, 0), (-0.376055509, -0.667034447, 0), (-0.119835593, -0.400604606, 0), (0.483745486, -0.271467, 0), (1.05505526, -0.443806857, 0), (1.37641394, -0.532726884, 0), (1.52533054, -0.717773616, 0), (1.5945375, -0.983957946, 0), (1.58788192, -1.33066642, 0), (1.52351785, -1.73544395, 0), (1.43082619, -2.13398504, 0), (1.33131063, -2.46590137, 0), (1.23317027, -2.6998167, 0), (1.13271868, -2.85693836, 0), (1.03292346, -2.97745633, 0), (1.03293407, -2.97721624, 0), (0.975082994, 0.000514729298, 0), (2.59626556e-11, 1.93961808e-11, 0), (2.81123739e-05, 6.67372539e-24, 0), (3.86481105e-08, 0, 0), (4.19228866e-17, 0, 0), (2.73287083e-35, 0, 0), (0, 0, 0), (0, 0, 0), (0, 0, 0), (0, 0, 0), (0, 0, 0), (0, 0, 0), (0, 0, 0), (0, 0, 0), (0, 0, 0), (0, 0, 0), (0, 0, 0), (0, 0, 0), (0, 0, 0), (0, 0, 0), (0, 0, 0), (0, 0, 0), (0, 0, 0), (0, 0, 0), (0, 0, 0), (0, 0, 0), (0, 0, 0), (0, 0, 0), (0, 0, 0), (0, 0, 0), (0, 0, 0), (0, 0, 0), (0, 0, 0), (0, 0, 0), (0, 0, 0), (-0.0239361227, -0.0145088481, 0), (-0.0261709578, -0.0303564034, 0), (-0.0306541882, -0.048798345, 0), (-0.037456464, -0.0711316019, 0), (-0.0466641411, -0.0986905769, 0), (-0.0583531596, -0.132827088, 0), (-0.0725700334, -0.174848646, 0), (-0.0893436596, -0.226108372, 0), (-0.108227298, -0.287296295, 0), (-0.129144832, -0.358446032, 0), (-0.152562842, -0.439603776, 0), (-0.179860145, -0.529471159, 0), (-0.21181944, -0.62571764, 0), (-0.247102186, -0.725808024, 0), (-0.28262791, -0.827490389, 0), (-0.315409362, -0.928374708, 0), (-0.343632907, -1.02550745, 0), (-0.367335558, -1.11626899, 0), (-0.385348797, -1.20550561, 0), (-0.382373184, -1.27847838, 0), (-0.349725485, -1.30264533, 0), (-0.265052378, -1.23100734, 0), (-0.147703037, -1.15900421, 0), (0.420520842, -1.28737271, 0), (1.15797257, -1.30046117, 0), (1.54646158, -1.41130316, 0), (1.64560568, -1.61634898, 0), (1.63286972, -1.87619495, 0), (1.57246935, -2.15078092, 0), (1.48854721, -2.39801478, 0), (1.39201093, -2.59530234, 0), (1.28715909, -2.74376631, 0), (1.17678154, -2.85720468, 0), (1.10485148, -2.91615319, 0), (1.1087842, -2.89010048, 0), (0.99747926, 0.00106161716, 0), (6.5332067e-12, 4.24658247e-05, 0), (0.0839755014, 0.100525811, 0), (1.62948654e-05, 8.43795505e-08, 0), (0.000104602303, 1.12636072e-16, 0), (9.93542926e-06, 9.35144212e-35, 0), (1.24529706e-10, 0, 0), (1.37642763e-21, 0, 0), (9.9492191e-44, 0, 0), (0, 0, 0), (0, 0, 0), (0, 0, 0), (0, 0, 0), (0, 0, 0), (0, 0, 0), (0, 0, 0), (0, 0, 0), (0, 0, 0), (0, 0, 0), (0, 0, 0), (0, 0, 0), (0, 0, 0), (0, 0, 0), (0, 0, 0), (0, 0, 0), (0, 0, 0), (0, 0, 0), (0, 0, 0), (0, 0, 0), (0, 0, 0), (0, 0, 0), (0, 0, 0), (0, 0, 0), (0, 0, 0), (0, 0, 0), (-0.00701260753, -0.0124294069, 0), (-0.00774130691, -0.0259280298, 0), (-0.00920779351, -0.0415129848, 0), (-0.0114367148, -0.0602237582, 0), (-0.0144676818, -0.0831523091, 0), (-0.0183343962, -0.111442238, 0), (-0.0230557956, -0.146269694, 0), (-0.0286402833, -0.188848048, 0), (-0.03514814, -0.240429506, 0), (-0.0418749042, -0.301751226, 0), (-0.049441006, -0.374196172, 0), (-0.0597083941, -0.458607495, 0), (-0.0746644735, -0.554809034, 0), (-0.0940803215, -0.662016869, 0), (-0.114830263, -0.779551268, 0), (-0.134724274, -0.906042457, 0), (-0.153197393, -1.0387243, 0), (-0.169512466, -1.17612088, 0), (-0.181192979, -1.3207593, 0), (-0.183478385, -1.46241701, 0), (-0.175788328, -1.58401489, 0), (-0.159029737, -1.65715778, 0), (-0.166071326, -1.65293252, 0), (-0.207766697, -1.76209879, 0), (-0.109507456, -1.8850143, 0), (0.470086992, -1.9224807, 0), (1.09679949, -1.95844901, 0), (1.46582961, -2.08952475, 0), (1.54843307, -2.25891852, 0), (1.50632608, -2.42261887, 0), (1.41921031, -2.55853891, 0), (1.31171882, -2.66555071, 0), (1.19777226, -2.75037074, 0), (1.19760692, -2.7489152, 0), (1.156165, 0.0121034579, 0), (1.73814225e-08, 5.58685613e-08, 0), (1.7904546e-17, 8.31518719e-06, 0), (0.0228844844, 0.634582639, 0), (0.0319822803, 0.512828529, 0), (0.0204897504, 0.202092841, 0), (8.71003067e-05, 0.0010825994, 0), (6.54081719e-11, 9.61371538e-10, 0), (7.43511526e-22, 1.34332976e-20, 0), (5.46506401e-44, 1.25416213e-42, 0), (0, 0, 0), (0, 0, 0), (0, 0, 0), (0, 0, 0), (0, 0, 0), (0, 0, 0), (0, 0, 0), (0, 0, 0), (0, 0, 0), (0, 0, 0), (0, 0, 0), (0, 0, 0), (0, 0, 0), (0, 0, 0), (0, 0, 0), (0, 0, 0), (0, 0, 0), (0, 0, 0), (0, 0, 0), (0, 0, 0), (0, 0, 0), (0, 0, 0), (0, 0, 0), (0, 0, 0), (0, 0, 0), (0, 0, 0), (0, -0.00567187974, 0), (0, -0.0118928365, 0), (0, -0.0191481132, 0), (0, -0.0279587898, 0), (0, -0.0388790928, 0), (0, -0.0524975955, 0), (0, -0.0694317371, 0), (0, -0.090309687, 0), (0, -0.115800232, 0), (0, -0.146131679, 0), (0, -0.182133049, 0), (0, -0.225387365, 0), (0, -0.279232144, 0), (0, -0.34679696, 0), (0, -0.428920746, 0), (0, -0.524626195, 0), (0, -0.632239699, 0), (0, -0.750391006, 0), (0, -0.884760201, 0), (0, -1.03076506, 0), (0, -1.16210556, 0), (0, -1.27410805, 0), (0, -1.38787806, 0), (0, -1.52759409, 0), (0, -1.62215805, 0), (0, -1.91785753, 0), (0, -2.18497205, 0), (0, -2.40107489, 0), (0, -2.50884604, 0), (0, -2.55660224, 0), (0, -2.5728941, 0), (0, -2.57160449, 0), (0, -2.5711, 0), (0, -2.56982493, 0), (0, 0.027375916, 0), (0, 8.58047287e-08, 0), (0, 2.54259835e-09, 0), (0, 2.97933962e-08, 0), (0, 1.5399813e-07, 0), (0, 1.33999293e-07, 0), (0, 6.23382387e-11, 0), (0, 7.93577763e-22, 0), (0, 6.16571324e-44, 0), (0, 0, 0), (0, 0, 0), (0, 0, 0), (0, 0, 0), (0, 0, 0), (0, 0, 0), (0, 0, 0), (0, 0, 0), (0, 0, 0), (0, 0, 0), (0, 0, 0), (0, 0, 0), (0, 0, 0), (0, 0, 0), (0, 0, 0), (0, 0, 0), (0, 0, 0), (0, 0, 0), (0, 0, 0), (0, 0, 0), (0, 0, 0), (0, 0, 0), (0, 0, 0), (0, 0, 0), (0, 0, 0), (0, 0, 0), (0, 0, 0)] (
            interpolation = "uniform"
        )
        float[] primvars:Gas_temperature = [1073.15015, 1073.15173, 1073.17041, 1073.3103, 1085.88086, 1074.62573, 1072.36621, 1071.90125, 1071.83008, 1071.89441, 1073.27515, 1073.34839, 1073.22156, 1073.0199, 1072.81311, 1072.69543, 1072.71924, 1072.86487, 1073.06531, 1073.25488, 1073.39661, 1073.48413, 1073.52747, 1073.54041, 1073.53418, 1073.51709, 1073.49402, 1073.46777, 1073.43945, 1073.40833, 1073.37207, 1073.328, 1073.31152, 1073.33435, 1073.22485, 1073.14136, 1073.14099, 1073.14111, 1073.14111, 1073.14111, 1073.14111, 1073.14111, 1073.14111, 1073.14111, 1073.14111, 1073.14111, 1073.14111, 1073.14111, 1073.14111, 1073.14111, 1073.14111, 1073.14111, 1073.14111, 1073.14111, 1073.14111, 1073.14111, 1073.14111, 1073.14111, 1073.14111, 1073.14111, 1073.14111, 1073.14111, 1073.14111, 1073.14111, 1073.14111, 1073.14111, 1073.14111, 1073.14111, 1073.14111, 1073.14111, 1073.15015, 1073.1521, 1073.17114, 1073.28076, 1073.70154, 1074.08679, 1074.61572, 1078.86938, 1075.00586, 1074.21265, 1073.82764, 1073.62756, 1073.53821, 1073.52527, 1073.54565, 1073.54224, 1073.53625, 1073.53247, 1073.5271, 1073.51794, 1073.50562, 1073.49048, 1073.47327, 1073.45496, 1073.43665, 1073.41895, 1073.40283, 1073.38855, 1073.37549, 1073.36157, 1073.34424, 1073.32275, 1073.31934, 1073.33167, 1073.2688, 1073.14099, 1073.13708, 1073.13428, 1073.13135, 1073.12866, 1073.12634, 1073.12451, 1073.12292, 1073.12183, 1073.12097, 1073.12036, 1073.12, 1073.11975, 1073.11963, 1073.11975, 1073.11975, 1073.11975, 1073.11975, 1073.11975, 1073.11975, 1073.11975, 1073.11987, 1073.11987, 1073.11987, 1073.11987, 1073.11987, 1073.12, 1073.12, 1073.12, 1073.12, 1073.12012, 1073.12012, 1073.12012, 1073.12012, 1073.12012, 1073.15039, 1073.15588, 1073.19727, 1073.36194, 1073.72241, 1074.17786, 1074.6156, 1074.81738, 1084.87622, 1081.39001, 1073.75562, 1073.3905, 1073.35962, 1073.35352, 1073.35535, 1073.36426, 1073.37158, 1073.36426, 1073.3551, 1073.34717, 1073.34045, 1073.33484, 1073.33044, 1073.32727, 1073.32556, 1073.3252, 1073.32642, 1073.32935, 1073.33276, 1073.33423, 1073.33093, 1073.32288, 1073.32593, 1073.32959, 1073.2981, 1073.16113, 1073.13721, 1073.13269, 1073.12817, 1073.12378, 1073.11938, 1073.11536, 1073.11169, 1073.10889, 1073.10706, 1073.10559, 1073.10461, 1073.104, 1073.10376, 1073.10364, 1073.10352, 1073.10364, 1073.10376, 1073.10376, 1073.10388, 1073.10376, 1073.10376, 1073.10352, 1073.10327, 1073.10291, 1073.10266, 1073.10229, 1073.10193, 1073.10168, 1073.10132, 1073.1012, 1073.10095, 1073.10083, 1073.10071, 1073.10071, 1073.15112, 1073.1665, 1073.25732, 1073.53333, 1073.98694, 1074.4209, 1074.7478, 1076.60974, 1089.26111, 1079.14734, 1073.39954, 1073.22644, 1073.21631, 1073.21631, 1073.21814, 1073.22058, 1073.22437, 1073.23059, 1073.23547, 1073.23853, 1073.24158, 1073.24573, 1073.25122, 1073.25818, 1073.26672, 1073.27686, 1073.28894, 1073.30298, 1073.31714, 1073.32715, 1073.32898, 1073.3252, 1073.32971, 1073.32715, 1073.31067, 1073.19006, 1073.151, 1073.13855, 1073.13184, 1073.12671, 1073.12207, 1073.11743, 1073.11279, 1073.11218, 1073.11414, 1073.11572, 1073.11633, 1073.11646, 1073.11658, 1073.1167, 1073.11682, 1073.11707, 1073.11731, 1073.11768, 1073.11792, 1073.11804, 1073.11816, 1073.11816, 1073.11816, 1073.11792, 1073.11768, 1073.11731, 1073.11707, 1073.1167, 1073.11633, 1073.11597, 1073.11572, 1073.11548, 1073.11523, 1073.11523, 1073.15332, 1073.18921, 1073.34985, 1073.71448, 1074.17993, 1074.58032, 1074.96277, 1085.51978, 1085.51172, 1073.60352, 1073.224, 1073.20752, 1073.20837, 1073.21045, 1073.21277, 1073.21472, 1073.21606, 1073.21631, 1073.21533, 1073.21472, 1073.21533, 1073.22034, 1073.22888, 1073.23962, 1073.25159, 1073.26599, 1073.28394, 1073.30396, 1073.32129, 1073.32935, 1073.32983, 1073.32837, 1073.32898, 1073.3241, 1073.31421, 1073.21973, 1073.17554, 1073.1554, 1073.14465, 1073.13782, 1073.13257, 1073.1283, 1073.12463, 1073.12195, 1073.12012, 1073.11853, 1073.11731, 1073.11658, 1073.1167, 1073.11731, 1073.11792, 1073.11829, 1073.11865, 1073.11914, 1073.12, 1073.12109, 1073.12207, 1073.12305, 1073.12366, 1073.12415, 1073.12427, 1073.12427, 1073.12402, 1073.12378, 1073.12341, 1073.12317, 1073.12292, 1073.1228, 1073.12268, 1073.12268, 1073.15662, 1073.21313, 1073.41589, 1073.8031, 1074.25684, 1074.64978, 1074.98596, 1096.44983, 1078.13855, 1073.37329, 1073.21985, 1073.20911, 1073.21167, 1073.21558, 1073.21948, 1073.2229, 1073.22534, 1073.22681, 1073.22766, 1073.22815, 1073.229, 1073.23242, 1073.24268, 1073.2533, 1073.26245, 1073.27917, 1073.29968, 1073.31653, 1073.32703, 1073.33069, 1073.3302, 1073.32861, 1073.32642, 1073.32104, 1073.3136, 1073.24792, 1073.20752, 1073.1842, 1073.17017, 1073.16089, 1073.1543, 1073.14917, 1073.14514, 1073.14172, 1073.13855, 1073.13562, 1073.13281, 1073.13025, 1073.12781, 1073.12573, 1073.12402, 1073.1228, 1073.12207, 1073.12183, 1073.12219, 1073.1228, 1073.1239, 1073.12524, 1073.12671, 1073.1283, 1073.12976, 1073.13098, 1073.13208, 1073.13269, 1073.13306, 1073.13306, 1073.13257, 1073.13184, 1073.13098, 1073.13, 1073.1571, 1073.21436, 1073.40784, 1073.77429, 1074.22375, 1074.63171, 1074.94519, 1097.82568, 1078.78442, 1073.44849, 1073.23157, 1073.21191, 1073.21509, 1073.22046, 1073.22559, 1073.23022, 1073.23438, 1073.23889, 1073.24463, 1073.25195, 1073.26062, 1073.26917, 1073.27344, 1073.27722, 1073.28589, 1073.30139, 1073.31531, 1073.32471, 1073.32935, 1073.33008, 1073.32886, 1073.32678, 1073.32361, 1073.3186, 1073.31238, 1073.27661, 1073.24487, 1073.22266, 1073.20764, 1073.19702, 1073.18909, 1073.18286, 1073.17773, 1073.17322, 1073.16907, 1073.16492, 1073.16089, 1073.15686, 1073.15283, 1073.14905, 1073.14539, 1073.14209, 1073.13916, 1073.1366, 1073.1344, 1073.13281, 1073.13159, 1073.13098, 1073.13062, 1073.13074, 1073.13135, 1073.1322, 1073.1333, 1073.13477, 1073.13635, 1073.13794, 1073.13965, 1073.14111, 1073.14246, 1073.14355, 1073.1543, 1073.19128, 1073.32849, 1073.62195, 1074.03076, 1074.4342, 1074.74194, 1085.61011, 1091.99316, 1074.56494, 1073.27319, 1073.21545, 1073.21643, 1073.22278, 1073.22925, 1073.2356, 1073.24243, 1073.25073, 1073.26062, 1073.27197, 1073.28308, 1073.29248, 1073.29785, 1073.30334, 1073.30933, 1073.31714, 1073.32361, 1073.32715, 1073.32837, 1073.32776, 1073.32642, 1073.32422, 1073.32117, 1073.31714, 1073.31262, 1073.2998, 1073.28198, 1073.26538, 1073.25195, 1073.24121, 1073.23242, 1073.2251, 1073.21851, 1073.21265, 1073.20691, 1073.20129, 1073.1958, 1073.1908, 1073.18579, 1073.18042, 1073.17529, 1073.17065, 1073.16638, 1073.16223, 1073.15845, 1073.15527, 1073.15234, 1073.14966, 1073.14734, 1073.14563, 1073.14417, 1073.14319, 1073.14233, 1073.14172, 1073.14148, 1073.14148, 1073.14172, 1073.14221, 1073.14282, 1073.14368, 1073.15112, 1073.16321, 1073.22009, 1073.38281, 1073.69641, 1074.13086, 1074.59827, 1075.06018, 1096.23071, 1081.07727, 1073.65698, 1073.23328, 1073.21326, 1073.22009, 1073.22791, 1073.23584, 1073.24475, 1073.25476, 1073.26575, 1073.27686, 1073.28699, 1073.29578, 1073.30286, 1073.30847, 1073.31421, 1073.32068, 1073.32385, 1073.32532, 1073.32544, 1073.32483, 1073.32361, 1073.32166, 1073.31921, 1073.31641, 1073.31335, 1073.30933, 1073.30359, 1073.29675, 1073.28967, 1073.28284, 1073.27661, 1073.27087, 1073.26538, 1073.26025, 1073.25513, 1073.25, 1073.24475, 1073.23938, 1073.23389, 1073.22827, 1073.22266, 1073.21704, 1073.21155, 1073.20618, 1073.20117, 1073.19629, 1073.19177, 1073.18762, 1073.18372, 1073.18018, 1073.177, 1073.17407, 1073.17151, 1073.16931, 1073.16736, 1073.16565, 1073.16418, 1073.16309, 1073.16223, 1073.1615, 1073.15002, 1073.15088, 1073.1554, 1073.17615, 1073.25513, 1073.50488, 1074.08411, 1074.97034, 1075.80786, 1079.17578, 1087.82886, 1076.08411, 1073.22998, 1073.20483, 1073.2146, 1073.22302, 1073.23254, 1073.24365, 1073.25488, 1073.26562, 1073.27539, 1073.28381, 1073.29126, 1073.29773, 1073.30322, 1073.30798, 1073.31201, 1073.31555, 1073.31787, 1073.31873, 1073.31836, 1073.31677, 1073.3147, 1073.3125, 1073.3103, 1073.30823, 1073.30603, 1073.30371, 1073.30127, 1073.29883, 1073.29626, 1073.29382, 1073.29138, 1073.28906, 1073.28662, 1073.28418, 1073.28174, 1073.27917, 1073.27649, 1073.2738, 1073.271, 1073.26807, 1073.26514, 1073.26221, 1073.25916, 1073.2561, 1073.25305, 1073.25012, 1073.24731, 1073.24451, 1073.24182, 1073.23914, 1073.23669, 1073.23438, 1073.23218, 1073.2301, 1073.22815, 1073.22632, 1073.22461, 1073.22314] (
            interpolation = "uniform"
        )
        float[] primvars:Solids_temperature_1 = [1073.15002, 1073.15002, 1073.15002, 1073.23193, 1074.02234, 872.970825, 867.053284, 897.815308, 920.415649, 942.687866, 1048.99084, 1068.60828, 1072.01453, 1072.61243, 1072.65625, 1072.63391, 1072.68738, 1072.83191, 1073.02356, 1073.21069, 1073.3595, 1073.45923, 1073.5144, 1073.53564, 1073.53406, 1073.51868, 1073.49573, 1073.46899, 1073.44019, 1073.40881, 1073.37219, 1073.32776, 1073.31128, 1073.33179, 1073.30518, 1073.1532, 1073.20496, 1073.14148, 1073.1416, 1073.14221, 1073.1427, 1073.14221, 1073.09888, 1073.11829, 1073.12891, 1073.14429, 1073.15002, 1073.15002, 1073.15002, 1073.15002, 1073.15002, 1073.15002, 1073.15002, 1073.15002, 1073.15002, 1073.15002, 1073.15002, 1073.15002, 1073.15002, 1073.15002, 1073.15002, 1073.15002, 1073.15002, 1073.15002, 1073.15002, 1073.15002, 1073.15002, 1073.15002, 1073.15002, 1073.15002, 1073.15002, 1073.15002, 1073.15002, 1073.15137, 1073.7019, 1074.08484, 873.028442, 988.600037, 1074.57825, 1074.17908, 1073.81567, 1073.62451, 1073.53882, 1073.52698, 1073.54395, 1073.54663, 1073.53564, 1073.52173, 1073.51343, 1073.50793, 1073.50098, 1073.49011, 1073.47534, 1073.45776, 1073.43921, 1073.42102, 1073.40417, 1073.3894, 1073.37585, 1073.36169, 1073.34424, 1073.32263, 1073.31946, 1073.33179, 1073.3114, 1073.14758, 1073.18689, 1073.13708, 1073.13904, 1073.13953, 1073.13928, 1072.95374, 1073.03613, 1073.04663, 1073.05945, 1073.14941, 1073.15002, 1073.15002, 1073.15002, 1073.15002, 1073.15002, 1073.15002, 1073.15002, 1073.15002, 1073.15002, 1073.15002, 1073.15002, 1073.15002, 1073.15002, 1073.15002, 1073.15002, 1073.15002, 1073.15002, 1073.15002, 1073.15002, 1073.15002, 1073.15002, 1073.15002, 1073.15002, 1073.15002, 1073.15002, 1073.15002, 1073.15002, 1073.1604, 1073.72192, 1074.17676, 1074.6134, 1074.81348, 1074.63684, 1074.25061, 1073.49463, 1073.38208, 1073.35791, 1073.35168, 1073.35242, 1073.36023, 1073.36877, 1073.36487, 1073.35608, 1073.34839, 1073.3418, 1073.33618, 1073.33154, 1073.32825, 1073.32617, 1073.32556, 1073.32666, 1073.32947, 1073.33276, 1073.33423, 1073.33093, 1073.323, 1073.32629, 1073.32996, 1073.3186, 1073.16345, 1073.15039, 1073.1355, 1073.13721, 1073.13818, 1073.1394, 1072.91113, 1072.9978, 1073.00952, 1073.14673, 1073.15002, 1073.15002, 1073.15002, 1073.15002, 1073.15002, 1073.15002, 1073.15002, 1073.15002, 1073.15002, 1073.15002, 1073.15002, 1073.15002, 1073.15002, 1073.15002, 1073.15002, 1073.15002, 1073.15002, 1073.15002, 1073.15002, 1073.15002, 1073.15002, 1073.15002, 1073.15002, 1073.15002, 1073.15002, 1073.15002, 1073.15002, 1073.15002, 1073.5321, 1073.98682, 1074.42053, 1074.74695, 1075.04956, 1075.04626, 1073.87854, 1073.28357, 1073.22412, 1073.21631, 1073.21643, 1073.21814, 1073.22058, 1073.22424, 1073.2301, 1073.23499, 1073.23816, 1073.24133, 1073.24548, 1073.25098, 1073.25806, 1073.2666, 1073.27673, 1073.28882, 1073.30286, 1073.31714, 1073.32715, 1073.32898, 1073.32556, 1073.32996, 1073.32776, 1073.32141, 1073.19153, 1073.15991, 1073.13855, 1073.13562, 1073.13696, 1073.13843, 1073.13672, 1073.01184, 1073.04565, 1073.14758, 1073.15002, 1073.15002, 1073.15002, 1073.15002, 1073.15002, 1073.15002, 1073.15002, 1073.15002, 1073.15002, 1073.15002, 1073.15002, 1073.15002, 1073.15002, 1073.15002, 1073.15002, 1073.15002, 1073.15002, 1073.15002, 1073.15002, 1073.15002, 1073.15002, 1073.15002, 1073.15002, 1073.15002, 1073.15002, 1073.15002, 1073.15002, 1073.17053, 1073.71436, 1074.17981, 1074.5802, 1074.9624, 1074.60364, 1074.53296, 1073.3479, 1073.22046, 1073.20764, 1073.2085, 1073.21069, 1073.21289, 1073.21484, 1073.21619, 1073.21655, 1073.21545, 1073.21484, 1073.21545, 1073.22034, 1073.22876, 1073.2395, 1073.25146, 1073.26587, 1073.28381, 1073.30383, 1073.32117, 1073.32947, 1073.33008, 1073.32861, 1073.32935, 1073.32495, 1073.32117, 1073.22083, 1073.17566, 1073.14014, 1073.13477, 1073.13452, 1073.1366, 1073.1344, 1073.01953, 1073.13171, 1073.15002, 1073.15002, 1073.15002, 1073.15002, 1073.15002, 1073.15002, 1073.1499, 1073.15002, 1073.15002, 1073.15002, 1073.15002, 1073.14978, 1073.14941, 1073.14905, 1073.14917, 1073.14905, 1073.14893, 1073.14893, 1073.14905, 1073.14905, 1073.14905, 1073.14905, 1073.14917, 1073.14941, 1073.14954, 1073.14978, 1073.15002, 1073.15002, 1073.21399, 1073.80298, 1074.25671, 1074.64966, 1074.98596, 1074.24536, 1074.03906, 1073.31616, 1073.21973, 1073.20923, 1073.21179, 1073.21558, 1073.2196, 1073.22302, 1073.22546, 1073.22705, 1073.22778, 1073.22827, 1073.229, 1073.23254, 1073.24268, 1073.2533, 1073.26257, 1073.27905, 1073.29907, 1073.31653, 1073.32715, 1073.33081, 1073.33032, 1073.32886, 1073.3269, 1073.32202, 1073.31897, 1073.24915, 1073.20068, 1073.16187, 1073.13257, 1073.13513, 1073.13464, 1073.13391, 1073.13306, 1073.13062, 1073.1272, 1073.12366, 1073.12537, 1073.12366, 1073.12854, 1073.12329, 1073.12378, 1073.12268, 1073.14966, 1073.14978, 1073.14697, 1073.12427, 1073.12659, 1073.12878, 1073.13049, 1073.1311, 1073.13135, 1073.13171, 1073.13232, 1073.13281, 1073.13306, 1073.13306, 1073.13257, 1073.13184, 1073.13086, 1073.12988, 1073.15002, 1073.15002, 1073.21301, 1073.77417, 1074.22375, 1074.63171, 1074.94519, 1074.42847, 1074.22266, 1073.38757, 1073.23181, 1073.21204, 1073.21509, 1073.22046, 1073.22571, 1073.23035, 1073.2345, 1073.23901, 1073.24463, 1073.25195, 1073.26062, 1073.26929, 1073.27356, 1073.2771, 1073.28516, 1073.30054, 1073.31494, 1073.32483, 1073.32947, 1073.3302, 1073.32898, 1073.32703, 1073.32422, 1073.31946, 1073.31665, 1073.27673, 1073.24744, 1073.22742, 1073.2085, 1073.13, 1073.13391, 1073.13342, 1073.13269, 1073.13159, 1073.12988, 1073.12769, 1073.12769, 1073.12915, 1073.13391, 1073.13684, 1073.1377, 1073.13721, 1073.13684, 1073.1366, 1073.1366, 1073.13855, 1073.14111, 1073.14075, 1073.14014, 1073.1394, 1073.13928, 1073.13928, 1073.13953, 1073.14026, 1073.14148, 1073.14233, 1073.14282, 1073.14319, 1073.14392, 1073.14441, 1073.15002, 1073.15002, 1073.16919, 1073.62158, 1074.03064, 1074.4342, 1074.74182, 1075.34717, 1075.33667, 1073.68835, 1073.2655, 1073.21558, 1073.21655, 1073.2229, 1073.22937, 1073.2356, 1073.24243, 1073.25061, 1073.26062, 1073.27185, 1073.2832, 1073.2926, 1073.29785, 1073.30298, 1073.30835, 1073.31665, 1073.32349, 1073.32727, 1073.32849, 1073.32788, 1073.32654, 1073.32471, 1073.32178, 1073.31824, 1073.3158, 1073.29993, 1073.2821, 1073.2655, 1073.2522, 1073.24146, 1073.23267, 1073.2251, 1073.21802, 1073.21069, 1073.20325, 1073.1958, 1073.18811, 1073.18213, 1073.17639, 1073.16724, 1073.16248, 1073.16101, 1073.15955, 1073.15625, 1073.15295, 1073.15112, 1073.14941, 1073.14697, 1073.14514, 1073.14417, 1073.14343, 1073.14258, 1073.14197, 1073.14172, 1073.14172, 1073.14197, 1073.14233, 1073.14294, 1073.14368, 1073.14441, 1073.15002, 1073.15002, 1073.15002, 1073.21838, 1073.69617, 1074.13086, 1074.59814, 1075.06006, 1075.04175, 1074.53064, 1073.41064, 1073.22937, 1073.21338, 1073.22021, 1073.22791, 1073.23584, 1073.24463, 1073.25476, 1073.26562, 1073.27673, 1073.28699, 1073.29578, 1073.30286, 1073.30859, 1073.31409, 1073.32068, 1073.32397, 1073.32544, 1073.32556, 1073.32495, 1073.32385, 1073.32202, 1073.31995, 1073.3175, 1073.31433, 1073.30969, 1073.30371, 1073.30176, 1073.28979, 1073.28296, 1073.27673, 1073.271, 1073.2655, 1073.26038, 1073.25525, 1073.25, 1073.24475, 1073.23938, 1073.23389, 1073.22827, 1073.22266, 1073.21704, 1073.21155, 1073.20618, 1073.20105, 1073.19617, 1073.19165, 1073.1875, 1073.18359, 1073.18005, 1073.17688, 1073.17407, 1073.17151, 1073.16931, 1073.16736, 1073.16565, 1073.16431, 1073.16309, 1073.16223, 1073.16162, 1073.15002, 1073.15002, 1073.15002, 1073.15002, 1073.15222, 1073.16968, 1073.22461, 1073.33191, 1075.80103, 1074.77307, 1074.97461, 1073.55139, 1073.20544, 1073.20471, 1073.2146, 1073.22302, 1073.23254, 1073.24353, 1073.25488, 1073.26562, 1073.27539, 1073.28394, 1073.29138, 1073.29785, 1073.30334, 1073.30811, 1073.31201, 1073.31555, 1073.31787, 1073.31873, 1073.31848, 1073.31714, 1073.31555, 1073.31384, 1073.31189, 1073.30981, 1073.30701, 1073.30505, 1073.30322, 1073.29895, 1073.29639, 1073.29395, 1073.2915, 1073.28918, 1073.28674, 1073.2843, 1073.28186, 1073.2793, 1073.27661, 1073.27393, 1073.27112, 1073.26819, 1073.26526, 1073.26233, 1073.25928, 1073.25623, 1073.25317, 1073.25024, 1073.24744, 1073.24463, 1073.24194, 1073.23926, 1073.23682, 1073.2345, 1073.2323, 1073.23022, 1073.22827, 1073.22644, 1073.22473, 1073.22327] (
            interpolation = "uniform"
        )
        float[] primvars:Solids_temperature_2 = [1073.15015, 1073.15173, 1073.17029, 1073.30994, 1074.37366, 1074.33813, 1073.97974, 1073.81812, 1073.70642, 1073.56836, 1073.50403, 1073.39514, 1073.23535, 1073.02502, 1072.81335, 1072.69153, 1072.71741, 1072.87317, 1073.08252, 1073.27246, 1073.40906, 1073.49084, 1073.53015, 1073.54089, 1073.53394, 1073.5166, 1073.49353, 1073.46741, 1073.43921, 1073.40833, 1073.37207, 1073.328, 1073.31165, 1073.33667, 1073.31958, 1073.31799, 1073.29565, 1073.22742, 1073.19556, 1073.14087, 1073.12903, 1073.14294, 1073.12048, 1072.82336, 1072.75232, 1073.15002, 1073.15002, 1073.15002, 1073.15002, 1073.15002, 1073.15002, 1073.15002, 1073.15002, 1073.15002, 1073.15002, 1073.15002, 1073.15002, 1073.15002, 1073.15002, 1073.15002, 1073.15002, 1073.15002, 1073.15002, 1073.15002, 1073.15002, 1073.15002, 1073.15002, 1073.15002, 1073.15002, 1073.15002, 1073.15015, 1073.1521, 1073.17114, 1073.28064, 1073.70068, 1074.08435, 1074.50061, 1074.72266, 1074.58411, 1074.19031, 1073.82458, 1073.62708, 1073.53809, 1073.52527, 1073.54651, 1073.54236, 1073.53589, 1073.5321, 1073.5271, 1073.51831, 1073.50586, 1073.49023, 1073.47278, 1073.45435, 1073.43604, 1073.41858, 1073.40259, 1073.38843, 1073.37537, 1073.36157, 1073.34424, 1073.32288, 1073.31946, 1073.33386, 1073.32178, 1073.32007, 1073.2998, 1073.22913, 1073.19568, 1073.13989, 1073.12952, 1072.95312, 1073.04309, 1072.8374, 1072.73962, 1073.15002, 1073.15002, 1073.15002, 1073.15002, 1073.15002, 1073.15002, 1073.15002, 1073.15002, 1073.15002, 1073.15002, 1073.15002, 1073.15002, 1073.15002, 1073.15002, 1073.15002, 1073.15002, 1073.15002, 1073.15002, 1073.15002, 1073.15002, 1073.15002, 1073.15002, 1073.15002, 1073.15002, 1073.15002, 1073.15039, 1073.15588, 1073.19727, 1073.36194, 1073.72217, 1074.177, 1074.61353, 1074.81433, 1074.68628, 1073.96228, 1073.48401, 1073.38269, 1073.35974, 1073.35364, 1073.35547, 1073.3645, 1073.37183, 1073.36438, 1073.3551, 1073.34705, 1073.34021, 1073.33447, 1073.33008, 1073.32703, 1073.32532, 1073.32495, 1073.32642, 1073.32935, 1073.33276, 1073.33423, 1073.33093, 1073.323, 1073.32605, 1073.3313, 1073.32275, 1073.32153, 1073.3042, 1073.23352, 1073.19714, 1073.13892, 1073.13123, 1072.92029, 1072.99902, 1072.83838, 1073.15002, 1073.15002, 1073.15002, 1073.15002, 1073.15002, 1073.15002, 1073.15002, 1073.15002, 1073.15002, 1073.15002, 1073.15002, 1073.15002, 1073.15002, 1073.15002, 1073.15002, 1073.15002, 1073.15002, 1073.15002, 1073.15002, 1073.15002, 1073.15002, 1073.15002, 1073.15002, 1073.15002, 1073.15002, 1073.15002, 1073.15112, 1073.1665, 1073.25732, 1073.53345, 1073.98706, 1074.42078, 1074.74719, 1075.02185, 1074.43762, 1073.66357, 1073.27844, 1073.224, 1073.21643, 1073.21643, 1073.21826, 1073.2207, 1073.22449, 1073.23071, 1073.2356, 1073.23853, 1073.2417, 1073.24573, 1073.25122, 1073.25818, 1073.26672, 1073.27686, 1073.28894, 1073.30298, 1073.31726, 1073.32727, 1073.3291, 1073.32532, 1073.33032, 1073.32898, 1073.32239, 1073.32178, 1073.30261, 1073.23621, 1073.19873, 1073.13721, 1072.92529, 1072.92053, 1072.99194, 1072.88843, 1073.15002, 1073.15002, 1073.15002, 1073.15002, 1073.15002, 1073.15002, 1073.15002, 1073.15002, 1073.15002, 1073.15002, 1073.15002, 1073.15002, 1073.15002, 1073.15002, 1073.15002, 1073.15002, 1073.15002, 1073.15002, 1073.15002, 1073.15002, 1073.15002, 1073.15002, 1073.15002, 1073.15002, 1073.15002, 1073.15002, 1073.15332, 1073.18933, 1073.34985, 1073.7146, 1074.18005, 1074.58044, 1074.96265, 1075.29517, 1074.06067, 1073.33582, 1073.22021, 1073.20764, 1073.2085, 1073.21069, 1073.21289, 1073.21484, 1073.21619, 1073.21643, 1073.21545, 1073.21484, 1073.21545, 1073.22046, 1073.229, 1073.23962, 1073.25159, 1073.26611, 1073.28394, 1073.30408, 1073.32141, 1073.32947, 1073.33008, 1073.32861, 1073.3302, 1073.32678, 1073.32166, 1073.29211, 1073.15332, 1073.23267, 1073.12891, 1073.13354, 1072.88501, 1072.90613, 1072.94446, 1072.93555, 1073.15002, 1073.15002, 1073.15002, 1073.15002, 1073.15002, 1073.15002, 1073.15002, 1073.15002, 1073.15002, 1073.15002, 1073.15002, 1073.15002, 1073.15002, 1073.15002, 1073.15002, 1073.15002, 1073.15002, 1073.15002, 1073.15002, 1073.15002, 1073.15002, 1073.15002, 1073.15002, 1073.15002, 1073.15002, 1073.15002, 1073.15662, 1073.21326, 1073.41602, 1073.80334, 1074.25696, 1074.6499, 1074.98608, 1075.17896, 1073.84717, 1073.31311, 1073.2196, 1073.20935, 1073.21179, 1073.2157, 1073.2196, 1073.22302, 1073.22546, 1073.22705, 1073.22778, 1073.22827, 1073.22913, 1073.23267, 1073.2428, 1073.25342, 1073.26257, 1073.2793, 1073.2998, 1073.31665, 1073.32715, 1073.33081, 1073.33057, 1073.32935, 1073.32812, 1073.32483, 1073.32202, 1073.28076, 1073.18201, 1073.16223, 1073.12805, 1073.13159, 1072.88257, 1072.81555, 1072.81763, 1073.1322, 1073.15002, 1073.15002, 1073.15002, 1073.15002, 1073.15002, 1073.15002, 1073.15002, 1073.15002, 1073.15002, 1073.15002, 1073.15002, 1073.15002, 1073.15002, 1073.15002, 1073.15002, 1073.15002, 1073.15002, 1073.15002, 1073.15002, 1073.15002, 1073.15002, 1073.15002, 1073.15002, 1073.15002, 1073.15002, 1073.15002, 1073.15723, 1073.21436, 1073.40796, 1073.77441, 1074.224, 1074.63196, 1074.94531, 1075.10266, 1074.01477, 1073.38489, 1073.23169, 1073.21216, 1073.21521, 1073.22058, 1073.22583, 1073.23035, 1073.23462, 1073.23901, 1073.24475, 1073.25208, 1073.26074, 1073.26929, 1073.27356, 1073.27734, 1073.28613, 1073.30151, 1073.31555, 1073.32495, 1073.32959, 1073.33032, 1073.32935, 1073.32776, 1073.32593, 1073.32312, 1073.3219, 1073.29724, 1073.21375, 1073.17517, 1073.13171, 1073.12988, 1072.7605, 1072.74121, 1072.73511, 1073.14282, 1073.15002, 1073.15002, 1073.15002, 1073.15002, 1073.15002, 1073.15002, 1073.15002, 1073.15002, 1073.15002, 1073.15002, 1073.15002, 1073.15002, 1073.15002, 1073.15002, 1073.15002, 1073.15002, 1073.15002, 1073.15002, 1073.15002, 1073.15002, 1073.15002, 1073.15002, 1073.15002, 1073.15002, 1073.15002, 1073.15002, 1073.1543, 1073.19128, 1073.32849, 1073.62207, 1074.03088, 1074.43445, 1074.74207, 1074.93518, 1074.65625, 1073.64124, 1073.26526, 1073.21558, 1073.21655, 1073.22302, 1073.22949, 1073.23572, 1073.24255, 1073.25085, 1073.26086, 1073.27209, 1073.28333, 1073.2926, 1073.29797, 1073.30347, 1073.30957, 1073.3175, 1073.32385, 1073.32739, 1073.32861, 1073.32825, 1073.32703, 1073.32568, 1073.32385, 1073.32141, 1073.31287, 1073.30225, 1073.23303, 1073.2688, 1073.14075, 1072.87939, 1072.72205, 1072.71448, 1073.09509, 1073.12122, 1073.15002, 1073.15002, 1073.15002, 1073.15002, 1073.15002, 1073.15002, 1073.15002, 1073.15002, 1073.15002, 1073.15002, 1073.15002, 1073.15002, 1073.15002, 1073.15002, 1073.15002, 1073.15002, 1073.15002, 1073.15002, 1073.15002, 1073.15002, 1073.15002, 1073.15002, 1073.15002, 1073.15002, 1073.15002, 1073.15002, 1073.15112, 1073.16321, 1073.22009, 1073.38293, 1073.69653, 1074.1311, 1074.59851, 1075.06042, 1075.42993, 1074.25867, 1073.40332, 1073.22913, 1073.2135, 1073.22021, 1073.22803, 1073.23596, 1073.24487, 1073.255, 1073.26599, 1073.27698, 1073.28711, 1073.2959, 1073.30298, 1073.30859, 1073.31433, 1073.3208, 1073.3241, 1073.32556, 1073.32581, 1073.32532, 1073.32446, 1073.32336, 1073.32178, 1073.32007, 1073.31348, 1073.29883, 1073.21094, 1073.28748, 1073.29053, 1073.2832, 1073.08838, 1072.85767, 1072.90417, 1072.948, 1073.04004, 1073.05359, 1073.14697, 1073.14954, 1073.15002, 1073.15002, 1073.15002, 1073.14978, 1073.1488, 1073.14929, 1073.14893, 1073.14954, 1073.14966, 1073.1499, 1073.14832, 1073.14197, 1073.13806, 1073.14075, 1073.14709, 1073.1499, 1073.15002, 1073.1499, 1073.14856, 1073.14783, 1073.14966, 1073.15002, 1073.15002, 1073.15088, 1073.1554, 1073.17615, 1073.25513, 1073.505, 1074.08435, 1074.9707, 1075.80835, 1076.27515, 1074.54358, 1073.43372, 1073.20422, 1073.20471, 1073.21472, 1073.22314, 1073.23279, 1073.24377, 1073.25513, 1073.26575, 1073.27551, 1073.28406, 1073.2915, 1073.29785, 1073.30334, 1073.30811, 1073.31213, 1073.31567, 1073.31812, 1073.31909, 1073.31934, 1073.31897, 1073.31787, 1073.31653, 1073.31042, 1073.29285, 1073.15393, 1073.14221, 1073.20654, 1072.97253, 1072.87183, 1072.87097, 1072.87012, 1072.86951, 1072.8689, 1072.86707, 1072.86841, 1072.87195, 1072.88306, 1072.91052, 1072.9425, 1072.97668, 1072.98865, 1072.99231, 1072.98901, 1072.97144, 1072.95483, 1072.95398, 1072.96265, 1072.96899, 1072.97473, 1072.98145, 1072.99341, 1073.02112, 1073.04492, 1073.0542, 1073.05786, 1073.05664, 1073.05432, 1073.05457] (
            interpolation = "uniform"
        )
        float[] primvars:O2_Gas_mass_fractions_1 = [0.23999998, 0.239996329, 0.239579573, 0.23077257, 0.0020146172, 0.000107762324, 1.49849882e-06, 1.53420319e-06, 1.00631524e-07, 9.87568711e-08, 9.97606335e-08, 9.96508405e-08, 9.9824284e-08, 9.98666607e-08, 9.95813494e-08, 9.91910554e-08, 9.8999422e-08, 9.90428433e-08, 9.91951481e-08, 9.9325618e-08, 9.94312188e-08, 9.9502671e-08, 9.95102241e-08, 9.93766491e-08, 9.89312312e-08, 9.78580488e-08, 9.57087636e-08, 9.21197412e-08, 8.72890169e-08, 8.23750241e-08, 7.9297692e-08, 7.97982764e-08, 8.61178577e-08, 9.38688274e-08, 2.37561046e-08, 5.1111444e-09, 4.97284525e-09, 4.97407182e-09, 4.97439601e-09, 4.97420327e-09, 4.97372632e-09, 4.97309083e-09, 4.97237895e-09, 4.97165642e-09, 4.97098096e-09, 4.9704143e-09, 4.97002484e-09, 4.96989916e-09, 4.97015051e-09, 4.97092367e-09, 4.97180919e-09, 4.97197883e-09, 4.97257258e-09, 4.97368413e-09, 4.97497199e-09, 4.97604757e-09, 4.97663377e-09, 4.97658315e-09, 4.97586639e-09, 4.97455277e-09, 4.97277197e-09, 4.97068875e-09, 4.96847985e-09, 4.96631936e-09, 4.96436847e-09, 4.96275687e-09, 4.96157337e-09, 4.96084862e-09, 4.96053953e-09, 4.96050934e-09, 0.239999995, 0.239998981, 0.239880994, 0.236782461, 0.211988539, 0.171417013, 0.0925541744, 0.000668986118, 8.3472687e-06, 8.12775966e-07, 9.64603686e-08, 8.48206057e-08, 8.96865799e-08, 9.13836473e-08, 9.27364994e-08, 9.29322681e-08, 9.31284134e-08, 9.35664488e-08, 9.4165685e-08, 9.48589971e-08, 9.53731671e-08, 9.56209618e-08, 9.55573256e-08, 9.5094677e-08, 9.40616545e-08, 9.22120051e-08, 8.93365524e-08, 8.55568203e-08, 8.1693436e-08, 7.9102449e-08, 7.90224419e-08, 8.25624156e-08, 9.00810306e-08, 9.46288736e-08, 4.63279939e-08, 6.04025674e-09, 6.34329966e-09, 7.37400629e-09, 8.42285797e-09, 9.39666478e-09, 1.0247259e-08, 1.09545386e-08, 1.15162635e-08, 1.19417924e-08, 1.22480097e-08, 1.24560859e-08, 1.25883668e-08, 1.26657858e-08, 1.26987665e-08, 1.27059492e-08, 1.27031328e-08, 1.27006059e-08, 1.26993278e-08, 1.26986182e-08, 1.2697785e-08, 1.26965576e-08, 1.26947999e-08, 1.26923583e-08, 1.26892452e-08, 1.26855682e-08, 1.26814781e-08, 1.26771447e-08, 1.26727544e-08, 1.26685089e-08, 1.26646196e-08, 1.26612951e-08, 1.26587176e-08, 1.2657007e-08, 1.26561579e-08, 1.26559705e-08, 0.239999995, 0.239999756, 0.239970997, 0.239060968, 0.232750744, 0.216539741, 0.180007085, 0.117380954, 0.0416989923, 0.000578851555, 8.90242336e-06, 2.19612261e-07, 9.61873639e-08, 9.70218252e-08, 9.36636582e-08, 9.16816489e-08, 8.9729248e-08, 8.85524756e-08, 8.85841587e-08, 8.91231053e-08, 8.96436561e-08, 8.99340904e-08, 8.98756483e-08, 8.93523904e-08, 8.82309905e-08, 8.64145377e-08, 8.39878282e-08, 8.14175678e-08, 7.96481032e-08, 7.96602677e-08, 8.22760526e-08, 8.8141455e-08, 9.24452834e-08, 9.50398942e-08, 6.80951615e-08, 1.33155327e-08, 6.59392763e-09, 7.83264831e-09, 9.31551192e-09, 1.07225322e-08, 1.19519612e-08, 1.29589077e-08, 1.37380534e-08, 1.43028602e-08, 1.46732422e-08, 1.48749502e-08, 1.50240993e-08, 1.51189496e-08, 1.51645825e-08, 1.51950985e-08, 1.52106985e-08, 1.52081405e-08, 1.51961164e-08, 1.51875685e-08, 1.51916826e-08, 1.52127804e-08, 1.52526205e-08, 1.53103858e-08, 1.53834847e-08, 1.54685491e-08, 1.5561989e-08, 1.56602482e-08, 1.57598183e-08, 1.5857232e-08, 1.59489897e-08, 1.60313967e-08, 1.61004099e-08, 1.615191e-08, 1.61829696e-08, 1.61945426e-08, 0.239999995, 0.23999995, 0.239994079, 0.239777923, 0.237862065, 0.23213771, 0.221951023, 0.171094894, 0.0378753841, 0.000270694087, 3.16859337e-06, 8.11564433e-08, 9.96825307e-08, 9.37986258e-08, 9.48208552e-08, 9.46181018e-08, 9.39304883e-08, 9.27392705e-08, 9.08308095e-08, 8.93819561e-08, 8.85787799e-08, 8.7976268e-08, 8.73537687e-08, 8.65419025e-08, 8.5426116e-08, 8.39861585e-08, 8.24501853e-08, 8.14195786e-08, 8.17182126e-08, 8.39338128e-08, 8.78297612e-08, 9.12662586e-08, 9.36192706e-08, 9.51329966e-08, 8.28142888e-08, 2.56778865e-08, 1.12958976e-08, 8.82200535e-09, 9.10460862e-09, 1.00827791e-08, 1.11898952e-08, 1.23080692e-08, 1.33073632e-08, 1.34026532e-08, 1.27983277e-08, 1.23697603e-08, 1.22455903e-08, 1.22276358e-08, 1.22242154e-08, 1.22132668e-08, 1.22032047e-08, 1.21919337e-08, 1.21815837e-08, 1.21759332e-08, 1.21746799e-08, 1.21787158e-08, 1.21891448e-08, 1.22063319e-08, 1.22299166e-08, 1.22593509e-08, 1.22944108e-08, 1.23354083e-08, 1.23828174e-08, 1.24365922e-08, 1.24954633e-08, 1.25566668e-08, 1.26163675e-08, 1.26702622e-08, 1.27128512e-08, 1.27354021e-08, 0.239999995, 0.239999995, 0.239998996, 0.239957243, 0.239486009, 0.23788248, 0.234446779, 0.109063618, 0.00128490059, 7.30904094e-06, 7.62971979e-08, 7.56116236e-08, 9.36971816e-08, 9.54903925e-08, 9.60751265e-08, 9.61428981e-08, 9.60639923e-08, 9.59185087e-08, 9.56657047e-08, 9.48201659e-08, 9.34725577e-08, 9.1994572e-08, 9.04616968e-08, 8.88769023e-08, 8.72716583e-08, 8.58729123e-08, 8.50783124e-08, 8.52099475e-08, 8.66046506e-08, 8.87600891e-08, 9.09119535e-08, 9.26908967e-08, 9.39895699e-08, 9.50308134e-08, 9.10068394e-08, 4.03092564e-08, 2.10624496e-08, 1.42811585e-08, 1.19600996e-08, 1.13272085e-08, 1.13536496e-08, 1.16306031e-08, 1.19705126e-08, 1.21616726e-08, 1.22246817e-08, 1.22893811e-08, 1.23704984e-08, 1.24066597e-08, 1.23514887e-08, 1.22286199e-08, 1.21196768e-08, 1.20778028e-08, 1.20872654e-08, 1.21035804e-08, 1.2094068e-08, 1.20678978e-08, 1.20453185e-08, 1.20363577e-08, 1.20397923e-08, 1.2047078e-08, 1.20465318e-08, 1.20276651e-08, 1.19846693e-08, 1.19182486e-08, 1.18354402e-08, 1.17475771e-08, 1.1667006e-08, 1.16037349e-08, 1.15636709e-08, 1.15486793e-08, 0.239999995, 0.239999995, 0.239999846, 0.23999314, 0.23990126, 0.239543691, 0.238249332, 0.0446532182, 0.0002558243, 1.47614935e-06, 9.06904205e-08, 9.96892879e-08, 9.76804699e-08, 9.65126929e-08, 9.59003472e-08, 9.55432569e-08, 9.53122239e-08, 9.50725081e-08, 9.47830046e-08, 9.45181853e-08, 9.43453955e-08, 9.39662854e-08, 9.31432211e-08, 9.19249246e-08, 9.06711435e-08, 8.96645034e-08, 8.914445e-08, 8.93201175e-08, 9.01189736e-08, 9.11632654e-08, 9.22225283e-08, 9.31350073e-08, 9.39253582e-08, 9.47554639e-08, 9.41058502e-08, 5.60608768e-08, 3.56369938e-08, 2.57108237e-08, 2.07038227e-08, 1.80383246e-08, 1.65283556e-08, 1.5595818e-08, 1.49415929e-08, 1.43931915e-08, 1.38827732e-08, 1.34029774e-08, 1.29656499e-08, 1.25860549e-08, 1.22776953e-08, 1.204676e-08, 1.18890462e-08, 1.17914976e-08, 1.17368648e-08, 1.17084902e-08, 1.16970087e-08, 1.17010561e-08, 1.17259971e-08, 1.17796821e-08, 1.1870303e-08, 1.20030634e-08, 1.21751214e-08, 1.2373687e-08, 1.25770763e-08, 1.27582034e-08, 1.28898749e-08, 1.29508164e-08, 1.29308448e-08, 1.28336417e-08, 1.26760042e-08, 1.24841701e-08, 0.239999995, 0.239999995, 0.23999998, 0.239999086, 0.239984885, 0.239921927, 0.239306197, 0.0541627854, 0.000340970437, 1.62269453e-06, 9.5072096e-08, 9.93822269e-08, 9.54773824e-08, 9.46943786e-08, 9.47772634e-08, 9.49840526e-08, 9.50311119e-08, 9.48127266e-08, 9.43431218e-08, 9.38032372e-08, 9.3398171e-08, 9.33061841e-08, 9.35010434e-08, 9.31808231e-08, 9.25540533e-08, 9.19613115e-08, 9.15808727e-08, 9.15327831e-08, 9.17790643e-08, 9.21825816e-08, 9.26343304e-08, 9.30909039e-08, 9.36269444e-08, 9.42689979e-08, 9.43928953e-08, 7.35693604e-08, 5.54642483e-08, 4.40528503e-08, 3.69577293e-08, 3.23594591e-08, 2.91982047e-08, 2.68615334e-08, 2.49885996e-08, 2.33656596e-08, 2.18757723e-08, 2.04656416e-08, 1.91216003e-08, 1.78514803e-08, 1.66729404e-08, 1.56047903e-08, 1.46622128e-08, 1.38541187e-08, 1.31822588e-08, 1.26418884e-08, 1.22239081e-08, 1.19176145e-08, 1.17130421e-08, 1.1603297e-08, 1.15853735e-08, 1.16593091e-08, 1.18276935e-08, 1.20939152e-08, 1.24590835e-08, 1.29182434e-08, 1.34574849e-08, 1.40530885e-08, 1.46734394e-08, 1.52823691e-08, 1.58425646e-08, 1.63201417e-08, 0.239999995, 0.239999995, 0.239999995, 0.239999905, 0.239998192, 0.239989653, 0.239842698, 0.176081851, 0.0108824093, 3.08401031e-05, 1.69840476e-07, 7.69058701e-08, 9.85598163e-08, 9.58799475e-08, 9.46893053e-08, 9.48639851e-08, 9.49739274e-08, 9.46749736e-08, 9.39890086e-08, 9.32310442e-08, 9.26962045e-08, 9.24262409e-08, 9.24292962e-08, 9.26463741e-08, 9.27323853e-08, 9.26036492e-08, 9.24549539e-08, 9.23771992e-08, 9.23983876e-08, 9.24905237e-08, 9.2629854e-08, 9.28356769e-08, 9.31611197e-08, 9.35793807e-08, 9.38253351e-08, 8.80909568e-08, 7.80012073e-08, 6.84897543e-08, 6.09629183e-08, 5.51829906e-08, 5.06499198e-08, 4.69378101e-08, 4.37388685e-08, 4.0847361e-08, 3.81378626e-08, 3.554511e-08, 3.30459677e-08, 3.06437258e-08, 2.83557924e-08, 2.62045852e-08, 2.42117082e-08, 2.23944543e-08, 2.07640607e-08, 1.93253218e-08, 1.80773085e-08, 1.70148517e-08, 1.61300857e-08, 1.54141162e-08, 1.48592036e-08, 1.44594035e-08, 1.42109036e-08, 1.41118388e-08, 1.41616976e-08, 1.43607748e-08, 1.47100376e-08, 1.52110431e-08, 1.58643179e-08, 1.66663874e-08, 1.7607718e-08, 1.86708231e-08, 0.239999995, 0.239999995, 0.239999995, 0.239999995, 0.239999846, 0.239998996, 0.239984706, 0.238576308, 0.0804368928, 0.000495543703, 6.06690219e-06, 1.16912588e-07, 8.22653661e-08, 9.44663512e-08, 9.35138331e-08, 9.43296072e-08, 9.4972016e-08, 9.48445873e-08, 9.41317566e-08, 9.31985582e-08, 9.23778245e-08, 9.18079479e-08, 9.14730336e-08, 9.14244112e-08, 9.1747097e-08, 9.21799668e-08, 9.23255783e-08, 9.23371815e-08, 9.23377854e-08, 9.23447061e-08, 9.2369973e-08, 9.24369701e-08, 9.25683565e-08, 9.27551085e-08, 9.29364532e-08, 9.23910122e-08, 9.0520949e-08, 8.75472068e-08, 8.41029077e-08, 8.06673697e-08, 7.74455344e-08, 7.44660795e-08, 7.16765101e-08, 6.89973589e-08, 6.63541968e-08, 6.36918571e-08, 6.09787918e-08, 5.82072914e-08, 5.53907853e-08, 5.25589172e-08, 4.97515522e-08, 4.70126906e-08, 4.43850929e-08, 4.19060555e-08, 3.96049629e-08, 3.75024811e-08, 3.56110483e-08, 3.39364234e-08, 3.24799636e-08, 3.12404183e-08, 3.02152259e-08, 2.94012477e-08, 2.87950055e-08, 2.83932824e-08, 2.81938703e-08, 2.81958901e-08, 2.83993415e-08, 2.88045854e-08, 2.94117459e-08, 3.02201499e-08, 0.239999995, 0.239999995, 0.239999995, 0.239999995, 0.239999995, 0.23999995, 0.239999056, 0.23992914, 0.238215923, 0.167850122, 0.0293702483, 7.076982e-05, 5.24853874e-07, 7.24476834e-08, 9.99592018e-08, 9.8905069e-08, 9.72321033e-08, 9.59658522e-08, 9.53576205e-08, 9.44885556e-08, 9.30960198e-08, 9.18790306e-08, 9.11694187e-08, 9.07969948e-08, 9.07886175e-08, 9.10783555e-08, 9.15015761e-08, 9.17547212e-08, 9.18711649e-08, 9.1938972e-08, 9.19778458e-08, 9.20246919e-08, 9.20860046e-08, 9.21602492e-08, 9.22384942e-08, 9.2271776e-08, 9.2191982e-08, 9.19510654e-08, 9.15447416e-08, 9.10059725e-08, 9.0386969e-08, 8.97249492e-08, 8.90358791e-08, 8.83202063e-08, 8.7569795e-08, 8.67732837e-08, 8.59191189e-08, 8.49974313e-08, 8.40018117e-08, 8.29304625e-08, 8.17867871e-08, 8.05794613e-08, 7.93219073e-08, 7.80312206e-08, 7.67266002e-08, 7.54278062e-08, 7.41537463e-08, 7.29215728e-08, 7.17463493e-08, 7.06410432e-08, 6.96165401e-08, 6.86817643e-08, 6.78437004e-08, 6.71077984e-08, 6.64786128e-08, 6.59603501e-08, 6.55571029e-08, 6.52729355e-08, 6.51116565e-08, 6.50769181e-08] (
            interpolation = "uniform"
        )
        float[] primvars:N2_Gas_mass_fractions_2 = [0.75999999, 0.759995818, 0.759508252, 0.746988535, 0.648915291, 0.165928185, 0.215753481, 0.221508831, 0.229997247, 0.23464489, 0.236894906, 0.241012841, 0.243762314, 0.243569419, 0.24724263, 0.250829309, 0.249958411, 0.246020153, 0.24137567, 0.236959621, 0.232625544, 0.228284419, 0.223913848, 0.219590798, 0.215553239, 0.212278798, 0.210530326, 0.211301208, 0.215621188, 0.224375412, 0.238350511, 0.261499703, 0.303744853, 0.345573068, 0.834208429, 0.958531916, 0.959484696, 0.959474444, 0.959471822, 0.959473372, 0.959477246, 0.959482431, 0.959488273, 0.959494174, 0.959499717, 0.959504306, 0.959507525, 0.959508538, 0.959506512, 0.959500194, 0.959492981, 0.959491551, 0.959486723, 0.959477663, 0.959467173, 0.959458351, 0.959453583, 0.959454, 0.959459841, 0.95947057, 0.959485114, 0.959502161, 0.959520161, 0.959537804, 0.959553778, 0.959566891, 0.959576547, 0.959582508, 0.959585011, 0.959585249, 0.75999999, 0.759998858, 0.759863257, 0.755676627, 0.729308963, 0.623140335, 0.401998639, 0.0734745786, 0.170119748, 0.268218279, 0.351911068, 0.408045322, 0.4287301, 0.415809602, 0.39432314, 0.363924444, 0.328802049, 0.29483059, 0.266216695, 0.24573876, 0.233034298, 0.225323468, 0.220401511, 0.217109129, 0.215106502, 0.21466665, 0.216547638, 0.221813723, 0.231397599, 0.245666668, 0.266352057, 0.299321979, 0.347277731, 0.369262934, 0.686823368, 0.951449215, 0.948297501, 0.939880311, 0.93131578, 0.923363388, 0.916416645, 0.910639703, 0.90605104, 0.902574301, 0.90007174, 0.898370624, 0.897288561, 0.896654904, 0.896386802, 0.896330535, 0.896355689, 0.896377802, 0.896389186, 0.896395564, 0.896402836, 0.896413445, 0.896428525, 0.896449447, 0.89647615, 0.896507561, 0.896542549, 0.896579504, 0.896616936, 0.896653056, 0.896686137, 0.896714389, 0.896736264, 0.896750808, 0.89675802, 0.89675957, 0.75999999, 0.759999752, 0.759967387, 0.758826613, 0.750441134, 0.720755994, 0.647366405, 0.506405532, 0.539739728, 0.557874441, 0.55936116, 0.553475022, 0.539155185, 0.50781697, 0.463311464, 0.411075532, 0.352744281, 0.297883511, 0.265508443, 0.250922471, 0.242462084, 0.236954585, 0.233434349, 0.231664523, 0.231837422, 0.234470487, 0.240316004, 0.250345916, 0.265148282, 0.28647396, 0.317468524, 0.364064902, 0.385761857, 0.388302714, 0.546913862, 0.90342778, 0.946449876, 0.936125576, 0.923984349, 0.912431419, 0.902297318, 0.893958628, 0.887473762, 0.882747889, 0.879630446, 0.877917945, 0.876649976, 0.875843823, 0.875452578, 0.875189066, 0.875051022, 0.875065207, 0.875159085, 0.875224829, 0.875185728, 0.875005782, 0.874670267, 0.874185979, 0.873574615, 0.872864246, 0.872085094, 0.871266782, 0.870438695, 0.869629502, 0.868868351, 0.86818552, 0.86761415, 0.867188096, 0.86693126, 0.866835535, 0.75999999, 0.759999931, 0.759993494, 0.759742022, 0.757478297, 0.748581886, 0.731247723, 0.700369537, 0.657330513, 0.637150645, 0.628093183, 0.621428072, 0.616402507, 0.610739648, 0.601684272, 0.586493433, 0.562568486, 0.523800552, 0.454243213, 0.396907121, 0.362826258, 0.338526517, 0.320761681, 0.308229804, 0.300039649, 0.296404481, 0.298987806, 0.309675515, 0.329485655, 0.358679205, 0.392890424, 0.4102135, 0.411272824, 0.39711535, 0.450769693, 0.821346819, 0.915186286, 0.930082619, 0.926359236, 0.917895913, 0.90863657, 0.899358392, 0.89106673, 0.890248895, 0.895243227, 0.898786426, 0.899803936, 0.899942398, 0.899959743, 0.900037348, 0.900110066, 0.900196552, 0.90027833, 0.900321543, 0.900327086, 0.900286973, 0.900191069, 0.900035739, 0.899823844, 0.899559677, 0.899245322, 0.898878813, 0.898457289, 0.897982657, 0.897466898, 0.89693439, 0.896417737, 0.895953, 0.895586431, 0.895392418, 0.75999999, 0.75999999, 0.759998918, 0.759953618, 0.759471118, 0.757303059, 0.752541125, 0.714620829, 0.681077361, 0.67544055, 0.671576917, 0.669982493, 0.670928836, 0.673791409, 0.677055538, 0.679409921, 0.680010617, 0.677022457, 0.668402851, 0.636171579, 0.588572741, 0.541176915, 0.496351302, 0.455736071, 0.422069669, 0.40194726, 0.397250891, 0.40408057, 0.420417994, 0.435032517, 0.439725816, 0.434659749, 0.420850098, 0.393993914, 0.390157461, 0.721301138, 0.848398507, 0.892843068, 0.907340109, 0.910429358, 0.909106195, 0.906172872, 0.902937055, 0.90105015, 0.90031141, 0.899633467, 0.89888221, 0.898547232, 0.898991764, 0.900007486, 0.900914192, 0.901271224, 0.901207983, 0.901089132, 0.901183248, 0.901413918, 0.901614547, 0.901703179, 0.901689649, 0.901642978, 0.901657224, 0.901817024, 0.902169228, 0.902708232, 0.903377473, 0.904085517, 0.904732585, 0.905237854, 0.905553639, 0.90566504, 0.75999999, 0.75999999, 0.759999871, 0.759992957, 0.759909987, 0.759487867, 0.758296669, 0.706455052, 0.693341672, 0.691877604, 0.69107604, 0.69117099, 0.692053735, 0.693246305, 0.694225669, 0.694287598, 0.692023158, 0.685794711, 0.675436735, 0.663585842, 0.652438402, 0.636410534, 0.607806921, 0.570801258, 0.53716886, 0.511806607, 0.49574697, 0.488312721, 0.484250754, 0.476065874, 0.462411314, 0.443353415, 0.417867512, 0.383640587, 0.355600595, 0.607389927, 0.744706094, 0.811580777, 0.845113814, 0.862700582, 0.872430444, 0.878280044, 0.882322967, 0.88578254, 0.889121652, 0.892357528, 0.895375907, 0.89804256, 0.900237858, 0.901898324, 0.903042078, 0.903757632, 0.90416801, 0.904393494, 0.904497623, 0.904482663, 0.904300809, 0.903889596, 0.903183937, 0.90214026, 0.900778115, 0.899196565, 0.897566915, 0.896105289, 0.895030618, 0.89451617, 0.894647717, 0.895400524, 0.896644115, 0.898170352, 0.75999999, 0.75999999, 0.75999999, 0.759999096, 0.759987593, 0.759923637, 0.759626865, 0.711000741, 0.696654081, 0.696315408, 0.696197093, 0.696247756, 0.696412504, 0.696598887, 0.696601987, 0.695335686, 0.689972162, 0.676823795, 0.653425574, 0.620801568, 0.59173727, 0.587761581, 0.609220147, 0.60254842, 0.584825695, 0.565953851, 0.548831165, 0.533684433, 0.517705858, 0.497719675, 0.472967058, 0.44395566, 0.41129601, 0.375109643, 0.341828018, 0.473895967, 0.596819699, 0.675287962, 0.724205315, 0.75587213, 0.777597189, 0.793654382, 0.806585312, 0.817907393, 0.828448832, 0.838576555, 0.848366261, 0.857734084, 0.866522014, 0.874563992, 0.881722331, 0.887908995, 0.893093348, 0.897297502, 0.900580108, 0.903014958, 0.904672325, 0.905598938, 0.90581125, 0.905302763, 0.904047251, 0.902012765, 0.899186254, 0.895602703, 0.891367435, 0.886662245, 0.881731391, 0.876857102, 0.872334301, 0.868435502, 0.75999999, 0.75999999, 0.75999999, 0.759999931, 0.759998679, 0.759991288, 0.759936869, 0.74323535, 0.700005114, 0.697130442, 0.697100818, 0.697100699, 0.697115958, 0.697125077, 0.696886063, 0.694793165, 0.686657369, 0.666156292, 0.62782377, 0.576571643, 0.538561344, 0.528719842, 0.538134754, 0.556553543, 0.568833292, 0.566827834, 0.559372067, 0.54727596, 0.529973805, 0.506602168, 0.477582932, 0.444808513, 0.410518914, 0.376461536, 0.345521241, 0.364765763, 0.42550078, 0.488220453, 0.539469898, 0.579453766, 0.611157179, 0.637396693, 0.660285294, 0.681256354, 0.701178908, 0.720485926, 0.739300191, 0.757549286, 0.775058329, 0.791620016, 0.80703938, 0.821159959, 0.833877146, 0.845140159, 0.854946136, 0.863327682, 0.870340705, 0.876050532, 0.88051492, 0.883778453, 0.885870039, 0.886803865, 0.886584044, 0.885208905, 0.882671893, 0.878962994, 0.874081135, 0.868055522, 0.860959649, 0.852923989, 0.75999999, 0.75999999, 0.75999999, 0.75999999, 0.759999871, 0.759999275, 0.759994209, 0.759623051, 0.718270183, 0.697363615, 0.697231412, 0.697227657, 0.69722712, 0.69722122, 0.69709897, 0.695763767, 0.689258993, 0.66970998, 0.628554761, 0.570438623, 0.523977101, 0.501954436, 0.487580001, 0.480595618, 0.49592343, 0.523481548, 0.529742956, 0.524013996, 0.512331188, 0.494745702, 0.471769214, 0.44516018, 0.417140335, 0.389609396, 0.363996953, 0.34643662, 0.342519104, 0.351073056, 0.366858751, 0.385391414, 0.40434736, 0.422961503, 0.441271901, 0.459648013, 0.478496492, 0.498117059, 0.518647909, 0.540052831, 0.562137961, 0.584590137, 0.607025623, 0.629039884, 0.650250554, 0.670330822, 0.68902725, 0.706164181, 0.721638083, 0.73540324, 0.747452438, 0.757802129, 0.766481042, 0.773524106, 0.778969765, 0.782855153, 0.785210013, 0.78605479, 0.785403848, 0.783269584, 0.779667079, 0.77461797, 0.75999999, 0.75999999, 0.75999999, 0.75999999, 0.75999999, 0.75999999, 0.759999692, 0.759981215, 0.759532988, 0.741134107, 0.704925776, 0.697263777, 0.697244287, 0.697243214, 0.697242022, 0.697237313, 0.697188079, 0.696412206, 0.687785685, 0.647399127, 0.561906755, 0.499056309, 0.468459517, 0.428827465, 0.396596044, 0.392549366, 0.420708597, 0.441076338, 0.440903217, 0.428299099, 0.413230449, 0.396655619, 0.3795636, 0.363090783, 0.347918034, 0.334685594, 0.323985964, 0.316160142, 0.311153293, 0.308577657, 0.307873607, 0.308591455, 0.310462624, 0.313362867, 0.317257166, 0.322152674, 0.328069806, 0.335023195, 0.343005031, 0.35197413, 0.361850888, 0.372516781, 0.383819133, 0.395580828, 0.40761286, 0.419727504, 0.431749165, 0.44352141, 0.454909116, 0.465798587, 0.476096183, 0.485727668, 0.494636714, 0.502781868, 0.510131299, 0.516658485, 0.522340357, 0.527157009, 0.531092584, 0.534134626] (
            interpolation = "uniform"
        )
        float[] primvars:H2O_Gas_mass_fractions_3 = [1.11879017e-09, 2.43264168e-07, 2.90421849e-05, 0.000806803233, 0.00370515953, 0.0383412875, 0.037971653, 0.0386636443, 0.0388351344, 0.0391467176, 0.0390605703, 0.0387083814, 0.0384650566, 0.0384596288, 0.0381091982, 0.0377677269, 0.037805941, 0.0380964689, 0.038439922, 0.0387662426, 0.0390898213, 0.0394213423, 0.039767772, 0.0401304699, 0.040500693, 0.0408527739, 0.0411377884, 0.0412816145, 0.0411903001, 0.0407548249, 0.0398384146, 0.0380248614, 0.0342696272, 0.0302767046, 0.0078212712, 0.00215327903, 0.0021083972, 0.00210893829, 0.00210907566, 0.00210899394, 0.00210879208, 0.00210852292, 0.00210822141, 0.00210791547, 0.00210762955, 0.0021073895, 0.00210722443, 0.00210717111, 0.00210727751, 0.00210760487, 0.0021079795, 0.00210805121, 0.00210830243, 0.00210877298, 0.00210931827, 0.00210977346, 0.00211002165, 0.00211000023, 0.00210969662, 0.00210914039, 0.00210838648, 0.00210750452, 0.00210656924, 0.00210565468, 0.0021048286, 0.00210414641, 0.00210364535, 0.00210333848, 0.00210320763, 0.00210319483, 3.0800934e-10, 6.6092035e-08, 8.03528474e-06, 0.000265091774, 0.00177978235, 0.00891119614, 0.0248900894, 0.0490185581, 0.0414720066, 0.0339684412, 0.0275355522, 0.0233943742, 0.0221500434, 0.0235315524, 0.0255317893, 0.0282424334, 0.0313238837, 0.0342742763, 0.036713399, 0.0384007394, 0.0394102894, 0.0400070101, 0.040392559, 0.0406741016, 0.0408889018, 0.0410226211, 0.0410172753, 0.0407783575, 0.0401995182, 0.0391990505, 0.0375712812, 0.0347173251, 0.0302778166, 0.0280648172, 0.0143297808, 0.00250757392, 0.00268849009, 0.00312499306, 0.00356906257, 0.00398136815, 0.00434151525, 0.00464099087, 0.00487884507, 0.00505903875, 0.0051887189, 0.0052768467, 0.00533287972, 0.00536567857, 0.00537960976, 0.00538259838, 0.00538136018, 0.0053802575, 0.00537969498, 0.00537937973, 0.00537901465, 0.0053784824, 0.00537772337, 0.00537667237, 0.00537533406, 0.00537375594, 0.00537200132, 0.0053701438, 0.005368263, 0.00536644505, 0.00536478031, 0.00536335725, 0.0053622541, 0.00536152208, 0.0053611584, 0.00536107877, 7.32769123e-11, 1.54648294e-08, 1.90337971e-06, 7.06334176e-05, 0.000583898858, 0.00252658012, 0.00753716333, 0.0174080767, 0.013355189, 0.0112584196, 0.0113300728, 0.0120063266, 0.0133831277, 0.0162051152, 0.0201302841, 0.0247004908, 0.029768737, 0.0344685912, 0.0371707603, 0.0383297242, 0.0389717072, 0.0393809713, 0.0396482237, 0.0398005396, 0.0398278832, 0.0396901593, 0.0393206328, 0.0386212543, 0.0375052504, 0.0357774757, 0.0330990404, 0.028849639, 0.0267093088, 0.0262409057, 0.0203477275, 0.00465317257, 0.0027786931, 0.00331931817, 0.00394794391, 0.00454509258, 0.00506768981, 0.00549648004, 0.00582888024, 0.00607025577, 0.00622882508, 0.0063152709, 0.00637909118, 0.00641952408, 0.00643884158, 0.00645166682, 0.00645809947, 0.00645675696, 0.00645135436, 0.00644742511, 0.00644889846, 0.00645762589, 0.00647436734, 0.00649878383, 0.00652977778, 0.00656591961, 0.0066056815, 0.00664755097, 0.00669003511, 0.00673165685, 0.00677092187, 0.00680624321, 0.0068358737, 0.00685801404, 0.00687138131, 0.00687636528, 1.52278259e-11, 3.079903e-09, 3.74935013e-07, 1.52158291e-05, 0.000149514468, 0.000715525588, 0.00186637347, 0.00329131749, 0.00401655585, 0.00492712669, 0.00573217077, 0.00633860938, 0.00680022314, 0.00731492508, 0.0081204297, 0.00945314486, 0.0115370341, 0.0149047691, 0.0209296942, 0.0258757286, 0.028796196, 0.030869456, 0.0323882103, 0.0334751159, 0.0342138968, 0.0345898494, 0.0344551988, 0.033626277, 0.0319735967, 0.0294250287, 0.0263107046, 0.024593208, 0.024264982, 0.0252996031, 0.0244471971, 0.00831053779, 0.00418171939, 0.00357253826, 0.00380709767, 0.00425716816, 0.00473928545, 0.00521869957, 0.00564531237, 0.00568647403, 0.00542874634, 0.00524560688, 0.00519227609, 0.00518430211, 0.00518258289, 0.00517756725, 0.00517287524, 0.0051676468, 0.00516276248, 0.00515977247, 0.00515852962, 0.00515942927, 0.00516297109, 0.00516934413, 0.00517842267, 0.00518998597, 0.00520393252, 0.00522037176, 0.00523947086, 0.00526118511, 0.00528497901, 0.00530972611, 0.00533389207, 0.00535576465, 0.00537311006, 0.0053822943, 2.81577843e-12, 5.25965493e-10, 6.16733118e-08, 2.67980454e-06, 3.00445208e-05, 0.000163628065, 0.000467750069, 0.00088638789, 0.00133415556, 0.00178469811, 0.00211734278, 0.00225723325, 0.00218017539, 0.00194051513, 0.00166747347, 0.00147125567, 0.00142238487, 0.00167718902, 0.00241551781, 0.00520040793, 0.0093195783, 0.0134202121, 0.0173010975, 0.0208252408, 0.0237602722, 0.0255374722, 0.0259814188, 0.0254069529, 0.0239545926, 0.0225836169, 0.0220130756, 0.0222435929, 0.0232194252, 0.0254021715, 0.0271971002, 0.0128420843, 0.00723271258, 0.00527771702, 0.00466537243, 0.00456772326, 0.00466742087, 0.00483641354, 0.00501417648, 0.00511880871, 0.00516207935, 0.00520054298, 0.00524142291, 0.00525995344, 0.00523787644, 0.00518628582, 0.00514024263, 0.00512230303, 0.00512573496, 0.00513156923, 0.00512577919, 0.00511253579, 0.00510071591, 0.00509470748, 0.00509411236, 0.00509547768, 0.00509401318, 0.00508536119, 0.00506702624, 0.0050391471, 0.00500445254, 0.00496746181, 0.00493316259, 0.00490564574, 0.00488736574, 0.0048791687, 4.76209512e-13, 7.93631341e-11, 8.73424089e-09, 3.96638654e-07, 4.88854812e-06, 2.99749099e-05, 9.71030677e-05, 0.000196346286, 0.000320044084, 0.000436100701, 0.000502831768, 0.000494806503, 0.000421487784, 0.000323086511, 0.00024305172, 0.000239718618, 0.000430329179, 0.000950981572, 0.0018146853, 0.00280131539, 0.00374966138, 0.00515460735, 0.00764124049, 0.0108539434, 0.0137712657, 0.0159719549, 0.017358806, 0.0179734156, 0.0182539057, 0.0188441258, 0.0198555384, 0.0212959833, 0.0233025867, 0.0261566453, 0.0290234666, 0.0181777664, 0.0120864585, 0.00909802411, 0.00760181714, 0.00682434998, 0.00640101964, 0.00615090644, 0.00597898755, 0.00582827395, 0.0056779976, 0.0055287932, 0.00538727222, 0.00526080094, 0.00515588885, 0.00507616811, 0.00502107991, 0.00498643192, 0.00496621896, 0.00495451828, 0.00494829845, 0.00494760973, 0.00495496672, 0.00497349305, 0.00500652986, 0.00505646877, 0.00512257358, 0.00520010851, 0.00528068235, 0.00535359839, 0.00540794246, 0.00543497922, 0.0054302346, 0.00539467251, 0.00533450907, 0.00525985891, 7.3066851e-14, 1.06408476e-11, 1.06714415e-09, 4.89130016e-08, 6.42752127e-07, 4.26892484e-06, 1.49285124e-05, 3.23995409e-05, 5.45118128e-05, 7.47004306e-05, 8.41161454e-05, 7.98268811e-05, 6.63590763e-05, 5.1296618e-05, 5.16069304e-05, 0.000157926785, 0.000606004149, 0.0017022714, 0.00364985713, 0.00636086566, 0.00877286773, 0.00910907611, 0.00737868529, 0.00799017772, 0.0095428247, 0.0111789703, 0.0126480237, 0.0139208073, 0.0152285844, 0.0168365072, 0.0188063197, 0.0211135391, 0.0237568356, 0.0267900992, 0.0297883004, 0.0245488249, 0.0191573892, 0.0156408474, 0.0134310899, 0.0119955754, 0.0110082356, 0.0102753127, 0.00968038663, 0.00915345922, 0.00865653809, 0.00817338377, 0.00770160463, 0.00724644167, 0.00681663351, 0.00642121537, 0.00606769556, 0.00576099847, 0.00550307194, 0.00529311225, 0.0051283869, 0.00500532193, 0.00492045144, 0.00487151323, 0.00485775201, 0.00487953983, 0.00493823132, 0.00503546093, 0.00517194625, 0.00534606678, 0.00555280736, 0.00578346523, 0.00602630153, 0.00626764027, 0.0064930669, 0.00668907491, 9.48778884e-15, 1.21281164e-12, 1.09124425e-10, 4.91416019e-09, 6.60007018e-08, 4.57069177e-07, 1.70661804e-06, 4.1047042e-06, 6.97596215e-06, 9.8794153e-06, 1.15099947e-05, 1.14267323e-05, 1.01298865e-05, 9.37461027e-06, 2.93759513e-05, 0.000204182084, 0.000882759225, 0.00258984114, 0.00577638159, 0.010031458, 0.0131891584, 0.0140226604, 0.0132656218, 0.0117594935, 0.0107647404, 0.0109626921, 0.0116112344, 0.0126332594, 0.0140675632, 0.015980877, 0.0183366612, 0.0209903549, 0.0237892121, 0.0266258195, 0.0292955916, 0.0294335, 0.0272119399, 0.0245951843, 0.022361435, 0.0205783471, 0.0191411618, 0.0179339852, 0.0168655943, 0.0158730987, 0.0149186812, 0.0139845293, 0.0130672446, 0.0121725071, 0.0113104619, 0.010492539, 0.00972932111, 0.00902920309, 0.00839776825, 0.00783778261, 0.00734955911, 0.00693157222, 0.00658105919, 0.00629473384, 0.00606969558, 0.00590365706, 0.00579505647, 0.00574304303, 0.00574723445, 0.00580758043, 0.00592421414, 0.00609739171, 0.00632689102, 0.00661106594, 0.00694625406, 0.00732625136, 8.98323757e-16, 1.0294484e-13, 8.37506019e-12, 3.64925729e-10, 4.963848e-09, 3.50952867e-08, 1.38683859e-07, 3.65461148e-07, 7.2437382e-07, 1.05310517e-06, 1.32072933e-06, 1.42554154e-06, 1.38915368e-06, 1.8073199e-06, 1.19385122e-05, 0.000123319594, 0.000665468106, 0.00229222956, 0.00571276154, 0.0105431098, 0.0144218681, 0.0162978973, 0.0175423212, 0.0181457549, 0.0168616269, 0.0145537825, 0.0140332868, 0.0145120677, 0.015478557, 0.016923463, 0.0188018288, 0.0209729504, 0.0232668296, 0.0255406424, 0.0276864823, 0.0293872543, 0.0303198379, 0.0304994211, 0.0301806312, 0.0296075977, 0.0289227236, 0.0281865355, 0.0274138264, 0.0265982449, 0.0257283356, 0.0247958843, 0.0237994157, 0.0227452777, 0.0216469858, 0.020523373, 0.0193961523, 0.0182874482, 0.0172176734, 0.0162039604, 0.0152593609, 0.0143927261, 0.0136091039, 0.0129105141, 0.0122969486, 0.0117671574, 0.0113192117, 0.0109508429, 0.0106595894, 0.0104430476, 0.0102991425, 0.0102262273, 0.0102229128, 0.0102878707, 0.010419623, 0.0106163481, 4.51786364e-17, 4.72900739e-15, 3.55536428e-13, 1.49914404e-11, 2.10722495e-10, 1.52512736e-09, 6.40627684e-09, 1.84051814e-08, 3.99062365e-08, 7.72246906e-08, 9.78836994e-08, 1.23474408e-07, 1.42518829e-07, 1.51907386e-07, 1.8012048e-07, 4.9758097e-07, 4.52124914e-06, 6.91577952e-05, 0.000787889992, 0.00414670445, 0.0112502202, 0.0165116172, 0.0191423483, 0.0225011986, 0.0251980685, 0.0255092774, 0.0231295545, 0.0214136913, 0.021410035, 0.0224356744, 0.0236677341, 0.0250260662, 0.0264328495, 0.0277965218, 0.0290615968, 0.0301864259, 0.0311374888, 0.0318953358, 0.0324617065, 0.0328568108, 0.0331110843, 0.033251334, 0.0332958847, 0.0332555659, 0.0331362151, 0.032941021, 0.032672096, 0.0323315747, 0.0319225192, 0.0314494893, 0.0309188366, 0.0303386729, 0.0297186133, 0.0290692449, 0.028401481, 0.027725907, 0.0270522349, 0.0263889935, 0.025743423, 0.0251215175, 0.0245280936, 0.0239668768, 0.0234405771, 0.0229510795, 0.022499688, 0.0220873449, 0.0217147153, 0.0213822108, 0.0210899506, 0.0208378341] (
            interpolation = "uniform"
        )
        float[] primvars:CO_Gas_mass_fractions_4 = [7.52459073e-09, 1.74480965e-06, 0.000230991383, 0.00627856376, 0.0285291784, 0.10384845, 0.0912823305, 0.0910550505, 0.090575844, 0.0898391232, 0.0993713886, 0.108741373, 0.118288286, 0.127584368, 0.138043359, 0.14886339, 0.15793325, 0.164386243, 0.169199482, 0.174053013, 0.179181769, 0.184786499, 0.191060334, 0.198183075, 0.206282035, 0.21536468, 0.225258961, 0.235579863, 0.24571164, 0.254799038, 0.261527359, 0.264277369, 0.257988662, 0.246820137, 0.0678641498, 0.0204178281, 0.0200406369, 0.020045748, 0.0200470537, 0.020046277, 0.0200443566, 0.0200417973, 0.0200389307, 0.0200360212, 0.0200333018, 0.0200310182, 0.0200294498, 0.0200289432, 0.0200299546, 0.0200330671, 0.0200366303, 0.0200373121, 0.0200397, 0.020044174, 0.0200493578, 0.0200536866, 0.0200560465, 0.0200558417, 0.0200529564, 0.0200476665, 0.0200404972, 0.0200321097, 0.0200232174, 0.0200145207, 0.020006666, 0.0200001784, 0.0199954137, 0.0199924968, 0.0199912526, 0.0199911296, 1.88342231e-09, 4.41042829e-07, 6.40814033e-05, 0.00207934924, 0.0136970077, 0.0495564453, 0.108168475, 0.0911681727, 0.120150723, 0.13538377, 0.139255822, 0.139260769, 0.14654845, 0.160148859, 0.176210493, 0.193967357, 0.211821318, 0.226042524, 0.231838733, 0.229876533, 0.226220429, 0.223902166, 0.223785907, 0.2258645, 0.229863256, 0.235375628, 0.241860151, 0.248556256, 0.254376948, 0.25814268, 0.258570194, 0.252589554, 0.238320976, 0.232209131, 0.122475579, 0.0236431379, 0.0255562589, 0.0297071263, 0.0339297093, 0.0378502868, 0.0412749127, 0.0441226475, 0.0463844426, 0.0480979644, 0.0493311659, 0.0501692481, 0.0507021397, 0.0510140881, 0.0511465073, 0.0511748306, 0.0511629656, 0.0511524193, 0.0511470363, 0.051144015, 0.0511405244, 0.0511354357, 0.05112819, 0.0511181429, 0.0511053614, 0.0510902852, 0.0510735288, 0.0510557927, 0.0510378368, 0.0510204807, 0.0510045923, 0.0509910099, 0.050980486, 0.0509735011, 0.0509700328, 0.0509692691, 4.49790732e-10, 1.03550647e-07, 1.52557932e-05, 0.000559169799, 0.00454477174, 0.0182255171, 0.0459208526, 0.072871387, 0.0785169005, 0.0808169171, 0.0859416053, 0.0920921117, 0.101854838, 0.12081027, 0.146609902, 0.175818563, 0.20674184, 0.232601747, 0.243506655, 0.244064406, 0.24206388, 0.240171194, 0.239321217, 0.239769325, 0.241430357, 0.243966281, 0.246795505, 0.249050438, 0.24960649, 0.247075692, 0.239320979, 0.223103553, 0.217026442, 0.220165938, 0.173498273, 0.0417096764, 0.0263588168, 0.0315552913, 0.0375343747, 0.0432149954, 0.0481880307, 0.0522701591, 0.0554360896, 0.0577362292, 0.0592476241, 0.0600727312, 0.0606819838, 0.061068017, 0.0612526163, 0.0613752082, 0.0614368133, 0.0614242963, 0.061373055, 0.0613357984, 0.0613499582, 0.0614332259, 0.061592862, 0.0618256442, 0.0621211007, 0.0624655783, 0.062844485, 0.0632433668, 0.0636479706, 0.0640442073, 0.064417854, 0.0647538155, 0.0650355369, 0.0652460381, 0.0653731152, 0.0654204935, 9.56050447e-11, 2.07563939e-08, 2.8618922e-06, 0.000121806668, 0.00118009769, 0.00550419604, 0.0140658785, 0.0243585855, 0.0314872488, 0.0390183441, 0.0454620458, 0.0502097905, 0.0536830947, 0.057364773, 0.0630676895, 0.072494112, 0.0872133151, 0.110305786, 0.149067163, 0.178102031, 0.193089545, 0.202986866, 0.210274458, 0.216092452, 0.221131995, 0.225426853, 0.22815454, 0.228037179, 0.223787159, 0.214829147, 0.202624336, 0.198393151, 0.202241689, 0.214926019, 0.20898132, 0.0727259889, 0.0381111912, 0.0334438644, 0.0360030308, 0.0404025093, 0.0450387374, 0.0496210605, 0.0536880344, 0.0540814474, 0.0516291, 0.0498862416, 0.0493790209, 0.0493029803, 0.049286712, 0.0492390655, 0.049193833, 0.0491427258, 0.0490943417, 0.04906388, 0.0490502939, 0.0490576141, 0.0490909182, 0.0491522029, 0.0492403358, 0.0493531525, 0.0494895205, 0.049650237, 0.0498365946, 0.0500478558, 0.050278645, 0.050518021, 0.0507512391, 0.0509619564, 0.051128868, 0.0512172319, 1.73704523e-11, 3.29266148e-09, 4.07180096e-07, 2.17001325e-05, 0.000241067522, 0.00129183056, 0.00369959464, 0.00713789184, 0.0108503019, 0.0145445522, 0.0172890909, 0.0184994955, 0.0179849491, 0.0161528345, 0.0140117956, 0.0124806957, 0.0122021912, 0.0144061325, 0.0201992411, 0.039763961, 0.0674398839, 0.0944035277, 0.119598128, 0.142504156, 0.162114516, 0.175509572, 0.181677014, 0.182412297, 0.178433076, 0.17543216, 0.177704781, 0.185149193, 0.197358787, 0.218002424, 0.233696714, 0.11152155, 0.0640204549, 0.0477188118, 0.0428985953, 0.0424729474, 0.0437066592, 0.045496054, 0.0473179705, 0.0484184064, 0.0489176251, 0.0493532494, 0.0497906916, 0.0499946065, 0.0497960858, 0.049307134, 0.0488670804, 0.0486930758, 0.0487207919, 0.0487690903, 0.0487045608, 0.0485682674, 0.0484458618, 0.04837998, 0.0483676232, 0.0483766273, 0.0483618937, 0.0482821055, 0.0481132865, 0.0478561446, 0.0475357547, 0.0471941046, 0.0468777269, 0.0466248877, 0.0464586355, 0.0463868268, 3.02891414e-12, 5.05481879e-10, 5.75525227e-08, 3.11078179e-06, 3.99301862e-05, 0.000241875561, 0.000786022283, 0.00162862579, 0.00267724413, 0.00367220095, 0.00427066907, 0.00425444171, 0.00368545577, 0.00288469298, 0.00222339598, 0.00225176499, 0.00409380579, 0.00904176477, 0.0172078125, 0.0264981259, 0.0339108594, 0.0422966368, 0.0586090125, 0.0802679881, 0.101052903, 0.117857948, 0.130036786, 0.137901291, 0.144312561, 0.153419495, 0.165835261, 0.181337103, 0.20072338, 0.226203978, 0.25110209, 0.157770574, 0.105698042, 0.0803256035, 0.0677699447, 0.0613745414, 0.0579975881, 0.0560803674, 0.0548061579, 0.0536815487, 0.0525335483, 0.0513775051, 0.0502755009, 0.0492927991, 0.0484853908, 0.0478837267, 0.0474811718, 0.0472396389, 0.0471061133, 0.0470297225, 0.0469873399, 0.0469842628, 0.0470479205, 0.0472099409, 0.0475048758, 0.047958158, 0.0485646427, 0.049280867, 0.0500286967, 0.0507082045, 0.0512172692, 0.051473897, 0.0514356941, 0.0511108525, 0.0505565144, 0.049866233, 4.79608866e-13, 6.9953654e-11, 7.08081238e-09, 3.46064866e-07, 5.16577802e-06, 3.51794406e-05, 0.000123820326, 0.000274742633, 0.000471199222, 0.000657290977, 0.000754392182, 0.000732820481, 0.000627746282, 0.000504616299, 0.000523497234, 0.00154641632, 0.00580372335, 0.0161741376, 0.0345256478, 0.0599467009, 0.0823866799, 0.0851181075, 0.0658001602, 0.068213217, 0.078427054, 0.0904909745, 0.102367952, 0.113834389, 0.126482561, 0.142112046, 0.160986677, 0.182544574, 0.206432164, 0.233075008, 0.259375632, 0.213809356, 0.167249769, 0.137030408, 0.118139565, 0.105942167, 0.0976068974, 0.0914540216, 0.0864756107, 0.0820665583, 0.077899687, 0.0738366768, 0.0698588416, 0.0660132989, 0.0623771772, 0.0590300076, 0.0560377948, 0.053443864, 0.0512655154, 0.0494962148, 0.0481130816, 0.0470864736, 0.0463882536, 0.0460023619, 0.0459261946, 0.0461668186, 0.0467400514, 0.0476639271, 0.048947569, 0.0505780056, 0.0525103509, 0.05466507, 0.05693385, 0.0591896735, 0.0612982102, 0.063133277, 6.34570521e-14, 8.22559468e-12, 7.50926987e-10, 3.53375817e-08, 4.78491927e-07, 3.61683328e-06, 1.43786419e-05, 3.52754396e-05, 6.14101809e-05, 9.34642303e-05, 0.000115930481, 0.000122823025, 0.000118425975, 0.000119530821, 0.000319060724, 0.00198757881, 0.00841754396, 0.0245183427, 0.0544144101, 0.0940281302, 0.122926712, 0.129906088, 0.122080669, 0.106919013, 0.0961250588, 0.0963651091, 0.100933068, 0.109311938, 0.121812709, 0.138838559, 0.159896642, 0.183518216, 0.20817475, 0.232926637, 0.256300449, 0.257554144, 0.238333151, 0.21575287, 0.196545333, 0.181272417, 0.169007421, 0.158732623, 0.149647802, 0.141200602, 0.133058384, 0.125064179, 0.117188379, 0.109481528, 0.102035925, 0.0949553326, 0.0883356556, 0.0822538957, 0.0767628178, 0.0718900189, 0.0676409155, 0.0640044212, 0.0609588213, 0.0584779084, 0.0565384589, 0.0551227853, 0.0542201102, 0.0538258888, 0.053939946, 0.0545643717, 0.055703029, 0.0573604107, 0.0595360696, 0.0622160323, 0.0653673634, 0.0689332783, 6.04096021e-15, 7.08277024e-13, 5.91645066e-11, 2.69277201e-09, 3.68503308e-08, 2.62378109e-07, 1.05870106e-06, 2.8996576e-06, 6.11596943e-06, 1.20732184e-05, 2.03443815e-05, 2.73513415e-05, 3.30964795e-05, 4.37322378e-05, 0.000147880317, 0.00121330365, 0.00634523667, 0.021652665, 0.0536266863, 0.098319985, 0.133376956, 0.149291694, 0.159443885, 0.164215192, 0.152259275, 0.130965188, 0.125449955, 0.129171938, 0.137360662, 0.149858221, 0.166225925, 0.185174704, 0.20515652, 0.224909887, 0.243558884, 0.25835368, 0.266513884, 0.268193871, 0.265606493, 0.260860384, 0.255177617, 0.249069825, 0.242652878, 0.235860124, 0.228581548, 0.220736414, 0.212304085, 0.203333944, 0.193940237, 0.184286147, 0.174562424, 0.164965585, 0.155678704, 0.146857128, 0.138620824, 0.131052881, 0.124202728, 0.118092723, 0.112726942, 0.108098134, 0.104192726, 0.100993827, 0.0984825343, 0.0966401771, 0.0954507664, 0.0949019045, 0.0949832201, 0.0956845507, 0.0969939902, 0.0988961086, 3.04454929e-16, 3.25336004e-14, 2.526592e-12, 1.11553697e-10, 1.59273172e-09, 1.16231096e-08, 4.98090031e-08, 1.46665158e-07, 3.27634524e-07, 7.3755109e-07, 1.30563535e-06, 7.17912235e-06, 1.32547948e-05, 1.89266812e-05, 2.48358683e-05, 3.40121987e-05, 7.93746076e-05, 0.000700510107, 0.00749053527, 0.0389964022, 0.104873553, 0.151983425, 0.173940092, 0.202640116, 0.225583538, 0.227701694, 0.206356049, 0.190966129, 0.190577582, 0.19927907, 0.209899068, 0.221656352, 0.23385112, 0.245674431, 0.256648004, 0.266414583, 0.274690866, 0.281318009, 0.286317259, 0.289865851, 0.292226255, 0.293626636, 0.294220775, 0.294097573, 0.293302864, 0.291859776, 0.289782405, 0.287085086, 0.283790201, 0.279933602, 0.275566876, 0.270757496, 0.265586704, 0.260145009, 0.254526496, 0.248823166, 0.243120059, 0.237492338, 0.232004344, 0.226709798, 0.221652314, 0.216866046, 0.212376326, 0.20820123, 0.20435372, 0.200843558, 0.197678, 0.194862053, 0.192397997, 0.190286011] (
            interpolation = "uniform"
        )
        float[] primvars:CO2_Gas_mass_fractions_5 = [1.92572518e-08, 4.14395663e-06, 0.000480863848, 0.0102298334, 0.293692559, 0.154365852, 0.103750236, 0.0971880332, 0.0927595496, 0.0900589973, 0.0958571434, 0.104032479, 0.111465603, 0.117068052, 0.125131145, 0.132876173, 0.137200594, 0.138736546, 0.139194563, 0.139676139, 0.140207633, 0.140812293, 0.141516596, 0.142348349, 0.143329084, 0.144468054, 0.145774543, 0.1473106, 0.149296731, 0.152277276, 0.157310903, 0.167273507, 0.18905744, 0.213882759, 0.053313069, 0.0109418156, 0.0106386282, 0.010641275, 0.0106419781, 0.0106415618, 0.010640529, 0.0106391525, 0.0106376112, 0.0106360456, 0.0106345825, 0.0106333531, 0.0106325075, 0.0106322328, 0.0106327739, 0.0106344437, 0.0106363567, 0.0106367199, 0.0106380014, 0.0106404042, 0.0106431879, 0.0106455125, 0.0106467782, 0.0106466655, 0.0106451111, 0.010642265, 0.0106384093, 0.0106338998, 0.0106291184, 0.0106244432, 0.0106202206, 0.0106167337, 0.0106141735, 0.0106126051, 0.0106119365, 0.0106118713, 5.33331201e-09, 1.13850808e-06, 0.000136499089, 0.0036004188, 0.0322064757, 0.063412793, 0.110894687, 0.118653499, 0.160891861, 0.194107085, 0.22125411, 0.235052586, 0.237118676, 0.229978472, 0.222008049, 0.211140022, 0.198509991, 0.185599297, 0.172863781, 0.162067786, 0.15490526, 0.150763199, 0.148642272, 0.14780359, 0.147811264, 0.148455322, 0.149720356, 0.151799619, 0.155085012, 0.160127282, 0.168388277, 0.183594212, 0.208941951, 0.224086836, 0.106757157, 0.0129653336, 0.0136031313, 0.0158333536, 0.018103363, 0.0202114116, 0.0220531709, 0.0235850494, 0.0248021167, 0.0257245526, 0.0263888221, 0.0268406514, 0.0271283016, 0.0272969771, 0.0273676459, 0.027381707, 0.0273742508, 0.027367834, 0.0273644961, 0.0273626056, 0.0273605138, 0.0273575075, 0.0273532066, 0.0273472294, 0.0273396168, 0.0273306333, 0.0273206513, 0.0273100995, 0.0272994321, 0.0272891447, 0.0272797439, 0.0272717327, 0.0272655394, 0.027261436, 0.0272594038, 0.0272589549, 1.29247735e-09, 2.72845938e-07, 3.33957323e-05, 0.0010642237, 0.00813197345, 0.0247729514, 0.0578700043, 0.101733692, 0.214216635, 0.272885054, 0.272011787, 0.268381119, 0.262558669, 0.251816243, 0.23718065, 0.220027328, 0.200711414, 0.182302877, 0.170784295, 0.164703354, 0.160674229, 0.157940477, 0.156264111, 0.155517921, 0.155648187, 0.156679988, 0.158746853, 0.162187457, 0.167448729, 0.175712809, 0.189127564, 0.211727232, 0.225890294, 0.233107373, 0.160133108, 0.0300416127, 0.0141585283, 0.0168325976, 0.0200616512, 0.0231469478, 0.0258683395, 0.0281225797, 0.0298888199, 0.0311866347, 0.0320514143, 0.0325343683, 0.0328944437, 0.0331253409, 0.0332414061, 0.0333220884, 0.0333681628, 0.0333724208, 0.0333546214, 0.0333441384, 0.0333618149, 0.0334174521, 0.0335149728, 0.0336523801, 0.0338236019, 0.0340207852, 0.0342355557, 0.0344596617, 0.0346850157, 0.0349037535, 0.0351081342, 0.0352902114, 0.0354415812, 0.0355538502, 0.0356212631, 0.0356463194, 2.73523787e-10, 5.5698969e-08, 6.77454773e-06, 0.000254770421, 0.00244278787, 0.00866720174, 0.0190400388, 0.0793825909, 0.245163217, 0.28945595, 0.286957175, 0.284894586, 0.28337419, 0.281606317, 0.278775603, 0.274121881, 0.266923219, 0.255084068, 0.233058214, 0.214048803, 0.202132225, 0.193452179, 0.187075555, 0.182599172, 0.179702371, 0.178426802, 0.179368243, 0.183355987, 0.191166088, 0.203668967, 0.220091328, 0.231888652, 0.238490477, 0.239342913, 0.197728127, 0.059485998, 0.0251806751, 0.0191668812, 0.0196383316, 0.0217472836, 0.0241807085, 0.0266624484, 0.0289006326, 0.0291324481, 0.0277927816, 0.0268466845, 0.0265846308, 0.0265583377, 0.0265645236, 0.0265569761, 0.0265499316, 0.0265369136, 0.0265239552, 0.026522547, 0.0265337583, 0.0265599936, 0.0266043004, 0.0266674962, 0.0267486982, 0.0268466137, 0.0269606262, 0.0270911977, 0.0272388216, 0.027402373, 0.0275774673, 0.027755931, 0.0279270392, 0.0280791707, 0.0281979479, 0.0282607526, 5.11094743e-11, 9.6436219e-09, 1.13644546e-06, 4.95766035e-05, 0.000598796702, 0.00239407807, 0.00608605379, 0.163200304, 0.29785496, 0.298088908, 0.297110707, 0.296766996, 0.297090054, 0.297854453, 0.298659772, 0.299222082, 0.299390525, 0.298717201, 0.296509534, 0.287057489, 0.272501886, 0.257769048, 0.243661061, 0.230774149, 0.220101416, 0.213986546, 0.213248327, 0.216911688, 0.224834248, 0.233530581, 0.240156919, 0.244450301, 0.246056408, 0.242168456, 0.219492525, 0.0944697484, 0.0480617657, 0.0318057723, 0.0262026694, 0.0246069953, 0.0245793983, 0.0251565557, 0.0259002354, 0.0263266973, 0.0264716409, 0.0266201049, 0.0268026944, 0.0268816501, 0.0267540663, 0.0264724568, 0.0262203887, 0.0261186939, 0.0261336062, 0.0261694249, 0.0261564404, 0.0261123106, 0.0260781012, 0.0260736421, 0.0260947961, 0.0261217095, 0.0261281785, 0.0260914024, 0.0259997323, 0.0258565694, 0.025679633, 0.0254960693, 0.0253347252, 0.0252184365, 0.0251601376, 0.0251627788, 8.79874906e-12, 1.49011437e-09, 1.67156642e-07, 7.9725578e-06, 0.000116803843, 0.000526687887, 0.00202179188, 0.246002868, 0.301679105, 0.301686913, 0.30152607, 0.301576614, 0.301792264, 0.302051008, 0.302242935, 0.302245378, 0.301816165, 0.300678849, 0.298827171, 0.296740919, 0.293973505, 0.288444579, 0.279419005, 0.268017799, 0.258134514, 0.251123488, 0.247431144, 0.247143954, 0.24891533, 0.250488132, 0.251482815, 0.251519978, 0.249264672, 0.24258855, 0.228692934, 0.131981984, 0.0820514932, 0.0581210256, 0.0461301655, 0.0397690833, 0.0361766405, 0.0339717641, 0.032445468, 0.0311920196, 0.0300478637, 0.0289884154, 0.0280335359, 0.0272116698, 0.0265484564, 0.026054807, 0.0257202554, 0.0255161803, 0.0254057385, 0.025354024, 0.0253419541, 0.0253677778, 0.0254444797, 0.0255905986, 0.0258243699, 0.0261561163, 0.0265773609, 0.0270567257, 0.0275423825, 0.0279701632, 0.0282760393, 0.0284104273, 0.0283505339, 0.0281068925, 0.0277213566, 0.0272580162, 1.39078213e-12, 2.06234169e-10, 2.12954987e-08, 1.0526652e-06, 1.80276456e-05, 9.1847236e-05, 0.000848158496, 0.234363258, 0.302204788, 0.302583396, 0.302563697, 0.302574575, 0.302603602, 0.302631378, 0.3026205, 0.302374035, 0.301388085, 0.299029529, 0.294915885, 0.289289266, 0.284351975, 0.283472449, 0.285231084, 0.282114536, 0.276427239, 0.271124959, 0.266977847, 0.264217705, 0.262215465, 0.260181397, 0.257874042, 0.254884511, 0.250243902, 0.242811203, 0.232488856, 0.174643219, 0.128716245, 0.100592956, 0.0833617598, 0.0723067299, 0.0647770166, 0.0592702404, 0.0549119487, 0.0511871651, 0.0478121266, 0.0446526222, 0.0416667387, 0.0388628282, 0.036272876, 0.0339330062, 0.0318727866, 0.0301093366, 0.028645264, 0.027469987, 0.0265642125, 0.0259057693, 0.0254745521, 0.0252572428, 0.0252492242, 0.0254527871, 0.0258759353, 0.026528297, 0.0274137892, 0.0285214391, 0.0298182219, 0.0312468521, 0.0327305533, 0.0341815688, 0.0355096981, 0.0366337337, 1.89338928e-13, 2.46736832e-11, 2.30607311e-09, 1.15012853e-07, 2.15059981e-06, 1.22884476e-05, 0.000195537912, 0.0806232914, 0.289011329, 0.302690357, 0.302720845, 0.302716404, 0.302713841, 0.302708894, 0.302656263, 0.302264422, 0.300792754, 0.297169089, 0.290531486, 0.281795859, 0.275303155, 0.273319215, 0.274356425, 0.27667892, 0.277763039, 0.276397854, 0.274243116, 0.271672159, 0.268709064, 0.265207142, 0.261174977, 0.256601959, 0.251177013, 0.244550094, 0.236890376, 0.214985371, 0.185508043, 0.159944594, 0.140524015, 0.126002297, 0.114855759, 0.105907038, 0.098338142, 0.0916097909, 0.0853901803, 0.0794984549, 0.0738585368, 0.0684608743, 0.0633327365, 0.0585167632, 0.0540568568, 0.0499894358, 0.0463387743, 0.04311575, 0.0403191261, 0.0379386283, 0.0359581597, 0.0343594998, 0.0331273265, 0.0322506092, 0.031723313, 0.0315440372, 0.0317145847, 0.0322388373, 0.0331224315, 0.0343728252, 0.0359953046, 0.0379851423, 0.0403219163, 0.0429640971, 1.9118816e-14, 2.24383402e-12, 1.91382826e-10, 9.43857081e-09, 1.89578401e-07, 1.1931304e-06, 1.90133451e-05, 0.0017952132, 0.201282322, 0.302122951, 0.302735239, 0.302737623, 0.302732706, 0.302726179, 0.302697092, 0.302446097, 0.301275969, 0.297845125, 0.29074055, 0.280738354, 0.272432357, 0.267757624, 0.264251739, 0.26247111, 0.265114218, 0.269955903, 0.270796835, 0.269613415, 0.267561018, 0.26470077, 0.261129469, 0.257015258, 0.252452523, 0.247515544, 0.242331132, 0.235306278, 0.225538626, 0.214073151, 0.202562511, 0.192012414, 0.182701796, 0.17451711, 0.167196736, 0.160452202, 0.15403302, 0.147751048, 0.141484454, 0.13517502, 0.128820375, 0.122462176, 0.116171941, 0.110036828, 0.104146533, 0.0985826701, 0.0934120864, 0.088683933, 0.0844299495, 0.080667384, 0.0774039403, 0.0746416748, 0.0723799095, 0.0706167668, 0.0693496093, 0.0685763955, 0.068297632, 0.0685171932, 0.0692413226, 0.0704772919, 0.0722319856, 0.07451047, 1.03805698e-15, 1.12554965e-13, 8.98750779e-12, 4.37796938e-10, 9.45271061e-09, 6.47193303e-08, 1.17782406e-06, 8.9350011e-05, 0.00225048652, 0.0910144895, 0.265702128, 0.302657634, 0.3027412, 0.302736998, 0.30273211, 0.302726179, 0.302711308, 0.302563369, 0.301021516, 0.293993533, 0.27930665, 0.26777631, 0.260691464, 0.252260327, 0.245902061, 0.245403722, 0.251016617, 0.254998624, 0.255197704, 0.253226995, 0.250803798, 0.248071715, 0.245120898, 0.242108792, 0.239151746, 0.236212552, 0.23318857, 0.230031997, 0.226788148, 0.223568603, 0.220506698, 0.217672557, 0.215073109, 0.212676495, 0.210432664, 0.20828712, 0.206187442, 0.20408687, 0.201947927, 0.19974491, 0.197465256, 0.195110068, 0.192693308, 0.190239578, 0.187780872, 0.185352832, 0.182991534, 0.180731058, 0.178602576, 0.176633999, 0.174849927, 0.173271433, 0.171916097, 0.17079863, 0.16993238, 0.169330642, 0.169007272, 0.168976694, 0.169253364, 0.16985172] (
            interpolation = "uniform"
        )
        float[] primvars:H2_Gas_mass_fractions_6 = [1.27517508e-09, 2.96676063e-07, 3.94692106e-05, 0.00107176206, 0.00486746011, 0.0161993522, 0.0139780343, 0.0138951149, 0.0137990443, 0.0136484196, 0.0153557854, 0.0170504022, 0.0187699515, 0.0204301812, 0.0223191045, 0.0242719352, 0.0258890893, 0.0270235874, 0.0278620645, 0.0287087839, 0.0296048075, 0.0305853318, 0.0316844173, 0.0329340808, 0.0343575925, 0.0359578468, 0.0377071053, 0.0395411439, 0.0413557366, 0.0430048034, 0.0442618951, 0.0448631458, 0.0439683683, 0.0422165692, 0.0116385585, 0.00351407728, 0.00344949076, 0.00345037249, 0.0034505974, 0.00345046376, 0.00345013314, 0.00344969262, 0.00344919949, 0.00344869844, 0.00344823045, 0.00344783743, 0.00344756735, 0.00344748027, 0.00344765419, 0.00344818993, 0.00344880321, 0.00344892056, 0.00344933174, 0.00345010171, 0.00345099415, 0.00345173921, 0.00345214526, 0.0034521101, 0.00345161324, 0.00345070288, 0.00344946887, 0.00344802532, 0.00344649446, 0.00344499759, 0.00344364555, 0.00344252889, 0.00344170886, 0.00344120688, 0.00344099244, 0.00344097149, 3.17469634e-10, 7.47108331e-08, 1.09508028e-05, 0.000355075055, 0.00233690324, 0.00830407813, 0.0177932475, 0.0132820178, 0.0189185273, 0.0220972188, 0.0231816769, 0.0234353617, 0.0248122811, 0.0271560997, 0.0299017336, 0.0329068042, 0.0359066464, 0.0382658541, 0.0391519442, 0.0386986136, 0.0379841924, 0.0375338458, 0.0374895595, 0.037843518, 0.0385443941, 0.039520476, 0.0406786054, 0.0418887399, 0.0429632552, 0.0436964892, 0.043871779, 0.0429772884, 0.0406991243, 0.0397420488, 0.0209907014, 0.00406828802, 0.00439886888, 0.00511334836, 0.00584016554, 0.00651499955, 0.00710446807, 0.00759463757, 0.00798395276, 0.00827889424, 0.00849116128, 0.00863541756, 0.00872714259, 0.00878083706, 0.00880363025, 0.00880850479, 0.0088064624, 0.00880464632, 0.00880371965, 0.00880319905, 0.00880259834, 0.0088017229, 0.00880047493, 0.00879874546, 0.00879654568, 0.00879395008, 0.00879106577, 0.00878801197, 0.00878492091, 0.00878193416, 0.00877919886, 0.00877686124, 0.00877504889, 0.00877384655, 0.00877324957, 0.00877311826, 7.58336796e-11, 1.75442221e-08, 2.60762272e-06, 9.55246578e-05, 0.00077580451, 0.00309987366, 0.0077388878, 0.0119477157, 0.0132035865, 0.013742202, 0.0146523183, 0.0157084409, 0.0173666608, 0.0205781944, 0.0249448884, 0.0298812967, 0.0350937247, 0.0394246727, 0.0412071124, 0.0412360504, 0.0408397019, 0.0404767953, 0.0403087176, 0.0403794274, 0.0406743139, 0.0411354713, 0.0416631065, 0.0421082713, 0.0422754176, 0.0419285446, 0.0407065935, 0.0380688719, 0.0371135548, 0.0377023369, 0.0297319219, 0.00716262404, 0.00453664409, 0.00543145835, 0.00646062149, 0.00743841939, 0.00829442684, 0.0089970855, 0.00954204332, 0.00993797462, 0.0101981517, 0.0103401868, 0.0104450649, 0.0105115175, 0.0105432943, 0.010564398, 0.0105750021, 0.0105728479, 0.0105640264, 0.0105576133, 0.0105600497, 0.0105743818, 0.0106018605, 0.0106419316, 0.0106927902, 0.0107520875, 0.0108173108, 0.0108859725, 0.0109556187, 0.0110238241, 0.0110881403, 0.0111459689, 0.011194461, 0.0112306932, 0.0112525672, 0.0112607218, 1.61399834e-11, 3.51789464e-09, 4.88083401e-07, 2.08188758e-05, 0.000201572402, 0.000939071702, 0.00239747972, 0.00414822157, 0.00537672732, 0.00666527869, 0.00776580162, 0.00857550744, 0.00916648842, 0.00979151297, 0.0107598351, 0.0123610264, 0.0148617281, 0.0187796056, 0.0253336988, 0.0302167423, 0.0327148363, 0.0343556777, 0.0355643332, 0.0365369022, 0.0373916887, 0.0381355993, 0.0386307463, 0.0386601016, 0.038001582, 0.0365567654, 0.0345664546, 0.0339149833, 0.0346218348, 0.0368236266, 0.0358160026, 0.0124765104, 0.00654907804, 0.00575312227, 0.00619577663, 0.00695382105, 0.00775216706, 0.00854104385, 0.0092411181, 0.00930887554, 0.00888675358, 0.00858675223, 0.0084994426, 0.00848634914, 0.00848354679, 0.00847534277, 0.00846754946, 0.00845874101, 0.00845039822, 0.00844513811, 0.00844278559, 0.00844403356, 0.0084497584, 0.00846030656, 0.00847548246, 0.00849491451, 0.00851840433, 0.00854608975, 0.00857818965, 0.00861457735, 0.00865432341, 0.00869554467, 0.00873570237, 0.00877198484, 0.00880072266, 0.00881593674, 2.92946938e-12, 5.55771484e-10, 6.89340851e-08, 3.71078636e-06, 4.12067166e-05, 0.000220660164, 0.00063198962, 0.00122031453, 0.00185549655, 0.00248674373, 0.00295547256, 0.00316202268, 0.00307381945, 0.00276025617, 0.00239352323, 0.00213096105, 0.00208303449, 0.00245997449, 0.00344867446, 0.00677250372, 0.0114636952, 0.0160286091, 0.0202910267, 0.0241665505, 0.0274894405, 0.0297729131, 0.0308468733, 0.0310127698, 0.0303901602, 0.0299372673, 0.030377401, 0.0316923745, 0.0338129923, 0.0373663008, 0.0400603004, 0.019125849, 0.0109883193, 0.00819748361, 0.00737439748, 0.00730443187, 0.00751865329, 0.00782783981, 0.00814229436, 0.00833239686, 0.0084188981, 0.00849433523, 0.00856994744, 0.00860522781, 0.00857113302, 0.00848698523, 0.00841122866, 0.0083812587, 0.0083859982, 0.00839426275, 0.00838308875, 0.00835955516, 0.00833841506, 0.00832701195, 0.00832483545, 0.00832635537, 0.00832381099, 0.00831009168, 0.00828106981, 0.00823685993, 0.00818177499, 0.00812303368, 0.00806863885, 0.0080251731, 0.00799660105, 0.007984275, 5.11718814e-13, 8.5404947e-11, 9.74233849e-09, 5.31189016e-07, 6.83072903e-06, 4.1355197e-05, 0.000134410817, 0.000278758525, 0.000457855989, 0.000627431087, 0.00072915887, 0.000725703372, 0.000627510017, 0.000489372236, 0.000374858733, 0.000378569559, 0.000693992304, 0.00154362246, 0.00294695562, 0.00454392703, 0.00580955297, 0.00722264685, 0.00998507533, 0.0136577282, 0.0171917602, 0.0200585313, 0.0221486688, 0.0235153325, 0.0246428121, 0.0262328628, 0.0283881798, 0.0310685132, 0.0344081037, 0.0387843996, 0.0430560634, 0.0270568095, 0.0181326494, 0.0137855429, 0.0116354208, 0.0105411746, 0.00996417366, 0.00963719189, 0.00942023098, 0.00922867469, 0.0090329079, 0.00883563515, 0.00864753779, 0.0084798187, 0.00834207796, 0.00823953003, 0.00817102659, 0.00813002139, 0.00810741726, 0.00809449144, 0.0080873007, 0.00808678847, 0.00809769705, 0.00812548399, 0.00817611348, 0.00825398229, 0.00835821591, 0.00848134421, 0.00860993192, 0.00872679148, 0.00881435629, 0.0088585224, 0.00885199476, 0.00879617501, 0.00870088581, 0.00858220924, 8.11701373e-14, 1.18400871e-11, 1.19907417e-09, 5.88008255e-08, 8.8305552e-07, 6.0203356e-06, 2.1195403e-05, 4.70423256e-05, 8.02479117e-05, 0.000111220812, 0.000126875209, 0.000122198908, 0.000103144113, 8.08357872e-05, 8.27030817e-05, 0.000256922591, 0.000987291452, 0.00276915962, 0.00592399435, 0.0102949794, 0.0141530782, 0.0146202259, 0.0112794591, 0.0116744516, 0.0134048387, 0.015460006, 0.0174917374, 0.0194619857, 0.0216410924, 0.0243343022, 0.0275849681, 0.0312942564, 0.0353991129, 0.0399721675, 0.0444861241, 0.0366722345, 0.0286896881, 0.0235095751, 0.0202720631, 0.018182192, 0.0167544317, 0.015700737, 0.0148482909, 0.0140933273, 0.0133797582, 0.0126838824, 0.0120025137, 0.0113437437, 0.0107208118, 0.0101473667, 0.00963473413, 0.00919034984, 0.00881718379, 0.00851411838, 0.00827723555, 0.00810145959, 0.00798198115, 0.00791606866, 0.00790330395, 0.00794492662, 0.00804367661, 0.0082026748, 0.00842350442, 0.008703948, 0.00903629977, 0.00940689165, 0.00979710277, 0.0101850946, 0.0105477637, 0.0108634075, 1.07505913e-14, 1.39457781e-12, 1.27409985e-10, 6.00920202e-09, 8.1400465e-08, 6.17843796e-07, 2.46291779e-06, 6.0444022e-06, 1.04790943e-05, 1.50780115e-05, 1.7814591e-05, 1.79142971e-05, 1.60590844e-05, 1.50188089e-05, 4.78006259e-05, 0.000332886528, 0.00143675797, 0.00420399848, 0.00934402924, 0.0161549859, 0.0211216696, 0.0223175939, 0.0209674053, 0.0183531065, 0.0164871905, 0.0165187046, 0.0172955412, 0.018730104, 0.0208755843, 0.0237999354, 0.0274173599, 0.0314743668, 0.0357072838, 0.0399548039, 0.0439662449, 0.0441829339, 0.0408878922, 0.0370168574, 0.0337243825, 0.0311067235, 0.0290048774, 0.0272442605, 0.0256875884, 0.0242400989, 0.0228447206, 0.0214745253, 0.0201244317, 0.0188031532, 0.0175265092, 0.0163123142, 0.015177073, 0.0141340327, 0.0131922588, 0.0123564973, 0.011627702, 0.0110039944, 0.0104816603, 0.0100562098, 0.00972368289, 0.00948107243, 0.00932654087, 0.00925932545, 0.00927940384, 0.00938716903, 0.00958329812, 0.00986857899, 0.0102429427, 0.0107039968, 0.0112460824, 0.0118594402, 1.02372741e-15, 1.20172833e-13, 1.00520503e-11, 4.58490995e-10, 6.27616759e-09, 4.47022828e-08, 1.805506e-07, 4.95028644e-07, 1.02733827e-06, 1.5795863e-06, 2.03358513e-06, 2.22732001e-06, 2.19345566e-06, 2.89996638e-06, 1.94567965e-05, 0.000200945316, 0.00108160032, 0.00371219311, 0.0092088813, 0.0168915894, 0.0229139961, 0.0256422348, 0.0273802262, 0.0281959679, 0.0261393171, 0.0224774759, 0.0215247869, 0.0221607052, 0.0235645883, 0.0257088263, 0.0285177846, 0.0317697972, 0.0351987444, 0.0385880284, 0.0417878069, 0.044326514, 0.0457274504, 0.0460172035, 0.0455753021, 0.0447633527, 0.0437908731, 0.0427455492, 0.0416471958, 0.0404843129, 0.0392379798, 0.0378942862, 0.0364496559, 0.0349125154, 0.0333024487, 0.03164744, 0.0299802236, 0.0283345319, 0.0267418101, 0.0252287388, 0.0238159411, 0.0225177128, 0.0213425644, 0.0202943645, 0.0193738397, 0.0185797717, 0.0179098528, 0.0173612051, 0.0169306025, 0.0166148562, 0.0164112374, 0.0163176339, 0.0163322743, 0.0164534263, 0.0166790523, 0.0170065071, 5.15998906e-17, 5.51991382e-15, 4.29396509e-13, 1.90016267e-11, 2.71498185e-10, 1.98206296e-09, 8.50159676e-09, 2.50465693e-08, 5.55062662e-08, 1.0256533e-07, 1.44681621e-07, 1.84916516e-07, 2.12476834e-07, 2.25577821e-07, 2.71881021e-07, 7.92769697e-07, 7.35634239e-06, 0.000112549256, 0.00127800787, 0.00669381674, 0.0180188529, 0.0261095706, 0.0298715718, 0.0347931571, 0.0387267321, 0.0390862785, 0.0354192778, 0.0327754952, 0.0327066146, 0.0341984034, 0.036020156, 0.0380372703, 0.0401295125, 0.0421579964, 0.044040706, 0.0457163937, 0.047136534, 0.0482739471, 0.0491323285, 0.0497420877, 0.05014823, 0.0503898747, 0.0504933596, 0.0504739061, 0.0503393412, 0.050093621, 0.0497391261, 0.0492782928, 0.048714947, 0.0480552018, 0.0473078862, 0.0464845598, 0.0455991365, 0.0446671285, 0.0437046811, 0.0427275635, 0.0417503677, 0.0407859981, 0.0398454927, 0.0389380828, 0.0380712561, 0.0372508802, 0.0364813171, 0.035765674, 0.0351061895, 0.034504544, 0.0339619927, 0.0334794, 0.0330571681, 0.0326953307] (
            interpolation = "uniform"
        )
        float[] primvars:CH4_Gas_mass_fractions_7 = [1.60422542e-09, 3.72129421e-07, 4.92947693e-05, 0.00133962068, 0.00608496182, 0.0219562817, 0.0192663763, 0.0192123037, 0.0191082582, 0.0189479589, 0.020991059, 0.0230014119, 0.0250488091, 0.0270406194, 0.0292841811, 0.0316049866, 0.0335479155, 0.0349282622, 0.0359568931, 0.0369942822, 0.0380906463, 0.039288912, 0.0406304076, 0.0421536416, 0.0438859463, 0.0458291136, 0.0479466468, 0.0501566082, 0.0523277819, 0.0542777255, 0.0557257533, 0.0563279167, 0.0550074503, 0.0526430085, 0.0144780176, 0.00435732212, 0.00427688006, 0.00427797483, 0.0042782533, 0.00427808799, 0.00427767821, 0.00427713199, 0.00427652057, 0.00427589938, 0.00427531917, 0.00427483208, 0.00427449727, 0.00427438924, 0.00427460484, 0.00427526888, 0.0042760293, 0.00427617459, 0.00427668449, 0.00427763909, 0.0042787455, 0.00427966891, 0.00428017275, 0.00428012898, 0.00427951291, 0.00427838415, 0.00427685445, 0.00427506492, 0.00427316735, 0.00427131169, 0.0042696353, 0.00426825089, 0.00426723436, 0.00426661223, 0.00426634634, 0.00426632026, 4.01306655e-10, 9.40261771e-08, 1.36756726e-05, 0.000443696539, 0.00292212702, 0.0105520813, 0.0229879674, 0.0191568434, 0.0254252013, 0.0287471265, 0.0296263341, 0.0296588168, 0.0312289689, 0.0341316909, 0.0375572331, 0.0413407311, 0.0451423004, 0.0481665954, 0.0493898056, 0.0489565954, 0.0481656529, 0.0476644784, 0.047636658, 0.0480798371, 0.0489348806, 0.0501147881, 0.0515039861, 0.0529402234, 0.0541914068, 0.0550053939, 0.0551087111, 0.053847868, 0.0508225672, 0.0495286435, 0.0261269268, 0.00504547125, 0.00545383571, 0.00633958355, 0.0072406251, 0.00807722099, 0.00880798884, 0.00941565353, 0.00989828724, 0.0102639263, 0.0105270715, 0.0107059041, 0.0108196139, 0.0108861774, 0.0109144356, 0.0109204827, 0.0109179541, 0.0109157059, 0.0109145585, 0.0109139141, 0.0109131709, 0.0109120859, 0.0109105408, 0.0109083988, 0.0109056737, 0.0109024588, 0.0108988862, 0.0108951032, 0.0108912745, 0.0108875735, 0.0108841844, 0.010881288, 0.0108790435, 0.0108775534, 0.010876813, 0.0108766509, 9.58418067e-11, 2.20767689e-08, 3.25588962e-06, 0.000119326556, 0.000969711167, 0.0038870452, 0.00978389103, 0.0154827796, 0.0167241059, 0.0172324404, 0.0183286611, 0.0196396485, 0.0217190851, 0.0257573407, 0.0312543102, 0.0374773331, 0.0440642834, 0.0495694056, 0.0518855155, 0.0519963391, 0.0515629388, 0.0511543825, 0.0509702712, 0.0510651097, 0.0514207184, 0.0519649759, 0.0525737591, 0.0530619174, 0.0531891175, 0.0526593663, 0.0510171652, 0.0475729518, 0.0462859236, 0.0469614007, 0.0370105393, 0.00889924355, 0.00562505145, 0.00673392275, 0.00800972991, 0.0092218155, 0.0102828657, 0.011153766, 0.011829148, 0.0123197911, 0.012642188, 0.0128181381, 0.0129480632, 0.0130303903, 0.0130697601, 0.0130959125, 0.0131090572, 0.0131063918, 0.0130954646, 0.0130875222, 0.013090549, 0.0131083215, 0.0131423865, 0.0131920585, 0.0132551026, 0.0133286053, 0.0134094544, 0.013494567, 0.0135809025, 0.0136654554, 0.0137451906, 0.0138168875, 0.0138770128, 0.0139219332, 0.0139490524, 0.0139591629, 2.03747956e-11, 4.42543824e-09, 6.10618144e-07, 2.59958651e-05, 0.000251825724, 0.00117437309, 0.00300071994, 0.00519591616, 0.00671801157, 0.00832380075, 0.0096968459, 0.0107078487, 0.0114469547, 0.0122304866, 0.013445125, 0.0154538266, 0.018591227, 0.0235134121, 0.0317732133, 0.0379570127, 0.0411461107, 0.0432509966, 0.0448009185, 0.0460392199, 0.0471133329, 0.0480305851, 0.0486158095, 0.0485965349, 0.0476977751, 0.04579667, 0.0432038195, 0.0423091203, 0.0431354716, 0.0458450615, 0.0445798002, 0.0155154616, 0.00813194644, 0.00713664247, 0.00768287666, 0.00862165913, 0.00961088296, 0.0105885342, 0.0114561291, 0.0115399528, 0.0110166445, 0.0106447712, 0.0105365515, 0.0105203306, 0.0105168633, 0.0105066979, 0.0104970513, 0.0104861557, 0.0104758441, 0.0104693556, 0.0104664676, 0.0104680369, 0.0104751475, 0.0104882251, 0.0105070267, 0.0105310921, 0.0105601801, 0.0105944611, 0.0106342128, 0.0106792785, 0.010728511, 0.0107795773, 0.0108293314, 0.0108742863, 0.0109098954, 0.0109287472, 3.70148747e-12, 7.01704916e-10, 8.68041994e-08, 4.63169408e-06, 5.14490457e-05, 0.000275676633, 0.000789496058, 0.00152325758, 0.00231489469, 0.00310194376, 0.0036862155, 0.00394320814, 0.00383224152, 0.00344015751, 0.00298207696, 0.00265404535, 0.00259322929, 0.00306216138, 0.00429694168, 0.00846817531, 0.0143677471, 0.0201144908, 0.0254838094, 0.0303654466, 0.0345452726, 0.0374018438, 0.0387195572, 0.0388807841, 0.0380381979, 0.0374045521, 0.0378949679, 0.0394876786, 0.0420960113, 0.0465026535, 0.0498527475, 0.0237913784, 0.013658897, 0.0101816915, 0.00915367063, 0.00906307902, 0.00932642817, 0.00970827322, 0.0100970129, 0.0103317946, 0.010438296, 0.0105312262, 0.0106245391, 0.01066803, 0.0106256679, 0.0105213523, 0.0104274713, 0.0103903506, 0.0103962673, 0.0104065817, 0.0103928354, 0.0103637874, 0.0103377029, 0.0103236744, 0.0103210583, 0.0103229908, 0.0103198485, 0.0103028184, 0.0102667846, 0.0102119017, 0.0101435222, 0.0100706089, 0.0100030908, 0.00994913466, 0.00991365779, 0.00989833754, 6.45562705e-13, 1.07737354e-10, 1.2269405e-08, 6.63863943e-07, 8.52319226e-06, 5.1624851e-05, 0.000167767794, 0.000347586873, 0.000570662902, 0.000781798328, 0.00090826134, 0.00090357248, 0.000780890055, 0.000608617847, 0.000465898571, 0.000470064522, 0.000860937871, 0.00191438268, 0.00365465111, 0.0056353258, 0.00721622305, 0.0090044057, 0.0124826189, 0.0171006117, 0.021532746, 0.0251170918, 0.0277160611, 0.0293961745, 0.0307673011, 0.032713756, 0.0353660807, 0.0386765189, 0.0428151712, 0.0482533723, 0.0535667948, 0.0336577259, 0.0225498825, 0.0171375889, 0.0144593483, 0.0130952066, 0.0123749459, 0.0119660534, 0.011694314, 0.0114544621, 0.0112095987, 0.010963005, 0.010727929, 0.0105182957, 0.0103460532, 0.0102177002, 0.0101318238, 0.0100803003, 0.0100518232, 0.0100355409, 0.0100265229, 0.0100258999, 0.0100395232, 0.0100741414, 0.010137124, 0.010233894, 0.0103633506, 0.010516217, 0.0106758187, 0.0108208312, 0.0109294606, 0.0109842122, 0.0109760407, 0.0109066963, 0.0107883746, 0.0106410431, 1.02240238e-13, 1.49127082e-11, 1.50959789e-09, 7.38090549e-08, 1.10258111e-06, 7.50982144e-06, 2.6433132e-05, 5.86175629e-05, 9.99296681e-05, 0.000138433024, 0.000157839851, 0.000151941684, 0.000128180793, 0.000100408368, 0.000102648926, 0.000318618899, 0.00122423714, 0.00343390927, 0.0073466748, 0.0127686765, 0.017555831, 0.0181384608, 0.0140171824, 0.0145316888, 0.0167102348, 0.0192838162, 0.021818215, 0.0242658779, 0.02696638, 0.030303387, 0.0343329757, 0.0389349833, 0.044033695, 0.0497197546, 0.055332493, 0.0456129424, 0.0356810056, 0.0292346533, 0.0252049342, 0.0226030517, 0.0208250359, 0.0195125565, 0.0184506103, 0.0175101012, 0.016621232, 0.0157544967, 0.0149059156, 0.0140855387, 0.0133098271, 0.0125957485, 0.0119573893, 0.0114039937, 0.0109392563, 0.0105617857, 0.0102667036, 0.0100476881, 0.00989873987, 0.0098164333, 0.00980021618, 0.00985159818, 0.0099739572, 0.0101711396, 0.0104450919, 0.0107930452, 0.0112054199, 0.0116652446, 0.0121494038, 0.0126307961, 0.0130807534, 0.0134723512, 1.35288822e-14, 1.75385184e-12, 1.60129104e-10, 7.53755192e-09, 1.02066039e-07, 7.71926466e-07, 3.07002119e-06, 7.52930782e-06, 1.30433973e-05, 1.8754934e-05, 2.21466817e-05, 2.22602775e-05, 1.9947156e-05, 1.86461457e-05, 5.92825672e-05, 0.0004127672, 0.00178162497, 0.00521359686, 0.011589475, 0.0200403538, 0.0262067728, 0.0276966877, 0.0260272902, 0.0227919482, 0.0204880685, 0.0205390826, 0.021513937, 0.0233024564, 0.0259709992, 0.0296054743, 0.03410054, 0.0391425714, 0.0444051847, 0.0496877693, 0.0546760596, 0.0549450368, 0.0508455783, 0.0460290723, 0.0419318937, 0.0386739746, 0.0360576659, 0.0338658877, 0.0319279283, 0.0301259551, 0.0283890143, 0.0266836192, 0.0250034556, 0.0233593471, 0.0217709392, 0.0202603545, 0.0188480914, 0.0175506007, 0.0163791217, 0.0153395357, 0.014433003, 0.013657175, 0.0130074127, 0.0124781113, 0.0120643331, 0.0117623201, 0.0115697635, 0.0114856912, 0.0115100518, 0.0116433091, 0.0118862893, 0.0122399488, 0.0127041917, 0.0132760368, 0.0139484536, 0.0147093246, 1.28795785e-15, 1.51029823e-13, 1.26181825e-11, 5.74451653e-10, 7.86146881e-09, 5.59783793e-08, 2.25902824e-07, 6.18452248e-07, 1.28166778e-06, 1.96680207e-06, 2.52976929e-06, 2.76917399e-06, 2.72577245e-06, 3.60024865e-06, 2.41275884e-05, 0.000249168981, 0.00134129007, 0.00460408768, 0.0114233056, 0.020957984, 0.0284385737, 0.0318355821, 0.0340028778, 0.0350213274, 0.0324693434, 0.0279242117, 0.026747074, 0.0275416076, 0.0292895958, 0.0319572911, 0.0354509875, 0.039495483, 0.0437603109, 0.0479762144, 0.0519563071, 0.0551139824, 0.056856066, 0.0572154634, 0.0566642657, 0.0556523725, 0.0544405282, 0.0531379133, 0.0517692789, 0.0503204055, 0.0487678424, 0.0470943674, 0.0452955812, 0.0433820188, 0.0413780659, 0.039318528, 0.0372441113, 0.0351967402, 0.0332154781, 0.0313334689, 0.0295763109, 0.0279617347, 0.0265002865, 0.0251967385, 0.0240519624, 0.023064414, 0.0222311988, 0.0215487145, 0.0210129265, 0.0206198525, 0.0203660838, 0.0202489737, 0.0202663075, 0.0204159208, 0.0206952672, 0.0211010575, 6.49122971e-17, 6.93729555e-15, 5.38866532e-13, 2.37986367e-11, 3.3981451e-10, 2.4800193e-09, 1.06290594e-08, 3.12851043e-08, 6.92869762e-08, 1.28300144e-07, 1.80304184e-07, 2.30373189e-07, 2.64770733e-07, 2.81116428e-07, 3.38461518e-07, 9.84109306e-07, 9.12237556e-06, 0.000139565367, 0.00158497319, 0.00830304623, 0.0223568734, 0.0324100554, 0.0370970741, 0.0432228521, 0.048119586, 0.0485714115, 0.0440153815, 0.0407306515, 0.0406478308, 0.0425051302, 0.044771865, 0.0472812839, 0.0498840101, 0.0524073951, 0.0547493957, 0.0568337888, 0.0586001463, 0.0600145906, 0.0610816665, 0.0618391857, 0.0623431504, 0.0626422539, 0.0627693012, 0.0627432689, 0.0625739396, 0.0622662604, 0.061823234, 0.0612479188, 0.0605451055, 0.0597224347, 0.0587909073, 0.0577649362, 0.0566618405, 0.0555009358, 0.0543022975, 0.0530855469, 0.0518688336, 0.0506681912, 0.0494973511, 0.0483677648, 0.0472887494, 0.046267584, 0.0453096777, 0.0444188826, 0.0435979702, 0.0428490154, 0.0421735719, 0.0415727086, 0.0410469025, 0.040596202] (
            interpolation = "uniform"
        )
        float[] primvars:TAR_Gas_mass_fractions_8 = [5.7622751e-09, 1.05038737e-06, 8.25145326e-05, 0.00251227687, 0.0121907862, 0.499252856, 0.517996371, 0.518475473, 0.514924824, 0.513713777, 0.492469043, 0.467453003, 0.44419989, 0.42584762, 0.399870276, 0.37378639, 0.357664704, 0.35080865, 0.34797129, 0.344841808, 0.341199696, 0.336821109, 0.331426531, 0.324659467, 0.316091299, 0.305248618, 0.291644543, 0.274828881, 0.254496545, 0.230510831, 0.202985063, 0.167733431, 0.115963526, 0.068587698, 0.0106764706, 8.37432381e-05, 1.29174805e-06, 1.24338908e-06, 1.24333621e-06, 1.24333383e-06, 1.24332848e-06, 1.24332144e-06, 1.24331359e-06, 1.24330552e-06, 1.24329802e-06, 1.24329165e-06, 1.2432871e-06, 1.24328528e-06, 1.24328756e-06, 1.24329529e-06, 1.24330438e-06, 1.24330586e-06, 1.243312e-06, 1.24332371e-06, 1.24333712e-06, 1.24334827e-06, 1.24335418e-06, 1.24335315e-06, 1.24334497e-06, 1.24333042e-06, 1.24331098e-06, 1.24328756e-06, 1.24326323e-06, 1.24323935e-06, 1.24321843e-06, 1.2432015e-06, 1.24318899e-06, 1.24318137e-06, 1.24317819e-06, 1.24317785e-06, 1.93362037e-09, 3.46310088e-07, 2.25191652e-05, 0.000797295535, 0.00576022174, 0.0647060797, 0.220712721, 0.634577334, 0.463013589, 0.317477286, 0.207235351, 0.141152725, 0.109411389, 0.109243654, 0.114467502, 0.12847814, 0.148493767, 0.172820807, 0.203825578, 0.236260921, 0.260279804, 0.274805725, 0.281651467, 0.282625228, 0.278850704, 0.27084443, 0.25867191, 0.242223009, 0.221786171, 0.198162392, 0.170137614, 0.132951707, 0.0836597607, 0.0571055263, 0.0224964526, 0.000320961582, 1.90715969e-06, 1.26934674e-06, 1.280427e-06, 1.29089142e-06, 1.3000581e-06, 1.30770468e-06, 1.31381194e-06, 1.31846821e-06, 1.32183425e-06, 1.32410162e-06, 1.32554317e-06, 1.32643208e-06, 1.3268874e-06, 1.32683476e-06, 1.32642629e-06, 1.3261789e-06, 1.32642401e-06, 1.3265942e-06, 1.32466812e-06, 1.32538264e-06, 1.3242086e-06, 1.3243947e-06, 1.32422394e-06, 1.32442983e-06, 1.32724324e-06, 1.32461605e-06, 1.32620528e-06, 1.32492823e-06, 1.32433775e-06, 1.32414914e-06, 1.32410901e-06, 1.32408491e-06, 1.32407297e-06, 1.32407035e-06, 4.57354599e-10, 8.04305174e-08, 5.19358582e-06, 0.000203545496, 0.00180194143, 0.010192276, 0.0437757261, 0.156769842, 0.0825448409, 0.045611646, 0.0383654535, 0.03869709, 0.0439623594, 0.0570157394, 0.0765683949, 0.101019375, 0.130875632, 0.163749114, 0.189937145, 0.208747581, 0.223425388, 0.233921498, 0.240053028, 0.24180305, 0.239161029, 0.232092544, 0.220584065, 0.204624683, 0.184826642, 0.160372064, 0.129260048, 0.0866127685, 0.0612125285, 0.0475192629, 0.0323645025, 0.00410589995, 9.24123888e-05, 1.80769166e-06, 1.33286903e-06, 1.30593367e-06, 1.31015713e-06, 1.28435147e-06, 1.25949725e-06, 1.2354343e-06, 1.34940933e-06, 1.34903757e-06, 1.35175355e-06, 1.37074016e-06, 1.46970524e-06, 1.62608194e-06, 1.83133875e-06, 2.08284837e-06, 2.37234258e-06, 2.67747646e-06, 2.9766702e-06, 3.19263313e-06, 3.27909106e-06, 3.2175019e-06, 3.02288663e-06, 2.73592423e-06, 2.40677355e-06, 2.07089283e-06, 1.77626259e-06, 1.55606688e-06, 1.41976352e-06, 1.36335882e-06, 1.36471908e-06, 1.36418794e-06, 1.36296796e-06, 1.36513358e-06, 9.13085788e-11, 1.5794825e-08, 1.2957646e-06, 4.14362694e-05, 0.000433868583, 0.00228001759, 0.00643074652, 0.0121589582, 0.0120323701, 0.0141881621, 0.0162896104, 0.0178454965, 0.0191264506, 0.0209522173, 0.0241469499, 0.0296224728, 0.0383049063, 0.0536117479, 0.0855947062, 0.116892479, 0.139294744, 0.156558201, 0.169134751, 0.177027255, 0.180406973, 0.17898573, 0.17178759, 0.158048317, 0.137888074, 0.111044124, 0.0803128406, 0.0586872995, 0.0459726267, 0.0406473614, 0.0376777984, 0.0101386951, 0.00265907799, 0.000844303868, 0.00031364747, 0.00012164886, 4.16609655e-05, 9.8344417e-06, 2.04355388e-06, 1.87393971e-06, 2.71500357e-06, 3.49751031e-06, 4.1078365e-06, 5.30828311e-06, 6.02904538e-06, 6.95916469e-06, 8.69933683e-06, 1.12365815e-05, 1.43752777e-05, 1.77755483e-05, 2.10595172e-05, 2.38966531e-05, 2.58523069e-05, 2.6652453e-05, 2.62022058e-05, 2.45781775e-05, 2.20079219e-05, 1.88153299e-05, 1.5380625e-05, 1.20660943e-05, 9.15219243e-06, 6.80026915e-06, 5.04416857e-06, 3.81851351e-06, 3.0251083e-06, 2.61932041e-06, 1.75153295e-11, 3.17090199e-09, 3.31694309e-07, 6.84172437e-06, 8.0298254e-05, 0.000468562706, 0.00133724138, 0.00234738714, 0.0034279183, 0.00454531796, 0.00526417512, 0.00538848573, 0.00490980269, 0.00406025397, 0.00322973751, 0.00263095205, 0.00229793438, 0.00265480112, 0.0047271573, 0.0165657718, 0.0363343544, 0.057087101, 0.0773134679, 0.0956282839, 0.10991931, 0.115844302, 0.112275817, 0.10129483, 0.0839316398, 0.0660792291, 0.0521269329, 0.0423170291, 0.0366062112, 0.0365640223, 0.0395430923, 0.0169482436, 0.00763935037, 0.00397544866, 0.00236516818, 0.0015554456, 0.0010952095, 0.000801954768, 0.000591228716, 0.000421763427, 0.000280019885, 0.000167089049, 8.84611145e-05, 4.33124842e-05, 2.34250929e-05, 1.83104312e-05, 1.93886244e-05, 2.30733986e-05, 2.96168837e-05, 3.99125202e-05, 5.40193505e-05, 6.96028292e-05, 8.46534313e-05, 9.78119497e-05, 0.000107891334, 0.000113850525, 0.000115001749, 0.000111187095, 0.00010287483, 9.11170137e-05, 7.73664069e-05, 6.32092415e-05, 5.0050734e-05, 3.88318585e-05, 2.99593758e-05, 2.35851167e-05, 2.80811789e-12, 4.64119576e-10, 4.728048e-08, 1.20855202e-06, 1.17735517e-05, 7.68939572e-05, 0.000246879528, 0.0004375352, 0.000697607698, 0.00091649458, 0.000986870611, 0.000873754034, 0.000638568657, 0.000396807329, 0.000224134928, 0.000126828134, 8.15083331e-05, 7.55689543e-05, 0.00011190206, 0.000194448439, 0.00290172407, 0.0114665031, 0.0240560398, 0.0393006019, 0.0511478558, 0.0580642931, 0.0595614761, 0.0557570085, 0.048857253, 0.042235665, 0.0366607159, 0.0327484049, 0.0316184945, 0.0343723781, 0.0389580019, 0.0239651725, 0.0147753851, 0.0099514164, 0.00728946738, 0.00569506874, 0.00465519354, 0.00391364051, 0.00333184842, 0.00283247675, 0.0023764153, 0.00194910506, 0.00155228679, 0.00119406974, 0.000884286128, 0.000629717659, 0.00043252777, 0.000289767166, 0.000194650231, 0.000138200179, 0.000110971698, 0.00010501223, 0.000114575712, 0.000136717048, 0.000167044171, 0.000201128234, 0.000235756524, 0.000268174917, 0.000295572565, 0.000315095094, 0.000324303575, 0.000321809726, 0.000307789043, 0.000284149806, 0.000254248269, 0.000222275237, 4.0581091e-13, 5.85310758e-11, 5.71427172e-09, 2.20675958e-07, 1.7161916e-06, 9.61494425e-06, 3.24072535e-05, 6.04209126e-05, 9.42879487e-05, 0.000117935197, 0.000115883086, 9.07748836e-05, 5.83503897e-05, 3.25059336e-05, 1.69713767e-05, 1.03089978e-05, 1.84129804e-05, 6.71423841e-05, 0.00021226253, 0.000537856075, 0.00104219012, 0.00178000983, 0.0070732045, 0.0129274298, 0.0206620209, 0.0265073311, 0.0298649613, 0.0306147244, 0.0297599863, 0.0285125915, 0.0274478886, 0.0272723753, 0.028838221, 0.0325220414, 0.0367005132, 0.0308174342, 0.023686206, 0.0187035985, 0.0153852841, 0.0130981365, 0.0114311548, 0.010132743, 0.00904785097, 0.00808201171, 0.00718181487, 0.00632238667, 0.00549808284, 0.00471407361, 0.00398063799, 0.00330866757, 0.00270728115, 0.00218244595, 0.00173633231, 0.00136725232, 0.00107025285, 0.000838332751, 0.000663685729, 0.000537440414, 0.00045202492, 0.00040152733, 0.000380897516, 0.000385727733, 0.000411841378, 0.000454776629, 0.000509455975, 0.000570207951, 0.000631393807, 0.000688088243, 0.00073618663, 0.000772635743, 5.07762879e-14, 6.24384919e-12, 5.38018907e-10, 2.12554383e-08, 2.76692532e-07, 1.32591549e-06, 3.26739928e-06, 6.52516155e-06, 9.20390357e-06, 1.11643258e-05, 1.07750884e-05, 8.42030477e-06, 5.55616316e-06, 3.33265439e-06, 2.07170478e-06, 4.92535492e-06, 3.11191652e-05, 0.000148730061, 0.000520356523, 0.0013774517, 0.00269113411, 0.00401781173, 0.00516771758, 0.0069438871, 0.00953850802, 0.0123886401, 0.0150309224, 0.0170740243, 0.0185901839, 0.0199657455, 0.021490816, 0.0234639384, 0.0262275729, 0.0297932532, 0.0333499685, 0.0341332145, 0.0317125805, 0.0284409299, 0.025442984, 0.0229124222, 0.0207759105, 0.018919494, 0.0172476023, 0.0156940687, 0.0142201222, 0.0128087308, 0.0114577273, 0.0101733198, 0.00896510575, 0.00784265157, 0.0068136123, 0.00588283781, 0.00505210366, 0.00432024058, 0.00368356262, 0.00313649513, 0.00267215585, 0.00228296942, 0.00196157466, 0.00170106941, 0.00149516098, 0.00133813953, 0.00122470141, 0.00114981411, 0.00110883545, 0.00109783409, 0.0011134356, 0.00115217047, 0.00121028849, 0.00128362817, 4.76392124e-15, 5.14150463e-13, 3.8723514e-11, 1.4627427e-09, 1.93661425e-08, 1.32367035e-07, 4.82396615e-07, 1.06446032e-06, 1.44205364e-06, 1.24260157e-06, 1.05309402e-06, 8.58661963e-07, 6.63011917e-07, 4.78675247e-07, 4.46122527e-07, 3.33907383e-06, 3.1359381e-05, 0.000183615412, 0.000732951507, 0.00211029174, 0.00443909643, 0.0072204601, 0.00979887042, 0.0113549149, 0.0112327086, 0.0106417863, 0.0117050512, 0.0129862009, 0.0144143142, 0.0161056425, 0.0181047209, 0.0204115491, 0.0230246652, 0.0258602109, 0.0286823586, 0.0310756024, 0.0325249583, 0.0329277627, 0.0325519927, 0.031712424, 0.0306190643, 0.0293815136, 0.0280481447, 0.0266366564, 0.0251547378, 0.0236109104, 0.0220188648, 0.0203983504, 0.0187738761, 0.0171721876, 0.015619481, 0.0141389705, 0.0127491998, 0.0114631495, 0.0102882124, 0.00922678504, 0.00827722903, 0.00743501307, 0.00669388101, 0.00604670169, 0.0054860441, 0.00500451587, 0.00459492765, 0.0042505064, 0.00396509934, 0.00373325101, 0.0035501048, 0.00341131515, 0.00331296027, 0.00325151836, 2.38882852e-16, 2.37119979e-14, 1.62581027e-12, 5.88350202e-11, 7.76449793e-10, 5.39679723e-09, 2.07929318e-08, 5.30474438e-08, 9.90672575e-08, 2.094895e-07, 1.14850224e-07, 1.02537768e-07, 1.07975467e-07, 1.1311235e-07, 1.1274328e-07, 1.05051235e-07, 1.78089181e-07, 2.55559826e-06, 5.13127743e-05, 0.000467267266, 0.00228698039, 0.00615263917, 0.0107978322, 0.0157548059, 0.0198738798, 0.0211781655, 0.0193544272, 0.0180390086, 0.0185569227, 0.0200555436, 0.0216068532, 0.0232716277, 0.0250179376, 0.0267640166, 0.0284304637, 0.0299506299, 0.0312603824, 0.0323059186, 0.0330655351, 0.0335497558, 0.0337909311, 0.0338258483, 0.0336848982, 0.033390265, 0.0329577588, 0.0323994718, 0.0317258202, 0.0309470147, 0.0300742183, 0.0291201714, 0.0280993003, 0.0270274356, 0.0259212051, 0.0247972272, 0.0236712471, 0.0225574058, 0.021467736, 0.020411972, 0.0193976276, 0.0184301976, 0.0175134074, 0.016649453, 0.015839221, 0.0150825856, 0.0143787274, 0.0137263909, 0.013124031, 0.0125698783, 0.0120619573, 0.011598249] (
            interpolation = "uniform"
        )
        float[] primvars:TAR0_Gas_mass_fractions_9 = [0, 0, 0, 0, 0, 0, 0, 2.0816924e-14, 1.27062455e-14, 0, 0, 0, 0, 0, 0, 0, 0, 0, 0, 0, 0, 0, 0, 0, 0, 0, 0, 0, 0, 0, 0, 0, 0, 0, 0, 0, 0, 0, 0, 0, 0, 0, 0, 0, 0, 0, 0, 0, 0, 0, 0, 0, 0, 0, 0, 0, 0, 0, 0, 0, 0, 0, 0, 0, 0, 0, 0, 0, 0, 0, 0, 0, 0, 0, 0, 4.87276886e-13, 9.37468202e-13, 2.67531873e-13, 0, 0, 0, 0, 0, 0, 0, 0, 0, 0, 0, 0, 0, 0, 0, 0, 0, 0, 0, 0, 0, 0, 0, 0, 0, 0, 0, 0, 0, 0, 0, 0, 0, 0, 0, 0, 0, 0, 0, 0, 0, 0, 0, 0, 0, 0, 0, 0, 0, 0, 0, 0, 0, 0, 0, 0, 0, 0, 0, 0, 0, 0, 0, 0, 0, 0, 0, 3.45279361e-14, 4.6629367e-14, 8.04911693e-14, 0, 0, 0, 0, 0, 0, 0, 0, 0, 0, 0, 0, 0, 0, 0, 0, 0, 0, 0, 0, 0, 0, 0, 0, 0, 0, 0, 0, 0, 0, 0, 0, 0, 0, 0, 0, 0, 0, 0, 0, 0, 0, 0, 0, 0, 0, 0, 0, 0, 0, 0, 0, 0, 0, 0, 0, 0, 0, 0, 0, 0, 0, 0, 0, 0, 0, 0, 0, 0, 2.03825265e-13, 3.73271618e-13, 3.04470208e-13, 0, 0, 0, 0, 0, 0, 0, 0, 0, 0, 0, 0, 0, 0, 0, 0, 0, 0, 0, 0, 0, 0, 0, 0, 0, 0, 0, 0, 0, 0, 0, 0, 0, 0, 0, 0, 0, 0, 0, 0, 0, 0, 0, 0, 0, 0, 0, 0, 0, 0, 0, 0, 0, 0, 0, 0, 0, 0, 0, 0, 0, 0, 0, 0, 0, 0, 0, 0, 1.89548193e-13, 7.94911961e-14, 0, 0, 0, 0, 0, 0, 0, 0, 0, 0, 0, 0, 0, 0, 0, 0, 0, 0, 0, 0, 0, 0, 0, 0, 0, 0, 0, 0, 0, 0, 0, 0, 0, 0, 0, 0, 0, 0, 0, 0, 0, 0, 0, 0, 0, 0, 0, 0, 0, 0, 0, 0, 0, 0, 0, 0, 0, 0, 0, 0, 0, 0, 0, 0, 0, 0, 0, 1.66909206e-12, 1.10472731e-12, 3.33177225e-13, 3.88578059e-14, 0, 0, 0, 0, 0, 0, 0, 0, 0, 0, 0, 0, 0, 0, 0, 0, 0, 0, 0, 0, 0, 0, 0, 0, 0, 0, 0, 0, 0, 0, 0, 0, 0, 0, 0, 0, 0, 0, 0, 0, 0, 0, 0, 0, 0, 0, 0, 0, 0, 0, 0, 0, 0, 0, 0, 0, 0, 0, 0, 0, 0, 0, 0, 0, 0, 0, 0, 0, 0, 0, 1.14352972e-13, 0, 0, 0, 0, 0, 0, 0, 0, 0, 0, 0, 0, 0, 0, 0, 0, 0, 0, 0, 0, 0, 0, 0, 0, 0, 0, 0, 0, 0, 0, 0, 0, 0, 0, 0, 0, 0, 0, 0, 0, 0, 0, 0, 0, 0, 0, 0, 0, 0, 0, 0, 0, 0, 0, 0, 0, 0, 0, 0, 0, 0, 0, 0, 0, 0, 9.88848285e-14, 0, 0, 0, 0, 0, 0, 0, 0, 0, 0, 0, 0, 0, 0, 0, 0, 0, 0, 0, 0, 0, 0, 0, 0, 0, 0, 0, 0, 0, 0, 0, 0, 0, 0, 0, 0, 0, 0, 0, 0, 0, 0, 0, 0, 0, 0, 0, 0, 0, 0, 0, 0, 0, 0, 0, 0, 0, 0, 0, 0, 0, 0, 0, 0, 0, 0, 0, 0, 0, 0, 1.65304334e-13, 0, 0, 0, 0, 0, 0, 0, 0, 0, 0, 0, 0, 0, 0, 0, 0, 0, 0, 0, 0, 0, 0, 0, 0, 0, 0, 0, 0, 0, 0, 0, 0, 0, 0, 0, 0, 0, 0, 0, 0, 0, 0, 0, 0, 0, 0, 0, 0, 0, 0, 0, 0, 0, 0, 0, 0, 0, 0, 0, 0, 0, 0, 0, 0, 0, 0, 0, 0, 0, 0, 0, 0, 8.29259824e-14, 1.62536502e-13, 2.3725466e-13, 2.25264252e-13, 6.33937347e-14, 0, 0, 0, 0, 0, 0, 0, 0, 0, 0, 0, 0, 0, 0, 0, 0, 0, 0, 0, 0, 0, 0, 0, 0, 0, 0, 0, 0, 0, 0, 0, 0, 0, 0, 0, 0, 0, 0, 0, 0, 0, 0, 0, 0, 0, 0, 0, 0, 0, 0, 0, 0, 0, 0] (
            interpolation = "uniform"
        )
        float[] primvars:BIOMASS_Solids_mass_fractions_1_1 = [0, 0, 0, 0, 5.30144355e-08, 0.0600598045, 0.00235794671, 0.00021921724, 2.97913848e-05, 3.73802641e-06, 3.36016037e-09, 9.81504016e-08, 7.50344995e-08, 9.32331332e-08, 9.85407169e-08, 8.98697081e-08, 9.08661661e-08, 9.0824507e-08, 8.93070151e-08, 8.69641283e-08, 8.44992059e-08, 8.24929529e-08, 8.14255117e-08, 8.16029342e-08, 8.29641138e-08, 8.50187689e-08, 8.70949961e-08, 8.86840539e-08, 8.95844678e-08, 8.98196646e-08, 8.94710723e-08, 8.85700686e-08, 8.69753194e-08, 8.61638227e-08, 8.61639009e-08, 8.71089085e-08, 8.85224765e-08, 8.80447573e-08, 9.21285093e-08, 8.72270931e-08, 8.8148532e-08, 9.17831997e-08, 8.82494717e-08, 8.87824498e-08, 9.12599702e-08, 0, 0, 0, 0, 0, 0, 0, 0, 0, 0, 0, 0, 0, 0, 0, 0, 0, 0, 0, 0, 0, 0, 0, 0, 0, 0, 0, 0, 0, 0, 1.94736893e-09, 0, 0.0241788719, 9.12147513e-08, 8.46639239e-08, 8.75313404e-08, 7.32761833e-08, 7.44636566e-08, 8.54090274e-08, 8.57237552e-08, 8.13034049e-08, 7.9320408e-08, 7.98857656e-08, 8.09558571e-08, 8.17822823e-08, 8.24293309e-08, 8.31006375e-08, 8.39072172e-08, 8.48385753e-08, 8.57999041e-08, 8.66699921e-08, 8.73543016e-08, 8.78131559e-08, 8.80503066e-08, 8.80721345e-08, 8.779881e-08, 8.7098698e-08, 8.63664624e-08, 8.6351335e-08, 8.63514416e-08, 8.71330883e-08, 8.85305695e-08, 8.86412863e-08, 8.95409613e-08, 8.75042758e-08, 9.20727885e-08, 9.66421112e-08, 9.01827093e-08, 9.25680368e-08, 0, 0, 0, 0, 0, 0, 0, 0, 0, 0, 0, 0, 0, 0, 0, 0, 0, 0, 0, 0, 0, 0, 0, 0, 0, 0, 0, 0, 0, 0, 0, 0, 1.94736893e-09, 0, 0, 9.56264614e-08, 8.30891977e-08, 8.36942746e-08, 8.76399184e-08, 8.49487378e-08, 8.48015205e-08, 8.46390193e-08, 8.44582644e-08, 8.45690167e-08, 8.48217141e-08, 8.5059547e-08, 8.52843698e-08, 8.55103934e-08, 8.57448015e-08, 8.59840128e-08, 8.62152589e-08, 8.64206768e-08, 8.65860841e-08, 8.67106351e-08, 8.67902088e-08, 8.68087255e-08, 8.66338681e-08, 8.6359357e-08, 8.60778471e-08, 8.65868586e-08, 8.65869723e-08, 8.72130244e-08, 8.8305022e-08, 9.00316834e-08, 8.70452297e-08, 8.79402364e-08, 0, 0, 9.15131864e-08, 9.34340321e-08, 0, 0, 0, 0, 0, 0, 0, 0, 0, 0, 0, 0, 0, 0, 0, 0, 0, 0, 0, 0, 0, 0, 0, 0, 0, 0, 0, 0, 0, 0, 0, 0, 0, 9.09098716e-08, 8.57621387e-08, 9.32845339e-08, 8.61487663e-08, 8.59469225e-08, 8.59319726e-08, 8.59583764e-08, 8.59938254e-08, 8.60118021e-08, 8.6001144e-08, 8.59521663e-08, 8.590645e-08, 8.58953157e-08, 8.5894257e-08, 8.58976463e-08, 8.59034159e-08, 8.59090861e-08, 8.5912248e-08, 8.59132214e-08, 8.59200213e-08, 8.59463682e-08, 8.6003709e-08, 8.6084242e-08, 8.61206999e-08, 8.61317133e-08, 8.62194511e-08, 8.67613679e-08, 8.67614816e-08, 8.73512391e-08, 8.96475711e-08, 9.30414643e-08, 8.65721148e-08, 0, 0, 0, 9.26255836e-08, 0, 0, 0, 0, 0, 0, 0, 0, 0, 0, 0, 0, 0, 0, 0, 0, 0, 0, 0, 0, 0, 0, 0, 0, 0, 0, 0, 0, 0, 0, 0, 0, 0, 0, 0, 9.41243101e-08, 8.60659881e-08, 8.58466507e-08, 8.58710791e-08, 8.597857e-08, 8.6102915e-08, 8.61909157e-08, 8.62262652e-08, 8.62121539e-08, 8.61575842e-08, 8.60759783e-08, 8.59757847e-08, 8.59030678e-08, 8.58257607e-08, 8.57410072e-08, 8.56509388e-08, 8.55738094e-08, 8.55180389e-08, 8.54889279e-08, 8.55137756e-08, 8.56505125e-08, 8.58720171e-08, 8.60312639e-08, 8.62211067e-08, 8.65019842e-08, 8.6881407e-08, 8.68815135e-08, 8.75471073e-08, 9.14404765e-08, 9.23224306e-08, 9.16251892e-08, 0, 0, 0, 0, 0, 0, 0, 0, 0, 0, 0, 0, 0, 0, 0, 0, 0, 0, 0, 0, 0, 0, 0, 0, 0, 0, 0, 0, 0, 0, 0, 0, 0, 0, 0, 0, 0, 0, 0, 7.17339006e-08, 8.59056541e-08, 8.58966587e-08, 8.59868337e-08, 8.61272582e-08, 8.62624532e-08, 8.63369607e-08, 8.63381828e-08, 8.62730971e-08, 8.61612079e-08, 8.60243858e-08, 8.58731752e-08, 8.57089049e-08, 8.55761186e-08, 8.5468109e-08, 8.53656701e-08, 8.53178932e-08, 8.52653699e-08, 8.52668052e-08, 8.53998259e-08, 8.56540936e-08, 8.59410108e-08, 8.6196728e-08, 8.64634231e-08, 8.67193251e-08, 8.69666508e-08, 8.69667502e-08, 8.76984743e-08, 9.48838732e-08, 0, 0, 0, 0, 0, 0, 0, 0, 0, 0, 0, 0, 0, 0, 0, 0, 0, 0, 0, 0, 0, 0, 0, 0, 0, 0, 0, 0, 0, 0, 0, 0, 0, 0, 0, 0, 0, 0, 0, 0, 0, 7.26762082e-08, 8.63842331e-08, 8.60141043e-08, 8.6105068e-08, 8.62351115e-08, 8.63603944e-08, 8.64155894e-08, 8.63873524e-08, 8.62891483e-08, 8.61517719e-08, 8.60058194e-08, 8.58652456e-08, 8.57179643e-08, 8.5531461e-08, 8.53029576e-08, 8.52197672e-08, 8.51963691e-08, 8.51999786e-08, 8.5322803e-08, 8.55791527e-08, 8.59016822e-08, 8.6203805e-08, 8.64552092e-08, 8.66713776e-08, 8.68507257e-08, 8.70251498e-08, 8.70251924e-08, 8.71867201e-08, 0, 0, 0, 9.57269393e-08, 0, 0, 1.13176701e-09, 1.2077854e-10, 1.93125489e-21, 4.58161079e-11, 7.77791373e-11, 7.79148447e-13, 3.3184417e-11, 7.54330105e-12, 2.57421276e-12, 4.23995051e-36, 1.21365261e-14, 5.37060817e-15, 8.92744351e-16, 1.31772179e-14, 1.19591229e-11, 2.29954707e-14, 2.62660868e-14, 2.63866992e-14, 1.24696106e-27, 3.78442791e-39, 4.69770039e-28, 0, 2.83723353e-28, 2.3897163e-13, 0, 1.0232981e-28, 6.24171125e-14, 0, 0, 0, 0, 0, 0, 0, 0, 0, 9.06660489e-08, 9.1342848e-08, 8.62097806e-08, 8.62015241e-08, 8.62790728e-08, 8.64058478e-08, 8.64733423e-08, 8.64563034e-08, 8.6369532e-08, 8.62549356e-08, 8.61545288e-08, 8.60849951e-08, 8.60258282e-08, 8.59273399e-08, 8.5743423e-08, 8.54853539e-08, 8.53620463e-08, 8.54641442e-08, 8.5683169e-08, 8.59706901e-08, 8.62516458e-08, 8.64818972e-08, 8.66612737e-08, 8.68058478e-08, 8.69322179e-08, 8.70114221e-08, 8.70114363e-08, 8.66176464e-08, 9.00848178e-08, 9.02930495e-08, 0, 6.59679813e-08, 9.86868116e-08, 9.96462077e-08, 9.97115492e-08, 0, 9.95308582e-08, 9.95452822e-08, 0, 3.96389943e-08, 5.64550753e-08, 0, 0, 5.44607239e-08, 1.83510114e-08, 5.26252464e-08, 6.48529337e-08, 1.28541338e-08, 2.2995469e-14, 7.66081101e-08, 8.1118138e-08, 2.87573343e-08, 1.24696116e-27, 2.0682009e-08, 9.51280299e-08, 9.79176491e-08, 9.84082718e-08, 9.86857884e-08, 9.88298865e-08, 9.88205642e-08, 9.86142226e-08, 9.85291564e-08, 0, 0, 0, 0, 0, 0, 0, 0, 0, 9.97620475e-08, 8.66138308e-08, 8.64411689e-08, 8.62419753e-08, 8.63750031e-08, 8.65061267e-08, 8.65623804e-08, 8.65315926e-08, 8.64544916e-08, 8.63925536e-08, 8.63818954e-08, 8.64187015e-08, 8.64702443e-08, 8.6496577e-08, 8.64584848e-08, 8.63702212e-08, 8.62089635e-08, 8.62189964e-08, 8.63765237e-08, 8.65459739e-08, 8.66878693e-08, 8.67999859e-08, 8.68984316e-08, 8.6951303e-08, 8.69923937e-08, 8.70041532e-08, 8.702375e-08, 8.70366605e-08, 8.70315731e-08, 8.67343672e-08, 8.67490328e-08, 8.67999219e-08, 8.67754508e-08, 8.67713936e-08, 8.76419648e-08, 8.81746374e-08, 8.82078766e-08, 8.8232774e-08, 8.82591351e-08, 8.82658924e-08, 8.82701414e-08, 8.82713493e-08, 8.8271193e-08, 8.82697293e-08, 8.82679814e-08, 8.82652955e-08, 8.82621762e-08, 8.82589291e-08, 8.82557103e-08, 8.82525768e-08, 8.82491804e-08, 8.82458977e-08, 8.82429205e-08, 8.82399718e-08, 8.82371864e-08, 8.82344935e-08, 8.82318432e-08, 8.82295197e-08, 8.82273454e-08, 8.82251996e-08, 8.82232811e-08, 0, 0, 0, 0, 0, 0, 0, 0, 0, 0, 8.30372358e-08, 9.25987536e-08, 8.61930687e-08, 8.59308074e-08, 8.62153371e-08, 8.65524186e-08, 8.67252652e-08, 8.67186216e-08, 8.66286669e-08, 8.65571934e-08, 8.65538112e-08, 8.66175043e-08, 8.67130936e-08, 8.67983729e-08, 8.68465762e-08, 8.68493046e-08, 8.6836117e-08, 8.68397407e-08, 8.68654553e-08, 8.6901828e-08, 8.69387051e-08, 8.69790213e-08, 8.69930261e-08, 8.70059509e-08, 8.70158772e-08, 8.70237216e-08, 8.70276367e-08, 8.70315446e-08, 8.70315517e-08, 8.66888712e-08, 8.6687983e-08, 8.67203127e-08, 8.67188348e-08, 8.67219612e-08, 8.75570336e-08, 8.80769946e-08, 8.81068942e-08, 8.81298376e-08, 8.81667148e-08, 8.81690099e-08, 8.81704096e-08, 8.81707578e-08, 8.81704665e-08, 8.81695925e-08, 8.81683633e-08, 8.81669138e-08, 8.81652298e-08, 8.8163489e-08, 8.81615563e-08, 8.81596378e-08, 8.81577407e-08, 8.81557298e-08, 8.81537829e-08, 8.81517934e-08, 8.81497471e-08, 8.8147857e-08, 8.8145967e-08, 8.81440556e-08, 8.81422153e-08, 8.81415403e-08] (
            interpolation = "uniform"
        )
        float[] primvars:MOISTURE_Solids_mass_fractions_1_2 = [0, 0, 0, 0, 0, 0, 0, 0, 0, 0, 0, 0, 0, 0, 0, 0, 0, 0, 0, 0, 0, 0, 0, 0, 0, 0, 0, 0, 0, 0, 0, 0, 0, 0, 0, 0, 0, 0, 0, 0, 0, 0, 0, 0, 0, 0, 0, 0, 0, 0, 0, 0, 0, 0, 0, 0, 0, 0, 0, 0, 0, 0, 0, 0, 0, 0, 0, 0, 0, 0, 0, 0, 0, 0, 0, 0, 0, 0, 0, 0, 0, 0, 0, 0, 0, 0, 0, 0, 0, 0, 0, 0, 0, 0, 0, 0, 0, 0, 0, 0, 0, 0, 0, 0, 0, 0, 0, 0, 0, 0, 0, 0, 0, 0, 0, 0, 0, 0, 0, 0, 0, 0, 0, 0, 0, 0, 0, 0, 0, 0, 0, 0, 0, 0, 0, 0, 0, 0, 0, 0, 0, 0, 0, 0, 0, 0, 0, 0, 0, 0, 0, 0, 0, 0, 0, 0, 0, 0, 0, 0, 0, 0, 0, 0, 0, 0, 0, 0, 0, 0, 0, 0, 0, 0, 0, 0, 0, 0, 0, 0, 0, 0, 0, 0, 0, 0, 0, 0, 0, 0, 0, 0, 0, 0, 0, 0, 0, 0, 0, 0, 0, 0, 0, 0, 0, 0, 0, 0, 0, 0, 0, 0, 0, 0, 0, 0, 0, 0, 0, 0, 0, 0, 0, 0, 0, 0, 0, 0, 0, 0, 0, 0, 0, 0, 0, 0, 0, 0, 0, 0, 0, 0, 0, 0, 0, 0, 0, 0, 0, 0, 0, 0, 0, 0, 0, 0, 0, 0, 0, 0, 0, 0, 0, 0, 0, 0, 0, 0, 0, 0, 0, 0, 0, 0, 0, 0, 0, 0, 0, 0, 0, 0, 0, 0, 0, 0, 0, 0, 0, 0, 0, 0, 0, 0, 0, 0, 0, 0, 0, 0, 0, 0, 0, 0, 0, 0, 0, 0, 0, 0, 0, 0, 0, 0, 0, 0, 0, 0, 0, 0, 0, 0, 0, 0, 0, 0, 0, 0, 0, 0, 0, 0, 0, 0, 0, 0, 0, 0, 0, 0, 0, 0, 0, 0, 0, 0, 0, 0, 0, 0, 0, 0, 0, 0, 0, 0, 0, 0, 0, 0, 0, 0, 0, 0, 0, 0, 0, 0, 0, 0, 0, 0, 0, 0, 0, 0, 0, 0, 0, 0, 0, 0, 0, 0, 0, 0, 0, 0, 0, 0, 0, 0, 0, 0, 0, 0, 0, 0, 0, 0, 0, 0, 0, 0, 0, 0, 0, 0, 0, 0, 0, 0, 0, 0, 0, 0, 0, 0, 0, 0, 0, 0, 0, 0, 0, 0, 0, 0, 0, 0, 0, 0, 0, 0, 0, 0, 0, 0, 0, 0, 0, 0, 0, 0, 0, 0, 0, 0, 0, 0, 0, 0, 0, 0, 0, 0, 0, 0, 0, 0, 0, 0, 0, 0, 0, 0, 0, 0, 0, 0, 0, 0, 0, 0, 0, 0, 0, 0, 0, 0, 0, 0, 0, 0, 0, 0, 0, 0, 0, 0, 0, 0, 0, 0, 0, 0, 0, 0, 0, 0, 0, 0, 0, 0, 0, 0, 0, 0, 0, 0, 0, 0, 0, 0, 0, 0, 0, 0, 0, 0, 0, 0, 0, 0, 0, 0, 0, 0, 0, 0, 0, 0, 0, 0, 0, 0, 0, 0, 0, 0, 0, 0, 0, 0, 0, 0, 0, 0, 0, 0, 0, 0, 0, 0, 0, 0, 0, 0, 0, 0, 0, 0, 0, 0, 0, 0, 0, 0, 0, 0, 0, 0, 0, 0, 0, 0, 0, 0, 0, 0, 0, 0, 0, 0, 0, 0, 0, 0, 0, 0, 0, 0, 0, 0, 0, 0, 0, 0, 0, 0, 0, 0, 0, 0, 0, 0, 0, 0, 0, 0, 0, 0, 0, 0, 0, 0, 0, 0, 0, 0, 0, 0, 0, 0, 0, 0, 0, 0, 0, 0, 0, 0, 0, 0, 0, 0, 0, 0, 0, 0, 0, 0, 0, 0, 0, 0, 0, 0, 0, 0, 0, 0, 0, 0, 0, 0, 0, 0, 0, 0, 0, 0, 0, 0, 0, 0, 0, 0, 0, 0, 0, 0, 0, 0, 0, 0, 0, 0, 0, 0, 0, 0, 0, 0, 0, 0, 0, 0, 0, 0, 0, 0, 0, 0, 0, 0, 0, 0, 0, 0] (
            interpolation = "uniform"
        )
        float[] primvars:CHAR_Solids_mass_fractions_1_3 = [0, 0, 0, 0, 0.742167711, 0.724012196, 0.770994186, 0.765099585, 0.759592354, 0.753711402, 0.750185728, 0.749169111, 0.749965727, 0.751225889, 0.752310336, 0.753098726, 0.753618658, 0.753918171, 0.754045367, 0.754007936, 0.753778577, 0.753307819, 0.752557576, 0.751552999, 0.750420034, 0.74935329, 0.748526514, 0.748030186, 0.747881055, 0.748072267, 0.748621166, 0.749545991, 0.750837505, 0.750864089, 0.75086385, 0.749759436, 0.745657802, 0.748615265, 0.740159512, 0.754094839, 0.753524244, 0.740602195, 0.751048386, 0.75029248, 0.743941903, 0, 0, 0, 0, 0, 0, 0, 0, 0, 0, 0, 0, 0, 0, 0, 0, 0, 0, 0, 0, 0, 0, 0, 0, 0, 0, 0, 0, 0, 0, 0, 7.76585107e-09, 0.731444359, 0.736521184, 0.693466425, 0.720867693, 0.734641969, 0.741002202, 0.7442137, 0.745558739, 0.746257424, 0.746854246, 0.747348547, 0.747636497, 0.747732162, 0.747695267, 0.747594118, 0.747491002, 0.747433841, 0.747450233, 0.747546256, 0.74770999, 0.747920096, 0.748167634, 0.748474002, 0.748943388, 0.749942243, 0.750926495, 0.75059247, 0.750592172, 0.749751747, 0.745604753, 0.746927619, 0.747539461, 0.753515124, 0.743388414, 0.727148056, 0.745826721, 0.739797473, 0, 0, 0, 0, 0, 0, 0, 0, 0, 0, 0, 0, 0, 0, 0, 0, 0, 0, 0, 0, 0, 0, 0, 0, 0, 0, 0, 0, 0, 0, 0, 0, 0, 0, 0, 0.597928464, 0.719845414, 0.739813447, 0.745023191, 0.746659636, 0.747186422, 0.747146785, 0.746883333, 0.747194171, 0.747772157, 0.748223245, 0.748559952, 0.748806834, 0.748982608, 0.749100745, 0.749171376, 0.749200761, 0.749188483, 0.749135613, 0.749074757, 0.749106884, 0.749504745, 0.750403404, 0.751085401, 0.750370383, 0.750370026, 0.749586046, 0.746092737, 0.743000209, 0.748170555, 0.752648771, 0.666766286, 0.708097816, 0.74233973, 0.737622917, 0, 0, 0, 0, 0, 0, 0, 0, 0, 0, 0, 0, 0, 0, 0, 0, 0, 0, 0, 0, 0, 0, 0, 0, 0, 0, 0, 0, 0, 0, 0, 0, 0, 0, 0.0566245019, 0.655909777, 0.737139821, 0.7489838, 0.751562893, 0.752115726, 0.752181113, 0.752120852, 0.752011776, 0.751823723, 0.751667857, 0.75156039, 0.751471817, 0.751378059, 0.751259387, 0.751102149, 0.750898778, 0.750639796, 0.750318825, 0.749956071, 0.74963671, 0.749591529, 0.750058532, 0.750737786, 0.750813961, 0.750201404, 0.750201106, 0.749222815, 0.742084265, 0.736216784, 0.751428366, 0.690778971, 0.670967042, 0.568740308, 0.739605546, 0, 0, 0, 0, 0, 0, 0, 0, 0, 0, 0, 0, 0, 0, 0, 0, 0, 0, 0, 0, 0, 0, 0, 0, 0, 0, 0, 0, 0, 0, 0, 0, 0, 0, 0, 0.506958723, 0.723604441, 0.747961164, 0.752284884, 0.752786279, 0.752596557, 0.752325416, 0.752096713, 0.751944721, 0.751889646, 0.751934946, 0.752050877, 0.752150476, 0.752148926, 0.752044201, 0.751842737, 0.751553655, 0.751162827, 0.750680864, 0.750183523, 0.749870896, 0.749994934, 0.750402629, 0.750671506, 0.750459015, 0.750076711, 0.750076354, 0.748639703, 0.737300038, 0.731604755, 0.739736319, 0.672432184, 0.65868032, 0.589950442, 0, 0, 0, 0, 0, 0, 0, 0, 0, 0, 0, 0, 0, 0, 0, 0, 0, 0, 0, 0, 0, 0, 0, 0, 0, 0, 0, 0, 0, 0, 0, 0, 0, 0, 0, 0, 0.616597235, 0.733632445, 0.750173092, 0.75266403, 0.75265342, 0.752286494, 0.7519297, 0.751654148, 0.751493514, 0.751464188, 0.751552522, 0.751734972, 0.752001941, 0.752162635, 0.752032876, 0.751817048, 0.751529038, 0.751081765, 0.750560164, 0.750166357, 0.750078738, 0.750250161, 0.750431836, 0.7504161, 0.750207663, 0.749977708, 0.74997741, 0.747992396, 0.731007576, 0.639529228, 0.663963139, 0.667340755, 0.600702167, 0.61617732, 0, 0, 0, 0, 0, 0, 0, 0, 0, 0, 0, 0, 0, 0, 0, 0, 0, 0, 0, 0, 0, 0, 0, 0, 0, 0, 0, 0, 0, 0, 0, 0, 0, 0, 0, 0, 0.586067736, 0.728515089, 0.749634087, 0.752495706, 0.752473295, 0.752060354, 0.751661777, 0.751367629, 0.751213908, 0.75119096, 0.751244247, 0.751311302, 0.751358271, 0.75139606, 0.751472294, 0.751454234, 0.75119102, 0.750765145, 0.750385523, 0.75019443, 0.750195801, 0.750266612, 0.750273705, 0.750188828, 0.750050604, 0.749896228, 0.749896109, 0.748600185, 0.667796493, 0.66873163, 0.416109115, 0.731785297, 0.573102772, 0.603836, 0.00688153319, 0.000755390851, 1.37543734e-14, 0.000277035229, 0.000491097104, 4.5759698e-06, 0.000184433229, 3.52893148e-05, 1.29230293e-05, 0, 9.9982806e-08, 4.68825441e-08, 7.79318299e-09, 9.99882488e-08, 6.65992993e-05, 1.36112064e-07, 1.56076126e-07, 1.58255148e-07, 0, 0, 0, 0, 0, 1.56072952e-06, 0, 1.29916997e-18, 4.08276833e-07, 0, 0, 0, 0, 0, 0, 0, 0, 8.72358186e-08, 0.182158262, 0.696101904, 0.746699989, 0.752085388, 0.752431691, 0.752022982, 0.751572907, 0.75122118, 0.751001716, 0.750887811, 0.750807464, 0.750700712, 0.7505759, 0.750510335, 0.750600398, 0.75073123, 0.750679255, 0.750418603, 0.7502262, 0.750149488, 0.750142455, 0.750136316, 0.750097156, 0.750030637, 0.749942899, 0.749868333, 0.749868274, 0.749214292, 0.735140979, 0.740827501, 0.713305891, 0.71456784, 0.721801162, 0.719061255, 0.718816578, 0.717765927, 0.719163418, 0.719122708, 0.716754079, 0.321214408, 0.448724359, 0.710687459, 0.708887219, 0.433822274, 0.151909977, 0.421951383, 0.507627487, 0.106672123, 1.8962983e-07, 0.587142467, 0.610463142, 0.235767409, 0, 0.169708177, 0.689458072, 0.699722052, 0.706366837, 0.709346294, 0.71148473, 0.71322304, 0.714458346, 0.715275705, 0, 0, 0, 0, 0, 0, 0, 0, 1.1943021e-09, 0.58148551, 0.733837664, 0.750306368, 0.752565682, 0.752315402, 0.751783133, 0.751294911, 0.750917614, 0.750665545, 0.75049144, 0.750329316, 0.750159681, 0.75001061, 0.749916077, 0.749900579, 0.749929368, 0.749998808, 0.750019372, 0.750009, 0.749999464, 0.749981463, 0.749951243, 0.749911785, 0.749873579, 0.749837399, 0.749793231, 0.749737144, 0.749711633, 0.749723077, 0.749915957, 0.749948144, 0.750013173, 0.749981999, 0.749993682, 0.750559449, 0.751083076, 0.751140177, 0.751191378, 0.751258492, 0.751289606, 0.751316965, 0.751337349, 0.751357257, 0.75137496, 0.751389384, 0.751404524, 0.751418829, 0.751431763, 0.751443982, 0.75145489, 0.751466155, 0.751476586, 0.751485705, 0.751494646, 0.751502752, 0.751510501, 0.751518011, 0.751524508, 0.751530468, 0.75153625, 0.751541317, 0, 0, 0, 0, 0, 0, 0, 0, 0, 0, 0.0578910336, 0.720449626, 0.751555741, 0.753605187, 0.753029168, 0.752205968, 0.751426458, 0.750824094, 0.750479996, 0.750296593, 0.750149846, 0.74999851, 0.749860585, 0.749762833, 0.749714971, 0.749711156, 0.749728262, 0.749755204, 0.749776542, 0.749786139, 0.749786675, 0.749780297, 0.749771059, 0.74976176, 0.749749124, 0.749737203, 0.74973017, 0.749723136, 0.749723136, 0.750121534, 0.750124097, 0.750140846, 0.750145137, 0.750136077, 0.750801206, 0.751358688, 0.751425087, 0.751481712, 0.751608312, 0.751625657, 0.751641154, 0.75165379, 0.751664042, 0.751674056, 0.751683056, 0.751690924, 0.751698792, 0.751705766, 0.751712978, 0.751719534, 0.751725614, 0.751731873, 0.751737654, 0.751743436, 0.751749218, 0.751754463, 0.751759589, 0.751764715, 0.751769602, 0.75177151] (
            interpolation = "uniform"
        )
        float[] primvars:ASH_Solids_mass_fractions_1_4 = [1, 1, 1, 1, 0.257832229, 0.215927988, 0.226647899, 0.234681174, 0.240377873, 0.246284828, 0.249814257, 0.25083077, 0.250034183, 0.248774052, 0.247689545, 0.246901184, 0.246381283, 0.246081755, 0.245954573, 0.245991945, 0.246221364, 0.246692076, 0.24744235, 0.248446912, 0.249579877, 0.250646651, 0.251473397, 0.251969725, 0.252118886, 0.251927644, 0.251378715, 0.250453889, 0.249162436, 0.249135822, 0.249136046, 0.250240505, 0.254342079, 0.251384676, 0.259840399, 0.245905071, 0.246475667, 0.259397715, 0.248951539, 0.24970746, 0.256058007, 1, 1, 1, 1, 1, 1, 1, 1, 1, 1, 1, 1, 1, 1, 1, 1, 1, 1, 1, 1, 1, 1, 1, 1, 1, 1, 1, 1, 1, 1, 1, 1, 0.244376779, 0.263478696, 0.306533486, 0.279132247, 0.265357971, 0.258997709, 0.25578621, 0.254441202, 0.253742486, 0.253145665, 0.252651393, 0.252363443, 0.252267778, 0.252304614, 0.252405822, 0.252508909, 0.252566069, 0.252549708, 0.252453685, 0.252289891, 0.252079844, 0.251832277, 0.251525879, 0.251056522, 0.250057697, 0.249073401, 0.249407411, 0.249407724, 0.250248194, 0.254395187, 0.253072292, 0.25246045, 0.246484786, 0.256611496, 0.272851855, 0.254173189, 0.260202408, 1, 1, 1, 1, 1, 1, 1, 1, 1, 1, 1, 1, 1, 1, 1, 1, 1, 1, 1, 1, 1, 1, 1, 1, 1, 1, 1, 1, 1, 1, 1, 1, 1, 1, 1, 0.402071416, 0.280154467, 0.260186464, 0.254976749, 0.253340244, 0.252813458, 0.252853155, 0.253116608, 0.25280574, 0.252227753, 0.251776636, 0.251439959, 0.251193076, 0.251017272, 0.250899166, 0.250828534, 0.250799179, 0.250811458, 0.250864297, 0.250925183, 0.250893027, 0.250495166, 0.249596506, 0.24891454, 0.249629527, 0.249629855, 0.250413895, 0.253907174, 0.256999671, 0.251829356, 0.247351125, 0.333233714, 0.291902155, 0.257660151, 0.262376964, 1, 1, 1, 1, 1, 1, 1, 1, 1, 1, 1, 1, 1, 1, 1, 1, 1, 1, 1, 1, 1, 1, 1, 1, 1, 1, 1, 1, 1, 1, 1, 1, 1, 1, 0.943375409, 0.344090134, 0.26286009, 0.25101608, 0.248437017, 0.247884214, 0.247818798, 0.247879073, 0.247988164, 0.248176217, 0.248332053, 0.24843955, 0.248528123, 0.248621821, 0.248740539, 0.248897791, 0.249101147, 0.249360129, 0.249681056, 0.250043839, 0.250363201, 0.250408381, 0.249941379, 0.249262109, 0.249185964, 0.249798506, 0.249798834, 0.250777096, 0.257915676, 0.263783127, 0.248571515, 0.309220999, 0.329032928, 0.431259662, 0.260394365, 1, 1, 1, 1, 1, 1, 1, 1, 1, 1, 1, 1, 1, 1, 1, 1, 1, 1, 1, 1, 1, 1, 1, 1, 1, 1, 1, 1, 1, 1, 1, 1, 1, 1, 1, 0.493041158, 0.27639547, 0.252038777, 0.247715041, 0.247213662, 0.247403339, 0.247674495, 0.247903198, 0.248055205, 0.248110265, 0.248064995, 0.247949049, 0.24784942, 0.247850969, 0.247955725, 0.248157203, 0.248446256, 0.248837069, 0.249319032, 0.249816403, 0.250129014, 0.250005007, 0.249597311, 0.249328375, 0.249540895, 0.249923214, 0.249923527, 0.251360208, 0.262699842, 0.268395156, 0.260263592, 0.327567816, 0.34131971, 0.410049558, 1, 1, 1, 1, 1, 1, 1, 1, 1, 1, 1, 1, 1, 1, 1, 1, 1, 1, 1, 1, 1, 1, 1, 1, 1, 1, 1, 1, 1, 1, 1, 1, 1, 1, 1, 1, 0.383402705, 0.266367465, 0.249826789, 0.247335866, 0.247346476, 0.247713417, 0.248070195, 0.248345777, 0.248506397, 0.248535722, 0.248447388, 0.248264924, 0.247997999, 0.247837305, 0.24796702, 0.248182848, 0.248470873, 0.248918146, 0.249439731, 0.249833554, 0.249921173, 0.24974975, 0.24956806, 0.249583811, 0.249792233, 0.250022233, 0.250022501, 0.252007544, 0.268992335, 0.360470802, 0.336036891, 0.332659245, 0.399297833, 0.38382268, 1, 1, 1, 1, 1, 1, 1, 1, 1, 1, 1, 1, 1, 1, 1, 1, 1, 1, 1, 1, 1, 1, 1, 1, 1, 1, 1, 1, 1, 1, 1, 1, 1, 1, 1, 1, 0.413932204, 0.271484822, 0.250365853, 0.247504219, 0.247526631, 0.247939572, 0.248338148, 0.248632297, 0.248786002, 0.248808965, 0.248755649, 0.248688638, 0.24864164, 0.248603836, 0.248527616, 0.248545662, 0.248808891, 0.249234781, 0.249614403, 0.24980545, 0.249804109, 0.249733299, 0.249726191, 0.249811113, 0.249949276, 0.250103682, 0.250103801, 0.251399696, 0.332203507, 0.33126834, 0.583890855, 0.268214613, 0.426897258, 0.39616403, 0.993118465, 0.99924463, 1, 0.999722958, 0.999508917, 0.99999541, 0.999815583, 0.999964714, 0.999987066, 1, 0.999999881, 0.99999994, 1, 0.999999881, 0.999933422, 0.999999881, 0.999999821, 0.999999821, 1, 1, 1, 1, 1, 0.99999845, 1, 1, 0.999999583, 1, 1, 1, 1, 1, 1, 1, 1, 1, 0.817841649, 0.303898007, 0.253299922, 0.247914538, 0.247568235, 0.247976959, 0.248427019, 0.248778746, 0.248998225, 0.249112085, 0.249192476, 0.249299213, 0.249424011, 0.249489605, 0.249399498, 0.249268666, 0.249320686, 0.249581292, 0.249773741, 0.249850407, 0.24985747, 0.24986358, 0.249902785, 0.249969304, 0.250057012, 0.250131577, 0.250131607, 0.250785619, 0.264858902, 0.25917238, 0.286694139, 0.28543213, 0.278198719, 0.280938655, 0.281183332, 0.282234073, 0.280836523, 0.280877203, 0.283245891, 0.678785563, 0.551275611, 0.289312541, 0.29111281, 0.566177666, 0.848089993, 0.578048587, 0.492372453, 0.893327892, 0.999999821, 0.412857473, 0.389536768, 0.764232576, 1, 0.830291808, 0.310541838, 0.300277889, 0.293633074, 0.290653616, 0.288515151, 0.28677687, 0.285541564, 0.284724236, 1, 1, 1, 1, 1, 1, 1, 1, 1, 0.418514401, 0.266162276, 0.249693573, 0.247434229, 0.247684538, 0.248216778, 0.248705, 0.249082312, 0.24933438, 0.249508455, 0.249670625, 0.249840245, 0.249989331, 0.250083834, 0.250099331, 0.250070572, 0.250001132, 0.249980554, 0.249990925, 0.250000447, 0.250018448, 0.250048637, 0.250088096, 0.250126332, 0.250162542, 0.250206709, 0.250262767, 0.250288278, 0.250276864, 0.250083953, 0.250051796, 0.249986753, 0.250017941, 0.250006258, 0.249440432, 0.248916835, 0.248859704, 0.248808503, 0.248741403, 0.248710319, 0.248682961, 0.248662561, 0.248642683, 0.248624936, 0.248610511, 0.248595402, 0.248581067, 0.248568133, 0.248555928, 0.248545006, 0.248533726, 0.248523325, 0.24851419, 0.248505294, 0.248497128, 0.24848938, 0.248481885, 0.248475432, 0.248469472, 0.24846369, 0.248458594, 1, 1, 1, 1, 1, 1, 1, 1, 1, 1, 0.94210887, 0.279550284, 0.248444185, 0.246394753, 0.246970773, 0.247793913, 0.248573467, 0.249175817, 0.249519944, 0.249703318, 0.249850094, 0.250001401, 0.250139326, 0.250237077, 0.25028491, 0.250288785, 0.250271678, 0.250244737, 0.250223368, 0.250213772, 0.250213236, 0.250219584, 0.250228882, 0.25023815, 0.250250787, 0.250262678, 0.250269741, 0.250276774, 0.250276804, 0.249878377, 0.249875814, 0.249859065, 0.249854803, 0.249863818, 0.24919872, 0.248641208, 0.248574808, 0.248518229, 0.248391584, 0.248374254, 0.248358786, 0.24834615, 0.248335868, 0.248325855, 0.248316839, 0.248308972, 0.248301104, 0.248294115, 0.248286963, 0.248280391, 0.248274297, 0.248268053, 0.248262241, 0.248256475, 0.248250678, 0.248245433, 0.248240292, 0.248235166, 0.248230308, 0.248228386] (
            interpolation = "uniform"
        )
        color3f[] primvars:displayColor = [(0, 0.203121766, 1), (0, 0.203365952, 1), (0, 0.20623979, 1), (0, 0.227765366, 1), (0.162024081, 1, 0), (0, 0.430173367, 1), (0, 0.0824959129, 1), (0, 0.0109506194, 1), (0, 0, 1), (0, 0.00989875849, 1), (0, 0.222355798, 1), (0, 0.233625725, 1), (0, 0.214109957, 1), (0, 0.183080077, 1), (0, 0.1512613, 1), (0, 0.133154273, 1), (0, 0.136816993, 1), (0, 0.159225374, 1), (0, 0.190067425, 1), (0, 0.219237775, 1), (0, 0.241045102, 1), (0, 0.254512668, 1), (0, 0.261180699, 1), (0, 0.263171732, 1), (0, 0.262213796, 1), (0, 0.259584129, 1), (0, 0.256034106, 1), (0, 0.251995713, 1), (0, 0.247638017, 1), (0, 0.242848292, 1), (0, 0.23726967, 1), (0, 0.230488926, 1), (0, 0.227953196, 1), (0, 0.231465653, 1), (0, 0.214617103, 1), (0, 0.201769382, 1), (0, 0.201713026, 1), (0, 0.201731816, 1), (0, 0.201731816, 1), (0, 0.201731816, 1), (0, 0.201731816, 1), (0, 0.201731816, 1), (0, 0.201731816, 1), (0, 0.201731816, 1), (0, 0.201731816, 1), (0, 0.201731816, 1), (0, 0.201731816, 1), (0, 0.201731816, 1), (0, 0.201731816, 1), (0, 0.201731816, 1), (0, 0.201731816, 1), (0, 0.201731816, 1), (0, 0.201731816, 1), (0, 0.201731816, 1), (0, 0.201731816, 1), (0, 0.201731816, 1), (0, 0.201731816, 1), (0, 0.201731816, 1), (0, 0.201731816, 1), (0, 0.201731816, 1), (0, 0.201731816, 1), (0, 0.201731816, 1), (0, 0.201731816, 1), (0, 0.201731816, 1), (0, 0.201731816, 1), (0, 0.201731816, 1), (0, 0.201731816, 1), (0, 0.201731816, 1), (0, 0.201731816, 1), (0, 0.201731816, 1), (0, 0.203121766, 1), (0, 0.203422308, 1), (0, 0.206352487, 1), (0, 0.223219827, 1), (0, 0.287965596, 1), (0, 0.347245455, 1), (0, 0.428633153, 1), (0, 1, 0.916846693), (0, 0.488664329, 1), (0, 0.366610944, 1), (0, 0.307368666, 1), (0, 0.276582956, 1), (0, 0.262833625, 1), (0, 0.260842621, 1), (0, 0.263979405, 1), (0, 0.263453484, 1), (0, 0.262533098, 1), (0, 0.261950821, 1), (0, 0.261124372, 1), (0, 0.259715617, 1), (0, 0.25781852, 1), (0, 0.255489409, 1), (0, 0.252840966, 1), (0, 0.250023484, 1), (0, 0.247206002, 1), (0, 0.244482428, 1), (0, 0.242003039, 1), (0, 0.2398054, 1), (0, 0.237795606, 1), (0, 0.235654309, 1), (0, 0.232987091, 1), (0, 0.229681253, 1), (0, 0.229155317, 1), (0, 0.231052428, 1), (0, 0.221379071, 1), (0, 0.201713026, 1), (0, 0.201111972, 1), (0, 0.200679958, 1), (0, 0.200229153, 1), (0, 0.199815929, 1), (0, 0.199459046, 1), (0, 0.199177295, 1), (0, 0.19893311, 1), (0, 0.198764071, 1), (0, 0.198632583, 1), (0, 0.198538661, 1), (0, 0.19848232, 1), (0, 0.198444754, 1), (0, 0.198425964, 1), (0, 0.198444754, 1), (0, 0.198444754, 1), (0, 0.198444754, 1), (0, 0.198444754, 1), (0, 0.198444754, 1), (0, 0.198444754, 1), (0, 0.198444754, 1), (0, 0.198463529, 1), (0, 0.198463529, 1), (0, 0.198463529, 1), (0, 0.198463529, 1), (0, 0.198463529, 1), (0, 0.19848232, 1), (0, 0.19848232, 1), (0, 0.19848232, 1), (0, 0.19848232, 1), (0, 0.198501095, 1), (0, 0.198501095, 1), (0, 0.198501095, 1), (0, 0.198501095, 1), (0, 0.198501095, 1), (0, 0.203159332, 1), (0, 0.204004586, 1), (0, 0.21037209, 1), (0, 0.235710666, 1), (0, 0.291177511, 1), (0, 0.361257732, 1), (0, 0.428614348, 1), (0, 0.459663033, 1), (0.00743815629, 1, 0), (0, 1, 0.528991878), (0, 0.296286553, 1), (0, 0.240105942, 1), (0, 0.235353783, 1), (0, 0.234414622, 1), (0, 0.234696373, 1), (0, 0.236067548, 1), (0, 0.237194538, 1), (0, 0.236067548, 1), (0, 0.234658808, 1), (0, 0.233437896, 1), (0, 0.232404813, 1), (0, 0.231540784, 1), (0, 0.230864584, 1), (0, 0.230376229, 1), (0, 0.230113268, 1), (0, 0.230056912, 1), (0, 0.230244741, 1), (0, 0.230695546, 1), (0, 0.231221467, 1), (0, 0.231446877, 1), (0, 0.230939731, 1), (0, 0.229700029, 1), (0, 0.230169609, 1), (0, 0.230733112, 1), (0, 0.22588703, 1), (0, 0.204812258, 1), (0, 0.201130748, 1), (0, 0.200435773, 1), (0, 0.199740797, 1), (0, 0.199064597, 1), (0, 0.198388398, 1), (0, 0.197768554, 1), (0, 0.197205052, 1), (0, 0.196773037, 1), (0, 0.196491301, 1), (0, 0.196265891, 1), (0, 0.196115628, 1), (0, 0.196021721, 1), (0, 0.19598414, 1), (0, 0.195965365, 1), (0, 0.195946574, 1), (0, 0.195965365, 1), (0, 0.19598414, 1), (0, 0.19598414, 1), (0, 0.19600293, 1), (0, 0.19598414, 1), (0, 0.19598414, 1), (0, 0.195946574, 1), (0, 0.195909008, 1), (0, 0.195852667, 1), (0, 0.195815101, 1), (0, 0.195758745, 1), (0, 0.195702404, 1), (0, 0.195664838, 1), (0, 0.195608482, 1), (0, 0.195589706, 1), (0, 0.195552126, 1), (0, 0.19553335, 1), (0, 0.19551456, 1), (0, 0.19551456, 1), (0, 0.203272045, 1), (0, 0.205638722, 1), (0, 0.219613448, 1), (0, 0.262082309, 1), (0, 0.331880778, 1), (0, 0.398655117, 1), (0, 0.448956579, 1), (0, 0.735457063, 1), (0.682150304, 1, 0), (0, 1, 0.87407726), (0, 0.241495892, 1), (0, 0.214861289, 1), (0, 0.213302284, 1), (0, 0.213302284, 1), (0, 0.213584021, 1), (0, 0.213959694, 1), (0, 0.214541972, 1), (0, 0.215499923, 1), (0, 0.216251239, 1), (0, 0.216720819, 1), (0, 0.2171904, 1), (0, 0.217829034, 1), (0, 0.218674287, 1), (0, 0.219744921, 1), (0, 0.221059754, 1), (0, 0.222618759, 1), (0, 0.224478289, 1), (0, 0.226638362, 1), (0, 0.228817225, 1), (0, 0.230357438, 1), (0, 0.230639189, 1), (0, 0.230056912, 1), (0, 0.230751887, 1), (0, 0.230357438, 1), (0, 0.227821708, 1), (0, 0.209263891, 1), (0, 0.203253254, 1), (0, 0.201337367, 1), (0, 0.200304285, 1), (0, 0.199515387, 1), (0, 0.198801637, 1), (0, 0.198087871, 1), (0, 0.197374105, 1), (0, 0.197280183, 1), (0, 0.197580725, 1), (0, 0.197824895, 1), (0, 0.197918817, 1), (0, 0.197937608, 1), (0, 0.197956383, 1), (0, 0.197975174, 1), (0, 0.197993949, 1), (0, 0.198031515, 1), (0, 0.198069081, 1), (0, 0.198125437, 1), (0, 0.198163003, 1), (0, 0.198181778, 1), (0, 0.198200569, 1), (0, 0.198200569, 1), (0, 0.198200569, 1), (0, 0.198163003, 1), (0, 0.198125437, 1), (0, 0.198069081, 1), (0, 0.198031515, 1), (0, 0.197975174, 1), (0, 0.197918817, 1), (0, 0.197862476, 1), (0, 0.197824895, 1), (0, 0.19778733, 1), (0, 0.197749764, 1), (0, 0.197749764, 1), (0, 0.203610137, 1), (0, 0.209132403, 1), (0, 0.23385112, 1), (0, 0.289956599, 1), (0, 0.361577034, 1), (0, 0.423186004, 1), (0, 0.482033849, 1), (0.106463306, 1, 0), (0.105223611, 1, 0), (0, 0.27288267, 1), (0, 0.214485615, 1), (0, 0.211949885, 1), (0, 0.212081373, 1), (0, 0.21240069, 1), (0, 0.212757558, 1), (0, 0.213058099, 1), (0, 0.213264719, 1), (0, 0.213302284, 1), (0, 0.213152006, 1), (0, 0.213058099, 1), (0, 0.213152006, 1), (0, 0.213922128, 1), (0, 0.215236947, 1), (0, 0.216889873, 1), (0, 0.218730628, 1), (0, 0.220947057, 1), (0, 0.223708183, 1), (0, 0.226788625, 1), (0, 0.229455844, 1), (0, 0.230695546, 1), (0, 0.230770677, 1), (0, 0.230545282, 1), (0, 0.230639189, 1), (0, 0.229887858, 1), (0, 0.22836642, 1), (0, 0.213828206, 1), (0, 0.207028687, 1), (0, 0.203929454, 1), (0, 0.202276528, 1), (0, 0.20122467, 1), (0, 0.200416982, 1), (0, 0.199759573, 1), (0, 0.199196085, 1), (0, 0.198782846, 1), (0, 0.198501095, 1), (0, 0.19825691, 1), (0, 0.198069081, 1), (0, 0.197956383, 1), (0, 0.197975174, 1), (0, 0.198069081, 1), (0, 0.198163003, 1), (0, 0.198219344, 1), (0, 0.1982757, 1), (0, 0.198350832, 1), (0, 0.19848232, 1), (0, 0.198651358, 1), (0, 0.198801637, 1), (0, 0.1989519, 1), (0, 0.199045807, 1), (0, 0.199120939, 1), (0, 0.199139729, 1), (0, 0.199139729, 1), (0, 0.199102163, 1), (0, 0.199064597, 1), (0, 0.199008241, 1), (0, 0.198970675, 1), (0, 0.19893311, 1), (0, 0.198914334, 1), (0, 0.198895544, 1), (0, 0.198895544, 1), (0, 0.204117283, 1), (0, 0.212813914, 1), (0, 0.244012848, 1), (0, 0.303593218, 1), (0, 0.373410463, 1), (0, 0.433873653, 1), (0, 0.485602647, 1), (1, 0.2117057, 0), (0, 0.970698178, 1), (0, 0.237457499, 1), (0, 0.213846996, 1), (0, 0.21219407, 1), (0, 0.212588519, 1), (0, 0.213189572, 1), (0, 0.21379064, 1), (0, 0.214316577, 1), (0, 0.214692235, 1), (0, 0.21491763, 1), (0, 0.215049118, 1), (0, 0.215124249, 1), (0, 0.215255737, 1), (0, 0.215781659, 1), (0, 0.217359453, 1), (0, 0.218993589, 1), (0, 0.22040233, 1), (0, 0.222975641, 1), (0, 0.226131216, 1), (0, 0.228723302, 1), (0, 0.230338663, 1), (0, 0.230902165, 1), (0, 0.230827019, 1), (0, 0.230582848, 1), (0, 0.230244741, 1), (0, 0.229418278, 1), (0, 0.228272513, 1), (0, 0.218167126, 1), (0, 0.211949885, 1), (0, 0.208362296, 1), (0, 0.206202224, 1), (0, 0.204774693, 1), (0, 0.2037604, 1), (0, 0.202971503, 1), (0, 0.20235166, 1), (0, 0.201825723, 1), (0, 0.201337367, 1), (0, 0.200886562, 1), (0, 0.200454548, 1), (0, 0.200060099, 1), (0, 0.199684441, 1), (0, 0.199365124, 1), (0, 0.199102163, 1), (0, 0.198914334, 1), (0, 0.198801637, 1), (0, 0.198764071, 1), (0, 0.198820412, 1), (0, 0.198914334, 1), (0, 0.199083373, 1), (0, 0.199289992, 1), (0, 0.199515387, 1), (0, 0.199759573, 1), (0, 0.199984968, 1), (0, 0.200172812, 1), (0, 0.200341851, 1), (0, 0.200435773, 1), (0, 0.200492114, 1), (0, 0.200492114, 1), (0, 0.200416982, 1), (0, 0.200304285, 1), (0, 0.200172812, 1), (0, 0.200022534, 1), (0, 0.204192415, 1), (0, 0.213001743, 1), (0, 0.24277316, 1), (0, 0.299160391, 1), (0, 0.368320227, 1), (0, 0.431093752, 1), (0, 0.47932905, 1), (1, 0, 0), (0, 1, 0.929919779), (0, 0.249027967, 1), (0, 0.215650186, 1), (0, 0.212626085, 1), (0, 0.21311444, 1), (0, 0.213940904, 1), (0, 0.214729801, 1), (0, 0.215443566, 1), (0, 0.2160822, 1), (0, 0.216777176, 1), (0, 0.21765998, 1), (0, 0.218786985, 1), (0, 0.220120594, 1), (0, 0.221435413, 1), (0, 0.222092822, 1), (0, 0.2226751, 1), (0, 0.224008709, 1), (0, 0.226394191, 1), (0, 0.228535473, 1), (0, 0.22998178, 1), (0, 0.230695546, 1), (0, 0.230808243, 1), (0, 0.230620414, 1), (0, 0.230301097, 1), (0, 0.229812726, 1), (0, 0.229042619, 1), (0, 0.228084669, 1), (0, 0.222581193, 1), (0, 0.217697546, 1), (0, 0.214279011, 1), (0, 0.211968675, 1), (0, 0.210334525, 1), (0, 0.209113613, 1), (0, 0.208155677, 1), (0, 0.207366779, 1), (0, 0.206671804, 1), (0, 0.20603317, 1), (0, 0.205394536, 1), (0, 0.204774693, 1), (0, 0.204154849, 1), (0, 0.203535005, 1), (0, 0.202952728, 1), (0, 0.202389225, 1), (0, 0.201882079, 1), (0, 0.201431274, 1), (0, 0.201036841, 1), (0, 0.200698733, 1), (0, 0.200454548, 1), (0, 0.200266719, 1), (0, 0.200172812, 1), (0, 0.200116456, 1), (0, 0.200135246, 1), (0, 0.200229153, 1), (0, 0.200360641, 1), (0, 0.20052968, 1), (0, 0.20075509, 1), (0, 0.200999275, 1), (0, 0.201243445, 1), (0, 0.201506421, 1), (0, 0.201731816, 1), (0, 0.201938435, 1), (0, 0.202107474, 1), (0, 0.2037604, 1), (0, 0.20945172, 1), (0, 0.230564058, 1), (0, 0.275718927, 1), (0, 0.338623941, 1), (0, 0.400702506, 1), (0, 0.448054999, 1), (0.120362893, 1, 0), (1, 0.897462368, 0), (0, 0.420819312, 1), (0, 0.222055256, 1), (0, 0.213170797, 1), (0, 0.21332106, 1), (0, 0.214297786, 1), (0, 0.215293303, 1), (0, 0.21627003, 1), (0, 0.217321888, 1), (0, 0.218599141, 1), (0, 0.220120594, 1), (0, 0.221867427, 1), (0, 0.223576695, 1), (0, 0.225023016, 1), (0, 0.225849465, 1), (0, 0.226694718, 1), (0, 0.227615088, 1), (0, 0.228817225, 1), (0, 0.229812726, 1), (0, 0.230357438, 1), (0, 0.230545282, 1), (0, 0.23045136, 1), (0, 0.230244741, 1), (0, 0.229906648, 1), (0, 0.229437068, 1), (0, 0.228817225, 1), (0, 0.228122234, 1), (0, 0.226150006, 1), (0, 0.223407656, 1), (0, 0.220853135, 1), (0, 0.218786985, 1), (0, 0.217134058, 1), (0, 0.215781659, 1), (0, 0.214654669, 1), (0, 0.213640377, 1), (0, 0.212738782, 1), (0, 0.211855963, 1), (0, 0.210991949, 1), (0, 0.210146695, 1), (0, 0.209376588, 1), (0, 0.208606467, 1), (0, 0.207780004, 1), (0, 0.206991121, 1), (0, 0.206277356, 1), (0, 0.205619946, 1), (0, 0.204981312, 1), (0, 0.204399034, 1), (0, 0.203910664, 1), (0, 0.203459874, 1), (0, 0.203046635, 1), (0, 0.202689752, 1), (0, 0.202426791, 1), (0, 0.202201396, 1), (0, 0.202051133, 1), (0, 0.201919645, 1), (0, 0.201825723, 1), (0, 0.201788157, 1), (0, 0.201788157, 1), (0, 0.201825723, 1), (0, 0.201900855, 1), (0, 0.201994777, 1), (0, 0.202126265, 1), (0, 0.203272045, 1), (0, 0.205131575, 1), (0, 0.213884562, 1), (0, 0.238922596, 1), (0, 0.287176698, 1), (0, 0.354026198, 1), (0, 0.42594713, 1), (0, 0.497022867, 1), (1, 0.245421588, 0), (0, 1, 0.577114522), (0, 0.28110972, 1), (0, 0.215913147, 1), (0, 0.212832704, 1), (0, 0.213884562, 1), (0, 0.215086684, 1), (0, 0.216307595, 1), (0, 0.21767877, 1), (0, 0.219218999, 1), (0, 0.220909476, 1), (0, 0.222618759, 1), (0, 0.224177763, 1), (0, 0.225530162, 1), (0, 0.226619586, 1), (0, 0.227483615, 1), (0, 0.22836642, 1), (0, 0.229361936, 1), (0, 0.229850292, 1), (0, 0.230075702, 1), (0, 0.230094478, 1), (0, 0.23000057, 1), (0, 0.229812726, 1), (0, 0.2295122, 1), (0, 0.229136541, 1), (0, 0.228704527, 1), (0, 0.228234947, 1), (0, 0.227615088, 1), (0, 0.226732284, 1), (0, 0.225680426, 1), (0, 0.224591002, 1), (0, 0.223539129, 1), (0, 0.222581193, 1), (0, 0.221698374, 1), (0, 0.220853135, 1), (0, 0.220064238, 1), (0, 0.21927534, 1), (0, 0.218486443, 1), (0, 0.21767877, 1), (0, 0.216852307, 1), (0, 0.216007069, 1), (0, 0.21514304, 1), (0, 0.214279011, 1), (0, 0.213414982, 1), (0, 0.212569728, 1), (0, 0.211743265, 1), (0, 0.210973158, 1), (0, 0.210221827, 1), (0, 0.209526852, 1), (0, 0.208888218, 1), (0, 0.208287165, 1), (0, 0.207742438, 1), (0, 0.207254082, 1), (0, 0.206803277, 1), (0, 0.206408828, 1), (0, 0.206070736, 1), (0, 0.205770209, 1), (0, 0.205507234, 1), (0, 0.205281839, 1), (0, 0.2051128, 1), (0, 0.204981312, 1), (0, 0.204868615, 1), (0, 0.203102991, 1), (0, 0.203234464, 1), (0, 0.203929454, 1), (0, 0.207122594, 1), (0, 0.21927534, 1), (0, 0.257705808, 1), (0, 0.346832216, 1), (0, 0.483198404, 1), (0, 0.612070084, 1), (0, 1, 0.869700789), (0.46176675, 1, 0), (0, 0.65457654, 1), (0, 0.215406001, 1), (0, 0.211536661, 1), (0, 0.213039309, 1), (0, 0.214335352, 1), (0, 0.215800449, 1), (0, 0.217509717, 1), (0, 0.219237775, 1), (0, 0.220890701, 1), (0, 0.222393364, 1), (0, 0.223689407, 1), (0, 0.224835172, 1), (0, 0.225830689, 1), (0, 0.226675928, 1), (0, 0.227408484, 1), (0, 0.228028327, 1), (0, 0.228573039, 1), (0, 0.228929922, 1), (0, 0.229061395, 1), (0, 0.229005054, 1), (0, 0.228760868, 1), (0, 0.228441551, 1), (0, 0.228103459, 1), (0, 0.227765366, 1), (0, 0.227446049, 1), (0, 0.227107942, 1), (0, 0.226751059, 1), (0, 0.226375401, 1), (0, 0.225999743, 1), (0, 0.225605294, 1), (0, 0.225229621, 1), (0, 0.224853963, 1), (0, 0.22449708, 1), (0, 0.224121422, 1), (0, 0.223745748, 1), (0, 0.22337009, 1), (0, 0.222975641, 1), (0, 0.222562402, 1), (0, 0.222149178, 1), (0, 0.221717164, 1), (0, 0.221266359, 1), (0, 0.220815569, 1), (0, 0.220364764, 1), (0, 0.219895184, 1), (0, 0.219425604, 1), (0, 0.218956023, 1), (0, 0.218505234, 1), (0, 0.218073219, 1), (0, 0.217641205, 1), (0, 0.217227966, 1), (0, 0.216814741, 1), (0, 0.216439083, 1), (0, 0.2160822, 1), (0, 0.215744093, 1), (0, 0.215424776, 1), (0, 0.215124249, 1), (0, 0.214842498, 1), (0, 0.214579538, 1), (0, 0.214354143, 1)] (
            interpolation = "uniform"
        )
        }
    }
}
