#usda 1.0
(
    defaultPrim = "World"
)

over "World" (
    references = @../mesh.usda@</World>
)
{
    over "CFD"
    {
        over "Mesh"
        {
        custom string cfd:sourceFile = "ENTIRE_DOMAIN_0072.vtu"
        custom string cfd:colorField = "Gas_temperature"
        custom float cfd:colorMinimum = 1071.27124
        custom float cfd:colorMaximum = 1098.91382
        custom double cfd:timeSeconds = 72
        float[] primvars:EP_G = [0.39041543, 0.390528411, 0.390678763, 0.390893489, 0.391253471, 0.392145783, 0.453878254, 0.548423171, 0.605667651, 0.632082582, 0.598372102, 0.545209527, 0.488972753, 0.44468084, 0.448687583, 0.526597857, 0.645165026, 0.758557022, 0.843226671, 0.8966676, 0.925741434, 0.939183712, 0.943315804, 0.941477716, 0.934886634, 0.923353672, 0.90549767, 0.878445148, 0.837019742, 0.773164451, 0.675294638, 0.523900926, 0.409332633, 0.761549771, 0.99017179, 0.998735607, 0.999835968, 0.999990344, 0.999999881, 1, 1, 0.999999881, 1, 1, 1, 1, 1, 1, 1, 1, 1, 1, 1, 1, 1, 1, 1, 1, 1, 1, 1, 1, 1, 1, 1, 1, 1, 1, 1, 1, 0.390392154, 0.390497088, 0.390627891, 0.390795439, 0.391018331, 0.391311407, 0.391767472, 0.392166376, 0.392667532, 0.393384337, 0.394194931, 0.394510418, 0.394557297, 0.395177543, 0.402848035, 0.616390228, 0.810725749, 0.867828548, 0.879874587, 0.885264099, 0.888840079, 0.89006573, 0.888381958, 0.883387864, 0.874436498, 0.860372305, 0.839160383, 0.807188988, 0.758716285, 0.682223737, 0.579467118, 0.420743227, 0.398927361, 0.909291565, 0.994493902, 0.998932064, 0.999855876, 0.99999088, 0.999999821, 1, 1, 1, 1, 1, 1, 1, 1, 1, 1, 1, 1, 1, 1, 1, 1, 1, 1, 1, 1, 1, 1, 1, 1, 1, 1, 1, 1, 1, 1, 1, 0.390354425, 0.390449375, 0.390559614, 0.390688807, 0.390840441, 0.391016066, 0.391213328, 0.391405165, 0.391576141, 0.391749889, 0.392669946, 0.393528253, 0.394017518, 0.394248068, 0.394721329, 0.395136505, 0.432223499, 0.596339405, 0.709702075, 0.744956374, 0.766822338, 0.781538248, 0.79047668, 0.794108033, 0.792286992, 0.783619046, 0.764901519, 0.730944753, 0.672834575, 0.584477842, 0.453031033, 0.39798668, 0.606674135, 0.971823871, 0.996699572, 0.999288142, 0.999901772, 0.999993384, 0.999999881, 1, 1, 1, 1, 1, 1, 1, 1, 1, 1, 1, 1, 1, 1, 1, 1, 1, 1, 1, 1, 1, 1, 1, 1, 1, 1, 1, 1, 1, 1, 1, 0.390313298, 0.390399784, 0.390494525, 0.390598744, 0.390713006, 0.390836924, 0.390969038, 0.391104937, 0.391239971, 0.391568601, 0.392840445, 0.393657118, 0.394154936, 0.394448578, 0.394690394, 0.394925237, 0.395357937, 0.395341158, 0.420177788, 0.535165429, 0.597729266, 0.641274452, 0.672374725, 0.69451493, 0.705843031, 0.703267097, 0.683925331, 0.64334321, 0.562601209, 0.462734401, 0.404314131, 0.541939855, 0.87839973, 0.989784181, 0.998124003, 0.999591529, 0.999943733, 0.999996006, 0.999999881, 1, 1, 1, 1, 1, 1, 1, 1, 1, 1, 1, 1, 1, 1, 1, 1, 1, 1, 1, 1, 1, 1, 1, 1, 1, 1, 1, 1, 1, 1, 1, 0.390275538, 0.390355766, 0.390440196, 0.390529215, 0.390623003, 0.39072156, 0.390825212, 0.390933484, 0.39104709, 0.391966105, 0.393083572, 0.393792421, 0.394244492, 0.394515544, 0.39469856, 0.39485684, 0.39502871, 0.395196706, 0.395361513, 0.420037419, 0.471524924, 0.523614824, 0.574448824, 0.607958972, 0.621380806, 0.621865034, 0.600769877, 0.550336421, 0.447690278, 0.436186939, 0.569556892, 0.814628422, 0.967865944, 0.995761275, 0.999008179, 0.99978894, 0.999971032, 0.999997735, 0.99999994, 1, 1, 1, 1, 1, 1, 1, 1, 1, 1, 1, 1, 1, 1, 1, 1, 1, 1, 1, 1, 1, 1, 1, 1, 1, 1, 1, 1, 1, 1, 1, 0.390244156, 0.390320241, 0.390398145, 0.390478253, 0.39056024, 0.390644521, 0.390731692, 0.390822858, 0.390975654, 0.39212507, 0.393152922, 0.393840104, 0.3942644, 0.394504011, 0.394646972, 0.394748002, 0.394838929, 0.394948184, 0.395199835, 0.403155148, 0.471058071, 0.499134928, 0.527658761, 0.539150238, 0.593862772, 0.583860874, 0.555177987, 0.518507004, 0.511199713, 0.637237489, 0.81127125, 0.944208503, 0.990400195, 0.998076737, 0.999504268, 0.999894321, 0.999984324, 0.999998093, 0.999999642, 1, 1, 1, 0.99999994, 0.999999702, 0.999997497, 0.999990702, 0.999996483, 1, 1, 1, 1, 1, 1, 1, 1, 0.999997854, 0.999998212, 1, 1, 1, 1, 1, 1, 1, 1, 1, 1, 1, 1, 1, 0.390220195, 0.390293479, 0.390367836, 0.390442848, 0.390518516, 0.390594721, 0.390672058, 0.390751988, 0.390924245, 0.392017066, 0.39308089, 0.393824011, 0.394289762, 0.394547343, 0.394683331, 0.394756705, 0.394802898, 0.39487052, 0.395068198, 0.396789879, 0.43997547, 0.49766618, 0.518926442, 0.596963346, 0.644309521, 0.628450096, 0.619846702, 0.641715825, 0.717483163, 0.841459334, 0.937275171, 0.983710289, 0.996448994, 0.999078929, 0.999754071, 0.999940574, 0.999988496, 0.999993145, 0.999999762, 1, 1, 1, 1, 0.999999881, 0.999999583, 0.999999225, 0.999999166, 0.999999106, 0.999999046, 0.999998927, 0.999998748, 0.999998689, 0.99999851, 0.999998093, 0.999996006, 0.999982893, 0.999939084, 0.999940515, 0.999994159, 1, 1, 1, 1, 1, 1, 1, 1, 1, 1, 1, 0.390203238, 0.39027524, 0.390347511, 0.390420496, 0.390493363, 0.390566081, 0.390638828, 0.390712023, 0.390791357, 0.391607493, 0.392754316, 0.393667012, 0.394273788, 0.394636929, 0.394826531, 0.394905388, 0.394914657, 0.394908667, 0.394961417, 0.395140022, 0.395528555, 0.407980323, 0.552267432, 0.700982034, 0.739899814, 0.737462699, 0.756551027, 0.805781782, 0.876418054, 0.942436457, 0.979761422, 0.99427557, 0.998399317, 0.999539316, 0.999872208, 0.999958932, 0.999988377, 0.999983907, 0.999990106, 0.999992907, 0.99999392, 0.999995708, 0.999996662, 0.999997318, 0.999997735, 0.999998152, 0.999998569, 0.999996781, 0.999997854, 0.999998152, 0.999998271, 0.999998808, 0.99999845, 0.999999166, 0.999999464, 0.999999106, 0.999998987, 0.999999702, 0.999999762, 0.999999464, 0.999999166, 0.999999464, 0.999999821, 0.999999821, 0.999999762, 0.999999762, 0.999999762, 0.999999702, 0.999999702, 0.999999642, 0.390192956, 0.390264034, 0.390335977, 0.390408218, 0.390480787, 0.390553176, 0.390625328, 0.390697479, 0.390771389, 0.390851945, 0.391823977, 0.393078238, 0.393960506, 0.394596308, 0.394984245, 0.395175785, 0.395219803, 0.395185262, 0.395134479, 0.39510417, 0.395091683, 0.395093799, 0.40495193, 0.658384144, 0.80254674, 0.834825456, 0.865366995, 0.907230854, 0.948689461, 0.97768575, 0.991871774, 0.997307301, 0.999137282, 0.999742448, 0.999923348, 0.999970853, 0.999979854, 0.99997884, 0.99997896, 0.999981165, 0.999980211, 0.999980927, 0.999981523, 0.999982178, 0.999982774, 0.99998337, 0.999983966, 0.999984622, 0.999985218, 0.999985576, 0.99998641, 0.999987245, 0.999988139, 0.999988973, 0.999989808, 0.999990582, 0.999991357, 0.999992073, 0.999992728, 0.999993324, 0.999993861, 0.999994338, 0.999994755, 0.999995112, 0.99999547, 0.999995708, 0.999996006, 0.999996185, 0.999996424, 0.999996543, 0.390188336, 0.390259385, 0.390331209, 0.390403897, 0.390477031, 0.390550494, 0.390624225, 0.390698433, 0.390773773, 0.3908512, 0.390934438, 0.391366661, 0.392629057, 0.393698126, 0.394683689, 0.395340502, 0.395592928, 0.395578593, 0.395424217, 0.395246506, 0.395198971, 0.395265996, 0.395294577, 0.397007793, 0.56421113, 0.757540703, 0.846156597, 0.907110631, 0.951462984, 0.9781003, 0.991170585, 0.996767521, 0.998938739, 0.999691308, 0.999912918, 0.999966264, 0.999974728, 0.999975622, 0.999974072, 0.999976277, 0.999980152, 0.999983191, 0.999983072, 0.999982893, 0.999982715, 0.999982595, 0.999982476, 0.999982417, 0.999982417, 0.999982476, 0.999982536, 0.999982715, 0.999982893, 0.999983132, 0.99998343, 0.999983668, 0.999983966, 0.999984324, 0.999984622, 0.99998492, 0.999985218, 0.999985576, 0.999985874, 0.999986172, 0.99998647, 0.999986708, 0.999987006, 0.999987245, 0.999987483, 0.999987662] (
            interpolation = "uniform"
        )
        float[] primvars:P_G = [125441.562, 124919.797, 124534.906, 124318.398, 124561.562, 126677.352, 125354.016, 124033.828, 122867.703, 121743.609, 119596.766, 118030.977, 116013.57, 113277.977, 109814.539, 106541.555, 104829.93, 104169.203, 103869.047, 103705.977, 103610.648, 103542.328, 103485.438, 103434.375, 103385.992, 103337.727, 103286.633, 103228.344, 103154.578, 103046.375, 102848.555, 102375.57, 101200.219, 101159.867, 101341.922, 101339.562, 101335.461, 101333.758, 101333.031, 101332.344, 101331.68, 101331.062, 101330.508, 101330.008, 101329.562, 101329.18, 101328.852, 101328.57, 101328.336, 101328.141, 101327.961, 101327.805, 101327.664, 101327.531, 101327.391, 101327.258, 101327.125, 101326.992, 101326.852, 101326.711, 101326.57, 101326.422, 101326.273, 101326.125, 101325.969, 101325.812, 101325.656, 101325.492, 101325.336, 101325.172, 125212.203, 124655.133, 124189.484, 123819.773, 124540.117, 123485.969, 123065.25, 122375.367, 121420.25, 120257.758, 118694.711, 116790.641, 114526.219, 111895.508, 108854.711, 105846.883, 104710.617, 104291.023, 104009.953, 103794.641, 103640.062, 103537.234, 103463.57, 103401.648, 103343.43, 103285.156, 103223.797, 103154.398, 103065.812, 102928, 102673.547, 102057.18, 100846.062, 101268.648, 101342.547, 101340.141, 101336.125, 101333.656, 101332.719, 101332.055, 101331.438, 101330.859, 101330.328, 101329.852, 101329.43, 101329.062, 101328.75, 101328.492, 101328.273, 101328.086, 101327.93, 101327.789, 101327.656, 101327.523, 101327.391, 101327.258, 101327.125, 101326.984, 101326.852, 101326.711, 101326.57, 101326.43, 101326.281, 101326.125, 101325.977, 101325.82, 101325.656, 101325.5, 101325.336, 101325.172, 124830.367, 124231.523, 123678.156, 123162.336, 122662.891, 122151.352, 121520.148, 120728.539, 121183.609, 118920.219, 117137.328, 115186.523, 113261.867, 111191.664, 108988.273, 106746.734, 105264.055, 104371.445, 104010.391, 103784.609, 103611.969, 103482.266, 103381.711, 103298.273, 103224.227, 103154.172, 103082.281, 102998.82, 102880.938, 102673.492, 102223.164, 101404.953, 101090.711, 101325.266, 101341.688, 101341.094, 101337.492, 101334, 101332.453, 101331.727, 101331.156, 101330.625, 101330.133, 101329.688, 101329.289, 101328.945, 101328.648, 101328.406, 101328.203, 101328.047, 101327.906, 101327.766, 101327.641, 101327.508, 101327.375, 101327.242, 101327.117, 101326.984, 101326.844, 101326.711, 101326.57, 101326.422, 101326.281, 101326.133, 101325.977, 101325.82, 101325.664, 101325.5, 101325.336, 101325.164, 124379.281, 123745.648, 123123.703, 122504.211, 121867.594, 121186.195, 120423.891, 119553.297, 118568.992, 119042.539, 115803.727, 114104.227, 112452.438, 110768.156, 109080.273, 107462.133, 106047.773, 104850.836, 104118.57, 103718.312, 103476.281, 103306.273, 103181.617, 103084.586, 103002.688, 102926.094, 102843.469, 102736.844, 102550.586, 102185.227, 101528.953, 101125.227, 101263.938, 101335.703, 101341.094, 101342.07, 101339.508, 101335.562, 101333.055, 101331.625, 101331.031, 101330.516, 101330.047, 101329.617, 101329.234, 101328.898, 101328.617, 101328.383, 101328.195, 101328.031, 101327.883, 101327.75, 101327.617, 101327.484, 101327.359, 101327.227, 101327.102, 101326.969, 101326.836, 101326.703, 101326.562, 101326.422, 101326.273, 101326.125, 101325.977, 101325.82, 101325.664, 101325.5, 101325.336, 101325.172, 123925.148, 123267.305, 122600.031, 121916.75, 121203.781, 120443.922, 119619.008, 118713.961, 119102.164, 116938.109, 114876.258, 113413.43, 111969.766, 110540.648, 109141.633, 107806.992, 106581.977, 105494.062, 104563.289, 103823.656, 103359.523, 103077.562, 102902.609, 102781.203, 102684.969, 102601.281, 102500.094, 102343.703, 102014.984, 101542.688, 101216.555, 101241.883, 101316.633, 101337.805, 101340.969, 101342.969, 101341.727, 101338.062, 101335, 101332.82, 101331.664, 101330.891, 101330.297, 101329.797, 101329.367, 101329.008, 101328.695, 101328.438, 101328.227, 101328.047, 101327.891, 101327.742, 101327.602, 101327.469, 101327.336, 101327.203, 101327.078, 101326.953, 101326.82, 101326.688, 101326.555, 101326.414, 101326.273, 101326.125, 101325.977, 101325.82, 101325.664, 101325.508, 101325.336, 101325.172, 123512.312, 122839.414, 122145.219, 121426.148, 120673.375, 119876.695, 119026.055, 118308.781, 118847.438, 115764.875, 114331.422, 112986.203, 111683.109, 110418.016, 109191.258, 108016.508, 106912.602, 105891.477, 104949.422, 104060.711, 103416.719, 102957.086, 102656.203, 102447.406, 102377.656, 102267.578, 102107.297, 101854.953, 101494.961, 101290.656, 101262.297, 101303.914, 101331.125, 101338.109, 101340.867, 101342.906, 101343.258, 101340.789, 101337.969, 101335.281, 101333.43, 101332.164, 101331.25, 101330.539, 101329.969, 101329.492, 101329.094, 101328.758, 101328.469, 101328.227, 101328.016, 101327.828, 101327.648, 101327.492, 101327.344, 101327.203, 101327.07, 101326.945, 101326.812, 101326.68, 101326.547, 101326.414, 101326.273, 101326.133, 101325.984, 101325.828, 101325.672, 101325.508, 101325.344, 101325.172, 123166.758, 122485.141, 121776.391, 121038.883, 120267.359, 119455.836, 118598.828, 118061.812, 118297.945, 115401.469, 114022.508, 112735.234, 111509.914, 110339.375, 109215.062, 108138.469, 107118.141, 106155.766, 105236.875, 104312.492, 103483.898, 102935.258, 102513.156, 102350.977, 102223.812, 102034.07, 101798.094, 101542.945, 101356.75, 101302.508, 101309.586, 101326.836, 101335.078, 101338.047, 101339.32, 101340.906, 101343.602, 101341.656, 101341.445, 101339.078, 101336.844, 101334.961, 101333.445, 101332.25, 101331.297, 101330.539, 101329.93, 101329.43, 101329.016, 101328.672, 101328.367, 101328.109, 101327.875, 101327.664, 101327.477, 101327.312, 101327.156, 101327, 101326.859, 101326.727, 101326.594, 101326.453, 101326.32, 101326.172, 101326.023, 101325.875, 101325.711, 101325.547, 101325.383, 101325.211, 122901.82, 122215.594, 121499.516, 120753.555, 119974.469, 119159.016, 118304.281, 117408.516, 118946.898, 115358.742, 113922.812, 112636.219, 111430.539, 110295.188, 109220.969, 108203.359, 107244.281, 106339.766, 105475.758, 104639.109, 103805.336, 103023.57, 102619.656, 102422.961, 102193.945, 101940.203, 101685.016, 101482.07, 101370.773, 101336, 101332.031, 101334.453, 101336.297, 101338.516, 101337.742, 101338, 101342.109, 101339.445, 101340.742, 101340.234, 101339.078, 101338.203, 101337.125, 101336.109, 101335.109, 101334.219, 101333.414, 101332.82, 101331.969, 101331.219, 101330.555, 101329.883, 101329.359, 101328.828, 101328.445, 101328.219, 101328.023, 101327.781, 101327.586, 101327.406, 101327.211, 101326.984, 101326.719, 101326.5, 101326.281, 101326.078, 101325.875, 101325.688, 101325.5, 101325.312, 122723.555, 122034.961, 121315.75, 120566.312, 119784.961, 118969.836, 118119.57, 117233.57, 116972.375, 117243.195, 114587.773, 112747.539, 111494.836, 110322.75, 109234.844, 108225.227, 107290.125, 106417.398, 105592.703, 104806.375, 104056.227, 103355.492, 102706.352, 102448.602, 102201.148, 101927.375, 101677.492, 101495.594, 101396.25, 101354.383, 101340.039, 101337.508, 101336.492, 101336.508, 101335.656, 101336.484, 101336.836, 101336.031, 101335.781, 101336.102, 101335.328, 101335.016, 101334.656, 101334.281, 101333.914, 101333.57, 101333.266, 101333, 101332.766, 101332.484, 101332.344, 101332.219, 101332.109, 101332, 101331.891, 101331.742, 101331.531, 101331.258, 101330.938, 101330.562, 101330.156, 101329.719, 101329.273, 101328.82, 101328.375, 101327.945, 101327.539, 101327.148, 101326.781, 101326.438, 122634.094, 121944.633, 121224.234, 120473.781, 119692.031, 118877.93, 118030.805, 117150.695, 116238.602, 115300.586, 114995.047, 114126.609, 111904.195, 110612.477, 109375.641, 108258.375, 107286.781, 106424.391, 105637.445, 104898.945, 104187.742, 103506.633, 102889.312, 102331.906, 102013.141, 101825.93, 101607.852, 101452.406, 101369.977, 101336.164, 101326.211, 101328.828, 101332.188, 101333.203, 101333.414, 101333.859, 101333.742, 101333.484, 101333.273, 101333.125, 101334.047, 101334.703, 101334.375, 101334.023, 101333.68, 101333.352, 101333.055, 101332.797, 101332.57, 101332.375, 101332.234, 101332.086, 101331.953, 101331.836, 101331.734, 101331.633, 101331.523, 101331.414, 101331.289, 101331.141, 101330.984, 101330.805, 101330.602, 101330.375, 101330.125, 101329.859, 101329.578, 101329.273, 101328.961, 101328.633] (
            interpolation = "uniform"
        )
        vector3f[] primvars:Gas_Velocity = [(0.110111676, 0.423713326, 0), (0.123012379, 0.323593467, 0), (0.1508459, 0.205232233, 0), (0.198969379, 0.0569524094, 0), (0.326072872, -0.152363971, 0), (0.600442767, 0.610782087, 0), (0.512962043, 1.78450298, 0), (0.408220828, 2.61545873, 0), (0.390554041, 3.38565755, 0), (0.455109417, 4.1245656, 0), (0.400661588, 4.27968884, 0), (0.345766097, 4.56539536, 0), (0.215156972, 5.01161718, 0), (-0.0270925127, 5.70191336, 0), (-0.202593207, 6.44980478, 0), (0.446341753, 6.24313736, 0), (0.575859547, 5.64339685, 0), (-0.0852888376, 5.52462006, 0), (-0.57844913, 5.80348301, 0), (-0.599498451, 6.12916946, 0), (-0.225725532, 6.26776075, 0), (0.257636398, 6.14337969, 0), (0.667011738, 5.78039598, 0), (0.945485175, 5.25060225, 0), (1.09441721, 4.63060331, 0), (1.13411987, 3.98737144, 0), (1.08957374, 3.37347865, 0), (0.985917687, 2.82664824, 0), (0.856514692, 2.36540198, 0), (0.746737719, 1.98260891, 0), (0.676801682, 1.66456962, 0), (0.589273393, 1.49896336, 0), (0.57203567, 1.52099526, 0), (1.01520121, 0.364118487, 0), (0.94596082, -0.345951021, 0), (1.00980508, -1.01518941, 0), (1.30503428, -1.88344789, 0), (1.24776804, -2.71482253, 0), (1.03912592, -3.40729809, 0), (0.847776592, -3.97221351, 0), (0.689971209, -4.43192005, 0), (0.560136199, -4.8050642, 0), (0.452171206, -5.10622978, 0), (0.360818595, -5.34649324, 0), (0.282073706, -5.53426218, 0), (0.213195041, -5.67611599, 0), (0.152752742, -5.7776804, 0), (0.100499287, -5.8444171, 0), (0.0569911003, -5.8821578, 0), (0.0228822473, -5.89716959, 0), (-0.00164791301, -5.89583969, 0), (-0.0162891485, -5.88476181, 0), (-0.0228801351, -5.86930227, 0), (-0.025495166, -5.85211182, 0), (-0.0261383392, -5.8345046, 0), (-0.0257284585, -5.81718254, 0), (-0.0246698037, -5.80057764, 0), (-0.023157265, -5.78499269, 0), (-0.021319123, -5.77064323, 0), (-0.01926356, -5.75767422, 0), (-0.0170834437, -5.74616814, 0), (-0.0148550654, -5.73615646, 0), (-0.012642487, -5.72762871, 0), (-0.010503388, -5.72053528, 0), (-0.00849022251, -5.71479177, 0), (-0.00664748112, -5.71028376, 0), (-0.00501814811, -5.70686913, 0), (-0.00367135438, -5.70435953, 0), (-0.00273503852, -5.70248032, 0), (-0.00239605387, -5.7008338, 0), (0.168038487, 0.45995903, 0), (0.181140244, 0.403723985, 0), (0.209740669, 0.34713608, 0), (0.257424504, 0.291938454, 0), (0.333382189, 0.276137918, 0), (0.42674619, 0.47224012, 0), (0.425496697, 0.674315631, 0), (0.418340892, 0.869812191, 0), (0.38665244, 1.10355115, 0), (0.306914717, 1.47104776, 0), (0.156780064, 1.85572755, 0), (-0.0409159474, 2.28061867, 0), (-0.319055796, 2.72378159, 0), (-0.665192187, 3.16145992, 0), (-1.20804965, 4.68658352, 0), (-1.96187019, 5.24159956, 0), (-1.74752355, 5.27872992, 0), (-0.704400063, 5.25851679, 0), (-0.0389188901, 4.8436718, 0), (0.240898103, 4.27278471, 0), (0.552516162, 3.75479913, 0), (0.88858068, 3.35817504, 0), (1.20009518, 3.05789328, 0), (1.44449604, 2.80301666, 0), (1.59718037, 2.55888176, 0), (1.64856935, 2.31258583, 0), (1.60649645, 2.06496096, 0), (1.49534631, 1.82007968, 0), (1.35434699, 1.58161092, 0), (1.24007607, 1.3544749, 0), (1.17037487, 1.13674915, 0), (1.20276165, 1.11330092, 0), (1.08098316, 0.945359111, 0), (1.60998178, -0.0199782103, 0), (1.38283384, -0.310656339, 0), (1.58795846, -0.691248238, 0), (1.96028805, -1.12548769, 0), (1.97312915, -1.60832238, 0), (1.71267736, -2.05705476, 0), (1.43432367, -2.44783592, 0), (1.19283187, -2.78283453, 0), (0.986149192, -3.06660843, 0), (0.807834983, -3.30348992, 0), (0.651165187, -3.49683428, 0), (0.510531127, -3.64892745, 0), (0.382203668, -3.76139617, 0), (0.264937639, -3.83599114, 0), (0.16038239, -3.87572742, 0), (0.0726866797, -3.88601542, 0), (0.00562461838, -3.87434554, 0), (-0.0342157297, -3.85248065, 0), (-0.0492424406, -3.83036923, 0), (-0.0551869832, -3.80869913, 0), (-0.0569387265, -3.78761458, 0), (-0.0566071048, -3.76718974, 0), (-0.0550256111, -3.74755526, 0), (-0.0524889044, -3.72891521, 0), (-0.0491680168, -3.7114892, 0), (-0.0452650934, -3.69544816, 0), (-0.0409986787, -3.68088913, 0), (-0.0365521088, -3.66784883, 0), (-0.0320604034, -3.65632534, 0), (-0.027634304, -3.64628506, 0), (-0.023383487, -3.63765979, 0), (-0.0194122996, -3.63034725, 0), (-0.0157846007, -3.62423158, 0), (-0.0125206737, -3.61921263, 0), (-0.00970148388, -3.61518168, 0), (-0.007608769, -3.61192799, 0), (-0.00677516358, -3.6090107, 0), (0.18527931, 0.48968187, 0), (0.192885771, 0.465548992, 0), (0.209710598, 0.449406773, 0), (0.232999548, 0.450167865, 0), (0.2591241, 0.485530019, 0), (0.27745384, 0.583508193, 0), (0.264369756, 0.695787787, 0), (0.229997173, 0.828907967, 0), (0.160703078, 0.989576995, 0), (0.0460877083, 1.16319454, 0), (-0.10926614, 1.33181441, 0), (-0.299979001, 1.49245131, 0), (-0.528698921, 1.62458909, 0), (-0.790575147, 1.70486331, 0), (-1.08493173, 1.62677276, 0), (-1.32764089, 1.21935511, 0), (-1.35086274, 1.39195645, 0), (-1.30047393, 1.42681921, 0), (-0.663270831, 1.43868768, 0), (0.00913722347, 1.52033997, 0), (0.479752421, 1.54121256, 0), (0.891533077, 1.54811621, 0), (1.25384748, 1.55015802, 0), (1.55002987, 1.53733397, 0), (1.75574124, 1.49944317, 0), (1.85719085, 1.43114495, 0), (1.85807359, 1.33354473, 0), (1.77841425, 1.21487021, 0), (1.64804065, 1.09434056, 0), (1.57980144, 0.959286094, 0), (1.57949078, 0.909830034, 0), (1.57594609, 0.861747503, 0), (1.68645644, 0.303018272, 0), (1.89922535, -0.0542611517, 0), (1.72695076, -0.280660152, 0), (1.85494506, -0.452430695, 0), (2.16781759, -0.586858928, 0), (2.2630353, -0.778738916, 0), (2.03644896, -0.994120896, 0), (1.73679745, -1.19549155, 0), (1.46458232, -1.37640131, 0), (1.22412002, -1.53479934, 0), (1.00998533, -1.66932595, 0), (0.815625548, -1.77873659, 0), (0.634684563, -1.86128855, 0), (0.461634547, -1.91403985, 0), (0.292961895, -1.93253589, 0), (0.130971655, -1.91275847, 0), (-0.00815183111, -1.85871208, 0), (-0.088165842, -1.79604435, 0), (-0.114327408, -1.74250948, 0), (-0.130103856, -1.68848991, 0), (-0.137046397, -1.63382101, 0), (-0.138596848, -1.57930183, 0), (-0.136966914, -1.52566361, 0), (-0.132708058, -1.47382462, 0), (-0.125664398, -1.42500329, 0), (-0.116048381, -1.38039076, 0), (-0.104658693, -1.34077978, 0), (-0.0924770087, -1.30645514, 0), (-0.080301322, -1.2772907, 0), (-0.0686594546, -1.25289893, 0), (-0.0579058975, -1.23272955, 0), (-0.0483114496, -1.21612525, 0), (-0.0400509536, -1.20238268, 0), (-0.032917168, -1.19097996, 0), (-0.0262187235, -1.18187022, 0), (-0.0195723288, -1.17531633, 0), (-0.013661379, -1.17131317, 0), (-0.0105520329, -1.16883278, 0), (0.177899763, 0.509173036, 0), (0.179656878, 0.503039718, 0), (0.184662506, 0.50496906, 0), (0.188533589, 0.52027458, 0), (0.186971933, 0.55472064, 0), (0.173615813, 0.611598492, 0), (0.141170055, 0.682198048, 0), (0.0869494975, 0.765959918, 0), (0.00489661237, 0.85677284, 0), (-0.106143579, 0.943895161, 0), (-0.243808165, 1.01591086, 0), (-0.402967691, 1.06781924, 0), (-0.57855159, 1.08544111, 0), (-0.759615064, 1.05147815, 0), (-0.927371502, 0.937174976, 0), (-1.04179919, 0.742210746, 0), (-1.05854428, 0.54557848, 0), (-0.959976256, 0.327162266, 0), (-0.713470638, 0.546442151, 0), (-0.26195693, 0.542440355, 0), (0.242273629, 0.643900156, 0), (0.708898664, 0.740485609, 0), (1.13714051, 0.821867764, 0), (1.5015322, 0.874119043, 0), (1.77832067, 0.888656795, 0), (1.94666719, 0.86661315, 0), (2.00343657, 0.814908385, 0), (1.97058272, 0.741665959, 0), (1.86917615, 0.677027106, 0), (1.91876495, 0.624506593, 0), (1.94503915, 0.588857532, 0), (1.83661711, 0.344810992, 0), (1.91407776, -0.121660285, 0), (2.02245402, -0.218190715, 0), (1.8515352, -0.295617908, 0), (1.86691701, -0.295855254, 0), (2.06032252, -0.218567178, 0), (2.19011521, -0.167215809, 0), (2.01849556, -0.15413709, 0), (1.76801407, -0.174527541, 0), (1.51790524, -0.20977293, 0), (1.28687298, -0.251331449, 0), (1.0747267, -0.294230819, 0), (0.878321826, -0.33577916, 0), (0.694418728, -0.375365078, 0), (0.521257043, -0.414889276, 0), (0.359640211, -0.459130287, 0), (0.213288799, -0.513809025, 0), (0.0903326049, -0.579274237, 0), (-0.0191599485, -0.625097394, 0), (-0.112716496, -0.625992358, 0), (-0.153251052, -0.610389471, 0), (-0.175554603, -0.584554553, 0), (-0.188716665, -0.550989032, 0), (-0.19639872, -0.511227608, 0), (-0.199544802, -0.466542333, 0), (-0.197337821, -0.418646038, 0), (-0.189697474, -0.369446248, 0), (-0.178463638, -0.320156187, 0), (-0.165575743, -0.271350533, 0), (-0.151684761, -0.223702505, 0), (-0.136497974, -0.178432673, 0), (-0.119438231, -0.13738279, 0), (-0.100240856, -0.102751456, 0), (-0.0792714879, -0.0766088292, 0), (-0.0578005575, -0.0600370653, 0), (-0.0368398987, -0.0529809892, 0), (-0.0168964136, -0.0547936149, 0), (0.00201323139, -0.0652721897, 0), (0.0188533906, -0.0849042386, 0), (0.15869841, 0.520127535, 0), (0.156750426, 0.521696746, 0), (0.154402182, 0.528455734, 0), (0.147734925, 0.542648435, 0), (0.133609712, 0.565695643, 0), (0.108169228, 0.597095728, 0), (0.0676285997, 0.633780539, 0), (0.00919391308, 0.67255044, 0), (-0.0711757317, 0.708177567, 0), (-0.169442311, 0.733950615, 0), (-0.285656989, 0.744876623, 0), (-0.415900469, 0.736448586, 0), (-0.553966522, 0.703172028, 0), (-0.689404309, 0.640427053, 0), (-0.806820393, 0.545820475, 0), (-0.885160506, 0.429340035, 0), (-0.902233243, 0.315539718, 0), (-0.841372609, 0.230840668, 0), (-0.691931546, 0.218716949, 0), (-0.394616544, 0.317885786, 0), (0.0830709711, 0.358494222, 0), (0.559097648, 0.414918154, 0), (1.01938212, 0.455111265, 0), (1.43834925, 0.46876964, 0), (1.81551111, 0.443448097, 0), (2.00255036, 0.423987776, 0), (2.12123084, 0.385101855, 0), (2.19015169, 0.313686162, 0), (2.1870327, 0.301149398, 0), (2.21933436, 0.338699222, 0), (2.03184652, 0.128240421, 0), (1.9659009, -0.171728045, 0), (2.06358409, -0.343457282, 0), (1.97002017, -0.309245974, 0), (1.77329302, -0.249362856, 0), (1.69913399, -0.12846601, 0), (1.78783774, 0.0605154969, 0), (1.87696517, 0.273850024, 0), (1.70513821, 0.485293478, 0), (1.55626488, 0.627772689, 0), (1.37972081, 0.720683098, 0), (1.19652915, 0.781466663, 0), (1.01726115, 0.820211947, 0), (0.845493615, 0.842461407, 0), (0.682128847, 0.850971103, 0), (0.528990984, 0.846096158, 0), (0.390122503, 0.826027334, 0), (0.266495496, 0.790785074, 0), (0.161487922, 0.743556321, 0), (0.0792343467, 0.678152025, 0), (0.00765776495, 0.59807241, 0), (-0.0567466468, 0.533892572, 0), (-0.105088644, 0.487061322, 0), (-0.141251072, 0.455554903, 0), (-0.168592572, 0.437147021, 0), (-0.188098907, 0.429638654, 0), (-0.197857544, 0.430100471, 0), (-0.196589649, 0.434803724, 0), (-0.188234389, 0.441418767, 0), (-0.177218348, 0.449274302, 0), (-0.164722964, 0.458052814, 0), (-0.150699705, 0.467599601, 0), (-0.134939939, 0.478005588, 0), (-0.117468782, 0.489554644, 0), (-0.0986998975, 0.502562344, 0), (-0.0793055668, 0.516944408, 0), (-0.0597887523, 0.532277286, 0), (-0.0402409658, 0.547860324, 0), (-0.0207183044, 0.563018918, 0), (-0.00275240489, 0.577400029, 0), (0.134923339, 0.525924206, 0), (0.131678864, 0.530038655, 0), (0.126453608, 0.536365092, 0), (0.116402201, 0.545453429, 0), (0.0993085802, 0.557020426, 0), (0.0727035105, 0.569705486, 0), (0.0341669582, 0.581003189, 0), (-0.0183808226, 0.587682247, 0), (-0.0873986632, 0.586758852, 0), (-0.169791937, 0.572534323, 0), (-0.264716148, 0.544246078, 0), (-0.370325208, 0.499097139, 0), (-0.482099265, 0.436300188, 0), (-0.592536628, 0.357323319, 0), (-0.691200852, 0.266990066, 0), (-0.765371144, 0.175718516, 0), (-0.801621079, 0.0999596119, 0), (-0.78598702, 0.0586053282, 0), (-0.703364313, 0.0697008818, 0), (-0.560460329, 0.209862024, 0), (-0.18823345, 0.279900759, 0), (0.406391174, 0.284692407, 0), (1.02392125, 0.202740684, 0), (1.46781611, 0.131051183, 0), (1.84215856, 0.0927882344, 0), (2.09186935, 0.0687483177, 0), (2.28556299, 0.0511009954, 0), (2.38458061, 0.0672376528, 0), (2.3130064, 0.0480877496, 0), (2.20429945, -0.0721658245, 0), (2.07638741, -0.264986873, 0), (2.02667832, -0.400305361, 0), (1.94975686, -0.342542142, 0), (1.70188856, -0.159358218, 0), (1.50454211, 0.0287258886, 0), (1.41031575, 0.231134087, 0), (1.44276702, 0.469774365, 0), (1.48675072, 0.73645997, 0), (1.33836961, 0.985581934, 0), (1.22350979, 1.21044517, 0), (1.10842943, 1.39332306, 0), (0.985197008, 1.53563452, 0), (0.857234776, 1.64338541, 0), (0.728694081, 1.72209013, 0), (0.602695227, 1.77573109, 0), (0.481434345, 1.80801737, 0), (0.369014084, 1.82256103, 0), (0.269055933, 1.8212558, 0), (0.184053347, 1.80656075, 0), (0.115043938, 1.78298545, 0), (0.0613913499, 1.74741912, 0), (0.0189287961, 1.69718635, 0), (-0.019280633, 1.64016652, 0), (-0.0527231395, 1.58130777, 0), (-0.0836478025, 1.52481794, 0), (-0.112218924, 1.47435832, 0), (-0.131188408, 1.43002021, 0), (-0.132937118, 1.38767922, 0), (-0.127585232, 1.34733844, 0), (-0.124369316, 1.31219113, 0), (-0.120601758, 1.28285635, 0), (-0.114682131, 1.258919, 0), (-0.106299654, 1.2398957, 0), (-0.0957145691, 1.22545922, 0), (-0.0834745094, 1.21537197, 0), (-0.0701902211, 1.20935476, 0), (-0.0563181043, 1.20709753, 0), (-0.0420325771, 1.20834506, 0), (-0.0274478886, 1.21288061, 0), (-0.0130482884, 1.21977961, 0), (0.109082945, 0.529629767, 0), (0.10619469, 0.534809351, 0), (0.1013624, 0.540146708, 0), (0.0925884619, 0.545075953, 0), (0.0784801766, 0.548645079, 0), (0.0573502034, 0.549088955, 0), (0.0275837444, 0.543991745, 0), (-0.0124780312, 0.530450046, 0), (-0.0647019222, 0.50600642, 0), (-0.12702623, 0.466379166, 0), (-0.19872956, 0.411602288, 0), (-0.27939266, 0.3399629, 0), (-0.366996914, 0.252105474, 0), (-0.457340211, 0.151144624, 0), (-0.544177949, 0.0431265607, 0), (-0.62042588, -0.0626093298, 0), (-0.678069353, -0.151918516, 0), (-0.708620727, -0.206547782, 0), (-0.702590704, -0.20419319, 0), (-0.658411205, -0.119869046, 0), (-0.521709979, -0.0159898512, 0), (0.115478978, 0.0308401566, 0), (0.878703833, -0.00886290707, 0), (1.41316068, -0.0502305254, 0), (1.84346282, -0.0509356968, 0), (2.13342476, -0.0436842553, 0), (2.30945158, -0.0251336806, 0), (2.33289576, -0.0334693044, 0), (2.22305584, -0.127032444, 0), (2.10113215, -0.218523353, 0), (1.95472705, -0.240433097, 0), (1.76490068, -0.101065911, 0), (1.50048506, 0.197188079, 0), (1.28712904, 0.479781926, 0), (1.13773978, 0.733094692, 0), (1.06383479, 0.973807335, 0), (1.06840205, 1.23267567, 0), (1.08804059, 1.50675881, 0), (1.02917707, 1.71981025, 0), (0.95848763, 1.90207469, 0), (0.880503118, 2.05837107, 0), (0.795998752, 2.18785191, 0), (0.704477072, 2.29228544, 0), (0.607577622, 2.37506962, 0), (0.508152485, 2.43973398, 0), (0.409742266, 2.48886585, 0), (0.316561311, 2.52494979, 0), (0.232695803, 2.55013227, 0), (0.161462486, 2.5659945, 0), (0.104497083, 2.57370877, 0), (0.0616843924, 2.57409382, 0), (0.0311437789, 2.56644201, 0), (0.00978266168, 2.54748201, 0), (-0.00654853927, 2.51705098, 0), (-0.0192323793, 2.47441053, 0), (-0.0302113425, 2.42001581, 0), (-0.0423681512, 2.36110973, 0), (-0.0586558208, 2.31183052, 0), (-0.0738929138, 2.27610946, 0), (-0.0806334391, 2.24710131, 0), (-0.0803942829, 2.22044015, 0), (-0.0747560412, 2.19394922, 0), (-0.0652469844, 2.16669226, 0), (-0.0532807335, 2.13850164, 0), (-0.0402859673, 2.10979748, 0), (-0.0274970587, 2.08141589, 0), (-0.0158271138, 2.054497, 0), (-0.00555528095, 2.03025103, 0), (0.00439261412, 2.00909495, 0), (0.0155590661, 1.99009478, 0), (0.080364123, 0.533273697, 0), (0.0787092075, 0.54049921, 0), (0.0758394301, 0.546639442, 0), (0.0707276091, 0.550875962, 0), (0.0624289028, 0.55181098, 0), (0.0499674566, 0.547678053, 0), (0.0323011167, 0.536112487, 0), (0.00849452801, 0.514046013, 0), (-0.0242426638, 0.478240669, 0), (-0.0638057888, 0.427256823, 0), (-0.108499318, 0.359328389, 0), (-0.159997895, 0.272226155, 0), (-0.218544379, 0.165856898, 0), (-0.282733113, 0.0422278345, 0), (-0.349825174, -0.0950531065, 0), (-0.415824056, -0.238906741, 0), (-0.476886034, -0.379465431, 0), (-0.528496802, -0.50484401, 0), (-0.564533353, -0.601709187, 0), (-0.573917091, -0.663243949, 0), (-0.528301358, -0.645734072, 0), (-0.395326823, -0.286019295, 0), (0.168717965, 0.00575285824, 0), (0.963029385, 0.245326936, 0), (1.70157564, 0.317097843, 0), (1.99953878, 0.377673388, 0), (2.10761571, 0.421910942, 0), (2.07944274, 0.42913717, 0), (1.93220317, 0.445128769, 0), (1.72157109, 0.575047314, 0), (1.46512377, 0.842317581, 0), (1.1808418, 1.21364129, 0), (0.981120288, 1.55912602, 0), (0.861986279, 1.8478018, 0), (0.785131991, 2.09053135, 0), (0.744416773, 2.31211853, 0), (0.73029083, 2.54630351, 0), (0.736852705, 2.78924847, 0), (0.718471289, 3.00467753, 0), (0.693355143, 3.18918896, 0), (0.657916844, 3.34468603, 0), (0.613348305, 3.47285986, 0), (0.559681594, 3.57516384, 0), (0.498991042, 3.65274549, 0), (0.434687555, 3.70639277, 0), (0.370371431, 3.73683286, 0), (0.309573531, 3.7452383, 0), (0.255149812, 3.73359561, 0), (0.208530515, 3.70513391, 0), (0.169793755, 3.66412997, 0), (0.138176456, 3.61529899, 0), (0.111232318, 3.56374574, 0), (0.0855488926, 3.51479864, 0), (0.0565023907, 3.47411084, 0), (0.0208584573, 3.44857979, 0), (-0.0167653058, 3.4407227, 0), (-0.0472124666, 3.44499826, 0), (-0.0688861012, 3.45280766, 0), (-0.0816276595, 3.45889306, 0), (-0.0857383385, 3.46315718, 0), (-0.082886599, 3.46560407, 0), (-0.0751597509, 3.46657968, 0), (-0.0643574297, 3.46661663, 0), (-0.052074004, 3.46637201, 0), (-0.0396063589, 3.46641707, 0), (-0.0279334132, 3.46715379, 0), (-0.0176000986, 3.46873808, 0), (-0.00870945677, 3.47120857, 0), (-0.000967310276, 3.47512245, 0), (0.00613081502, 3.48171997, 0), (0.04558165, 0.538544297, 0), (0.0450935625, 0.550180554, 0), (0.0443773046, 0.560748577, 0), (0.0428980291, 0.569223583, 0), (0.0403156504, 0.574490368, 0), (0.0361354984, 0.574949205, 0), (0.0298718773, 0.568640828, 0), (0.0210507642, 0.55311358, 0), (0.00900761038, 0.524613142, 0), (-0.00663723564, 0.480993718, 0), (-0.0256153699, 0.419536024, 0), (-0.0472954251, 0.339140445, 0), (-0.072367385, 0.237142876, 0), (-0.102040201, 0.112329572, 0), (-0.136073172, -0.0348782316, 0), (-0.173903778, -0.202287883, 0), (-0.214139417, -0.384272397, 0), (-0.255833626, -0.573963761, 0), (-0.298883736, -0.760332286, 0), (-0.340718359, -0.925863326, 0), (-0.369258016, -1.04083979, 0), (-0.390445024, -1.02465534, 0), (-0.409439027, -0.423295438, 0), (-0.387729734, 0.307607919, 0), (0.387038767, 1.11072111, 0), (1.16762292, 1.57391262, 0), (1.404845, 1.91165745, 0), (1.3850112, 2.20501614, 0), (1.22264481, 2.52260423, 0), (0.983246922, 2.91277742, 0), (0.767117321, 3.32966375, 0), (0.647148132, 3.66915751, 0), (0.605758369, 3.91767263, 0), (0.576496184, 4.11182642, 0), (0.542262435, 4.27978039, 0), (0.501838863, 4.44826365, 0), (0.470080137, 4.62899113, 0), (0.447649658, 4.82933903, 0), (0.426443219, 5.03166342, 0), (0.408056945, 5.22950649, 0), (0.393068433, 5.41376114, 0), (0.372570843, 5.58185434, 0), (0.344221145, 5.73295546, 0), (0.31098181, 5.86562157, 0), (0.2753281, 5.97904587, 0), (0.239488006, 6.07334185, 0), (0.205399454, 6.14968538, 0), (0.174470797, 6.21021748, 0), (0.147396505, 6.25756836, 0), (0.124172628, 6.29442739, 0), (0.103694975, 6.32368565, 0), (0.0846944898, 6.3474803, 0), (0.0660307184, 6.36642313, 0), (0.0477290973, 6.37802839, 0), (0.0320619233, 6.37612963, 0), (0.021089334, 6.35625219, 0), (0.0133705651, 6.32098055, 0), (0.00834740326, 6.27433825, 0), (0.00579893216, 6.22060728, 0), (0.0054822606, 6.16403723, 0), (0.00693379808, 6.10808229, 0), (0.00957528502, 6.0552001, 0), (0.01286224, 6.00701857, 0), (0.0163263325, 5.9644227, 0), (0.0195955057, 5.92768574, 0), (0.0224140212, 5.89660263, 0), (0.0246891491, 5.87066841, 0), (0.0266085938, 5.84918404, 0), (0.028630754, 5.83133984, 0), (0.0300948322, 5.8171196, 0), (0, 0.546300292, 0), (0, 0.565871656, 0), (0, 0.585219204, 0), (0, 0.603991508, 0), (0, 0.621553183, 0), (0, 0.63704592, 0), (0, 0.649306238, 0), (0, 0.65690887, 0), (0, 0.657816291, 0), (0, 0.649203658, 0), (0, 0.627902567, 0), (0, 0.593418479, 0), (0, 0.542895496, 0), (0, 0.473796189, 0), (0, 0.382187247, 0), (0, 0.264901668, 0), (0, 0.119621515, 0), (0, -0.0557208695, 0), (0, -0.263000876, 0), (0, -0.499520391, 0), (0, -0.755049527, 0), (0, -1.02331614, 0), (0, -1.29704201, 0), (0, -1.10772359, 0), (0, -0.765908659, 0), (0, 0.0297301374, 0), (0, 0.97196418, 0), (0, 1.82100427, 0), (0, 2.53832054, 0), (0, 3.11678958, 0), (0, 3.58496404, 0), (0, 3.99793386, 0), (0, 4.39714861, 0), (0, 4.78334475, 0), (0, 5.14943743, 0), (0, 5.48959637, 0), (0, 5.80903196, 0), (0, 6.11373997, 0), (0, 6.40448904, 0), (0, 6.68308973, 0), (0, 6.95175171, 0), (0, 7.20688105, 0), (0, 7.44329309, 0), (0, 7.65762281, 0), (0, 7.84824562, 0), (0, 8.01502323, 0), (0, 8.15911388, 0), (0, 8.28261185, 0), (0, 8.38807774, 0), (0, 8.47807026, 0), (0, 8.55440617, 0), (0, 8.61806774, 0), (0, 8.66926861, 0), (0, 8.70824146, 0), (0, 8.73673344, 0), (0, 8.75786209, 0), (0, 8.77378464, 0), (0, 8.78628445, 0), (0, 8.79699707, 0), (0, 8.80739689, 0), (0, 8.81864738, 0), (0, 8.83153057, 0), (0, 8.84646416, 0), (0, 8.86355591, 0), (0, 8.8826685, 0), (0, 8.90349388, 0), (0, 8.92566586, 0), (0, 8.94894505, 0), (0, 8.97339916, 0), (0, 8.99866104, 0)] (
            interpolation = "uniform"
        )
        vector3f[] primvars:Solids_Velocity_1 = [(-0.0119788097, 0.00721940771, 0), (-0.0180558022, 0.0184200667, 0), (-0.0319497585, 0.0387948975, 0), (-0.0572481081, 0.0758863539, 0), (-0.0957616642, 0.137781918, 0), (-0.200229004, 0.309268773, 0), (-0.300704241, 0.625565529, 0), (-0.297859281, 0.980524838, 0), (-0.246843621, 1.38262248, 0), (-0.183336735, 1.84357297, 0), (-0.256219923, 2.17180037, 0), (-0.372825772, 2.51553297, 0), (-0.514366746, 2.88846421, 0), (-0.623924673, 3.25284839, 0), (-0.576851249, 3.44866085, 0), (-0.344140828, 3.37683511, 0), (-0.15196979, 3.22014594, 0), (-0.12756978, 3.14463258, 0), (-0.111120313, 3.16251898, 0), (-0.00972855184, 3.2301724, 0), (0.164200991, 3.30078483, 0), (0.350021154, 3.30769253, 0), (0.504900873, 3.22562456, 0), (0.61439389, 3.06620073, 0), (0.679457963, 2.85364532, 0), (0.706439555, 2.60976982, 0), (0.702441633, 2.34888506, 0), (0.675220311, 2.07682848, 0), (0.636405468, 1.79131675, 0), (0.601747155, 1.49055529, 0), (0.58218646, 1.16711831, 0), (0.533707917, 0.830702841, 0), (0.444942623, 0.495549887, 0), (0.569164217, -0.990552187, 0), (0.663216174, -1.62640464, 0), (0.66331172, -1.62598979, 0), (0.565461874, -1.66786599, 0), (0.53463155, -1.76579082, 0), (0.528627574, -7.07982463e-06, 0), (1.44971354e-18, -2.3851646e-08, 0), (4.16652712e-09, -0.106282867, 0), (0.00344696315, -2.25460444e-05, 0), (0, 0, 0), (0, 0, 0), (0, 0, 0), (0, 0, 0), (0, 0, 0), (0, 0, 0), (0, 0, 0), (0, 0, 0), (0, 0, 0), (0, 0, 0), (0, 0, 0), (0, 0, 0), (0, 0, 0), (0, 0, 0), (0, 0, 0), (0, 0, 0), (0, 0, 0), (0, 0, 0), (0, 0, 0), (0, 0, 0), (0, 0, 0), (0, 0, 0), (0, 0, 0), (0, 0, 0), (0, 0, 0), (0, 0, 0), (0, 0, 0), (0, 0, 0), (-0.0354027078, 0.0148333544, 0), (-0.0441292375, 0.0313798338, 0), (-0.0625518784, 0.0509041175, 0), (-0.0925130472, 0.0735517591, 0), (-0.135508165, 0.0991829187, 0), (-0.193225846, 0.140232891, 0), (-0.297233909, 0.381665498, 0), (-0.341131598, 0.187086925, 0), (-0.376028568, 0.323740155, 0), (-0.485445201, 0.54657656, 0), (-0.589640915, 0.749323964, 0), (-0.702170432, 0.935649216, 0), (-0.831123352, 1.14668822, 0), (-0.961381614, 1.37402141, 0), (-1.18408942, 1.2865665, 0), (-1.10646784, 1.17292106, 0), (-0.513451636, 1.40750563, 0), (-0.0214148555, 1.55787706, 0), (0.2613931, 1.57550025, 0), (0.409569234, 1.57093334, 0), (0.556794286, 1.58039224, 0), (0.706142545, 1.60730553, 0), (0.84455359, 1.63747895, 0), (0.958516538, 1.65516269, 0), (1.03991914, 1.64928663, 0), (1.08585393, 1.61216104, 0), (1.09806621, 1.53840721, 0), (1.08306432, 1.42392588, 0), (1.05222094, 1.26456082, 0), (1.02255177, 1.06921864, 0), (0.987794518, 0.828643799, 0), (0.956581354, 0.495533794, 0), (0.938527822, 0.0759994015, 0), (0.87911731, -1.90444767, 0), (1.03514922, -1.78348017, 0), (1.03532577, -1.78305697, 0), (0.796981752, -1.67633426, 0), (0.753981173, -1.77236509, 0), (0.704642355, -5.60117314e-06, 0), (1.3047483e-38, -4.38035561e-19, 0), (2.13802071e-19, -3.16882381e-10, 0), (1.13017075e-10, -3.49692442e-10, 0), (0, 0, 0), (0, 0, 0), (0, 0, 0), (0, 0, 0), (0, 0, 0), (0, 0, 0), (0, 0, 0), (0, 0, 0), (0, 0, 0), (0, 0, 0), (0, 0, 0), (0, 0, 0), (0, 0, 0), (0, 0, 0), (0, 0, 0), (0, 0, 0), (0, 0, 0), (0, 0, 0), (0, 0, 0), (0, 0, 0), (0, 0, 0), (0, 0, 0), (0, 0, 0), (0, 0, 0), (0, 0, 0), (0, 0, 0), (0, 0, 0), (0, 0, 0), (-0.0549408719, 0.0122228879, 0), (-0.0644535422, 0.0249394476, 0), (-0.0841410533, 0.0385160707, 0), (-0.115267627, 0.0529847704, 0), (-0.159210578, 0.0683968887, 0), (-0.216904953, 0.0846203193, 0), (-0.288443774, 0.0815401003, 0), (-0.356138378, 0.0900307447, 0), (-0.444237411, 0.131244436, 0), (-0.535865366, 0.192308232, 0), (-0.628057003, 0.252103269, 0), (-0.723021746, 0.289123505, 0), (-0.823534727, 0.2962704, 0), (-0.911652207, 0.28725934, 0), (-0.987335145, 0.174583226, 0), (-0.968371511, 0.119896494, 0), (-0.895565212, -0.0509947874, 0), (-0.635935009, 0.0978084356, 0), (-0.0237076879, 0.272256434, 0), (0.300513119, 0.427382708, 0), (0.545038521, 0.573135674, 0), (0.761657, 0.708720744, 0), (0.954553783, 0.828973293, 0), (1.11590099, 0.927612424, 0), (1.24180174, 0.997953176, 0), (1.3293097, 1.03214288, 0), (1.37860894, 1.02184701, 0), (1.39142942, 0.961343229, 0), (1.37246621, 0.855852485, 0), (1.34695375, 0.696757138, 0), (1.31459904, 0.477152973, 0), (1.2736572, 0.253516108, 0), (1.11776352, -0.938216388, 0), (1.17651749, -1.91161978, 0), (1.36435401, -1.8204025, 0), (1.36448741, -1.8195982, 0), (1.1274395, -1.66927874, 0), (1.02650559, -1.73509765, 0), (0.928957105, -2.88369915e-06, 0), (1.04111566e-16, -1.61550095e-40, 0), (1.98058124e-40, -1.25604667e-22, 0), (1.11959684e-22, -1.40134576e-22, 0), (0, 0, 0), (0, 0, 0), (0, 0, 0), (0, 0, 0), (0, 0, 0), (0, 0, 0), (0, 0, 0), (0, 0, 0), (0, 0, 0), (0, 0, 0), (0, 0, 0), (0, 0, 0), (-2.17439483e-41, 0, 0), (-5.3910262e-23, 0, 0), (-4.97653218e-24, 0, 0), (-2.26544918e-37, 0, 0), (0, 0, 0), (0, 0, 0), (0, 0, 0), (0, 0, 0), (0, 0, 0), (0, 0, 0), (0, 0, 0), (0, 0, 0), (0, 0, 0), (0, 0, 0), (0, 0, 0), (0, 0, 0), (-0.0638176501, 0.00509398989, 0), (-0.073008582, 0.0099535957, 0), (-0.0918182582, 0.014281028, 0), (-0.120997742, 0.0174746383, 0), (-0.161383569, 0.01858964, 0), (-0.212823689, 0.0162778199, 0), (-0.274189144, 0.00798931904, 0), (-0.342579484, 0.000926364795, 0), (-0.449289292, 0.0103324763, 0), (-0.524201155, 0.0195668805, 0), (-0.592145622, 0.0256943572, 0), (-0.669332564, 0.0141346287, 0), (-0.748905718, -0.0187138729, 0), (-0.815153182, -0.0699397475, 0), (-0.854366183, -0.144245192, 0), (-0.843472838, -0.211656108, 0), (-0.777157009, -0.28141284, 0), (-0.660870731, -0.251978993, 0), (-0.46443364, -0.16598253, 0), (0.0377002582, -0.0226580985, 0), (0.372299343, 0.135369852, 0), (0.67545712, 0.279502481, 0), (0.949291229, 0.404907644, 0), (1.18483651, 0.509719431, 0), (1.37847126, 0.585254312, 0), (1.52190757, 0.62279135, 0), (1.60784686, 0.616242766, 0), (1.64120102, 0.561726034, 0), (1.62503433, 0.456269592, 0), (1.63461614, 0.271480888, 0), (1.56697333, 0.0840716586, 0), (1.36805511, -0.552473605, 0), (1.22617006, -1.57949781, 0), (1.4445467, -1.71562612, 0), (1.56620479, -1.76744914, 0), (1.5663271, -1.76661742, 0), (1.33431411, -1.63012886, 0), (1.18778241, -1.64171016, 0), (1.04991746, -5.104107e-07, 0), (1.2043806e-09, -7.15151903e-18, 0), (5.85359611e-21, 0, 0), (1.60841296e-06, 0, 0), (1.15667043e-09, 0, 0), (1.06109404e-20, 0, 0), (5.05868746e-43, 0, 0), (0, 0, 0), (0, 0, 0), (0, 0, 0), (0, 0, 0), (0, 0, 0), (0, 0, 0), (-2.60177516e-27, 0, 0), (-5.95860444e-24, -2.80259693e-45, 0), (-4.78175119e-22, -8.74676488e-41, 0), (-8.71534942e-20, -2.07508006e-22, 0), (-9.8258901e-11, -2.07835465e-22, 0), (-3.074907e-11, -1.65675494e-23, 0), (-9.72020434e-18, -7.2122285e-37, 0), (-1.29239347e-22, 0, 0), (-2.12647042e-41, 0, 0), (0, 0, 0), (0, 0, 0), (0, 0, 0), (0, 0, 0), (0, 0, 0), (0, 0, 0), (0, 0, 0), (0, 0, 0), (0, 0, 0), (0, 0, 0), (-0.0610265471, -0.00271084509, 0), (-0.0690374896, -0.0062145316, 0), (-0.0853417069, -0.0113512743, 0), (-0.110355064, -0.0191034991, 0), (-0.144582987, -0.0306063276, 0), (-0.187959105, -0.0469466522, 0), (-0.240172431, -0.0687341169, 0), (-0.300646871, -0.0951307043, 0), (-0.373890281, -0.114727378, 0), (-0.465414673, -0.128233731, 0), (-0.517565668, -0.149087086, 0), (-0.582835734, -0.186672345, 0), (-0.652186573, -0.238442302, 0), (-0.712661386, -0.298493803, 0), (-0.751865625, -0.360299975, 0), (-0.756311357, -0.412317514, 0), (-0.71922785, -0.441651136, 0), (-0.657780707, -0.439816594, 0), (-0.547351122, -0.363146901, 0), (-0.228120327, -0.237416372, 0), (0.166929647, -0.089312911, 0), (0.548063457, 0.0342874676, 0), (0.907092392, 0.13370873, 0), (1.23231292, 0.206468374, 0), (1.51060188, 0.238929167, 0), (1.67252815, 0.253112555, 0), (1.7799015, 0.226856068, 0), (1.83820748, 0.142692506, 0), (1.82546031, 0.00538857002, 0), (1.7474606, -0.217720926, 0), (1.58542347, -0.570598125, 0), (1.41711426, -1.22423232, 0), (1.41154647, -1.86426604, 0), (1.58398092, -1.47486496, 0), (1.57511604, -1.62065291, 0), (1.56069314, -1.57332385, 0), (1.45909238, -1.48183417, 0), (1.29021549, -1.46981549, 0), (1.09851885, 0.00962504093, 0), (2.67632778e-08, 4.47358789e-10, 0), (6.13961451e-18, 9.30842873e-07, 0), (0.546462119, 0.0646163449, 0), (2.1526937e-06, 9.02908415e-10, 0), (7.42511202e-06, 1.02036089e-20, 0), (4.79809423e-05, 6.19373921e-43, 0), (0.000143855752, 0, 0), (4.15211034e-05, 0, 0), (6.47350307e-09, 0, 0), (2.21418569e-18, 0, 0), (1.62247134e-37, 0, 0), (0, 1.01630299e-26, 0), (-3.87892572e-13, 1.81485545e-23, 0), (-2.36589168e-11, 1.25202015e-21, 0), (-2.36992953e-10, 2.03544372e-19, 0), (-3.41920359e-09, 2.1832039e-10, 0), (-0.0012355427, 2.82311063e-10, 0), (-0.000463288918, 6.79225426e-11, 0), (-3.9220307e-08, 2.23062983e-17, 0), (-1.43714901e-10, 3.20053213e-22, 0), (-8.42356081e-20, 5.77152799e-41, 0), (-3.31689535e-25, 0, 0), (-7.17469733e-26, 0, 0), (-3.75008913e-26, 0, 0), (-1.31623692e-26, 0, 0), (-4.74915951e-27, 0, 0), (-9.16801394e-28, 0, 0), (-7.40344022e-29, 0, 0), (-2.43254779e-31, 0, 0), (0, 0, 0), (0, -8.33962943e-25, 0), (-0.0490230434, -0.00885717664, 0), (-0.0552814342, -0.0189330261, 0), (-0.0679353848, -0.031385012, 0), (-0.0873148143, -0.0475201197, 0), (-0.113764934, -0.0685415491, 0), (-0.147427186, -0.0956269354, 0), (-0.188423768, -0.129675835, 0), (-0.24955003, -0.181133389, 0), (-0.298081785, -0.217410475, 0), (-0.372876883, -0.239978746, 0), (-0.417878985, -0.27766028, 0), (-0.472713053, -0.33291927, 0), (-0.534442544, -0.400066525, 0), (-0.594342172, -0.471082747, 0), (-0.643200755, -0.536466658, 0), (-0.671206415, -0.583562434, 0), (-0.669413626, -0.601640165, 0), (-0.635399699, -0.601173103, 0), (-0.571855605, -0.55784291, 0), (-0.433351368, -0.500811517, 0), (-0.0714931339, -0.298207939, 0), (0.432609856, -0.160873398, 0), (0.961289763, -0.126228482, 0), (1.32157362, -0.123846203, 0), (1.59094822, -0.116205797, 0), (1.76677668, -0.141463384, 0), (1.87847781, -0.20625931, 0), (1.90754199, -0.308292598, 0), (1.83220935, -0.501456082, 0), (1.71482313, -0.796076596, 0), (1.58063281, -1.19107807, 0), (1.48536217, -1.69133639, 0), (1.53156793, -1.70848346, 0), (1.53201449, -1.1020453, 0), (1.41064978, -0.617580831, 0), (1.50329506, -1.09923983, 0), (1.53878486, -0.80831939, 0), (1.30878019, -1.107844, 0), (0.0340895168, 0.045231577, 0), (2.36568489e-08, 2.06399449e-08, 0), (5.16684183e-18, 1.4961455e-06, 0), (0.456694394, 0.619082868, 0), (0.341223061, 0.593919098, 0), (0.288896114, 0.551816046, 0), (0.212707967, 0.436642736, 0), (0.0749892816, 0.187335834, 0), (0.00638029678, 0.0180768874, 0), (6.22626385e-06, 4.48658746e-08, 0), (4.59085868e-06, 2.48258855e-17, 0), (3.26549934e-06, 3.65218074e-36, 0), (1.92723519e-06, 1.19419925e-11, 0), (-1.98356483e-05, 3.95506794e-10, 0), (-0.000597422419, 3.14081183e-09, 0), (-0.0035118761, 3.49869502e-08, 0), (-0.0207155533, 9.46870787e-05, 0), (-0.0398128554, 0.0128863007, 0), (-0.0396516621, 0.00330954697, 0), (-0.0140659921, 2.81044464e-07, 0), (-0.000568898278, 1.04203823e-09, 0), (-2.8449374e-09, 6.2434326e-19, 0), (-5.83555383e-12, 3.19778435e-24, 0), (-2.76890446e-12, 9.50519705e-25, 0), (-2.0371788e-12, 4.84219981e-25, 0), (-1.22719044e-12, 1.96591804e-25, 0), (-7.50526594e-13, 7.26544653e-26, 0), (-3.36998577e-13, 1.55065433e-26, 0), (-9.86760519e-14, 1.50497867e-27, 0), (-5.95120648e-15, 7.31901753e-30, 0), (-1.52316458e-29, 0, 0), (0, 0, 0), (-0.031965863, -0.0122551909, 0), (-0.0361368917, -0.0258960072, 0), (-0.0446306765, -0.0423763692, 0), (-0.0575942323, -0.0630679727, 0), (-0.0753801018, -0.0893801749, 0), (-0.0981776565, -0.122661948, 0), (-0.126318127, -0.164164066, 0), (-0.168844178, -0.226688519, 0), (-0.203773767, -0.273699969, 0), (-0.270379841, -0.308955491, 0), (-0.303218037, -0.358118117, 0), (-0.343657762, -0.426556051, 0), (-0.393494874, -0.509923935, 0), (-0.448185533, -0.600248992, 0), (-0.501519382, -0.687706351, 0), (-0.546699047, -0.761151135, 0), (-0.576028407, -0.810803592, 0), (-0.582177877, -0.834825933, 0), (-0.561783791, -0.829746485, 0), (-0.524432898, -0.847394347, 0), (-0.343557656, -0.711608887, 0), (0.327247083, -0.543238461, 0), (0.940608323, -0.502740204, 0), (1.35577667, -0.492501467, 0), (1.62188411, -0.501209617, 0), (1.78105283, -0.553171039, 0), (1.85797715, -0.643537641, 0), (1.8480444, -0.786756873, 0), (1.76762557, -1.02309203, 0), (1.6603179, -1.31616199, 0), (1.55094135, -1.61047125, 0), (1.46881473, -1.65243256, 0), (1.39812505, -1.11502659, 0), (1.31303692, -0.381164432, 0), (1.24477172, 0.101169214, 0), (1.25816524, -0.0130938664, 0), (1.41054213, 0.458231151, 0), (1.27136958, -0.322428524, 0), (0.0839331299, 0.0107011199, 0), (0.000555357023, 5.76046366e-09, 0), (0.000440379925, 9.88311655e-09, 0), (0.00027325956, 1.28530496e-06, 0), (0.303898275, 1.35805941, 0), (0.275574952, 1.4273777, 0), (0.258193254, 1.4690913, 0), (0.247629851, 1.48962569, 0), (0.232737333, 1.5131489, 0), (0.194567084, 1.55798137, 0), (0.149625599, 1.57563627, 0), (0.107855543, 1.54341853, 0), (0.0976632833, 1.55104113, 0), (0.0952012092, 1.58945334, 0), (0.0657588542, 1.62344587, 0), (0.0358500034, 1.6346395, 0), (0.0159033369, 1.57839072, 0), (-0.0060273353, 1.37141955, 0), (-0.0162029006, 0.868782282, 0), (-0.00756543642, 0.247338653, 0), (-0.000566432776, 0.00996517017, 0), (-0.000228042394, 5.27775263e-08, 0), (-0.000216542379, 1.6584438e-10, 0), (-0.000136173054, 9.81884643e-11, 0), (-0.000104492756, 7.18124865e-11, 0), (-6.87115098e-05, 4.84683266e-11, 0), (-4.30612236e-05, 3.03161315e-11, 0), (-2.11004863e-05, 1.42503327e-11, 0), (-7.13150212e-06, 4.07442743e-12, 0), (-5.96835434e-07, 3.01854651e-13, 0), (2.34143897e-07, 1.11836816e-27, 0), (6.90765887e-07, 0, 0), (-0.0145391133, -0.0124650169, 0), (-0.0167311113, -0.0263585951, 0), (-0.0211186875, -0.0429529399, 0), (-0.0278969891, -0.0637709871, 0), (-0.0371957608, -0.0901328847, 0), (-0.0492943488, -0.123543978, 0), (-0.064411588, -0.165463701, 0), (-0.0829454958, -0.217320353, 0), (-0.131895095, -0.295421273, 0), (-0.161642015, -0.333014309, 0), (-0.193106204, -0.381525278, 0), (-0.213839367, -0.451084733, 0), (-0.242317885, -0.543019056, 0), (-0.280001998, -0.65233016, 0), (-0.323563039, -0.770670116, 0), (-0.368972808, -0.889188349, 0), (-0.411603004, -0.999393702, 0), (-0.445347935, -1.09495974, 0), (-0.461350352, -1.18036187, 0), (-0.448679507, -1.22678471, 0), (-0.387264192, -1.19320786, 0), (-0.264548212, -1.09186375, 0), (0.558042943, -0.953966677, 0), (1.21228063, -0.855605245, 0), (1.59674585, -0.860678911, 0), (1.72833598, -0.916577041, 0), (1.7685045, -1.01754248, 0), (1.74045122, -1.16958869, 0), (1.6564728, -1.36191034, 0), (1.53851247, -1.49093199, 0), (1.39930212, -1.37330091, 0), (1.24145961, -0.800030589, 0), (1.10548079, 0.0692223236, 0), (1.06581151, 0.821324885, 0), (1.09699988, 0.992620945, 0), (1.11027634, 0.983210027, 0), (1.21401608, 2.46321273, 0), (1.18717659, 1.51734626, 0), (0.424086273, 2.518749, 0), (0.38494575, 3.06867003, 0), (0.383724421, 2.91189218, 0), (0.353553325, 3.48047733, 0), (0.32737276, 3.70092535, 0), (0.29632476, 3.971524, 0), (0.267649502, 3.93956637, 0), (0.235913768, 4.06251478, 0), (0.203858659, 4.45136499, 0), (0.177199334, 4.50394917, 0), (0.151709095, 4.57838249, 0), (0.132110387, 4.42438364, 0), (0.113872364, 4.72805595, 0), (0.0968595669, 4.82135916, 0), (0.0877963528, 4.51511669, 0), (0.0726593137, 4.70557833, 0), (0.0613622442, 5.09741163, 0), (0.0609417483, 4.66264153, 0), (0.070590958, 4.0596447, 0), (0.0421466492, 5.07057571, 0), (0.0362056457, 5.47647142, 0), (0.04502289, 4.94738913, 0), (0.0604001172, 4.10816336, 0), (0.0453092679, 5.43060255, 0), (0.0176852066, 5.61823368, 0), (0.0111046787, 5.9550128, 0), (0.00769407675, 5.79096174, 0), (0.00268468237, 5.78937674, 0), (-0.0016948824, 5.80615759, 0), (-0.00525558507, 5.82009125, 0), (-0.00771151297, 5.79051018, 0), (-0.00979727972, 5.81230593, 0), (-0.00203980575, -0.00920785591, 0), (-0.00265287817, -0.0194717124, 0), (-0.00392713584, -0.0319398828, 0), (-0.00586517574, -0.0476376303, 0), (-0.0085729938, -0.0678316578, 0), (-0.012125616, -0.0936818868, 0), (-0.0166565608, -0.126557693, 0), (-0.0223405808, -0.167926311, 0), (-0.0335011147, -0.228951886, 0), (-0.0490960032, -0.29033941, 0), (-0.0848647058, -0.341045409, 0), (-0.0976880416, -0.388717473, 0), (-0.109666586, -0.456295997, 0), (-0.120439954, -0.554721713, 0), (-0.136806056, -0.679787397, 0), (-0.160045207, -0.825068176, 0), (-0.189125717, -0.9833588, 0), (-0.222161695, -1.145872, 0), (-0.256891161, -1.29882133, 0), (-0.287476301, -1.41791558, 0), (-0.2997922, -1.47196376, 0), (-0.285489917, -1.41345513, 0), (-0.342752904, -1.59637344, 0), (0.220577687, -1.41638505, 0), (1.01941836, -1.17202675, 0), (1.43113863, -1.11659813, 0), (1.53208745, -1.14137661, 0), (1.51422942, -1.17827821, 0), (1.42780972, -1.1234051, 0), (1.28521395, -0.806057036, 0), (1.1128937, -0.0983220413, 0), (0.951084316, 0.970185161, 0), (0.840092242, 2.01512551, 0), (0.753880441, 2.75985909, 0), (0.687651753, 2.81786966, 0), (0.191189781, 4.31487322, 0), (0.000264229224, 5.03326654, 0), (0.00625791075, 5.04831171, 0), (0.0402937531, 5.21780682, 0), (0.150059879, 5.8675456, 0), (0.230128124, 5.55349207, 0), (0.207398444, 5.71509695, 0), (0.194264382, 5.86610746, 0), (0.177080527, 6.01021528, 0), (0.157724097, 6.13854551, 0), (0.137651384, 6.25363874, 0), (0.117998384, 6.35642052, 0), (0.0995570049, 6.44636536, 0), (0.082585305, 6.50449848, 0), (0.0751123205, 6.41077662, 0), (0.06251508, 6.48429585, 0), (0.0520370752, 6.53641939, 0), (0.0433155745, 6.58531523, 0), (0.0364209563, 6.62747574, 0), (0.0312709659, 6.66724634, 0), (0.0276029576, 6.70224428, 0), (0.0251523275, 6.73767185, 0), (0.0236124396, 6.7713685, 0), (0.0228193998, 6.80448961, 0), (0.0225863867, 6.83435011, 0), (0.0226360355, 6.86270618, 0), (0.0228663515, 6.89669228, 0), (0.0231807064, 6.93552065, 0), (0.0235671587, 6.97411823, 0), (0.0238675252, 7.00994444, 0), (0.0241457969, 7.04615593, 0), (0.0244448148, 7.082798, 0), (0.0247486252, 7.11906147, 0), (0.0251727551, 7.15786552, 0), (0.0254911277, 7.20488262, 0), (0, -0.00220436836, 0), (0, -0.00489791203, 0), (0, -0.00848069414, 0), (0, -0.0134517821, 0), (0, -0.0202951189, 0), (0, -0.0295899436, 0), (0, -0.0419762768, 0), (0, -0.0582210794, 0), (0, -0.0793453008, 0), (0, -0.148049429, 0), (0, -0.137209162, 0), (0, -0.158364877, 0), (0, -0.17941694, 0), (0, -0.216464564, 0), (0, -0.275937825, 0), (0, -0.363051772, 0), (0, -0.479468524, 0), (0, -0.624019325, 0), (0, -0.793290794, 0), (0, -0.975524068, 0), (0, -1.16282821, 0), (0, -1.34909463, 0), (0, -1.47974825, 0), (0, -1.93231606, 0), (0, -2.2458632, 0), (0, -2.10761499, 0), (0, -1.92248392, 0), (0, -1.72384691, 0), (0, -1.40335977, 0), (0, -0.848201811, 0), (0, -0.00694549363, 0), (0, 1.12017238, 0), (0, 2.33757663, 0), (0, 3.43188572, 0), (0, 4.25461388, 0), (0, 4.88078165, 0), (0, 5.03344107, 0), (0, 5.03422928, 0), (0, 5.07345009, 0), (0, 5.37794781, 0), (0, 6.61978149, 0), (0, 7.98913097, 0), (0, 8.13100624, 0), (0, 8.27161694, 0), (0, 8.39964581, 0), (0, 8.51453781, 0), (0, 8.61645603, 0), (0, 8.70298386, 0), (0, 8.77797794, 0), (0, 8.83659649, 0), (0, 8.93230152, 0), (0, 8.97816563, 0), (0, 9.02122784, 0), (0, 9.05916119, 0), (0, 9.09293461, 0), (0, 9.12421608, 0), (0, 9.1532917, 0), (0, 9.18126011, 0), (0, 9.20790768, 0), (0, 9.23374367, 0), (0, 9.25976181, 0), (0, 9.28653812, 0), (0, 9.31337643, 0), (0, 9.34029388, 0), (0, 9.36707401, 0), (0, 9.39365196, 0), (0, 9.42045975, 0), (0, 9.4467659, 0), (0, 9.472785, 0), (0, 9.5273304, 0)] (
            interpolation = "uniform"
        )
        vector3f[] primvars:Solids_Velocity_2 = [(-0.0119838882, 0.00722287269, 0), (-0.0180649702, 0.0184312966, 0), (-0.0319706872, 0.0388292857, 0), (-0.0573028997, 0.0760099143, 0), (-0.0959557146, 0.13869229, 0), (-0.130748361, 0.222420335, 0), (-0.300978839, 0.433223337, 0), (-0.307973951, 0.721936107, 0), (-0.278436512, 1.07364118, 0), (-0.258733749, 1.50140214, 0), (-0.341849267, 1.87039006, 0), (-0.453925669, 2.24521351, 0), (-0.577605546, 2.63518476, 0), (-0.675867379, 2.98436975, 0), (-0.615365505, 3.12371802, 0), (-0.433174282, 3.02776361, 0), (-0.251768887, 2.84655237, 0), (-0.133617222, 2.68983841, 0), (-0.0138372332, 2.57967877, 0), (0.126686126, 2.51341319, 0), (0.265320718, 2.48561525, 0), (0.378851146, 2.46950698, 0), (0.462288707, 2.43764234, 0), (0.519908071, 2.3765254, 0), (0.556523085, 2.28379631, 0), (0.575492799, 2.16073895, 0), (0.57950002, 2.00762653, 0), (0.572201967, 1.8214587, 0), (0.559527099, 1.59682035, 0), (0.550550878, 1.3319459, 0), (0.548176944, 1.03941488, 0), (0.520752549, 0.715618849, 0), (0.42303434, 0.350273937, 0), (0.452977926, -1.30175543, 0), (0.395143986, -3.12221575, 0), (0.392532825, -3.37828732, 0), (0.404580563, -3.39662457, 0), (0.404641718, -3.39654756, 0), (0.395771563, -1.18150438e-05, 0), (0, 0, 0), (0, 0, 0), (0, 0, 0), (0, 0, 0), (0, 0, 0), (0, 0, 0), (0, 0, 0), (0, 0, 0), (0, 0, 0), (0, 0, 0), (0, 0, 0), (0, 0, 0), (0, 0, 0), (0, 0, 0), (0, 0, 0), (0, 0, 0), (0, 0, 0), (0, 0, 0), (0, 0, 0), (0, 0, 0), (0, 0, 0), (0, 0, 0), (0, 0, 0), (0, 0, 0), (0, 0, 0), (0, 0, 0), (0, 0, 0), (0, 0, 0), (0, 0, 0), (0, 0, 0), (0, 0, 0), (-0.0354170874, 0.0148401698, 0), (-0.0441503339, 0.0313977078, 0), (-0.062589027, 0.0509436317, 0), (-0.0925868303, 0.0736192465, 0), (-0.135659367, 0.0994000509, 0), (-0.193238318, 0.140938401, 0), (-0.295372635, 0.139086068, 0), (-0.347796887, 0.171405226, 0), (-0.397781163, 0.26101318, 0), (-0.487540126, 0.429393291, 0), (-0.606708884, 0.612304509, 0), (-0.72904712, 0.790683746, 0), (-0.858176589, 0.973292649, 0), (-0.971084416, 1.17476487, 0), (-1.15991032, 0.961663127, 0), (-0.996023417, 0.664206803, 0), (-0.384063512, 0.711443007, 0), (0.0867833048, 0.829996288, 0), (0.323611826, 0.898795426, 0), (0.447016776, 0.968502045, 0), (0.55869323, 1.0493449, 0), (0.660171986, 1.14117336, 0), (0.748957694, 1.23282683, 0), (0.822873652, 1.31138146, 0), (0.879862368, 1.36531448, 0), (0.918740749, 1.38457835, 0), (0.94036752, 1.35998297, 0), (0.947864532, 1.28287005, 0), (0.946777284, 1.14880908, 0), (0.944936216, 0.962650239, 0), (0.93521446, 0.755750418, 0), (0.907352984, 0.374786645, 0), (0.912973583, -0.0289927591, 0), (0.628307939, -2.52697921, 0), (0.589713693, -3.23608136, 0), (0.583638966, -3.4372232, 0), (0.594151378, -3.4161036, 0), (0.594245374, -3.41597986, 0), (0.486852199, -6.64512118e-06, 0), (0, 0, 0), (0, 0, 0), (0, 0, 0), (0, 0, 0), (0, 0, 0), (0, 0, 0), (0, 0, 0), (0, 0, 0), (0, 0, 0), (0, 0, 0), (0, 0, 0), (0, 0, 0), (0, 0, 0), (0, 0, 0), (0, 0, 0), (0, 0, 0), (0, 0, 0), (0, 0, 0), (0, 0, 0), (0, 0, 0), (0, 0, 0), (0, 0, 0), (0, 0, 0), (0, 0, 0), (0, 0, 0), (0, 0, 0), (0, 0, 0), (0, 0, 0), (0, 0, 0), (0, 0, 0), (0, 0, 0), (-0.0549618714, 0.0122281071, 0), (-0.0644819662, 0.0249520876, 0), (-0.0841851905, 0.0385404155, 0), (-0.11534249, 0.0530288778, 0), (-0.159344912, 0.0684691072, 0), (-0.216924787, 0.0845990032, 0), (-0.288492382, 0.0815158784, 0), (-0.356194377, 0.0900075287, 0), (-0.432166666, 0.116607755, 0), (-0.527569056, 0.147531822, 0), (-0.636456311, 0.170581624, 0), (-0.744573653, 0.181553736, 0), (-0.846024871, 0.170091018, 0), (-0.926346838, 0.135331392, 0), (-0.978780687, 0.0100382054, 0), (-0.922721207, -0.0436610058, 0), (-0.823851883, -0.231594995, 0), (-0.517715037, -0.135206908, 0), (0.0611027628, 0.0161316916, 0), (0.359894216, 0.168911725, 0), (0.560648501, 0.323940367, 0), (0.725131035, 0.47757417, 0), (0.867951989, 0.62203896, 0), (0.990231276, 0.748326421, 0), (1.0920738, 0.847059309, 0), (1.17287803, 0.908110559, 0), (1.23116803, 0.920243502, 0), (1.26535094, 0.87396425, 0), (1.27748311, 0.771410406, 0), (1.27912509, 0.623409986, 0), (1.25639641, 0.389570236, 0), (1.21571195, 0.138629138, 0), (1.00623631, -1.15179479, 0), (0.761120975, -2.98885083, 0), (0.734125793, -3.33871865, 0), (0.70936662, -3.49011803, 0), (0.652299345, -3.45238304, 0), (0.652819335, -3.44828677, 0), (0.626040697, -2.55599775e-06, 0), (0, 0, 0), (0, 0, 0), (0, 0, 0), (0, 0, 0), (0, 0, 0), (0, 0, 0), (0, 0, 0), (0, 0, 0), (0, 0, 0), (0, 0, 0), (0, 0, 0), (0, 0, 0), (0, 0, 0), (0, 0, 0), (0, 0, 0), (0, 0, 0), (0, 0, 0), (0, 0, 0), (0, 0, 0), (0, 0, 0), (0, 0, 0), (0, 0, 0), (0, 0, 0), (0, 0, 0), (0, 0, 0), (0, 0, 0), (0, 0, 0), (0, 0, 0), (0, 0, 0), (0, 0, 0), (0, 0, 0), (-0.0638406575, 0.00509599922, 0), (-0.0730384365, 0.00995818991, 0), (-0.0918617323, 0.0142888157, 0), (-0.121065438, 0.0174863096, 0), (-0.161385179, 0.0185921062, 0), (-0.212845623, 0.0162292905, 0), (-0.274235457, 0.00790781341, 0), (-0.342625171, 0.000883917499, 0), (-0.420315683, -0.00447279075, 0), (-0.50736779, -0.0157201663, 0), (-0.599365354, -0.0385240652, 0), (-0.689063609, -0.0746221244, 0), (-0.768678069, -0.126418874, 0), (-0.827597857, -0.193267792, 0), (-0.8539446, -0.277985126, 0), (-0.826759458, -0.343304515, 0), (-0.744382083, -0.39513424, 0), (-0.584487677, -0.363915086, 0), (-0.383175045, -0.286239117, 0), (0.0935128257, -0.16022481, 0), (0.402483642, -0.00865836814, 0), (0.665463626, 0.139575526, 0), (0.89132607, 0.277912199, 0), (1.08631027, 0.399897218, 0), (1.25749445, 0.493466884, 0), (1.39189947, 0.547230303, 0), (1.48436117, 0.551622927, 0), (1.53708839, 0.499825984, 0), (1.55594659, 0.390762538, 0), (1.56928504, 0.193943694, 0), (1.4930923, -0.0171788875, 0), (1.27700174, -0.714239717, 0), (1.00497365, -2.02284241, 0), (0.877220333, -3.23819327, 0), (0.837151229, -3.43148208, 0), (0.796555579, -3.5415504, 0), (0.797033012, -3.54063582, 0), (0.754231334, -3.47984147, 0), (0.703139782, -2.13829523e-07, 0), (1.43453921e-11, 0, 0), (8.30025442e-25, 0, 0), (0, 0, 0), (0, 0, 0), (0, 0, 0), (0, 0, 0), (0, 0, 0), (0, 0, 0), (0, 0, 0), (0, 0, 0), (0, 0, 0), (0, 0, 0), (0, 0, 0), (0, 0, 0), (0, 0, 0), (0, 0, 0), (0, 0, 0), (0, 0, 0), (0, 0, 0), (0, 0, 0), (0, 0, 0), (0, 0, 0), (0, 0, 0), (0, 0, 0), (0, 0, 0), (0, 0, 0), (0, 0, 0), (0, 0, 0), (0, 0, 0), (0, 0, 0), (0, 0, 0), (-0.0610474497, -0.0027118118, 0), (-0.0690640956, -0.00621716864, 0), (-0.0853789821, -0.0113567235, 0), (-0.110410646, -0.019106783, 0), (-0.144587427, -0.0306285229, 0), (-0.187978327, -0.0470025949, 0), (-0.240204886, -0.0688052028, 0), (-0.300662696, -0.0952076167, 0), (-0.369030982, -0.127657488, 0), (-0.443771541, -0.168006122, 0), (-0.521426439, -0.217986241, 0), (-0.598111391, -0.276989579, 0), (-0.66792047, -0.342929095, 0), (-0.723138511, -0.411593527, 0), (-0.754699707, -0.476695448, 0), (-0.752308905, -0.52467376, 0), (-0.70770359, -0.546289086, 0), (-0.6125772, -0.523788035, 0), (-0.466918886, -0.4855901, 0), (-0.198624924, -0.348468214, 0), (0.185441941, -0.20272854, 0), (0.545017362, -0.0786943659, 0), (0.872779548, 0.030681476, 0), (1.16614199, 0.122720316, 0), (1.41074133, 0.174553335, 0), (1.56733894, 0.198673308, 0), (1.6777966, 0.176532328, 0), (1.74242771, 0.0952482745, 0), (1.73747838, -0.0619922914, 0), (1.65586197, -0.331401169, 0), (1.49080825, -0.718906522, 0), (1.25597227, -1.521842, 0), (1.0361352, -2.72684431, 0), (0.965021908, -3.3888824, 0), (0.910819352, -3.50750923, 0), (0.863153458, -3.58603072, 0), (0.863317311, -3.58555102, 0), (0.821340263, -3.39813328, 0), (0.751380146, 0.000732975779, 0), (2.09403068e-11, 5.32847334e-12, 0), (1.39958331e-24, 3.96174871e-25, 0), (0, 0, 0), (0, 0, 0), (0, 0, 0), (0, 0, 0), (0, 0, 0), (0, 0, 0), (0, 0, 0), (0, 0, 0), (0, 0, 0), (0, 0, 0), (0, 0, 0), (0, 0, 0), (0, 0, 0), (0, 0, 0), (0, 0, 0), (0, 0, 0), (0, 0, 0), (0, 0, 0), (0, 0, 0), (0, 0, 0), (0, 0, 0), (0, 0, 0), (0, 0, 0), (0, 0, 0), (0, 0, 0), (0, 0, 0), (0, 0, 0), (0, 0, 0), (0, 0, 0), (-0.0490392372, -0.00886035617, 0), (-0.0553016625, -0.0189404376, 0), (-0.0679635033, -0.0313991606, 0), (-0.0873556435, -0.0475265943, 0), (-0.113769159, -0.0685693324, 0), (-0.147441104, -0.0956825539, 0), (-0.188444838, -0.129714265, 0), (-0.236813575, -0.171220511, 0), (-0.291775256, -0.221446693, 0), (-0.352423787, -0.28044802, 0), (-0.416531265, -0.348298579, 0), (-0.482384801, -0.423295557, 0), (-0.546563387, -0.502040863, 0), (-0.604051113, -0.579236746, 0), (-0.648540497, -0.647632122, 0), (-0.672794998, -0.697933793, 0), (-0.668906689, -0.72082144, 0), (-0.627297044, -0.708613276, 0), (-0.535994589, -0.672154486, 0), (-0.401627034, -0.629713476, 0), (-0.0497029349, -0.425909162, 0), (0.438669562, -0.277806371, 0), (0.944477737, -0.22695832, 0), (1.27586031, -0.206184417, 0), (1.51014733, -0.184450969, 0), (1.67067218, -0.204544201, 0), (1.77123928, -0.273277462, 0), (1.79700756, -0.394335151, 0), (1.73310471, -0.621834636, 0), (1.60223806, -0.967320859, 0), (1.43490899, -1.4591552, 0), (1.23632932, -2.27690291, 0), (1.08885729, -3.18659306, 0), (1.02567542, -3.47462058, 0), (0.962382674, -3.54449272, 0), (0.912926435, -3.5643456, 0), (0.914661467, -3.54372835, 0), (0.875235617, -3.26312017, 0), (0.787907302, 0.000987633131, 0), (6.51640894e-12, 6.70210068e-12, 0), (5.17786259e-25, 6.5445789e-25, 0), (0, 0, 0), (0, 0, 0), (0, 0, 0), (0, 0, 0), (0, 0, 0), (0, 0, 0), (0, 0, 0), (0, 0, 0), (0, 0, 0), (0, 0, 0), (0, 0, 0), (0, 0, 0), (0, 0, 0), (0, 0, 0), (0, 0, 0), (0, 0, 0), (0, 0, 0), (0, 0, 0), (0, 0, 0), (0, 0, 0), (0, 0, 0), (0, 0, 0), (0, 0, 0), (0, 0, 0), (0, 0, 0), (0, 0, 0), (0, 0, 0), (0, 0, 0), (0, 0, 0), (-0.0319760628, -0.0122592542, 0), (-0.0361498408, -0.0259059612, 0), (-0.0446482897, -0.0423943028, 0), (-0.0576200336, -0.0630738735, 0), (-0.0753819793, -0.0894055367, 0), (-0.0981861204, -0.122711278, 0), (-0.126331478, -0.164201632, 0), (-0.160208151, -0.214942023, 0), (-0.199556634, -0.275867581, 0), (-0.243618593, -0.347206444, 0), (-0.291852415, -0.42882511, 0), (-0.344138384, -0.519242167, 0), (-0.399372876, -0.615476966, 0), (-0.455083519, -0.712860167, 0), (-0.507451355, -0.805053115, 0), (-0.551584661, -0.884222209, 0), (-0.581493616, -0.941497087, 0), (-0.589082658, -0.967546165, 0), (-0.561455607, -0.956186116, 0), (-0.48452422, -0.976115167, 0), (-0.260063946, -0.841985524, 0), (0.363506883, -0.675030768, 0), (0.954602361, -0.62867403, 0), (1.34018159, -0.623242319, 0), (1.5625124, -0.62835294, 0), (1.69542468, -0.681708097, 0), (1.75724912, -0.787570119, 0), (1.7430371, -0.960611105, 0), (1.6602664, -1.24375987, 0), (1.53165293, -1.64022434, 0), (1.38402462, -2.18136668, 0), (1.2336278, -2.88407302, 0), (1.13385415, -3.37662315, 0), (1.06488144, -3.48487639, 0), (0.999281824, -3.52618432, 0), (0.999304712, -3.52517486, 0), (0.97158742, -3.3636148, 0), (0.919545233, 0.000102993414, 0), (2.83454549e-09, 4.81046225e-09, 0), (1.69870366e-19, 3.3841241e-19, 0), (3.2973814e-40, 7.71686657e-40, 0), (0, 0, 0), (0, 0, 0), (0, 0, 0), (0, 0, 0), (0, 0, 0), (0, 0, 0), (0, 0, 0), (0, 0, 0), (0, 0, 0), (0, 0, 0), (0, 0, 0), (0, 0, 0), (0, 0, 0), (0, 0, 0), (0, 0, 0), (0, 0, 0), (0, 0, 0), (0, 0, 0), (0, 0, 0), (0, 0, 0), (0, 0, 0), (0, 0, 0), (0, 0, 0), (0, 0, 0), (0, 0, 0), (0, 0, 0), (0, 0, 0), (0, 0, 0), (0, 0, 0), (-0.0145437438, -0.0124692833, 0), (-0.0167368203, -0.0263681281, 0), (-0.0211269911, -0.042970784, 0), (-0.0279090516, -0.0637733862, 0), (-0.0372145064, -0.0901508182, 0), (-0.049297493, -0.123586625, 0), (-0.0644185394, -0.165515095, 0), (-0.0829571337, -0.217417046, 0), (-0.105444044, -0.280799866, 0), (-0.130919307, -0.355891258, 0), (-0.16004023, -0.443547964, 0), (-0.193301305, -0.543736279, 0), (-0.231443956, -0.655261159, 0), (-0.274171621, -0.775543153, 0), (-0.319974661, -0.900507569, 0), (-0.366282314, -1.02455676, 0), (-0.409466118, -1.14054358, 0), (-0.443992198, -1.23949599, 0), (-0.460250348, -1.30962217, 0), (-0.441835791, -1.34046447, 0), (-0.356675297, -1.30200958, 0), (-0.163109422, -1.22073233, 0), (0.613239825, -1.14783919, 0), (1.26371169, -1.11163604, 0), (1.57312644, -1.12334549, 0), (1.67140651, -1.1941402, 0), (1.69778645, -1.32961047, 0), (1.66476858, -1.54230869, 0), (1.583408, -1.85595357, 0), (1.47072399, -2.2640717, 0), (1.34992182, -2.73881292, 0), (1.24139941, -3.16024494, 0), (1.16016626, -3.34104443, 0), (1.08855069, -3.38553643, 0), (1.043805, -3.45401025, 0), (1.04376411, -3.45336819, 0), (1.01787651, -3.09004855, 0), (0.945365012, 0.000217960129, 0), (1.87184646e-09, 3.65755794e-11, 0), (2.8853298e-19, 1.80852768e-23, 0), (3.65894303e-39, 0, 0), (0, 0, 0), (0, 0, 0), (0, 0, 0), (0, 0, 0), (0, 0, 0), (0, 0, 0), (0, 0, 0), (0, 0, 0), (0, 0, 0), (0, 0, 0), (0, 0, 0), (0, 0, 0), (0, 0, 0), (0, 0, 0), (0, 0, 0), (0, 0, 0), (0, 0, 0), (0, 0, 0), (0, 0, 0), (0, 0, 0), (0, 0, 0), (0, 0, 0), (0, 0, 0), (0, 0, 0), (0, 0, 0), (0, 0, 0), (0, 0, 0), (0, 0, 0), (0, 0, 0), (-0.00204041484, -0.00921075139, 0), (-0.00265387073, -0.0194789339, 0), (-0.00392857287, -0.0319526754, 0), (-0.00586776016, -0.0476593561, 0), (-0.00857715867, -0.0678364262, 0), (-0.012132816, -0.0937037766, 0), (-0.0166687388, -0.126613826, 0), (-0.0223613027, -0.168037355, 0), (-0.029471932, -0.219782248, 0), (-0.0379363671, -0.283067703, 0), (-0.0477867983, -0.359049171, 0), (-0.0599218719, -0.449277699, 0), (-0.0751389787, -0.554994881, 0), (-0.0941213593, -0.676751792, 0), (-0.117427856, -0.813816428, 0), (-0.144946158, -0.963781536, 0), (-0.175931796, -1.12216663, 0), (-0.209132239, -1.28134382, 0), (-0.242439657, -1.4284749, 0), (-0.270077139, -1.5438925, 0), (-0.280187339, -1.59512305, 0), (-0.281669825, -1.54122198, 0), (-0.259803116, -1.74174082, 0), (0.316728503, -1.74157, 0), (1.11356831, -1.64270568, 0), (1.48260188, -1.66643178, 0), (1.55827117, -1.79855835, 0), (1.54379153, -2.01256752, 0), (1.48626018, -2.29545569, 0), (1.40470123, -2.60601473, 0), (1.31891441, -2.87146878, 0), (1.23957098, -3.01877022, 0), (1.1648916, -3.06206942, 0), (1.09526336, -3.09748554, 0), (1.06934798, -3.27427197, 0), (1.04076123, -2.88434911, 0), (1.0339489, -2.65852118, 0), (0.921008885, 0.0768945739, 0), (3.0715797e-05, 1.29570648e-08, 0), (5.76676058e-08, 2.20209603e-18, 0), (3.89894215e-16, 3.05237446e-38, 0), (3.01849875e-32, 0, 0), (0, 0, 0), (0, 0, 0), (0, 0, 0), (0, 0, 0), (0, 0, 0), (0, 0, 0), (0, 0, 0), (0, 0, 0), (0, 0, 0), (0, 0, 0), (0, 0, 0), (0, 0, 0), (0, 0, 0), (0, 0, 0), (0, 0, 0), (0, 0, 0), (0, 0, 0), (0, 0, 0), (0, 0, 0), (0, 0, 0), (0, 0, 0), (0, 0, 0), (0, 0, 0), (0, 0, 0), (0, 0, 0), (0, 0, 0), (0, 0, 0), (0, 0, 0), (0, -0.00220513018, 0), (0, -0.00489961635, 0), (0, -0.00848415773, 0), (0, -0.0134578217, 0), (0, -0.0203054715, 0), (0, -0.0296069775, 0), (0, -0.0420036316, 0), (0, -0.0582640432, 0), (0, -0.07934203, 0), (0, -0.10617388, 0), (0, -0.139891565, 0), (0, -0.18210192, 0), (0, -0.234810248, 0), (0, -0.300714254, 0), (0, -0.382555455, 0), (0, -0.482860118, 0), (0, -0.603557944, 0), (0, -0.745591879, 0), (0, -0.908597887, 0), (0, -1.08922267, 0), (0, -1.27594447, 0), (0, -1.46329618, 0), (0, -1.64132345, 0), (0, -2.09156704, 0), (0, -2.48797107, 0), (0, -2.53647971, 0), (0, -2.53718114, 0), (0, -2.59165072, 0), (0, -2.66719818, 0), (0, -2.71850562, 0), (0, -2.71829605, 0), (0, -2.67283821, 0), (0, -2.61341214, 0), (0, -2.57757044, 0), (0, -2.57417107, 0), (0, -2.40757108, 0), (0, -2.19076443, 0), (0, 0.577527642, 0), (0, 0.152086675, 0), (0, 9.3874047e-07, 0), (0, 6.94829893e-15, 0), (0, 5.94677044e-31, 0), (0, 0, 0), (0, 0, 0), (0, 0, 0), (0, 0, 0), (0, 0, 0), (0, 0, 0), (0, 0, 0), (0, 0, 0), (0, 0, 0), (0, 0, 0), (0, 0, 0), (0, 0, 0), (0, 0, 0), (0, 0, 0), (0, 0, 0), (0, 0, 0), (0, 0, 0), (0, 0, 0), (0, 0, 0), (0, 0, 0), (0, 0, 0), (0, 0, 0), (0, 0, 0), (0, 0, 0), (0, 0, 0), (0, 0, 0), (0, 0, 0), (0, 0, 0)] (
            interpolation = "uniform"
        )
        float[] primvars:Gas_temperature = [1073.15002, 1073.15051, 1073.15833, 1073.24683, 1076.06445, 1074.33215, 1072.54565, 1071.9325, 1071.50671, 1071.27124, 1073.14404, 1073.36401, 1073.35791, 1073.30615, 1073.23779, 1073.14807, 1073.03381, 1072.90747, 1072.80286, 1072.76611, 1072.82019, 1072.94763, 1073.09827, 1073.22754, 1073.31592, 1073.36353, 1073.37939, 1073.37305, 1073.35132, 1073.31567, 1073.26306, 1073.19031, 1073.10986, 1073.09033, 1073.1261, 1073.14075, 1073.1438, 1073.14233, 1073.14233, 1073.14246, 1073.14246, 1073.14246, 1073.14246, 1073.14246, 1073.14233, 1073.14233, 1073.14233, 1073.14233, 1073.14233, 1073.14233, 1073.14233, 1073.14233, 1073.14246, 1073.14246, 1073.14258, 1073.14258, 1073.1427, 1073.1427, 1073.1427, 1073.14282, 1073.14282, 1073.14282, 1073.14294, 1073.14294, 1073.14294, 1073.14294, 1073.14294, 1073.14294, 1073.14294, 1073.14294, 1073.15002, 1073.15015, 1073.15332, 1073.20264, 1083.43579, 1074.23206, 1074.11328, 1074.16772, 1074.27344, 1074.14185, 1073.83081, 1073.56958, 1073.42041, 1073.34363, 1073.30859, 1073.3064, 1073.34851, 1073.3739, 1073.36145, 1073.3457, 1073.34131, 1073.34253, 1073.34473, 1073.34558, 1073.3429, 1073.33618, 1073.32556, 1073.31128, 1073.29297, 1073.26782, 1073.23193, 1073.1825, 1073.1272, 1073.10608, 1073.13293, 1073.1416, 1073.14319, 1073.14014, 1073.13831, 1073.13672, 1073.13464, 1073.13245, 1073.13062, 1073.12878, 1073.12732, 1073.1261, 1073.12512, 1073.12439, 1073.1239, 1073.12366, 1073.12366, 1073.12378, 1073.12402, 1073.12427, 1073.12439, 1073.12463, 1073.12488, 1073.125, 1073.12524, 1073.12537, 1073.12561, 1073.12573, 1073.12585, 1073.12598, 1073.12598, 1073.1261, 1073.1261, 1073.1261, 1073.1261, 1073.1261, 1073.15002, 1073.15027, 1073.15405, 1073.18384, 1073.33081, 1073.72302, 1074.02454, 1074.2395, 1088.07141, 1077.37012, 1075.11414, 1073.33032, 1073.21362, 1073.19641, 1073.19702, 1073.20422, 1073.21729, 1073.24121, 1073.26062, 1073.25867, 1073.25793, 1073.25806, 1073.25867, 1073.25916, 1073.25928, 1073.25842, 1073.25635, 1073.25281, 1073.24622, 1073.23364, 1073.20947, 1073.16907, 1073.12708, 1073.12134, 1073.13672, 1073.14172, 1073.14258, 1073.13928, 1073.13721, 1073.1355, 1073.13281, 1073.12976, 1073.12659, 1073.12329, 1073.12, 1073.11682, 1073.11389, 1073.11145, 1073.10962, 1073.10864, 1073.10815, 1073.10754, 1073.10681, 1073.10596, 1073.10498, 1073.104, 1073.10303, 1073.10217, 1073.10156, 1073.10095, 1073.10059, 1073.10034, 1073.10022, 1073.1001, 1073.10022, 1073.10022, 1073.10034, 1073.10046, 1073.10046, 1073.10059, 1073.15002, 1073.151, 1073.16162, 1073.22266, 1073.41553, 1073.75317, 1074.0863, 1074.38147, 1074.74756, 1090.26306, 1074.06714, 1073.14978, 1073.11475, 1073.11633, 1073.12207, 1073.12793, 1073.13379, 1073.14062, 1073.15149, 1073.16382, 1073.17212, 1073.17957, 1073.18652, 1073.1936, 1073.20044, 1073.20679, 1073.21289, 1073.21802, 1073.21973, 1073.21277, 1073.18933, 1073.15295, 1073.12671, 1073.13208, 1073.13879, 1073.14099, 1073.14111, 1073.13794, 1073.13574, 1073.13611, 1073.13452, 1073.13196, 1073.12915, 1073.12671, 1073.1239, 1073.12134, 1073.11926, 1073.1178, 1073.11731, 1073.11731, 1073.11792, 1073.11829, 1073.11853, 1073.11841, 1073.11792, 1073.11719, 1073.11609, 1073.11462, 1073.11267, 1073.11035, 1073.10742, 1073.10376, 1073.09949, 1073.0946, 1073.08936, 1073.08472, 1073.08105, 1073.07886, 1073.07776, 1073.07739, 1073.15015, 1073.15332, 1073.17896, 1073.28882, 1073.54651, 1073.89258, 1074.21191, 1074.53748, 1088.09839, 1079.1969, 1073.25342, 1073.10632, 1073.10791, 1073.11707, 1073.12524, 1073.13147, 1073.13586, 1073.13867, 1073.13989, 1073.14075, 1073.14307, 1073.14905, 1073.15698, 1073.16565, 1073.17468, 1073.18469, 1073.19507, 1073.20398, 1073.20593, 1073.19421, 1073.17297, 1073.14685, 1073.13135, 1073.13745, 1073.1394, 1073.13953, 1073.13855, 1073.13489, 1073.13159, 1073.13464, 1073.13501, 1073.13391, 1073.13281, 1073.13147, 1073.13, 1073.12842, 1073.12708, 1073.1261, 1073.12524, 1073.12488, 1073.12427, 1073.12415, 1073.12427, 1073.12463, 1073.12512, 1073.12549, 1073.12561, 1073.12561, 1073.12549, 1073.125, 1073.12427, 1073.12317, 1073.1217, 1073.11987, 1073.11755, 1073.11475, 1073.11133, 1073.10742, 1073.10278, 1073.09778, 1073.15039, 1073.15649, 1073.19666, 1073.33545, 1073.61121, 1073.94751, 1074.25415, 1076.41821, 1091.42932, 1073.82751, 1073.15393, 1073.10632, 1073.11145, 1073.12183, 1073.13049, 1073.13721, 1073.14233, 1073.14624, 1073.14905, 1073.15027, 1073.1488, 1073.14929, 1073.15601, 1073.16284, 1073.1709, 1073.18152, 1073.19128, 1073.19629, 1073.19348, 1073.18103, 1073.16333, 1073.14404, 1073.13721, 1073.13965, 1073.13904, 1073.13757, 1073.1355, 1073.13159, 1073.12842, 1073.13135, 1073.13306, 1073.1333, 1073.13367, 1073.13354, 1073.13318, 1073.13269, 1073.1322, 1073.13171, 1073.13135, 1073.13098, 1073.13074, 1073.13037, 1073.13, 1073.12964, 1073.12939, 1073.12927, 1073.12927, 1073.12915, 1073.12915, 1073.12915, 1073.12903, 1073.12903, 1073.12878, 1073.12854, 1073.12817, 1073.12769, 1073.12695, 1073.12585, 1073.12439, 1073.12256, 1073.15039, 1073.15686, 1073.19629, 1073.32825, 1073.59009, 1073.92322, 1074.24158, 1078.0835, 1090.08447, 1073.81152, 1073.18176, 1073.11047, 1073.11194, 1073.12244, 1073.13184, 1073.13965, 1073.14648, 1073.15283, 1073.15833, 1073.16284, 1073.16553, 1073.16479, 1073.16504, 1073.16772, 1073.17419, 1073.18188, 1073.18713, 1073.18774, 1073.18262, 1073.1709, 1073.15625, 1073.14368, 1073.14087, 1073.14038, 1073.13855, 1073.13635, 1073.13391, 1073.13062, 1073.1283, 1073.12927, 1073.13049, 1073.13123, 1073.13196, 1073.13232, 1073.13269, 1073.13281, 1073.13293, 1073.13293, 1073.13306, 1073.13306, 1073.13306, 1073.13306, 1073.13306, 1073.13281, 1073.13257, 1073.1322, 1073.13184, 1073.13147, 1073.1311, 1073.13062, 1073.13025, 1073.12976, 1073.12915, 1073.12866, 1073.12805, 1073.12756, 1073.12708, 1073.12659, 1073.1261, 1073.12561, 1073.15027, 1073.15369, 1073.17773, 1073.26843, 1073.47864, 1073.797, 1074.15186, 1074.4939, 1098.91382, 1074.86047, 1073.31116, 1073.11975, 1073.10754, 1073.11792, 1073.12891, 1073.13892, 1073.14807, 1073.15601, 1073.16235, 1073.16711, 1073.17004, 1073.17114, 1073.1709, 1073.17163, 1073.17542, 1073.17908, 1073.18054, 1073.17847, 1073.17249, 1073.16223, 1073.15173, 1073.14526, 1073.14319, 1073.14136, 1073.1394, 1073.13721, 1073.13501, 1073.13257, 1073.13049, 1073.12891, 1073.12781, 1073.12695, 1073.12598, 1073.125, 1073.1239, 1073.12256, 1073.12122, 1073.12085, 1073.12036, 1073.12012, 1073.12024, 1073.12061, 1073.12146, 1073.12207, 1073.12268, 1073.12329, 1073.12378, 1073.12378, 1073.12354, 1073.12366, 1073.12378, 1073.12366, 1073.12305, 1073.12219, 1073.12134, 1073.12024, 1073.1189, 1073.11743, 1073.11572, 1073.11389, 1073.15002, 1073.15076, 1073.1571, 1073.19031, 1073.29944, 1073.53577, 1073.88586, 1074.26892, 1081.00977, 1093.12756, 1078.68127, 1073.22803, 1073.09802, 1073.10413, 1073.11792, 1073.13098, 1073.14258, 1073.15198, 1073.15869, 1073.16296, 1073.16516, 1073.16638, 1073.16785, 1073.1698, 1073.17188, 1073.17285, 1073.172, 1073.16882, 1073.16333, 1073.15625, 1073.15063, 1073.14746, 1073.14539, 1073.14355, 1073.14185, 1073.14001, 1073.13831, 1073.13647, 1073.13477, 1073.13306, 1073.13159, 1073.13013, 1073.12866, 1073.12732, 1073.12598, 1073.12451, 1073.12317, 1073.1217, 1073.12036, 1073.11902, 1073.11755, 1073.11609, 1073.1145, 1073.11279, 1073.11108, 1073.10913, 1073.10718, 1073.10535, 1073.10339, 1073.10156, 1073.09985, 1073.09827, 1073.09668, 1073.09534, 1073.09412, 1073.0929, 1073.09167, 1073.09045, 1073.08936, 1073.08813, 1073.15002, 1073.15002, 1073.15027, 1073.15173, 1073.15967, 1073.19922, 1073.35962, 1073.82556, 1074.724, 1075.70581, 1081.65906, 1082.73486, 1073.25, 1073.06543, 1073.08081, 1073.10193, 1073.12146, 1073.13708, 1073.1488, 1073.15601, 1073.1593, 1073.16016, 1073.16016, 1073.16016, 1073.16052, 1073.16052, 1073.15942, 1073.15723, 1073.1543, 1073.15125, 1073.14893, 1073.14709, 1073.14539, 1073.14368, 1073.14197, 1073.1405, 1073.13904, 1073.1377, 1073.13635, 1073.13513, 1073.13391, 1073.13269, 1073.13159, 1073.13037, 1073.12927, 1073.12817, 1073.12708, 1073.12598, 1073.12488, 1073.12378, 1073.12268, 1073.12158, 1073.12048, 1073.11938, 1073.11816, 1073.11694, 1073.11584, 1073.1145, 1073.11328, 1073.11194, 1073.1106, 1073.10925, 1073.10779, 1073.10632, 1073.10486, 1073.10339, 1073.10193, 1073.10046, 1073.099, 1073.09753] (
            interpolation = "uniform"
        )
        float[] primvars:Solids_temperature_1 = [1073.15002, 1073.15002, 1073.15002, 1073.23193, 1073.80273, 910.000977, 905.530396, 926.546753, 930.695679, 933.027588, 1045.30957, 1067.87964, 1072.30725, 1073.10352, 1073.19202, 1073.13062, 1073.02002, 1072.89575, 1072.79675, 1072.76257, 1072.81152, 1072.92688, 1073.06836, 1073.19751, 1073.29321, 1073.35059, 1073.37451, 1073.37305, 1073.35303, 1073.31738, 1073.26392, 1073.19019, 1073.10889, 1073.08997, 1073.12561, 1073.13062, 1073.14392, 1073.14233, 1073.14233, 1073.14197, 1073.1427, 1073.14258, 1073.09888, 1073.11829, 1073.12891, 1073.14429, 1073.15002, 1073.15002, 1073.15002, 1073.15002, 1073.15002, 1073.15002, 1073.15002, 1073.15002, 1073.15002, 1073.15002, 1073.15002, 1073.15002, 1073.15002, 1073.15002, 1073.15002, 1073.15002, 1073.15002, 1073.15002, 1073.15002, 1073.15002, 1073.15002, 1073.15002, 1073.15002, 1073.15002, 1073.15002, 1073.15002, 1073.15002, 1073.15002, 1073.25415, 1074.19934, 906.218323, 1010.49353, 1074.1062, 1074.12292, 1073.82617, 1073.5636, 1073.41809, 1073.34326, 1073.30933, 1073.30884, 1073.34766, 1073.37256, 1073.36426, 1073.34814, 1073.33008, 1073.32507, 1073.32983, 1073.33679, 1073.34009, 1073.33704, 1073.32776, 1073.31348, 1073.29456, 1073.26855, 1073.23218, 1073.18237, 1073.12708, 1073.10681, 1073.13245, 1073.13562, 1073.14331, 1073.14026, 1073.13892, 1073.13953, 1073.13928, 1072.95361, 1073.03613, 1073.04663, 1073.05945, 1073.14941, 1073.15002, 1073.15002, 1073.15002, 1073.15002, 1073.15002, 1073.15002, 1073.15002, 1073.15002, 1073.15002, 1073.15002, 1073.15002, 1073.15002, 1073.15002, 1073.15002, 1073.15002, 1073.15002, 1073.15002, 1073.15002, 1073.15002, 1073.15002, 1073.15002, 1073.15002, 1073.15002, 1073.15002, 1073.15002, 1073.15002, 1073.15002, 1073.15002, 1073.17261, 1073.72241, 1074.02295, 1074.23706, 1074.25061, 1074.39441, 1073.68311, 1073.28943, 1073.21167, 1073.19568, 1073.19617, 1073.20337, 1073.21594, 1073.23877, 1073.26086, 1073.25977, 1073.25916, 1073.25964, 1073.26074, 1073.2616, 1073.26184, 1073.26062, 1073.25806, 1073.25391, 1073.24683, 1073.23401, 1073.20959, 1073.16907, 1073.1272, 1073.12085, 1073.13684, 1073.13855, 1073.1427, 1073.1394, 1073.13757, 1073.13818, 1073.1394, 1072.91113, 1072.9978, 1073.00952, 1073.14673, 1073.15002, 1073.15002, 1073.15002, 1073.15002, 1073.15002, 1073.15002, 1073.15002, 1073.15002, 1073.15002, 1073.15002, 1073.15002, 1073.15002, 1073.15002, 1073.15002, 1073.15002, 1073.15002, 1073.15002, 1073.15002, 1073.15002, 1073.15002, 1073.15002, 1073.15002, 1073.15002, 1073.15002, 1073.15002, 1073.15002, 1073.15002, 1073.15002, 1073.15002, 1073.19824, 1073.75281, 1074.08569, 1074.38037, 1074.75171, 1074.75256, 1073.33215, 1073.13647, 1073.1145, 1073.11633, 1073.12219, 1073.12805, 1073.13391, 1073.1405, 1073.15112, 1073.16357, 1073.17224, 1073.17969, 1073.18701, 1073.19421, 1073.20105, 1073.20752, 1073.21338, 1073.21838, 1073.21985, 1073.21289, 1073.18945, 1073.15283, 1073.12695, 1073.13171, 1073.13916, 1073.13977, 1073.14124, 1073.13794, 1073.13525, 1073.13696, 1073.13843, 1073.13672, 1073.01184, 1073.04565, 1073.14758, 1073.15002, 1073.15002, 1073.15002, 1073.15002, 1073.15002, 1073.15002, 1073.15002, 1073.15002, 1073.15002, 1073.15002, 1073.15002, 1073.15002, 1073.15002, 1073.15002, 1073.15002, 1073.15002, 1073.15002, 1073.15002, 1073.15002, 1073.15002, 1073.15002, 1073.15002, 1073.15002, 1073.15002, 1073.15002, 1073.15002, 1073.15002, 1073.15002, 1073.15247, 1073.54602, 1073.89246, 1074.21167, 1074.53711, 1074.49341, 1073.8717, 1073.16772, 1073.10596, 1073.10791, 1073.11707, 1073.12537, 1073.13159, 1073.13599, 1073.13879, 1073.14014, 1073.14075, 1073.14307, 1073.14905, 1073.15698, 1073.16565, 1073.17468, 1073.18469, 1073.19519, 1073.20398, 1073.20605, 1073.19409, 1073.17236, 1073.14648, 1073.13171, 1073.1377, 1073.13879, 1073.13953, 1073.13855, 1073.13489, 1073.13013, 1073.13452, 1073.1366, 1073.1355, 1073.01941, 1073.13171, 1073.15002, 1073.15002, 1073.15002, 1073.15002, 1073.15002, 1073.15002, 1073.15002, 1073.15002, 1073.15002, 1073.15002, 1073.15002, 1073.15002, 1073.15002, 1073.15002, 1073.15002, 1073.15002, 1073.15002, 1073.15002, 1073.15002, 1073.15002, 1073.15002, 1073.15002, 1073.15002, 1073.15002, 1073.15002, 1073.15002, 1073.15002, 1073.15002, 1073.15002, 1073.17432, 1073.61084, 1073.94751, 1074.25403, 1075.00842, 1075.04407, 1073.48694, 1073.15027, 1073.10645, 1073.11145, 1073.12183, 1073.13049, 1073.13721, 1073.14233, 1073.14636, 1073.14917, 1073.15039, 1073.14893, 1073.14929, 1073.15601, 1073.16284, 1073.17078, 1073.18152, 1073.19128, 1073.19629, 1073.19336, 1073.18054, 1073.16248, 1073.14392, 1073.13757, 1073.14026, 1073.13977, 1073.1377, 1073.13562, 1073.13171, 1073.1283, 1073.13513, 1073.13464, 1073.13428, 1073.13428, 1073.13379, 1073.13318, 1073.13269, 1073.1322, 1073.14978, 1073.1499, 1073.15002, 1073.15002, 1073.15002, 1073.15002, 1073.1499, 1073.14722, 1073.12927, 1073.12915, 1073.14941, 1073.15002, 1073.15002, 1073.15002, 1073.15002, 1073.15002, 1073.15002, 1073.15002, 1073.15002, 1073.15002, 1073.15002, 1073.15002, 1073.15002, 1073.15002, 1073.15002, 1073.15002, 1073.17297, 1073.58972, 1073.9231, 1074.24146, 1075.02417, 1075.03052, 1073.55469, 1073.17944, 1073.1106, 1073.11206, 1073.12244, 1073.13184, 1073.13965, 1073.14648, 1073.15283, 1073.15833, 1073.16296, 1073.16565, 1073.16492, 1073.16516, 1073.16772, 1073.17419, 1073.18188, 1073.18713, 1073.18762, 1073.18213, 1073.17004, 1073.15552, 1073.1438, 1073.14136, 1073.14136, 1073.14001, 1073.1377, 1073.13403, 1073.13074, 1073.12866, 1073.11841, 1073.13391, 1073.13342, 1073.13293, 1073.13269, 1073.13269, 1073.13281, 1073.13293, 1073.13306, 1073.13306, 1073.13306, 1073.13306, 1073.13306, 1073.13306, 1073.13281, 1073.13257, 1073.1322, 1073.13184, 1073.13147, 1073.1311, 1073.06519, 1073.05774, 1073.04541, 1073.06958, 1073.02869, 1073.02637, 1073.04688, 1072.99878, 1073.01355, 1073.03284, 1072.99707, 1073.15002, 1073.15002, 1073.15002, 1073.15283, 1073.47766, 1073.79688, 1074.15186, 1074.4939, 1074.5835, 1073.90332, 1073.29285, 1073.11987, 1073.10754, 1073.11792, 1073.12891, 1073.13892, 1073.14795, 1073.15588, 1073.16235, 1073.16711, 1073.17017, 1073.17126, 1073.17102, 1073.17163, 1073.17542, 1073.17908, 1073.18042, 1073.1781, 1073.17163, 1073.1615, 1073.15137, 1073.14551, 1073.1438, 1073.14221, 1073.13989, 1073.13867, 1073.13513, 1073.13269, 1073.13049, 1073.12903, 1073.12793, 1073.12695, 1073.1261, 1073.12512, 1073.12402, 1073.12268, 1073.12122, 1073.12085, 1073.12036, 1073.12012, 1073.12036, 1073.12073, 1073.12158, 1073.12231, 1073.12292, 1073.12354, 1073.12402, 1073.12415, 1073.1239, 1073.1239, 1073.1239, 1073.12378, 1073.12305, 1073.12219, 1073.12122, 1073.12012, 1073.11877, 1073.11719, 1073.11548, 1073.11365, 1073.15002, 1073.15002, 1073.15002, 1073.15002, 1073.16357, 1073.53516, 1073.88574, 1074.26892, 1075.22937, 1075.34314, 1074.02515, 1073.17786, 1073.09778, 1073.10425, 1073.1178, 1073.13086, 1073.14246, 1073.15198, 1073.15881, 1073.16296, 1073.16528, 1073.1665, 1073.16785, 1073.1698, 1073.17188, 1073.17273, 1073.17175, 1073.16846, 1073.16284, 1073.15588, 1073.15051, 1073.14746, 1073.14587, 1073.14453, 1073.14319, 1073.14197, 1073.13989, 1073.1366, 1073.13489, 1073.13318, 1073.13171, 1073.13025, 1073.12878, 1073.12744, 1073.1261, 1073.12463, 1073.12329, 1073.12183, 1073.12048, 1073.11914, 1073.11768, 1073.11621, 1073.11462, 1073.11292, 1073.11108, 1073.10925, 1073.1073, 1073.10547, 1073.10352, 1073.10168, 1073.09998, 1073.09827, 1073.0968, 1073.09546, 1073.09412, 1073.0929, 1073.0918, 1073.09058, 1073.08948, 1073.08826, 1073.15002, 1073.15002, 1073.15002, 1073.15002, 1073.15002, 1073.15015, 1073.15198, 1073.15845, 1073.22253, 1075.34387, 1074.13501, 1074.21045, 1073.11707, 1073.06421, 1073.08081, 1073.10181, 1073.12134, 1073.13708, 1073.1488, 1073.15613, 1073.15942, 1073.16028, 1073.16028, 1073.16028, 1073.16052, 1073.1604, 1073.15918, 1073.15698, 1073.15417, 1073.15125, 1073.14917, 1073.14734, 1073.146, 1073.14465, 1073.14331, 1073.14209, 1073.14087, 1073.1394, 1073.13647, 1073.13525, 1073.13403, 1073.13281, 1073.13171, 1073.13049, 1073.12939, 1073.1283, 1073.1272, 1073.1261, 1073.125, 1073.1239, 1073.1228, 1073.1217, 1073.12061, 1073.11951, 1073.11829, 1073.11719, 1073.11597, 1073.11462, 1073.1134, 1073.11206, 1073.11072, 1073.10938, 1073.10791, 1073.10645, 1073.10498, 1073.10352, 1073.10205, 1073.10059, 1073.09912, 1073.09766] (
            interpolation = "uniform"
        )
        float[] primvars:Solids_temperature_2 = [1073.15002, 1073.15063, 1073.15833, 1073.24646, 1074.36768, 1074.3313, 1073.823, 1073.57935, 1073.44299, 1073.34229, 1073.41003, 1073.40784, 1073.36548, 1073.30737, 1073.23792, 1073.14795, 1073.03357, 1072.90723, 1072.80066, 1072.76294, 1072.82153, 1072.95642, 1073.11072, 1073.23804, 1073.32202, 1073.36609, 1073.38, 1073.37292, 1073.35095, 1073.31543, 1073.26282, 1073.19019, 1073.10986, 1073.09045, 1073.12878, 1073.14319, 1073.15027, 1073.14978, 1073.14282, 1073.14075, 1073.12903, 1073.14294, 1073.12048, 1072.82336, 1072.75232, 1073.15002, 1073.15002, 1073.15002, 1073.15002, 1073.15002, 1073.15002, 1073.15002, 1073.15002, 1073.15002, 1073.15002, 1073.15002, 1073.15002, 1073.15002, 1073.15002, 1073.15002, 1073.15002, 1073.15002, 1073.15002, 1073.15002, 1073.15002, 1073.15002, 1073.15002, 1073.15002, 1073.15002, 1073.15002, 1073.15002, 1073.15015, 1073.15332, 1073.20251, 1074.30347, 1074.10986, 1074.09607, 1074.15735, 1074.27393, 1074.1416, 1073.83069, 1073.56934, 1073.42029, 1073.34363, 1073.30859, 1073.3064, 1073.34973, 1073.37524, 1073.36108, 1073.34473, 1073.3407, 1073.34314, 1073.34607, 1073.34631, 1073.34302, 1073.33594, 1073.3252, 1073.31104, 1073.29285, 1073.2677, 1073.23193, 1073.18262, 1073.12732, 1073.1062, 1073.13562, 1073.14514, 1073.15015, 1073.14941, 1073.13916, 1073.13989, 1073.12952, 1072.95312, 1073.04309, 1072.8374, 1072.73962, 1073.15002, 1073.15002, 1073.15002, 1073.15002, 1073.15002, 1073.15002, 1073.15002, 1073.15002, 1073.15002, 1073.15002, 1073.15002, 1073.15002, 1073.15002, 1073.15002, 1073.15002, 1073.15002, 1073.15002, 1073.15002, 1073.15002, 1073.15002, 1073.15002, 1073.15002, 1073.15002, 1073.15002, 1073.15002, 1073.15002, 1073.15027, 1073.15405, 1073.18372, 1073.33044, 1073.72205, 1074.02283, 1074.23743, 1074.64575, 1074.19653, 1073.60022, 1073.28809, 1073.2124, 1073.19653, 1073.19714, 1073.20447, 1073.21741, 1073.24133, 1073.26099, 1073.25867, 1073.25781, 1073.25793, 1073.25842, 1073.25879, 1073.25879, 1073.25806, 1073.2561, 1073.25256, 1073.24609, 1073.23364, 1073.20947, 1073.16919, 1073.12708, 1073.12195, 1073.14026, 1073.14636, 1073.14636, 1073.14099, 1073.1377, 1073.13892, 1073.13123, 1072.92029, 1072.99902, 1072.83838, 1073.15002, 1073.15002, 1073.15002, 1073.15002, 1073.15002, 1073.15002, 1073.15002, 1073.15002, 1073.15002, 1073.15002, 1073.15002, 1073.15002, 1073.15002, 1073.15002, 1073.15002, 1073.15002, 1073.15002, 1073.15002, 1073.15002, 1073.15002, 1073.15002, 1073.15002, 1073.15002, 1073.15002, 1073.15002, 1073.15002, 1073.15002, 1073.151, 1073.16162, 1073.22266, 1073.41553, 1073.75293, 1074.08582, 1074.38049, 1074.62134, 1074.0188, 1073.29712, 1073.1355, 1073.1145, 1073.11646, 1073.12219, 1073.12817, 1073.13391, 1073.14075, 1073.15161, 1073.16394, 1073.17224, 1073.17957, 1073.18652, 1073.19348, 1073.20032, 1073.20679, 1073.21289, 1073.21802, 1073.21973, 1073.21289, 1073.18945, 1073.15308, 1073.12695, 1073.13354, 1073.14307, 1073.14685, 1073.14478, 1073.13794, 1073.13501, 1073.13721, 1072.92529, 1072.92053, 1072.99194, 1072.88843, 1073.15002, 1073.15002, 1073.15002, 1073.15002, 1073.15002, 1073.15002, 1073.15002, 1073.15002, 1073.15002, 1073.15002, 1073.15002, 1073.15002, 1073.15002, 1073.15002, 1073.15002, 1073.15002, 1073.15002, 1073.15002, 1073.15002, 1073.15002, 1073.15002, 1073.15002, 1073.15002, 1073.15002, 1073.15002, 1073.15002, 1073.15015, 1073.15332, 1073.17896, 1073.28882, 1073.54663, 1073.8927, 1074.21179, 1074.53723, 1074.75146, 1073.62146, 1073.16309, 1073.10583, 1073.10803, 1073.11719, 1073.12537, 1073.13171, 1073.13599, 1073.13879, 1073.14001, 1073.14087, 1073.14319, 1073.14917, 1073.1571, 1073.16565, 1073.17468, 1073.18469, 1073.19519, 1073.2041, 1073.20593, 1073.19421, 1073.1731, 1073.14709, 1073.13159, 1073.14026, 1073.14478, 1073.14673, 1073.14502, 1073.13489, 1073.12866, 1073.13354, 1072.88501, 1072.90613, 1072.94446, 1072.93555, 1073.15002, 1073.15002, 1073.15002, 1073.15002, 1073.15002, 1073.15002, 1073.15002, 1073.15002, 1073.15002, 1073.15002, 1073.15002, 1073.15002, 1073.15002, 1073.15002, 1073.15002, 1073.15002, 1073.15002, 1073.15002, 1073.15002, 1073.15002, 1073.15002, 1073.15002, 1073.15002, 1073.15002, 1073.15002, 1073.15002, 1073.15039, 1073.15649, 1073.19666, 1073.33557, 1073.61133, 1073.94775, 1074.25427, 1074.55103, 1074.62939, 1073.47595, 1073.1499, 1073.10645, 1073.11157, 1073.12195, 1073.13062, 1073.13733, 1073.14246, 1073.14636, 1073.14917, 1073.15039, 1073.14893, 1073.14941, 1073.15613, 1073.16296, 1073.1709, 1073.18164, 1073.19128, 1073.19641, 1073.1936, 1073.18115, 1073.16357, 1073.14453, 1073.13818, 1073.14368, 1073.14563, 1073.14331, 1073.13562, 1073.13171, 1073.12805, 1073.13159, 1072.88257, 1072.81555, 1072.81763, 1073.1322, 1073.15002, 1073.15002, 1073.15002, 1073.15002, 1073.15002, 1073.15002, 1073.15002, 1073.15002, 1073.15002, 1073.15002, 1073.15002, 1073.15002, 1073.15002, 1073.15002, 1073.15002, 1073.15002, 1073.15002, 1073.15002, 1073.15002, 1073.15002, 1073.15002, 1073.15002, 1073.15002, 1073.15002, 1073.15002, 1073.15002, 1073.15039, 1073.15686, 1073.19629, 1073.32825, 1073.59021, 1073.92334, 1074.2417, 1074.5387, 1074.58203, 1073.5498, 1073.17969, 1073.1106, 1073.11218, 1073.12256, 1073.13196, 1073.13977, 1073.14661, 1073.15295, 1073.15845, 1073.16296, 1073.16565, 1073.16492, 1073.16516, 1073.16785, 1073.17432, 1073.18201, 1073.18726, 1073.18787, 1073.18274, 1073.17114, 1073.15674, 1073.14453, 1073.14307, 1073.14526, 1073.14563, 1073.1427, 1073.13416, 1073.13123, 1073.13135, 1073.12988, 1072.7605, 1072.74121, 1072.73511, 1073.14282, 1073.15002, 1073.15002, 1073.15002, 1073.15002, 1073.15002, 1073.15002, 1073.15002, 1073.15002, 1073.15002, 1073.15002, 1073.15002, 1073.15002, 1073.15002, 1073.15002, 1073.15002, 1073.15002, 1073.15002, 1073.15002, 1073.15002, 1073.15002, 1073.15002, 1073.15002, 1073.15002, 1073.15002, 1073.15002, 1073.15002, 1073.15027, 1073.15369, 1073.17773, 1073.26855, 1073.47864, 1073.79712, 1074.1521, 1074.49414, 1074.73621, 1073.85193, 1073.29358, 1073.11987, 1073.10767, 1073.11804, 1073.12915, 1073.13904, 1073.14819, 1073.15613, 1073.16248, 1073.16724, 1073.17017, 1073.17126, 1073.17102, 1073.17175, 1073.17554, 1073.1792, 1073.18066, 1073.17871, 1073.17273, 1073.1626, 1073.1521, 1073.146, 1073.14575, 1073.14612, 1073.14563, 1073.14417, 1073.13525, 1073.13391, 1073.13354, 1072.87939, 1072.72205, 1072.71448, 1073.09509, 1073.12122, 1073.15002, 1073.15002, 1073.15002, 1073.15002, 1073.15002, 1073.15002, 1073.15002, 1073.15002, 1073.15002, 1073.15002, 1073.15002, 1073.15002, 1073.15002, 1073.15002, 1073.15002, 1073.15002, 1073.15002, 1073.15002, 1073.15002, 1073.15002, 1073.15002, 1073.15002, 1073.15002, 1073.15002, 1073.15002, 1073.15002, 1073.15002, 1073.15076, 1073.1571, 1073.19031, 1073.29956, 1073.53589, 1073.88611, 1074.26917, 1074.60022, 1074.5802, 1073.80237, 1073.17688, 1073.09778, 1073.10425, 1073.11804, 1073.1311, 1073.14282, 1073.1521, 1073.15894, 1073.16309, 1073.16528, 1073.16663, 1073.16797, 1073.16992, 1073.172, 1073.1731, 1073.17224, 1073.16907, 1073.16345, 1073.15613, 1073.15002, 1073.14746, 1073.14697, 1073.14636, 1073.14502, 1073.14014, 1073.13855, 1073.13806, 1073.12122, 1072.89282, 1072.75476, 1072.85767, 1072.90417, 1072.948, 1073.04004, 1073.05359, 1073.14697, 1073.14954, 1073.15002, 1073.15002, 1073.15002, 1073.14978, 1073.1488, 1073.14929, 1073.14893, 1073.14954, 1073.14966, 1073.1499, 1073.14832, 1073.14197, 1073.13806, 1073.14075, 1073.14709, 1073.1499, 1073.15002, 1073.1499, 1073.14856, 1073.14783, 1073.14966, 1073.15002, 1073.15002, 1073.15002, 1073.15027, 1073.15173, 1073.15967, 1073.19922, 1073.35974, 1073.82581, 1074.72437, 1075.66687, 1075.05957, 1073.82507, 1073.11035, 1073.06421, 1073.08093, 1073.10205, 1073.12158, 1073.13721, 1073.14893, 1073.15613, 1073.15942, 1073.1604, 1073.16028, 1073.16028, 1073.16077, 1073.16064, 1073.15967, 1073.15747, 1073.15442, 1073.15149, 1073.14929, 1073.14795, 1073.14697, 1073.146, 1073.14429, 1073.14062, 1073.13928, 1073.13904, 1073.1366, 1072.89954, 1072.87183, 1072.87097, 1072.87012, 1072.86951, 1072.8689, 1072.86707, 1072.86841, 1072.87195, 1072.88306, 1072.91052, 1072.9425, 1072.97668, 1072.98865, 1072.99231, 1072.98901, 1072.97144, 1072.95483, 1072.95398, 1072.96265, 1072.96899, 1072.97473, 1072.98145, 1072.99341, 1073.02112, 1073.04492, 1073.0542, 1073.05786, 1073.05664, 1073.05432, 1073.05457] (
            interpolation = "uniform"
        )
        float[] primvars:O2_Gas_mass_fractions_1 = [0.23999998, 0.239996925, 0.23967272, 0.233006194, 0.000341494859, 9.10997429e-08, 6.57286279e-08, 5.71249288e-08, 5.04205779e-08, 4.46874502e-08, 5.24530108e-08, 5.98085492e-08, 6.7015435e-08, 7.40515915e-08, 8.10201328e-08, 8.72427677e-08, 9.22052052e-08, 9.51695043e-08, 9.64272289e-08, 9.70476677e-08, 9.76190364e-08, 9.80910499e-08, 9.84430457e-08, 9.87232553e-08, 9.89425857e-08, 9.90632572e-08, 9.89366384e-08, 9.81873782e-08, 9.61834914e-08, 9.24086976e-08, 8.72439401e-08, 8.23538144e-08, 8.02278137e-08, 8.55779376e-08, 8.42336831e-08, 4.19965538e-08, 1.19249526e-08, 4.97320851e-09, 4.37666348e-09, 4.38059233e-09, 4.39924674e-09, 4.41465531e-09, 4.42741399e-09, 4.43778614e-09, 4.44587567e-09, 4.45176651e-09, 4.45558834e-09, 4.45754234e-09, 4.45789272e-09, 4.4569286e-09, 4.45489023e-09, 4.45049553e-09, 4.43300019e-09, 4.41031212e-09, 4.38626957e-09, 4.36259606e-09, 4.34006608e-09, 4.31906777e-09, 4.29983382e-09, 4.28251967e-09, 4.26722613e-09, 4.25400515e-09, 4.24286606e-09, 4.233772e-09, 4.22663815e-09, 4.22132906e-09, 4.21766533e-09, 4.21542845e-09, 4.21434798e-09, 4.21405844e-09, 0.239999995, 0.239999056, 0.23989515, 0.236780927, 0.00176870264, 2.75515085e-05, 1.25180554e-06, 5.36567654e-07, 7.89371342e-08, 1.08490241e-07, 9.83217205e-08, 9.46620986e-08, 9.68221414e-08, 9.34581195e-08, 9.45764995e-08, 9.44385334e-08, 9.36719786e-08, 9.2796121e-08, 9.21731171e-08, 9.17652656e-08, 9.18196932e-08, 9.27817752e-08, 9.4165479e-08, 9.5353613e-08, 9.61034985e-08, 9.6299587e-08, 9.57283888e-08, 9.39992972e-08, 9.07592153e-08, 8.63029754e-08, 8.17320398e-08, 7.88923344e-08, 8.07052771e-08, 8.82422668e-08, 8.55977049e-08, 4.95973751e-08, 1.74362373e-08, 6.89508317e-09, 5.95563954e-09, 6.72216904e-09, 7.62337038e-09, 8.48757953e-09, 9.28048927e-09, 9.984368e-09, 1.05893623e-08, 1.1089976e-08, 1.14839072e-08, 1.1772479e-08, 1.19617667e-08, 1.20634898e-08, 1.20947075e-08, 1.20533503e-08, 1.19957555e-08, 1.19339392e-08, 1.18725518e-08, 1.18134791e-08, 1.17575087e-08, 1.17050405e-08, 1.16563443e-08, 1.1611621e-08, 1.15710437e-08, 1.15348087e-08, 1.15031664e-08, 1.14763763e-08, 1.14545982e-08, 1.14378071e-08, 1.14257714e-08, 1.14181047e-08, 1.14142162e-08, 1.14131069e-08, 0.239999995, 0.239999756, 0.239973158, 0.239088133, 0.199876815, 0.173627242, 0.154611915, 0.136223972, 0.0060400092, 0.0101312269, 9.1027774e-05, 1.47924334e-06, 8.69209131e-08, 8.56511093e-08, 9.45365031e-08, 9.40518916e-08, 9.13924225e-08, 8.88540939e-08, 8.67424887e-08, 8.64358753e-08, 8.7564672e-08, 8.91709107e-08, 9.07107491e-08, 9.18635195e-08, 9.24322237e-08, 9.22285111e-08, 9.1002839e-08, 8.85296316e-08, 8.49861195e-08, 8.12745498e-08, 7.8762298e-08, 7.9112489e-08, 8.53886277e-08, 9.09404179e-08, 8.69769323e-08, 5.82619997e-08, 2.58389363e-08, 1.00920419e-08, 6.67654154e-09, 7.10014048e-09, 8.25592927e-09, 9.45539647e-09, 1.06392752e-08, 1.17901173e-08, 1.28927464e-08, 1.3921559e-08, 1.48342627e-08, 1.55752637e-08, 1.60909241e-08, 1.63580829e-08, 1.6484595e-08, 1.65997704e-08, 1.67548304e-08, 1.69490804e-08, 1.71709011e-08, 1.74072987e-08, 1.76463306e-08, 1.78757507e-08, 1.80843891e-08, 1.82637336e-08, 1.84084907e-08, 1.85166886e-08, 1.85903595e-08, 1.86351024e-08, 1.86585503e-08, 1.86681604e-08, 1.86702689e-08, 1.8668759e-08, 1.86664018e-08, 1.866524e-08, 0.239999995, 0.23999995, 0.239994496, 0.23979336, 0.235429242, 0.227777734, 0.217440456, 0.206175864, 0.154749364, 0.00452491734, 2.83281315e-05, 4.0521914e-07, 7.41827435e-08, 9.96919312e-08, 9.71436975e-08, 9.49454844e-08, 9.38627522e-08, 9.29867028e-08, 9.1134865e-08, 8.81320759e-08, 8.67444001e-08, 8.6938023e-08, 8.76085124e-08, 8.8184791e-08, 8.83049296e-08, 8.76851516e-08, 8.61150724e-08, 8.36434637e-08, 8.09447371e-08, 7.90582391e-08, 7.94984203e-08, 8.42728838e-08, 8.95551864e-08, 9.24873618e-08, 8.80961366e-08, 6.72267859e-08, 3.81629519e-08, 1.77849611e-08, 9.63252411e-09, 6.77499701e-09, 7.48292805e-09, 8.48207815e-09, 9.53056656e-09, 1.05732001e-08, 1.15683489e-08, 1.24687043e-08, 1.32087434e-08, 1.3707564e-08, 1.39210634e-08, 1.39309133e-08, 1.36799061e-08, 1.34505944e-08, 1.32787283e-08, 1.32046862e-08, 1.32413769e-08, 1.33774769e-08, 1.36033682e-08, 1.39061829e-08, 1.42752663e-08, 1.47124091e-08, 1.5236461e-08, 1.58618683e-08, 1.65893628e-08, 1.73922956e-08, 1.82074285e-08, 1.88982181e-08, 1.93957703e-08, 1.97003072e-08, 1.98338252e-08, 1.98784349e-08, 0.239999995, 0.239999995, 0.239999071, 0.239959866, 0.239242867, 0.237073377, 0.233260676, 0.228108913, 0.0558342598, 0.000341620093, 2.5649997e-06, 1.31104002e-07, 9.34275661e-08, 9.58469997e-08, 9.56623722e-08, 9.50451025e-08, 9.50056318e-08, 9.49611092e-08, 9.47573824e-08, 9.40122433e-08, 9.15782579e-08, 8.9346841e-08, 8.78687061e-08, 8.68809593e-08, 8.59849436e-08, 8.47761399e-08, 8.315088e-08, 8.13731731e-08, 8.03161484e-08, 8.11384879e-08, 8.47180104e-08, 8.91923051e-08, 9.19211942e-08, 9.31444006e-08, 8.98339181e-08, 7.64392283e-08, 5.36500835e-08, 3.10049977e-08, 1.83837976e-08, 1.11999494e-08, 9.03779718e-09, 8.51308712e-09, 8.61910276e-09, 8.98918895e-09, 9.46032408e-09, 9.94485649e-09, 1.03856221e-08, 1.07421405e-08, 1.09946834e-08, 1.11445582e-08, 1.13312471e-08, 1.13666943e-08, 1.12775451e-08, 1.11192184e-08, 1.09390088e-08, 1.07751559e-08, 1.06571667e-08, 1.06017319e-08, 1.0613908e-08, 1.06954667e-08, 1.08488436e-08, 1.10774954e-08, 1.13864198e-08, 1.17822534e-08, 1.22712338e-08, 1.28597808e-08, 1.35546472e-08, 1.43543639e-08, 1.52407775e-08, 1.61233888e-08, 0.239999995, 0.239999995, 0.239999875, 0.239993453, 0.23985137, 0.239342153, 0.238334134, 0.224398211, 0.00261906045, 1.50079031e-05, 1.1635381e-07, 9.98173846e-08, 9.54863495e-08, 9.60698046e-08, 9.48556789e-08, 9.49063974e-08, 9.51765955e-08, 9.50588444e-08, 9.46608765e-08, 9.42726075e-08, 9.39447915e-08, 9.26498487e-08, 9.06815032e-08, 8.84671607e-08, 8.65697558e-08, 8.48590886e-08, 8.34418188e-08, 8.27353759e-08, 8.3737163e-08, 8.60562253e-08, 8.91722891e-08, 9.15218976e-08, 9.29675679e-08, 9.35926749e-08, 9.20301488e-08, 8.4435456e-08, 6.89130104e-08, 4.992161e-08, 3.50785001e-08, 2.28445298e-08, 1.62975731e-08, 1.29182007e-08, 1.11477556e-08, 1.02069491e-08, 9.70470371e-09, 9.43719236e-09, 9.29502431e-09, 9.21815957e-09, 9.17569398e-09, 9.15586273e-09, 9.1500727e-09, 9.19984888e-09, 9.27789401e-09, 9.35142186e-09, 9.40162792e-09, 9.42180201e-09, 9.41777323e-09, 9.39929556e-09, 9.37011713e-09, 9.33307387e-09, 9.29417254e-09, 9.26105326e-09, 9.24220434e-09, 9.24701116e-09, 9.28598887e-09, 9.37098044e-09, 9.51548085e-09, 9.7348174e-09, 1.00457207e-08, 1.04669171e-08, 0.239999995, 0.239999995, 0.23999998, 0.239999145, 0.239976808, 0.239890128, 0.239690915, 0.221429616, 0.00211234391, 1.12758944e-05, 1.23366434e-07, 9.2720768e-08, 9.6718658e-08, 9.48926271e-08, 9.33827948e-08, 9.4362953e-08, 9.4935622e-08, 9.47023082e-08, 9.40114973e-08, 9.32421003e-08, 9.27454238e-08, 9.30558741e-08, 9.22519163e-08, 9.07921773e-08, 8.88721985e-08, 8.72630395e-08, 8.62545377e-08, 8.62841816e-08, 8.76128823e-08, 8.92803911e-08, 9.10809419e-08, 9.24379293e-08, 9.3284612e-08, 9.3616606e-08, 9.30551707e-08, 9.00553729e-08, 8.26286879e-08, 7.1169417e-08, 5.9592157e-08, 4.68342023e-08, 3.61173633e-08, 2.81277561e-08, 2.24312284e-08, 1.84265883e-08, 1.56113575e-08, 1.36144171e-08, 1.21735679e-08, 1.111116e-08, 1.03107762e-08, 9.69808589e-09, 9.22617449e-09, 8.86538309e-09, 8.61408456e-09, 8.49594173e-09, 8.48142889e-09, 8.53080007e-09, 8.61730509e-09, 8.72867467e-09, 8.85006735e-09, 8.96737973e-09, 9.07837006e-09, 9.18443632e-09, 9.28526767e-09, 9.37668432e-09, 9.45152934e-09, 9.50245482e-09, 9.5256647e-09, 9.5242676e-09, 9.51009582e-09, 9.49571266e-09, 0.239999995, 0.239999995, 0.239999995, 0.23999992, 0.239997402, 0.239986926, 0.239960894, 0.239383444, 0.00581505476, 6.29794304e-05, 5.10530811e-07, 9.8152654e-08, 9.95778819e-08, 9.48717584e-08, 9.31461344e-08, 9.43267437e-08, 9.48618748e-08, 9.44020613e-08, 9.34024911e-08, 9.23877863e-08, 9.18183858e-08, 9.18538774e-08, 9.24090529e-08, 9.20419652e-08, 9.09680793e-08, 8.99192329e-08, 8.9226539e-08, 8.91872958e-08, 8.98187196e-08, 9.07204623e-08, 9.16884559e-08, 9.24543357e-08, 9.29477437e-08, 9.32076603e-08, 9.31808373e-08, 9.25141777e-08, 9.05085855e-08, 8.66662546e-08, 8.15956724e-08, 7.51142579e-08, 6.79986414e-08, 6.11320701e-08, 5.50859909e-08, 5.0065708e-08, 4.59992684e-08, 4.26480078e-08, 3.97052204e-08, 3.68861386e-08, 3.39995836e-08, 3.09857064e-08, 2.790539e-08, 2.48999434e-08, 2.21486154e-08, 1.98241548e-08, 1.8102023e-08, 1.70335142e-08, 1.63642877e-08, 1.58613016e-08, 1.54040372e-08, 1.49409622e-08, 1.4468454e-08, 1.4011408e-08, 1.36061047e-08, 1.32891653e-08, 1.30901112e-08, 1.30271376e-08, 1.31051214e-08, 1.33160523e-08, 1.36427056e-08, 1.40606815e-08, 0.239999995, 0.239999995, 0.239999995, 0.239999995, 0.239999801, 0.239998937, 0.239996612, 0.239930809, 0.197575033, 0.0655518845, 0.000257235573, 1.31573006e-06, 8.69575985e-08, 9.99895775e-08, 9.48462429e-08, 9.44697192e-08, 9.49633119e-08, 9.45796117e-08, 9.3495629e-08, 9.21631269e-08, 9.10876494e-08, 9.06110813e-08, 9.06774531e-08, 9.12454752e-08, 9.15244058e-08, 9.12171032e-08, 9.09436579e-08, 9.08646101e-08, 9.10270117e-08, 9.13388973e-08, 9.1699718e-08, 9.20235763e-08, 9.22823631e-08, 9.24733712e-08, 9.25869514e-08, 9.25820629e-08, 9.23613115e-08, 9.17960961e-08, 9.08529501e-08, 8.94767638e-08, 8.77063755e-08, 8.56736619e-08, 8.35596978e-08, 8.15313896e-08, 7.96969815e-08, 7.80954394e-08, 7.6710343e-08, 7.54964304e-08, 7.44071826e-08, 7.34133394e-08, 7.25097209e-08, 7.17219351e-08, 7.11011552e-08, 7.06860632e-08, 7.03763448e-08, 6.98175668e-08, 6.88695749e-08, 6.75481431e-08, 6.58783179e-08, 6.39025757e-08, 6.1682826e-08, 5.92969904e-08, 5.68318299e-08, 5.43741123e-08, 5.2002342e-08, 4.97803825e-08, 4.77531898e-08, 4.59433842e-08, 4.43439916e-08, 4.2926203e-08, 0.239999995, 0.239999995, 0.239999995, 0.239999995, 0.239999995, 0.23999995, 0.239999831, 0.239997908, 0.239708543, 0.204321325, 0.10185679, 0.000792482519, 3.54474219e-06, 7.89137928e-08, 9.94980383e-08, 9.64569153e-08, 9.52051025e-08, 9.55756079e-08, 9.49927781e-08, 9.3338052e-08, 9.1118963e-08, 8.98401851e-08, 8.95933852e-08, 9.00055781e-08, 9.05794266e-08, 9.09665161e-08, 9.11102731e-08, 9.11710174e-08, 9.12579097e-08, 9.13610876e-08, 9.1463761e-08, 9.15588814e-08, 9.16429599e-08, 9.17088201e-08, 9.1751069e-08, 9.1765358e-08, 9.17463154e-08, 9.16856351e-08, 9.15770855e-08, 9.14147833e-08, 9.11959788e-08, 9.09274505e-08, 9.06257682e-08, 9.03108131e-08, 9.00002064e-08, 8.97058428e-08, 8.94329872e-08, 8.9181718e-08, 8.89493563e-08, 8.87327261e-08, 8.85303066e-08, 8.83424605e-08, 8.81698128e-08, 8.80091306e-08, 8.78500117e-08, 8.76800854e-08, 8.74908324e-08, 8.7275339e-08, 8.70272601e-08, 8.67406555e-08, 8.641058e-08, 8.60338432e-08, 8.56096563e-08, 8.51400088e-08, 8.46297326e-08, 8.40858831e-08, 8.3516376e-08, 8.29277695e-08, 8.2323929e-08, 8.1710759e-08] (
            interpolation = "uniform"
        )
        float[] primvars:N2_Gas_mass_fractions_2 = [0.75999999, 0.759995461, 0.759509325, 0.748679101, 0.613130748, 0.0487243794, 0.205555022, 0.229208797, 0.237557307, 0.241657183, 0.241989732, 0.240819097, 0.240304098, 0.242156789, 0.246382266, 0.247254997, 0.250504464, 0.26126954, 0.272883713, 0.274833709, 0.269912511, 0.263885796, 0.257813543, 0.251422971, 0.244571462, 0.237258524, 0.22971724, 0.22258763, 0.217063874, 0.214721292, 0.216903031, 0.224564835, 0.243181601, 0.294763744, 0.400040716, 0.693771243, 0.906765342, 0.959575057, 0.964336932, 0.964309514, 0.964157879, 0.96403259, 0.963928819, 0.963844478, 0.963778675, 0.963730752, 0.963699698, 0.963683844, 0.963680983, 0.96368885, 0.96370542, 0.963741183, 0.963883519, 0.964068055, 0.964263558, 0.964456022, 0.964639127, 0.964809835, 0.964966118, 0.965106845, 0.965231061, 0.965338469, 0.965428948, 0.965502799, 0.965560734, 0.965603888, 0.965633631, 0.96565181, 0.965660572, 0.965662897, 0.75999999, 0.75999862, 0.759847522, 0.755685091, 0.674308658, 0.44430548, 0.402846813, 0.369630277, 0.348010898, 0.336956471, 0.348970592, 0.381349325, 0.428095281, 0.472480893, 0.493916243, 0.479248434, 0.461429417, 0.444796562, 0.418792963, 0.382836789, 0.339628369, 0.296927869, 0.265795976, 0.246840626, 0.235346615, 0.227541491, 0.22170572, 0.217741206, 0.216611937, 0.219458088, 0.227217555, 0.241819844, 0.27564919, 0.328370899, 0.405321926, 0.635179877, 0.863559842, 0.943975925, 0.951479137, 0.945282698, 0.937957108, 0.930928707, 0.924478114, 0.918749988, 0.913825154, 0.909749031, 0.906540751, 0.904190183, 0.902648211, 0.901819646, 0.901565731, 0.901906431, 0.902381539, 0.902891994, 0.903399467, 0.903888226, 0.904351711, 0.904786587, 0.905190468, 0.905561507, 0.905898154, 0.906198621, 0.906460881, 0.906682789, 0.906863093, 0.907002032, 0.907101572, 0.907164991, 0.907197118, 0.907206297, 0.75999999, 0.759999633, 0.759962082, 0.758791685, 0.741868019, 0.691870689, 0.651238382, 0.613348126, 0.562926829, 0.558874726, 0.565974772, 0.575040281, 0.582161129, 0.587821841, 0.586865783, 0.570866883, 0.527331471, 0.459013939, 0.374902129, 0.309474736, 0.277370036, 0.25824821, 0.245013669, 0.23573485, 0.229281783, 0.224892259, 0.222491622, 0.222776547, 0.226791605, 0.235226944, 0.249246046, 0.276561379, 0.331602842, 0.360472322, 0.396859676, 0.566493154, 0.796582937, 0.917670429, 0.945385218, 0.942189515, 0.932803988, 0.923029125, 0.913363278, 0.903947473, 0.894906819, 0.886454284, 0.878941536, 0.872830749, 0.868568301, 0.866348445, 0.865281701, 0.864303589, 0.862993717, 0.861359596, 0.859498322, 0.857518375, 0.855520129, 0.853607297, 0.851875424, 0.850397229, 0.849216998, 0.848348498, 0.847770274, 0.847430587, 0.847262979, 0.847205818, 0.84720856, 0.847239077, 0.847271204, 0.847285807, 0.75999999, 0.759999931, 0.75999254, 0.759741068, 0.756947041, 0.747590542, 0.732679665, 0.715004325, 0.68969357, 0.645421863, 0.640068352, 0.64002198, 0.643129408, 0.647227228, 0.64967525, 0.647535563, 0.637093842, 0.611274362, 0.551095963, 0.440799743, 0.352846861, 0.306714267, 0.27907607, 0.261657536, 0.250687152, 0.244393855, 0.242449805, 0.245532379, 0.253842056, 0.268730909, 0.296626091, 0.345993906, 0.373506665, 0.378595859, 0.382511973, 0.492390126, 0.696063995, 0.853204191, 0.91951704, 0.944491744, 0.939007759, 0.930935025, 0.922411025, 0.913906336, 0.90577203, 0.898402274, 0.892340899, 0.888259709, 0.886523902, 0.886447906, 0.888493955, 0.890351474, 0.89172852, 0.892295778, 0.891947269, 0.890771091, 0.888836443, 0.88623476, 0.883037567, 0.879217029, 0.874608636, 0.869093418, 0.862671852, 0.855580449, 0.848372638, 0.842235863, 0.837791026, 0.835056961, 0.833843529, 0.833423138, 0.75999999, 0.75999999, 0.759998798, 0.75995481, 0.759434462, 0.75728792, 0.752715647, 0.746222496, 0.696764767, 0.678583324, 0.676662564, 0.67714715, 0.679456413, 0.682716191, 0.685865939, 0.687517703, 0.685918987, 0.679914594, 0.670094371, 0.645612538, 0.563222647, 0.474457204, 0.403806686, 0.35214439, 0.317074597, 0.297086418, 0.290186495, 0.293641359, 0.307155699, 0.335693061, 0.373233765, 0.393574536, 0.392287046, 0.381541222, 0.361328721, 0.414423704, 0.567023277, 0.740438282, 0.842811525, 0.904845238, 0.924165308, 0.92930764, 0.928932488, 0.926215529, 0.922570646, 0.918753624, 0.915253043, 0.912413061, 0.91040343, 0.909218192, 0.907718956, 0.907430172, 0.908154011, 0.909439683, 0.91089642, 0.912208736, 0.91313529, 0.913540184, 0.9133811, 0.912639618, 0.911287844, 0.909284353, 0.90657258, 0.903086901, 0.898778021, 0.893609822, 0.887549818, 0.880626202, 0.872991264, 0.865397871, 0.75999999, 0.75999999, 0.759999871, 0.759993434, 0.759902, 0.759463906, 0.758406341, 0.753486991, 0.694319308, 0.692595065, 0.692228973, 0.692635894, 0.693582058, 0.694650769, 0.695346057, 0.694283068, 0.688539207, 0.675808907, 0.65818876, 0.643093765, 0.635879099, 0.599452317, 0.537105858, 0.46667546, 0.415192842, 0.381842822, 0.366982132, 0.369233012, 0.390693784, 0.409910262, 0.416547865, 0.410918236, 0.399625778, 0.380410135, 0.342448324, 0.349312335, 0.4419159, 0.581580341, 0.698967278, 0.802388728, 0.85902828, 0.888778389, 0.904673219, 0.913352668, 0.91818136, 0.920923769, 0.922531486, 0.923527896, 0.924184978, 0.924610317, 0.924877644, 0.924657822, 0.924155593, 0.923640847, 0.923278093, 0.923130631, 0.923157871, 0.92328465, 0.923481405, 0.923727214, 0.923978209, 0.924178243, 0.924263299, 0.924159706, 0.923780084, 0.923021317, 0.921762049, 0.919863343, 0.917174339, 0.913528383, 0.75999999, 0.75999999, 0.75999999, 0.759999216, 0.75998652, 0.759919882, 0.759742677, 0.754747629, 0.697182298, 0.696437478, 0.696378708, 0.696475208, 0.696658015, 0.696830988, 0.696568787, 0.692987382, 0.681156456, 0.658102155, 0.626040399, 0.592642546, 0.570718169, 0.595124602, 0.586214542, 0.548603177, 0.502175689, 0.467992991, 0.449415594, 0.446554095, 0.452595234, 0.448821276, 0.436872721, 0.421107829, 0.403857052, 0.382022917, 0.347197801, 0.328320444, 0.352809429, 0.421879053, 0.503440022, 0.603253484, 0.690655053, 0.757386744, 0.805790424, 0.840300024, 0.864862919, 0.882487595, 0.895345449, 0.904929876, 0.912230968, 0.917885959, 0.922299087, 0.925725281, 0.928187191, 0.929479003, 0.929847896, 0.929630816, 0.929053605, 0.928218067, 0.927249789, 0.92626971, 0.925296903, 0.92432034, 0.923346758, 0.922420323, 0.921615064, 0.921009421, 0.920651972, 0.920529723, 0.920550644, 0.92061013, 0.75999999, 0.75999999, 0.75999999, 0.759999931, 0.75999862, 0.759991348, 0.759970725, 0.759793103, 0.698690891, 0.697157204, 0.697127581, 0.697134674, 0.69715488, 0.697160661, 0.696312428, 0.690709174, 0.673949361, 0.641716003, 0.596363962, 0.550163925, 0.523139596, 0.526905298, 0.566953123, 0.569882154, 0.548292637, 0.525976717, 0.508628786, 0.497965008, 0.489888728, 0.477235377, 0.460250944, 0.441451043, 0.422155797, 0.40113169, 0.37614885, 0.352900922, 0.340109646, 0.344905883, 0.364988089, 0.401864767, 0.448533922, 0.496776849, 0.540911496, 0.578446627, 0.609427273, 0.635503769, 0.659047782, 0.682322025, 0.706810772, 0.732865989, 0.759796262, 0.78622961, 0.810495138, 0.831014693, 0.846225023, 0.855677903, 0.861609578, 0.866083801, 0.870175123, 0.874339521, 0.878599167, 0.882718265, 0.886359692, 0.889187813, 0.890936136, 0.8914451, 0.890678465, 0.888716996, 0.885725021, 0.881928861, 0.75999999, 0.75999999, 0.75999999, 0.75999999, 0.759999931, 0.759999335, 0.759997725, 0.759978354, 0.748900354, 0.714377403, 0.697302222, 0.697233558, 0.697232902, 0.697226882, 0.696891069, 0.693043351, 0.679207683, 0.64894098, 0.599384189, 0.5375247, 0.486330092, 0.463004708, 0.467158079, 0.502131641, 0.536699533, 0.534449637, 0.5284549, 0.521476686, 0.513551295, 0.50352782, 0.491331249, 0.477322549, 0.461466938, 0.443906903, 0.424924493, 0.405381352, 0.386769444, 0.370892406, 0.359069824, 0.352253854, 0.350427568, 0.352615118, 0.357300431, 0.362969905, 0.368520439, 0.373397708, 0.377518773, 0.381073922, 0.384306014, 0.387354344, 0.390190661, 0.392553955, 0.393983692, 0.394141078, 0.393906772, 0.396398783, 0.402900159, 0.413319081, 0.427447319, 0.444884896, 0.465024352, 0.487089157, 0.510209978, 0.533515811, 0.556217909, 0.577672958, 0.597421408, 0.615214467, 0.631067514, 0.645187378, 0.75999999, 0.75999999, 0.75999999, 0.75999999, 0.75999999, 0.75999999, 0.759999871, 0.759999275, 0.759923458, 0.750670612, 0.723879158, 0.697453439, 0.697246015, 0.697243869, 0.69724232, 0.69723469, 0.697155714, 0.694597423, 0.668712318, 0.592652678, 0.488785654, 0.422432005, 0.401162982, 0.414716125, 0.447692931, 0.478106737, 0.489441246, 0.486501157, 0.478824764, 0.469034195, 0.458128393, 0.446715623, 0.434925854, 0.422706693, 0.410140485, 0.397435367, 0.384866655, 0.372714728, 0.361223638, 0.350585282, 0.340921313, 0.332258195, 0.324513406, 0.317539334, 0.311178118, 0.305300415, 0.299822003, 0.294699818, 0.289917529, 0.285469294, 0.28134346, 0.277518809, 0.273974895, 0.270722628, 0.267830968, 0.265390396, 0.263468385, 0.26212433, 0.2614173, 0.261406451, 0.262144864, 0.263670743, 0.265999675, 0.269119024, 0.272986293, 0.27753377, 0.282680869, 0.288354307, 0.294500738, 0.301045269] (
            interpolation = "uniform"
        )
        float[] primvars:H2O_Gas_mass_fractions_3 = [1.36758493e-09, 2.74532255e-07, 3.00212632e-05, 0.000705861778, 0.00619641552, 0.0474257655, 0.0398939773, 0.0391142741, 0.0389492437, 0.0389567688, 0.0389093347, 0.0389489606, 0.0389512777, 0.0387582742, 0.0383641012, 0.0382657126, 0.0379572958, 0.0369922742, 0.0359526053, 0.0357527249, 0.0361485519, 0.0366367176, 0.0371224955, 0.0376272835, 0.0381626673, 0.0387320779, 0.0393275172, 0.0399190821, 0.0404393189, 0.0407793261, 0.0408124104, 0.0403917246, 0.0389243886, 0.0342098586, 0.0270936154, 0.0142071992, 0.00460516941, 0.00209036935, 0.00185621425, 0.001857911, 0.00186579663, 0.0018723089, 0.00187770161, 0.00188208581, 0.00188550504, 0.00188799482, 0.00188960996, 0.00189043547, 0.00189058308, 0.00189017481, 0.00188931252, 0.00188745419, 0.00188005832, 0.00187046849, 0.00186030718, 0.0018503028, 0.00184078293, 0.00183191104, 0.00182378525, 0.00181647134, 0.00181001134, 0.00180442736, 0.0017997229, 0.00179588236, 0.00179286976, 0.00179062772, 0.00178908068, 0.0017881362, 0.00178767985, 0.00178755762, 4.14776408e-10, 8.25998256e-08, 9.26510893e-06, 0.000258084561, 0.00173131085, 0.018464189, 0.0228222664, 0.0260856207, 0.0282991473, 0.0295921136, 0.0286341012, 0.0258802809, 0.0219302382, 0.018262554, 0.0166243985, 0.0180365276, 0.0196233727, 0.021055799, 0.0232767127, 0.0263650529, 0.0300851073, 0.0337556005, 0.0364126302, 0.038006451, 0.0389530063, 0.0395903327, 0.0400854647, 0.0404721089, 0.0406887382, 0.0406313054, 0.0401815325, 0.0390963294, 0.0361391641, 0.0311661232, 0.0263827424, 0.0170175675, 0.00671239197, 0.00288014766, 0.0025236581, 0.0028470906, 0.00322789233, 0.00359317823, 0.00392839825, 0.00422603916, 0.00448191445, 0.00469367858, 0.00486033922, 0.00498243794, 0.00506253028, 0.00510556484, 0.00511875376, 0.00510111218, 0.00507652434, 0.00505011715, 0.0050238804, 0.00499862153, 0.00497467909, 0.00495222723, 0.00493138563, 0.00491224322, 0.00489487732, 0.00487937499, 0.00486584287, 0.00485439086, 0.00484508509, 0.00483791204, 0.00483277161, 0.00482949801, 0.00482783746, 0.00482736342, 1.03163915e-10, 2.02947525e-08, 2.29105513e-06, 7.20165772e-05, 0.000567161478, 0.0037393861, 0.00657396065, 0.00923843868, 0.0106131453, 0.0110761989, 0.0103452327, 0.009714677, 0.00927250087, 0.00894979946, 0.00916699227, 0.0106377825, 0.014434984, 0.0203253031, 0.027529614, 0.0330535546, 0.0357062779, 0.0372603573, 0.0383263454, 0.0390679687, 0.0395852514, 0.0399531685, 0.0401930772, 0.0402597152, 0.0400621071, 0.0395107493, 0.0384523869, 0.0361374728, 0.031091515, 0.0282073393, 0.026701713, 0.0203660671, 0.0100004748, 0.0041974592, 0.00283514848, 0.00300775701, 0.00349558285, 0.0040033008, 0.00450503593, 0.00499345595, 0.00546209188, 0.00589996297, 0.00628892751, 0.00660513574, 0.00682555698, 0.00694016647, 0.00699492963, 0.00704493001, 0.00711194752, 0.00719563197, 0.00729099941, 0.00739248423, 0.0074949516, 0.00759311114, 0.00768211903, 0.00775828212, 0.00781934615, 0.00786455814, 0.00789493695, 0.00791303813, 0.0079222247, 0.00792569388, 0.00792610087, 0.00792508107, 0.00792384055, 0.00792325661, 2.07011144e-11, 3.99637967e-09, 4.44498653e-07, 1.52031971e-05, 0.0001379717, 0.000684982107, 0.0016149705, 0.00275633764, 0.00370155135, 0.00413005799, 0.00450911885, 0.00456736283, 0.00436881883, 0.00407948997, 0.00391612621, 0.00412854878, 0.00503768399, 0.00725440308, 0.0124092652, 0.021851128, 0.0293527227, 0.0332516506, 0.0355632193, 0.0370100401, 0.0379260778, 0.038474299, 0.0386935398, 0.038528014, 0.0379378647, 0.0367675386, 0.0343901925, 0.029922029, 0.0271916706, 0.0265089255, 0.027538307, 0.0240613017, 0.0149889709, 0.00744139729, 0.00415263372, 0.00288682268, 0.00317298132, 0.00359263015, 0.00403540675, 0.00447696447, 0.00489905477, 0.00528133567, 0.00559572922, 0.00580759626, 0.00589811569, 0.00590251666, 0.00579661317, 0.00570027763, 0.00562860398, 0.00559867127, 0.00561597897, 0.00567586068, 0.00577453012, 0.00590696232, 0.00606908323, 0.00626189308, 0.00649330812, 0.00676882593, 0.00708776712, 0.0074375933, 0.00779025955, 0.00808722433, 0.00829952024, 0.00842827652, 0.00848412234, 0.00850271713, 3.34282992e-12, 6.32593866e-10, 6.92606648e-08, 2.57406555e-06, 2.72763336e-05, 0.000144864011, 0.000415350951, 0.000812971964, 0.00116393878, 0.00146260986, 0.00162207033, 0.00159776059, 0.00142265868, 0.00116496079, 0.000912598742, 0.000783934374, 0.000929670641, 0.0014467669, 0.00228044507, 0.00435967837, 0.0113963345, 0.0189791545, 0.0250044633, 0.029404616, 0.0323971137, 0.0341261439, 0.034766499, 0.0345409662, 0.0334375687, 0.0309689399, 0.027556954, 0.025471786, 0.0253019966, 0.0260950122, 0.0287472457, 0.0279834308, 0.0214501377, 0.0131501956, 0.00806599762, 0.0049136295, 0.00392999779, 0.00367030199, 0.00369307725, 0.00383579242, 0.00402591238, 0.00422457606, 0.00440662121, 0.00455430476, 0.00465888111, 0.00472065853, 0.00479870057, 0.0048138178, 0.00477630086, 0.00470952876, 0.0046337489, 0.00456531486, 0.00451676082, 0.00449514762, 0.00450265966, 0.00454020547, 0.00460917037, 0.0047115949, 0.00485024741, 0.00502830418, 0.00524801854, 0.00551073812, 0.00581732532, 0.00616530981, 0.00654588547, 0.00692050951, 4.36869724e-13, 8.13015974e-11, 8.84792328e-09, 3.56999323e-07, 4.38499364e-06, 2.70520504e-05, 8.70510703e-05, 0.000185506651, 0.000278566091, 0.000362806197, 0.000394174771, 0.000363723084, 0.000288973999, 0.00020381964, 0.000149911619, 0.000246712443, 0.000744636869, 0.00183552993, 0.00333125261, 0.00460065575, 0.00521365041, 0.00833252352, 0.013656687, 0.0196733382, 0.0240788385, 0.0269469954, 0.0282427929, 0.028061416, 0.0261640027, 0.0243545026, 0.0234955177, 0.0236979593, 0.0244395956, 0.0259577204, 0.0295993816, 0.0311336834, 0.0276095327, 0.0210986584, 0.0153436894, 0.0101307593, 0.00725660101, 0.00574249169, 0.00493256701, 0.00449026376, 0.00424443977, 0.00410512928, 0.0040237247, 0.00397346867, 0.00394045794, 0.00391922658, 0.00390600646, 0.00391794136, 0.00394432666, 0.00397114037, 0.00398985436, 0.00399720017, 0.00399532402, 0.00398818729, 0.0039773332, 0.00396384392, 0.00395001704, 0.00393878762, 0.00393346744, 0.00393784791, 0.0039563817, 0.00399430376, 0.00405774126, 0.00415368984, 0.00428969413, 0.00447397493, 4.62352019e-14, 8.41625294e-12, 9.12402875e-10, 3.95270909e-08, 5.48330831e-07, 3.81342784e-06, 1.32623518e-05, 3.0222629e-05, 4.77476751e-05, 6.36185068e-05, 6.83311882e-05, 6.05904643e-05, 4.58350951e-05, 3.20886138e-05, 5.61343841e-05, 0.000366404653, 0.00138044241, 0.00333665987, 0.00602713274, 0.00879765488, 0.0105994809, 0.00862461887, 0.00944815576, 0.0126657998, 0.0166338775, 0.0195543747, 0.0211299267, 0.0213227067, 0.0206724275, 0.0207916498, 0.0215464327, 0.0226364266, 0.0238915626, 0.0256341696, 0.0287238732, 0.0311560966, 0.0311387777, 0.0284722243, 0.0247971136, 0.0199851561, 0.015679786, 0.0123572201, 0.00993078388, 0.00819233153, 0.00695027737, 0.00605640374, 0.00540274289, 0.00491457991, 0.00454219151, 0.004253475, 0.00402802788, 0.00385295763, 0.00372714247, 0.00366090029, 0.00364161609, 0.00365219871, 0.00368118403, 0.00372335548, 0.00377233094, 0.00382201932, 0.00387144811, 0.00392112462, 0.00397062348, 0.00401760032, 0.00405819761, 0.00408835616, 0.00410558237, 0.0041105519, 0.00410799868, 0.00410335883, 3.86514602e-15, 6.77575942e-13, 7.28694535e-11, 3.3486296e-09, 5.08893372e-08, 3.86431708e-07, 1.43086652e-06, 3.47491277e-06, 5.98097631e-06, 8.31459329e-06, 9.30767328e-06, 8.63591231e-06, 6.93691345e-06, 6.54708401e-06, 8.00903217e-05, 0.00056111603, 0.00198528357, 0.0046908739, 0.00844685081, 0.0122230221, 0.0144031085, 0.0140947802, 0.0108989505, 0.0107463412, 0.0126116825, 0.01451723, 0.0159720927, 0.0168149341, 0.0173794739, 0.0182807744, 0.0195093192, 0.0208886452, 0.0223347154, 0.0239779949, 0.0260455683, 0.028161481, 0.0297762137, 0.0304200612, 0.0301172696, 0.0288107693, 0.0268763304, 0.0247534141, 0.0227535553, 0.0210242607, 0.0195802189, 0.0183501858, 0.0172225796, 0.016088862, 0.0148781482, 0.0135764265, 0.0122221205, 0.0108876033, 0.00965969637, 0.0086195413, 0.00784667861, 0.00736404257, 0.00705981907, 0.00683018286, 0.006620795, 0.00640855683, 0.00619233167, 0.00598412659, 0.00580102485, 0.00566006359, 0.00557459565, 0.00555243716, 0.00559507916, 0.00569803268, 0.00585251348, 0.00604673661, 2.36775381e-16, 3.8773604e-14, 4.1008889e-12, 1.98556074e-10, 3.26765703e-09, 2.68187303e-08, 1.03958484e-07, 2.66401742e-07, 5.24470749e-07, 7.73845954e-07, 9.45091529e-07, 9.96495373e-07, 9.32692501e-07, 1.38626956e-06, 3.03079869e-05, 0.000359103899, 0.00152777857, 0.00405138172, 0.00813445449, 0.0131815001, 0.0173225347, 0.0192017909, 0.0188802648, 0.016097175, 0.0133921653, 0.013620561, 0.0141327241, 0.0146949692, 0.0153016122, 0.0160540007, 0.0169665273, 0.0180193931, 0.0192224849, 0.0205731001, 0.0220603477, 0.0236307215, 0.0251896884, 0.0266225804, 0.0278269444, 0.028738888, 0.0293494426, 0.0297032278, 0.0298756044, 0.029945353, 0.0299734119, 0.0299944896, 0.0300196875, 0.0300455261, 0.0300645046, 0.0300728828, 0.0300741065, 0.0300823171, 0.0301210769, 0.030207675, 0.0302985162, 0.0302379113, 0.0299607534, 0.0294708982, 0.0287789162, 0.0279058963, 0.0268841218, 0.0257549006, 0.0245644338, 0.023358928, 0.0221801531, 0.0210621674, 0.0200293753, 0.0190953128, 0.0182601977, 0.0175146982, 8.50902581e-18, 1.23532947e-15, 1.2562305e-13, 6.35465031e-12, 1.14768819e-10, 1.01483011e-09, 4.25363345e-09, 1.15083356e-08, 2.37268836e-08, 4.00488069e-08, 6.03554611e-08, 7.84250247e-08, 8.98407038e-08, 1.07730784e-07, 1.67198692e-07, 7.49293008e-07, 7.46852447e-06, 0.000224312767, 0.00238992693, 0.0086675249, 0.0171224866, 0.0224660989, 0.0241729375, 0.0230745636, 0.020435011, 0.0180199984, 0.0171227772, 0.0173471905, 0.017937446, 0.0186893921, 0.0195271131, 0.0204046164, 0.0213130694, 0.0222586747, 0.0232373439, 0.0242348276, 0.0252315942, 0.0262079239, 0.0271457657, 0.0280310996, 0.0288547315, 0.0296123307, 0.0303057171, 0.0309412181, 0.0315266997, 0.0320693105, 0.0325743668, 0.0330452509, 0.0334839001, 0.0338915065, 0.0342692323, 0.0346184745, 0.0349404924, 0.0352351181, 0.0354995355, 0.0357297808, 0.0359227136, 0.0360754505, 0.036185056, 0.0362485275, 0.036263153, 0.0362269841, 0.0361392759, 0.0360008068, 0.0358139798, 0.0355826095, 0.0353112854, 0.035004355, 0.0346652791, 0.034298636] (
            interpolation = "uniform"
        )
        float[] primvars:CO_Gas_mass_fractions_4 = [9.86037296e-09, 2.11527345e-06, 0.000252896512, 0.00587083306, 0.0350028798, 0.110639669, 0.0900472552, 0.0896700174, 0.0904325992, 0.0908700898, 0.103120066, 0.11350327, 0.122338496, 0.129997209, 0.137376979, 0.14544265, 0.154074743, 0.162755921, 0.171354532, 0.179281473, 0.185271755, 0.190278992, 0.195329696, 0.200744927, 0.206842273, 0.213963166, 0.222440168, 0.232451126, 0.243754789, 0.255521744, 0.266477495, 0.275297731, 0.280069351, 0.271860778, 0.233998492, 0.126376197, 0.0419321842, 0.0197093468, 0.0176385473, 0.0176592339, 0.0177341308, 0.0177960377, 0.0178472996, 0.0178889763, 0.0179214794, 0.0179451462, 0.0179605, 0.0179683473, 0.0179697499, 0.0179658681, 0.0179576725, 0.0179400053, 0.0178696997, 0.01777854, 0.017681947, 0.0175868459, 0.0174963512, 0.017412018, 0.0173347779, 0.0172652546, 0.0172038488, 0.017150769, 0.0171060506, 0.0170695446, 0.0170409102, 0.0170195978, 0.0170048922, 0.0169959143, 0.016991578, 0.0169904158, 2.69834155e-09, 5.90884724e-07, 7.80530318e-05, 0.00215601292, 0.013881037, 0.0719551668, 0.094937332, 0.112172842, 0.123216547, 0.128073141, 0.13307634, 0.133860379, 0.129843771, 0.123438463, 0.120693162, 0.127978191, 0.140627578, 0.156071261, 0.17410627, 0.195291117, 0.21579729, 0.227816686, 0.231472716, 0.232143402, 0.233436957, 0.236768007, 0.242414773, 0.250057876, 0.258811533, 0.267255604, 0.274135828, 0.277870685, 0.272624284, 0.256162524, 0.230765164, 0.151328892, 0.0607060194, 0.0269337445, 0.0239601377, 0.0270617828, 0.0306817461, 0.0341541432, 0.0373407863, 0.0401702411, 0.0426026918, 0.0446158312, 0.0462002046, 0.0473609604, 0.0481223799, 0.048531495, 0.0486568771, 0.0484890901, 0.0482552163, 0.0480040312, 0.0477544442, 0.0475141443, 0.0472863577, 0.0470727459, 0.0468744338, 0.0466922931, 0.0465270542, 0.0463795438, 0.0462507904, 0.0461418256, 0.0460532866, 0.0459850393, 0.0459361337, 0.0459049828, 0.0458891876, 0.0458846763, 6.51477039e-10, 1.42232565e-07, 1.93176656e-05, 0.000603801222, 0.00472247135, 0.0215687156, 0.040351484, 0.0594464578, 0.0716201439, 0.0794224516, 0.080163978, 0.0784953609, 0.0756271333, 0.0728764534, 0.0738641545, 0.0840966627, 0.111452162, 0.153364658, 0.202698231, 0.23761943, 0.25004676, 0.252576053, 0.251501501, 0.250120848, 0.250117898, 0.25214082, 0.256130576, 0.26144588, 0.266894817, 0.271071672, 0.272573918, 0.267720133, 0.248245165, 0.238555014, 0.235077813, 0.181111708, 0.0899354443, 0.0386916623, 0.0267869364, 0.0285845194, 0.0332267955, 0.0380533934, 0.0428236946, 0.0474678501, 0.0519243143, 0.0560885854, 0.0597880185, 0.0627956837, 0.064892441, 0.0659829006, 0.0665043443, 0.0669807121, 0.0676191151, 0.0684161633, 0.0693243742, 0.0702907443, 0.0712663755, 0.0722008646, 0.0730480477, 0.0737727433, 0.0743535012, 0.0747831836, 0.075071618, 0.0752432048, 0.0753300264, 0.0753624737, 0.0753657743, 0.0753555, 0.0753432661, 0.0753375366, 1.29664335e-10, 2.76450098e-08, 3.57590875e-06, 0.000127924184, 0.00115630194, 0.00522043556, 0.0126221916, 0.0220229216, 0.0302339215, 0.0344079137, 0.0377447605, 0.0383038409, 0.0366495028, 0.0341438875, 0.0325702317, 0.0339955464, 0.0410199501, 0.0581383221, 0.0963400155, 0.162439778, 0.210530102, 0.23167488, 0.24176921, 0.24711585, 0.250814199, 0.254344761, 0.258048803, 0.261359513, 0.263260514, 0.262300134, 0.254858464, 0.235715479, 0.226668924, 0.229405686, 0.243428648, 0.214110762, 0.134378165, 0.0676268637, 0.0385112241, 0.0273561366, 0.0301417205, 0.034143988, 0.0383578427, 0.0425566994, 0.0465700999, 0.050204996, 0.0531944446, 0.0552087761, 0.056068901, 0.0561102815, 0.0551032685, 0.0541873984, 0.0535064414, 0.0532227978, 0.0533886328, 0.0539595895, 0.0548998974, 0.0561620593, 0.0577076823, 0.0595467277, 0.0617551021, 0.0643857643, 0.0674328357, 0.0707773268, 0.0741519853, 0.0769969374, 0.0790335089, 0.0802704319, 0.0808080062, 0.0809877515, 2.01752538e-11, 4.10877554e-09, 5.01547618e-07, 2.16965745e-05, 0.000230048186, 0.00120434782, 0.00346180401, 0.00679660821, 0.00986580364, 0.0124585433, 0.0138574848, 0.0136984391, 0.0122558288, 0.0101023847, 0.00798608921, 0.00696321204, 0.00844974816, 0.0133335898, 0.0207782891, 0.0364836045, 0.0858243108, 0.137512773, 0.176800281, 0.204458281, 0.223200247, 0.235050902, 0.241537586, 0.243986219, 0.241801947, 0.23208338, 0.217223972, 0.211597443, 0.216998249, 0.228792131, 0.254833132, 0.249261841, 0.192138046, 0.118755959, 0.0736022145, 0.04544615, 0.0367393307, 0.0345473662, 0.0349006243, 0.0363330841, 0.038186565, 0.0401050672, 0.0418556556, 0.0432729162, 0.044275675, 0.0448682569, 0.045613274, 0.0457567312, 0.0453998744, 0.0447656251, 0.0440462381, 0.0433969833, 0.0429369137, 0.0427330658, 0.0428060889, 0.0431645811, 0.0438217185, 0.0447969697, 0.0461168252, 0.0478117652, 0.049903661, 0.0524060205, 0.0553281121, 0.0586475246, 0.0622814596, 0.065862976, 2.51180348e-12, 4.92034968e-10, 5.82942938e-08, 2.85332885e-06, 3.71522619e-05, 0.000229037629, 0.00073681667, 0.00157294667, 0.00240098382, 0.00314283487, 0.00343685364, 0.00320276292, 0.00258212374, 0.00186051056, 0.00141219143, 0.00237830868, 0.00716180075, 0.0175988991, 0.0318772905, 0.0439473912, 0.0473841764, 0.0665883273, 0.102391481, 0.143034041, 0.173252538, 0.193841726, 0.20499967, 0.207549676, 0.200008184, 0.19383733, 0.195205227, 0.202763408, 0.213047937, 0.229200765, 0.262885213, 0.277583331, 0.24732016, 0.190037549, 0.139044762, 0.0924091786, 0.0666474029, 0.0530872643, 0.0458590612, 0.0419411696, 0.0397921316, 0.0385994613, 0.0379233174, 0.0375211053, 0.037267305, 0.0371138491, 0.0370268337, 0.0371717438, 0.0374452434, 0.0377153978, 0.0379036032, 0.0379807763, 0.0379688963, 0.0379064791, 0.0378083475, 0.0376847871, 0.0375576429, 0.0374547355, 0.0374074019, 0.0374515615, 0.0376295298, 0.0379912294, 0.0385952219, 0.0395084545, 0.0408032201, 0.0425583832, 2.56499764e-13, 4.80463447e-11, 5.48742651e-09, 2.68314778e-07, 4.44316083e-06, 3.24765388e-05, 0.000113415124, 0.000259458786, 0.000416427152, 0.000559598848, 0.000611630734, 0.00055730046, 0.000439485244, 0.000327743823, 0.000573680911, 0.00355444732, 0.0132558877, 0.0319302864, 0.0575286224, 0.0837418437, 0.100612357, 0.0795712918, 0.0782805979, 0.0996020362, 0.127112702, 0.148555607, 0.161747485, 0.166585162, 0.166823387, 0.172848776, 0.183922648, 0.196788058, 0.210297957, 0.22723265, 0.255472779, 0.2778624, 0.278643221, 0.255762041, 0.223646209, 0.180990174, 0.142612249, 0.112891756, 0.091126211, 0.07549458, 0.0643034726, 0.0562359095, 0.0503286123, 0.0459130146, 0.042543333, 0.0399314538, 0.0378941409, 0.0363154449, 0.035189081, 0.0346132703, 0.0344710276, 0.0346033052, 0.0349038355, 0.0353249088, 0.0358080901, 0.0362975039, 0.0367845185, 0.037273813, 0.0377609432, 0.0382231958, 0.0386235304, 0.0389230065, 0.0390976071, 0.0391534977, 0.0391355455, 0.0390955247, 2.13150759e-14, 3.77502196e-12, 4.19170476e-10, 2.0841453e-08, 3.4801667e-07, 3.05598769e-06, 1.21886569e-05, 3.00969914e-05, 5.19146415e-05, 7.58691749e-05, 9.15050914e-05, 9.35998469e-05, 8.62875095e-05, 9.14895863e-05, 0.000806141645, 0.0054150396, 0.0190174151, 0.0447620004, 0.0802669078, 0.115551583, 0.135369942, 0.131589338, 0.099252224, 0.093215391, 0.104894914, 0.118401118, 0.129969314, 0.138332665, 0.145669818, 0.155983701, 0.169087321, 0.183150142, 0.197392538, 0.21293956, 0.231934771, 0.251259297, 0.266171038, 0.272501647, 0.270401061, 0.259278357, 0.242452845, 0.223854378, 0.206293851, 0.191121459, 0.178490415, 0.167767584, 0.157939792, 0.148006186, 0.137304589, 0.125690013, 0.113505341, 0.101416558, 0.0902309641, 0.0807084069, 0.0735966787, 0.0691256523, 0.0662952513, 0.0641667694, 0.0622429959, 0.060308367, 0.05834838, 0.0564697981, 0.0548281819, 0.0535792708, 0.0528467894, 0.0527039357, 0.0531653985, 0.0541898422, 0.0556950867, 0.0575706698, 1.33956291e-15, 2.17474218e-13, 2.3442576e-11, 1.20830868e-09, 2.11701234e-08, 1.85622838e-07, 7.43535566e-07, 1.99907595e-06, 4.38095958e-06, 6.82553082e-06, 1.21102175e-05, 1.96956589e-05, 2.65657181e-05, 3.83055522e-05, 0.000323774118, 0.00347546302, 0.0146209216, 0.0385513231, 0.076932095, 0.123762786, 0.16136314, 0.177656561, 0.173836127, 0.146916106, 0.119096652, 0.119269103, 0.122699894, 0.127432495, 0.133256108, 0.140677109, 0.14961566, 0.159748808, 0.171099618, 0.183631867, 0.197264671, 0.211556122, 0.225703552, 0.238716513, 0.249698013, 0.258080304, 0.263779223, 0.267188728, 0.268979341, 0.269854963, 0.270361334, 0.27080971, 0.271299511, 0.271799386, 0.272242904, 0.272598833, 0.27290222, 0.273285776, 0.273968011, 0.275111467, 0.276327342, 0.27620694, 0.27415061, 0.27017805, 0.264367789, 0.256893367, 0.24803181, 0.238145858, 0.227647811, 0.216955483, 0.206451103, 0.196450442, 0.187183395, 0.17878139, 0.1712531, 0.164518401, 5.09624387e-17, 7.1454683e-15, 7.30592941e-13, 3.89119327e-11, 7.44187489e-10, 6.90182889e-09, 3.01274241e-08, 8.50823128e-08, 1.83511844e-07, 3.62935793e-07, 7.68163204e-07, 3.90887908e-06, 1.07286914e-05, 1.74264042e-05, 2.39800866e-05, 3.56044839e-05, 0.000107078631, 0.00218588253, 0.0227381568, 0.0816670582, 0.159477532, 0.206977814, 0.221388832, 0.21076937, 0.186145112, 0.163257569, 0.154379919, 0.156114459, 0.16141282, 0.168294489, 0.175965071, 0.183952317, 0.192176282, 0.200711444, 0.2095294, 0.218506098, 0.227468446, 0.236242801, 0.244671628, 0.25263226, 0.260044515, 0.266871452, 0.273130476, 0.278878629, 0.284186393, 0.289117754, 0.293720454, 0.298025012, 0.302049369, 0.305804819, 0.309302479, 0.312555403, 0.315575391, 0.31836158, 0.32088998, 0.323126495, 0.325044215, 0.326618195, 0.327822775, 0.328631192, 0.329018593, 0.328966111, 0.328464746, 0.327518702, 0.326146185, 0.324378014, 0.322252065, 0.31980443, 0.31706351, 0.31406787] (
            interpolation = "uniform"
        )
        float[] primvars:CO2_Gas_mass_fractions_5 = [1.6831347e-08, 3.38124232e-06, 0.000367530738, 0.00773350056, 0.286099643, 0.116402015, 0.0901126862, 0.086553745, 0.0852207989, 0.0843503624, 0.089909412, 0.094801046, 0.0994694158, 0.105087437, 0.112119943, 0.1176221, 0.124895588, 0.136404201, 0.148072317, 0.153726205, 0.154563636, 0.154336095, 0.154138789, 0.153996691, 0.153971359, 0.154146209, 0.154600322, 0.155369222, 0.15642637, 0.157761574, 0.159569338, 0.16263786, 0.170750394, 0.196558863, 0.201759577, 0.0987444744, 0.0266875103, 0.0106987311, 0.0093572326, 0.00936382543, 0.00940376427, 0.00943677966, 0.00946412142, 0.00948635023, 0.00950368773, 0.00951631181, 0.0095245, 0.0095286835, 0.00952942856, 0.0095273545, 0.00952297822, 0.00951355044, 0.00947604608, 0.00942742359, 0.00937591121, 0.00932520349, 0.00927695911, 0.00923200697, 0.00919084251, 0.00915379729, 0.00912108272, 0.0090928087, 0.00906899013, 0.00904954877, 0.00903430022, 0.00902295206, 0.00901512243, 0.00901034195, 0.0090080332, 0.0090074148, 5.12126785e-09, 1.02901549e-06, 0.000118264223, 0.00366570544, 0.297618032, 0.241165668, 0.211115569, 0.193931371, 0.181690618, 0.173553914, 0.182506114, 0.20154798, 0.225696549, 0.245919794, 0.253723413, 0.246372774, 0.241145641, 0.238613576, 0.232254654, 0.221645564, 0.206796959, 0.188908264, 0.174173862, 0.165040642, 0.160246074, 0.15811193, 0.157523885, 0.157882467, 0.15893425, 0.160678729, 0.163547978, 0.169034258, 0.184040189, 0.21080403, 0.208022445, 0.116328932, 0.0391918905, 0.0149283316, 0.0127440449, 0.0143734077, 0.0163032487, 0.0181552544, 0.0198554862, 0.0213656761, 0.022664398, 0.0237395652, 0.024585966, 0.0252062045, 0.0256131403, 0.0258318149, 0.0258988142, 0.0258082449, 0.0256817527, 0.0255456865, 0.0254102834, 0.0252797082, 0.0251557287, 0.0250392761, 0.0249310173, 0.0248314869, 0.0247411504, 0.0246605184, 0.0245901756, 0.0245306939, 0.0244823992, 0.0244451929, 0.0244185384, 0.0244015679, 0.0243929625, 0.0243905075, 1.30601918e-09, 2.60314806e-07, 3.04119203e-05, 0.0010407723, 0.0497377291, 0.0741205066, 0.089413248, 0.105155513, 0.266266286, 0.261283904, 0.277913272, 0.279762119, 0.279678077, 0.279130161, 0.277111858, 0.271349102, 0.258204222, 0.238097712, 0.213214561, 0.193790525, 0.183371663, 0.175686777, 0.16943045, 0.164920941, 0.16217947, 0.160903856, 0.160775974, 0.161625892, 0.163454026, 0.166440591, 0.171414256, 0.182343557, 0.207631677, 0.22477375, 0.212541446, 0.13626717, 0.0582760125, 0.0221071336, 0.0143519156, 0.015187203, 0.0176624712, 0.0202422533, 0.0227970276, 0.0252898708, 0.0276874248, 0.0299325064, 0.0319307148, 0.0335581414, 0.0346951745, 0.0352895744, 0.0355790965, 0.0358472168, 0.0362056047, 0.0366517566, 0.0371593125, 0.0376988761, 0.0382429622, 0.0387628786, 0.0392320082, 0.0396299325, 0.039944496, 0.040172413, 0.0403206572, 0.0404044949, 0.0404426344, 0.0404513553, 0.0404435992, 0.0404283702, 0.0404144339, 0.0404083505, 2.7266861e-10, 5.35405249e-08, 6.19946604e-06, 0.000237696426, 0.00555573823, 0.0141731659, 0.0254226942, 0.0373408124, 0.100136198, 0.288366497, 0.29256773, 0.291858077, 0.291881621, 0.292295545, 0.292453647, 0.291569531, 0.288636476, 0.281635821, 0.26486969, 0.23281467, 0.205951884, 0.190878153, 0.181250483, 0.174968272, 0.171092138, 0.169083565, 0.168698937, 0.169964597, 0.172870696, 0.178130388, 0.188916713, 0.210440949, 0.226717576, 0.233604178, 0.215297803, 0.156775221, 0.0862990841, 0.0395151898, 0.0211416911, 0.0145625873, 0.0160215721, 0.0181532111, 0.0204041116, 0.0226517227, 0.0248035714, 0.0267548617, 0.0283599421, 0.0294384025, 0.0298919864, 0.0299062021, 0.0293613207, 0.0288689751, 0.0285070073, 0.0283625945, 0.0284639746, 0.0287891105, 0.0293222051, 0.0300427545, 0.0309364945, 0.0320163853, 0.0333338492, 0.0349289812, 0.036809966, 0.0389177725, 0.0410973802, 0.0429955684, 0.0444064289, 0.0452979915, 0.0457106531, 0.04586339, 4.63185879e-11, 8.9254204e-09, 1.02999411e-06, 4.67518548e-05, 0.000914061849, 0.00346689089, 0.00780872442, 0.0135230077, 0.230057552, 0.299256235, 0.299143553, 0.29907465, 0.299444258, 0.300076187, 0.300708741, 0.301007658, 0.30057916, 0.299197555, 0.296969414, 0.290513396, 0.266880244, 0.240769282, 0.219445631, 0.203548715, 0.192669854, 0.186544135, 0.18461138, 0.186076716, 0.191124812, 0.20226258, 0.218981683, 0.232682571, 0.238093823, 0.238120988, 0.219503611, 0.178040847, 0.121674813, 0.0696618333, 0.0413160175, 0.0249097217, 0.01985199, 0.0185239464, 0.0186417531, 0.0193716995, 0.0203432776, 0.0213581137, 0.0222874377, 0.0230401754, 0.0235715378, 0.0238836892, 0.0242782775, 0.0243526045, 0.024159966, 0.0238199253, 0.0234359764, 0.0230916496, 0.0228508804, 0.0227498487, 0.0228002444, 0.0230076239, 0.0233804118, 0.0239310376, 0.0246764868, 0.0256368089, 0.0268286951, 0.0282678735, 0.0299733039, 0.031950105, 0.0341696367, 0.0364262573, 6.51957785e-12, 1.23454547e-09, 1.44320168e-07, 7.66347512e-06, 0.000180962452, 0.000789242855, 0.0019589006, 0.0193491559, 0.298919797, 0.302004009, 0.301932603, 0.301991582, 0.302159607, 0.302347839, 0.302446157, 0.30213663, 0.30077669, 0.297937691, 0.294207633, 0.291181982, 0.288915098, 0.277523279, 0.259139985, 0.238362521, 0.223236755, 0.213572994, 0.20968172, 0.211514801, 0.220623046, 0.230861485, 0.239556387, 0.243895799, 0.245200738, 0.242496997, 0.226768285, 0.197869495, 0.157650739, 0.113470182, 0.079988502, 0.0520640947, 0.0369826071, 0.029117668, 0.0249384455, 0.0226689968, 0.0214151442, 0.0207097754, 0.0203015283, 0.0200523566, 0.019890625, 0.0197881553, 0.0197255891, 0.01979018, 0.0199277997, 0.0200676322, 0.0201669559, 0.0202095676, 0.020206226, 0.0201766863, 0.0201289058, 0.0200687759, 0.0200082883, 0.0199628025, 0.0199498869, 0.0199899357, 0.0201071482, 0.0203301404, 0.0206925776, 0.0212332886, 0.0219952203, 0.0230273157, 7.7592712e-13, 1.42170178e-10, 1.67593122e-08, 9.95710593e-07, 2.83484515e-05, 0.000132951856, 0.000368691602, 0.0233739037, 0.300001293, 0.302618355, 0.302619576, 0.302631706, 0.30265671, 0.302675605, 0.302587867, 0.301734179, 0.299088359, 0.29421705, 0.287873268, 0.281737119, 0.277965635, 0.280967593, 0.275240302, 0.264060855, 0.250696868, 0.241295129, 0.236950129, 0.238180146, 0.243681565, 0.247522369, 0.250085503, 0.251074523, 0.250652581, 0.247035295, 0.236294076, 0.219682455, 0.195950836, 0.166296035, 0.138584599, 0.10873235, 0.0837368965, 0.0650822073, 0.0517472774, 0.0423408784, 0.0357012227, 0.030969115, 0.0275360756, 0.0249887984, 0.0230557602, 0.0215632431, 0.0204016007, 0.0195019804, 0.0188589692, 0.018530352, 0.0184495877, 0.0185249299, 0.0186947174, 0.0189316105, 0.0192012228, 0.0194699857, 0.0197329111, 0.019993905, 0.0202526357, 0.0204989668, 0.0207147729, 0.0208804738, 0.020984143, 0.021029938, 0.0210430007, 0.0210511461, 7.80508132e-14, 1.33826249e-11, 1.5620033e-09, 1.0015836e-07, 3.17395416e-06, 1.58214498e-05, 4.70578671e-05, 0.000772080268, 0.29540664, 0.302656591, 0.302729309, 0.302725732, 0.30272305, 0.302715391, 0.30250451, 0.301234573, 0.297660649, 0.291270375, 0.283028215, 0.27540499, 0.271411389, 0.271953106, 0.276511729, 0.274202347, 0.267302096, 0.26107496, 0.257108241, 0.256072998, 0.256994218, 0.257645845, 0.257840455, 0.257466733, 0.256329268, 0.253646165, 0.248429015, 0.240747005, 0.230028972, 0.215983123, 0.200482309, 0.182724252, 0.164218739, 0.146816209, 0.131701648, 0.119245753, 0.109199673, 0.100945286, 0.0937211439, 0.0868308991, 0.0798092559, 0.0725090727, 0.0650731474, 0.057837069, 0.0512291864, 0.0456658192, 0.0415713452, 0.0390668511, 0.0375203006, 0.0363568999, 0.0352823697, 0.034172941, 0.0330225341, 0.0318950526, 0.0308822226, 0.0300767217, 0.0295538232, 0.0293611679, 0.0295139384, 0.0299960468, 0.03076935, 0.0317769311, 6.24412487e-15, 9.57760564e-13, 1.07357047e-10, 7.15940818e-09, 2.39827756e-07, 1.27515943e-06, 4.04341699e-06, 8.6725755e-05, 0.0535168312, 0.220059425, 0.302423298, 0.302740186, 0.302735627, 0.302727938, 0.302642435, 0.301788002, 0.298934877, 0.293182343, 0.284514308, 0.27451396, 0.266894996, 0.26361692, 0.263950706, 0.267957479, 0.270561099, 0.268870264, 0.267163008, 0.266067654, 0.265568376, 0.265207529, 0.264761001, 0.264080107, 0.263000548, 0.26137054, 0.259048879, 0.255974829, 0.252065808, 0.247214332, 0.241615802, 0.235249057, 0.228260636, 0.220979393, 0.213830963, 0.207189828, 0.201277807, 0.196146414, 0.191716373, 0.187845752, 0.184398398, 0.181288257, 0.178493708, 0.176072329, 0.174145877, 0.172804147, 0.171790704, 0.170219272, 0.167738795, 0.164383814, 0.160209492, 0.155312642, 0.149837777, 0.143969789, 0.137916803, 0.131888852, 0.126077309, 0.120638803, 0.115684055, 0.1112689, 0.107375599, 0.103931703, 3.07591015e-16, 4.08899226e-14, 4.23973009e-12, 2.82797091e-10, 9.74725811e-09, 5.60156934e-08, 1.9895019e-07, 2.61523701e-06, 0.000367616158, 0.0450074114, 0.174262896, 0.301749706, 0.302739233, 0.302738041, 0.302732736, 0.30272603, 0.30270195, 0.30215466, 0.297122747, 0.283669978, 0.267245829, 0.257866532, 0.255019397, 0.257013887, 0.26123172, 0.264644563, 0.265782237, 0.265512377, 0.264881939, 0.264113575, 0.263236225, 0.262262553, 0.261178762, 0.25995034, 0.258554548, 0.256991476, 0.255271077, 0.253402233, 0.251407862, 0.249303386, 0.247103214, 0.244847864, 0.242597654, 0.240411371, 0.238334969, 0.23639515, 0.234599605, 0.232942417, 0.23141174, 0.229996175, 0.228690833, 0.227497116, 0.226417631, 0.22544384, 0.224546582, 0.223691538, 0.222855672, 0.222020298, 0.221167848, 0.220281363, 0.219345912, 0.218350455, 0.217289373, 0.216163546, 0.214980453, 0.213752776, 0.212495074, 0.211217999, 0.20992513, 0.208625689] (
            interpolation = "uniform"
        )
        float[] primvars:H2_Gas_mass_fractions_6 = [1.67704872e-09, 3.60914896e-07, 4.33205641e-05, 0.00100512279, 0.00587102817, 0.0168565512, 0.0136399297, 0.0136202313, 0.0137664909, 0.0138441483, 0.0160344504, 0.0178860743, 0.019463554, 0.0208428707, 0.0221846476, 0.023630837, 0.0251909643, 0.0267998893, 0.0283986125, 0.0298261829, 0.030871626, 0.0317359082, 0.0326080956, 0.0335442089, 0.034600243, 0.0358369574, 0.0373142138, 0.0390655883, 0.0410521217, 0.0431323461, 0.0450864173, 0.0466867872, 0.0476278439, 0.0464483351, 0.0401212499, 0.0216946751, 0.00720531493, 0.00339138159, 0.00303598796, 0.00303959101, 0.00305248448, 0.00306313997, 0.00307196379, 0.00307913707, 0.00308473175, 0.00308880559, 0.00309144822, 0.00309279887, 0.00309304032, 0.00309237232, 0.00309096137, 0.0030879206, 0.00307581946, 0.00306012831, 0.0030435021, 0.00302713318, 0.00301155681, 0.00299704075, 0.00298374565, 0.00297177909, 0.00296120951, 0.00295207347, 0.00294437632, 0.00293809269, 0.00293316389, 0.00292949565, 0.00292696431, 0.00292541925, 0.00292467256, 0.00292447256, 4.56457344e-10, 1.00457648e-07, 1.3370317e-05, 0.000369190151, 0.00237245276, 0.0117194355, 0.0155566959, 0.0184346121, 0.0202711131, 0.0210593063, 0.0220111441, 0.0223192796, 0.0218431707, 0.0209230762, 0.0205323845, 0.0217465647, 0.0239081345, 0.0265782345, 0.0296630003, 0.0332572423, 0.0366917625, 0.0386139788, 0.0391047187, 0.0391272753, 0.0393005162, 0.0398564115, 0.0408344418, 0.0421755239, 0.0437252447, 0.0452363752, 0.0464921482, 0.047224924, 0.046467714, 0.0438302234, 0.0395869315, 0.0259779543, 0.0104284184, 0.00463298615, 0.00412392244, 0.00465799635, 0.00528108981, 0.00587877585, 0.00642727735, 0.00691429712, 0.00733298343, 0.00767949503, 0.00795220584, 0.00815200061, 0.00828306004, 0.00835348014, 0.00837506168, 0.00834618043, 0.00830592401, 0.00826268829, 0.00821972732, 0.00817836542, 0.00813915674, 0.00810238719, 0.00806825235, 0.00803690031, 0.00800845865, 0.00798306707, 0.00796090532, 0.00794214942, 0.00792690925, 0.00791516155, 0.00790674333, 0.0079013817, 0.00789866317, 0.00789788645, 1.10020576e-10, 2.41560905e-08, 3.30919329e-06, 0.000103408995, 0.000808516343, 0.00362264458, 0.00680319313, 0.0100498833, 0.0121395513, 0.0135044903, 0.0136812301, 0.0134212039, 0.0129352575, 0.0124628497, 0.0126249194, 0.0143612521, 0.0190134086, 0.0261378027, 0.0345076248, 0.0404065736, 0.0424639694, 0.0428209007, 0.0425640717, 0.0422723517, 0.0422402881, 0.0425790399, 0.0432767645, 0.0442217067, 0.0452065952, 0.0459858626, 0.0463183895, 0.0455923229, 0.0424213037, 0.0408659801, 0.040337272, 0.0310907364, 0.0154460929, 0.00665173121, 0.00460956898, 0.00492005423, 0.00571915088, 0.00654993672, 0.00737102842, 0.00817040913, 0.00893748458, 0.00965426769, 0.0102910409, 0.0108087435, 0.0111696543, 0.0113573531, 0.0114471102, 0.0115291094, 0.0116390008, 0.0117761996, 0.0119325323, 0.0120988758, 0.0122668119, 0.0124276662, 0.0125734927, 0.0126982341, 0.0127981985, 0.0128721576, 0.0129218027, 0.0129513359, 0.012966278, 0.0129718604, 0.0129724266, 0.0129706552, 0.0129685476, 0.0129675614, 2.18872403e-11, 4.69193173e-09, 6.11325959e-07, 2.19119665e-05, 0.000198025213, 0.000890260329, 0.00215504179, 0.00376383774, 0.00517219678, 0.00589115452, 0.00646312581, 0.0065584844, 0.00627416931, 0.00584332505, 0.00557114789, 0.00581149431, 0.00700917421, 0.00992982928, 0.0164368358, 0.0276648253, 0.0357948728, 0.0393328778, 0.0409944504, 0.0418609716, 0.0424655117, 0.0430624895, 0.0437104553, 0.0443115942, 0.0446868539, 0.0445864573, 0.0434020832, 0.0402552411, 0.0388054661, 0.0393353477, 0.0417771488, 0.0367565826, 0.0230760425, 0.0116195669, 0.00662225811, 0.0047080596, 0.00518799108, 0.00587697327, 0.00660231523, 0.00732507091, 0.00801588222, 0.00864154287, 0.00915610511, 0.00950282346, 0.00965087023, 0.00965799112, 0.00948465802, 0.00932701305, 0.00920980424, 0.00916098617, 0.00918953586, 0.00928781833, 0.00944967847, 0.00966694113, 0.00993300043, 0.0102495709, 0.0106297219, 0.0110825701, 0.0116071086, 0.012182855, 0.0127638066, 0.0132535817, 0.0136041986, 0.0138171548, 0.0139097096, 0.0139406603, 3.3981225e-12, 6.94985514e-10, 8.53209272e-08, 3.71663464e-06, 3.94079179e-05, 0.000206184151, 0.000592727854, 0.00116386649, 0.00169040565, 0.00213458785, 0.00237371121, 0.00234572147, 0.00209770375, 0.00172775984, 0.0013639942, 0.00118771393, 0.00144261715, 0.00228156662, 0.00355903315, 0.00623698626, 0.0146200517, 0.0233880226, 0.030036306, 0.0347069539, 0.0378712565, 0.0398819484, 0.0410011038, 0.0414519086, 0.0411288254, 0.0395433493, 0.0370971225, 0.0362187959, 0.0371932089, 0.0392507166, 0.0437394902, 0.0427927747, 0.032993637, 0.0203992687, 0.0126481988, 0.00781394355, 0.00631959457, 0.00594414026, 0.0060058739, 0.00625295658, 0.00657230197, 0.0069027273, 0.00720418338, 0.00744821969, 0.00762087805, 0.00772291329, 0.00785117038, 0.0078758616, 0.00781443529, 0.00770526659, 0.00758144585, 0.00746969739, 0.00739051355, 0.00735543203, 0.00736800721, 0.00742971851, 0.00754283369, 0.00771070458, 0.00793789141, 0.00822964124, 0.00858971942, 0.00902045611, 0.00952345133, 0.0100948503, 0.0107204057, 0.0113369571, 4.21798474e-13, 8.28870167e-11, 9.86801041e-09, 4.87649856e-07, 6.36545019e-06, 3.92412403e-05, 0.000126238738, 0.000269512733, 0.000411347952, 0.000538123597, 0.000587695569, 0.00054661039, 0.000439197029, 0.000314314413, 0.00023606485, 0.000400762743, 0.00122224167, 0.00301682833, 0.00547282817, 0.00754913874, 0.00812650472, 0.0113682281, 0.0174385738, 0.0243302528, 0.0294581, 0.0329599157, 0.0348732919, 0.0353394151, 0.0341078229, 0.0331155881, 0.0334116891, 0.034748733, 0.0365398973, 0.0393317379, 0.0451248847, 0.0476566516, 0.0424693339, 0.032640066, 0.0238875337, 0.0158798806, 0.0114560602, 0.00912756007, 0.00788656715, 0.00721412711, 0.00684548728, 0.00664108386, 0.00652536005, 0.00645663682, 0.00641335454, 0.00638726586, 0.00637254771, 0.00639770133, 0.00644492917, 0.00649153022, 0.00652399054, 0.00653731823, 0.00653530611, 0.00652459031, 0.00650772452, 0.0064864778, 0.00646461267, 0.00644691614, 0.0064387829, 0.0064463946, 0.00647703605, 0.00653930055, 0.00664326828, 0.00680046435, 0.0070233345, 0.00732545648, 4.2973749e-14, 8.06457852e-12, 9.24046395e-10, 4.54927118e-08, 7.59800514e-07, 5.56555688e-06, 1.94395761e-05, 4.44783182e-05, 7.11180983e-05, 9.51567636e-05, 0.000103098108, 9.2680275e-05, 7.1347662e-05, 5.09274469e-05, 9.16348072e-05, 0.000602523971, 0.00227006222, 0.00548199378, 0.00988565106, 0.0143950637, 0.0172965825, 0.0136624789, 0.0133860325, 0.0169986468, 0.0216703955, 0.0253218226, 0.0275815204, 0.0284333993, 0.0285151582, 0.0295835808, 0.0315148607, 0.0337457135, 0.0360816643, 0.0389995612, 0.0438541211, 0.0477041341, 0.0478453599, 0.0439234674, 0.0384143181, 0.0310927778, 0.0245039966, 0.0194007847, 0.0156630799, 0.0129784653, 0.0110563226, 0.00967057422, 0.0086558396, 0.00789731834, 0.00731845852, 0.00686978363, 0.0065198252, 0.00624866923, 0.00605526287, 0.00595650915, 0.00593229337, 0.00595526397, 0.00600714842, 0.00607974781, 0.00616301736, 0.0062473556, 0.00633128034, 0.00641559483, 0.00649953121, 0.00657917885, 0.00664815959, 0.00669976976, 0.00672987569, 0.00673953723, 0.00673647691, 0.00672960794, 3.56967594e-15, 6.32637009e-13, 7.03912414e-11, 3.51663942e-09, 5.90269345e-08, 5.2202455e-07, 2.08879646e-06, 5.16123691e-06, 8.86591988e-06, 1.25060178e-05, 1.42138269e-05, 1.34049815e-05, 1.09583325e-05, 1.05589561e-05, 0.000131678462, 0.000922741892, 0.00326147978, 0.00768976472, 0.0137971854, 0.0198654737, 0.023271203, 0.0226158164, 0.01703858, 0.0159717314, 0.0179449487, 0.0202413592, 0.0222188123, 0.0236610044, 0.0249367785, 0.0267236121, 0.0289886668, 0.0314158276, 0.0338710248, 0.0365472287, 0.0398133025, 0.0431352258, 0.045699805, 0.0467914529, 0.0464354716, 0.0445298702, 0.0416443497, 0.0384537056, 0.0354407802, 0.0328376405, 0.0306707602, 0.0288314596, 0.0271456782, 0.0254414435, 0.0236047767, 0.0216106754, 0.0195180196, 0.0174412783, 0.015519293, 0.0138827441, 0.012660278, 0.0118915513, 0.0114048291, 0.0110388426, 0.0107081644, 0.01037574, 0.0100390343, 0.00971636921, 0.00943445228, 0.00922007207, 0.00909450185, 0.00907032937, 0.00915008504, 0.00932666287, 0.00958592631, 0.00990887545, 2.24711065e-16, 3.64609872e-14, 3.93510962e-12, 2.03609657e-10, 3.58009311e-09, 3.15035926e-08, 1.26404117e-07, 3.40647318e-07, 7.49740479e-07, 1.16044714e-06, 1.45543913e-06, 1.55842986e-06, 1.47611377e-06, 2.24075052e-06, 4.98267218e-05, 0.000590193318, 0.00250611524, 0.00662173564, 0.0132225985, 0.021274766, 0.0277360678, 0.0305317137, 0.0298696719, 0.0252328888, 0.0204310641, 0.0204484761, 0.0210302919, 0.0218413882, 0.0228445027, 0.0241239369, 0.0256645679, 0.0274099652, 0.029363675, 0.0315194018, 0.0338633433, 0.0363198295, 0.0387513041, 0.0409878902, 0.0428756736, 0.0443171822, 0.0452979356, 0.0458855368, 0.0461951159, 0.046347525, 0.0464364924, 0.0465154797, 0.0466015637, 0.0466893688, 0.0467675067, 0.0468306243, 0.0468847789, 0.0469527878, 0.0470722355, 0.0472710691, 0.0474825576, 0.047464706, 0.0471144281, 0.0464350209, 0.0454398543, 0.0441586338, 0.0426388532, 0.0409427471, 0.0391411111, 0.0373057164, 0.035502255, 0.0337850191, 0.0321935639, 0.0307505187, 0.029457422, 0.0283005442, 8.57925179e-18, 1.20032817e-15, 1.22770311e-13, 6.55930345e-12, 1.25854022e-10, 1.1702751e-09, 5.11920151e-09, 1.44857726e-08, 3.11431236e-08, 5.66978855e-08, 8.68841283e-08, 1.11188598e-07, 1.35017487e-07, 1.61216349e-07, 2.53120163e-07, 1.20599634e-06, 1.2261843e-05, 0.000368028996, 0.00390140642, 0.0140358154, 0.0274119824, 0.0355691426, 0.0380392224, 0.0362099968, 0.0319737941, 0.0280341692, 0.0265037939, 0.0268000551, 0.0277103689, 0.0288935322, 0.0302123372, 0.0315852799, 0.0329986252, 0.0344652757, 0.0359804071, 0.037522722, 0.0390625112, 0.0405699722, 0.0420180634, 0.0433857478, 0.0446592607, 0.0458322763, 0.0469077863, 0.047895588, 0.0488077812, 0.049655363, 0.0504465289, 0.0511865243, 0.0518784337, 0.052524209, 0.0531257577, 0.0536853299, 0.0542049557, 0.0546844937, 0.0551198348, 0.0555051304, 0.0558357649, 0.0561074726, 0.0563158393, 0.0564562827, 0.0565245263, 0.0565173179, 0.0564331077, 0.0562725849, 0.0560388751, 0.0557372309, 0.0553741418, 0.054955788, 0.0544870272, 0.0539744683] (
            interpolation = "uniform"
        )
        float[] primvars:CH4_Gas_mass_fractions_7 = [2.10297424e-09, 4.51306448e-07, 5.398535e-05, 0.00125307404, 0.00745275198, 0.0233411044, 0.0189867951, 0.0189119615, 0.0190766249, 0.0191702992, 0.0217954163, 0.024019843, 0.025912866, 0.0275552869, 0.0291394591, 0.0308683179, 0.0327200927, 0.0345872901, 0.036437314, 0.0381370969, 0.0394174866, 0.0404865742, 0.0415649824, 0.0427213348, 0.0440235846, 0.0455448441, 0.0473564155, 0.0494966134, 0.0519142486, 0.0544324294, 0.0567790605, 0.0586714707, 0.0597039871, 0.0579786301, 0.0499192029, 0.0269632712, 0.00894742087, 0.00420607766, 0.00376427616, 0.00376870972, 0.00378469634, 0.00379790668, 0.00380884577, 0.0038177392, 0.00382467546, 0.00382972579, 0.00383300218, 0.0038346767, 0.00383497588, 0.0038341477, 0.00383239868, 0.00382862869, 0.00381362624, 0.00379417278, 0.00377356028, 0.00375326653, 0.00373395556, 0.00371595891, 0.00369947613, 0.00368464016, 0.00367153645, 0.00366020948, 0.00365066668, 0.00364287663, 0.00363676576, 0.00363221811, 0.00362907979, 0.00362716406, 0.00362623855, 0.00362599059, 5.75141434e-10, 1.26017639e-07, 1.66619029e-05, 0.000460199924, 0.00296102534, 0.0152755799, 0.0201661568, 0.0238336846, 0.0261826888, 0.0272134282, 0.0282928348, 0.0284820348, 0.0276516229, 0.0263068043, 0.025730243, 0.0272795912, 0.0299772769, 0.0332750529, 0.0371221453, 0.0416374467, 0.0460025556, 0.0485499017, 0.0493131913, 0.0494449325, 0.0497149713, 0.0504238158, 0.0516298041, 0.0532642454, 0.055137828, 0.0569470748, 0.0584241413, 0.0592319295, 0.0581289083, 0.0546372756, 0.0492313318, 0.0322870798, 0.0129529983, 0.00574756786, 0.00511324592, 0.00577516807, 0.00654766196, 0.00728865154, 0.00796866138, 0.00857244805, 0.00909151509, 0.00952110346, 0.00985919591, 0.0101068914, 0.0102693718, 0.010356674, 0.0103834309, 0.0103476299, 0.0102977296, 0.0102441357, 0.0101908827, 0.0101396125, 0.0100910114, 0.0100454343, 0.0100031234, 0.0099642612, 0.00992900599, 0.00989753287, 0.00987006165, 0.00984681305, 0.0098279221, 0.00981336087, 0.00980292633, 0.00979628041, 0.00979290996, 0.0097919479, 1.38834416e-10, 3.03303835e-08, 4.12375812e-06, 0.000128886226, 0.00100778986, 0.00459356327, 0.00859705824, 0.0126687475, 0.0152670043, 0.016935613, 0.0170993619, 0.0167453606, 0.0161325503, 0.015543865, 0.0157520436, 0.0179316234, 0.02376277, 0.0326978564, 0.0432136096, 0.0506543294, 0.0532971583, 0.0538275242, 0.0535894148, 0.053288132, 0.0532836542, 0.0537142679, 0.0545671619, 0.0557052754, 0.0568739362, 0.057772629, 0.0581019856, 0.0570785999, 0.0529420972, 0.0508861914, 0.0501524583, 0.0386414677, 0.0191893447, 0.00825624727, 0.00571637321, 0.00610008696, 0.00709073618, 0.00812069606, 0.00913861394, 0.0101295924, 0.0110805035, 0.0119690504, 0.0127584022, 0.0134001421, 0.0138475159, 0.0140801733, 0.014191417, 0.0142930392, 0.014429233, 0.0145992758, 0.0147930412, 0.0149992211, 0.0152073791, 0.015406765, 0.0155875264, 0.0157421567, 0.0158660784, 0.0159577653, 0.0160193145, 0.0160559323, 0.0160744637, 0.0160813909, 0.0160820987, 0.0160799101, 0.0160773043, 0.0160760824, 2.76310086e-11, 5.89468341e-09, 7.63137791e-07, 2.73074111e-05, 0.000246802141, 0.00111372769, 0.00269313646, 0.00469941087, 0.00645212503, 0.00734281167, 0.00805370696, 0.00817152113, 0.0078168856, 0.00728052855, 0.00694292644, 0.00724507589, 0.00874174666, 0.0123917181, 0.0205379669, 0.0346303955, 0.0448780134, 0.0493791439, 0.0515245907, 0.0526593141, 0.0534448363, 0.054197114, 0.054988943, 0.0556992926, 0.0561107136, 0.0559132881, 0.054335922, 0.0502664298, 0.0483472794, 0.0489379391, 0.0519348681, 0.0456821322, 0.0286716092, 0.014429898, 0.00821785163, 0.00583788194, 0.00643236795, 0.0072864308, 0.00818562135, 0.00908161979, 0.00993801747, 0.0107136415, 0.0113515304, 0.0117813535, 0.0119648976, 0.0119737256, 0.0117588202, 0.0115633691, 0.0114180343, 0.0113574704, 0.0113928188, 0.0115146162, 0.0117152231, 0.0119844992, 0.0123142526, 0.0127066048, 0.0131777506, 0.0137389861, 0.0143890623, 0.0151025858, 0.0158225242, 0.0164294373, 0.0168638863, 0.0171277486, 0.017242441, 0.0172807891, 4.29822757e-12, 8.75763573e-10, 1.06972173e-07, 4.63157312e-06, 4.91061655e-05, 0.00025706226, 0.000738916046, 0.00145075214, 0.0021058768, 0.00265846285, 0.00295576686, 0.00292044715, 0.00261119287, 0.00215021381, 0.00169701676, 0.00147692102, 0.00179218373, 0.00283255847, 0.00441994192, 0.00776991481, 0.0182912555, 0.029309893, 0.0376827456, 0.043575909, 0.047569178, 0.0500952676, 0.0514801107, 0.0520061255, 0.0515459068, 0.0494812652, 0.0463217944, 0.045130685, 0.0462884642, 0.0488090105, 0.0543685779, 0.0531819798, 0.0409952588, 0.025338931, 0.0157050081, 0.00969763659, 0.00783998519, 0.00737234438, 0.0074477992, 0.00775351236, 0.00814904273, 0.00855843537, 0.00893199071, 0.0092344135, 0.00944838487, 0.00957482867, 0.00973379705, 0.00976440031, 0.00968824327, 0.00955289602, 0.0093993824, 0.00926083419, 0.00916265603, 0.0091191493, 0.00913472101, 0.00921120308, 0.00935140718, 0.00955948513, 0.00984108821, 0.0102027208, 0.0106490478, 0.0111829545, 0.0118064117, 0.012514635, 0.0132899499, 0.0140540469, 5.3495267e-13, 1.0482739e-10, 1.24262796e-08, 6.08911364e-07, 7.93089566e-06, 4.88930273e-05, 0.000157291317, 0.000335791963, 0.000512174272, 0.000669900561, 0.000731469132, 0.000680134108, 0.000546255324, 0.00039072326, 0.000293211458, 0.000497077708, 0.00151520444, 0.00373966037, 0.00678418856, 0.00935841631, 0.0100918114, 0.0141872065, 0.0218210928, 0.0304857232, 0.0369279347, 0.0413180478, 0.0436989106, 0.044246193, 0.0426436625, 0.0413340591, 0.0416326635, 0.0432500169, 0.0454477072, 0.0488970354, 0.0560866594, 0.0592245422, 0.0527688116, 0.0405476466, 0.029668171, 0.0197180435, 0.0142214494, 0.0113281691, 0.00978594646, 0.00895002577, 0.00849151425, 0.0082370555, 0.00809280295, 0.00800699461, 0.00795284938, 0.00792011339, 0.0079015512, 0.00793247763, 0.00799084175, 0.00804848969, 0.00808864925, 0.00810511503, 0.00810257718, 0.00808925647, 0.00806831475, 0.00804194529, 0.0080148112, 0.00799284596, 0.00798273738, 0.0079921484, 0.00803011097, 0.00810727663, 0.00823614094, 0.00843098946, 0.00870724488, 0.00908173341, 5.46148006e-14, 1.02322092e-11, 1.16904253e-09, 5.72056003e-08, 9.48239574e-07, 6.93319907e-06, 2.4213392e-05, 5.53952668e-05, 8.85471673e-05, 0.000118477554, 0.000128332336, 0.000115301576, 8.86959169e-05, 6.32570955e-05, 0.00011364399, 0.000746880192, 0.002813895, 0.00679552695, 0.012255121, 0.0178469997, 0.0214464068, 0.0169571899, 0.0166810136, 0.0212275553, 0.027094068, 0.0316672698, 0.0344821177, 0.0355168507, 0.0355720855, 0.0368617214, 0.0392283723, 0.041976504, 0.0448616073, 0.0484769829, 0.0545043275, 0.0592830218, 0.0594509318, 0.0545699671, 0.0477184914, 0.0386179052, 0.0304297954, 0.0240886472, 0.0194447134, 0.016109474, 0.0137216551, 0.0120002767, 0.010739821, 0.00979764294, 0.00907863025, 0.00852131005, 0.00808658823, 0.0077497228, 0.00750937732, 0.0073865084, 0.00735615613, 0.00738438172, 0.00744851166, 0.00753836567, 0.00764147425, 0.00774591602, 0.00784984883, 0.00795426965, 0.0080582276, 0.00815687515, 0.0082423063, 0.00830620993, 0.0083434619, 0.00835537538, 0.00835152715, 0.00834296457, 4.5383174e-15, 8.03816594e-13, 8.92735955e-11, 4.44102621e-09, 7.41981694e-08, 6.52128392e-07, 2.60224647e-06, 6.42642817e-06, 1.10425472e-05, 1.55702201e-05, 1.76874073e-05, 1.66698919e-05, 1.36169492e-05, 1.3106418e-05, 0.000163229619, 0.00114380149, 0.00404298119, 0.00953313429, 0.017106913, 0.0246354062, 0.0288649704, 0.0280586947, 0.021157654, 0.0198682453, 0.0223588366, 0.0252396669, 0.0277080517, 0.0294938851, 0.031061681, 0.0332647599, 0.0360630825, 0.0390657932, 0.042106539, 0.0454254188, 0.0494798608, 0.0536044054, 0.0567872934, 0.0581391454, 0.0576919653, 0.0553196408, 0.0517303832, 0.0477626808, 0.0440163016, 0.0407793708, 0.0380845964, 0.035796918, 0.0337001719, 0.0315808989, 0.0292976964, 0.0268196426, 0.024219906, 0.0216405727, 0.0192539301, 0.0172220822, 0.0157046057, 0.014750584, 0.0141466251, 0.0136924181, 0.0132819032, 0.0128691113, 0.0124509223, 0.0120501081, 0.0116998293, 0.0114333509, 0.0112770703, 0.011246603, 0.011345082, 0.0115636839, 0.0118848728, 0.0122850761, 2.85268468e-16, 4.63093275e-14, 4.99253807e-12, 2.57437099e-10, 4.51197613e-09, 3.95797279e-08, 1.58578771e-07, 4.26491624e-07, 9.34935315e-07, 1.44485341e-06, 1.81033738e-06, 1.93723213e-06, 1.8339797e-06, 2.7806459e-06, 6.17651895e-05, 0.000731604057, 0.00310681085, 0.008210022, 0.0163974464, 0.0263897441, 0.0344142392, 0.0378922038, 0.0370768458, 0.0313308761, 0.0253922567, 0.0254283883, 0.0261602886, 0.0271705184, 0.0284140036, 0.0299985558, 0.0319069885, 0.0340703055, 0.0364934281, 0.0391686261, 0.0420786142, 0.0451290868, 0.0481487736, 0.0509263314, 0.0532703586, 0.0550597236, 0.0562764667, 0.057004638, 0.057387311, 0.0575746708, 0.0576831736, 0.0577792376, 0.0578840859, 0.0579910427, 0.0580859482, 0.0581621341, 0.0582270958, 0.0583091341, 0.0584548935, 0.0586990379, 0.0589586385, 0.0589331314, 0.0584945641, 0.0576471463, 0.0564076118, 0.0548130013, 0.0529224053, 0.0508132204, 0.0485734083, 0.0462921187, 0.0440509096, 0.0419171527, 0.0399399102, 0.0381472148, 0.0365409292, 0.0351039656, 1.08571955e-17, 1.52190168e-15, 1.55612339e-13, 8.29076651e-12, 1.58609112e-10, 1.47149815e-09, 6.42507958e-09, 1.81476327e-08, 3.89529013e-08, 7.07141936e-08, 1.08304874e-07, 1.38676441e-07, 1.68026048e-07, 2.00632826e-07, 3.14784018e-07, 1.49610071e-06, 1.52003449e-05, 0.000456240727, 0.00483741472, 0.0174082406, 0.0340121388, 0.0441505536, 0.0472263955, 0.0449595489, 0.039703615, 0.034818314, 0.0329233482, 0.0332936272, 0.0344246514, 0.0358936414, 0.0375310034, 0.0392359346, 0.0409913734, 0.042813208, 0.0446953773, 0.046611391, 0.0485243164, 0.0503971018, 0.0521961227, 0.0538952202, 0.0554772653, 0.0569343902, 0.0582703091, 0.0594971851, 0.0606300607, 0.0616825894, 0.0626649633, 0.0635836944, 0.0644426197, 0.0652441457, 0.0659906417, 0.0666849017, 0.0673294514, 0.0679240972, 0.0684637204, 0.0689410642, 0.0693503693, 0.0696863383, 0.0699434727, 0.0701160803, 0.0701988563, 0.0701877624, 0.0700809062, 0.0698791519, 0.0695864111, 0.0692092478, 0.0687557384, 0.0682335794, 0.0676488429, 0.067009747] (
            interpolation = "uniform"
        )
        float[] primvars:TAR_Gas_mass_fractions_8 = [6.35477004e-09, 1.02120021e-06, 7.01857498e-05, 0.00174632121, 0.0459050611, 0.636610448, 0.541764259, 0.522920907, 0.514996886, 0.511151075, 0.488241524, 0.470021635, 0.453560233, 0.435602069, 0.414432526, 0.396915317, 0.374656767, 0.341190785, 0.306900829, 0.288442522, 0.283814371, 0.282639861, 0.281422317, 0.279942483, 0.277828306, 0.274518162, 0.269244015, 0.261110663, 0.249349192, 0.233651191, 0.214372158, 0.191749528, 0.159742355, 0.0981797129, 0.047067076, 0.0182429105, 0.00385703938, 0.000329021597, 1.07767382e-05, 1.23411348e-06, 1.23725295e-06, 1.23737789e-06, 1.23751556e-06, 1.23762754e-06, 1.23771486e-06, 1.23777841e-06, 1.23781956e-06, 1.23784059e-06, 1.23784434e-06, 1.23783389e-06, 1.23781183e-06, 1.23776442e-06, 1.23757547e-06, 1.23733059e-06, 1.23707093e-06, 1.23681536e-06, 1.23657207e-06, 1.23634538e-06, 1.23613768e-06, 1.23595078e-06, 1.2357857e-06, 1.23564291e-06, 1.23552263e-06, 1.23542441e-06, 1.23534744e-06, 1.23529014e-06, 1.23525058e-06, 1.23522636e-06, 1.23521477e-06, 1.23521158e-06, 2.46684184e-09, 3.91638451e-07, 2.16831359e-05, 0.000624806271, 0.00535877794, 0.19708693, 0.232553899, 0.255911052, 0.272328913, 0.283551514, 0.256508797, 0.206560642, 0.144939274, 0.0926683396, 0.0687800869, 0.0793378502, 0.0832885206, 0.0796094388, 0.0847842097, 0.0989667699, 0.124997936, 0.165427685, 0.203726873, 0.229396611, 0.243001789, 0.247707933, 0.24580583, 0.238406479, 0.226090372, 0.209792733, 0.190000728, 0.165721953, 0.126950473, 0.0750288442, 0.040689379, 0.0218796618, 0.00644845376, 0.000901280961, 5.5871642e-05, 1.83285681e-06, 1.27110718e-06, 1.28137094e-06, 1.28993725e-06, 1.29754233e-06, 1.30407795e-06, 1.30948467e-06, 1.31373736e-06, 1.31685078e-06, 1.31889078e-06, 1.31998365e-06, 1.32031369e-06, 1.31985814e-06, 1.31923377e-06, 1.31857098e-06, 1.31791114e-06, 1.31727325e-06, 1.31666559e-06, 1.3160959e-06, 1.31556624e-06, 1.31508182e-06, 1.31464469e-06, 1.31425611e-06, 1.31390902e-06, 1.3136173e-06, 1.31337868e-06, 1.31319371e-06, 1.31306047e-06, 1.31297554e-06, 1.31293564e-06, 1.31292302e-06, 6.49990395e-10, 1.01727601e-07, 5.33956882e-06, 0.000171318956, 0.00141147431, 0.0268572196, 0.042410776, 0.0538688339, 0.0551270433, 0.0487713628, 0.0347311459, 0.0268195663, 0.0241932496, 0.0232149474, 0.0246141516, 0.0307565965, 0.0458009318, 0.070362635, 0.103934184, 0.135000795, 0.157744095, 0.179580152, 0.199574515, 0.214594826, 0.223311573, 0.225816503, 0.222564757, 0.213964909, 0.200716823, 0.183991492, 0.16389294, 0.134566471, 0.0860653296, 0.0562393107, 0.0383295342, 0.026029665, 0.0105696665, 0.00242533325, 0.000314813456, 1.08424174e-05, 1.27809869e-06, 1.29059356e-06, 1.30406431e-06, 1.31728746e-06, 1.3291567e-06, 1.34034394e-06, 1.35027994e-06, 1.35836399e-06, 1.36401718e-06, 1.3669752e-06, 1.36848371e-06, 1.3699771e-06, 1.37012091e-06, 1.37134214e-06, 1.3757948e-06, 1.37857876e-06, 1.38081657e-06, 1.38105997e-06, 1.38394557e-06, 1.38757048e-06, 1.38740927e-06, 1.39133908e-06, 1.39096824e-06, 1.39160693e-06, 1.39186864e-06, 1.39174881e-06, 1.39122676e-06, 1.39018141e-06, 1.39241263e-06, 1.39213091e-06, 1.32439448e-10, 2.07290487e-08, 1.36899735e-06, 3.5553021e-05, 0.000328856491, 0.00254913652, 0.00537184952, 0.00823646691, 0.00986105669, 0.00991474837, 0.0105648516, 0.0105183525, 0.00987954624, 0.00912991352, 0.0088705672, 0.00971414894, 0.0124610411, 0.0193754714, 0.038310159, 0.079799369, 0.120645463, 0.148768961, 0.169821918, 0.184727952, 0.193570033, 0.196443826, 0.193409428, 0.184604555, 0.171291232, 0.153571203, 0.127470434, 0.0874058902, 0.0587623455, 0.0436119772, 0.0375111885, 0.0302238129, 0.0165221188, 0.00616290653, 0.00183728756, 0.000156736074, 3.55802331e-05, 1.17380187e-05, 3.69194572e-06, 1.60627383e-06, 1.31441982e-06, 1.32314722e-06, 1.33106255e-06, 1.33656272e-06, 1.33827405e-06, 1.3391134e-06, 1.37252005e-06, 1.47971286e-06, 1.58462137e-06, 1.66400923e-06, 1.7839543e-06, 1.92950142e-06, 2.01780904e-06, 2.0127577e-06, 1.92154221e-06, 1.77256072e-06, 1.60267996e-06, 1.45320655e-06, 1.37378402e-06, 1.37868722e-06, 1.38700602e-06, 1.39611143e-06, 1.39883127e-06, 1.41627243e-06, 1.508634e-06, 1.55325188e-06, 2.27986935e-11, 3.77880216e-09, 3.17674562e-07, 5.98524457e-06, 6.27484187e-05, 0.000359356432, 0.00100615097, 0.00192138448, 0.00251742033, 0.00310461433, 0.00338229164, 0.00321568735, 0.002711843, 0.00206221431, 0.00146554201, 0.00106275652, 0.000887521426, 0.00099328428, 0.00189842784, 0.00902378839, 0.0397650525, 0.0755835921, 0.107223831, 0.132161066, 0.149217665, 0.157215118, 0.156416759, 0.148296639, 0.133805171, 0.109967336, 0.0795846358, 0.0553240776, 0.0438371114, 0.037390817, 0.0374791399, 0.0343153812, 0.0237247869, 0.0122554861, 0.00585099682, 0.00237366348, 0.00115376187, 0.00063423143, 0.000378372119, 0.000237387823, 0.000152254492, 9.74616923e-05, 6.10848729e-05, 3.69049048e-05, 2.12048526e-05, 1.14731292e-05, 5.81932727e-06, 6.41362067e-06, 7.14758289e-06, 7.06023366e-06, 6.80465519e-06, 6.7926735e-06, 6.97004907e-06, 7.14448697e-06, 7.19793979e-06, 7.03447222e-06, 6.58129329e-06, 5.83425572e-06, 4.8675488e-06, 3.81828568e-06, 2.85266924e-06, 2.09555401e-06, 1.58662783e-06, 1.36045037e-06, 1.35638686e-06, 1.36706774e-06, 3.20776392e-12, 5.52013879e-10, 5.13031573e-08, 1.13257761e-06, 9.83739392e-06, 6.04795823e-05, 0.00019324162, 0.000401889265, 0.000538747641, 0.000672269496, 0.000688100699, 0.000579214829, 0.000401698286, 0.00023193573, 0.000116295254, 5.73676407e-05, 4.011274e-05, 6.23766682e-05, 0.000137986644, 0.000268574309, 0.0043895375, 0.022548018, 0.0484462269, 0.0774385706, 0.0978529081, 0.10951744, 0.111521401, 0.104055405, 0.0857594088, 0.0665866956, 0.0501505509, 0.040725749, 0.0356982611, 0.0337055176, 0.0370871611, 0.0372199155, 0.0302654598, 0.020625513, 0.0131000271, 0.00740931742, 0.00440756464, 0.00281844148, 0.0019241625, 0.00138275453, 0.00102990284, 0.000783731462, 0.000601749751, 0.000461525662, 0.000350410643, 0.000261045323, 0.000189806393, 0.000132122223, 9.12677642e-05, 6.49521171e-05, 4.88271326e-05, 3.94064336e-05, 3.377752e-05, 3.01384207e-05, 2.79801952e-05, 2.6941605e-05, 2.63792044e-05, 2.56881085e-05, 2.44380244e-05, 2.24230007e-05, 1.96761594e-05, 1.64279136e-05, 1.30108128e-05, 9.75612966e-06, 6.92921321e-06, 4.72629154e-06, 3.56213133e-13, 6.24155241e-11, 6.25613694e-09, 2.14310035e-07, 1.62263837e-06, 8.23284336e-06, 2.73930509e-05, 5.92876822e-05, 8.02152208e-05, 9.60268153e-05, 9.0191963e-05, 6.71299495e-05, 3.98537413e-05, 1.92778261e-05, 8.1973767e-06, 8.10927213e-06, 3.47801542e-05, 0.000136223694, 0.000389728899, 0.000838667795, 0.00136130804, 0.00509215239, 0.0207492448, 0.0368418694, 0.0546163134, 0.0656127334, 0.0686931461, 0.0634075552, 0.0521400571, 0.0435705334, 0.0368293896, 0.0326708779, 0.0303574782, 0.030598335, 0.0339529514, 0.035991367, 0.0341613777, 0.0290971734, 0.0233991761, 0.0173281524, 0.0123821627, 0.00879262295, 0.00629748777, 0.00458425423, 0.00340411323, 0.0025800888, 0.00199147267, 0.00155874423, 0.00123067526, 0.000974779308, 0.000770696031, 0.000605954556, 0.000472959364, 0.000373476883, 0.000301440596, 0.000249123899, 0.000210968821, 0.000183936441, 0.000164088284, 0.000147496816, 0.000133065056, 0.000120917241, 0.000111257592, 0.000103842751, 9.79762553e-05, 9.27466754e-05, 8.73512836e-05, 8.1351056e-05, 7.47713275e-05, 6.72682218e-05, 2.99458605e-14, 5.18851021e-12, 5.34286893e-10, 2.16497771e-08, 2.71075862e-07, 1.2839198e-06, 3.02538569e-06, 6.21712161e-06, 9.62860577e-06, 1.09667171e-05, 9.8646924e-06, 7.15753731e-06, 4.2018828e-06, 2.12682494e-06, 1.86725333e-06, 1.34784505e-05, 8.27628537e-05, 0.00033772501, 0.000989887747, 0.00215549627, 0.00353969936, 0.00478289789, 0.00818762649, 0.0161137115, 0.0265947767, 0.0345488451, 0.0383946598, 0.0376594067, 0.0340691991, 0.0308658313, 0.0282601323, 0.0265617184, 0.025810007, 0.0263318606, 0.0281485599, 0.030191578, 0.0314269662, 0.0312586129, 0.029883761, 0.0274722911, 0.0245433617, 0.0215827078, 0.0188823249, 0.0165448468, 0.0145470304, 0.0128047597, 0.0112228375, 0.00972966384, 0.00829472858, 0.00692818407, 0.00566520123, 0.00454730866, 0.00361180468, 0.00288672582, 0.00239536888, 0.00212339312, 0.00196359609, 0.00183110102, 0.0016886486, 0.00152576552, 0.00134761783, 0.00116629386, 0.000994556118, 0.000842673006, 0.000717097253, 0.000620409846, 0.000551925099, 0.000508742582, 0.00048720889, 0.00048285583, 1.76551026e-15, 2.93496835e-13, 3.02823981e-11, 1.33230993e-09, 1.95639682e-08, 1.38457779e-07, 4.88266608e-07, 1.06221194e-06, 1.17070954e-06, 1.08583026e-06, 9.44644512e-07, 7.72136843e-07, 5.56918337e-07, 3.71790463e-07, 7.01793795e-07, 1.2160026e-05, 9.57316151e-05, 0.00044213378, 0.00141482567, 0.00335247885, 0.00593886944, 0.00809600111, 0.00922821835, 0.0103337569, 0.0144271869, 0.0179134868, 0.0203588028, 0.0213161726, 0.0210639946, 0.020410968, 0.0197539162, 0.0193488058, 0.0193532314, 0.0198294912, 0.0207595713, 0.0220079795, 0.0233713686, 0.0246398617, 0.0256433096, 0.0263009258, 0.0266086329, 0.0266232993, 0.0264311638, 0.0261177029, 0.0257472657, 0.0253568701, 0.0249599554, 0.0245549623, 0.0241346713, 0.0236928649, 0.0232273508, 0.0227436423, 0.0222541466, 0.0217654817, 0.0212354362, 0.0205391739, 0.0196406171, 0.0185659304, 0.0173489638, 0.0160315, 0.0146606266, 0.0132842772, 0.0119464006, 0.0106830765, 0.0095202839, 0.0084734289, 0.00754822791, 0.00674215611, 0.00604523858, 0.00544324378, 5.79009356e-17, 8.91687e-15, 9.02046938e-13, 4.20810366e-11, 6.83787749e-10, 5.44523715e-09, 2.04275246e-08, 4.80653526e-08, 8.42829024e-08, 9.75541568e-08, 1.19380687e-07, 1.60217013e-07, 1.01580888e-07, 1.04643831e-07, 1.28052235e-07, 1.55902484e-07, 2.49056853e-07, 1.33740941e-05, 0.000297929713, 0.00189861725, 0.0059442739, 0.0105377911, 0.0129901478, 0.0132564474, 0.0128177507, 0.0131185558, 0.0138465706, 0.0144310333, 0.0148079311, 0.0150810741, 0.0153997885, 0.0158435926, 0.0164159536, 0.0170942601, 0.0178623386, 0.0186980218, 0.0195752997, 0.0204651579, 0.021336833, 0.0221669152, 0.0229396261, 0.0236434061, 0.0242745858, 0.0248365756, 0.0253359135, 0.0257793106, 0.0261719972, 0.0265171863, 0.0268163346, 0.0270697735, 0.0272775441, 0.027439896, 0.0275571086, 0.0276281722, 0.0276493076, 0.0276155081, 0.0275228173, 0.0273678489, 0.02714766, 0.0268600229, 0.0265040137, 0.026080573, 0.0255928263, 0.0250461213, 0.0244477354, 0.0238062683, 0.0231307447, 0.0224294662, 0.0217094198, 0.0209782589] (
            interpolation = "uniform"
        )
        float[] primvars:TAR0_Gas_mass_fractions_9 = [0, 0, 0, 0, 0, 0, 0, 0, 0, 0, 0, 0, 0, 0, 0, 0, 0, 0, 0, 0, 0, 0, 0, 0, 0, 0, 0, 0, 0, 0, 0, 0, 0, 0, 0, 0, 0, 0, 0, 0, 0, 0, 0, 0, 0, 0, 0, 0, 0, 0, 0, 0, 0, 0, 0, 0, 0, 0, 0, 0, 0, 0, 0, 0, 0, 0, 0, 0, 0, 0, 0, 0, 0, 0, 0, 0, 0, 0, 0, 0, 0, 0, 0, 0, 0, 0, 0, 0, 0, 0, 0, 0, 0, 0, 0, 0, 0, 0, 0, 0, 0, 0, 0, 0, 0, 0, 0, 0, 0, 0, 0, 0, 0, 0, 0, 0, 0, 0, 0, 0, 0, 0, 0, 0, 0, 0, 0, 0, 0, 0, 0, 0, 0, 0, 0, 0, 0, 0, 0, 0, 0, 0, 0, 0, 0, 0, 0, 0, 0, 0, 0, 0, 0, 0, 0, 0, 0, 0, 0, 0, 0, 0, 0, 0, 0, 0, 0, 0, 0, 0, 0, 0, 0, 0, 0, 0, 0, 0, 0, 0, 0, 0, 0, 0, 0, 0, 0, 0, 0, 0, 0, 0, 0, 0, 0, 0, 0, 0, 0, 0, 0, 0, 0, 0, 0, 0, 0, 0, 0, 0, 0, 0, 0, 0, 0, 0, 0, 0, 0, 0, 0, 0, 0, 0, 0, 0, 0, 0, 0, 0, 0, 0, 0, 0, 0, 0, 0, 0, 0, 0, 0, 0, 0, 0, 0, 0, 0, 0, 0, 0, 0, 0, 0, 0, 0, 0, 0, 0, 0, 0, 0, 0, 0, 0, 0, 0, 0, 0, 0, 0, 0, 0, 0, 0, 0, 0, 0, 0, 0, 0, 0, 0, 0, 0, 0, 0, 0, 0, 0, 0, 0, 0, 0, 0, 0, 0, 0, 0, 0, 0, 0, 0, 0, 0, 0, 0, 0, 0, 0, 0, 0, 0, 0, 0, 0, 0, 0, 0, 0, 0, 0, 0, 0, 0, 0, 0, 0, 0, 0, 0, 0, 0, 0, 0, 0, 0, 0, 0, 0, 0, 0, 0, 0, 0, 0, 0, 0, 0, 0, 0, 0, 0, 0, 0, 0, 0, 0, 1.70186402e-12, 3.33647986e-13, 0, 0, 0, 0, 0, 0, 0, 0, 0, 0, 0, 0, 0, 0, 0, 0, 0, 0, 0, 0, 0, 0, 0, 0, 0, 0, 0, 0, 0, 0, 0, 0, 0, 0, 0, 0, 0, 0, 0, 0, 0, 0, 0, 0, 0, 0, 0, 0, 0, 0, 0, 0, 0, 0, 0, 0, 0, 0, 0, 0, 0, 0, 0, 0, 0, 0, 0, 0, 3.82092958e-13, 4.47955393e-13, 0, 0, 0, 0, 0, 0, 0, 0, 0, 0, 0, 0, 0, 0, 0, 0, 0, 0, 0, 0, 0, 0, 0, 0, 0, 0, 0, 0, 0, 0, 0, 0, 0, 0, 0, 0, 0, 0, 0, 0, 0, 0, 0, 0, 0, 0, 0, 0, 0, 0, 0, 0, 0, 0, 0, 0, 0, 0, 0, 0, 0, 0, 0, 0, 0, 0, 0, 0, 0, 0, 0, 0, 0, 0, 0, 0, 0, 0, 0, 0, 0, 0, 0, 0, 0, 0, 0, 0, 0, 0, 0, 0, 0, 0, 0, 0, 0, 0, 0, 0, 0, 0, 0, 0, 0, 0, 0, 0, 0, 0, 0, 0, 0, 0, 0, 0, 0, 0, 0, 0, 0, 0, 0, 0, 0, 0, 0, 0, 0, 0, 0, 0, 0, 0, 0, 0, 0, 0, 0, 3.54084167e-14, 0, 0, 0, 0, 0, 0, 0, 0, 0, 0, 0, 0, 0, 0, 0, 0, 0, 0, 0, 0, 0, 0, 0, 0, 0, 0, 0, 0, 0, 0, 0, 0, 0, 0, 0, 0, 0, 0, 0, 0, 0, 0, 0, 0, 0, 0, 0, 0, 0, 0, 0, 0, 0, 0, 0, 0, 0, 0, 0, 0, 0, 0, 0, 0, 0, 0, 0, 0, 0, 0, 0, 0, 0, 0, 0, 0, 0, 0, 0, 0, 0, 0, 0, 0, 0, 0, 0, 0, 0, 0, 0, 0, 0, 0, 0, 0, 0, 0, 0, 0, 0, 0, 0, 0, 0, 0, 0, 0, 0, 0, 0, 0, 0, 0, 0, 0, 0, 0, 0, 0, 0, 0, 0, 0, 0, 0, 0, 0, 0, 0, 0] (
            interpolation = "uniform"
        )
        float[] primvars:BIOMASS_Solids_mass_fractions_1_1 = [0, 0, 0, 0, 5.30144355e-08, 0.045732893, 0.000533059414, 6.83988692e-05, 3.28499118e-05, 2.19309532e-05, 0, 9.57584945e-08, 9.48749417e-08, 8.76193624e-08, 9.45418819e-08, 9.24756236e-08, 9.106612e-08, 8.93443257e-08, 8.79378348e-08, 8.69111503e-08, 8.60468816e-08, 8.52199946e-08, 8.4360714e-08, 8.34714271e-08, 8.26724076e-08, 8.22516597e-08, 8.26165234e-08, 8.40102174e-08, 8.61177156e-08, 8.80809097e-08, 8.90334988e-08, 8.85574707e-08, 8.6622471e-08, 8.32383265e-08, 7.92849306e-08, 7.92849875e-08, 7.94852255e-08, 8.04931375e-08, 8.35768859e-08, 8.7146006e-08, 8.8148532e-08, 9.17831997e-08, 8.82494717e-08, 8.87824498e-08, 9.12599702e-08, 0, 0, 0, 0, 0, 0, 0, 0, 0, 0, 0, 0, 0, 0, 0, 0, 0, 0, 0, 0, 0, 0, 0, 0, 0, 0, 0, 0, 0, 5.18778052e-08, 1.34638638e-08, 0, 9.83058968e-08, 4.54688092e-08, 7.86711709e-08, 8.2575049e-08, 8.1192951e-08, 8.0691251e-08, 7.92760275e-08, 7.79417135e-08, 7.6369929e-08, 7.37721919e-08, 7.23384872e-08, 7.41551531e-08, 7.71617437e-08, 7.96681476e-08, 8.10627014e-08, 8.1754834e-08, 8.21651369e-08, 8.26125586e-08, 8.33270306e-08, 8.44022026e-08, 8.57323457e-08, 8.70425367e-08, 8.80145734e-08, 8.83663489e-08, 8.78462529e-08, 8.55282067e-08, 8.1501689e-08, 7.97300785e-08, 7.97301283e-08, 8.0132935e-08, 8.12502918e-08, 8.40056558e-08, 8.75042758e-08, 9.20727885e-08, 9.66421112e-08, 9.01827093e-08, 9.25680368e-08, 0, 0, 0, 0, 0, 0, 0, 0, 0, 0, 0, 0, 0, 0, 0, 0, 0, 0, 0, 0, 0, 0, 0, 0, 0, 0, 0, 0, 0, 0, 0, 0, 3.79150897e-08, 0, 2.41619205e-06, 9.47090442e-08, 8.48990709e-08, 8.31597688e-08, 8.51227497e-08, 8.429339e-08, 8.41389252e-08, 8.40627763e-08, 8.38080823e-08, 8.30331217e-08, 8.21753758e-08, 8.24958732e-08, 8.28849878e-08, 8.32320595e-08, 8.35513205e-08, 8.38943279e-08, 8.43196801e-08, 8.4867068e-08, 8.55305586e-08, 8.62507576e-08, 8.69324168e-08, 8.7442352e-08, 8.75198509e-08, 8.65859207e-08, 8.40383692e-08, 8.06127289e-08, 8.02678954e-08, 8.02679594e-08, 8.08171308e-08, 8.20438046e-08, 8.46120969e-08, 8.79402364e-08, 0, 0, 9.15131864e-08, 9.34340321e-08, 0, 0, 0, 0, 0, 0, 0, 0, 0, 0, 0, 0, 0, 0, 0, 0, 0, 0, 0, 0, 0, 0, 0, 0, 0, 0, 0, 0, 0, 0, 0, 0, 0, 0, 0, 9.51857402e-08, 8.35560883e-08, 8.51770494e-08, 8.54906759e-08, 8.55854054e-08, 8.5653852e-08, 8.56809379e-08, 8.56533404e-08, 8.55602735e-08, 8.53423927e-08, 8.50400781e-08, 8.49494128e-08, 8.49183905e-08, 8.49375255e-08, 8.5015607e-08, 8.51671729e-08, 8.54016164e-08, 8.57179856e-08, 8.61021263e-08, 8.65058638e-08, 8.67701786e-08, 8.64181047e-08, 8.49115551e-08, 8.2792198e-08, 8.06830656e-08, 8.08223177e-08, 8.08223959e-08, 8.15727077e-08, 8.28916029e-08, 8.54777156e-08, 0, 0, 0, 9.26255836e-08, 0, 0, 0, 0, 0, 0, 0, 0, 0, 0, 0, 0, 0, 0, 0, 0, 0, 0, 0, 0, 0, 0, 0, 0, 0, 0, 0, 0, 0, 0, 0, 0, 0, 0, 0, 0, 9.14141509e-08, 8.49236201e-08, 8.53599005e-08, 8.55911537e-08, 8.57554596e-08, 8.58709157e-08, 8.59248388e-08, 8.59200355e-08, 8.58678533e-08, 8.57797673e-08, 8.56479616e-08, 8.54981579e-08, 8.5381096e-08, 8.52984243e-08, 8.52581152e-08, 8.5277108e-08, 8.5369841e-08, 8.55442721e-08, 8.57917186e-08, 8.60162004e-08, 8.58514042e-08, 8.51210586e-08, 8.38088781e-08, 8.20213373e-08, 8.11905139e-08, 8.10064478e-08, 8.14406178e-08, 8.23879205e-08, 8.38343226e-08, 8.68553229e-08, 0, 0, 0, 0, 0, 0, 0, 0, 0, 0, 0, 0, 0, 0, 0, 0, 0, 0, 0, 0, 0, 0, 0, 0, 0, 0, 0, 0, 0, 0, 0, 0, 0, 0, 0, 0, 0, 0, 0, 6.4067315e-08, 8.34368237e-08, 8.52385682e-08, 8.55192042e-08, 8.57539959e-08, 8.59196376e-08, 8.60212879e-08, 8.60472724e-08, 8.60030269e-08, 8.58997637e-08, 8.57514806e-08, 8.55760547e-08, 8.54099014e-08, 8.52775841e-08, 8.51540563e-08, 8.50822275e-08, 8.51172288e-08, 8.5170349e-08, 8.52773141e-08, 8.5377323e-08, 8.53303419e-08, 8.49374047e-08, 8.41618188e-08, 8.30176177e-08, 8.19385377e-08, 8.18654584e-08, 8.18654939e-08, 8.2181451e-08, 8.32129032e-08, 8.47637267e-08, 0, 0, 0, 0, 0, 0, 0, 0, 0, 0, 0, 0, 0, 0, 0, 0, 0, 0, 0, 0, 0, 0, 0, 0, 0, 0, 0, 0, 0, 0, 0, 0, 0, 0, 0, 0, 0, 0, 0, 0, 9.44823455e-08, 7.94775517e-08, 8.56366924e-08, 8.56296509e-08, 8.586332e-08, 8.60181473e-08, 8.61036114e-08, 8.61096652e-08, 8.60399894e-08, 8.58988258e-08, 8.56892797e-08, 8.5424908e-08, 8.51427018e-08, 8.49156976e-08, 8.48225383e-08, 8.48552801e-08, 8.48764117e-08, 8.48835526e-08, 8.48973656e-08, 8.48512585e-08, 8.46498907e-08, 8.41803569e-08, 8.34867322e-08, 8.27345659e-08, 8.23785626e-08, 8.25358342e-08, 8.26507929e-08, 8.27520239e-08, 8.3467512e-08, 8.48023802e-08, 0, 9.57269393e-08, 0, 0, 1.13097454e-09, 1.20765273e-10, 1.93125489e-21, 4.58138978e-11, 7.77722817e-11, 7.79147526e-13, 3.31821688e-11, 7.54314233e-12, 2.5741939e-12, 4.23995051e-36, 1.21365261e-14, 5.37060817e-15, 8.92744351e-16, 1.31772179e-14, 1.19587769e-11, 2.2995469e-14, 2.62660851e-14, 2.63866975e-14, 1.24696116e-27, 3.78442791e-39, 4.69770039e-28, 0, 2.83723353e-28, 2.38971576e-13, 0, 1.0232981e-28, 6.24171057e-14, 0, 0, 0, 0, 0, 0, 0, 0, 0, 0, 7.59601306e-08, 8.65190586e-08, 8.56876454e-08, 8.5903217e-08, 8.6058364e-08, 8.61566178e-08, 8.61815934e-08, 8.61302496e-08, 8.60007177e-08, 8.57913349e-08, 8.5510294e-08, 8.51931432e-08, 8.48979411e-08, 8.46366603e-08, 8.4594511e-08, 8.45813375e-08, 8.45467625e-08, 8.44917594e-08, 8.43689278e-08, 8.4123684e-08, 8.37236058e-08, 8.3289585e-08, 8.30123739e-08, 8.30071158e-08, 8.30140081e-08, 8.27657445e-08, 8.27657445e-08, 8.35502121e-08, 8.48207975e-08, 9.47807024e-08, 9.30967659e-08, 9.05074131e-08, 9.01775863e-08, 8.95981529e-08, 8.92150283e-08, 8.86336053e-08, 8.83419062e-08, 8.83644304e-08, 3.87533561e-08, 5.42820473e-08, 5.42840013e-08, 4.04701268e-08, 5.24597894e-08, 1.82037496e-08, 5.085246e-08, 6.15503666e-08, 1.27842856e-08, 2.2995469e-14, 7.12591017e-08, 7.44649853e-08, 2.83353074e-08, 1.24696106e-27, 2.0464217e-08, 8.42003658e-08, 8.56943672e-08, 8.62320206e-08, 8.64712604e-08, 8.66217675e-08, 8.67093632e-08, 8.67076011e-08, 8.67132499e-08, 0, 0, 0, 0, 0, 0, 0, 0, 3.65936721e-08, 3.51523965e-08, 9.5959912e-08, 8.5776044e-08, 8.58556604e-08, 8.60135572e-08, 8.61611156e-08, 8.62564562e-08, 8.62825686e-08, 8.6235687e-08, 8.6124551e-08, 8.59616947e-08, 8.5754877e-08, 8.55020588e-08, 8.51916795e-08, 8.47325694e-08, 8.43879704e-08, 8.43229557e-08, 8.42516883e-08, 8.4136488e-08, 8.39651193e-08, 8.37662455e-08, 8.36345819e-08, 8.36201437e-08, 8.36641121e-08, 8.37472669e-08, 8.42525125e-08, 8.46114929e-08, 8.50611244e-08, 8.50762234e-08, 8.52639275e-08, 8.66866543e-08, 8.69318271e-08, 8.69373977e-08, 8.69417391e-08, 8.69459242e-08, 8.69491643e-08, 8.69522196e-08, 8.69549979e-08, 8.69569305e-08, 8.69564118e-08, 8.67848371e-08, 8.67848087e-08, 8.67843397e-08, 8.67833876e-08, 8.67826202e-08, 8.6781867e-08, 8.67807586e-08, 8.67791954e-08, 8.67779661e-08, 8.6776744e-08, 8.67742571e-08, 8.67709176e-08, 8.6768253e-08, 8.67676135e-08, 8.67666472e-08, 8.67654677e-08, 8.67639969e-08, 8.67625474e-08, 8.67612329e-08, 8.67602097e-08, 8.67596981e-08, 0, 0, 0, 0, 0, 0, 0, 0, 0, 3.65937787e-08, 0, 4.41177894e-09, 8.5777387e-08, 8.56349018e-08, 8.58601368e-08, 8.61310525e-08, 8.63433698e-08, 8.6446768e-08, 8.64485941e-08, 8.63776251e-08, 8.62556107e-08, 8.6090111e-08, 8.58836273e-08, 8.56474571e-08, 8.53674251e-08, 8.50925517e-08, 8.49619539e-08, 8.48900683e-08, 8.48431227e-08, 8.48224175e-08, 8.48293169e-08, 8.4855337e-08, 8.48076596e-08, 8.48119015e-08, 8.48640767e-08, 8.49704378e-08, 8.50610888e-08, 8.50610888e-08, 8.50761808e-08, 8.52636006e-08, 8.66843095e-08, 8.68145591e-08, 8.68187939e-08, 8.68223253e-08, 8.68255086e-08, 8.6828102e-08, 8.6829715e-08, 8.68299068e-08, 8.68299139e-08, 8.68294165e-08, 8.66332783e-08, 8.66305925e-08, 8.6628468e-08, 8.66264429e-08, 8.66246168e-08, 8.66228405e-08, 8.6621128e-08, 8.66195222e-08, 8.66177672e-08, 8.66160477e-08, 8.66144632e-08, 8.66132339e-08, 8.66119194e-08, 8.66106618e-08, 8.66093046e-08, 8.66079688e-08, 8.6606704e-08, 8.6605489e-08, 8.66043592e-08, 8.66040892e-08] (
            interpolation = "uniform"
        )
        float[] primvars:MOISTURE_Solids_mass_fractions_1_2 = [0, 0, 0, 0, 0, 0, 0, 0, 0, 0, 0, 0, 0, 0, 0, 0, 0, 0, 0, 0, 0, 0, 0, 0, 0, 0, 0, 0, 0, 0, 0, 0, 0, 0, 0, 0, 0, 0, 0, 0, 0, 0, 0, 0, 0, 0, 0, 0, 0, 0, 0, 0, 0, 0, 0, 0, 0, 0, 0, 0, 0, 0, 0, 0, 0, 0, 0, 0, 0, 0, 0, 0, 0, 0, 0, 0, 0, 0, 0, 0, 0, 0, 0, 0, 0, 0, 0, 0, 0, 0, 0, 0, 0, 0, 0, 0, 0, 0, 0, 0, 0, 0, 0, 0, 0, 0, 0, 0, 0, 0, 0, 0, 0, 0, 0, 0, 0, 0, 0, 0, 0, 0, 0, 0, 0, 0, 0, 0, 0, 0, 0, 0, 0, 0, 0, 0, 0, 0, 0, 0, 0, 0, 0, 0, 0, 0, 0, 0, 0, 0, 0, 0, 0, 0, 0, 0, 0, 0, 0, 0, 0, 0, 0, 0, 0, 0, 0, 0, 0, 0, 0, 0, 0, 0, 0, 0, 0, 0, 0, 0, 0, 0, 0, 0, 0, 0, 0, 0, 0, 0, 0, 0, 0, 0, 0, 0, 0, 0, 0, 0, 0, 0, 0, 0, 0, 0, 0, 0, 0, 0, 0, 0, 0, 0, 0, 0, 0, 0, 0, 0, 0, 0, 0, 0, 0, 0, 0, 0, 0, 0, 0, 0, 0, 0, 0, 0, 0, 0, 0, 0, 0, 0, 0, 0, 0, 0, 0, 0, 0, 0, 0, 0, 0, 0, 0, 0, 0, 0, 0, 0, 0, 0, 0, 0, 0, 0, 0, 0, 0, 0, 0, 0, 0, 0, 0, 0, 0, 0, 0, 0, 0, 0, 0, 0, 0, 0, 0, 0, 0, 0, 0, 0, 0, 0, 0, 0, 0, 0, 0, 0, 0, 0, 0, 0, 0, 0, 0, 0, 0, 0, 0, 0, 0, 0, 0, 0, 0, 0, 0, 0, 0, 0, 0, 0, 0, 0, 0, 0, 0, 0, 0, 0, 0, 0, 0, 0, 0, 0, 0, 0, 0, 0, 0, 0, 0, 0, 0, 0, 0, 0, 0, 0, 0, 0, 0, 0, 0, 0, 0, 0, 0, 0, 0, 0, 0, 0, 0, 0, 0, 0, 0, 0, 0, 0, 0, 0, 0, 0, 0, 0, 0, 0, 0, 0, 0, 0, 0, 0, 0, 0, 0, 0, 0, 0, 0, 0, 0, 0, 0, 0, 0, 0, 0, 0, 0, 0, 0, 0, 0, 0, 0, 0, 0, 0, 0, 0, 0, 0, 0, 0, 0, 0, 0, 0, 0, 0, 0, 0, 0, 0, 0, 0, 0, 0, 0, 0, 0, 0, 0, 0, 0, 0, 0, 0, 0, 0, 0, 0, 0, 0, 0, 0, 0, 0, 0, 0, 0, 0, 0, 0, 0, 0, 0, 0, 0, 0, 0, 0, 0, 0, 0, 0, 0, 0, 0, 0, 0, 0, 0, 0, 0, 0, 0, 0, 0, 0, 0, 0, 0, 0, 0, 0, 0, 0, 0, 0, 0, 0, 0, 0, 0, 0, 0, 0, 0, 0, 0, 0, 0, 0, 0, 0, 0, 0, 0, 0, 0, 0, 0, 0, 0, 0, 0, 0, 0, 0, 0, 0, 0, 0, 0, 0, 0, 0, 0, 0, 0, 0, 0, 0, 0, 0, 0, 0, 0, 0, 0, 0, 0, 0, 0, 0, 0, 0, 0, 0, 0, 0, 0, 0, 0, 0, 0, 0, 0, 0, 0, 0, 0, 0, 0, 0, 0, 0, 0, 0, 0, 0, 0, 0, 0, 0, 0, 0, 0, 0, 0, 0, 0, 0, 0, 0, 0, 0, 0, 0, 0, 0, 0, 0, 0, 0, 0, 0, 0, 0, 0, 0, 0, 0, 0, 0, 0, 0, 0, 0, 0, 0, 0, 0, 0, 0, 0, 0, 0, 0, 0, 0, 0, 0, 0, 0, 0, 0, 0, 0, 0, 0, 0, 0, 0, 0, 0, 0, 0, 0, 0, 0, 0, 0, 0, 0, 0, 0, 0, 0, 0, 0, 0, 0, 0, 0, 0, 0, 0, 0, 0, 0, 0, 0, 0, 0, 0, 0, 0, 0, 0, 0, 0, 0, 0, 0, 0, 0, 0, 0, 0, 0, 0, 0, 0, 0, 0, 0, 0, 0, 0, 0, 0, 0] (
            interpolation = "uniform"
        )
        float[] primvars:CHAR_Solids_mass_fractions_1_3 = [0, 0, 0, 0, 0.742167711, 0.732282937, 0.768835902, 0.764720917, 0.761528611, 0.757885933, 0.754315794, 0.751554132, 0.750218868, 0.750123262, 0.750729918, 0.751580954, 0.75245595, 0.753270507, 0.753980577, 0.754567921, 0.755036652, 0.755412638, 0.755711257, 0.755931079, 0.756044567, 0.755988121, 0.755672395, 0.755045354, 0.754204273, 0.753457367, 0.753228307, 0.753735363, 0.754723728, 0.755708158, 0.756782591, 0.756782413, 0.756804168, 0.756733537, 0.755380809, 0.754323423, 0.753524244, 0.740602195, 0.751048386, 0.75029248, 0.743941903, 0, 0, 0, 0, 0, 0, 0, 0, 0, 0, 0, 0, 0, 0, 0, 0, 0, 0, 0, 0, 0, 0, 0, 0, 0, 0, 0, 0, 0, 0.747814417, 0.644894242, 0.766280591, 0.743012309, 0.722158849, 0.608351409, 0.685847163, 0.724204302, 0.739116967, 0.74555707, 0.748648643, 0.750332654, 0.751283944, 0.752000093, 0.752533555, 0.752973378, 0.753370285, 0.753647804, 0.753797948, 0.753823221, 0.753722072, 0.753496647, 0.753169239, 0.752802014, 0.75251025, 0.752459884, 0.752794683, 0.753477156, 0.754649103, 0.75616467, 0.756778121, 0.756777942, 0.756780148, 0.756689787, 0.755481064, 0.753515124, 0.743388414, 0.727148056, 0.745826721, 0.739797473, 0, 0, 0, 0, 0, 0, 0, 0, 0, 0, 0, 0, 0, 0, 0, 0, 0, 0, 0, 0, 0, 0, 0, 0, 0, 0, 0, 0, 0, 0, 0, 0, 0, 0, 0.391451478, 0.0583387762, 0.66472733, 0.733696342, 0.747077823, 0.750730157, 0.751850128, 0.752116978, 0.751981258, 0.751386583, 0.750800908, 0.751272798, 0.751696646, 0.752014399, 0.752229095, 0.752349198, 0.752385259, 0.752350926, 0.752269149, 0.752183557, 0.752174079, 0.752352536, 0.75282228, 0.753720164, 0.75510484, 0.756544471, 0.756766677, 0.756766498, 0.756746292, 0.756602407, 0.755209804, 0.752648771, 0.666766286, 0.708097816, 0.74233973, 0.737622917, 0, 0, 0, 0, 0, 0, 0, 0, 0, 0, 0, 0, 0, 0, 0, 0, 0, 0, 0, 0, 0, 0, 0, 0, 0, 0, 0, 0, 0, 0, 0, 0, 0, 0, 0, 0.36031428, 0.717190325, 0.747421086, 0.753119409, 0.754537165, 0.754945397, 0.755024552, 0.754930317, 0.754696846, 0.754241645, 0.753660679, 0.75344187, 0.753278792, 0.753133833, 0.752992094, 0.752845049, 0.752686679, 0.752521276, 0.752381086, 0.752353847, 0.75258255, 0.753298759, 0.754499972, 0.755674481, 0.756688476, 0.756749868, 0.75674963, 0.756700218, 0.756460309, 0.754570723, 0.690778971, 0.670967042, 0.568740308, 0.739605546, 0, 0, 0, 0, 0, 0, 0, 0, 0, 0, 0, 0, 0, 0, 0, 0, 0, 0, 0, 0, 0, 0, 0, 0, 0, 0, 0, 0, 0, 0, 0, 0, 0, 0, 0, 0, 0.639804006, 0.741402805, 0.753321171, 0.755293071, 0.755625248, 0.755656064, 0.755592942, 0.755472183, 0.755316257, 0.755140781, 0.754903793, 0.754592061, 0.754288793, 0.753997207, 0.753712118, 0.753424525, 0.753121018, 0.752826452, 0.752614319, 0.75266546, 0.75326103, 0.754130244, 0.75512296, 0.756165922, 0.756712079, 0.756730914, 0.756725252, 0.756644964, 0.756280959, 0.753285229, 0.672432184, 0.65868032, 0.602377415, 0, 0, 0, 0, 0, 0, 0, 0, 0, 0, 0, 0, 0, 0, 0, 0, 0, 0, 0, 0, 0, 0, 0, 0, 0, 0, 0, 0, 0, 0, 0, 0, 0, 0, 0, 0, 0.455472946, 0.688388586, 0.746544898, 0.754584074, 0.755671799, 0.755807221, 0.755774438, 0.755662262, 0.755483985, 0.755260289, 0.755017996, 0.75477916, 0.754567504, 0.754381657, 0.754160821, 0.753907859, 0.753593147, 0.753250778, 0.752994895, 0.752995431, 0.753339946, 0.754021764, 0.754831076, 0.755711317, 0.756474197, 0.756694615, 0.756694496, 0.756691635, 0.756601512, 0.756299376, 0.680255711, 0.667340755, 0.600702167, 0.627520025, 0, 0, 0, 0, 0, 0, 0, 0, 0, 0, 0, 0, 0, 0, 0, 0, 0, 0, 0, 0, 0, 0, 0, 0, 0, 0, 0, 0, 0, 0, 0, 0, 0, 0, 0, 0, 0.484159768, 0.68662864, 0.745409906, 0.754579246, 0.75578028, 0.755925238, 0.755878091, 0.75574398, 0.755538404, 0.755282581, 0.755002439, 0.754719675, 0.754441261, 0.754176915, 0.754051268, 0.753885329, 0.753637493, 0.753431141, 0.753399372, 0.75362736, 0.754095972, 0.754768372, 0.755494535, 0.7561782, 0.756588221, 0.756664097, 0.756664038, 0.756665349, 0.756606042, 0.756473541, 0.674916506, 0.731785297, 0.573102772, 0.603836, 0.0075768875, 0.000865138543, 1.37543734e-14, 0.000325271365, 0.000579250976, 5.72246427e-06, 0.000252127735, 5.63983085e-05, 2.02375177e-05, 0, 9.9982806e-08, 4.68825441e-08, 7.79318299e-09, 1.05156268e-07, 9.55120559e-05, 1.88913603e-07, 2.16232294e-07, 2.18530943e-07, 0, 0, 0, 0, 0, 1.80440168e-06, 0, 1.29916997e-18, 4.42505154e-07, 0, 0, 0, 0, 0, 0, 0, 0, 0, 0.182814762, 0.632348537, 0.734174311, 0.753557205, 0.755771577, 0.756047726, 0.756025374, 0.755910099, 0.755720496, 0.755484164, 0.755241275, 0.755016446, 0.754797399, 0.754544914, 0.754206002, 0.754011631, 0.753899574, 0.753888488, 0.75404495, 0.754383981, 0.75487113, 0.755462945, 0.756016493, 0.756412864, 0.756586075, 0.756611824, 0.756664038, 0.756664038, 0.756609023, 0.756534815, 0.733050466, 0.737559557, 0.74485898, 0.745756745, 0.74733603, 0.748336554, 0.749911129, 0.75073421, 0.750615835, 0.336380303, 0.469943672, 0.470570296, 0.351709425, 0.454624146, 0.15871565, 0.441424102, 0.532701015, 0.111526377, 1.97271319e-07, 0.615969419, 0.642412186, 0.246982887, 0, 0.178451598, 0.725131035, 0.737206399, 0.742698669, 0.745321035, 0.747124076, 0.748369694, 0.748934448, 0.749420702, 0, 0, 0, 0, 0, 0, 0, 0, 2.98058535e-06, 0.0393887572, 0.657093346, 0.747870862, 0.75531894, 0.75614959, 0.756212831, 0.756163716, 0.756027997, 0.75582844, 0.755633652, 0.755503833, 0.75543642, 0.75536567, 0.755198479, 0.754859746, 0.754546463, 0.75459975, 0.754813492, 0.755143583, 0.755546331, 0.755957901, 0.756271005, 0.756456852, 0.756513536, 0.756533384, 0.756495237, 0.756468117, 0.756437063, 0.756436348, 0.75642544, 0.756391168, 0.756558597, 0.756551564, 0.756547034, 0.756542325, 0.756539106, 0.756535769, 0.756532192, 0.756529152, 0.756531, 0.755242527, 0.755231857, 0.755223691, 0.755216122, 0.755210221, 0.755204737, 0.755201519, 0.75519985, 0.755197942, 0.755196631, 0.755199075, 0.755204797, 0.755209148, 0.755208611, 0.75520885, 0.755209982, 0.75521183, 0.755213916, 0.755215883, 0.755217195, 0.755217254, 0, 0, 0, 0, 0, 0, 0, 0, 0, 9.74487335e-08, 0, 0.571519315, 0.749373376, 0.755853534, 0.756270945, 0.756413519, 0.756472647, 0.756335378, 0.75606817, 0.755836487, 0.755748391, 0.755775213, 0.75582689, 0.755837023, 0.755793631, 0.755781829, 0.755859196, 0.755988777, 0.756133914, 0.756260276, 0.756344974, 0.756400824, 0.756425321, 0.756439388, 0.756444514, 0.756441116, 0.756437123, 0.756437123, 0.756436467, 0.756426394, 0.756397784, 0.756903172, 0.756898344, 0.75689429, 0.756890595, 0.756887496, 0.756885409, 0.756885171, 0.756885171, 0.756886542, 0.755649745, 0.755647123, 0.755645037, 0.755643189, 0.755641997, 0.755640924, 0.755640388, 0.755640149, 0.755640566, 0.755641699, 0.75564301, 0.755644202, 0.755645394, 0.755646765, 0.755648255, 0.755650043, 0.755651891, 0.755653739, 0.755655527, 0.755656302] (
            interpolation = "uniform"
        )
        float[] primvars:ASH_Solids_mass_fractions_1_4 = [1, 1, 1, 1, 0.257832229, 0.221984148, 0.230631053, 0.235210687, 0.238438547, 0.242092162, 0.245684281, 0.248445749, 0.249781027, 0.249876618, 0.249269992, 0.248418942, 0.247543946, 0.246729374, 0.246019363, 0.245432004, 0.244963259, 0.244587302, 0.244288683, 0.244068816, 0.243955359, 0.24401179, 0.244327515, 0.244954571, 0.245795622, 0.246542558, 0.246771589, 0.246264547, 0.245276198, 0.244291753, 0.243217349, 0.243217528, 0.243195772, 0.243266404, 0.244619131, 0.245676473, 0.246475667, 0.259397715, 0.248951539, 0.24970746, 0.256058007, 1, 1, 1, 1, 1, 1, 1, 1, 1, 1, 1, 1, 1, 1, 1, 1, 1, 1, 1, 1, 1, 1, 1, 1, 1, 1, 1, 1, 1, 0.252185524, 0.355105728, 0.233719468, 0.256987572, 0.277841091, 0.391648501, 0.314152718, 0.275795639, 0.260882914, 0.254442841, 0.251351297, 0.249667242, 0.248716012, 0.247999832, 0.24746637, 0.247026563, 0.24662964, 0.246352106, 0.246201947, 0.246176705, 0.246277824, 0.246503264, 0.246830702, 0.247197866, 0.247489646, 0.247540057, 0.247205228, 0.246522754, 0.245350808, 0.243835285, 0.243221819, 0.243221968, 0.243219778, 0.243310139, 0.244518861, 0.246484786, 0.256611496, 0.272851855, 0.254173189, 0.260202408, 1, 1, 1, 1, 1, 1, 1, 1, 1, 1, 1, 1, 1, 1, 1, 1, 1, 1, 1, 1, 1, 1, 1, 1, 1, 1, 1, 1, 1, 1, 1, 1, 0.99999994, 1, 0.608546078, 0.941661119, 0.33527258, 0.266303599, 0.252922118, 0.249269769, 0.248149768, 0.247882918, 0.248018652, 0.248613343, 0.249199033, 0.248727098, 0.248303249, 0.247985497, 0.247770831, 0.247650698, 0.247614637, 0.247648984, 0.247730747, 0.247816384, 0.247825831, 0.247647405, 0.247177601, 0.246279731, 0.244895071, 0.243455455, 0.243233249, 0.243233427, 0.243253618, 0.243397504, 0.244790107, 0.247351125, 0.333233714, 0.291902155, 0.257660151, 0.262376964, 1, 1, 1, 1, 1, 1, 1, 1, 1, 1, 1, 1, 1, 1, 1, 1, 1, 1, 1, 1, 1, 1, 1, 1, 1, 1, 1, 1, 1, 1, 1, 1, 1, 1, 1, 0.639685631, 0.282809585, 0.252578855, 0.246880487, 0.245462745, 0.245054528, 0.244975373, 0.245069593, 0.245303094, 0.24575825, 0.246339247, 0.246558011, 0.246721148, 0.246866107, 0.247007832, 0.247154847, 0.247313216, 0.247478664, 0.247618839, 0.247646078, 0.247417331, 0.246701151, 0.245499969, 0.244325414, 0.24331145, 0.243250072, 0.24325031, 0.243299708, 0.243539587, 0.245429218, 0.309220999, 0.329032928, 0.431259662, 0.260394365, 1, 1, 1, 1, 1, 1, 1, 1, 1, 1, 1, 1, 1, 1, 1, 1, 1, 1, 1, 1, 1, 1, 1, 1, 1, 1, 1, 1, 1, 1, 1, 1, 1, 1, 1, 1, 0.360195905, 0.258597106, 0.24667874, 0.244706854, 0.244374692, 0.244343862, 0.244406968, 0.244527757, 0.244683638, 0.244859144, 0.245096117, 0.245407879, 0.245711148, 0.246002689, 0.246287778, 0.24657537, 0.246878892, 0.247173458, 0.247385606, 0.247334465, 0.246738881, 0.245869651, 0.244876966, 0.243833974, 0.243287817, 0.243269026, 0.243274659, 0.243354961, 0.243718952, 0.246714652, 0.327567816, 0.34131971, 0.397622585, 1, 1, 1, 1, 1, 1, 1, 1, 1, 1, 1, 1, 1, 1, 1, 1, 1, 1, 1, 1, 1, 1, 1, 1, 1, 1, 1, 1, 1, 1, 1, 1, 1, 1, 1, 1, 0.544526994, 0.311611325, 0.253455013, 0.245415851, 0.244328097, 0.244192719, 0.244225487, 0.244337663, 0.244515955, 0.244739607, 0.24498193, 0.245220751, 0.245432392, 0.245618239, 0.245839089, 0.246092021, 0.246406749, 0.246749103, 0.247005001, 0.247004509, 0.246659949, 0.245978177, 0.245168835, 0.244288623, 0.243525714, 0.243305311, 0.243305415, 0.243308291, 0.243398398, 0.243700534, 0.319744319, 0.332659245, 0.399297833, 0.372479975, 1, 1, 1, 1, 1, 1, 1, 1, 1, 1, 1, 1, 1, 1, 1, 1, 1, 1, 1, 1, 1, 1, 1, 1, 1, 1, 1, 1, 1, 1, 1, 1, 1, 1, 1, 1, 0.515840113, 0.313371271, 0.254589975, 0.24542065, 0.244219631, 0.244074702, 0.24412185, 0.24425593, 0.244461522, 0.244717315, 0.244997486, 0.245280251, 0.245558679, 0.245823026, 0.245948628, 0.246114612, 0.246362418, 0.246568769, 0.246600524, 0.246372581, 0.245903924, 0.245231539, 0.244505361, 0.243821725, 0.24341169, 0.243335798, 0.243335858, 0.243334591, 0.243393853, 0.243526369, 0.325083494, 0.268214613, 0.426897258, 0.39616403, 0.992423117, 0.999134839, 1, 0.999674737, 0.999420762, 0.999994278, 0.999747872, 0.999943614, 0.999979734, 1, 0.999999881, 0.99999994, 1, 0.999999881, 0.999904513, 0.999999821, 0.999999762, 0.999999762, 1, 1, 1, 1, 1, 0.999998212, 1, 1, 0.999999583, 1, 1, 1, 1, 1, 1, 1, 1, 1, 0.817188025, 0.367651403, 0.265825599, 0.246442735, 0.244228348, 0.243952155, 0.243974566, 0.244089812, 0.244279444, 0.244515777, 0.244758666, 0.24498345, 0.245202541, 0.245455027, 0.245793939, 0.24598825, 0.246100351, 0.246111423, 0.245954946, 0.245615929, 0.245128781, 0.244536996, 0.243983418, 0.243587032, 0.243413866, 0.243388072, 0.243335858, 0.243335873, 0.243390873, 0.243465126, 0.266949445, 0.262440354, 0.25514093, 0.254243165, 0.252663881, 0.251663357, 0.250088781, 0.24926573, 0.249384061, 0.663619697, 0.530056298, 0.529429674, 0.648290515, 0.545375824, 0.841284335, 0.558575869, 0.467298895, 0.88847363, 0.999999821, 0.384030491, 0.357587725, 0.753017068, 1, 0.821548402, 0.274868906, 0.262793511, 0.257301271, 0.254678845, 0.252875865, 0.251630217, 0.251065463, 0.250579238, 1, 1, 1, 1, 1, 1, 1, 1, 0.99999696, 0.960611224, 0.342906535, 0.252129048, 0.244680986, 0.243850306, 0.24378705, 0.243836194, 0.243971914, 0.244171456, 0.244366288, 0.244496047, 0.24456349, 0.244634226, 0.244801417, 0.24514018, 0.245453477, 0.245400146, 0.245186448, 0.244856343, 0.244453594, 0.244041994, 0.243728936, 0.243543044, 0.243486375, 0.243466541, 0.243504688, 0.243531793, 0.243562862, 0.243563578, 0.243574485, 0.243608713, 0.243441299, 0.243448347, 0.243452892, 0.243457556, 0.243460804, 0.243464127, 0.243467718, 0.243470728, 0.243468925, 0.244757399, 0.244768053, 0.244776234, 0.244783789, 0.24478969, 0.244795159, 0.244798377, 0.244800076, 0.244801968, 0.244803295, 0.244800821, 0.244795114, 0.244790763, 0.244791269, 0.244791061, 0.244789928, 0.24478808, 0.244785994, 0.244784012, 0.244782701, 0.244782656, 1, 1, 1, 1, 1, 1, 1, 1, 1, 0.999999881, 1, 0.428480685, 0.250626564, 0.244146392, 0.243728995, 0.243586391, 0.243527249, 0.243664533, 0.24393177, 0.244163394, 0.244251534, 0.244224682, 0.24417302, 0.244162902, 0.244206309, 0.244218111, 0.244140729, 0.244011134, 0.243865997, 0.24373962, 0.243654966, 0.243599117, 0.243574619, 0.243560493, 0.243555412, 0.243558794, 0.243562773, 0.243562773, 0.243563443, 0.243573546, 0.243602127, 0.243096769, 0.243101582, 0.24310565, 0.243109331, 0.243112415, 0.243114531, 0.24311474, 0.243114755, 0.243113369, 0.24435018, 0.244352818, 0.244354874, 0.244356737, 0.244357914, 0.244359002, 0.244359523, 0.244359776, 0.244359359, 0.244358197, 0.244356886, 0.244355738, 0.244354546, 0.24435316, 0.24435164, 0.244349897, 0.244348034, 0.244346187, 0.244344398, 0.244343638] (
            interpolation = "uniform"
        )
        color3f[] primvars:displayColor = [(0, 0.271868169, 1), (0, 0.271938801, 1), (0, 0.273069322, 1), (0, 0.285875797, 1), (0, 0.693598509, 1), (0, 0.442927301, 1), (0, 0.184413195, 1), (0, 0.0956864282, 1), (0, 0.0340740494, 1), (0, 0, 1), (0, 0.27100262, 1), (0, 0.302833319, 1), (0, 0.301950127, 1), (0, 0.294460535, 1), (0, 0.284568638, 1), (0, 0.271585524, 1), (0, 0.255051941, 1), (0, 0.236769587, 1), (0, 0.221631452, 1), (0, 0.216314569, 1), (0, 0.224139765, 1), (0, 0.242581084, 1), (0, 0.264378577, 1), (0, 0.283084869, 1), (0, 0.295873672, 1), (0, 0.302762657, 1), (0, 0.305058986, 1), (0, 0.304140478, 1), (0, 0.300996244, 1), (0, 0.295838326, 1), (0, 0.288225114, 1), (0, 0.277697295, 1), (0, 0.266056657, 1), (0, 0.263230413, 1), (0, 0.268406004, 1), (0, 0.270525694, 1), (0, 0.270967275, 1), (0, 0.270755321, 1), (0, 0.270755321, 1), (0, 0.270772994, 1), (0, 0.270772994, 1), (0, 0.270772994, 1), (0, 0.270772994, 1), (0, 0.270772994, 1), (0, 0.270755321, 1), (0, 0.270755321, 1), (0, 0.270755321, 1), (0, 0.270755321, 1), (0, 0.270755321, 1), (0, 0.270755321, 1), (0, 0.270755321, 1), (0, 0.270755321, 1), (0, 0.270772994, 1), (0, 0.270772994, 1), (0, 0.270790637, 1), (0, 0.270790637, 1), (0, 0.270808309, 1), (0, 0.270808309, 1), (0, 0.270808309, 1), (0, 0.270825982, 1), (0, 0.270825982, 1), (0, 0.270825982, 1), (0, 0.270843625, 1), (0, 0.270843625, 1), (0, 0.270843625, 1), (0, 0.270843625, 1), (0, 0.270843625, 1), (0, 0.270843625, 1), (0, 0.270843625, 1), (0, 0.270843625, 1), (0, 0.271868169, 1), (0, 0.271885812, 1), (0, 0.272345096, 1), (0, 0.279481381, 1), (0, 1, 0.239737153), (0, 0.428442746, 1), (0, 0.411255568, 1), (0, 0.419133753, 1), (0, 0.434430867, 1), (0, 0.415388972, 1), (0, 0.370380849, 1), (0, 0.332579672, 1), (0, 0.310994148, 1), (0, 0.299883425, 1), (0, 0.294813812, 1), (0, 0.294495881, 1), (0, 0.300589979, 1), (0, 0.304264128, 1), (0, 0.302462369, 1), (0, 0.300183713, 1), (0, 0.299547791, 1), (0, 0.29972443, 1), (0, 0.300042391, 1), (0, 0.300166041, 1), (0, 0.299777418, 1), (0, 0.298805892, 1), (0, 0.297269136, 1), (0, 0.295202434, 1), (0, 0.292552829, 1), (0, 0.288914025, 1), (0, 0.283720762, 1), (0, 0.276566803, 1), (0, 0.268564969, 1), (0, 0.265509069, 1), (0, 0.269395173, 1), (0, 0.270649344, 1), (0, 0.270878971, 1), (0, 0.27043736, 1), (0, 0.270172387, 1), (0, 0.26994276, 1), (0, 0.269642472, 1), (0, 0.269324511, 1), (0, 0.269059569, 1), (0, 0.268794596, 1), (0, 0.268582642, 1), (0, 0.268406004, 1), (0, 0.268264681, 1), (0, 0.268158704, 1), (0, 0.268088043, 1), (0, 0.268052697, 1), (0, 0.268052697, 1), (0, 0.26807037, 1), (0, 0.268105716, 1), (0, 0.268141031, 1), (0, 0.268158704, 1), (0, 0.26819402, 1), (0, 0.268229365, 1), (0, 0.268247008, 1), (0, 0.268282354, 1), (0, 0.268299997, 1), (0, 0.268335342, 1), (0, 0.268352985, 1), (0, 0.268370658, 1), (0, 0.268388331, 1), (0, 0.268388331, 1), (0, 0.268406004, 1), (0, 0.268406004, 1), (0, 0.268406004, 1), (0, 0.268406004, 1), (0, 0.268406004, 1), (0, 0.271868169, 1), (0, 0.271903485, 1), (0, 0.272451073, 1), (0, 0.276761115, 1), (0, 0.298028678, 1), (0, 0.354783446, 1), (0, 0.398413777, 1), (0, 0.429520249, 1), (0.431057006, 1, 0), (0, 0.882533729, 1), (0, 0.5560835, 1), (0, 0.297958016, 1), (0, 0.281071156, 1), (0, 0.278580517, 1), (0, 0.278668821, 1), (0, 0.279711008, 1), (0, 0.281601071, 1), (0, 0.285063237, 1), (0, 0.287871838, 1), (0, 0.287589192, 1), (0, 0.287483215, 1), (0, 0.287500888, 1), (0, 0.287589192, 1), (0, 0.287659854, 1), (0, 0.287677526, 1), (0, 0.287553877, 1), (0, 0.287253588, 1), (0, 0.286741316, 1), (0, 0.285787463, 1), (0, 0.283968061, 1), (0, 0.28047058, 1), (0, 0.274623752, 1), (0, 0.268547297, 1), (0, 0.267717093, 1), (0, 0.26994276, 1), (0, 0.270666987, 1), (0, 0.270790637, 1), (0, 0.27031371, 1), (0, 0.270013422, 1), (0, 0.269766122, 1), (0, 0.26937753, 1), (0, 0.268935919, 1), (0, 0.268476635, 1), (0, 0.267999709, 1), (0, 0.267522782, 1), (0, 0.267063528, 1), (0, 0.26663959, 1), (0, 0.266286314, 1), (0, 0.266021341, 1), (0, 0.265880018, 1), (0, 0.265809357, 1), (0, 0.265721053, 1), (0, 0.265615076, 1), (0, 0.265491426, 1), (0, 0.265350103, 1), (0, 0.265208781, 1), (0, 0.265067488, 1), (0, 0.264943838, 1), (0, 0.264855504, 1), (0, 0.2647672, 1), (0, 0.264714181, 1), (0, 0.264678866, 1), (0, 0.264661193, 1), (0, 0.26464355, 1), (0, 0.264661193, 1), (0, 0.264661193, 1), (0, 0.264678866, 1), (0, 0.264696538, 1), (0, 0.264696538, 1), (0, 0.264714181, 1), (0, 0.271868169, 1), (0, 0.272009462, 1), (0, 0.273546249, 1), (0, 0.282378286, 1), (0, 0.310287565, 1), (0, 0.359146476, 1), (0, 0.407351792, 1), (0, 0.450063586, 1), (0, 0.503038228, 1), (0.748198271, 1, 0), (0, 0.404578537, 1), (0, 0.271832824, 1), (0, 0.26676324, 1), (0, 0.266992867, 1), (0, 0.26782307, 1), (0, 0.268670946, 1), (0, 0.269518822, 1), (0, 0.270508021, 1), (0, 0.272080123, 1), (0, 0.27386421, 1), (0, 0.275065362, 1), (0, 0.276142865, 1), (0, 0.277149707, 1), (0, 0.278174251, 1), (0, 0.27916342, 1), (0, 0.280081958, 1), (0, 0.280965179, 1), (0, 0.281707048, 1), (0, 0.281954348, 1), (0, 0.280947506, 1), (0, 0.277556002, 1), (0, 0.272292107, 1), (0, 0.268494308, 1), (0, 0.269271523, 1), (0, 0.270243049, 1), (0, 0.27056101, 1), (0, 0.270578682, 1), (0, 0.270119399, 1), (0, 0.269801468, 1), (0, 0.269854456, 1), (0, 0.269624829, 1), (0, 0.26925388, 1), (0, 0.268847585, 1), (0, 0.268494308, 1), (0, 0.268088043, 1), (0, 0.267717093, 1), (0, 0.267416805, 1), (0, 0.267204821, 1), (0, 0.26713419, 1), (0, 0.26713419, 1), (0, 0.267222494, 1), (0, 0.267275482, 1), (0, 0.267310828, 1), (0, 0.267293155, 1), (0, 0.267222494, 1), (0, 0.267116517, 1), (0, 0.266957521, 1), (0, 0.266745567, 1), (0, 0.266462952, 1), (0, 0.266127318, 1), (0, 0.26570338, 1), (0, 0.265173465, 1), (0, 0.264555216, 1), (0, 0.263848662, 1), (0, 0.263089091, 1), (0, 0.262417853, 1), (0, 0.261887938, 1), (0, 0.261569977, 1), (0, 0.261411011, 1), (0, 0.261358023, 1), (0, 0.271885812, 1), (0, 0.272345096, 1), (0, 0.276054561, 1), (0, 0.291952223, 1), (0, 0.329241157, 1), (0, 0.379318863, 1), (0, 0.425528169, 1), (0, 0.472638309, 1), (0.434960783, 1, 0), (0, 1, 0.853123009), (0, 0.28682965, 1), (0, 0.265544415, 1), (0, 0.265774041, 1), (0, 0.267098844, 1), (0, 0.268282354, 1), (0, 0.269183218, 1), (0, 0.269819111, 1), (0, 0.270225406, 1), (0, 0.270402044, 1), (0, 0.270525694, 1), (0, 0.270861298, 1), (0, 0.271726847, 1), (0, 0.272875011, 1), (0, 0.274129152, 1), (0, 0.275436312, 1), (0, 0.276884764, 1), (0, 0.278386205, 1), (0, 0.279675692, 1), (0, 0.279958308, 1), (0, 0.278262556, 1), (0, 0.275189012, 1), (0, 0.271408886, 1), (0, 0.269165546, 1), (0, 0.270048767, 1), (0, 0.270331383, 1), (0, 0.270349056, 1), (0, 0.270207733, 1), (0, 0.269677818, 1), (0, 0.269200861, 1), (0, 0.269642472, 1), (0, 0.269695461, 1), (0, 0.269536495, 1), (0, 0.26937753, 1), (0, 0.269183218, 1), (0, 0.268971235, 1), (0, 0.268741608, 1), (0, 0.268547297, 1), (0, 0.268406004, 1), (0, 0.268282354, 1), (0, 0.268229365, 1), (0, 0.268141031, 1), (0, 0.268123358, 1), (0, 0.268141031, 1), (0, 0.26819402, 1), (0, 0.268264681, 1), (0, 0.26831767, 1), (0, 0.268335342, 1), (0, 0.268335342, 1), (0, 0.26831767, 1), (0, 0.268247008, 1), (0, 0.268141031, 1), (0, 0.267982066, 1), (0, 0.267770082, 1), (0, 0.267505109, 1), (0, 0.267169505, 1), (0, 0.26676324, 1), (0, 0.266268641, 1), (0, 0.26570338, 1), (0, 0.265032142, 1), (0, 0.264307916, 1), (0, 0.271921158, 1), (0, 0.27280435, 1), (0, 0.278615832, 1), (0, 0.298699915, 1), (0, 0.338603109, 1), (0, 0.387267709, 1), (0, 0.43163994, 1), (0, 0.744789064, 1), (0.916961074, 1, 0), (0, 0.369903922, 1), (0, 0.2724334, 1), (0, 0.265544415, 1), (0, 0.266286314, 1), (0, 0.267787755, 1), (0, 0.269041896, 1), (0, 0.270013422, 1), (0, 0.270755321, 1), (0, 0.271320581, 1), (0, 0.271726847, 1), (0, 0.271903485, 1), (0, 0.271691501, 1), (0, 0.271762162, 1), (0, 0.272733688, 1), (0, 0.273722887, 1), (0, 0.274888724, 1), (0, 0.276425481, 1), (0, 0.277838618, 1), (0, 0.278562844, 1), (0, 0.278156579, 1), (0, 0.276354849, 1), (0, 0.273793548, 1), (0, 0.27100262, 1), (0, 0.270013422, 1), (0, 0.270366699, 1), (0, 0.270278394, 1), (0, 0.27006641, 1), (0, 0.269766122, 1), (0, 0.269200861, 1), (0, 0.268741608, 1), (0, 0.269165546, 1), (0, 0.269412845, 1), (0, 0.269448161, 1), (0, 0.269501179, 1), (0, 0.269483507, 1), (0, 0.269430518, 1), (0, 0.269359857, 1), (0, 0.269289196, 1), (0, 0.269218534, 1), (0, 0.269165546, 1), (0, 0.269112557, 1), (0, 0.269077241, 1), (0, 0.269024223, 1), (0, 0.268971235, 1), (0, 0.268918246, 1), (0, 0.26888293, 1), (0, 0.268865258, 1), (0, 0.268865258, 1), (0, 0.268847585, 1), (0, 0.268847585, 1), (0, 0.268847585, 1), (0, 0.268829942, 1), (0, 0.268829942, 1), (0, 0.268794596, 1), (0, 0.26875928, 1), (0, 0.268706292, 1), (0, 0.268635631, 1), (0, 0.268529654, 1), (0, 0.268370658, 1), (0, 0.268158704, 1), (0, 0.267893732, 1), (0, 0.271921158, 1), (0, 0.272857338, 1), (0, 0.278562844, 1), (0, 0.297657728, 1), (0, 0.335547239, 1), (0, 0.383752555, 1), (0, 0.429820538, 1), (0, 0.985762715, 1), (0.722355664, 1, 0), (0, 0.367589921, 1), (0, 0.276460826, 1), (0, 0.266144991, 1), (0, 0.266356945, 1), (0, 0.267876059, 1), (0, 0.269236207, 1), (0, 0.270366699, 1), (0, 0.271355897, 1), (0, 0.272274435, 1), (0, 0.273069322, 1), (0, 0.273722887, 1), (0, 0.274111509, 1), (0, 0.274005502, 1), (0, 0.274040848, 1), (0, 0.27442944, 1), (0, 0.275365651, 1), (0, 0.276478499, 1), (0, 0.277238041, 1), (0, 0.277326375, 1), (0, 0.276584476, 1), (0, 0.274888724, 1), (0, 0.272769034, 1), (0, 0.270949632, 1), (0, 0.270543337, 1), (0, 0.270472705, 1), (0, 0.270207733, 1), (0, 0.269889772, 1), (0, 0.269536495, 1), (0, 0.269059569, 1), (0, 0.268723935, 1), (0, 0.268865258, 1), (0, 0.269041896, 1), (0, 0.269147873, 1), (0, 0.26925388, 1), (0, 0.269306868, 1), (0, 0.269359857, 1), (0, 0.26937753, 1), (0, 0.269395173, 1), (0, 0.269395173, 1), (0, 0.269412845, 1), (0, 0.269412845, 1), (0, 0.269412845, 1), (0, 0.269412845, 1), (0, 0.269412845, 1), (0, 0.26937753, 1), (0, 0.269342184, 1), (0, 0.269289196, 1), (0, 0.269236207, 1), (0, 0.269183218, 1), (0, 0.26913023, 1), (0, 0.269059569, 1), (0, 0.26900658, 1), (0, 0.268935919, 1), (0, 0.268847585, 1), (0, 0.268776923, 1), (0, 0.268688619, 1), (0, 0.268617958, 1), (0, 0.268547297, 1), (0, 0.268476635, 1), (0, 0.268406004, 1), (0, 0.268335342, 1), (0, 0.271903485, 1), (0, 0.272398084, 1), (0, 0.275877893, 1), (0, 0.289002329, 1), (0, 0.31941992, 1), (0, 0.365487874, 1), (0, 0.416837424, 1), (0, 0.466332227, 1), (1, 0, 0), (0, 0.51937753, 1), (0, 0.295184761, 1), (0, 0.267487466, 1), (0, 0.265721053, 1), (0, 0.267222494, 1), (0, 0.268812269, 1), (0, 0.270260721, 1), (0, 0.271585524, 1), (0, 0.272733688, 1), (0, 0.273652226, 1), (0, 0.274341136, 1), (0, 0.274765074, 1), (0, 0.27492404, 1), (0, 0.274888724, 1), (0, 0.274994701, 1), (0, 0.275542289, 1), (0, 0.276072204, 1), (0, 0.276284188, 1), (0, 0.2759839, 1), (0, 0.275118351, 1), (0, 0.273634553, 1), (0, 0.272115439, 1), (0, 0.271179259, 1), (0, 0.270878971, 1), (0, 0.270613998, 1), (0, 0.270331383, 1), (0, 0.270013422, 1), (0, 0.269695461, 1), (0, 0.269342184, 1), (0, 0.269041896, 1), (0, 0.268812269, 1), (0, 0.268653303, 1), (0, 0.268529654, 1), (0, 0.268388331, 1), (0, 0.268247008, 1), (0, 0.268088043, 1), (0, 0.267893732, 1), (0, 0.26769942, 1), (0, 0.267646432, 1), (0, 0.267575771, 1), (0, 0.267540455, 1), (0, 0.267558128, 1), (0, 0.267611116, 1), (0, 0.267734766, 1), (0, 0.26782307, 1), (0, 0.267911404, 1), (0, 0.267999709, 1), (0, 0.26807037, 1), (0, 0.26807037, 1), (0, 0.268035054, 1), (0, 0.268052697, 1), (0, 0.26807037, 1), (0, 0.268052697, 1), (0, 0.267964393, 1), (0, 0.267840743, 1), (0, 0.267717093, 1), (0, 0.267558128, 1), (0, 0.267363816, 1), (0, 0.267151833, 1), (0, 0.266904533, 1), (0, 0.26663959, 1), (0, 0.271868169, 1), (0, 0.271974146, 1), (0, 0.272892684, 1), (0, 0.277697295, 1), (0, 0.293489009, 1), (0, 0.327686697, 1), (0, 0.378347337, 1), (0, 0.433777303, 1), (0, 1, 0.59079349), (1, 0.837296009, 0), (0, 1, 0.927736163), (0, 0.283155501, 1), (0, 0.264343262, 1), (0, 0.265226454, 1), (0, 0.267222494, 1), (0, 0.269112557, 1), (0, 0.270790637, 1), (0, 0.272150785, 1), (0, 0.273122311, 1), (0, 0.27374056, 1), (0, 0.274058491, 1), (0, 0.274235159, 1), (0, 0.274447113, 1), (0, 0.274729729, 1), (0, 0.275030017, 1), (0, 0.27517134, 1), (0, 0.27504769, 1), (0, 0.274588436, 1), (0, 0.273793548, 1), (0, 0.272769034, 1), (0, 0.271956474, 1), (0, 0.27149722, 1), (0, 0.271196932, 1), (0, 0.270931959, 1), (0, 0.270684659, 1), (0, 0.270419687, 1), (0, 0.270172387, 1), (0, 0.269907445, 1), (0, 0.269660145, 1), (0, 0.269412845, 1), (0, 0.269200861, 1), (0, 0.268988907, 1), (0, 0.268776923, 1), (0, 0.268582642, 1), (0, 0.268388331, 1), (0, 0.268176347, 1), (0, 0.267982066, 1), (0, 0.267770082, 1), (0, 0.267575771, 1), (0, 0.267381459, 1), (0, 0.267169505, 1), (0, 0.266957521, 1), (0, 0.266727895, 1), (0, 0.266480595, 1), (0, 0.266233295, 1), (0, 0.26595068, 1), (0, 0.265668064, 1), (0, 0.265403092, 1), (0, 0.265120476, 1), (0, 0.264855504, 1), (0, 0.264608204, 1), (0, 0.264378577, 1), (0, 0.264148951, 1), (0, 0.263954639, 1), (0, 0.263778001, 1), (0, 0.263601363, 1), (0, 0.263424724, 1), (0, 0.263248086, 1), (0, 0.263089091, 1), (0, 0.262912452, 1), (0, 0.271868169, 1), (0, 0.271868169, 1), (0, 0.271903485, 1), (0, 0.272115439, 1), (0, 0.273263633, 1), (0, 0.278986782, 1), (0, 0.302197427, 1), (0, 0.369621277, 1), (0, 0.49962905, 1), (0, 0.6417014, 1), (0, 1, 0.496838123), (0, 1, 0.34116441), (0, 0.286335051, 1), (0, 0.259626925, 1), (0, 0.261852622, 1), (0, 0.264908493, 1), (0, 0.267734766, 1), (0, 0.269995749, 1), (0, 0.271691501, 1), (0, 0.272733688, 1), (0, 0.273210615, 1), (0, 0.273334265, 1), (0, 0.273334265, 1), (0, 0.273334265, 1), (0, 0.273387253, 1), (0, 0.273387253, 1), (0, 0.273228288, 1), (0, 0.272910327, 1), (0, 0.272486389, 1), (0, 0.272044808, 1), (0, 0.271709174, 1), (0, 0.271444231, 1), (0, 0.271196932, 1), (0, 0.270949632, 1), (0, 0.270702332, 1), (0, 0.270490348, 1), (0, 0.270278394, 1), (0, 0.270084083, 1), (0, 0.269889772, 1), (0, 0.269713134, 1), (0, 0.269536495, 1), (0, 0.269359857, 1), (0, 0.269200861, 1), (0, 0.269024223, 1), (0, 0.268865258, 1), (0, 0.268706292, 1), (0, 0.268547297, 1), (0, 0.268388331, 1), (0, 0.268229365, 1), (0, 0.26807037, 1), (0, 0.267911404, 1), (0, 0.267752409, 1), (0, 0.267593443, 1), (0, 0.267434478, 1), (0, 0.267257839, 1), (0, 0.267081171, 1), (0, 0.266922206, 1), (0, 0.266727895, 1), (0, 0.266551256, 1), (0, 0.266356945, 1), (0, 0.266162664, 1), (0, 0.265968353, 1), (0, 0.265756369, 1), (0, 0.265544415, 1), (0, 0.265332431, 1), (0, 0.265120476, 1), (0, 0.264908493, 1), (0, 0.264696538, 1), (0, 0.264484555, 1), (0, 0.2642726, 1)] (
            interpolation = "uniform"
        )
        }
    }
}
