#usda 1.0
(
    defaultPrim = "World"
)

over "World" (
    references = @../mesh.usda@</World>
)
{
    over "CFD"
    {
        over "Mesh"
        {
        custom string cfd:sourceFile = "ENTIRE_DOMAIN_0012.vtu"
        custom string cfd:colorField = "Gas_temperature"
        custom float cfd:colorMinimum = 1069.32971
        custom float cfd:colorMaximum = 1086.80603
        custom double cfd:timeSeconds = 12
        float[] primvars:EP_G = [0.390641987, 0.390779287, 0.390959442, 0.391215861, 0.391650528, 0.393034369, 0.553197622, 0.619356751, 0.663873732, 0.704095602, 0.715969205, 0.715079367, 0.706869006, 0.694989681, 0.682436645, 0.673565865, 0.671734214, 0.670611799, 0.668895781, 0.666264176, 0.660973728, 0.648109794, 0.62088263, 0.584819257, 0.587757766, 0.690608263, 0.835205972, 0.904543459, 0.910716653, 0.904971302, 0.894636273, 0.852865219, 0.756785035, 0.888994813, 0.999999642, 1, 1, 1, 1, 1, 1, 1, 1, 1, 1, 1, 1, 1, 1, 1, 1, 1, 1, 1, 1, 1, 1, 1, 1, 1, 1, 1, 1, 1, 1, 1, 1, 1, 1, 1, 0.390616506, 0.390746623, 0.390910387, 0.391127616, 0.391443551, 0.391992807, 0.419463396, 0.394986898, 0.393613189, 0.393540144, 0.393548548, 0.393596828, 0.393771797, 0.394217849, 0.395347834, 0.401916921, 0.422707677, 0.466101885, 0.515367091, 0.558054447, 0.578110695, 0.566530168, 0.538658082, 0.556851149, 0.686973333, 0.843226612, 0.895565093, 0.891130447, 0.883053422, 0.88036567, 0.863120556, 0.787530959, 0.701959372, 0.968470335, 1, 1, 1, 1, 1, 1, 1, 1, 1, 1, 1, 1, 1, 1, 1, 1, 1, 1, 1, 1, 1, 1, 1, 1, 1, 1, 1, 1, 1, 1, 1, 1, 1, 1, 1, 1, 0.390569657, 0.39068833, 0.390828907, 0.390999198, 0.3912099, 0.391472578, 0.391848981, 0.392087936, 0.392234266, 0.392330766, 0.392414093, 0.392486542, 0.392570883, 0.392771274, 0.393156767, 0.393774271, 0.395376652, 0.418111742, 0.460735917, 0.49994567, 0.52041018, 0.542082787, 0.62014538, 0.761955976, 0.861674786, 0.879260361, 0.872326612, 0.862813532, 0.861346722, 0.860213041, 0.823379934, 0.68520999, 0.805234015, 0.994727612, 1, 1, 1, 1, 1, 1, 1, 1, 1, 1, 1, 1, 1, 1, 1, 1, 1, 1, 1, 1, 1, 1, 1, 1, 1, 1, 1, 1, 1, 1, 1, 1, 1, 1, 1, 1, 0.390513301, 0.390620857, 0.390741408, 0.390877634, 0.391030878, 0.391200006, 0.391377419, 0.391527921, 0.391643912, 0.391728669, 0.391790986, 0.391843379, 0.391903967, 0.392041236, 0.392258495, 0.392628968, 0.393444151, 0.394642949, 0.474193275, 0.587376177, 0.655638456, 0.741581678, 0.818891644, 0.850566864, 0.855849802, 0.850610435, 0.842208385, 0.837669075, 0.84051317, 0.828494072, 0.731915772, 0.695111454, 0.92948246, 0.999348879, 1, 1, 1, 1, 1, 1, 1, 1, 1, 1, 1, 1, 1, 1, 1, 1, 1, 1, 1, 1, 1, 1, 1, 1, 1, 1, 1, 1, 1, 1, 1, 1, 1, 1, 1, 1, 0.390457124, 0.390555471, 0.390661538, 0.390775561, 0.390896767, 0.391022056, 0.391145289, 0.391256988, 0.39135161, 0.391429007, 0.391495705, 0.391565055, 0.39165327, 0.391776711, 0.391941518, 0.392099679, 0.392314315, 0.392657071, 0.39290756, 0.63642478, 0.775109231, 0.806312621, 0.817802072, 0.819502175, 0.816810489, 0.812236488, 0.807944119, 0.806764066, 0.800581932, 0.753950834, 0.683584929, 0.836773396, 0.98257333, 0.999928892, 1, 1, 1, 1, 1, 1, 1, 1, 1, 1, 1, 1, 1, 1, 1, 1, 1, 1, 1, 1, 1, 1, 1, 1, 1, 1, 1, 1, 1, 1, 1, 1, 1, 1, 1, 1, 0.390407085, 0.390498966, 0.390595019, 0.39069584, 0.390799701, 0.390904397, 0.391006112, 0.391100317, 0.391183764, 0.391256303, 0.391323209, 0.391395241, 0.391484737, 0.391598284, 0.391731143, 0.39186725, 0.392000377, 0.39208138, 0.392033696, 0.393220156, 0.551067352, 0.698189199, 0.73802799, 0.747213423, 0.751359582, 0.75311321, 0.753039658, 0.748807967, 0.730345845, 0.700301111, 0.783855379, 0.943673193, 0.996680021, 0.999990821, 1, 1, 1, 1, 1, 1, 1, 1, 1, 1, 1, 1, 1, 1, 1, 1, 1, 1, 1, 1, 1, 1, 1, 1, 1, 1, 1, 1, 1, 1, 1, 1, 1, 1, 1, 1, 0.390366763, 0.390453607, 0.390544206, 0.390636981, 0.39073208, 0.39082709, 0.390919775, 0.391007096, 0.391086638, 0.391157836, 0.391223758, 0.391291708, 0.391370863, 0.391466826, 0.391577244, 0.39169234, 0.391800821, 0.391895533, 0.39197579, 0.39208594, 0.392235249, 0.392836064, 0.471389323, 0.552936196, 0.602315068, 0.638785481, 0.655311108, 0.665517807, 0.687692583, 0.769143939, 0.906888127, 0.985670447, 0.999486625, 0.999998748, 1, 1, 1, 1, 1, 1, 1, 1, 1, 1, 1, 1, 1, 1, 1, 1, 1, 1, 1, 1, 1, 1, 1, 1, 1, 1, 1, 1, 1, 1, 1, 1, 1, 1, 1, 1, 0.390336752, 0.39042154, 0.390507579, 0.390597194, 0.390687734, 0.390779048, 0.390868843, 0.39095518, 0.391035825, 0.391109526, 0.391177088, 0.391242296, 0.391311198, 0.391389191, 0.391477466, 0.391572028, 0.391667038, 0.391759068, 0.391849726, 0.391947925, 0.392068326, 0.392248034, 0.39242509, 0.392525047, 0.393254966, 0.41635865, 0.490390986, 0.604684055, 0.745868742, 0.886113226, 0.971233785, 0.997089624, 0.999930382, 1, 1, 1, 1, 1, 1, 1, 1, 1, 1, 1, 1, 1, 1, 1, 1, 1, 1, 1, 1, 1, 1, 1, 1, 1, 1, 1, 1, 1, 1, 1, 1, 1, 1, 1, 1, 1, 0.390318036, 0.390400171, 0.390485823, 0.390572757, 0.390662372, 0.390752703, 0.390842944, 0.390931308, 0.391015977, 0.391095281, 0.391168535, 0.391236693, 0.391302794, 0.391370952, 0.391444296, 0.391523361, 0.39160648, 0.391691804, 0.391779512, 0.391871572, 0.391971737, 0.392089069, 0.392233431, 0.392400056, 0.392524213, 0.392292798, 0.39327693, 0.567855954, 0.849826217, 0.960179269, 0.993024409, 0.999511361, 0.999990225, 1, 1, 1, 1, 1, 1, 1, 1, 1, 1, 1, 1, 1, 1, 1, 1, 1, 1, 1, 1, 1, 1, 1, 1, 1, 1, 1, 1, 1, 1, 1, 1, 1, 1, 1, 1, 1, 0.390308917, 0.390391141, 0.390475303, 0.390562624, 0.390651911, 0.390743047, 0.390834898, 0.390926242, 0.3910155, 0.391101092, 0.391181767, 0.391257137, 0.391328305, 0.391397804, 0.391468942, 0.391544551, 0.391626149, 0.391714305, 0.391809225, 0.391910762, 0.392016113, 0.39211455, 0.392210543, 0.392294973, 0.392317146, 0.392222941, 0.392045379, 0.420606285, 0.886533976, 0.986696899, 0.998327732, 0.99991554, 0.99999845, 1, 1, 1, 1, 1, 1, 1, 1, 1, 1, 1, 1, 1, 1, 1, 1, 1, 1, 1, 1, 1, 1, 1, 1, 1, 1, 1, 1, 1, 1, 1, 1, 1, 1, 1, 1, 1] (
            interpolation = "uniform"
        )
        float[] primvars:P_G = [127494.594, 126935.5, 126460.836, 126089.188, 126805.016, 128251.453, 125804.312, 124443.492, 123097.172, 121747.305, 119597.469, 118322.609, 117035.93, 115662.992, 114184.43, 112621.82, 111066.336, 109633.484, 108379.758, 107326.031, 106452.312, 105688.102, 104918.797, 104026.594, 103090.484, 102540.836, 102410.469, 102368.492, 102301.055, 102202.984, 102087.398, 101941.742, 101672.633, 101425.406, 101378.133, 101365.344, 101353.398, 101345.484, 101340.82, 101338.062, 101336.391, 101335.32, 101334.586, 101334.039, 101333.602, 101333.211, 101332.844, 101332.492, 101332.148, 101331.805, 101331.461, 101331.117, 101330.773, 101330.438, 101330.102, 101329.766, 101329.438, 101329.109, 101328.781, 101328.453, 101328.133, 101327.812, 101327.5, 101327.18, 101326.867, 101326.555, 101326.242, 101325.93, 101325.617, 101325.312, 127334.25, 126754.445, 126233.328, 125778.766, 126851.875, 125273.758, 127194.273, 123997.023, 122483.508, 121029.953, 119654.414, 118314.438, 116956.617, 115532.219, 114001.93, 112356.211, 110669.844, 109089.945, 107787.734, 106762.562, 105932.922, 105154.508, 104301.508, 103451.586, 102941.352, 102752.055, 102622.852, 102476.094, 102330.297, 102196.117, 102072.219, 101896.609, 101591.164, 101385.906, 101373.758, 101364.93, 101356.047, 101348.297, 101342.445, 101338.688, 101336.492, 101335.242, 101334.484, 101333.969, 101333.555, 101333.188, 101332.836, 101332.492, 101332.148, 101331.805, 101331.461, 101331.117, 101330.773, 101330.438, 101330.102, 101329.766, 101329.438, 101329.109, 101328.781, 101328.453, 101328.133, 101327.812, 101327.5, 101327.18, 101326.867, 101326.555, 101326.242, 101325.93, 101325.617, 101325.312, 127056.578, 126448.336, 125866.594, 125309.906, 124770.477, 125701.914, 123771.359, 122712.305, 121527.422, 120361.25, 119140.203, 117817.719, 116376.398, 114952.953, 113470.906, 111894.562, 110197.047, 108474.648, 107056.648, 105994.758, 105161.062, 104407.742, 103777.422, 103379.008, 103133.219, 102910.562, 102691.312, 102490.945, 102316.07, 102170.664, 102022.312, 101767.57, 101459.414, 101373.758, 101366.977, 101359.344, 101351.797, 101345.469, 101340.875, 101337.883, 101336.094, 101335.047, 101334.398, 101333.93, 101333.539, 101333.188, 101332.836, 101332.492, 101332.148, 101331.805, 101331.461, 101331.117, 101330.781, 101330.438, 101330.102, 101329.766, 101329.438, 101329.109, 101328.781, 101328.453, 101328.133, 101327.812, 101327.5, 101327.18, 101326.867, 101326.555, 101326.242, 101325.93, 101325.617, 101325.312, 126717.945, 126083.734, 125449.562, 124810.312, 124152.344, 123456.094, 122680.445, 121751.453, 120706.906, 119583.773, 118400.68, 117163.18, 115898.93, 114595.281, 113076.109, 111567.508, 109944.711, 108180.648, 106587.898, 105457.203, 104749.922, 104239.789, 103855.969, 103525.242, 103216.312, 102941.125, 102694.383, 102473.367, 102278.711, 102111.43, 101899.289, 101577.938, 101387.633, 101365.844, 101359.359, 101352.594, 101346.578, 101341.938, 101338.758, 101336.766, 101335.562, 101334.82, 101334.312, 101333.906, 101333.539, 101333.188, 101332.844, 101332.5, 101332.156, 101331.812, 101331.461, 101331.117, 101330.781, 101330.438, 101330.102, 101329.766, 101329.438, 101329.109, 101328.781, 101328.453, 101328.133, 101327.812, 101327.5, 101327.18, 101326.867, 101326.555, 101326.242, 101325.93, 101325.617, 101325.312, 126368.25, 125715.008, 125044.391, 124352.281, 123627.945, 122856.578, 122019.477, 121101.383, 120105.32, 119039.391, 117910.422, 116722.758, 115479.164, 114369.68, 112843.227, 111421.828, 109933.633, 108370.773, 106635.008, 105395.156, 104758.031, 104330.461, 103937.203, 103579.773, 103255.172, 102953.125, 102674.312, 102422.375, 102201.07, 101976.961, 101673.031, 101425.57, 101367.359, 101357.977, 101351.672, 101346.18, 101341.93, 101338.961, 101337.07, 101335.914, 101335.18, 101334.672, 101334.266, 101333.898, 101333.547, 101333.203, 101332.859, 101332.508, 101332.164, 101331.812, 101331.469, 101331.125, 101330.781, 101330.438, 101330.102, 101329.766, 101329.438, 101329.109, 101328.781, 101328.453, 101328.133, 101327.812, 101327.5, 101327.18, 101326.867, 101326.555, 101326.242, 101325.93, 101325.617, 101325.312, 126043.625, 125378.023, 124685.234, 123962.969, 123204.602, 122401.867, 121546.328, 120632.023, 119657.484, 118624.086, 117534.227, 116390.945, 115198.43, 113962.172, 112688.094, 111381.336, 110045.258, 108692.062, 107348.508, 106067.242, 105079.703, 104418.82, 104004.352, 103630.172, 103273.406, 102935.141, 102616.773, 102319.953, 102034.328, 101725.758, 101466.781, 101373.211, 101357.18, 101350.172, 101344.953, 101341.195, 101338.68, 101337.102, 101336.125, 101335.484, 101335.016, 101334.625, 101334.266, 101333.914, 101333.562, 101333.219, 101332.867, 101332.516, 101332.164, 101331.82, 101331.469, 101331.125, 101330.781, 101330.445, 101330.102, 101329.773, 101329.438, 101329.109, 101328.781, 101328.453, 101328.133, 101327.812, 101327.5, 101327.18, 101326.867, 101326.555, 101326.242, 101325.93, 101325.617, 101325.312, 125767, 125094.078, 124388.75, 123650.484, 122875.375, 122059.07, 121197.453, 120287.578, 119328.125, 118319.188, 117261.984, 116159.07, 115015.055, 113836.891, 112633.5, 111415.242, 110194.672, 108989.977, 107826.797, 106740.289, 105773.062, 105043.695, 104387.492, 103816.367, 103350.586, 102926.438, 102523.375, 102128.5, 101761.086, 101492.961, 101382.062, 101356.352, 101348.586, 101343.484, 101340.227, 101338.234, 101337.055, 101336.312, 101335.789, 101335.367, 101334.992, 101334.641, 101334.289, 101333.938, 101333.586, 101333.234, 101332.883, 101332.523, 101332.172, 101331.82, 101331.477, 101331.125, 101330.781, 101330.445, 101330.109, 101329.773, 101329.438, 101329.109, 101328.781, 101328.453, 101328.133, 101327.812, 101327.5, 101327.18, 101326.867, 101326.555, 101326.242, 101325.93, 101325.617, 101325.312, 125551.836, 124874.797, 124162.906, 123416.672, 122633.836, 121812.188, 120949.75, 120045.227, 119098.164, 118108.984, 117079.039, 116011.016, 114909.547, 113781.836, 112637.625, 111488.82, 110350.055, 109238.734, 108175.07, 107181.766, 106281.586, 105492.227, 104785.875, 104182.836, 103691.289, 103137.977, 102468.852, 101889.078, 101528.93, 101392.125, 101356.961, 101347.562, 101342.461, 101339.57, 101338.016, 101337.156, 101336.586, 101336.141, 101335.75, 101335.391, 101335.031, 101334.68, 101334.32, 101333.961, 101333.609, 101333.25, 101332.891, 101332.531, 101332.18, 101331.828, 101331.477, 101331.133, 101330.789, 101330.445, 101330.109, 101329.773, 101329.438, 101329.109, 101328.781, 101328.461, 101328.133, 101327.812, 101327.5, 101327.18, 101326.867, 101326.555, 101326.242, 101325.93, 101325.617, 101325.312, 125405.484, 124726.258, 124011.344, 123261.445, 122475.523, 121652.312, 120791.047, 119891.414, 118953.773, 117979.18, 116969.531, 115927.891, 114858.93, 113769.539, 112669.07, 111569.172, 110483.352, 109426.688, 108415.133, 107463.07, 106581.922, 105776.844, 105042.195, 104372, 103752.188, 103147.219, 102520.445, 101792.656, 101432.016, 101362.523, 101348.203, 101342.914, 101340.016, 101338.484, 101337.625, 101337.047, 101336.586, 101336.188, 101335.812, 101335.438, 101335.078, 101334.711, 101334.352, 101333.984, 101333.625, 101333.258, 101332.898, 101332.539, 101332.188, 101331.828, 101331.477, 101331.133, 101330.789, 101330.445, 101330.109, 101329.773, 101329.438, 101329.109, 101328.781, 101328.461, 101328.133, 101327.812, 101327.5, 101327.18, 101326.867, 101326.555, 101326.242, 101325.93, 101325.617, 101325.312, 125331.531, 124651.531, 123935.336, 123184.242, 122397.32, 121573.984, 120713.898, 119817.266, 118884.891, 117918.273, 116919.727, 115892.625, 114841.734, 113773.672, 112697.242, 111623.375, 110564.648, 109534.422, 108545.555, 107608.797, 106731.391, 105916.023, 105160.508, 104457.508, 103796.469, 103163.211, 102546.68, 101950.383, 101415.852, 101353.719, 101344.789, 101341.555, 101339.852, 101338.703, 101337.867, 101337.227, 101336.703, 101336.266, 101335.859, 101335.477, 101335.102, 101334.734, 101334.367, 101334, 101333.633, 101333.266, 101332.906, 101332.547, 101332.188, 101331.836, 101331.484, 101331.133, 101330.789, 101330.445, 101330.109, 101329.773, 101329.438, 101329.109, 101328.781, 101328.461, 101328.133, 101327.812, 101327.5, 101327.18, 101326.867, 101326.555, 101326.242, 101325.93, 101325.617, 101325.312] (
            interpolation = "uniform"
        )
        vector3f[] primvars:Gas_Velocity = [(0.0699804425, 0.45728147, 0), (0.076682955, 0.40271607, 0), (0.0913990512, 0.337610215, 0), (0.116290092, 0.259389311, 0), (0.157022834, 0.178082302, 0), (0.225569025, 1.42962217, 0), (-0.334411502, 2.57474732, 0), (-0.257969528, 3.68822169, 0), (-0.144564256, 4.73338699, 0), (-0.0678319708, 5.68830872, 0), (-0.0676231161, 5.97438288, 0), (-0.0252973381, 6.28260994, 0), (0.0114721404, 6.59921741, 0), (0.0325730518, 6.90933561, 0), (0.0523251854, 7.19853592, 0), (0.121989734, 7.397892, 0), (0.311907083, 7.38550377, 0), (0.623547554, 7.13935089, 0), (0.886207581, 6.70267916, 0), (1.04036391, 6.14907646, 0), (1.07358551, 5.57008553, 0), (1.06402063, 5.01943588, 0), (1.08709705, 4.51345491, 0), (1.13110197, 4.06771326, 0), (1.07232809, 3.64817142, 0), (0.589163661, 3.26290607, 0), (-0.359504968, 3.31355739, 0), (-0.568531215, 3.55251217, 0), (0.0312566161, 3.55270219, 0), (0.373175859, 3.35695624, 0), (0.507418752, 3.071244, 0), (0.656262875, 2.76281285, 0), (0.679109871, 2.65145874, 0), (1.28703451, 1.44107997, 0), (0.624225736, 0.894902349, 0), (0.276682556, 0.73126632, 0), (0.0386223681, 0.718398869, 0), (-0.0966042355, 0.790321052, 0), (-0.1402459, 0.888101697, 0), (-0.135694712, 0.980926216, 0), (-0.111770429, 1.05665851, 0), (-0.083712168, 1.11300457, 0), (-0.0588659085, 1.1523813, 0), (-0.0400038622, 1.17894363, 0), (-0.0272181593, 1.19684231, 0), (-0.01927354, 1.20936477, 0), (-0.014589116, 1.21872091, 0), (-0.0118095074, 1.22620285, 0), (-0.0100076552, 1.23247647, 0), (-0.00865531154, 1.23785067, 0), (-0.00750311464, 1.24246478, 0), (-0.00645907689, 1.24639583, 0), (-0.00550412014, 1.24970615, 0), (-0.00464303046, 1.2524606, 0), (-0.0038823972, 1.25472748, 0), (-0.00322343688, 1.25657582, 0), (-0.0026616063, 1.25807083, 0), (-0.00218845182, 1.25927186, 0), (-0.00179364311, 1.26023126, 0), (-0.00146650139, 1.2609942, 0), (-0.00119695626, 1.26159871, 0), (-0.000976074429, 1.26207709, 0), (-0.00079634873, 1.2624563, 0), (-0.000651929295, 1.26275957, 0), (-0.000539013883, 1.26300764, 0), (-0.000456759532, 1.26322055, 0), (-0.000409512257, 1.26342142, 0), (-0.000412332651, 1.26364338, 0), (-0.00050500076, 1.26394618, 0), (-0.00079731486, 1.26446271, 0), (0.103102155, 0.483084708, 0), (0.110577583, 0.457771361, 0), (0.127830088, 0.429690331, 0), (0.158309847, 0.398623437, 0), (0.211997181, 0.361185342, 0), (0.313138336, 0.421074003, 0), (0.428365797, 1.19059396, 0), (0.21005927, 1.2292881, 0), (0.0746845305, 1.27551603, 0), (-0.0242615752, 1.3760072, 0), (-0.103259422, 1.50812602, 0), (-0.157487258, 1.69738758, 0), (-0.196177125, 1.94222426, 0), (-0.220004097, 2.22905946, 0), (-0.240952611, 2.55057907, 0), (-0.228201881, 2.90081, 0), (-0.0937108248, 3.27957559, 0), (0.265791357, 3.54670429, 0), (0.728085041, 3.64207363, 0), (1.14910388, 3.54490471, 0), (1.42949235, 3.33331871, 0), (1.5948801, 3.1208396, 0), (1.6799463, 3.02980065, 0), (1.50305891, 3.12969398, 0), (0.731858552, 3.30270839, 0), (-0.390261471, 3.6208694, 0), (-0.40593943, 3.51220894, 0), (0.20321998, 3.04504228, 0), (0.624764264, 2.69815135, 0), (0.856866837, 2.40113497, 0), (1.0309397, 2.0982337, 0), (1.18316805, 1.92795312, 0), (1.20232534, 1.84421384, 0), (1.14372563, 1.41125357, 0), (0.757066846, 1.30458379, 0), (0.4144651, 1.23306763, 0), (0.158823341, 1.16726887, 0), (-0.00511666387, 1.11540699, 0), (-0.0952941477, 1.09065294, 0), (-0.13078101, 1.09007001, 0), (-0.132322013, 1.10501194, 0), (-0.116775118, 1.12751043, 0), (-0.095590286, 1.15203738, 0), (-0.0751995519, 1.17532802, 0), (-0.0583133623, 1.19576895, 0), (-0.0453965738, 1.21283281, 0), (-0.03586559, 1.22663271, 0), (-0.028850697, 1.23759389, 0), (-0.0235727318, 1.24623394, 0), (-0.0194635764, 1.25303948, 0), (-0.0161555875, 1.25841737, 0), (-0.0134267807, 1.26268566, 0), (-0.0111451019, 1.26608562, 0), (-0.00922803953, 1.26880014, 0), (-0.00761828385, 1.27096844, 0), (-0.00627105404, 1.27269864, 0), (-0.00514836377, 1.27407634, 0), (-0.0042168065, 1.27517009, 0), (-0.00344685069, 1.27603555, 0), (-0.00281263608, 1.2767179, 0), (-0.0022918561, 1.27725422, 0), (-0.00186560059, 1.27767467, 0), (-0.00151817012, 1.27800417, 0), (-0.00123690115, 1.27826285, 0), (-0.00101206207, 1.27846682, 0), (-0.00083683955, 1.27862871, 0), (-0.000707304338, 1.27875519, 0), (-0.000621730345, 1.27884185, 0), (-0.00057686225, 1.27885592, 0), (-0.000552925456, 1.27867806, 0), (0.108025953, 0.50388664, 0), (0.112738974, 0.50090909, 0), (0.124394484, 0.500637889, 0), (0.143756494, 0.507104456, 0), (0.173191458, 0.532061815, 0), (0.209566787, 0.621892989, 0), (0.214170009, 0.883993387, 0), (0.126359612, 1.01743984, 0), (0.0234824773, 1.10544991, 0), (-0.0798216686, 1.18186235, 0), (-0.177306414, 1.26326752, 0), (-0.264958113, 1.36302102, 0), (-0.342865616, 1.48723149, 0), (-0.424329162, 1.65193963, 0), (-0.494064569, 1.85007954, 0), (-0.522321522, 2.07974863, 0), (-0.469929993, 2.36511397, 0), (-0.117124863, 2.57393932, 0), (0.637684107, 2.54696345, 0), (1.37447417, 2.38267231, 0), (1.66595793, 2.35230017, 0), (1.62724936, 2.57566571, 0), (1.15111256, 3.01688766, 0), (0.281402886, 3.49492168, 0), (-0.216760948, 3.80077028, 0), (0.0723990202, 3.46124268, 0), (0.501626432, 2.89982891, 0), (0.86727339, 2.49765921, 0), (1.13171768, 2.17519259, 0), (1.35088396, 1.85489702, 0), (1.55739176, 1.5654273, 0), (1.45087969, 1.72908354, 0), (1.4996779, 1.2326535, 0), (1.00268364, 1.10279942, 0), (0.661773205, 1.18204939, 0), (0.380224586, 1.22128677, 0), (0.170250177, 1.22503781, 0), (0.0289442558, 1.20946622, 0), (-0.0588602163, 1.18923175, 0), (-0.105891287, 1.17470062, 0), (-0.123604923, 1.16978872, 0), (-0.122406691, 1.17381227, 0), (-0.11091876, 1.18397093, 0), (-0.0953579918, 1.19717813, 0), (-0.0795173422, 1.21099174, 0), (-0.0652683377, 1.22386873, 0), (-0.0532380901, 1.23505449, 0), (-0.0433932059, 1.24434292, 0), (-0.035431806, 1.25184119, 0), (-0.0289981458, 1.25779498, 0), (-0.0237751771, 1.26248288, 0), (-0.019510489, 1.26616085, 0), (-0.0160115343, 1.26904416, 0), (-0.0131322183, 1.27130473, 0), (-0.0107598621, 1.27307689, 0), (-0.00880535785, 1.27446508, 0), (-0.00719656004, 1.27555072, 0), (-0.00587406009, 1.27639747, 0), (-0.00478847465, 1.27705538, 0), (-0.00389862061, 1.27756464, 0), (-0.00317018828, 1.27795672, 0), (-0.00257471041, 1.27825701, 0), (-0.00208871136, 1.27848577, 0), (-0.00169298262, 1.27865851, 0), (-0.0013719236, 1.27878726, 0), (-0.00111286005, 1.27887976, 0), (-0.000905146822, 1.2789396, 0), (-0.000738692062, 1.27896464, 0), (-0.000601351727, 1.27894723, 0), (-0.000475224922, 1.27888048, 0), (0.0981687531, 0.51593858, 0), (0.0989145562, 0.524682462, 0), (0.102075092, 0.538510382, 0), (0.105676815, 0.562144518, 0), (0.107740581, 0.603907287, 0), (0.102103755, 0.677535415, 0), (0.0743730664, 0.781474352, 0), (0.0138903307, 0.866320372, 0), (-0.066118598, 0.933269024, 0), (-0.155916527, 0.990766346, 0), (-0.248853579, 1.04633939, 0), (-0.341180086, 1.10609388, 0), (-0.432922393, 1.17498481, 0), (-0.527076721, 1.25203824, 0), (-0.615810454, 1.33999693, 0), (-0.684292018, 1.45112002, 0), (-0.720128477, 1.60787833, 0), (-0.672412097, 1.96038985, 0), (-0.0916103497, 2.46134591, 0), (0.949737191, 2.49767041, 0), (1.08893061, 2.78058577, 0), (0.581611216, 3.23203754, 0), (0.207143307, 3.56162119, 0), (0.210040793, 3.52225637, 0), (0.413945138, 3.09427857, 0), (0.729251444, 2.67118835, 0), (1.04742062, 2.33124089, 0), (1.32321358, 2.03870726, 0), (1.59956789, 1.72070456, 0), (1.89123523, 1.39453065, 0), (1.85605466, 1.38546073, 0), (1.68022573, 1.27406633, 0), (1.49417734, 0.883363247, 0), (0.861486673, 0.933968663, 0), (0.497889161, 1.05876541, 0), (0.264719188, 1.14743507, 0), (0.110003904, 1.19527841, 0), (0.00689426344, 1.21456838, 0), (-0.0603966191, 1.21807218, 0), (-0.100912258, 1.21592975, 0), (-0.120525084, 1.21430981, 0), (-0.124533378, 1.21575749, 0), (-0.118186682, 1.22041857, 0), (-0.106129251, 1.22730064, 0), (-0.0918619335, 1.23516929, 0), (-0.0776243284, 1.24301171, 0), (-0.0646088272, 1.25018036, 0), (-0.0532919466, 1.2563616, 0), (-0.0437343493, 1.26148045, 0), (-0.0357936323, 1.26560235, 0), (-0.0292532854, 1.26885784, 0), (-0.0238889828, 1.27139556, 0), (-0.0194973536, 1.2733556, 0), (-0.0159047674, 1.27485955, 0), (-0.0129669532, 1.27600706, 0), (-0.010565348, 1.27687776, 0), (-0.00860279892, 1.27753437, 0), (-0.00699967192, 1.27802598, 0), (-0.00569062494, 1.27839041, 0), (-0.00462200399, 1.27865744, 0), (-0.00374975381, 1.27885008, 0), (-0.00303772255, 1.27898622, 0), (-0.00245627179, 1.27907956, 0), (-0.00198111474, 1.27914035, 0), (-0.00159230886, 1.279176, 0), (-0.00127333007, 1.27919149, 0), (-0.0010101333, 1.27918935, 0), (-0.000790120219, 1.27917087, 0), (-0.000601044332, 1.27913678, 0), (-0.000430518994, 1.27909207, 0), (0.0852269381, 0.519916177, 0), (0.0832269266, 0.530658901, 0), (0.0804645792, 0.545022428, 0), (0.074526161, 0.565440118, 0), (0.0631337389, 0.594578445, 0), (0.0425411016, 0.633965909, 0), (0.00778918387, 0.67877239, 0), (-0.0436422937, 0.718108952, 0), (-0.10896562, 0.748969674, 0), (-0.184326157, 0.771948755, 0), (-0.266077548, 0.788892925, 0), (-0.351442069, 0.801607847, 0), (-0.438675582, 0.810733795, 0), (-0.526092947, 0.813885212, 0), (-0.608991683, 0.814198017, 0), (-0.68354702, 0.821892858, 0), (-0.74697113, 0.849548042, 0), (-0.791205347, 0.936532259, 0), (-0.833556354, 1.45192564, 0), (-0.769368947, 2.25258207, 0), (-0.224465117, 2.69120312, 0), (0.271716923, 2.81291771, 0), (0.379592508, 2.66616869, 0), (0.527373314, 2.44044042, 0), (0.76905483, 2.19977689, 0), (1.06049192, 1.98192227, 0), (1.36891758, 1.76974332, 0), (1.70180142, 1.51398301, 0), (2.05455899, 1.2358129, 0), (2.20020986, 1.14107561, 0), (1.95999646, 1.16040647, 0), (1.70396578, 0.808639884, 0), (1.43073559, 0.710354567, 0), (0.648068786, 0.854926765, 0), (0.297398895, 0.999259055, 0), (0.123652525, 1.10043573, 0), (0.0223831665, 1.16318369, 0), (-0.0447395965, 1.19998717, 0), (-0.0901314989, 1.22096837, 0), (-0.118340746, 1.23303378, 0), (-0.131717414, 1.24054575, 0), (-0.133089826, 1.2460835, 0), (-0.125923842, 1.25095487, 0), (-0.113673843, 1.25562954, 0), (-0.0991923138, 1.2601223, 0), (-0.0844823793, 1.26427853, 0), (-0.0707429871, 1.26794219, 0), (-0.0585568212, 1.27102458, 0), (-0.0481006727, 1.27351296, 0), (-0.0393190756, 1.27545047, 0), (-0.0320440121, 1.27691162, 0), (-0.0260681789, 1.27798128, 0), (-0.0211847238, 1.27874148, 0), (-0.017205812, 1.27926385, 0), (-0.013969155, 1.27960801, 0), (-0.0113383848, 1.2798208, 0), (-0.00920070708, 1.2799387, 0), (-0.00746363681, 1.27998924, 0), (-0.00605168426, 1.27999318, 0), (-0.00490336586, 1.27996576, 0), (-0.0039686407, 1.27991819, 0), (-0.00320676831, 1.27985835, 0), (-0.00258454634, 1.27979231, 0), (-0.0020748633, 1.27972353, 0), (-0.0016555175, 1.2796545, 0), (-0.00130824617, 1.27958632, 0), (-0.00101792824, 1.27951944, 0), (-0.000771922467, 1.27945447, 0), (-0.000559513515, 1.27939296, 0), (-0.00037167978, 1.27933884, 0), (0.0750956014, 0.519630969, 0), (0.0721132457, 0.527563632, 0), (0.0672232583, 0.536889732, 0), (0.0583621636, 0.54798609, 0), (0.0440206081, 0.560987949, 0), (0.0221687872, 0.574900031, 0), (-0.00919473264, 0.586881459, 0), (-0.0510480739, 0.593208373, 0), (-0.102811798, 0.591592848, 0), (-0.162989408, 0.581000865, 0), (-0.229633048, 0.560958922, 0), (-0.300602287, 0.53083396, 0), (-0.373553634, 0.489546984, 0), (-0.445797384, 0.436108828, 0), (-0.514191568, 0.371610612, 0), (-0.576161325, 0.298738688, 0), (-0.630392551, 0.220361948, 0), (-0.677585423, 0.144213423, 0), (-0.724215209, 0.0748457015, 0), (-0.771229923, 0.0801270083, 0), (-0.847512245, 0.480792791, 0), (-0.591088057, 0.801465809, 0), (-0.0718220323, 1.02076828, 0), (0.321127981, 1.12128592, 0), (0.673007488, 1.15884542, 0), (1.04456162, 1.15161324, 0), (1.45695543, 1.0846622, 0), (1.90892506, 0.962386191, 0), (2.2522614, 0.895277023, 0), (2.19910669, 0.916038632, 0), (1.90510237, 0.703073978, 0), (1.63683558, 0.550772965, 0), (1.13539553, 0.721989393, 0), (0.410112411, 0.887530565, 0), (0.127764821, 1.00655413, 0), (0.000100401732, 1.09243202, 0), (-0.0693624318, 1.15548253, 0), (-0.111752555, 1.20104837, 0), (-0.13755855, 1.23298216, 0), (-0.150358096, 1.25431836, 0), (-0.152365357, 1.26789117, 0), (-0.14598915, 1.27619135, 0), (-0.133899882, 1.2811451, 0), (-0.11865449, 1.28406286, 0), (-0.102355093, 1.28574538, 0), (-0.0864959583, 1.28664958, 0), (-0.0719819814, 1.28703332, 0), (-0.0592458807, 1.28705323, 0), (-0.0483931527, 1.2868166, 0), (-0.0393317789, 1.28640532, 0), (-0.0318699703, 1.2858845, 0), (-0.0257806461, 1.2853055, 0), (-0.0208390299, 1.28470695, 0), (-0.0168414358, 1.28411651, 0), (-0.0136123784, 1.28355265, 0), (-0.0110051921, 1.28302646, 0), (-0.00889951643, 1.2825439, 0), (-0.00719761988, 1.282107, 0), (-0.0058205775, 1.28171563, 0), (-0.00470479345, 1.28136778, 0), (-0.00379900867, 1.28106093, 0), (-0.003061831, 1.28079176, 0), (-0.00245972211, 1.2805568, 0), (-0.00196539355, 1.28035259, 0), (-0.00155655365, 1.28017533, 0), (-0.00121498853, 1.28002179, 0), (-0.000925982953, 1.27988839, 0), (-0.000678096025, 1.27977312, 0), (-0.000463203702, 1.27967501, 0), (-0.000276570121, 1.27959669, 0), (0.067212306, 0.519263029, 0), (0.0646838695, 0.524837017, 0), (0.0603912845, 0.529955208, 0), (0.0529557168, 0.534097552, 0), (0.0414075516, 0.536328733, 0), (0.024610525, 0.535247326, 0), (0.00151180406, 0.528894722, 0), (-0.0285478216, 0.515188634, 0), (-0.0656373203, 0.492448777, 0), (-0.109303959, 0.459501863, 0), (-0.158641398, 0.415435433, 0), (-0.212293014, 0.359319359, 0), (-0.268389761, 0.290300906, 0), (-0.324629009, 0.208167776, 0), (-0.378510028, 0.113963172, 0), (-0.427725971, 0.00959686469, 0), (-0.470623732, -0.104309104, 0), (-0.505008399, -0.227307901, 0), (-0.52766341, -0.365711808, 0), (-0.529914737, -0.533395529, 0), (-0.49740687, -0.769826293, 0), (-0.376294762, -0.762027919, 0), (-0.288305163, -0.560734689, 0), (-0.113085136, -0.285112888, 0), (0.181922391, 0.0242819283, 0), (0.618348897, 0.289226651, 0), (1.17223012, 0.472770154, 0), (1.77804303, 0.566364527, 0), (2.12248874, 0.59692049, 0), (2.02129269, 0.485350072, 0), (1.78233683, 0.367934465, 0), (1.48550999, 0.417025387, 0), (0.63901639, 0.748442054, 0), (0.15955618, 0.919622242, 0), (-0.0405064113, 1.03426993, 0), (-0.12889792, 1.12149632, 0), (-0.168458, 1.18808377, 0), (-0.184896916, 1.236974, 0), (-0.188440323, 1.27079463, 0), (-0.183428153, 1.29260516, 0), (-0.172176898, 1.30549204, 0), (-0.156516731, 1.3121345, 0), (-0.138237447, 1.31461406, 0), (-0.11903847, 1.31443465, 0), (-0.10033837, 1.31264091, 0), (-0.0831372216, 1.30994713, 0), (-0.0679950789, 1.30683553, 0), (-0.0551016256, 1.30362511, 0), (-0.0443880334, 1.3005178, 0), (-0.0356372744, 1.29763114, 0), (-0.0285700858, 1.29502404, 0), (-0.022901006, 1.29271555, 0), (-0.0183688905, 1.29069996, 0), (-0.0147495754, 1.2889576, 0), (-0.0118579129, 1.28746188, 0), (-0.00954446476, 1.28618419, 0), (-0.007690161, 1.28509629, 0), (-0.00620070193, 1.28417242, 0), (-0.00500152074, 1.28338921, 0), (-0.00403355807, 1.28272641, 0), (-0.00324985641, 1.28216672, 0), (-0.00261286157, 1.28169489, 0), (-0.00209229859, 1.28129828, 0), (-0.00166350952, 1.28096581, 0), (-0.00130617968, 1.28068769, 0), (-0.00100344617, 1.28045523, 0), (-0.000741506519, 1.28026021, 0), (-0.000510024431, 1.28009546, 0), (-0.000303815585, 1.27995539, 0), (-0.00012617468, 1.27984011, 0), (0.0561715104, 0.522176027, 0), (0.0547786914, 0.529327333, 0), (0.0524232313, 0.535156012, 0), (0.0483607911, 0.538744569, 0), (0.0419467613, 0.538852632, 0), (0.0325464606, 0.53404063, 0), (0.0194833577, 0.522637129, 0), (0.00223295274, 0.503009677, 0), (-0.0195532404, 0.47369507, 0), (-0.0459771305, 0.433542609, 0), (-0.0768732876, 0.381645024, 0), (-0.111729264, 0.317248911, 0), (-0.149586305, 0.23985073, 0), (-0.189041972, 0.149546742, 0), (-0.228405282, 0.0474070311, 0), (-0.265913546, -0.0652149916, 0), (-0.299385399, -0.186234504, 0), (-0.326217622, -0.313343734, 0), (-0.3428666, -0.444776684, 0), (-0.34300673, -0.5770244, 0), (-0.318151802, -0.702275097, 0), (-0.257701427, -0.783712864, 0), (-0.167523652, -0.862594843, 0), (-0.0452239439, -0.901895821, 0), (0.0912916735, -0.733592153, 0), (0.252562791, -0.332767397, 0), (0.612630725, 0.0630782247, 0), (1.25569189, 0.313821554, 0), (1.79496658, 0.288738489, 0), (1.82140207, 0.2215572, 0), (1.58811891, 0.280888647, 0), (0.976271033, 0.611403704, 0), (0.241697177, 0.87781769, 0), (-0.08754538, 1.04409051, 0), (-0.215116784, 1.1611762, 0), (-0.252739429, 1.24395251, 0), (-0.252373248, 1.29985869, 0), (-0.23770234, 1.33487511, 0), (-0.218412921, 1.35457361, 0), (-0.19758375, 1.36366236, 0), (-0.175829142, 1.36570287, 0), (-0.153390348, 1.36319184, 0), (-0.1308707, 1.35783172, 0), (-0.109198712, 1.35080886, 0), (-0.0893091485, 1.34298635, 0), (-0.0718671232, 1.33500266, 0), (-0.0571597442, 1.32731342, 0), (-0.045137573, 1.32021368, 0), (-0.0355293378, 1.31386316, 0), (-0.0279615521, 1.30831659, 0), (-0.022047285, 1.3035562, 0), (-0.0174369849, 1.29952097, 0), (-0.013839012, 1.29612935, 0), (-0.0110214911, 1.29329383, 0), (-0.0088051362, 1.29093075, 0), (-0.00705321971, 1.28896463, 0), (-0.0056618941, 1.28732979, 0), (-0.00455208588, 1.28597069, 0), (-0.00366319763, 1.28484082, 0), (-0.00294837705, 1.28390169, 0), (-0.00237101829, 1.28312194, 0), (-0.00190215872, 1.28247547, 0), (-0.00151850795, 1.28194129, 0), (-0.0012008932, 1.28150165, 0), (-0.000932969851, 1.28114164, 0), (-0.000700100209, 1.28084803, 0), (-0.000488474499, 1.28060734, 0), (-0.000285063026, 1.28040457, 0), (-8.05532109e-05, 1.28022194, 0), (0.000115935029, 1.28004563, 0), (0.0348807536, 0.529546678, 0), (0.0345078595, 0.543438792, 0), (0.0340673812, 0.556227446, 0), (0.0330929272, 0.56686157, 0), (0.0313983336, 0.574385762, 0), (0.0286211092, 0.577459276, 0), (0.0244456604, 0.574668765, 0), (0.0185398553, 0.564495862, 0), (0.0106096724, 0.545483828, 0), (0.000394181727, 0.516287804, 0), (-0.012299763, 0.475716293, 0), (-0.0275335666, 0.422742218, 0), (-0.0451520048, 0.356563717, 0), (-0.0647160932, 0.276796281, 0), (-0.0855127051, 0.183733687, 0), (-0.106621332, 0.0784970969, 0), (-0.126910895, -0.0371213593, 0), (-0.144778743, -0.160498321, 0), (-0.157824323, -0.286845982, 0), (-0.163184032, -0.409706235, 0), (-0.157755971, -0.519078076, 0), (-0.137481689, -0.600610971, 0), (-0.100448191, -0.646093607, 0), (-0.0518082567, -0.643521607, 0), (0.00102791458, -0.58664608, 0), (0.053730078, -0.443445385, 0), (0.0975439772, -0.00254978891, 0), (0.526087642, 0.336464465, 0), (1.21427619, 0.45056048, 0), (1.50076902, 0.541947007, 0), (1.07599211, 0.85392189, 0), (0.409598082, 1.22823906, 0), (-0.0333768427, 1.41243184, 0), (-0.230003864, 1.50795889, 0), (-0.28584832, 1.55526423, 0), (-0.276805133, 1.5712328, 0), (-0.245346218, 1.56633866, 0), (-0.211572528, 1.54862297, 0), (-0.182162091, 1.52409995, 0), (-0.157341003, 1.49687207, 0), (-0.13539356, 1.46948373, 0), (-0.114913985, 1.44337845, 0), (-0.0954685137, 1.41930723, 0), (-0.0773884431, 1.39762199, 0), (-0.0612758771, 1.37845218, 0), (-0.0475936793, 1.36179137, 0), (-0.036483828, 1.34753573, 0), (-0.0277852938, 1.33550656, 0), (-0.0211498514, 1.32547295, 0), (-0.0161656085, 1.31717813, 0), (-0.0124431392, 1.3103627, 0), (-0.00965737458, 1.3047837, 0), (-0.00755713973, 1.30022407, 0), (-0.00595737342, 1.29649818, 0), (-0.00472521782, 1.29345083, 0), (-0.0037661735, 1.29095459, 0), (-0.00301279919, 1.28890622, 0), (-0.00241637882, 1.28722274, 0), (-0.00194111571, 1.28583729, 0), (-0.00156019325, 1.28469634, 0), (-0.00125311245, 1.28375733, 0), (-0.00100385479, 1.28298593, 0), (-0.000799545611, 1.28235495, 0), (-0.000629364396, 1.28184283, 0), (-0.000483442942, 1.28143191, 0), (-0.000351354654, 1.28110802, 0), (-0.000219356938, 1.28085661, 0), (-6.43956446e-05, 1.28065681, 0), (0.000159826697, 1.28046274, 0), (0.0005682357, 1.28014624, 0), (0, 0.538790703, 0), (0, 0.562234461, 0), (0, 0.585410476, 0), (0, 0.608047426, 0), (0, 0.629556179, 0), (0, 0.649272561, 0), (0, 0.666306078, 0), (0, 0.679641724, 0), (0, 0.688142121, 0), (0, 0.69056958, 0), (0, 0.685579419, 0), (0, 0.671701133, 0), (0, 0.647367418, 0), (0, 0.611040354, 0), (0, 0.561456263, 0), (0, 0.497933477, 0), (0, 0.420671403, 0), (0, 0.331107527, 0), (0, 0.232357442, 0), (0, 0.129342407, 0), (0, 0.0287133567, 0), (0, -0.0606336221, 0), (0, -0.127091274, 0), (0, -0.163536385, 0), (0, -0.166856244, 0), (0, -0.135431692, 0), (0, -0.0672505796, 0), (0, 0.350550562, 0), (0, 0.959494114, 0), (0, 1.84977341, 0), (0, 2.54654098, 0), (0, 2.81721663, 0), (0, 2.79567528, 0), (0, 2.64280105, 0), (0, 2.45237112, 0), (0, 2.26774859, 0), (0, 2.10395551, 0), (0, 1.96258688, 0), (0, 1.84076524, 0), (0, 1.73545015, 0), (0, 1.64473832, 0), (0, 1.56765997, 0), (0, 1.50353265, 0), (0, 1.45145285, 0), (0, 1.41011393, 0), (0, 1.37790048, 0), (0, 1.35310161, 0), (0, 1.33411336, 0), (0, 1.31956327, 0), (0, 1.30835283, 0), (0, 1.2996428, 0), (0, 1.29281032, 0), (0, 1.28739917, 0), (0, 1.28307676, 0), (0, 1.27959824, 0), (0, 1.27678192, 0), (0, 1.27449059, 0), (0, 1.27261961, 0), (0, 1.27108777, 0), (0, 1.26983202, 0), (0, 1.26880276, 0), (0, 1.26796091, 0), (0, 1.26727605, 0), (0, 1.26672518, 0), (0, 1.26629174, 0), (0, 1.26596606, 0), (0, 1.26574779, 0), (0, 1.26565206, 0), (0, 1.26572478, 0), (0, 1.26608872, 0)] (
            interpolation = "uniform"
        )
        vector3f[] primvars:Solids_Velocity_1 = [(-0.0155197429, 0.00996329635, 0), (-0.01993002, 0.0227925479, 0), (-0.0300958846, 0.0422829241, 0), (-0.0484866984, 0.0741035417, 0), (-0.0779562369, 0.122240029, 0), (-0.189003214, 0.370643377, 0), (-0.22270675, 0.801402748, 0), (-0.245683789, 1.23790395, 0), (-0.228797033, 1.67554963, 0), (-0.193982571, 2.11995363, 0), (-0.192942351, 2.40825486, 0), (-0.182047904, 2.6746192, 0), (-0.166874602, 2.93929791, 0), (-0.146184191, 3.20572996, 0), (-0.1248786, 3.47232866, 0), (-0.0885556266, 3.72960854, 0), (0.00685715908, 3.93683672, 0), (0.156726256, 4.03645897, 0), (0.305808634, 4.02831936, 0), (0.433710814, 3.91860867, 0), (0.531629562, 3.7153616, 0), (0.605855346, 3.41719794, 0), (0.652686715, 3.02129531, 0), (0.643896222, 2.54715466, 0), (0.536358654, 2.01125312, 0), (0.305786312, 1.47228372, 0), (0.0476870127, 1.1201185, 0), (0.0677281171, 1.02005267, 0), (0.261953801, 0.961922824, 0), (0.35673663, 0.894882619, 0), (0.356947839, 0.894789994, 0), (0.162297875, 0.335288614, 0), (0.0118802143, 0.0142848985, 0), (9.39932434e-08, 7.3337465e-09, 0), (1.77344856e-18, 2.60049289e-18, 0), (1.31785591e-38, 3.51326657e-38, 0), (0, 0, 0), (0, 0, 0), (0, 0, 0), (0, 0, 0), (0, 0, 0), (0, 0, 0), (0, 0, 0), (0, 0, 0), (0, 0, 0), (0, 0, 0), (0, 0, 0), (0, 0, 0), (0, 0, 0), (0, 0, 0), (0, 0, 0), (0, 0, 0), (0, 0, 0), (0, 0, 0), (0, 0, 0), (0, 0, 0), (0, 0, 0), (0, 0, 0), (0, 0, 0), (0, 0, 0), (0, 0, 0), (0, 0, 0), (0, 0, 0), (0, 0, 0), (0, 0, 0), (0, 0, 0), (0, 0, 0), (0, 0, 0), (0, 0, 0), (0, 0, 0), (-0.0450148396, 0.0193656664, 0), (-0.0523501597, 0.0406226665, 0), (-0.0677247047, 0.0652342141, 0), (-0.0919311047, 0.0935472697, 0), (-0.124485344, 0.122745447, 0), (-0.156738147, 0.141277105, 0), (-0.227585569, 0.79633075, 0), (-0.254647195, 1.10620618, 0), (-0.288535058, 0.304339737, 0), (-0.341711074, 0.438820809, 0), (-0.386566281, 0.583362937, 0), (-0.429471493, 0.76306349, 0), (-0.465629905, 0.979278445, 0), (-0.483157665, 1.21562517, 0), (-0.48232016, 1.45112443, 0), (-0.434363097, 1.69499266, 0), (-0.29048714, 1.94778025, 0), (-0.00965365581, 2.15216565, 0), (0.323721737, 2.25627804, 0), (0.630251288, 2.26148319, 0), (0.846922696, 2.17863631, 0), (0.940862119, 2.02307248, 0), (0.897694051, 1.81256473, 0), (0.687264442, 1.52147496, 0), (0.37991783, 1.13327575, 0), (0.152096093, 0.837248325, 0), (0.263026804, 0.683586299, 0), (0.47295478, 0.561534643, 0), (0.368421972, 0.46020788, 0), (0.363255143, 0.676568687, 0), (0.371308684, 0.255145818, 0), (0.0426201224, 0.0193728153, 0), (1.73123215e-06, -1.51692049e-07, 0), (4.2683499e-17, 3.558217e-17, 0), (3.84955136e-36, 6.63475945e-36, 0), (0, 0, 0), (0, 0, 0), (0, 0, 0), (0, 0, 0), (0, 0, 0), (0, 0, 0), (0, 0, 0), (0, 0, 0), (0, 0, 0), (0, 0, 0), (0, 0, 0), (0, 0, 0), (0, 0, 0), (0, 0, 0), (0, 0, 0), (0, 0, 0), (0, 0, 0), (0, 0, 0), (0, 0, 0), (0, 0, 0), (0, 0, 0), (0, 0, 0), (0, 0, 0), (0, 0, 0), (0, 0, 0), (0, 0, 0), (0, 0, 0), (0, 0, 0), (0, 0, 0), (0, 0, 0), (0, 0, 0), (0, 0, 0), (0, 0, 0), (0, 0, 0), (0, 0, 0), (-0.072568424, 0.0182242952, 0), (-0.0806878358, 0.0369221866, 0), (-0.0969998091, 0.0561809577, 0), (-0.121347226, 0.0754036605, 0), (-0.152997732, 0.0944001228, 0), (-0.192864954, 0.116155356, 0), (-0.252680093, 0.126287967, 0), (-0.30601114, 0.148598582, 0), (-0.355735719, 0.183490098, 0), (-0.376216024, 0.357769907, 0), (-0.428008616, 0.47159946, 0), (-0.511080384, 0.373797327, 0), (-0.571621597, 0.46498996, 0), (-0.659554362, 0.595428526, 0), (-0.706934571, 0.774908125, 0), (-0.710601568, 0.99266088, 0), (-0.631440878, 1.21735704, 0), (-0.299586087, 1.43388462, 0), (0.311950743, 1.48128605, 0), (0.759229302, 1.42374718, 0), (0.9120906, 1.34830332, 0), (0.822928667, 1.25143862, 0), (0.593173504, 1.05976975, 0), (0.370643258, 0.775713861, 0), (0.335843503, 0.583414197, 0), (0.494501919, 0.405781657, 0), (0.380177557, 0.349644989, 0), (0.427838296, 0.453708678, 0), (0.370543212, 0.457481861, 0), (0.322166175, 0.0432084538, 0), (0.0409246907, 0.00659527536, 0), (5.01331624e-06, -7.80591733e-08, 0), (1.0693475e-14, -5.77838465e-15, 0), (4.6329146e-36, 4.55686907e-36, 0), (0, 0, 0), (0, 0, 0), (0, 0, 0), (0, 0, 0), (0, 0, 0), (0, 0, 0), (0, 0, 0), (0, 0, 0), (0, 0, 0), (0, 0, 0), (0, 0, 0), (0, 0, 0), (0, 0, 0), (0, 0, 0), (0, 0, 0), (0, 0, 0), (0, 0, 0), (0, 0, 0), (0, 0, 0), (0, 0, 0), (0, 0, 0), (0, 0, 0), (0, 0, 0), (0, 0, 0), (0, 0, 0), (0, 0, 0), (0, 0, 0), (0, 0, 0), (0, 0, 0), (0, 0, 0), (0, 0, 0), (0, 0, 0), (0, 0, 0), (0, 0, 0), (0, 0, 0), (0, 0, 0), (-0.0882511511, 0.0104623074, 0), (-0.0962229595, 0.0208251104, 0), (-0.112220161, 0.0309131294, 0), (-0.136178195, 0.0406788439, 0), (-0.168063775, 0.0504746325, 0), (-0.208291233, 0.0608760379, 0), (-0.258718252, 0.0645614192, 0), (-0.312532842, 0.0683260411, 0), (-0.369614601, 0.0766631216, 0), (-0.431768656, 0.0887749791, 0), (-0.497817695, 0.103824377, 0), (-0.564872563, 0.122506022, 0), (-0.604239285, 0.306128711, 0), (-0.678494692, 0.400945932, 0), (-0.732006133, 0.228788033, 0), (-0.742878795, 0.317226082, 0), (-0.756688297, 0.476623416, 0), (-0.663321376, 0.755964994, 0), (-0.217127308, 0.919182122, 0), (0.609019518, 0.844797254, 0), (0.649716616, 0.726483822, 0), (0.520596981, 0.554067075, 0), (0.470929682, 0.390538156, 0), (0.53887099, 0.225602269, 0), (0.438441038, 0.40168184, 0), (0.496459991, 0.400351524, 0), (0.382754803, 0.346147954, 0), (0.548865736, -0.0971074477, 0), (0.190733418, -0.0271521527, 0), (0.0144619038, -0.000176749629, 0), (3.66792619e-06, -3.90676149e-07, 0), (1.43915817e-13, -5.20306996e-14, 0), (3.70057024e-31, -2.59029067e-31, 0), (0, 0, 0), (0, 0, 0), (0, 0, 0), (0, 0, 0), (0, 0, 0), (0, 0, 0), (0, 0, 0), (0, 0, 0), (0, 0, 0), (0, 0, 0), (0, 0, 0), (0, 0, 0), (0, 0, 0), (0, 0, 0), (0, 0, 0), (0, 0, 0), (0, 0, 0), (0, 0, 0), (0, 0, 0), (0, 0, 0), (0, 0, 0), (0, 0, 0), (0, 0, 0), (0, 0, 0), (0, 0, 0), (0, 0, 0), (0, 0, 0), (0, 0, 0), (0, 0, 0), (0, 0, 0), (0, 0, 0), (0, 0, 0), (0, 0, 0), (0, 0, 0), (0, 0, 0), (0, 0, 0), (0, 0, 0), (-0.087783657, -0.000142443649, 0), (-0.0948866084, -0.000893396675, 0), (-0.109122582, -0.00281460606, 0), (-0.130551502, -0.00649706274, 0), (-0.159172252, -0.0124353683, 0), (-0.195006773, -0.0214786455, 0), (-0.237807468, -0.0353882872, 0), (-0.286720991, -0.0530048981, 0), (-0.340138823, -0.0732091218, 0), (-0.398045808, -0.0961913243, 0), (-0.459124535, -0.122030847, 0), (-0.521294117, -0.150217548, 0), (-0.58210057, -0.180813268, 0), (-0.638107598, -0.216986269, 0), (-0.682284117, -0.259098321, 0), (-0.720913827, -0.000216242421, 0), (-0.689332962, -0.310578406, 0), (-0.610859454, -0.286331892, 0), (-0.517395258, -0.0687057078, 0), (-0.281310618, -0.156139031, 0), (0.326487124, -0.132841825, 0), (0.533327401, -0.210537061, 0), (0.502811253, 0.0866667777, 0), (0.540034115, 0.220440745, 0), (0.742669582, -0.407265455, 0), (0.587482095, -0.294569492, 0), (0.332738698, -0.146196201, 0), (0.083386004, -0.0169677213, 0), (0.00212084688, -0.000107263622, 0), (4.7812398e-07, -1.21132516e-07, 0), (1.03623022e-13, -3.49025178e-14, 0), (7.50006472e-29, -4.70319886e-29, 0), (0, 0, 0), (0, 0, 0), (0, 0, 0), (0, 0, 0), (0, 0, 0), (0, 0, 0), (0, 0, 0), (0, 0, 0), (0, 0, 0), (0, 0, 0), (0, 0, 0), (0, 0, 0), (0, 0, 0), (0, 0, 0), (0, 0, 0), (0, 0, 0), (0, 0, 0), (0, 0, 0), (0, 0, 0), (0, 0, 0), (0, 0, 0), (0, 0, 0), (0, 0, 0), (0, 0, 0), (0, 0, 0), (0, 0, 0), (0, 0, 0), (0, 0, 0), (0, 0, 0), (0, 0, 0), (0, 0, 0), (0, 0, 0), (0, 0, 0), (0, 0, 0), (0, 0, 0), (0, 0, 0), (0, 0, 0), (0, 0, 0), (-0.0723210722, -0.010027431, 0), (-0.0779201388, -0.0210276023, 0), (-0.0891771838, -0.0340600461, 0), (-0.106125697, -0.050099507, 0), (-0.128810883, -0.0701822713, 0), (-0.157188952, -0.0953459293, 0), (-0.191050082, -0.126822084, 0), (-0.229874656, -0.164721832, 0), (-0.273083627, -0.209414363, 0), (-0.319889843, -0.261239767, 0), (-0.368994623, -0.320334584, 0), (-0.419856519, -0.386672854, 0), (-0.467673928, -0.460616827, 0), (-0.509973764, -0.543132603, 0), (-0.54199177, -0.634087563, 0), (-0.558307409, -0.731321037, 0), (-0.592380285, -0.661443591, 0), (-0.569352031, -0.580745161, 0), (-0.496517301, -0.392427415, 0), (-0.32955277, -0.287631154, 0), (0.151606843, -0.185994625, 0), (0.472415, -0.22318542, 0), (0.490007699, -0.910937786, 0), (0.523374498, -0.672588289, 0), (0.347174346, -0.365411222, 0), (0.140758857, -0.087475799, 0), (0.0169693697, -0.000805641874, 0), (7.29501471e-06, -3.69677014e-06, 0), (1.28982762e-08, -5.44885115e-09, 0), (1.8324139e-15, -7.88984879e-16, 0), (5.1438742e-29, -3.01585132e-29, 0), (0, 0, 0), (0, 0, 0), (0, 0, 0), (0, 0, 0), (0, 0, 0), (0, 0, 0), (0, 0, 0), (0, 0, 0), (0, 0, 0), (0, 0, 0), (0, 0, 0), (0, 0, 0), (0, 0, 0), (0, 0, 0), (0, 0, 0), (0, 0, 0), (0, 0, 0), (0, 0, 0), (0, 0, 0), (0, 0, 0), (0, 0, 0), (0, 0, 0), (0, 0, 0), (0, 0, 0), (0, 0, 0), (0, 0, 0), (0, 0, 0), (0, 0, 0), (0, 0, 0), (0, 0, 0), (0, 0, 0), (0, 0, 0), (0, 0, 0), (0, 0, 0), (0, 0, 0), (0, 0, 0), (0, 0, 0), (0, 0, 0), (0, 0, 0), (-0.0474447496, -0.0161831919, 0), (-0.0511953868, -0.0335858539, 0), (-0.0587469153, -0.0534665883, 0), (-0.0701295882, -0.0770931244, 0), (-0.0854341909, -0.105706222, 0), (-0.104683734, -0.140509769, 0), (-0.127834797, -0.182594761, 0), (-0.154699728, -0.232814133, 0), (-0.184934452, -0.291802257, 0), (-0.217944443, -0.359937578, 0), (-0.252768725, -0.438332587, 0), (-0.288008541, -0.52476722, 0), (-0.321751177, -0.619377911, 0), (-0.351502657, -0.721225917, 0), (-0.374196172, -0.828558445, 0), (-0.386523396, -0.938194633, 0), (-0.385503739, -1.04496813, 0), (-0.369241059, -1.14226675, 0), (-0.337184697, -1.22799015, 0), (-0.286925852, -1.3083967, 0), (-0.215218961, -1.35896242, 0), (-0.120897859, -1.41477227, 0), (-0.015772514, -0.875606716, 0), (0.19000794, -0.292997003, 0), (0.495864451, -0.00226746267, 0), (1.36772669e-05, -1.66995014e-05, 0), (4.09138806e-07, -3.33618715e-07, 0), (4.60238239e-13, -2.92875045e-13, 0), (2.12532271e-18, -1.27275593e-18, 0), (1.92686593e-32, -1.2831066e-32, 0), (0, 0, 0), (0, 0, 0), (0, 0, 0), (0, 0, 0), (0, 0, 0), (0, 0, 0), (0, 0, 0), (0, 0, 0), (0, 0, 0), (0, 0, 0), (0, 0, 0), (0, 0, 0), (0, 0, 0), (0, 0, 0), (0, 0, 0), (0, 0, 0), (0, 0, 0), (0, 0, 0), (0, 0, 0), (0, 0, 0), (0, 0, 0), (0, 0, 0), (0, 0, 0), (0, 0, 0), (0, 0, 0), (0, 0, 0), (0, 0, 0), (0, 0, 0), (0, 0, 0), (0, 0, 0), (0, 0, 0), (0, 0, 0), (0, 0, 0), (0, 0, 0), (0, 0, 0), (0, 0, 0), (0, 0, 0), (0, 0, 0), (0, 0, 0), (0, 0, 0), (-0.0218108017, -0.0165766608, 0), (-0.0237439163, -0.0344003998, 0), (-0.0275504012, -0.0546528548, 0), (-0.0333761834, -0.0786917135, 0), (-0.0412344709, -0.107728772, 0), (-0.0512564667, -0.143030867, 0), (-0.0634981096, -0.185745463, 0), (-0.0779891238, -0.236887559, 0), (-0.0946610197, -0.297247916, 0), (-0.113295436, -0.367287725, 0), (-0.133456677, -0.446986377, 0), (-0.154449046, -0.535723567, 0), (-0.175291061, -0.632238746, 0), (-0.194703192, -0.734628737, 0), (-0.211120203, -0.840250194, 0), (-0.222795382, -0.945566416, 0), (-0.228002295, -1.04611492, 0), (-0.225232869, -1.13690531, 0), (-0.213089019, -1.21309423, 0), (-0.189674169, -1.26874053, 0), (-0.152845845, -1.29428577, 0), (-0.0994233564, -1.2832551, 0), (-0.0254791509, -1.24717832, 0), (0.0554267578, -1.08639526, 0), (0.107116416, -0.51581496, 0), (0.219647661, -3.41007149e-12, 0), (0.272859067, -1.73480267e-15, 0), (2.35112982e-27, -2.14825891e-27, 0), (1.31125831e-38, -1.12517554e-38, 0), (0, 0, 0), (0, 0, 0), (0, 0, 0), (0, 0, 0), (0, 0, 0), (0, 0, 0), (0, 0, 0), (0, 0, 0), (0, 0, 0), (0, 0, 0), (0, 0, 0), (0, 0, 0), (0, 0, 0), (0, 0, 0), (0, 0, 0), (0, 0, 0), (0, 0, 0), (0, 0, 0), (0, 0, 0), (0, 0, 0), (0, 0, 0), (0, 0, 0), (0, 0, 0), (0, 0, 0), (0, 0, 0), (0, 0, 0), (0, 0, 0), (0, 0, 0), (0, 0, 0), (0, 0, 0), (0, 0, 0), (0, 0, 0), (0, 0, 0), (0, 0, 0), (0, 0, 0), (0, 0, 0), (0, 0, 0), (0, 0, 0), (0, 0, 0), (0, 0, 0), (0, 0, 0), (-0.00452118414, -0.010990859, 0), (-0.00500926888, -0.0228277035, 0), (-0.00605012709, -0.036627803, 0), (-0.00757863373, -0.0532240346, 0), (-0.00971085764, -0.073748976, 0), (-0.0124667371, -0.0991970822, 0), (-0.0159355644, -0.130650461, 0), (-0.0201867353, -0.169127017, 0), (-0.0252891071, -0.215555251, 0), (-0.0312786177, -0.270655841, 0), (-0.0381343178, -0.334802032, 0), (-0.0457539968, -0.407869667, 0), (-0.0539358221, -0.48912859, 0), (-0.0623604767, -0.577207208, 0), (-0.0705709681, -0.670100331, 0), (-0.077967532, -0.765175998, 0), (-0.0838389844, -0.859185278, 0), (-0.087421082, -0.948322415, 0), (-0.0879121721, -1.02823937, 0), (-0.0844049454, -1.09370697, 0), (-0.0761374906, -1.1380235, 0), (-0.0606699139, -1.15294492, 0), (-0.0346725062, -1.12757981, 0), (-0.00437448313, -1.06040847, 0), (0.0248083267, -1.00767314, 0), (0.0618545823, -0.842476428, 0), (0.106716484, -0.384044051, 0), (0, 0, 0), (0, 0, 0), (0, 0, 0), (0, 0, 0), (0, 0, 0), (0, 0, 0), (0, 0, 0), (0, 0, 0), (0, 0, 0), (0, 0, 0), (0, 0, 0), (0, 0, 0), (0, 0, 0), (0, 0, 0), (0, 0, 0), (0, 0, 0), (0, 0, 0), (0, 0, 0), (0, 0, 0), (0, 0, 0), (0, 0, 0), (0, 0, 0), (0, 0, 0), (0, 0, 0), (0, 0, 0), (0, 0, 0), (0, 0, 0), (0, 0, 0), (0, 0, 0), (0, 0, 0), (0, 0, 0), (0, 0, 0), (0, 0, 0), (0, 0, 0), (0, 0, 0), (0, 0, 0), (0, 0, 0), (0, 0, 0), (0, 0, 0), (0, 0, 0), (0, 0, 0), (0, 0, 0), (0, 0, 0), (0, -0.00239601219, 0), (0, -0.00513911061, 0), (0, -0.00850650668, 0), (0, -0.012964637, 0), (0, -0.0188740455, 0), (0, -0.0267334078, 0), (0, -0.0370540433, 0), (0, -0.0504228845, 0), (0, -0.0674696788, 0), (0, -0.0888425782, 0), (0, -0.115147099, 0), (0, -0.146864444, 0), (0, -0.184265852, 0), (0, -0.227348864, 0), (0, -0.275802255, 0), (0, -0.328975677, 0), (0, -0.385819644, 0), (0, -0.444787592, 0), (0, -0.503692985, 0), (0, -0.559525847, 0), (0, -0.608637273, 0), (0, -0.645809293, 0), (0, -0.664080083, 0), (0, -0.662665546, 0), (0, -0.647893608, 0), (0, -0.61376822, 0), (0, -0.52537173, 0), (0, 0, 0), (0, 0, 0), (0, 0, 0), (0, 0, 0), (0, 0, 0), (0, 0, 0), (0, 0, 0), (0, 0, 0), (0, 0, 0), (0, 0, 0), (0, 0, 0), (0, 0, 0), (0, 0, 0), (0, 0, 0), (0, 0, 0), (0, 0, 0), (0, 0, 0), (0, 0, 0), (0, 0, 0), (0, 0, 0), (0, 0, 0), (0, 0, 0), (0, 0, 0), (0, 0, 0), (0, 0, 0), (0, 0, 0), (0, 0, 0), (0, 0, 0), (0, 0, 0), (0, 0, 0), (0, 0, 0), (0, 0, 0), (0, 0, 0), (0, 0, 0), (0, 0, 0), (0, 0, 0), (0, 0, 0), (0, 0, 0), (0, 0, 0), (0, 0, 0), (0, 0, 0), (0, 0, 0), (0, 0, 0)] (
            interpolation = "uniform"
        )
        vector3f[] primvars:Solids_Velocity_2 = [(-0.0155294361, 0.00997063518, 0), (-0.0199461821, 0.0228163395, 0), (-0.0301311463, 0.0423553139, 0), (-0.0485868715, 0.0741070881, 0), (-0.0784329847, 0.125799358, 0), (-0.130397886, 0.211002022, 0), (-0.254606783, 0.520087361, 0), (-0.245364472, 0.867876947, 0), (-0.226922914, 1.21849358, 0), (-0.19200258, 1.5822767, 0), (-0.184713379, 1.8711133, 0), (-0.179121554, 2.14252782, 0), (-0.173276797, 2.41626978, 0), (-0.163733751, 2.69392133, 0), (-0.151751727, 2.97156262, 0), (-0.120407939, 3.24116015, 0), (-0.03664691, 3.47191548, 0), (0.0913770422, 3.60564804, 0), (0.222244784, 3.63961601, 0), (0.341161728, 3.57473087, 0), (0.44339934, 3.41256309, 0), (0.5289976, 3.14853907, 0), (0.583121836, 2.77920413, 0), (0.568825185, 2.30934858, 0), (0.453220129, 1.74855304, 0), (0.257756442, 1.14550781, 0), (0.136428133, 0.616115987, 0), (0.227153614, 0.378543317, 0), (0.32264635, 0.32501334, 0), (0.354566067, 0.30294463, 0), (0.371987045, 0.347369492, 0), (0.411847591, 0.381092697, 0), (0.426918, 0.12608178, 0), (0.407383949, -0.50280267, 0), (0.40738526, -0.502765238, 0), (0, 0, 0), (0, 0, 0), (0, 0, 0), (0, 0, 0), (0, 0, 0), (0, 0, 0), (0, 0, 0), (0, 0, 0), (0, 0, 0), (0, 0, 0), (0, 0, 0), (0, 0, 0), (0, 0, 0), (0, 0, 0), (0, 0, 0), (0, 0, 0), (0, 0, 0), (0, 0, 0), (0, 0, 0), (0, 0, 0), (0, 0, 0), (0, 0, 0), (0, 0, 0), (0, 0, 0), (0, 0, 0), (0, 0, 0), (0, 0, 0), (0, 0, 0), (0, 0, 0), (0, 0, 0), (0, 0, 0), (0, 0, 0), (0, 0, 0), (0, 0, 0), (0, 0, 0), (-0.0450413041, 0.0193792023, 0), (-0.0523892343, 0.0406613871, 0), (-0.0677943677, 0.0653318167, 0), (-0.092079103, 0.093784973, 0), (-0.124469683, 0.123813443, 0), (-0.158157036, 0.141697779, 0), (-0.235320345, 0.189625636, 0), (-0.276177824, 0.204330981, 0), (-0.303673089, 0.256799132, 0), (-0.342276365, 0.358767658, 0), (-0.387584835, 0.495436132, 0), (-0.430968404, 0.664491832, 0), (-0.467906326, 0.861351609, 0), (-0.486701578, 1.07448995, 0), (-0.49095881, 1.29694724, 0), (-0.450160444, 1.53035057, 0), (-0.316314101, 1.76425648, 0), (-0.0480620079, 1.95212817, 0), (0.263859808, 2.04451823, 0), (0.548299551, 2.05089235, 0), (0.751081705, 1.98150587, 0), (0.833912134, 1.84274614, 0), (0.775520027, 1.6235584, 0), (0.57496959, 1.27736223, 0), (0.324972332, 0.767142475, 0), (0.264080763, 0.236342743, 0), (0.41278407, 0.0371647999, 0), (0.528259695, -0.00314124557, 0), (0.587305188, -0.0257912446, 0), (0.615082979, 0.000978114549, 0), (0.66229111, 0.102747232, 0), (0.732275009, 0.129055381, 0), (0.67996186, -0.196308583, 0), (0.424910516, -0.0168991126, 0), (0.424912155, -0.0168896578, 0), (0, 0, 0), (0, 0, 0), (0, 0, 0), (0, 0, 0), (0, 0, 0), (0, 0, 0), (0, 0, 0), (0, 0, 0), (0, 0, 0), (0, 0, 0), (0, 0, 0), (0, 0, 0), (0, 0, 0), (0, 0, 0), (0, 0, 0), (0, 0, 0), (0, 0, 0), (0, 0, 0), (0, 0, 0), (0, 0, 0), (0, 0, 0), (0, 0, 0), (0, 0, 0), (0, 0, 0), (0, 0, 0), (0, 0, 0), (0, 0, 0), (0, 0, 0), (0, 0, 0), (0, 0, 0), (0, 0, 0), (0, 0, 0), (0, 0, 0), (0, 0, 0), (0, 0, 0), (-0.0726073384, 0.0182357654, 0), (-0.0807411224, 0.0369522758, 0), (-0.0970829651, 0.0562454686, 0), (-0.121492408, 0.0755411014, 0), (-0.153278381, 0.0943735242, 0), (-0.192854792, 0.117083706, 0), (-0.252700239, 0.128470644, 0), (-0.306077659, 0.147963762, 0), (-0.355893165, 0.1820281, 0), (-0.41206184, 0.227395117, 0), (-0.473774344, 0.283181757, 0), (-0.536347806, 0.351173669, 0), (-0.595479846, 0.433420539, 0), (-0.65926218, 0.543311477, 0), (-0.707338035, 0.68185252, 0), (-0.711564422, 0.848491073, 0), (-0.637433887, 1.05476427, 0), (-0.318848014, 1.26603162, 0), (0.264120966, 1.31429112, 0), (0.663156092, 1.26733959, 0), (0.795641482, 1.18654168, 0), (0.70953393, 1.04447508, 0), (0.514905334, 0.753894866, 0), (0.384380698, 0.286612332, 0), (0.445933908, -0.0915673673, 0), (0.574403584, -0.206477791, 0), (0.686986148, -0.24142395, 0), (0.768225074, -0.260888517, 0), (0.820841551, -0.26017797, 0), (0.871703982, -0.184625342, 0), (0.95679307, -0.0366581604, 0), (0.939643502, -0.0909561291, 0), (0.747871935, -0.567751646, 0), (0.424312621, -0.0107554635, 0), (0.424314499, -0.0107480325, 0), (0, 0, 0), (0, 0, 0), (0, 0, 0), (0, 0, 0), (0, 0, 0), (0, 0, 0), (0, 0, 0), (0, 0, 0), (0, 0, 0), (0, 0, 0), (0, 0, 0), (0, 0, 0), (0, 0, 0), (0, 0, 0), (0, 0, 0), (0, 0, 0), (0, 0, 0), (0, 0, 0), (0, 0, 0), (0, 0, 0), (0, 0, 0), (0, 0, 0), (0, 0, 0), (0, 0, 0), (0, 0, 0), (0, 0, 0), (0, 0, 0), (0, 0, 0), (0, 0, 0), (0, 0, 0), (0, 0, 0), (0, 0, 0), (0, 0, 0), (0, 0, 0), (0, 0, 0), (-0.0882940814, 0.0104681626, 0), (-0.096279107, 0.0208395496, 0), (-0.11230132, 0.0309410561, 0), (-0.136305377, 0.0407296307, 0), (-0.168275982, 0.0505661294, 0), (-0.208662793, 0.0608652979, 0), (-0.258724868, 0.0645364746, 0), (-0.312544346, 0.0682899207, 0), (-0.369628608, 0.0766220093, 0), (-0.43178454, 0.0887344927, 0), (-0.497835368, 0.103797771, 0), (-0.564889967, 0.122495621, 0), (-0.630831957, 0.147224694, 0), (-0.695981264, 0.174049199, 0), (-0.748288095, 0.205280602, 0), (-0.770523071, 0.251174957, 0), (-0.751301765, 0.342385679, 0), (-0.64792496, 0.582246363, 0), (-0.193643779, 0.692928791, 0), (0.55692184, 0.584538639, 0), (0.584230602, 0.395053744, 0), (0.508921504, 0.0948857889, 0), (0.516670823, -0.208433434, 0), (0.598743558, -0.382617861, 0), (0.704737663, -0.451381028, 0), (0.808771074, -0.467166007, 0), (0.901563942, -0.466192752, 0), (0.982394278, -0.4620215, 0), (1.06035888, -0.420058429, 0), (1.14053142, -0.28443101, 0), (1.16038227, -0.189922228, 0), (1.00381529, -0.430682987, 0), (0.745070398, -0.831980228, 0), (0.43513155, -0.0109034702, 0), (0.435133725, -0.0108960411, 0), (2.47306643e-32, 0, 0), (0, 0, 0), (0, 0, 0), (0, 0, 0), (0, 0, 0), (0, 0, 0), (0, 0, 0), (0, 0, 0), (0, 0, 0), (0, 0, 0), (0, 0, 0), (0, 0, 0), (0, 0, 0), (0, 0, 0), (0, 0, 0), (0, 0, 0), (0, 0, 0), (0, 0, 0), (0, 0, 0), (0, 0, 0), (0, 0, 0), (0, 0, 0), (0, 0, 0), (0, 0, 0), (0, 0, 0), (0, 0, 0), (0, 0, 0), (0, 0, 0), (0, 0, 0), (0, 0, 0), (0, 0, 0), (0, 0, 0), (0, 0, 0), (0, 0, 0), (0, 0, 0), (-0.0878227651, -0.000142559249, 0), (-0.0949362367, -0.000893950695, 0), (-0.109191194, -0.00281677535, 0), (-0.130652562, -0.00650325371, 0), (-0.159327924, -0.0124508953, 0), (-0.195252672, -0.0214833803, 0), (-0.2381991, -0.0354049206, 0), (-0.286726177, -0.0530356057, 0), (-0.340146899, -0.0732556209, 0), (-0.398056924, -0.0962616503, 0), (-0.459139585, -0.122138031, 0), (-0.521313906, -0.15036948, 0), (-0.582124352, -0.181021392, 0), (-0.638132215, -0.217470691, 0), (-0.682320237, -0.26011914, 0), (-0.706423819, -0.303992033, 0), (-0.699461222, -0.340028763, 0), (-0.639663517, -0.344822139, 0), (-0.507322013, -0.235137999, 0), (-0.217269734, -0.548582673, 0), (0.386921376, -0.635739326, 0), (0.567257643, -0.718041897, 0), (0.660405457, -0.753398061, 0), (0.757063985, -0.751289904, 0), (0.861440957, -0.72755748, 0), (0.968802631, -0.693576932, 0), (1.07690239, -0.659086466, 0), (1.18608022, -0.615633905, 0), (1.28322041, -0.524099767, 0), (1.31324017, -0.398223877, 0), (1.21035326, -0.458623946, 0), (0.983058572, -0.738052666, 0), (0.730447948, -1.0201962, 0), (0.582801461, -0.515333414, 0), (8.31837282e-16, 2.58636365e-15, 0), (1.16707458e-32, 1.00780373e-31, 0), (0, 0, 0), (0, 0, 0), (0, 0, 0), (0, 0, 0), (0, 0, 0), (0, 0, 0), (0, 0, 0), (0, 0, 0), (0, 0, 0), (0, 0, 0), (0, 0, 0), (0, 0, 0), (0, 0, 0), (0, 0, 0), (0, 0, 0), (0, 0, 0), (0, 0, 0), (0, 0, 0), (0, 0, 0), (0, 0, 0), (0, 0, 0), (0, 0, 0), (0, 0, 0), (0, 0, 0), (0, 0, 0), (0, 0, 0), (0, 0, 0), (0, 0, 0), (0, 0, 0), (0, 0, 0), (0, 0, 0), (0, 0, 0), (0, 0, 0), (0, 0, 0), (-0.0723510087, -0.0100320242, 0), (-0.0779575258, -0.0210390761, 0), (-0.0892274976, -0.0340821557, 0), (-0.106197469, -0.0501393117, 0), (-0.128916979, -0.0702515244, 0), (-0.157348782, -0.0954642147, 0), (-0.191291302, -0.126826912, 0), (-0.230234668, -0.164737239, 0), (-0.273605853, -0.209442526, 0), (-0.32062307, -0.261285633, 0), (-0.369998246, -0.320407778, 0), (-0.419863045, -0.386785328, 0), (-0.467682213, -0.460785091, 0), (-0.509983838, -0.543385744, 0), (-0.542001545, -0.634452939, 0), (-0.558313727, -0.731796324, 0), (-0.553463578, -0.828555107, 0), (-0.523697436, -0.905276597, 0), (-0.474629581, -0.930464447, 0), (-0.418023467, -1.07870686, 0), (-0.301173478, -1.30287516, 0), (0.108333364, -1.24228466, 0), (0.53185153, -1.1506629, 0), (0.714358926, -1.06064796, 0), (0.870546758, -0.973348141, 0), (1.02378571, -0.890060425, 0), (1.17727435, -0.811958194, 0), (1.318313, -0.730831146, 0), (1.39382052, -0.64367187, 0), (1.33566916, -0.624011695, 0), (1.17091477, -0.761396229, 0), (0.9461748, -0.973390996, 0), (0.707949698, -1.15945375, 0), (0.707938731, -1.15930331, 0), (2.97303919e-33, 2.26568954e-32, 0), (0, 0, 0), (0, 0, 0), (0, 0, 0), (0, 0, 0), (0, 0, 0), (0, 0, 0), (0, 0, 0), (0, 0, 0), (0, 0, 0), (0, 0, 0), (0, 0, 0), (0, 0, 0), (0, 0, 0), (0, 0, 0), (0, 0, 0), (0, 0, 0), (0, 0, 0), (0, 0, 0), (0, 0, 0), (0, 0, 0), (0, 0, 0), (0, 0, 0), (0, 0, 0), (0, 0, 0), (0, 0, 0), (0, 0, 0), (0, 0, 0), (0, 0, 0), (0, 0, 0), (0, 0, 0), (0, 0, 0), (0, 0, 0), (0, 0, 0), (0, 0, 0), (0, 0, 0), (-0.0474633276, -0.0161901731, 0), (-0.0512184314, -0.0336025804, 0), (-0.0587775744, -0.0534979738, 0), (-0.0701728091, -0.0771471113, 0), (-0.0854971036, -0.105795793, 0), (-0.104776949, -0.140655056, 0), (-0.127973318, -0.182825655, 0), (-0.15490374, -0.233172059, 0), (-0.185229108, -0.292341053, 0), (-0.218359008, -0.360726446, 0), (-0.253337383, -0.438336194, 0), (-0.288777709, -0.524775267, 0), (-0.322795182, -0.61938715, 0), (-0.352945328, -0.721237481, 0), (-0.376219869, -0.828574538, 0), (-0.389340013, -0.938218594, 0), (-0.389275432, -1.04500484, 0), (-0.373991072, -1.1423254, 0), (-0.342768133, -1.22808206, 0), (-0.293354183, -1.30856621, 0), (-0.222271368, -1.3592459, 0), (-0.131259099, -1.41559362, 0), (-0.019871207, -1.43153465, 0), (0.189690456, -1.30435693, 0), (0.498231769, -1.16457832, 0), (0.849520385, -1.03355587, 0), (1.10264146, -0.927224934, 0), (1.30564857, -0.864855945, 0), (1.36110616, -0.856637359, 0), (1.27504456, -0.910897672, 0), (1.11377621, -1.01574051, 0), (0.909245551, -1.15042973, 0), (0.691590428, -1.25450647, 0), (0.6915887, -1.25441456, 0), (-2.50293819e-17, 7.62115519e-35, 0), (-4.15677256e-34, 0, 0), (0, 0, 0), (0, 0, 0), (0, 0, 0), (0, 0, 0), (0, 0, 0), (0, 0, 0), (0, 0, 0), (0, 0, 0), (0, 0, 0), (0, 0, 0), (0, 0, 0), (0, 0, 0), (0, 0, 0), (0, 0, 0), (0, 0, 0), (0, 0, 0), (0, 0, 0), (0, 0, 0), (0, 0, 0), (0, 0, 0), (0, 0, 0), (0, 0, 0), (0, 0, 0), (0, 0, 0), (0, 0, 0), (0, 0, 0), (0, 0, 0), (0, 0, 0), (0, 0, 0), (0, 0, 0), (0, 0, 0), (0, 0, 0), (0, 0, 0), (0, 0, 0), (-0.0218190849, -0.0165835302, 0), (-0.0237540193, -0.0344164781, 0), (-0.0275641829, -0.0546828657, 0), (-0.0333955027, -0.0787425116, 0), (-0.0412628688, -0.107811891, 0), (-0.0512987301, -0.14316386, 0), (-0.0635614246, -0.18595463, 0), (-0.0780835077, -0.237210259, 0), (-0.0947998017, -0.29773432, 0), (-0.113495216, -0.368002534, 0), (-0.133737132, -0.448014826, 0), (-0.154833898, -0.537189007, 0), (-0.1758122, -0.634338796, 0), (-0.195407152, -0.737686574, 0), (-0.212072909, -0.844763219, 0), (-0.224078134, -0.95222342, 0), (-0.229696006, -1.05577779, 0), (-0.227397665, -1.15063202, 0), (-0.215749532, -1.23242235, 0), (-0.192807823, -1.29656374, 0), (-0.156335488, -1.33794367, 0), (-0.102904372, -1.35533774, 0), (-0.0268874392, -1.35083699, 0), (0.059871681, -1.29993522, 0), (0.128110975, -1.2114315, 0), (0.262765944, -1.08002746, 0), (0.654601276, -0.99931848, 0), (1.12094128, -1.04599237, 0), (1.25306094, -1.12586522, 0), (1.20282435, -1.16513669, 0), (1.05998361, -1.21169484, 0), (0.865947485, -1.28206098, 0), (0.778678, -1.26788652, 0), (-1.85420852e-08, 2.29720996e-07, 0), (-1.37036709e-16, 7.38674881e-16, 0), (-8.15451543e-34, 4.01083595e-33, 0), (0, 0, 0), (0, 0, 0), (0, 0, 0), (0, 0, 0), (0, 0, 0), (0, 0, 0), (0, 0, 0), (0, 0, 0), (0, 0, 0), (0, 0, 0), (0, 0, 0), (0, 0, 0), (0, 0, 0), (0, 0, 0), (0, 0, 0), (0, 0, 0), (0, 0, 0), (0, 0, 0), (0, 0, 0), (0, 0, 0), (0, 0, 0), (0, 0, 0), (0, 0, 0), (0, 0, 0), (0, 0, 0), (0, 0, 0), (0, 0, 0), (0, 0, 0), (0, 0, 0), (0, 0, 0), (0, 0, 0), (0, 0, 0), (0, 0, 0), (0, 0, 0), (-0.00452279858, -0.0109950583, 0), (-0.00501148403, -0.0228382852, 0), (-0.00605294108, -0.0366469026, 0), (-0.00758295879, -0.0532569513, 0), (-0.00971728098, -0.0738029853, 0), (-0.0124766575, -0.0992844179, 0), (-0.0159508847, -0.130789712, 0), (-0.020210389, -0.169346064, 0), (-0.02532533, -0.215893865, 0), (-0.0313332677, -0.271168172, 0), (-0.0382150635, -0.335559577, 0), (-0.0458705276, -0.408967614, 0), (-0.0541004278, -0.490701199, 0), (-0.0625895411, -0.579454124, 0), (-0.070887126, -0.673320353, 0), (-0.0784014389, -0.769798279, 0), (-0.0844293535, -0.865796447, 0), (-0.0882127956, -0.957710147, 0), (-0.0889527798, -1.04149258, 0), (-0.0857340544, -1.11241817, 0), (-0.0777605325, -1.16481745, 0), (-0.0624452941, -1.19262052, 0), (-0.0361086987, -1.18786204, 0), (-0.00463123946, -1.14535463, 0), (0.0265634544, -1.07627809, 0), (0.0646748096, -0.95182991, 0), (0.115038119, -0.921348989, 0), (0.673618793, -1.18235815, 0), (1.09434879, -1.37676287, 0), (1.13347077, -1.35326457, 0), (1.00186813, -1.34724224, 0), (0.828395665, -1.36475801, 0), (0.828348637, -1.36454344, 0), (-4.84134843e-10, 1.28179366e-20, 0), (-4.49055804e-20, 4.29399888e-41, 0), (-1.09015415e-40, 0, 0), (0, 0, 0), (0, 0, 0), (0, 0, 0), (0, 0, 0), (0, 0, 0), (0, 0, 0), (0, 0, 0), (0, 0, 0), (0, 0, 0), (0, 0, 0), (0, 0, 0), (0, 0, 0), (0, 0, 0), (0, 0, 0), (0, 0, 0), (0, 0, 0), (0, 0, 0), (0, 0, 0), (0, 0, 0), (0, 0, 0), (0, 0, 0), (0, 0, 0), (0, 0, 0), (0, 0, 0), (0, 0, 0), (0, 0, 0), (0, 0, 0), (0, 0, 0), (0, 0, 0), (0, 0, 0), (0, 0, 0), (0, 0, 0), (0, 0, 0), (0, 0, 0), (0, -0.00239704107, 0), (0, -0.0051413076, 0), (0, -0.00851100869, 0), (0, -0.0129724639, 0), (0, -0.0188876651, 0), (0, -0.0267565493, 0), (0, -0.0370930247, 0), (0, -0.0504878238, 0), (0, -0.0675763935, 0), (0, -0.089014858, 0), (0, -0.115419328, 0), (0, -0.147285044, 0), (0, -0.18490307, 0), (0, -0.228301913, 0), (0, -0.277220994, 0), (0, -0.331090987, 0), (0, -0.388988525, 0), (0, -0.449560374, 0), (0, -0.510910332, 0), (0, -0.570403397, 0), (0, -0.624604762, 0), (0, -0.668284953, 0), (0, -0.694004476, 0), (0, -0.697399259, 0), (0, -0.678401649, 0), (0, -0.633160174, 0), (0, -0.582964838, 0), (0, -1.05523932, 0), (0, -1.66239429, 0), (0, -1.47448242, 0), (0, -1.41129351, 0), (0, -1.38703907, 0), (0, 0.00306331459, 0), (0, 5.52457902e-09, 0), (0, 3.84636426e-19, 0), (0, 8.92753239e-40, 0), (0, 0, 0), (0, 0, 0), (0, 0, 0), (0, 0, 0), (0, 0, 0), (0, 0, 0), (0, 0, 0), (0, 0, 0), (0, 0, 0), (0, 0, 0), (0, 0, 0), (0, 0, 0), (0, 0, 0), (0, 0, 0), (0, 0, 0), (0, 0, 0), (0, 0, 0), (0, 0, 0), (0, 0, 0), (0, 0, 0), (0, 0, 0), (0, 0, 0), (0, 0, 0), (0, 0, 0), (0, 0, 0), (0, 0, 0), (0, 0, 0), (0, 0, 0), (0, 0, 0), (0, 0, 0), (0, 0, 0), (0, 0, 0), (0, 0, 0), (0, 0, 0)] (
            interpolation = "uniform"
        )
        float[] primvars:Gas_temperature = [1073.15002, 1073.15002, 1073.15002, 1073.14978, 1082.12085, 1073.52319, 1071.06873, 1070.35205, 1069.84985, 1069.32971, 1071.57349, 1072.06604, 1072.27075, 1072.39478, 1072.48059, 1072.53442, 1072.55457, 1072.55872, 1072.55249, 1072.53357, 1072.49695, 1072.4375, 1072.36377, 1072.31665, 1072.34802, 1072.48779, 1072.76074, 1073.04553, 1073.13452, 1073.14783, 1073.14954, 1073.15002, 1073.15002, 1073.15002, 1073.15149, 1073.15271, 1073.1532, 1073.15283, 1073.15222, 1073.15161, 1073.15112, 1073.15063, 1073.15039, 1073.15027, 1073.15015, 1073.15002, 1073.15002, 1073.15002, 1073.15002, 1073.15002, 1073.15002, 1073.15002, 1073.15002, 1073.15002, 1073.15002, 1073.15002, 1073.15002, 1073.15002, 1073.15002, 1073.15002, 1073.15002, 1073.15002, 1073.15002, 1073.15002, 1073.15002, 1073.15002, 1073.15002, 1073.15002, 1073.15002, 1073.15002, 1073.15002, 1073.15002, 1073.15002, 1073.15015, 1086.80603, 1073.54749, 1073.48132, 1073.26282, 1073.18225, 1073.15466, 1073.13892, 1073.12683, 1073.1156, 1073.1062, 1073.09607, 1073.07776, 1073.04224, 1072.97595, 1072.88403, 1072.76868, 1072.64099, 1072.53308, 1072.48816, 1072.53162, 1072.6781, 1072.93896, 1073.11401, 1073.14392, 1073.14893, 1073.14966, 1073.15002, 1073.15002, 1073.15002, 1073.15015, 1073.15125, 1073.15222, 1073.15283, 1073.15271, 1073.15222, 1073.15149, 1073.15088, 1073.15051, 1073.15027, 1073.15015, 1073.15002, 1073.15002, 1073.15002, 1073.15002, 1073.15002, 1073.15002, 1073.15002, 1073.15002, 1073.15002, 1073.15002, 1073.15002, 1073.15002, 1073.15002, 1073.15002, 1073.15002, 1073.15002, 1073.15002, 1073.15002, 1073.15002, 1073.15002, 1073.15002, 1073.15002, 1073.15002, 1073.15002, 1073.15002, 1073.15002, 1073.15002, 1073.15002, 1073.15002, 1073.15002, 1073.15051, 1086.71631, 1073.69885, 1073.24963, 1073.20044, 1073.90015, 1074.4082, 1074.25122, 1073.34277, 1073.15295, 1073.1377, 1073.12524, 1073.0946, 1073.02661, 1072.92603, 1072.8114, 1072.71619, 1072.68311, 1072.73474, 1072.88428, 1073.07288, 1073.13611, 1073.14734, 1073.14929, 1073.14978, 1073.15002, 1073.15002, 1073.15002, 1073.15002, 1073.15039, 1073.15149, 1073.15222, 1073.15259, 1073.15247, 1073.15186, 1073.15125, 1073.15076, 1073.15039, 1073.15015, 1073.15002, 1073.15002, 1073.15002, 1073.15002, 1073.15002, 1073.15002, 1073.15002, 1073.15002, 1073.15002, 1073.15002, 1073.15002, 1073.15002, 1073.15002, 1073.15002, 1073.15002, 1073.15002, 1073.15002, 1073.15002, 1073.15002, 1073.15002, 1073.15002, 1073.15002, 1073.15002, 1073.15002, 1073.15002, 1073.15002, 1073.15002, 1073.15002, 1073.15002, 1073.15002, 1073.15002, 1073.15002, 1073.15076, 1073.15308, 1073.15906, 1073.16833, 1073.17493, 1073.17908, 1073.18311, 1073.47388, 1074.04431, 1073.1676, 1073.14392, 1073.12915, 1073.08838, 1072.99365, 1072.90588, 1072.88623, 1072.94861, 1073.05554, 1073.12292, 1073.14465, 1073.14868, 1073.14954, 1073.1499, 1073.15002, 1073.15002, 1073.15002, 1073.15002, 1073.15002, 1073.15076, 1073.15173, 1073.15222, 1073.15234, 1073.15186, 1073.15137, 1073.15076, 1073.15039, 1073.15027, 1073.15015, 1073.15002, 1073.15002, 1073.15002, 1073.15002, 1073.15002, 1073.15002, 1073.15002, 1073.15002, 1073.15002, 1073.15002, 1073.15002, 1073.15002, 1073.15002, 1073.15002, 1073.15002, 1073.15002, 1073.15002, 1073.15002, 1073.15002, 1073.15002, 1073.15002, 1073.15002, 1073.15002, 1073.15002, 1073.15002, 1073.15002, 1073.15002, 1073.15002, 1073.15002, 1073.15002, 1073.15002, 1073.15002, 1073.15002, 1073.15051, 1073.1521, 1073.1543, 1073.15527, 1073.15564, 1073.15613, 1073.15735, 1075.00903, 1073.31287, 1073.17285, 1073.14771, 1073.14099, 1073.1239, 1073.07861, 1073.09241, 1073.12415, 1073.14185, 1073.14783, 1073.14941, 1073.14978, 1073.1499, 1073.15002, 1073.15002, 1073.15002, 1073.15002, 1073.15002, 1073.15002, 1073.15112, 1073.15186, 1073.15198, 1073.15173, 1073.15125, 1073.15076, 1073.15039, 1073.15027, 1073.15015, 1073.15002, 1073.15002, 1073.15002, 1073.15002, 1073.15002, 1073.15002, 1073.15002, 1073.15002, 1073.15002, 1073.15002, 1073.15002, 1073.15002, 1073.15002, 1073.15002, 1073.15002, 1073.15002, 1073.15002, 1073.15002, 1073.15002, 1073.15002, 1073.15002, 1073.15002, 1073.15002, 1073.15002, 1073.15002, 1073.15002, 1073.15002, 1073.15002, 1073.15002, 1073.15002, 1073.15002, 1073.15002, 1073.15002, 1073.15002, 1073.15002, 1073.1499, 1073.1499, 1073.1499, 1073.15002, 1073.15002, 1073.15002, 1073.15002, 1073.1499, 1073.1499, 1073.16516, 1073.14966, 1073.14941, 1073.14917, 1073.14722, 1073.14819, 1073.14941, 1073.14978, 1073.1499, 1073.1499, 1073.15002, 1073.15002, 1073.15002, 1073.15002, 1073.15002, 1073.15002, 1073.15039, 1073.15125, 1073.15161, 1073.15137, 1073.151, 1073.15063, 1073.15039, 1073.15015, 1073.15015, 1073.15002, 1073.15002, 1073.15002, 1073.15002, 1073.15002, 1073.15002, 1073.15002, 1073.15002, 1073.15002, 1073.15002, 1073.15002, 1073.15002, 1073.15002, 1073.15002, 1073.15002, 1073.15002, 1073.15002, 1073.15002, 1073.15002, 1073.15002, 1073.15002, 1073.15002, 1073.15002, 1073.15002, 1073.15002, 1073.15002, 1073.15002, 1073.15002, 1073.15002, 1073.15002, 1073.15002, 1073.15002, 1073.15002, 1073.15002, 1073.15002, 1073.15002, 1073.15002, 1073.15002, 1073.15002, 1073.15002, 1073.15002, 1073.15002, 1073.15002, 1073.15002, 1073.15002, 1073.15002, 1073.15002, 1073.15002, 1073.15002, 1073.15002, 1073.1499, 1073.1499, 1073.15002, 1073.15002, 1073.15002, 1073.15002, 1073.15002, 1073.15002, 1073.15002, 1073.15002, 1073.15002, 1073.15076, 1073.15112, 1073.151, 1073.15063, 1073.15039, 1073.15027, 1073.15015, 1073.15002, 1073.15002, 1073.15002, 1073.15002, 1073.15002, 1073.15002, 1073.15002, 1073.15002, 1073.15002, 1073.15002, 1073.15002, 1073.15002, 1073.15002, 1073.15002, 1073.15002, 1073.15002, 1073.15002, 1073.15002, 1073.15002, 1073.15002, 1073.15002, 1073.15002, 1073.15002, 1073.15002, 1073.15002, 1073.15002, 1073.15002, 1073.15002, 1073.15002, 1073.15002, 1073.15002, 1073.15002, 1073.15002, 1073.15002, 1073.15002, 1073.15002, 1073.15002, 1073.15002, 1073.15002, 1073.15002, 1073.15002, 1073.15002, 1073.15002, 1073.15002, 1073.15002, 1073.15002, 1073.15002, 1073.15002, 1073.15002, 1073.15002, 1073.15002, 1073.15002, 1073.15002, 1073.15002, 1073.15002, 1073.15002, 1073.15002, 1073.15002, 1073.15002, 1073.15002, 1073.15002, 1073.15002, 1073.15027, 1073.15063, 1073.15063, 1073.15039, 1073.15027, 1073.15015, 1073.15002, 1073.15002, 1073.15002, 1073.15002, 1073.15002, 1073.15002, 1073.15002, 1073.15002, 1073.15002, 1073.15002, 1073.15002, 1073.15002, 1073.15002, 1073.15002, 1073.15002, 1073.15002, 1073.15002, 1073.15002, 1073.15002, 1073.15002, 1073.15002, 1073.15002, 1073.15002, 1073.15002, 1073.15002, 1073.15002, 1073.15002, 1073.15002, 1073.15002, 1073.15002, 1073.15002, 1073.15002, 1073.15002, 1073.15002, 1073.15002, 1073.15002, 1073.15002, 1073.15002, 1073.15002, 1073.15002, 1073.15002, 1073.15002, 1073.15002, 1073.15002, 1073.15002, 1073.15002, 1073.15002, 1073.15002, 1073.15002, 1073.15002, 1073.15002, 1073.15002, 1073.15002, 1073.15002, 1073.15002, 1073.15002, 1073.15002, 1073.15002, 1073.15002, 1073.15002, 1073.15002, 1073.15002, 1073.15002, 1073.15015, 1073.15039, 1073.15039, 1073.15027, 1073.15015, 1073.15002, 1073.15002, 1073.15002, 1073.15002, 1073.15002, 1073.15002, 1073.15002, 1073.15002, 1073.15002, 1073.15002, 1073.15002, 1073.15002, 1073.15002, 1073.15002, 1073.15002, 1073.15002, 1073.15002, 1073.15002, 1073.15002, 1073.15002, 1073.15002, 1073.15002, 1073.15002, 1073.15002, 1073.15002, 1073.15002, 1073.15002, 1073.15002, 1073.15002, 1073.15002, 1073.15002, 1073.15002, 1073.15002, 1073.15002, 1073.15002, 1073.15002, 1073.15002, 1073.15002, 1073.15002, 1073.15002, 1073.15002, 1073.15002, 1073.15002, 1073.15002, 1073.15002, 1073.15002, 1073.15002, 1073.15002, 1073.15002, 1073.15002, 1073.15002, 1073.15002, 1073.15002, 1073.15002, 1073.15002, 1073.15002, 1073.15002, 1073.15002, 1073.15002, 1073.15002, 1073.15002, 1073.15002, 1073.15002, 1073.15002, 1073.15002, 1073.15015, 1073.15015, 1073.15015, 1073.15015, 1073.15015, 1073.15002, 1073.15002, 1073.15002, 1073.15002, 1073.15002, 1073.15002, 1073.15002, 1073.15002, 1073.15002, 1073.15002, 1073.15002, 1073.15002, 1073.15002, 1073.15002, 1073.15002, 1073.15002, 1073.15002, 1073.15002, 1073.15002, 1073.15002, 1073.15002, 1073.15002, 1073.15002, 1073.15002, 1073.15002, 1073.15002, 1073.15002, 1073.15002, 1073.15002, 1073.15002, 1073.15002, 1073.15002, 1073.15002, 1073.15002, 1073.15002] (
            interpolation = "uniform"
        )
        float[] primvars:Solids_temperature_1 = [1073.15002, 1073.15002, 1073.15002, 1073.14978, 1073.33936, 916.154785, 911.520569, 935.78418, 944.214355, 946.628845, 1043.09326, 1064.93774, 1070.36487, 1071.84949, 1072.31018, 1072.4751, 1072.53381, 1072.552, 1072.55078, 1072.53369, 1072.49792, 1072.43835, 1072.36365, 1072.31616, 1072.34875, 1072.4884, 1072.74133, 1072.99292, 1073.10669, 1073.13977, 1073.1449, 1073.15002, 1073.15002, 1073.15002, 1073.15002, 1073.15002, 1073.15002, 1073.15002, 1073.15002, 1073.15002, 1073.15002, 1073.15002, 1073.15002, 1073.15002, 1073.15002, 1073.15002, 1073.15002, 1073.15002, 1073.15002, 1073.15002, 1073.15002, 1073.15002, 1073.15002, 1073.15002, 1073.15002, 1073.15002, 1073.15002, 1073.15002, 1073.15002, 1073.15002, 1073.15002, 1073.15002, 1073.15002, 1073.15002, 1073.15002, 1073.15002, 1073.15002, 1073.15002, 1073.15002, 1073.15002, 1073.15002, 1073.15002, 1073.15002, 1073.15002, 1073.20288, 1073.5415, 916.154846, 940.61084, 1034.50439, 1072.776, 1073.12744, 1073.12292, 1073.1134, 1073.1051, 1073.09509, 1073.07654, 1073.03943, 1072.96643, 1072.87292, 1072.75891, 1072.63428, 1072.52991, 1072.48718, 1072.53052, 1072.66699, 1072.88342, 1073.06311, 1073.13074, 1073.14441, 1073.14453, 1073.15002, 1073.15002, 1073.15002, 1073.15002, 1073.15002, 1073.15002, 1073.15002, 1073.15002, 1073.15002, 1073.15002, 1073.15002, 1073.15002, 1073.15002, 1073.15002, 1073.15002, 1073.15002, 1073.15002, 1073.15002, 1073.15002, 1073.15002, 1073.15002, 1073.15002, 1073.15002, 1073.15002, 1073.15002, 1073.15002, 1073.15002, 1073.15002, 1073.15002, 1073.15002, 1073.15002, 1073.15002, 1073.15002, 1073.15002, 1073.15002, 1073.15002, 1073.15002, 1073.15002, 1073.15002, 1073.15002, 1073.15002, 1073.15002, 1073.15002, 1073.15002, 1073.15051, 1073.37781, 1073.2312, 1073.22571, 1073.1897, 1072.95459, 1073.18323, 1073.17529, 1073.1593, 1073.14392, 1073.13684, 1073.12439, 1073.09265, 1073.02258, 1072.9209, 1072.80701, 1072.71387, 1072.68152, 1072.72766, 1072.84851, 1072.99512, 1073.10364, 1073.13745, 1073.13916, 1073.14648, 1073.15002, 1073.15002, 1073.15002, 1073.15002, 1073.15002, 1073.15002, 1073.15002, 1073.15002, 1073.15002, 1073.15002, 1073.15002, 1073.15002, 1073.15002, 1073.15002, 1073.15002, 1073.15002, 1073.15002, 1073.15002, 1073.15002, 1073.15002, 1073.15002, 1073.15002, 1073.15002, 1073.15002, 1073.15002, 1073.15002, 1073.15002, 1073.15002, 1073.15002, 1073.15002, 1073.15002, 1073.15002, 1073.15002, 1073.15002, 1073.15002, 1073.15002, 1073.15002, 1073.15002, 1073.15002, 1073.15002, 1073.15002, 1073.15002, 1073.15002, 1073.15002, 1073.15002, 1073.15002, 1073.15063, 1073.15259, 1073.15845, 1073.16797, 1073.1748, 1073.1792, 1073.20679, 1073.15918, 1073.16248, 1073.14331, 1073.14246, 1073.12817, 1073.08557, 1072.98816, 1072.90295, 1072.87927, 1072.92078, 1072.99341, 1073.06665, 1073.07178, 1073.12219, 1073.14124, 1073.1499, 1073.15002, 1073.15002, 1073.15002, 1073.15002, 1073.15002, 1073.15002, 1073.15002, 1073.15002, 1073.15002, 1073.15002, 1073.15002, 1073.15002, 1073.15002, 1073.15002, 1073.15002, 1073.15002, 1073.15002, 1073.15002, 1073.15002, 1073.15002, 1073.15002, 1073.15002, 1073.15002, 1073.15002, 1073.15002, 1073.15002, 1073.15002, 1073.15002, 1073.15002, 1073.15002, 1073.15002, 1073.15002, 1073.15002, 1073.15002, 1073.15002, 1073.15002, 1073.15002, 1073.15002, 1073.15002, 1073.15002, 1073.15002, 1073.15002, 1073.15002, 1073.15002, 1073.15002, 1073.15002, 1073.15002, 1073.15002, 1073.15051, 1073.1521, 1073.15417, 1073.15515, 1073.15564, 1073.15601, 1073.15723, 1073.23621, 1073.15601, 1073.14331, 1073.14062, 1073.13977, 1073.12256, 1073.05725, 1073.05188, 1073.07642, 1073.07129, 1073.09375, 1073.14941, 1073.14978, 1073.1499, 1073.15002, 1073.15002, 1073.15002, 1073.15002, 1073.15002, 1073.15002, 1073.15002, 1073.15002, 1073.15002, 1073.15002, 1073.15002, 1073.15002, 1073.15002, 1073.15002, 1073.15002, 1073.15002, 1073.15002, 1073.15002, 1073.15002, 1073.15002, 1073.15002, 1073.15002, 1073.15002, 1073.15002, 1073.15002, 1073.15002, 1073.15002, 1073.15002, 1073.15002, 1073.15002, 1073.15002, 1073.15002, 1073.15002, 1073.15002, 1073.15002, 1073.15002, 1073.15002, 1073.15002, 1073.15002, 1073.15002, 1073.15002, 1073.15002, 1073.15002, 1073.15002, 1073.15002, 1073.15002, 1073.15002, 1073.15002, 1073.15002, 1073.15002, 1073.1499, 1073.1499, 1073.1499, 1073.1499, 1073.1499, 1073.1499, 1073.1499, 1073.1499, 1073.1499, 1073.1427, 1073.14209, 1073.12964, 1073.08545, 1073.09253, 1073.09656, 1073.14941, 1073.14978, 1073.1499, 1073.1499, 1073.15002, 1073.15002, 1073.15002, 1073.15002, 1073.15002, 1073.15002, 1073.15002, 1073.15002, 1073.15002, 1073.15002, 1073.15002, 1073.15002, 1073.15002, 1073.15002, 1073.15002, 1073.15002, 1073.15002, 1073.15002, 1073.15002, 1073.15002, 1073.15002, 1073.15002, 1073.15002, 1073.15002, 1073.15002, 1073.15002, 1073.15002, 1073.15002, 1073.15002, 1073.15002, 1073.15002, 1073.15002, 1073.15002, 1073.15002, 1073.15002, 1073.15002, 1073.15002, 1073.15002, 1073.15002, 1073.15002, 1073.15002, 1073.15002, 1073.15002, 1073.15002, 1073.15002, 1073.15002, 1073.15002, 1073.15002, 1073.15002, 1073.15002, 1073.15002, 1073.15002, 1073.15002, 1073.15002, 1073.15002, 1073.15002, 1073.15002, 1073.15002, 1073.15002, 1073.15002, 1073.15002, 1073.15002, 1073.15002, 1073.15002, 1073.15002, 1073.1499, 1073.1499, 1073.15002, 1073.15002, 1073.15002, 1073.15002, 1073.15002, 1073.15002, 1073.15002, 1073.15002, 1073.15002, 1073.15002, 1073.15002, 1073.15002, 1073.15002, 1073.15002, 1073.15002, 1073.15002, 1073.15002, 1073.15002, 1073.15002, 1073.15002, 1073.15002, 1073.15002, 1073.15002, 1073.15002, 1073.15002, 1073.15002, 1073.15002, 1073.15002, 1073.15002, 1073.15002, 1073.15002, 1073.15002, 1073.15002, 1073.15002, 1073.15002, 1073.15002, 1073.15002, 1073.15002, 1073.15002, 1073.15002, 1073.15002, 1073.15002, 1073.15002, 1073.15002, 1073.15002, 1073.15002, 1073.15002, 1073.15002, 1073.15002, 1073.15002, 1073.15002, 1073.15002, 1073.15002, 1073.15002, 1073.15002, 1073.15002, 1073.15002, 1073.15002, 1073.15002, 1073.15002, 1073.15002, 1073.15002, 1073.15002, 1073.15002, 1073.15002, 1073.15002, 1073.15002, 1073.15002, 1073.15002, 1073.15002, 1073.15002, 1073.15002, 1073.15002, 1073.15002, 1073.15002, 1073.15002, 1073.15002, 1073.15002, 1073.15002, 1073.15002, 1073.15002, 1073.15002, 1073.15002, 1073.15002, 1073.15002, 1073.15002, 1073.15002, 1073.15002, 1073.15002, 1073.15002, 1073.15002, 1073.15002, 1073.15002, 1073.15002, 1073.15002, 1073.15002, 1073.15002, 1073.15002, 1073.15002, 1073.15002, 1073.15002, 1073.15002, 1073.15002, 1073.15002, 1073.15002, 1073.15002, 1073.15002, 1073.15002, 1073.15002, 1073.15002, 1073.15002, 1073.15002, 1073.15002, 1073.15002, 1073.15002, 1073.15002, 1073.15002, 1073.15002, 1073.15002, 1073.15002, 1073.15002, 1073.15002, 1073.15002, 1073.15002, 1073.15002, 1073.15002, 1073.15002, 1073.15002, 1073.15002, 1073.15002, 1073.15002, 1073.15002, 1073.15002, 1073.15002, 1073.15002, 1073.15002, 1073.15002, 1073.15002, 1073.15002, 1073.15002, 1073.15002, 1073.15002, 1073.15002, 1073.15002, 1073.15002, 1073.15002, 1073.15002, 1073.15002, 1073.15002, 1073.15002, 1073.15002, 1073.15002, 1073.15002, 1073.15002, 1073.15002, 1073.15002, 1073.15002, 1073.15002, 1073.15002, 1073.15002, 1073.15002, 1073.15002, 1073.15002, 1073.15002, 1073.15002, 1073.15002, 1073.15002, 1073.15002, 1073.15002, 1073.15002, 1073.15002, 1073.15002, 1073.15002, 1073.15002, 1073.15002, 1073.15002, 1073.15002, 1073.15002, 1073.15002, 1073.15002, 1073.15002, 1073.15002, 1073.15002, 1073.15002, 1073.15002, 1073.15002, 1073.15002, 1073.15002, 1073.15002, 1073.15002, 1073.15002, 1073.15002, 1073.15002, 1073.15002, 1073.15002, 1073.15002, 1073.15002, 1073.15002, 1073.15002, 1073.15002, 1073.15002, 1073.15002, 1073.15002, 1073.15002, 1073.15002, 1073.15002, 1073.15002, 1073.15002, 1073.15002, 1073.15002, 1073.15002, 1073.15002, 1073.15002, 1073.15002, 1073.15002, 1073.15002, 1073.15002, 1073.15002, 1073.15002, 1073.15002, 1073.15002, 1073.15002, 1073.15002, 1073.15002, 1073.15002, 1073.15002, 1073.15002, 1073.15002, 1073.15002, 1073.15002, 1073.15002, 1073.15002, 1073.15002, 1073.15002, 1073.15002, 1073.15002, 1073.15002, 1073.15002, 1073.15002, 1073.15002, 1073.15002, 1073.15002, 1073.15002, 1073.15002, 1073.15002, 1073.15002, 1073.15002, 1073.15002, 1073.15002, 1073.15002, 1073.15002, 1073.15002, 1073.15002, 1073.15002, 1073.15002, 1073.15002, 1073.15002] (
            interpolation = "uniform"
        )
        float[] primvars:Solids_temperature_2 = [1073.15002, 1073.15002, 1073.15002, 1073.14978, 1073.70007, 1073.45215, 1072.6554, 1072.32605, 1072.11267, 1071.92908, 1072.03442, 1072.16992, 1072.29639, 1072.4021, 1072.48315, 1072.53528, 1072.55481, 1072.55859, 1072.55225, 1072.53333, 1072.49658, 1072.43701, 1072.3634, 1072.31641, 1072.34802, 1072.48804, 1072.76147, 1073.05334, 1073.13855, 1073.14856, 1073.14978, 1073.1499, 1073.15002, 1073.15002, 1073.15002, 1073.15002, 1073.15002, 1073.15002, 1073.15002, 1073.15002, 1073.15002, 1073.15002, 1073.15002, 1073.15002, 1073.15002, 1073.15002, 1073.15002, 1073.15002, 1073.15002, 1073.15002, 1073.15002, 1073.15002, 1073.15002, 1073.15002, 1073.15002, 1073.15002, 1073.15002, 1073.15002, 1073.15002, 1073.15002, 1073.15002, 1073.15002, 1073.15002, 1073.15002, 1073.15002, 1073.15002, 1073.15002, 1073.15002, 1073.15002, 1073.15002, 1073.15002, 1073.15002, 1073.15002, 1073.15015, 1073.73047, 1073.54663, 1073.37268, 1073.2533, 1073.18726, 1073.15466, 1073.13733, 1073.125, 1073.11462, 1073.1062, 1073.09607, 1073.07788, 1073.04224, 1072.97607, 1072.88416, 1072.7688, 1072.64087, 1072.53284, 1072.48804, 1072.53174, 1072.67859, 1072.94128, 1073.11975, 1073.14502, 1073.14905, 1073.14978, 1073.1499, 1073.15002, 1073.15002, 1073.15002, 1073.15002, 1073.15002, 1073.15002, 1073.15002, 1073.15002, 1073.15002, 1073.15002, 1073.15002, 1073.15002, 1073.15002, 1073.15002, 1073.15002, 1073.15002, 1073.15002, 1073.15002, 1073.15002, 1073.15002, 1073.15002, 1073.15002, 1073.15002, 1073.15002, 1073.15002, 1073.15002, 1073.15002, 1073.15002, 1073.15002, 1073.15002, 1073.15002, 1073.15002, 1073.15002, 1073.15002, 1073.15002, 1073.15002, 1073.15002, 1073.15002, 1073.15002, 1073.15002, 1073.15002, 1073.15002, 1073.15002, 1073.15027, 1073.6322, 1073.3396, 1073.22449, 1073.18909, 1073.18274, 1073.18127, 1073.172, 1073.15625, 1073.14404, 1073.13733, 1073.12524, 1073.0946, 1073.02661, 1072.92603, 1072.8114, 1072.71606, 1072.68323, 1072.73511, 1072.88538, 1073.0769, 1073.13794, 1073.14771, 1073.14941, 1073.1499, 1073.1499, 1073.15002, 1073.15002, 1073.15002, 1073.15002, 1073.15002, 1073.15002, 1073.15002, 1073.15002, 1073.15002, 1073.15002, 1073.15002, 1073.15002, 1073.15002, 1073.15002, 1073.15002, 1073.15002, 1073.15002, 1073.15002, 1073.15002, 1073.15002, 1073.15002, 1073.15002, 1073.15002, 1073.15002, 1073.15002, 1073.15002, 1073.15002, 1073.15002, 1073.15002, 1073.15002, 1073.15002, 1073.15002, 1073.15002, 1073.15002, 1073.15002, 1073.15002, 1073.15002, 1073.15002, 1073.15002, 1073.15002, 1073.15002, 1073.15002, 1073.15002, 1073.15002, 1073.15002, 1073.15039, 1073.15247, 1073.15845, 1073.16785, 1073.17456, 1073.17883, 1073.18286, 1073.1864, 1073.15381, 1073.14746, 1073.14294, 1073.12927, 1073.08838, 1072.99365, 1072.90576, 1072.88623, 1072.94922, 1073.05737, 1073.12439, 1073.14514, 1073.14893, 1073.14966, 1073.1499, 1073.1499, 1073.15002, 1073.15002, 1073.15002, 1073.15002, 1073.15015, 1073.15015, 1073.15002, 1073.15002, 1073.15002, 1073.15002, 1073.15002, 1073.15002, 1073.15002, 1073.15002, 1073.15002, 1073.15002, 1073.15002, 1073.15002, 1073.15002, 1073.15002, 1073.15002, 1073.15002, 1073.15002, 1073.15002, 1073.15002, 1073.15002, 1073.15002, 1073.15002, 1073.15002, 1073.15002, 1073.15002, 1073.15002, 1073.15002, 1073.15002, 1073.15002, 1073.15002, 1073.15002, 1073.15002, 1073.15002, 1073.15002, 1073.15002, 1073.15002, 1073.15002, 1073.15002, 1073.15002, 1073.15002, 1073.15002, 1073.15051, 1073.1521, 1073.15417, 1073.15515, 1073.15564, 1073.15601, 1073.15723, 1073.15894, 1073.1499, 1073.14868, 1073.14673, 1073.14099, 1073.1239, 1073.07861, 1073.09277, 1073.12476, 1073.14221, 1073.14795, 1073.14954, 1073.14978, 1073.1499, 1073.15002, 1073.15002, 1073.15002, 1073.15002, 1073.15002, 1073.15002, 1073.15027, 1073.15002, 1073.15002, 1073.15002, 1073.15002, 1073.15002, 1073.15002, 1073.15002, 1073.15002, 1073.15002, 1073.15002, 1073.15002, 1073.15002, 1073.15002, 1073.15002, 1073.15002, 1073.15002, 1073.15002, 1073.15002, 1073.15002, 1073.15002, 1073.15002, 1073.15002, 1073.15002, 1073.15002, 1073.15002, 1073.15002, 1073.15002, 1073.15002, 1073.15002, 1073.15002, 1073.15002, 1073.15002, 1073.15002, 1073.15002, 1073.15002, 1073.15002, 1073.15002, 1073.15002, 1073.15002, 1073.15002, 1073.15002, 1073.15002, 1073.15002, 1073.1499, 1073.1499, 1073.1499, 1073.1499, 1073.1499, 1073.1499, 1073.1499, 1073.1499, 1073.1499, 1073.1499, 1073.14966, 1073.14941, 1073.14893, 1073.14722, 1073.14832, 1073.14941, 1073.14978, 1073.1499, 1073.1499, 1073.15002, 1073.15002, 1073.15002, 1073.15002, 1073.15002, 1073.15002, 1073.15002, 1073.15015, 1073.15002, 1073.15002, 1073.15002, 1073.15002, 1073.15002, 1073.15002, 1073.15002, 1073.15002, 1073.15002, 1073.15002, 1073.15002, 1073.15002, 1073.15002, 1073.15002, 1073.15002, 1073.15002, 1073.15002, 1073.15002, 1073.15002, 1073.15002, 1073.15002, 1073.15002, 1073.15002, 1073.15002, 1073.15002, 1073.15002, 1073.15002, 1073.15002, 1073.15002, 1073.15002, 1073.15002, 1073.15002, 1073.15002, 1073.15002, 1073.15002, 1073.15002, 1073.15002, 1073.15002, 1073.15002, 1073.15002, 1073.15002, 1073.15002, 1073.15002, 1073.15002, 1073.15002, 1073.15002, 1073.15002, 1073.15002, 1073.15002, 1073.15002, 1073.15002, 1073.15002, 1073.15002, 1073.15002, 1073.15002, 1073.15002, 1073.15002, 1073.1499, 1073.1499, 1073.15002, 1073.15002, 1073.15002, 1073.15002, 1073.15002, 1073.15002, 1073.15002, 1073.15002, 1073.15002, 1073.15015, 1073.15015, 1073.15002, 1073.15002, 1073.15002, 1073.15002, 1073.15002, 1073.15002, 1073.15002, 1073.15002, 1073.15002, 1073.15002, 1073.15002, 1073.15002, 1073.15002, 1073.15002, 1073.15002, 1073.15002, 1073.15002, 1073.15002, 1073.15002, 1073.15002, 1073.15002, 1073.15002, 1073.15002, 1073.15002, 1073.15002, 1073.15002, 1073.15002, 1073.15002, 1073.15002, 1073.15002, 1073.15002, 1073.15002, 1073.15002, 1073.15002, 1073.15002, 1073.15002, 1073.15002, 1073.15002, 1073.15002, 1073.15002, 1073.15002, 1073.15002, 1073.15002, 1073.15002, 1073.15002, 1073.15002, 1073.15002, 1073.15002, 1073.15002, 1073.15002, 1073.15002, 1073.15002, 1073.15002, 1073.15002, 1073.15002, 1073.15002, 1073.15002, 1073.15002, 1073.15002, 1073.15002, 1073.15002, 1073.15002, 1073.15002, 1073.15002, 1073.15002, 1073.15002, 1073.15002, 1073.15002, 1073.15027, 1073.15002, 1073.15002, 1073.15002, 1073.15002, 1073.15002, 1073.15002, 1073.15002, 1073.15002, 1073.15002, 1073.15002, 1073.15002, 1073.15002, 1073.15002, 1073.15002, 1073.15002, 1073.15002, 1073.15002, 1073.15002, 1073.15002, 1073.15002, 1073.15002, 1073.15002, 1073.15002, 1073.15002, 1073.15002, 1073.15002, 1073.15002, 1073.15002, 1073.15002, 1073.15002, 1073.15002, 1073.15002, 1073.15002, 1073.15002, 1073.15002, 1073.15002, 1073.15002, 1073.15002, 1073.15002, 1073.15002, 1073.15002, 1073.15002, 1073.15002, 1073.15002, 1073.15002, 1073.15002, 1073.15002, 1073.15002, 1073.15002, 1073.15002, 1073.15002, 1073.15002, 1073.15002, 1073.15002, 1073.15002, 1073.15002, 1073.15002, 1073.15002, 1073.15002, 1073.15002, 1073.15002, 1073.15002, 1073.15002, 1073.15002, 1073.15002, 1073.15002, 1073.15002, 1073.15002, 1073.15002, 1073.15002, 1073.15002, 1073.15002, 1073.15002, 1073.15002, 1073.15002, 1073.15002, 1073.15002, 1073.15002, 1073.15002, 1073.15002, 1073.15002, 1073.15002, 1073.15002, 1073.15002, 1073.15002, 1073.15002, 1073.15002, 1073.15002, 1073.15002, 1073.15002, 1073.15002, 1073.15002, 1073.15002, 1073.15002, 1073.15002, 1073.15002, 1073.15002, 1073.15002, 1073.15002, 1073.15002, 1073.15002, 1073.15002, 1073.15002, 1073.15002, 1073.15002, 1073.15002, 1073.15002, 1073.15002, 1073.15002, 1073.15002, 1073.15002, 1073.15002, 1073.15002, 1073.15002, 1073.15002, 1073.15002, 1073.15002, 1073.15002, 1073.15002, 1073.15002, 1073.15002, 1073.15002, 1073.15002, 1073.15002, 1073.15002, 1073.15002, 1073.15002, 1073.15002, 1073.15002, 1073.15002, 1073.15002, 1073.15002, 1073.15002, 1073.15002, 1073.15002, 1073.15002, 1073.15002, 1073.15002, 1073.15015, 1073.15015, 1073.15002, 1073.15002, 1073.15002, 1073.15002, 1073.15002, 1073.15002, 1073.15002, 1073.15002, 1073.15002, 1073.15002, 1073.15002, 1073.15002, 1073.15002, 1073.15002, 1073.15002, 1073.15002, 1073.15002, 1073.15002, 1073.15002, 1073.15002, 1073.15002, 1073.15002, 1073.15002, 1073.15002, 1073.15002, 1073.15002, 1073.15002, 1073.15002, 1073.15002, 1073.15002, 1073.15002, 1073.15002, 1073.15002, 1073.15002, 1073.15002, 1073.15002, 1073.15002] (
            interpolation = "uniform"
        )
        float[] primvars:O2_Gas_mass_fractions_1 = [0.239887223, 0.238825947, 0.233827204, 0.217550263, 0.00146372791, 1.72739146e-05, 2.84478205e-07, 9.68360752e-08, 9.03147068e-08, 6.97972666e-08, 6.81775489e-08, 6.58920669e-08, 6.3468967e-08, 6.11696791e-08, 5.88474016e-08, 5.63941285e-08, 5.37262181e-08, 5.07768689e-08, 4.74613486e-08, 4.37339587e-08, 3.96911943e-08, 3.56930627e-08, 3.23354712e-08, 3.03535792e-08, 3.09857882e-08, 3.5709288e-08, 4.2880238e-08, 4.72838622e-08, 4.93818568e-08, 5.10212921e-08, 5.24019761e-08, 5.35619264e-08, 5.45143735e-08, 5.51201964e-08, 5.11071931e-08, 3.72094995e-08, 2.13623714e-08, 1.12334471e-08, 5.79081494e-09, 2.94767921e-09, 1.47337964e-09, 7.17203963e-10, 3.37071121e-10, 1.51843968e-10, 6.52539967e-11, 2.66990232e-11, 1.04042512e-11, 3.86861333e-12, 1.37609498e-12, 4.69555601e-13, 1.5410271e-13, 4.87576728e-14, 1.49034363e-14, 4.40890644e-15, 1.26437021e-15, 3.51998411e-16, 9.5256637e-17, 2.50873805e-17, 6.43722871e-18, 1.61090767e-18, 3.93537406e-19, 9.39366143e-20, 2.19272381e-20, 5.00932016e-21, 1.12084599e-21, 2.45807089e-22, 5.28710135e-23, 1.11608112e-23, 2.31365863e-24, 4.71414747e-25, 0.239888713, 0.238986298, 0.235227346, 0.223961353, 0.0021751381, 0.00180611061, 2.72700763e-05, 4.1540514e-07, 9.66014682e-08, 5.70379193e-08, 9.99803262e-08, 1.28543178e-07, 4.33850254e-08, 9.18025478e-08, 9.21996346e-08, 8.98750159e-08, 8.36956389e-08, 7.53378444e-08, 6.69409062e-08, 5.92038631e-08, 5.22877315e-08, 4.63096086e-08, 4.18151522e-08, 4.02856273e-08, 4.35126708e-08, 5.02995725e-08, 5.47006245e-08, 5.71511585e-08, 5.85190598e-08, 5.86137894e-08, 5.82952637e-08, 5.78672754e-08, 5.74864885e-08, 5.58371624e-08, 5.03580786e-08, 3.92611099e-08, 2.63201922e-08, 1.52805999e-08, 7.83422571e-09, 3.68619846e-09, 1.63247871e-09, 6.89949819e-10, 2.80236889e-10, 1.09745144e-10, 4.14930798e-11, 1.51530472e-11, 5.34636051e-12, 1.82301006e-12, 6.01069325e-13, 1.91776079e-13, 5.92660957e-14, 1.77590486e-14, 5.16561179e-15, 1.46018707e-15, 4.01578717e-16, 1.07568407e-16, 2.80935649e-17, 7.16094227e-18, 1.78313195e-18, 4.34141505e-19, 1.03436771e-19, 2.41353531e-20, 5.51932952e-21, 1.23786417e-21, 2.72455997e-22, 5.8887501e-23, 1.25056147e-23, 2.61083358e-24, 5.36125599e-25, 1.08360744e-25, 0.239890456, 0.239093974, 0.236091956, 0.228197575, 0.167253062, 0.00228294032, 5.87622526e-05, 5.28706607e-07, 2.23927287e-07, 1.39083722e-05, 2.35065636e-05, 2.06234545e-05, 3.62610126e-06, 1.76272351e-07, 7.7021177e-08, 9.8483163e-08, 9.45820275e-08, 9.12326001e-08, 8.42110026e-08, 7.47811981e-08, 6.54472458e-08, 5.85679842e-08, 5.56325581e-08, 5.70550398e-08, 6.12193105e-08, 6.4506402e-08, 6.66596449e-08, 6.6764251e-08, 6.50500596e-08, 6.28472847e-08, 6.08878494e-08, 5.93987437e-08, 5.75420316e-08, 5.29707584e-08, 4.42965167e-08, 3.22692948e-08, 2.04443911e-08, 1.14804308e-08, 5.85013371e-09, 2.7372431e-09, 1.1908996e-09, 4.86897134e-10, 1.88735888e-10, 6.9849633e-11, 2.48070332e-11, 8.48415522e-12, 2.80101788e-12, 8.94282098e-13, 2.76522484e-13, 8.29233058e-14, 2.41483757e-14, 6.83802922e-15, 1.88522154e-15, 5.06669433e-16, 1.32905346e-16, 3.40659876e-17, 8.54173418e-18, 2.09741819e-18, 5.04880337e-19, 1.19259295e-19, 2.76706584e-20, 6.31222737e-21, 1.41704904e-21, 3.13343958e-22, 6.83091823e-23, 1.46938912e-23, 3.12149401e-24, 6.55405608e-25, 1.36117703e-25, 2.79893149e-26, 0.239892319, 0.23914741, 0.236470029, 0.229930013, 0.210781306, 0.163137987, 0.129622236, 0.112314902, 0.102001585, 0.0891069472, 0.0687011704, 0.0400950685, 0.00482542301, 1.63482218e-05, 3.99032842e-07, 4.83857114e-08, 7.69978641e-08, 9.6562502e-08, 9.22816383e-08, 8.58432117e-08, 8.01460729e-08, 7.68688793e-08, 7.66595107e-08, 7.82457406e-08, 7.78818574e-08, 7.46383364e-08, 7.00413949e-08, 6.62916051e-08, 6.35586161e-08, 6.14143332e-08, 5.97238596e-08, 5.75973331e-08, 5.30541797e-08, 4.43864749e-08, 3.29796741e-08, 2.1621382e-08, 1.26463782e-08, 6.70148204e-09, 3.27005445e-09, 1.48363577e-09, 6.28752383e-10, 2.5037894e-10, 9.4328996e-11, 3.38476504e-11, 1.16354582e-11, 3.85016758e-12, 1.23107015e-12, 3.81576471e-13, 1.14977309e-13, 3.37716475e-14, 9.69573373e-15, 2.72837677e-15, 7.54672475e-16, 2.0577027e-16, 5.54593036e-17, 1.48124357e-17, 3.92875181e-18, 1.03640974e-18, 2.72171295e-19, 7.11662643e-20, 1.85200941e-20, 4.79239609e-21, 1.23159469e-21, 3.13899139e-22, 7.9235821e-23, 1.97837874e-23, 4.88060353e-24, 1.18854961e-24, 2.85514597e-25, 6.76379756e-26, 0.239894122, 0.23916167, 0.236522764, 0.230077669, 0.217538878, 0.196959391, 0.17281346, 0.1472269, 0.11915452, 0.0900468081, 0.0621609129, 0.0375149511, 0.017036153, 0.000448868319, 3.26848635e-06, 5.0133707e-07, 4.25046487e-08, 9.96761358e-08, 9.22166876e-08, 8.71760548e-08, 8.45270662e-08, 8.13256165e-08, 7.62991803e-08, 6.97045692e-08, 6.40862794e-08, 6.08018951e-08, 5.9214738e-08, 5.84441295e-08, 5.79348445e-08, 5.7386405e-08, 5.57693802e-08, 5.05387519e-08, 4.26927897e-08, 3.07854364e-08, 1.9817195e-08, 1.15904246e-08, 6.21053564e-09, 3.05807246e-09, 1.40939604e-09, 6.11786677e-10, 2.51416887e-10, 9.84496651e-11, 3.70113142e-11, 1.34668682e-11, 4.78056657e-12, 1.66777638e-12, 5.75254688e-13, 1.97018535e-13, 6.71510644e-14, 2.27822132e-14, 7.68278704e-15, 2.5689046e-15, 8.49233645e-16, 2.76780668e-16, 8.87203088e-17, 2.79168163e-17, 8.61136956e-18, 2.60168961e-18, 7.69480629e-19, 2.22746918e-19, 6.31113992e-20, 1.75051742e-20, 4.75463093e-21, 1.26508732e-21, 3.29882647e-22, 8.43387287e-23, 2.11505473e-23, 5.20525451e-24, 1.25772107e-24, 2.98579218e-25, 0.239895731, 0.239156321, 0.236425176, 0.229572013, 0.21643357, 0.195866719, 0.168534473, 0.136391446, 0.102747776, 0.0710732415, 0.044362817, 0.0244454797, 0.0115667284, 0.00453529181, 0.00140742864, 0.000328876689, 3.29120468e-07, 9.95502702e-08, 8.22509776e-08, 7.19147337e-08, 9.94539988e-08, 6.48665477e-08, 5.2358633e-08, 4.8444516e-08, 4.76302162e-08, 4.81775473e-08, 4.93089374e-08, 5.06016526e-08, 5.17653831e-08, 5.14786436e-08, 4.61107845e-08, 3.73884887e-08, 2.79139378e-08, 1.68898229e-08, 9.37272837e-09, 4.88731233e-09, 2.3908624e-09, 1.11375875e-09, 5.02576314e-10, 2.21179158e-10, 9.57088298e-11, 4.10283682e-11, 1.75023208e-11, 7.43283039e-12, 3.132496e-12, 1.3034671e-12, 5.3267243e-13, 2.12810658e-13, 8.2841496e-14, 3.13539952e-14, 1.15246693e-14, 4.1122395e-15, 1.42460301e-15, 4.79377661e-16, 1.56794004e-16, 4.98890197e-17, 1.54557523e-17, 4.66640046e-18, 1.37428314e-18, 3.95147461e-19, 1.11020369e-19, 3.05042658e-20, 8.2028973e-21, 2.16041259e-21, 5.57650747e-22, 1.41161837e-22, 3.5063542e-23, 8.55092957e-24, 2.04837141e-24, 4.82351614e-25, 0.239897072, 0.239147916, 0.236313686, 0.229036152, 0.214803517, 0.192194045, 0.161834657, 0.126669109, 0.0908722132, 0.0587483868, 0.0334869623, 0.0163399596, 0.00654642843, 0.00202261098, 0.000433408888, 5.96095706e-05, 9.5340356e-06, 3.1335544e-06, 1.09299276e-06, 3.97575519e-07, 1.55557913e-07, 8.41586782e-08, 5.43496377e-08, 4.30030624e-08, 4.02316189e-08, 4.00977918e-08, 4.13660253e-08, 4.32128147e-08, 4.4330946e-08, 4.00290148e-08, 3.09087334e-08, 2.25138272e-08, 1.37251686e-08, 7.08447034e-09, 3.52747609e-09, 1.73490244e-09, 8.71214545e-10, 4.47199361e-10, 2.33301961e-10, 1.22374763e-10, 6.36785347e-11, 3.2458182e-11, 1.60517918e-11, 7.65550817e-12, 3.5101685e-12, 1.5456654e-12, 6.53757376e-13, 2.65848975e-13, 1.04076991e-13, 3.92872312e-14, 1.43231272e-14, 5.05160878e-15, 1.72633224e-15, 5.72516663e-16, 1.84522104e-16, 5.78748562e-17, 1.76869661e-17, 5.27272716e-18, 1.53493444e-18, 4.36747434e-19, 1.21571626e-19, 3.31310909e-20, 8.84604557e-21, 2.31553784e-21, 5.94562521e-22, 1.49836291e-22, 3.70784252e-23, 9.01371009e-24, 2.15348693e-24, 5.05965327e-25, 0.23989813, 0.239149034, 0.236288011, 0.228874743, 0.21426186, 0.190926045, 0.159573689, 0.123373039, 0.0870411769, 0.0551458709, 0.0307495892, 0.0147001678, 0.00581731508, 0.00181819138, 0.00042070463, 7.44276476e-05, 1.89775692e-05, 6.1875694e-06, 2.21540949e-06, 8.86482269e-07, 3.95102234e-07, 1.91860366e-07, 1.03616692e-07, 7.28149914e-08, 5.38611182e-08, 4.34730012e-08, 3.85390813e-08, 3.7061632e-08, 3.48525084e-08, 2.60452655e-08, 1.77474782e-08, 1.14075815e-08, 5.9108114e-09, 3.11406301e-09, 1.85290927e-09, 1.18771426e-09, 7.6423351e-10, 4.78487749e-10, 2.87400936e-10, 1.6443423e-10, 8.93229934e-11, 4.60392766e-11, 2.25425616e-11, 1.050898e-11, 4.67698189e-12, 1.99255066e-12, 8.14760423e-13, 3.20546188e-13, 1.21612965e-13, 4.45877567e-14, 1.58287554e-14, 5.45070148e-15, 1.82364775e-15, 5.93676922e-16, 1.8829962e-16, 5.82563916e-17, 1.75986067e-17, 5.19572409e-18, 1.50035136e-18, 4.24057812e-19, 1.17385537e-19, 3.18424082e-20, 8.46877124e-21, 2.20933318e-21, 5.65609382e-22, 1.42155373e-22, 3.50887855e-23, 8.50923906e-24, 2.02806416e-24, 4.75337851e-25, 0.23989895, 0.239169747, 0.236424014, 0.229378283, 0.215569139, 0.193560556, 0.163923159, 0.129386142, 0.0940307081, 0.0621382147, 0.0369353071, 0.0194556937, 0.00892123487, 0.00349477655, 0.00115210633, 0.000316959864, 7.66647499e-05, 2.07442044e-05, 6.12584836e-06, 2.04214052e-06, 8.63105811e-07, 4.43839838e-07, 2.56616573e-07, 1.58101713e-07, 1.04118641e-07, 7.83209231e-08, 5.83186797e-08, 4.08863521e-08, 3.11891455e-08, 1.97570991e-08, 1.22983437e-08, 7.99045452e-09, 5.83941029e-09, 4.89843455e-09, 3.91795441e-09, 2.87511481e-09, 1.94079441e-09, 1.21616051e-09, 7.12510662e-10, 3.91892713e-10, 2.02838038e-10, 9.90164409e-11, 4.57255171e-11, 2.00550739e-11, 8.39185839e-12, 3.36527702e-12, 1.29870084e-12, 4.84030676e-13, 1.74743737e-13, 6.12559862e-14, 2.08914103e-14, 6.94306088e-15, 2.25143538e-15, 7.13099674e-16, 2.20799122e-16, 6.68820987e-17, 1.98310927e-17, 5.75875119e-18, 1.63850459e-18, 4.56959282e-19, 1.24961723e-19, 3.35194361e-20, 8.82230371e-21, 2.27916451e-21, 5.78122154e-22, 1.44030918e-22, 3.52554592e-23, 8.48151691e-24, 2.00602832e-24, 4.66727385e-25, 0.239899606, 0.239215747, 0.236753911, 0.230640113, 0.218909353, 0.200395986, 0.175403669, 0.14578107, 0.114387512, 0.084267281, 0.057816647, 0.0366524458, 0.0212632176, 0.0111482851, 0.00519819884, 0.0021124878, 0.000730505853, 0.000209818361, 4.96475077e-05, 1.03283182e-05, 2.40047325e-06, 7.9460483e-07, 4.07268345e-07, 2.35207324e-07, 1.46919803e-07, 9.86172424e-08, 7.10974177e-08, 4.95198265e-08, 3.24888489e-08, 2.32695623e-08, 1.86525568e-08, 1.6496255e-08, 1.50885509e-08, 1.32035334e-08, 1.08246123e-08, 8.2119227e-09, 5.74117642e-09, 3.70289088e-09, 2.2095985e-09, 1.2233855e-09, 6.30162589e-10, 3.02925685e-10, 1.36466574e-10, 5.79231836e-11, 2.33079233e-11, 8.94864044e-12, 3.29771562e-12, 1.1725073e-12, 4.03901467e-13, 1.35232347e-13, 4.41116192e-14, 1.40418911e-14, 4.36734507e-15, 1.32830786e-15, 3.95312685e-16, 1.15173796e-16, 3.28633994e-17, 9.18701199e-18, 2.51703636e-18, 6.76096177e-19, 1.78108607e-19, 4.60338709e-20, 1.1677505e-20, 2.90851425e-21, 7.11562987e-22, 1.71061433e-22, 4.04264393e-23, 9.39581695e-24, 2.14854807e-24, 4.83739762e-25] (
            interpolation = "uniform"
        )
        float[] primvars:N2_Gas_mass_fractions_2 = [0.760112762, 0.761173785, 0.766151607, 0.780741453, 0.695114017, 0.0478455126, 0.152417645, 0.186631843, 0.205148071, 0.216410697, 0.219517708, 0.220778376, 0.221992582, 0.223451614, 0.225123018, 0.22698693, 0.229060709, 0.231386557, 0.234056547, 0.237192392, 0.240911752, 0.245260999, 0.250255257, 0.256492734, 0.267446518, 0.290649325, 0.324819863, 0.342863023, 0.346943766, 0.348515391, 0.348401427, 0.346963257, 0.344575524, 0.343177766, 0.38085568, 0.519096851, 0.692890823, 0.816616356, 0.89183563, 0.936697125, 0.963442445, 0.979342639, 0.988685369, 0.994042277, 0.997001231, 0.998560905, 0.999341547, 0.999712288, 0.999879658, 0.999951661, 0.999981344, 0.999993026, 0.999997497, 0.999999106, 0.999999702, 0.999999881, 0.99999994, 1, 1, 1, 1, 1, 1, 1, 1, 1, 1, 1, 1, 1, 0.760111272, 0.761013627, 0.764763415, 0.77492094, 0.720750749, 0.453620434, 0.0853273347, 0.140784815, 0.230657578, 0.309027225, 0.358432859, 0.388056308, 0.412813127, 0.440998852, 0.472902656, 0.494544446, 0.482540995, 0.449865937, 0.417364389, 0.389670312, 0.366591215, 0.346333176, 0.329902023, 0.324725777, 0.342762172, 0.382355988, 0.405451566, 0.413558453, 0.412088215, 0.400496572, 0.385959208, 0.371809542, 0.360268235, 0.355463862, 0.394687682, 0.497176498, 0.633177638, 0.764381349, 0.864452243, 0.927715063, 0.96343267, 0.98222208, 0.991637051, 0.996181309, 0.9983055, 0.999269247, 0.999693871, 0.999875426, 0.999950767, 0.999981105, 0.999992967, 0.999997437, 0.999999106, 0.999999702, 0.999999881, 0.99999994, 1, 1, 1, 1, 1, 1, 1, 1, 1, 1, 1, 1, 1, 1, 0.760109544, 0.760905981, 0.763905287, 0.771466076, 0.768672884, 0.662030816, 0.502776265, 0.533606946, 0.594066799, 0.653558493, 0.708793402, 0.761600077, 0.807344139, 0.842428029, 0.865382612, 0.876225173, 0.873030305, 0.818837523, 0.720203698, 0.612781405, 0.523913383, 0.465704173, 0.440011501, 0.44518581, 0.469994009, 0.488763213, 0.497985601, 0.48879382, 0.462683529, 0.431450337, 0.402918816, 0.381273061, 0.367439508, 0.379793406, 0.445648968, 0.561287642, 0.693044484, 0.80722791, 0.889335513, 0.941332161, 0.970938742, 0.98640734, 0.993941069, 0.997406423, 0.998927772, 0.999570131, 0.999832392, 0.999936342, 0.999976397, 0.999991477, 0.99999696, 0.999998987, 0.999999642, 0.999999881, 0.99999994, 1, 1, 1, 1, 1, 1, 1, 1, 1, 1, 1, 1, 1, 1, 1, 0.760107696, 0.760852575, 0.76352942, 0.770008147, 0.779197037, 0.77330476, 0.761397481, 0.78209883, 0.818545401, 0.855449855, 0.884844542, 0.904342473, 0.9133057, 0.923841536, 0.926395118, 0.917994499, 0.897054076, 0.859991848, 0.790154636, 0.716455698, 0.653557241, 0.614448309, 0.60198307, 0.604527891, 0.59339869, 0.562134385, 0.521324396, 0.48451367, 0.451795965, 0.42188707, 0.397267342, 0.380617917, 0.385701239, 0.441529125, 0.545861423, 0.67027694, 0.784010947, 0.870687425, 0.928383112, 0.963007331, 0.982091844, 0.991822898, 0.996452391, 0.998527288, 0.999411404, 0.999772489, 0.999914587, 0.999968767, 0.999988854, 0.999996126, 0.999998689, 0.999999583, 0.999999881, 0.99999994, 1, 1, 1, 1, 1, 1, 1, 1, 1, 1, 1, 1, 1, 1, 1, 1, 0.760105848, 0.76083833, 0.763477147, 0.76991564, 0.781612337, 0.797708392, 0.818974972, 0.846801341, 0.876710355, 0.904792726, 0.928499758, 0.945653677, 0.954630971, 0.954599679, 0.949251413, 0.931191683, 0.89686507, 0.844028413, 0.771106541, 0.703205049, 0.658354402, 0.618108034, 0.572882414, 0.52875191, 0.496674448, 0.475882381, 0.458902627, 0.441952527, 0.423933536, 0.405682862, 0.392105758, 0.403773963, 0.453538567, 0.562526286, 0.685305953, 0.793056905, 0.874592304, 0.929825306, 0.963267684, 0.981913328, 0.991588533, 0.996287942, 0.998437345, 0.999369264, 0.999754667, 0.999907672, 0.999966264, 0.999988019, 0.999995828, 0.999998569, 0.999999523, 0.999999821, 0.99999994, 1, 1, 1, 1, 1, 1, 1, 1, 1, 1, 1, 1, 1, 1, 1, 1, 1, 0.760104239, 0.760843694, 0.763574839, 0.770427525, 0.783528686, 0.803949416, 0.831254661, 0.863294423, 0.896464527, 0.92706722, 0.951819479, 0.968546271, 0.976577759, 0.976467192, 0.967785478, 0.948087573, 0.912600696, 0.859088898, 0.789880395, 0.725561619, 0.640880764, 0.56297034, 0.507973433, 0.47919336, 0.461763203, 0.449361056, 0.438803345, 0.42794472, 0.415522426, 0.407290429, 0.432554603, 0.498209268, 0.5916664, 0.720680118, 0.824258745, 0.896303833, 0.942882419, 0.97041136, 0.985434473, 0.993182957, 0.9969607, 0.998705149, 0.999471009, 0.99979198, 0.999921024, 0.999970913, 0.999989629, 0.999996364, 0.999998748, 0.999999583, 0.999999881, 0.99999994, 1, 1, 1, 1, 1, 1, 1, 1, 1, 1, 1, 1, 1, 1, 1, 1, 1, 1, 0.760102928, 0.760852098, 0.763686299, 0.770963788, 0.785195291, 0.80780071, 0.838148832, 0.873261094, 0.908894479, 0.940626264, 0.965101242, 0.980853856, 0.988376796, 0.989335835, 0.984269321, 0.971856773, 0.948664367, 0.916191697, 0.872228682, 0.816902936, 0.751475811, 0.685552299, 0.627993166, 0.562549472, 0.525734365, 0.49795711, 0.475727081, 0.456453115, 0.445388883, 0.482429028, 0.565101385, 0.654155195, 0.767302036, 0.865059018, 0.925957859, 0.961489201, 0.980620265, 0.990595043, 0.995616555, 0.998040855, 0.999159873, 0.999653757, 0.999862552, 0.999947309, 0.99998045, 0.999992967, 0.999997556, 0.999999166, 0.999999702, 0.999999881, 1, 1, 1, 1, 1, 1, 1, 1, 1, 1, 1, 1, 1, 1, 1, 1, 1, 1, 1, 1, 0.760101855, 0.760850966, 0.763711989, 0.771125257, 0.785738111, 0.809073567, 0.84042418, 0.876616538, 0.912919641, 0.944737732, 0.968961895, 0.984676242, 0.992965639, 0.995960653, 0.995272279, 0.991197407, 0.983967245, 0.972795665, 0.957028329, 0.936110914, 0.909496427, 0.876302123, 0.834178448, 0.782158196, 0.718847811, 0.655045569, 0.599216819, 0.555536091, 0.57402277, 0.647328973, 0.725724876, 0.810167968, 0.898487091, 0.950662911, 0.976721942, 0.988805711, 0.994669795, 0.997527182, 0.998892128, 0.999522507, 0.999802113, 0.999921083, 0.999969661, 0.999988735, 0.999995947, 0.999998569, 0.999999523, 0.999999821, 0.99999994, 1, 1, 1, 1, 1, 1, 1, 1, 1, 1, 1, 1, 1, 1, 1, 1, 1, 1, 1, 1, 1, 0.76010102, 0.760830224, 0.763575971, 0.770621717, 0.784430861, 0.8064394, 0.836076677, 0.870613158, 0.90596652, 0.937852859, 0.96304065, 0.980487823, 0.990959406, 0.996272445, 0.998410106, 0.998814404, 0.998082221, 0.996342838, 0.993530929, 0.989253581, 0.983042717, 0.97419399, 0.961545587, 0.943574369, 0.917612493, 0.885795295, 0.836790621, 0.74772656, 0.757794619, 0.791434824, 0.84411031, 0.907067299, 0.953962684, 0.978047669, 0.989425778, 0.994971752, 0.997676909, 0.998966753, 0.999559641, 0.999820411, 0.999929905, 0.999973714, 0.999990523, 0.999996722, 0.999998868, 0.999999642, 0.999999881, 0.99999994, 1, 1, 1, 1, 1, 1, 1, 1, 1, 1, 1, 1, 1, 1, 1, 1, 1, 1, 1, 1, 1, 1, 0.760100424, 0.760784268, 0.763246119, 0.769359887, 0.781090677, 0.799603999, 0.824596345, 0.8542189, 0.885612428, 0.915732563, 0.942182899, 0.963346422, 0.978734314, 0.9888466, 0.994791865, 0.997868598, 0.999233961, 0.999722898, 0.999821186, 0.999744773, 0.999534905, 0.99902761, 0.998102665, 0.996297359, 0.992907524, 0.987991869, 0.982304573, 0.926177263, 0.899832726, 0.898482561, 0.919158518, 0.943992436, 0.963427126, 0.977345467, 0.986971736, 0.993105233, 0.996642292, 0.99848789, 0.999366224, 0.999751329, 0.999908149, 0.999967933, 0.999989331, 0.999996603, 0.999998987, 0.999999702, 0.99999994, 1, 1, 1, 1, 1, 1, 1, 1, 1, 1, 1, 1, 1, 1, 1, 1, 1, 1, 1, 1, 1, 1, 1] (
            interpolation = "uniform"
        )
        float[] primvars:H2O_Gas_mass_fractions_3 = [9.00242172e-11, 1.14932783e-08, 9.02415422e-07, 4.35835718e-05, 0.00470067468, 0.0488163196, 0.0437462367, 0.042298466, 0.041550111, 0.0411080234, 0.0409761146, 0.0409306735, 0.0408870056, 0.0408269018, 0.0407534577, 0.0406689309, 0.0405733362, 0.0404651351, 0.0403402075, 0.0401928164, 0.0400171503, 0.039810434, 0.0395709835, 0.0392666981, 0.0387106352, 0.0374818146, 0.0356290787, 0.0346600413, 0.0344642401, 0.034409184, 0.0344536491, 0.0345797017, 0.0347662605, 0.0349284261, 0.0330092348, 0.0256315675, 0.0163161997, 0.00969848875, 0.00569277117, 0.00331572536, 0.00190589135, 0.00107207021, 0.000584643451, 0.000306559261, 0.000153687361, 7.34734931e-05, 3.34947799e-05, 1.45845806e-05, 6.08076198e-06, 2.43412956e-06, 9.37945401e-07, 3.48722239e-07, 1.25358767e-07, 4.36520544e-08, 1.47484673e-08, 4.84206009e-09, 1.54684765e-09, 4.81442775e-10, 1.46159168e-10, 4.33270364e-11, 1.25538382e-11, 3.55860805e-12, 9.87737778e-13, 2.68661341e-13, 7.16620231e-14, 1.87580596e-14, 4.82141741e-15, 1.21759758e-15, 3.0228356e-16, 7.38348826e-17, 3.5754788e-11, 4.37889236e-09, 3.38531976e-07, 1.54423706e-05, 0.00147539028, 0.0211165678, 0.0463296324, 0.0431108698, 0.0379493572, 0.0337012596, 0.0312390737, 0.0299008954, 0.0287801586, 0.0274076872, 0.0257938653, 0.024758637, 0.0256121382, 0.027630277, 0.0296229161, 0.0313212276, 0.0327413157, 0.0339913853, 0.0350198895, 0.035414651, 0.03450175, 0.0323611647, 0.0311148651, 0.0306996554, 0.0308262669, 0.0315242968, 0.032392446, 0.0332405418, 0.0339472331, 0.0343097113, 0.0322717838, 0.02679093, 0.0194984879, 0.0124815209, 0.00715130148, 0.00379710249, 0.0019123297, 0.000925550587, 0.000433436799, 0.000197029454, 8.70398289e-05, 3.73703006e-05, 1.55889447e-05, 6.31599914e-06, 2.48509332e-06, 9.49681748e-07, 3.52632753e-07, 1.27304219e-07, 4.47164936e-08, 1.52954787e-08, 5.09928988e-09, 1.65839908e-09, 5.26591437e-10, 1.63388705e-10, 4.957635e-11, 1.47215365e-11, 4.28115095e-12, 1.2200578e-12, 3.4094014e-13, 9.34762928e-14, 2.51583219e-14, 6.65019289e-15, 1.72726874e-15, 4.4100638e-16, 1.10728528e-16, 2.73574486e-17, 1.11027923e-11, 1.30162692e-09, 9.82420474e-08, 4.22290941e-06, 0.000370606256, 0.00605258625, 0.0180390179, 0.0170052256, 0.0140879601, 0.0113366833, 0.00899842381, 0.00691633299, 0.00528744934, 0.00424054824, 0.00377438893, 0.00382398441, 0.00444746669, 0.00759043731, 0.0131042683, 0.0191062726, 0.0241071489, 0.0274316426, 0.0289607085, 0.0287694763, 0.0274663735, 0.0264683608, 0.0259993747, 0.0265549477, 0.028053306, 0.0298443139, 0.0314913131, 0.0327536315, 0.0335982107, 0.0330229066, 0.0295215491, 0.0233222749, 0.0162682552, 0.0101783518, 0.00581962429, 0.0030725298, 0.00151568244, 0.0007059786, 0.00031337855, 0.000133579539, 5.49905635e-05, 2.1951646e-05, 8.52069388e-06, 3.22206483e-06, 1.18858281e-06, 4.28151338e-07, 1.50723551e-07, 5.18875147e-08, 1.747763e-08, 5.76302384e-09, 1.86103954e-09, 5.88805393e-10, 1.82583407e-10, 5.55108598e-11, 1.65527123e-11, 4.84258467e-12, 1.39040298e-12, 3.91917672e-13, 1.08485717e-13, 2.94988067e-14, 7.88168562e-15, 2.06987027e-15, 5.34442003e-16, 1.35710269e-16, 3.3899764e-17, 8.33463628e-18, 2.60449388e-12, 2.92006447e-10, 2.11067466e-08, 8.11711175e-07, 5.50142795e-05, 0.00100289902, 0.00278312829, 0.00273600779, 0.00195457693, 0.00127773278, 0.000953076873, 0.000938186015, 0.00115554023, 0.00158221449, 0.00223658187, 0.00320673385, 0.00463068811, 0.00672143837, 0.0102323378, 0.0140523175, 0.0174228679, 0.0195788071, 0.0203141794, 0.0202367306, 0.0208895784, 0.022619877, 0.0248525329, 0.0268790703, 0.0287116971, 0.0304160826, 0.0318379216, 0.0328254178, 0.0326403789, 0.0296929143, 0.0241110492, 0.0174563993, 0.0113939438, 0.00679440331, 0.00374756148, 0.00192784192, 0.000929459522, 0.000422670739, 0.000182619056, 7.54971261e-05, 3.00463544e-05, 1.15669491e-05, 4.32309935e-06, 1.57292527e-06, 5.58286388e-07, 1.93614696e-07, 6.56903296e-08, 2.18265317e-08, 7.10784764e-09, 2.27007146e-09, 7.11390336e-10, 2.18834159e-10, 6.60991817e-11, 1.96091546e-11, 5.71469434e-12, 1.63635056e-12, 4.60448357e-13, 1.27343543e-13, 3.46207031e-14, 9.25406026e-15, 2.43245543e-15, 6.28863359e-16, 1.5993864e-16, 4.00245236e-17, 9.85751053e-18, 2.39051826e-18, 4.58353353e-13, 4.92851385e-11, 3.3523373e-09, 1.10991834e-07, 4.54507199e-06, 7.24817437e-05, 0.000159912626, 0.000131287481, 0.000123712161, 0.000189686791, 0.000332312775, 0.000560022425, 0.000891930598, 0.00136354624, 0.00208819355, 0.00325531885, 0.00514415745, 0.00794665795, 0.011786676, 0.0152144525, 0.0175639987, 0.0197267644, 0.0221665818, 0.0245355126, 0.0262539666, 0.0273756739, 0.0283074789, 0.0292573459, 0.0302877016, 0.0313463919, 0.0321561843, 0.0316066407, 0.028994713, 0.0231800824, 0.016627552, 0.0108955819, 0.00657691713, 0.00366515527, 0.0019106426, 0.000936952594, 0.000433970185, 0.000190735533, 7.99630943e-05, 3.21446023e-05, 1.24501939e-05, 4.66539541e-06, 1.697166e-06, 6.01004388e-07, 2.07637072e-07, 7.01085625e-08, 2.31678889e-08, 7.50126894e-09, 2.3817408e-09, 7.4209161e-10, 2.27010147e-10, 6.82062462e-11, 2.01335164e-11, 5.84021156e-12, 1.66505969e-12, 4.66651294e-13, 1.28582637e-13, 3.4839014e-14, 9.28352938e-15, 2.43331856e-15, 6.2748476e-16, 1.59224711e-16, 3.97657749e-17, 9.77668754e-18, 2.36674364e-18, 5.64420539e-19, 6.20097303e-14, 6.48341407e-12, 4.18355711e-10, 1.24192523e-08, 2.62656044e-07, 2.63960692e-06, 5.44169234e-06, 1.3484907e-05, 3.75418458e-05, 8.94617406e-05, 0.000183781231, 0.000337977574, 0.000574027654, 0.000925869215, 0.00151759316, 0.00257770647, 0.0044268393, 0.00722044613, 0.0108467611, 0.0142257074, 0.0186893698, 0.0228024572, 0.0257206187, 0.0272596385, 0.0282001812, 0.0288779531, 0.0294659603, 0.0300831217, 0.0307999812, 0.0313040093, 0.0300145801, 0.0265525095, 0.0215929281, 0.0147258854, 0.00923000183, 0.00542406738, 0.0029751691, 0.0015347997, 0.000752435066, 0.000350725371, 0.00015573368, 6.60763253e-05, 2.68849071e-05, 1.05283789e-05, 3.98220527e-06, 1.45940101e-06, 5.19662137e-07, 1.80213576e-07, 6.0985073e-08, 2.01706545e-08, 6.52872911e-09, 2.07006368e-09, 6.43462006e-10, 1.96204261e-10, 5.87145402e-11, 1.7250432e-11, 4.97749455e-12, 1.41091988e-12, 3.92999029e-13, 1.07595167e-13, 2.89615235e-14, 7.66645285e-15, 1.9963224e-15, 5.11504986e-16, 1.28994634e-16, 3.20268451e-17, 7.830564e-18, 1.88590666e-18, 4.47510605e-19, 1.0468001e-19, 6.705037e-15, 6.96339199e-13, 4.40748341e-11, 1.29898337e-09, 1.95162251e-08, 1.55156854e-07, 7.55821986e-07, 3.34283709e-06, 1.12000143e-05, 3.00057254e-05, 6.77546559e-05, 0.000134858696, 0.000244726718, 0.000418826647, 0.000749394298, 0.00139730808, 0.00259241601, 0.00427560136, 0.00656716246, 0.00946443714, 0.012903573, 0.016379077, 0.0194234457, 0.022890877, 0.0248544645, 0.0263480712, 0.0275536124, 0.0286097731, 0.0292423461, 0.027315516, 0.0229477845, 0.0182356313, 0.0122412248, 0.00706892228, 0.00386120984, 0.00199917727, 0.00100167864, 0.000484076474, 0.00022469266, 0.000100018638, 4.27181294e-05, 1.75350233e-05, 6.9333696e-06, 2.64730807e-06, 9.78482262e-07, 3.5089829e-07, 1.2234311e-07, 4.15462154e-08, 1.37631604e-08, 4.45373738e-09, 1.40944523e-09, 4.36625042e-10, 1.32513181e-10, 3.94274405e-11, 1.1507577e-11, 3.29640482e-12, 9.27197013e-13, 2.56192637e-13, 6.9566904e-14, 1.85716819e-14, 4.87616115e-15, 1.25963254e-15, 3.20261013e-16, 8.01692928e-17, 1.97650638e-17, 4.80075238e-18, 1.1491253e-18, 2.71137475e-19, 6.30787902e-20, 1.44764976e-20, 5.86680218e-16, 6.14555742e-14, 3.92823881e-12, 1.21760588e-10, 1.83714499e-09, 1.62042486e-08, 1.00152533e-07, 4.94753863e-07, 1.86692591e-06, 5.54951566e-06, 1.3752714e-05, 2.97594088e-05, 5.82273351e-05, 0.000106747517, 0.000208995349, 0.000430041458, 0.000799631409, 0.00137177482, 0.00218363316, 0.00326599437, 0.00464938954, 0.00638246769, 0.0085916454, 0.0113310162, 0.0146765914, 0.0180568434, 0.0210262612, 0.0233653523, 0.022418553, 0.0185532048, 0.0144150229, 0.00996203534, 0.00530547369, 0.00256537483, 0.00120405981, 0.000576258171, 0.000273166399, 0.000126194151, 5.63093527e-05, 2.41737998e-05, 9.97805728e-06, 3.96441737e-06, 1.51904567e-06, 5.62498656e-07, 2.01697532e-07, 7.01649725e-08, 2.37214497e-08, 7.80689913e-09, 2.50496734e-09, 7.84746379e-10, 2.40336639e-10, 7.20398671e-11, 2.11557369e-11, 6.09217841e-12, 1.72165971e-12, 4.77809524e-13, 1.3030637e-13, 3.49400176e-14, 9.21609794e-15, 2.39241364e-15, 6.11463238e-16, 1.53925805e-16, 3.81773631e-17, 9.33224257e-18, 2.24890618e-18, 5.34405153e-19, 1.25251443e-19, 2.8959939e-20, 6.60687694e-21, 1.48784741e-21, 3.86566051e-17, 4.09466823e-15, 2.66849395e-13, 8.72242209e-12, 1.38825063e-10, 1.26860678e-09, 7.77741693e-09, 3.36124728e-08, 1.29117396e-07, 4.19752155e-07, 1.13616306e-06, 2.67492192e-06, 5.66750941e-06, 1.10866113e-05, 2.09503232e-05, 4.1928055e-05, 9.00571249e-05, 0.000180116054, 0.000323226064, 0.000541498419, 0.000859989901, 0.00131597067, 0.0019708476, 0.0029057588, 0.00426312583, 0.00593377324, 0.00851352792, 0.0132116787, 0.0126950424, 0.0109229861, 0.008153826, 0.0048474595, 0.00239031785, 0.00113407453, 0.000543632777, 0.000257320906, 0.000118368785, 5.24276111e-05, 2.22564249e-05, 9.04202898e-06, 3.51748622e-06, 1.31284241e-06, 4.71465682e-07, 1.6344363e-07, 5.487842e-08, 1.79013373e-08, 5.68846481e-09, 1.76493009e-09, 5.35679057e-10, 1.59289998e-10, 4.64624277e-11, 1.33061817e-11, 3.74422889e-12, 1.03581586e-12, 2.81852829e-13, 7.54676676e-14, 1.98911034e-14, 5.1625629e-15, 1.3198407e-15, 3.32476949e-16, 8.25490583e-17, 2.02065152e-17, 4.87761855e-18, 1.16133966e-18, 2.7279287e-19, 6.32275599e-20, 1.44626423e-20, 3.26525467e-21, 7.27716587e-22, 1.60173638e-22, 1.45519051e-18, 1.55241724e-16, 1.0322788e-14, 3.53698733e-13, 5.92622913e-12, 5.56091249e-11, 3.34141853e-10, 1.32148736e-09, 3.88487242e-09, 8.69506245e-09, 2.18702496e-08, 5.29212869e-08, 1.1717956e-07, 2.40780054e-07, 4.70096978e-07, 8.98923986e-07, 1.69957298e-06, 3.24074927e-06, 6.27076633e-06, 1.19916331e-05, 2.28555818e-05, 4.84949123e-05, 9.54864372e-05, 0.000187741927, 0.000362104882, 0.000616537116, 0.000912951073, 0.00384542672, 0.00522170495, 0.00528965797, 0.00420524552, 0.00290536811, 0.00189124083, 0.00116775534, 0.000669331697, 0.000353001611, 0.000171298132, 7.6860204e-05, 3.20936488e-05, 1.25465094e-05, 4.61598529e-06, 1.60594379e-06, 5.31033209e-07, 1.67841691e-07, 5.10200984e-08, 1.50091832e-08, 4.29811786e-09, 1.20416899e-09, 3.31380812e-10, 8.98433411e-11, 2.40454497e-11, 6.36044993e-12, 1.66378998e-12, 4.3044542e-13, 1.10121717e-13, 2.78494828e-14, 6.95941878e-15, 1.71774714e-15, 4.18609506e-16, 1.00688573e-16, 2.38978782e-17, 5.59582018e-18, 1.29252792e-18, 2.94483846e-19, 6.61799549e-20, 1.46708333e-20, 3.20837934e-21, 6.92272725e-22, 1.47415207e-22, 3.0999015e-23] (
            interpolation = "uniform"
        )
        float[] primvars:CO_Gas_mass_fractions_4 = [7.10598191e-10, 9.89694655e-08, 8.57134455e-06, 0.000347824389, 0.0276509896, 0.104827747, 0.099900417, 0.0993483663, 0.0990203917, 0.0988038555, 0.109005444, 0.117939629, 0.126070783, 0.133553028, 0.140482977, 0.146971658, 0.153164089, 0.15919809, 0.165264517, 0.171547249, 0.178181976, 0.18519868, 0.192601696, 0.200762153, 0.210533276, 0.220136344, 0.224981382, 0.22867623, 0.233133972, 0.237530589, 0.242229462, 0.247247472, 0.252522618, 0.258929461, 0.252503902, 0.202877, 0.133134663, 0.0810932815, 0.048517853, 0.0287021864, 0.016717907, 0.00951321051, 0.0052413349, 0.00277354824, 0.00140192918, 0.00067521137, 0.000309885334, 0.000135744587, 5.68782525e-05, 2.28269673e-05, 8.76212471e-06, 3.24323355e-06, 1.16035733e-06, 4.02093946e-07, 1.35181025e-07, 4.41573533e-08, 1.40338949e-08, 4.34493153e-09, 1.31195177e-09, 3.86764759e-10, 1.11429595e-10, 3.14035187e-11, 8.66464886e-12, 2.34240643e-12, 6.20913585e-13, 1.61492984e-13, 4.12387037e-14, 1.03452835e-14, 2.55099219e-15, 6.18818978e-16, 2.73682382e-10, 3.70225699e-08, 3.18087609e-06, 0.000128065891, 0.00896799285, 0.085578613, 0.0996707454, 0.129464343, 0.144174591, 0.150118202, 0.151658386, 0.151214421, 0.148634583, 0.144206479, 0.13860409, 0.134581789, 0.137129918, 0.143857554, 0.151801541, 0.160478532, 0.169824407, 0.179927602, 0.190723151, 0.2014824, 0.20871897, 0.209400341, 0.210732296, 0.214679256, 0.221180096, 0.229884654, 0.239032969, 0.247582659, 0.255412638, 0.261617571, 0.251537889, 0.213856429, 0.159109563, 0.103829496, 0.0605093241, 0.0326123424, 0.016643662, 0.0081519587, 0.00385928177, 0.00177198718, 0.000790093676, 0.000342153944, 0.000143854108, 5.86786118e-05, 2.31865652e-05, 8.83915527e-06, 3.27127827e-06, 1.1764289e-06, 4.11505027e-07, 1.40130481e-07, 4.64967158e-08, 1.50462025e-08, 4.75248862e-09, 1.46644563e-09, 4.42390735e-10, 1.30577354e-10, 3.77363314e-11, 1.06849174e-11, 2.96602131e-12, 8.07650984e-13, 2.15852889e-13, 5.66499565e-14, 1.46068629e-14, 3.701891e-15, 9.22523276e-16, 2.26202001e-16, 8.29368171e-11, 1.0803209e-08, 9.11727852e-07, 3.63417748e-05, 0.00229206006, 0.0294882916, 0.0640255138, 0.0705289468, 0.0677606389, 0.0610429421, 0.0524681173, 0.0432359725, 0.0357201174, 0.0313603766, 0.0305423457, 0.0331196114, 0.0393342786, 0.0572945327, 0.0857825726, 0.116418682, 0.143120691, 0.163487479, 0.177393317, 0.184556723, 0.18630366, 0.187699497, 0.192089289, 0.201863304, 0.215522543, 0.229760543, 0.242457598, 0.25231263, 0.260798723, 0.259442538, 0.23609592, 0.190159634, 0.13510339, 0.0859349594, 0.0498454347, 0.0266521852, 0.0132976752, 0.00625817245, 0.00280464091, 0.00120626017, 0.000500806025, 0.000201519259, 7.87910467e-05, 2.99593248e-05, 1.10564933e-05, 3.96988571e-06, 1.3932372e-06, 4.77966466e-07, 1.60369055e-07, 5.26511243e-08, 1.69220087e-08, 5.32640065e-09, 1.64257496e-09, 4.96468588e-10, 1.47127616e-10, 4.27650415e-11, 1.21963108e-11, 3.41398828e-12, 9.38286449e-13, 2.53274561e-13, 6.71692045e-14, 1.75068598e-14, 4.48579162e-15, 1.13029643e-15, 2.80151383e-16, 6.83409078e-17, 1.89296929e-11, 2.35492847e-09, 1.90861854e-07, 7.06317996e-06, 0.000352062285, 0.00529539678, 0.0126580866, 0.0137662031, 0.0111297406, 0.00837625563, 0.00741740176, 0.00838893093, 0.0110302083, 0.0153829539, 0.0217157286, 0.0308173355, 0.0438092723, 0.0614657998, 0.0829277858, 0.103885919, 0.123473734, 0.138767496, 0.148794264, 0.156701177, 0.169729784, 0.188741639, 0.207090244, 0.221157283, 0.232737392, 0.243384719, 0.252471149, 0.260176748, 0.260374516, 0.239923969, 0.197957411, 0.145671323, 0.09654212, 0.0583715439, 0.0325928405, 0.0169512033, 0.00825450476, 0.00378855923, 0.00165113434, 0.0006882241, 0.0002760356, 0.000107032545, 4.02419973e-05, 1.46747898e-05, 5.19397508e-06, 1.79616825e-06, 6.07484537e-07, 2.01122049e-07, 6.52313119e-08, 2.07396109e-08, 6.467201e-09, 1.97871874e-09, 5.94225946e-10, 1.75203352e-10, 5.07297607e-11, 1.44280638e-11, 4.031503e-12, 1.10694418e-12, 2.9872418e-13, 7.9248057e-14, 2.06714325e-14, 5.30284934e-15, 1.33813598e-15, 3.32231812e-16, 8.11766863e-17, 1.9529506e-17, 3.15835097e-12, 3.73947456e-10, 2.85714794e-08, 9.84485041e-07, 3.12765333e-05, 0.00041309034, 0.000879747036, 0.000871458091, 0.00105988875, 0.00182884163, 0.0032830555, 0.0055488362, 0.00881783757, 0.0134023642, 0.0202915557, 0.0311041139, 0.0481905825, 0.0731090754, 0.106843837, 0.130913466, 0.149255618, 0.169392228, 0.192868441, 0.214168534, 0.228340209, 0.236416325, 0.241710752, 0.246117637, 0.25067386, 0.25569272, 0.260366052, 0.25667879, 0.23699677, 0.192128018, 0.139872223, 0.0929422975, 0.0568262935, 0.0320418254, 0.0168798547, 0.00835746527, 0.00390557409, 0.00173097348, 0.000731458596, 0.000296257378, 0.000115548493, 4.35531147e-05, 1.58836665e-05, 5.60995568e-06, 1.93275696e-06, 6.505702e-07, 2.14232017e-07, 6.90897366e-08, 2.18401279e-08, 6.77178491e-09, 2.06056483e-09, 6.15577034e-10, 1.80605655e-10, 5.20530077e-11, 1.47407954e-11, 4.10243454e-12, 1.12224726e-12, 3.01815701e-13, 7.98148304e-14, 2.07586701e-14, 5.31103338e-15, 1.33695035e-15, 3.31210767e-16, 8.07690384e-17, 1.93926307e-17, 4.58669458e-18, 3.95292577e-13, 4.48495824e-11, 3.22738458e-09, 1.06853584e-07, 1.98875614e-06, 1.81696214e-05, 4.60476112e-05, 0.00013211988, 0.000374964497, 0.000894886442, 0.00183733157, 0.00337220938, 0.00570418779, 0.00913473405, 0.0147711821, 0.0245868657, 0.0412947088, 0.0661328062, 0.0979904383, 0.127444506, 0.166007191, 0.200922474, 0.225579038, 0.238081872, 0.245064497, 0.249298304, 0.252090663, 0.254434586, 0.257140726, 0.258651674, 0.247798771, 0.220306277, 0.180452585, 0.124846019, 0.0793390423, 0.0472069867, 0.0261873305, 0.0136473468, 0.00675260695, 0.00317451032, 0.00142094761, 0.000607503578, 0.000248968601, 9.81482881e-05, 3.73225193e-05, 1.36985636e-05, 4.86341196e-06, 1.68176871e-06, 5.67312497e-07, 1.86964513e-07, 6.02725834e-08, 1.90256131e-08, 5.88515725e-09, 1.78503934e-09, 5.31157229e-10, 1.55117405e-10, 4.44744797e-11, 1.2523033e-11, 3.46404632e-12, 9.41581015e-13, 2.51568081e-13, 6.60849549e-14, 1.7073616e-14, 4.33961915e-15, 1.08544572e-15, 2.67251865e-16, 6.4790695e-17, 1.54704695e-17, 3.6392237e-18, 8.43833154e-19, 3.91517805e-14, 4.3295866e-12, 2.99444219e-10, 9.96570293e-09, 1.57560237e-07, 1.32958769e-06, 7.28177292e-06, 3.34780016e-05, 0.000112833644, 0.000302597036, 0.000683020393, 0.0013568477, 0.00245233788, 0.0041674478, 0.00735081499, 0.0134098697, 0.0243169442, 0.0394409597, 0.059766721, 0.0851663426, 0.115003444, 0.144884542, 0.170785785, 0.200060546, 0.216078907, 0.227554932, 0.236128941, 0.243001506, 0.246048912, 0.229006603, 0.193056017, 0.154221728, 0.104520157, 0.0612069443, 0.0338662155, 0.0177371968, 0.00897640176, 0.00437695952, 0.00204837904, 0.000918824284, 0.000395279843, 0.00016335785, 6.49815192e-05, 2.49125205e-05, 9.19212016e-06, 3.28822239e-06, 1.1429704e-06, 3.86799201e-07, 1.27644952e-07, 4.1131333e-08, 1.29565949e-08, 3.99375422e-09, 1.20559973e-09, 3.56666197e-10, 1.03471627e-10, 2.94518784e-11, 8.22898173e-12, 2.25794774e-12, 6.08693976e-13, 1.6127861e-13, 4.20162426e-14, 1.07667789e-14, 2.71483419e-15, 6.73822439e-16, 1.64680437e-16, 3.96438551e-17, 9.40334454e-18, 2.19830692e-18, 5.06654484e-19, 1.15180131e-19, 3.16111531e-15, 3.46870644e-13, 2.36991433e-11, 8.12231227e-10, 1.32705607e-08, 1.28945302e-07, 8.79598247e-07, 4.69386532e-06, 1.860269e-05, 5.62424138e-05, 0.000139674987, 0.000301942491, 0.000588899653, 0.00107343751, 0.00207551802, 0.0041830563, 0.00763013726, 0.0128913177, 0.0202698465, 0.0300040413, 0.0423188843, 0.0575811192, 0.0768092573, 0.100370586, 0.128809512, 0.157176599, 0.181550831, 0.200042292, 0.190872729, 0.158116713, 0.123369142, 0.0857308656, 0.0462237522, 0.0226563904, 0.0107667977, 0.00520694815, 0.00249069836, 0.00115994259, 0.000521394657, 0.000225350595, 9.35815697e-05, 3.73583134e-05, 1.43305524e-05, 5.28883766e-06, 1.8902582e-06, 6.55269332e-07, 2.20690993e-07, 7.23307849e-08, 2.3104862e-08, 7.20347737e-09, 2.19482299e-09, 6.5429695e-10, 1.91033522e-10, 5.46753233e-11, 1.53518951e-11, 4.23179417e-12, 1.14590911e-12, 3.04988402e-13, 7.98262349e-14, 2.05560141e-14, 5.21011109e-15, 1.30028282e-15, 3.19642759e-16, 7.74227818e-17, 1.84832714e-17, 4.3502512e-18, 1.00968406e-18, 2.31150194e-19, 5.22076013e-20, 1.1638453e-20, 1.95417807e-16, 2.14625681e-14, 1.47374452e-12, 5.22951127e-11, 8.94690211e-10, 8.88660523e-09, 5.68126239e-08, 2.56854122e-07, 1.08385677e-06, 3.84842633e-06, 1.1075218e-05, 2.7073982e-05, 5.77239298e-05, 0.000112641326, 0.000211626946, 0.000419039337, 0.000884507317, 0.00173864653, 0.00307638128, 0.00509305345, 0.00800524, 0.012133196, 0.0180013888, 0.0262875836, 0.0381678417, 0.0526077896, 0.074698776, 0.114585191, 0.109689958, 0.094570674, 0.0708806217, 0.0424619615, 0.0211834963, 0.0101675484, 0.00492455158, 0.00235249568, 0.00109109574, 0.00048685947, 0.000208064026, 8.50225042e-05, 3.32147647e-05, 1.23970394e-05, 4.43681802e-06, 1.53285532e-06, 5.1271229e-07, 1.66543231e-07, 5.26802246e-08, 1.62644529e-08, 4.91053642e-09, 1.45205092e-09, 4.21041535e-10, 1.19831284e-10, 3.34996232e-11, 9.20428751e-12, 2.48674518e-12, 6.60911972e-13, 1.7285793e-13, 4.45060892e-14, 1.12843915e-14, 2.81840769e-15, 6.93631945e-16, 1.68259508e-16, 4.02413905e-17, 9.49112081e-18, 2.20806579e-18, 5.06810718e-19, 1.14788732e-19, 2.56592961e-20, 5.6616272e-21, 1.23369172e-21, 7.01459996e-18, 7.71742994e-16, 5.3661753e-14, 1.97492326e-12, 3.53635489e-11, 3.56847468e-10, 2.22065855e-09, 9.23178067e-09, 2.84215371e-08, 6.25927612e-08, 1.59345191e-07, 3.94615029e-07, 9.00295618e-07, 1.93970209e-06, 4.03736021e-06, 8.25445477e-06, 1.64522844e-05, 3.21949155e-05, 6.21052604e-05, 0.000117557436, 0.000221426933, 0.000462828757, 0.000899479608, 0.00174712203, 0.00332845538, 0.00560457027, 0.00821227115, 0.0338391475, 0.0458204821, 0.046468839, 0.0371061116, 0.025812719, 0.0169263463, 0.0105248941, 0.00607435219, 0.00322544901, 0.00157572597, 0.000711683999, 0.000299066334, 0.000117610209, 4.34802751e-05, 1.51535942e-05, 4.99963153e-06, 1.57586419e-06, 4.77343406e-07, 1.39824479e-07, 3.98403444e-08, 1.10982743e-08, 3.03494163e-09, 8.17198809e-10, 2.17117199e-10, 5.69912832e-11, 1.4789607e-11, 3.79513651e-12, 9.62891225e-13, 2.41481585e-13, 5.98394354e-14, 1.46459688e-14, 3.53928482e-15, 8.44189511e-16, 1.98690782e-16, 4.61363593e-17, 1.05676707e-17, 2.38756047e-18, 5.32061182e-19, 1.16954175e-19, 2.53601281e-20, 5.42528579e-21, 1.14535091e-21, 2.38760504e-22] (
            interpolation = "uniform"
        )
        float[] primvars:CO2_Gas_mass_fractions_5 = [3.89728416e-10, 5.76157149e-08, 6.92997946e-06, 0.00102974987, 0.229706347, 0.10880658, 0.0938020349, 0.090002805, 0.0879763514, 0.0865863338, 0.0902919322, 0.0934987888, 0.0964221135, 0.0991562605, 0.10172604, 0.104163282, 0.106517144, 0.108837269, 0.111195818, 0.113662966, 0.116287358, 0.119069003, 0.121986985, 0.125136346, 0.128681883, 0.13159655, 0.132180452, 0.132839411, 0.134303555, 0.135847807, 0.13757807, 0.139487103, 0.141527027, 0.143810987, 0.138253838, 0.109428652, 0.0709199756, 0.0427980348, 0.0254324358, 0.0149670001, 0.00868103839, 0.004922539, 0.00270397775, 0.00142716756, 0.000719759963, 0.000345972658, 0.000158505049, 6.93263282e-05, 2.90117987e-05, 1.16353958e-05, 4.46987497e-06, 1.65609299e-06, 5.93136861e-07, 2.05762063e-07, 6.92535949e-08, 2.26481429e-08, 7.20652027e-09, 2.23389951e-09, 6.75379863e-10, 1.99362554e-10, 5.75150205e-11, 1.62315925e-11, 4.48491504e-12, 1.21423997e-12, 3.22352496e-13, 8.39710314e-14, 2.14770608e-14, 5.396643e-15, 1.33296463e-15, 3.23904684e-16, 1.57031985e-10, 2.45107419e-08, 3.84376926e-06, 0.000877425016, 0.254013121, 0.197234839, 0.114381894, 0.131066844, 0.142076358, 0.144254833, 0.141182959, 0.1363644, 0.131173283, 0.125968695, 0.120658807, 0.115816317, 0.113672853, 0.113264702, 0.11375498, 0.115103975, 0.117175542, 0.119838811, 0.122922167, 0.125887975, 0.126980364, 0.125043914, 0.124214754, 0.125049338, 0.127246514, 0.130766734, 0.13466619, 0.138386756, 0.141721323, 0.143855602, 0.136786461, 0.115035929, 0.0847937018, 0.054914549, 0.0318024009, 0.0170513969, 0.00866421498, 0.00422783336, 0.00199501193, 0.000913365744, 0.00040619995, 0.000175498804, 7.36337461e-05, 2.99829862e-05, 1.18342614e-05, 4.51348069e-06, 1.67152348e-06, 6.01614431e-07, 2.10632891e-07, 7.17987874e-08, 2.38491857e-08, 7.72640441e-09, 2.44344478e-09, 7.54934171e-10, 2.28055519e-10, 6.74097236e-11, 1.95102094e-11, 5.5328281e-12, 1.53832741e-12, 4.19585048e-13, 1.12330494e-13, 2.95326914e-14, 7.62856168e-15, 1.93690558e-15, 4.83589162e-16, 1.18802022e-16, 4.81584217e-11, 7.39928341e-09, 1.20764037e-06, 0.000270622986, 0.0582900085, 0.238226816, 0.1966068, 0.187476039, 0.178866416, 0.166410282, 0.149743333, 0.130388334, 0.110477321, 0.091914542, 0.0764027238, 0.0650840998, 0.05906827, 0.0644077659, 0.0767790526, 0.0904646516, 0.101927243, 0.109866224, 0.114249103, 0.115046166, 0.113323152, 0.112224989, 0.112615965, 0.115968265, 0.121883646, 0.128514975, 0.134573326, 0.13927038, 0.142873496, 0.14089182, 0.127032548, 0.101428889, 0.0715215057, 0.0452076718, 0.0260879491, 0.0138896033, 0.00690481253, 0.00323928334, 0.00144763209, 0.000621039188, 0.000257239881, 0.000103290491, 4.03085323e-05, 1.53047313e-05, 5.64689753e-06, 2.0288503e-06, 7.12476321e-07, 2.44604621e-07, 8.21410708e-08, 2.69941172e-08, 8.68525785e-09, 2.73702971e-09, 8.4514068e-10, 2.55796134e-10, 7.59157806e-11, 2.21002071e-11, 6.31300741e-12, 1.77010023e-12, 4.87330987e-13, 1.31781616e-13, 3.50128624e-14, 9.14274827e-15, 2.34711114e-15, 5.92551269e-16, 1.47155537e-16, 3.59686784e-17, 1.09227931e-11, 1.56988844e-09, 2.37450024e-07, 4.90743514e-05, 0.0091640288, 0.0475854389, 0.063793838, 0.0616777651, 0.0484973937, 0.0354063623, 0.0316135734, 0.0410053134, 0.0639680326, 0.051699888, 0.0392384157, 0.0331223868, 0.0330111943, 0.0391876623, 0.0551968291, 0.0698312074, 0.0810875669, 0.0880865231, 0.0910482332, 0.0921099558, 0.0960010886, 0.103807099, 0.112919122, 0.120684341, 0.12725158, 0.133126885, 0.13797155, 0.141605869, 0.140773445, 0.128682315, 0.105356924, 0.0769984201, 0.050731007, 0.0305215493, 0.0169720426, 0.008796148, 0.00427032681, 0.00195465051, 0.000849794655, 0.000353416399, 0.000141456941, 5.47472046e-05, 2.05521774e-05, 7.489778e-06, 2.65236895e-06, 9.17763259e-07, 3.10605373e-07, 1.02913631e-07, 3.34087886e-08, 1.06328191e-08, 3.31938743e-09, 1.01687525e-09, 3.05789449e-10, 9.02905598e-11, 2.6183623e-11, 7.45891977e-12, 2.08769026e-12, 5.74225726e-13, 1.55241732e-13, 4.12599032e-14, 1.07827464e-14, 2.77142192e-15, 7.00715258e-16, 1.74317898e-16, 4.2677755e-17, 1.02882078e-17, 1.81162941e-12, 2.35859721e-10, 2.94549114e-08, 4.93814287e-06, 0.00077789952, 0.00418634713, 0.0056620338, 0.00390051282, 0.00220135134, 0.00220554392, 0.00416489365, 0.00811601523, 0.0144769661, 0.0238543134, 0.0186872259, 0.0193831995, 0.0259682722, 0.0379537381, 0.0551209599, 0.071496971, 0.0816965774, 0.0911180973, 0.101964615, 0.112466119, 0.119996667, 0.124703683, 0.1282323, 0.131461948, 0.134714574, 0.137974158, 0.14051868, 0.137881011, 0.126635581, 0.101927355, 0.0737335086, 0.0487314537, 0.0296596475, 0.0166584905, 0.00874676369, 0.00431815628, 0.0020127506, 0.000889981457, 0.000375274336, 0.000151694199, 5.90586096e-05, 2.22273902e-05, 8.10060919e-06, 2.86252384e-06, 9.8676378e-07, 3.3236546e-07, 1.0953142e-07, 3.53549972e-08, 1.11873302e-08, 3.47263218e-09, 1.05797349e-09, 3.16482507e-10, 9.2986549e-11, 2.68407848e-11, 7.61318699e-12, 2.12234223e-12, 5.8159315e-13, 1.56695051e-13, 4.15147924e-14, 1.08179584e-14, 2.77312785e-15, 6.99468055e-16, 1.73633588e-16, 4.24291575e-17, 1.02084179e-17, 2.41955023e-18, 2.27752794e-13, 2.69503933e-11, 2.59100918e-09, 2.88243683e-07, 3.35689947e-05, 0.000142252757, 0.000125303006, 0.000102699167, 0.0001993896, 0.000457578484, 0.000938353129, 0.00171966234, 0.00289901928, 0.00462609529, 0.00747609325, 0.0124858525, 0.0211527236, 0.0339171588, 0.0504304916, 0.065748021, 0.0858670548, 0.104330704, 0.117329523, 0.124063045, 0.128053531, 0.130760416, 0.132874072, 0.134863034, 0.13703914, 0.138281122, 0.132219568, 0.117061771, 0.0954736769, 0.0656433925, 0.0414961763, 0.0245829113, 0.0135867065, 0.00705837039, 0.00348292827, 0.00163341837, 0.000729528721, 0.000311266282, 0.000127325024, 5.01090908e-05, 1.90289538e-05, 6.98112353e-06, 2.47998969e-06, 8.58088924e-07, 2.89656981e-07, 9.55351993e-08, 3.08258521e-08, 9.74031611e-09, 3.01632652e-09, 9.16007381e-10, 2.72927875e-10, 7.9817708e-11, 2.29193019e-11, 6.46379044e-12, 1.79094402e-12, 4.8764958e-13, 1.30523034e-13, 3.43513263e-14, 8.89205278e-15, 2.26458451e-15, 5.67582114e-16, 1.40038263e-16, 3.40223356e-17, 8.14139697e-18, 1.91939713e-18, 4.46055077e-19, 2.29179672e-14, 2.55467912e-12, 1.98059305e-10, 1.27103235e-08, 8.76164222e-07, 2.7526512e-06, 4.38738243e-06, 1.69684317e-05, 5.66019007e-05, 0.000151742992, 0.00034260549, 0.000680893601, 0.00123157608, 0.00209584413, 0.00370808202, 0.00679785246, 0.0123937884, 0.020186428, 0.0307000205, 0.0438885316, 0.0594395213, 0.0750694945, 0.0886792466, 0.104130618, 0.112740025, 0.119114816, 0.124075219, 0.128219813, 0.130325571, 0.121361643, 0.102026306, 0.0812448934, 0.0548277721, 0.0319387801, 0.0175939407, 0.00918091647, 0.00463225599, 0.00225290237, 0.00105194084, 0.000470889179, 0.000202194715, 8.34167367e-05, 3.3131797e-05, 1.2688849e-05, 4.68333747e-06, 1.67617702e-06, 5.83008045e-07, 1.9744779e-07, 6.52140173e-08, 2.1034106e-08, 6.63283384e-09, 2.04686201e-09, 6.18657126e-10, 1.83268456e-10, 5.32431529e-11, 1.51778e-11, 4.2474752e-12, 1.16740721e-12, 3.15257396e-13, 8.36824506e-14, 2.18423387e-14, 5.6082098e-15, 1.41699962e-15, 3.52444004e-16, 8.63244628e-17, 2.08277477e-17, 4.95163715e-18, 1.16032099e-18, 2.6806866e-19, 6.10906616e-20, 1.88984358e-15, 2.06135917e-13, 1.44431246e-11, 6.16712348e-10, 2.11946389e-08, 9.38329308e-08, 4.62126565e-07, 2.38569328e-06, 9.34507079e-06, 2.81516677e-05, 6.98983567e-05, 0.000151163462, 0.000295059232, 0.000538520573, 0.00104408979, 0.00211403356, 0.00387317711, 0.00656765467, 0.0103582982, 0.0153740318, 0.0217391904, 0.029655356, 0.0396692418, 0.0519956499, 0.0669503808, 0.0819633827, 0.094999969, 0.105048008, 0.100444525, 0.0831311047, 0.0647107661, 0.0448533781, 0.0240740348, 0.0117463199, 0.00556054711, 0.00268089701, 0.00127912126, 0.000594396552, 0.000266665767, 0.000115055693, 4.77064459e-05, 1.90220035e-05, 7.29433168e-06, 2.6939299e-06, 9.63494472e-07, 3.34255873e-07, 1.12670634e-07, 3.69618185e-08, 1.18188375e-08, 3.68885944e-09, 1.12529164e-09, 3.3588704e-10, 9.82014123e-11, 2.81466239e-11, 7.91518153e-12, 2.18536929e-12, 5.92774527e-13, 1.58051889e-13, 4.14454644e-14, 1.06935784e-14, 2.71594719e-15, 6.79264308e-16, 1.6735084e-16, 4.06282066e-17, 9.72222183e-18, 2.2938163e-18, 5.33721747e-19, 1.22499271e-19, 2.7739896e-20, 6.20036896e-21, 1.191913e-16, 1.29633497e-14, 8.86121309e-13, 3.27571026e-11, 6.95410729e-10, 5.17140553e-09, 3.09205817e-08, 1.37695409e-07, 5.67028962e-07, 1.97082841e-06, 5.59276305e-06, 1.35588461e-05, 2.88729316e-05, 5.6377572e-05, 0.000106059539, 0.000210500308, 0.000446042017, 0.000880215259, 0.0015625814, 0.00259428541, 0.00408822577, 0.00621177349, 0.00923972484, 0.0135301528, 0.0197079498, 0.0272524059, 0.0388398245, 0.0598303489, 0.0573548935, 0.0493999459, 0.0369584374, 0.0220782105, 0.0109721515, 0.00524755055, 0.00253390591, 0.00120734074, 0.0005587216, 0.000248822995, 0.000106155247, 4.33154637e-05, 1.69036102e-05, 6.30858585e-06, 2.25942972e-06, 7.81176027e-07, 2.6150903e-07, 8.50253983e-08, 2.69227005e-08, 8.3214422e-09, 2.51544052e-09, 7.44783346e-10, 2.16258053e-10, 6.16385554e-11, 1.72580752e-11, 4.74949984e-12, 1.28537318e-12, 3.42229093e-13, 8.96753646e-14, 2.31339114e-14, 5.87744473e-15, 1.47105737e-15, 3.62830533e-16, 8.82136176e-17, 2.11466093e-17, 4.99948707e-18, 1.16596629e-18, 2.68292826e-19, 6.09217423e-20, 1.36535369e-20, 3.02053523e-21, 6.59939122e-22, 4.34926644e-18, 4.73584803e-16, 3.25285385e-14, 1.18777969e-12, 2.19877224e-11, 2.03327633e-10, 1.23888189e-09, 5.07290387e-09, 1.54159849e-08, 3.4103472e-08, 8.65294751e-08, 2.12934538e-07, 4.81915549e-07, 1.02551735e-06, 2.10054031e-06, 4.22648964e-06, 8.32310798e-06, 1.61940952e-05, 3.1260719e-05, 5.93075056e-05, 0.000112008092, 0.000234935345, 0.000458018912, 0.00089237222, 0.00170565944, 0.00288116396, 0.00423532259, 0.0175743457, 0.0238207243, 0.0241453778, 0.0192494001, 0.0133602777, 0.00874062162, 0.00542345829, 0.00312384241, 0.00165558001, 0.00080732425, 0.000363997708, 0.000152709326, 5.99640298e-05, 2.21415394e-05, 7.71294344e-06, 2.54585552e-06, 8.02906186e-07, 2.43393515e-07, 7.13633383e-08, 2.03566763e-08, 5.67811265e-09, 1.55500091e-09, 4.19372315e-10, 1.11611741e-10, 2.93501855e-11, 7.63097831e-12, 1.96199784e-12, 4.98787101e-13, 1.25343705e-13, 3.11240461e-14, 7.6334948e-15, 1.84851367e-15, 4.41828082e-16, 1.04208174e-16, 2.42484092e-17, 5.56597426e-18, 1.26021814e-18, 2.81443447e-19, 6.20002695e-20, 1.34737689e-20, 2.88890143e-21, 6.11272538e-22, 1.27720317e-22] (
            interpolation = "uniform"
        )
        float[] primvars:H2_Gas_mass_fractions_6 = [1.21381738e-10, 1.6969194e-08, 1.47526976e-06, 5.94400844e-05, 0.00464974716, 0.0157336686, 0.015163823, 0.0151537536, 0.0151409348, 0.0151292942, 0.0169589948, 0.0185570829, 0.0200116634, 0.0213513765, 0.0225932822, 0.0237570666, 0.024868628, 0.0259526651, 0.0270435084, 0.0281743463, 0.0293697566, 0.03063526, 0.031971734, 0.033447396, 0.0352259949, 0.0370156057, 0.0379937217, 0.0387125313, 0.039520368, 0.0403087027, 0.0411449373, 0.0420333929, 0.0429640897, 0.0440984592, 0.0430688933, 0.03465892, 0.0227753241, 0.0138873467, 0.00831549801, 0.0049224738, 0.00286870822, 0.0016331838, 0.000900177343, 0.000476518122, 0.000240940644, 0.000116077848, 5.32872727e-05, 2.33477585e-05, 9.78479147e-06, 3.92731954e-06, 1.50728079e-06, 5.57814076e-07, 1.99537354e-07, 6.91319499e-08, 2.32372006e-08, 7.58902186e-09, 2.41142351e-09, 7.46428475e-10, 2.25335944e-10, 6.64146724e-11, 1.91301888e-11, 5.39008378e-12, 1.48683713e-12, 4.01852569e-13, 1.06493827e-13, 2.76906014e-14, 7.06912988e-15, 1.77289269e-15, 4.3704404e-16, 1.05987029e-16, 4.66833135e-11, 6.34301589e-09, 5.47263596e-07, 2.19217254e-05, 0.00151085295, 0.0139902188, 0.0149648413, 0.0204816572, 0.0234236345, 0.0247444045, 0.025169801, 0.0251722578, 0.0247800685, 0.0240732525, 0.0231715124, 0.0225165654, 0.022919422, 0.0239974204, 0.0252941679, 0.0267397743, 0.0283218045, 0.0300494358, 0.0319142081, 0.0338111706, 0.0351589508, 0.03541122, 0.0357250534, 0.0364550613, 0.0376079828, 0.0391195342, 0.0407001823, 0.0421751924, 0.0435303599, 0.0446164943, 0.0429416224, 0.0365485623, 0.0272188764, 0.0177770182, 0.0103675481, 0.0055912463, 0.00285505108, 0.00139906676, 0.000662633684, 0.000304369605, 0.000135762166, 5.88122784e-05, 2.47343924e-05, 1.0091876e-05, 3.9884103e-06, 1.52031669e-06, 5.62582329e-07, 2.0228812e-07, 7.07473333e-08, 2.40875568e-08, 7.9910274e-09, 2.58536792e-09, 8.16444579e-10, 2.51870136e-10, 7.59656019e-11, 2.24168323e-11, 6.47674405e-12, 1.83338848e-12, 5.08791143e-13, 1.38505432e-13, 3.70062325e-14, 9.70927694e-15, 2.50271364e-15, 6.34076318e-16, 1.57963267e-16, 3.87198215e-17, 1.41305986e-11, 1.84944515e-09, 1.56788317e-07, 6.23052347e-06, 0.000386554399, 0.00489531877, 0.0103295418, 0.0115536032, 0.0112372898, 0.0102057522, 0.00881750416, 0.00729631819, 0.0060539213, 0.00533952424, 0.00522203278, 0.00567925628, 0.0067508514, 0.00976566412, 0.0145154139, 0.0196189135, 0.0240811482, 0.0275146179, 0.0299041104, 0.0311947577, 0.031586159, 0.031896241, 0.0327085629, 0.0344196819, 0.0367670506, 0.0392001458, 0.0413669161, 0.0430497155, 0.0445136912, 0.0443070829, 0.0403526612, 0.0325294212, 0.0231298339, 0.0147225559, 0.00854479428, 0.00457127998, 0.00228182855, 0.00107432785, 0.000481651863, 0.000207229576, 8.60647415e-05, 3.4642384e-05, 1.35484715e-05, 5.15273496e-06, 1.90165133e-06, 6.82712653e-07, 2.3957088e-07, 8.21766761e-08, 2.75680723e-08, 9.04941899e-09, 2.90793567e-09, 9.15122533e-10, 2.82147528e-10, 8.52593066e-11, 2.52602141e-11, 7.34038438e-12, 2.09285974e-12, 5.85666877e-13, 1.60915064e-13, 4.34231678e-14, 1.15123856e-14, 2.99961366e-15, 7.68343322e-16, 1.93537539e-16, 4.795347e-17, 1.16939276e-17, 3.22090922e-12, 4.02646305e-10, 3.27894618e-08, 1.21150083e-06, 5.94920166e-05, 0.000884210749, 0.00209005224, 0.00229075248, 0.00186774251, 0.00141747028, 0.00126610452, 0.00144045346, 0.00189868128, 0.00264975033, 0.00374051183, 0.00530638173, 0.00753914844, 0.0105639994, 0.0141813997, 0.0176900215, 0.020981485, 0.023580445, 0.0253257286, 0.0267421156, 0.029028343, 0.032317102, 0.0354569294, 0.0378450453, 0.0398009494, 0.0415981896, 0.0431339964, 0.0444498397, 0.044496838, 0.0410257131, 0.0338735804, 0.0249442309, 0.0165422857, 0.0100076525, 0.00559079787, 0.00290902052, 0.00141713943, 0.000650663394, 0.000283670466, 0.000118277421, 4.74535555e-05, 1.84051987e-05, 6.92155663e-06, 2.52425912e-06, 8.93337756e-07, 3.0889862e-07, 1.04460405e-07, 3.4579319e-08, 1.12136034e-08, 3.56462571e-09, 1.11133747e-09, 3.39955508e-10, 1.02068229e-10, 3.00867595e-11, 8.70930498e-12, 2.47634183e-12, 6.91745164e-13, 1.89878956e-13, 5.12258625e-14, 1.35853742e-14, 3.542537e-15, 9.08470788e-16, 2.2916974e-16, 5.68789043e-17, 1.38928805e-17, 3.34119074e-18, 5.35944011e-13, 6.37597683e-11, 4.89676433e-09, 1.68997389e-07, 5.30610941e-06, 6.93275724e-05, 0.00014730719, 0.000147576589, 0.000181686934, 0.000314957404, 0.000565899012, 0.000956548611, 0.00151995826, 0.00230971002, 0.00349552603, 0.00535487058, 0.00829034392, 0.0125683779, 0.0183571838, 0.0224452335, 0.0255766027, 0.0290398281, 0.0330824628, 0.0367409326, 0.0391664356, 0.0405398682, 0.0414282233, 0.0421570912, 0.0429077782, 0.0437393971, 0.0445246026, 0.0439001545, 0.0405457094, 0.0328896008, 0.0239594132, 0.0159299653, 0.00974502787, 0.00549744722, 0.00289733266, 0.00143506692, 0.000670867565, 0.000297430874, 0.000125724604, 5.09362035e-05, 1.98718626e-05, 7.49188484e-06, 2.73252863e-06, 9.65006393e-07, 3.3243154e-07, 1.11883971e-07, 3.68383226e-08, 1.1878539e-08, 3.75431508e-09, 1.16384913e-09, 3.54070662e-10, 1.05752025e-10, 3.10193815e-11, 8.93792072e-12, 2.53043051e-12, 7.04032048e-13, 1.92535861e-13, 5.17645619e-14, 1.36847812e-14, 3.55806184e-15, 9.10016517e-16, 2.29001684e-16, 5.67123962e-17, 1.38250277e-17, 3.31820297e-18, 7.8452875e-19, 6.67940231e-14, 7.61212014e-12, 5.50710866e-10, 1.83203213e-08, 3.39023188e-07, 3.08287008e-06, 7.88937177e-06, 2.27666314e-05, 6.46584158e-05, 0.000154322828, 0.000316843332, 0.000581492088, 0.000983472564, 0.00157454144, 0.00254484173, 0.00423276564, 0.00710305665, 0.0113672856, 0.0168341026, 0.0218868963, 0.0284998082, 0.034482725, 0.0387069508, 0.0408452414, 0.0420344286, 0.0427488536, 0.0432114266, 0.0435922034, 0.0440316275, 0.044270739, 0.0424119458, 0.037714798, 0.030901853, 0.0213925671, 0.0136027616, 0.00809785537, 0.00449423073, 0.00234310096, 0.0011597774, 0.000545414805, 0.000244211056, 0.000104439576, 4.28136336e-05, 1.68822808e-05, 6.42108216e-06, 2.35688003e-06, 8.36672086e-07, 2.89290114e-07, 9.7574727e-08, 3.21525029e-08, 1.03635482e-08, 3.27079142e-09, 1.01155673e-09, 3.06754289e-10, 9.12577097e-11, 2.66442736e-11, 7.63738638e-12, 2.14994754e-12, 5.94539554e-13, 1.6155782e-13, 4.31512973e-14, 1.13319329e-14, 2.92674701e-15, 7.43644e-16, 1.8593923e-16, 4.5764535e-17, 1.10907913e-17, 2.64722818e-18, 6.22488514e-19, 1.44281573e-19, 6.58120205e-15, 7.30537972e-13, 5.07752625e-11, 1.70008363e-09, 2.69404605e-08, 2.27926236e-07, 1.25403142e-06, 5.77343781e-06, 1.94629283e-05, 5.21980037e-05, 0.000117820477, 0.000234040708, 0.00042294187, 0.000718559662, 0.00126679172, 0.002309117, 0.00418366678, 0.00678136386, 0.0102706989, 0.0146289906, 0.019746501, 0.0248696171, 0.0293084066, 0.0343236327, 0.0370637253, 0.0390214659, 0.0404786579, 0.0416412055, 0.0421466902, 0.0392215513, 0.0330694057, 0.0264233071, 0.0179150384, 0.0104971612, 0.00581122842, 0.00304501038, 0.00154163025, 0.000751977379, 0.000352032541, 0.000157955568, 6.79718069e-05, 2.80981221e-05, 1.11796171e-05, 4.28669e-06, 1.58158321e-06, 5.6571389e-07, 1.96616824e-07, 6.6529509e-08, 2.19517347e-08, 7.07241288e-09, 2.22745289e-09, 6.86459667e-10, 2.07179232e-10, 6.12784684e-11, 1.7773125e-11, 5.05761535e-12, 1.41274286e-12, 3.87533403e-13, 1.04439908e-13, 2.76637217e-14, 7.20462762e-15, 1.84558844e-15, 4.65201877e-16, 1.1542162e-16, 2.8198233e-17, 6.78560948e-18, 1.60887984e-18, 3.75970158e-19, 8.66156911e-20, 1.9682404e-20, 5.2859684e-16, 5.81817377e-14, 3.99167158e-12, 1.37591619e-10, 2.25732388e-09, 2.20343992e-08, 1.5094227e-07, 8.07907327e-07, 3.20760682e-06, 9.70353631e-06, 2.41001781e-05, 5.20971225e-05, 0.000101597812, 0.000185154073, 0.000357841287, 0.00072066189, 0.00131359522, 0.00221807789, 0.00348598626, 0.00515799178, 0.00727239856, 0.00989171676, 0.0131900785, 0.0172297526, 0.022103278, 0.0269618221, 0.0311325062, 0.0342913158, 0.0327118859, 0.02709933, 0.0211478174, 0.0146993212, 0.00792952441, 0.00388878211, 0.00184895727, 0.000894548139, 0.000428051775, 0.000199410671, 8.9660658e-05, 3.87620385e-05, 1.61004737e-05, 6.42856457e-06, 2.46608647e-06, 9.10020276e-07, 3.25206003e-07, 1.12719682e-07, 3.79578502e-08, 1.24386021e-08, 3.97262179e-09, 1.23832755e-09, 3.77230025e-10, 1.12431744e-10, 3.28189559e-11, 9.39077462e-12, 2.63609187e-12, 7.2644912e-13, 1.96655639e-13, 5.23249148e-14, 1.36909357e-14, 3.52437386e-15, 8.9297432e-16, 2.22777924e-16, 5.47438188e-17, 1.32546627e-17, 3.16302389e-18, 7.44142432e-19, 1.7263947e-19, 3.95054352e-20, 8.91866621e-21, 1.9872891e-21, 3.25314683e-17, 3.5821324e-15, 2.46845215e-13, 8.80483447e-12, 1.51273397e-10, 1.50928503e-09, 9.66931957e-09, 4.38106014e-08, 1.85646968e-07, 6.61537797e-07, 1.90819787e-06, 4.67095106e-06, 9.96106155e-06, 1.94362201e-05, 3.65088017e-05, 7.22633267e-05, 0.000152437846, 0.000299452076, 0.000529576035, 0.000876338861, 0.00137688138, 0.00208611041, 0.00309392135, 0.00451637618, 0.00655476423, 0.00903105456, 0.0128179379, 0.0196528882, 0.0188103728, 0.0162190106, 0.0121581787, 0.00728580914, 0.00363647821, 0.00174623076, 0.000846116454, 0.000404342252, 0.000187595404, 8.37311745e-05, 3.57924691e-05, 1.46293414e-05, 5.71599048e-06, 2.13343242e-06, 7.63443495e-07, 2.63724473e-07, 8.81982984e-08, 2.8644676e-08, 9.05917386e-09, 2.79639334e-09, 8.44110726e-10, 2.49550214e-10, 7.23436797e-11, 2.05844543e-11, 5.75303e-12, 1.58025958e-12, 4.26820254e-13, 1.13403563e-13, 2.96507373e-14, 7.63172196e-15, 1.93433568e-15, 4.82949758e-16, 1.18813431e-16, 2.88103434e-17, 6.88760829e-18, 1.62380662e-18, 3.77611465e-19, 8.66344707e-20, 1.96133538e-20, 4.38229303e-21, 9.66493095e-22, 2.10504895e-22, 1.16359745e-18, 1.28315499e-16, 8.95102914e-15, 3.3102942e-13, 5.95241131e-12, 6.03211092e-11, 3.76106757e-10, 1.56769819e-09, 4.83763873e-09, 1.06454179e-08, 2.71167409e-08, 6.72298626e-08, 1.53599373e-07, 3.31647072e-07, 6.92201183e-07, 1.41902069e-06, 2.83393729e-06, 5.55083307e-06, 1.07065871e-05, 2.02587398e-05, 3.81421378e-05, 7.96807435e-05, 0.000154778565, 0.000300497661, 0.000572207791, 0.000963084924, 0.00141060306, 0.00580733409, 0.00786262006, 0.00797424838, 0.00636871485, 0.00443160115, 0.00290681911, 0.00180798164, 0.00104374555, 0.000554371509, 0.000270897493, 0.000122383295, 5.14409185e-05, 2.02341307e-05, 7.48190041e-06, 2.60773936e-06, 8.60300929e-07, 2.71135406e-07, 8.21184329e-08, 2.40503972e-08, 6.85139412e-09, 1.90816651e-09, 5.21681143e-10, 1.40432138e-10, 3.72999583e-11, 9.78792308e-12, 2.53922252e-12, 6.51371752e-13, 1.65208572e-13, 4.14181357e-14, 1.02599043e-14, 2.51027743e-15, 6.06409098e-16, 1.4458912e-16, 3.40186994e-17, 7.89634967e-18, 1.80802305e-18, 4.08337244e-19, 9.09628871e-20, 1.99873025e-20, 4.33234796e-21, 9.26457129e-22, 1.955101e-22, 4.07397149e-23] (
            interpolation = "uniform"
        )
        float[] primvars:CH4_Gas_mass_fractions_7 = [1.51610446e-10, 2.11262456e-08, 1.83074053e-06, 7.42286793e-05, 0.00588840852, 0.0220849011, 0.0210682172, 0.020961076, 0.0208965614, 0.0208535697, 0.0230404288, 0.0249550361, 0.0266975593, 0.0283011645, 0.029786529, 0.0311774239, 0.0325049274, 0.0337985717, 0.0350992829, 0.0364465043, 0.0378693417, 0.0393742435, 0.0409621373, 0.0427127667, 0.0448103026, 0.0468767881, 0.0479285419, 0.048727259, 0.049683623, 0.0506258309, 0.0516320467, 0.0527062975, 0.0538351983, 0.0552068315, 0.0538452826, 0.0432698429, 0.0283993166, 0.0173002575, 0.0103516318, 0.00612426735, 0.00356736849, 0.00203009555, 0.00111854053, 0.000591920863, 0.000299205916, 0.000144111385, 6.61412778e-05, 2.89738127e-05, 1.21405692e-05, 4.8724396e-06, 1.87026069e-06, 6.92252172e-07, 2.47668396e-07, 8.58220517e-08, 2.88522255e-08, 9.42450562e-09, 2.99519787e-09, 9.27303068e-10, 2.79993362e-10, 8.25405924e-11, 2.37799936e-11, 6.70161843e-12, 1.84902224e-12, 4.99853685e-13, 1.32495428e-13, 3.44597533e-14, 8.79937636e-15, 2.2073812e-15, 5.44291831e-16, 1.32030334e-16, 5.83824308e-11, 7.90205945e-09, 6.79322e-07, 2.73352925e-05, 0.00190994923, 0.0181743633, 0.020999182, 0.027407622, 0.0305988323, 0.0319046751, 0.0322534069, 0.0321684591, 0.0316242576, 0.0306860041, 0.0294980146, 0.0286441483, 0.0291835889, 0.030609617, 0.0322964452, 0.0341425575, 0.0361340828, 0.0382891409, 0.0405941792, 0.0428961776, 0.0444532633, 0.0446151756, 0.0449097455, 0.0457582809, 0.0471498445, 0.0490092672, 0.0509628057, 0.0527882762, 0.0544606484, 0.0557875857, 0.0536440201, 0.0456132181, 0.0339399278, 0.0221500993, 0.0129095986, 0.00695830537, 0.0035513842, 0.00173954223, 0.000823571696, 0.000378159923, 0.000168621089, 7.30250249e-05, 3.07034934e-05, 1.25244469e-05, 4.94907408e-06, 1.88666809e-06, 6.98228916e-07, 2.5109648e-07, 8.78302231e-08, 2.99085094e-08, 9.9237818e-09, 3.21124904e-09, 1.01428455e-09, 3.1296496e-10, 9.44117978e-11, 2.78662215e-11, 8.0530296e-12, 2.28013073e-12, 6.32923672e-13, 1.72341077e-13, 4.60585786e-14, 1.2087582e-14, 3.11661855e-15, 7.89835777e-16, 1.96823392e-16, 4.82593713e-17, 1.76898513e-11, 2.30557307e-09, 1.94693044e-07, 7.7585637e-06, 0.000488255115, 0.00627177209, 0.0135796098, 0.0149805024, 0.0144093642, 0.0129909161, 0.0111715635, 0.00920950994, 0.00761173107, 0.00668572774, 0.00651409896, 0.00706594624, 0.00839267112, 0.012216582, 0.0182779822, 0.024795901, 0.0304785818, 0.0348167047, 0.0377841853, 0.039320115, 0.0397039838, 0.0400103442, 0.0409540534, 0.0430435091, 0.0459583588, 0.0489953496, 0.0517033413, 0.0538053699, 0.0556173511, 0.0553316101, 0.0503568724, 0.0405629352, 0.0288214479, 0.0183338616, 0.0106350472, 0.00568686798, 0.00283752312, 0.00133546419, 0.000598523591, 0.000257432228, 0.000106882901, 4.301015e-05, 1.68168863e-05, 6.39457721e-06, 2.35993207e-06, 8.47336651e-07, 2.97371372e-07, 1.02015662e-07, 3.42282327e-08, 1.12373844e-08, 3.61162233e-09, 1.13677945e-09, 3.50557167e-10, 1.05953642e-10, 3.13984429e-11, 9.12624143e-12, 2.60267589e-12, 7.28520271e-13, 2.00217758e-13, 5.4043792e-14, 1.43321448e-14, 3.7353865e-15, 9.57089209e-16, 2.41152292e-16, 5.97691925e-17, 1.4579768e-17, 4.03693268e-12, 5.02495434e-10, 4.07505922e-08, 1.50788946e-06, 7.50166873e-05, 0.00112697901, 0.00269094203, 0.00292873732, 0.00236985553, 0.00178511161, 0.00158216374, 0.00179037522, 0.00235443143, 0.00328362617, 0.00463538105, 0.00657794997, 0.00935050286, 0.013117237, 0.0176883359, 0.0221492406, 0.0263200179, 0.0295800231, 0.0317223184, 0.033416491, 0.0362022705, 0.0402617268, 0.0441756286, 0.0471741818, 0.0496414416, 0.0519099049, 0.0538461097, 0.0554897971, 0.0555340275, 0.0511756018, 0.0422274917, 0.0310764872, 0.0205971319, 0.0124543216, 0.00695451116, 0.00361715886, 0.00176148303, 0.000808500394, 0.000352375704, 0.00014688239, 5.89142401e-05, 2.28446843e-05, 8.589358e-06, 3.13226474e-06, 1.10862095e-06, 3.83377625e-07, 1.29661444e-07, 4.29269917e-08, 1.39226239e-08, 4.42648407e-09, 1.38027978e-09, 4.22305163e-10, 1.26819097e-10, 3.73908578e-11, 1.08261759e-11, 3.07899452e-12, 8.60311713e-13, 2.36212064e-13, 6.37431866e-14, 1.69098049e-14, 4.41069283e-15, 1.13143972e-15, 2.85501269e-16, 7.08817353e-17, 1.73184737e-17, 4.16633752e-18, 6.73341482e-13, 7.97665684e-11, 6.0983254e-09, 2.10179337e-07, 6.66766437e-06, 8.7964705e-05, 0.00018729661, 0.000185757133, 0.000226220436, 0.000390517671, 0.000701050099, 0.00118479331, 0.00188264239, 0.00286121829, 0.00433165347, 0.00663930317, 0.0102855461, 0.0156026371, 0.0228005126, 0.0279307589, 0.0318422206, 0.0361394919, 0.041150108, 0.045695167, 0.0487182178, 0.0504397936, 0.0515669398, 0.0525039621, 0.0534724891, 0.0545399673, 0.0555353612, 0.0547500588, 0.0505537242, 0.0409856699, 0.0298403874, 0.0198296923, 0.0121249203, 0.00683709094, 0.00360200694, 0.00178348762, 0.000833486323, 0.000369420333, 0.000156111855, 6.32310112e-05, 2.46626059e-05, 9.29620091e-06, 3.39033681e-06, 1.19742538e-06, 4.1253702e-07, 1.38859576e-07, 4.57257983e-08, 1.47463588e-08, 4.66143835e-09, 1.44530843e-09, 4.39779907e-10, 1.31377936e-10, 3.85444177e-11, 1.11087537e-11, 3.1457855e-12, 8.75463276e-13, 2.3948172e-13, 6.44039672e-14, 1.70310306e-14, 4.4293805e-15, 1.1332044e-15, 2.85252797e-16, 7.06649611e-17, 1.72317504e-17, 4.13719305e-18, 9.78482597e-19, 8.42349058e-14, 9.56188254e-12, 6.88492041e-10, 2.28074644e-08, 4.24205524e-07, 3.87390855e-06, 9.82865004e-06, 2.82172896e-05, 8.00831185e-05, 0.000191113475, 0.000392356975, 0.000720076903, 0.00121794804, 0.00195029681, 0.00315342797, 0.00524838176, 0.00881381612, 0.0141137829, 0.0209113397, 0.0271958504, 0.0354234427, 0.042872034, 0.0481320098, 0.0507986359, 0.052287221, 0.0531889386, 0.0537826195, 0.0542801097, 0.0548545383, 0.055174645, 0.052859772, 0.0469965898, 0.0384963825, 0.0266356114, 0.0169279519, 0.0100727957, 0.00558802811, 0.00291230343, 0.00144104904, 0.000677487522, 0.000303262495, 0.000129659573, 5.31391415e-05, 2.09491172e-05, 7.96644599e-06, 2.92396885e-06, 1.03809043e-06, 3.58968919e-07, 1.21090139e-07, 3.99062294e-08, 1.28645787e-08, 4.06076461e-09, 1.25608723e-09, 3.80979165e-10, 1.13362e-10, 3.31051159e-11, 9.49150307e-12, 2.67252908e-12, 7.39238911e-13, 2.00930743e-13, 5.3682319e-14, 1.41014841e-14, 3.64312174e-15, 9.25945184e-16, 2.31593737e-16, 5.70195846e-17, 1.38229308e-17, 3.30046222e-18, 7.763606e-19, 1.80009106e-19, 8.33839901e-15, 9.22469891e-13, 6.38341116e-11, 2.12582418e-09, 3.36174963e-08, 2.83770618e-07, 1.55495525e-06, 7.15040323e-06, 2.40987501e-05, 6.46237968e-05, 0.000145858823, 0.000289735792, 0.000523629831, 0.000889789313, 0.00156933931, 0.00286259549, 0.00519036222, 0.00841785222, 0.0127551174, 0.0181747545, 0.0245408937, 0.0309161078, 0.0364418849, 0.0426870324, 0.0461036228, 0.0485506728, 0.0503782593, 0.0518425331, 0.0524906479, 0.0488544665, 0.041186031, 0.0329022519, 0.0222998504, 0.0130596813, 0.00722646341, 0.00378501927, 0.00191560527, 0.00093410234, 0.000437168404, 0.000196103894, 8.43670205e-05, 3.48675421e-05, 1.38702089e-05, 5.31764363e-06, 1.96207543e-06, 7.01872636e-07, 2.43965388e-07, 8.25608453e-08, 2.72449974e-08, 8.7790939e-09, 2.76541834e-09, 8.52400317e-10, 2.57310173e-10, 7.61213662e-11, 2.20828963e-11, 6.28546173e-12, 1.75613972e-12, 4.81853435e-13, 1.29893532e-13, 3.44153451e-14, 8.96558794e-15, 2.29738057e-15, 5.79262539e-16, 1.43767934e-16, 3.51352013e-17, 8.45784318e-18, 2.00608318e-18, 4.68961621e-19, 1.08079361e-19, 2.45691415e-20, 6.72873603e-16, 7.38582101e-14, 5.04837448e-12, 1.73123543e-10, 2.82974777e-09, 2.75087082e-08, 1.8773423e-07, 1.00217005e-06, 3.97271833e-06, 1.20114182e-05, 2.98282157e-05, 6.44775137e-05, 0.000125748134, 0.00022919965, 0.000443131459, 0.000893011806, 0.00162876199, 0.00275164167, 0.00432633143, 0.00640364876, 0.00903155282, 0.0122882333, 0.0163909197, 0.0214178618, 0.0274850726, 0.0335365646, 0.0387357511, 0.0426794663, 0.0407222323, 0.0337341838, 0.0263214782, 0.0182917155, 0.00986300502, 0.00483463239, 0.00229765638, 0.0011112279, 0.000531568658, 0.000247565913, 0.000111284709, 4.80995368e-05, 1.99748902e-05, 7.97426856e-06, 3.0589315e-06, 1.12891883e-06, 4.03477458e-07, 1.39866344e-07, 4.71056083e-08, 1.5438502e-08, 4.93149566e-09, 1.53748225e-09, 4.68445782e-10, 1.39645198e-10, 4.07709942e-11, 1.16687137e-11, 3.27629373e-12, 9.03095957e-13, 2.44538575e-13, 6.50830098e-14, 1.70339901e-14, 4.38626948e-15, 1.11170205e-15, 2.77436483e-16, 6.81984144e-17, 1.65181401e-17, 3.9432436e-18, 9.28048878e-19, 2.15388888e-19, 4.93074802e-20, 1.11360862e-20, 2.48241264e-21, 4.15773335e-17, 4.56759679e-15, 3.1375087e-13, 1.11391547e-11, 1.90654798e-10, 1.89456184e-09, 1.21146622e-08, 5.47827419e-08, 2.31268459e-07, 8.21471758e-07, 2.36466622e-06, 5.78140498e-06, 1.2326318e-05, 2.40523914e-05, 4.518688e-05, 8.94687837e-05, 0.00018883546, 0.00037115888, 0.000656691147, 0.0010871155, 0.00170864153, 0.00258959713, 0.00384187722, 0.00561006553, 0.00814502779, 0.0112259714, 0.0159391388, 0.0244486928, 0.0234038681, 0.0201782417, 0.0151239261, 0.00906054303, 0.00452039624, 0.0021697972, 0.0010509711, 0.000502078386, 0.000232874576, 0.000103914841, 4.44103462e-05, 1.81481573e-05, 7.08987181e-06, 2.64622372e-06, 9.47056094e-07, 3.27190492e-07, 1.09437934e-07, 3.55479912e-08, 1.12442091e-08, 3.47146867e-09, 1.04808029e-09, 3.09912207e-10, 8.98612088e-11, 2.55745095e-11, 7.14934405e-12, 1.96428724e-12, 5.3068151e-13, 1.41037139e-13, 3.68863502e-14, 9.49689614e-15, 2.40782858e-15, 6.01361735e-16, 1.47994285e-16, 3.58987055e-17, 8.5852869e-18, 2.0247969e-18, 4.71039809e-19, 1.08111653e-19, 2.44853701e-20, 5.47308899e-21, 1.20756091e-21, 2.63120175e-22, 1.49189634e-18, 1.6417579e-16, 1.14193568e-14, 4.20472847e-13, 7.53226041e-12, 7.60393831e-11, 4.73284467e-10, 1.96807015e-09, 6.06045703e-09, 1.33457618e-08, 3.39767858e-08, 8.41519707e-08, 1.92015008e-07, 4.1378766e-07, 8.61508511e-07, 1.76184597e-06, 3.51230915e-06, 6.87374495e-06, 1.32594641e-05, 2.50973499e-05, 4.72700158e-05, 9.87976964e-05, 0.00019199602, 0.00037290639, 0.000710385619, 0.00119610887, 0.00175254757, 0.00722070038, 0.00977720041, 0.00991562102, 0.00791796483, 0.00550828688, 0.00361211365, 0.00224610744, 0.001296364, 0.00068838452, 0.000336306432, 0.000151899003, 6.38333877e-05, 2.51036672e-05, 9.28098871e-06, 3.23461063e-06, 1.06719062e-06, 3.3637167e-07, 1.01888894e-07, 2.98450971e-08, 8.503652e-09, 2.36880404e-09, 6.47760012e-10, 1.74413706e-10, 4.63377808e-11, 1.21628888e-11, 3.15625152e-12, 8.09894578e-13, 2.05477386e-13, 5.15295272e-14, 1.27686448e-14, 3.12507427e-15, 7.55166242e-16, 1.80115733e-16, 4.23910245e-17, 9.84291824e-18, 2.25446752e-18, 5.09334498e-19, 1.13499533e-19, 2.49477721e-20, 5.40942072e-21, 1.15719084e-21, 2.44288866e-22, 5.09225334e-23] (
            interpolation = "uniform"
        )
        float[] primvars:TAR_Gas_mass_fractions_8 = [4.41873288e-10, 4.038721e-08, 1.47777598e-06, 0.000153432979, 0.0308260825, 0.651867986, 0.573901355, 0.545603573, 0.530267477, 0.52110815, 0.500209332, 0.483340353, 0.467918247, 0.453359574, 0.439534634, 0.426274657, 0.413311094, 0.400361657, 0.387000084, 0.372783691, 0.357362628, 0.340651333, 0.322651148, 0.3021819, 0.274591357, 0.236243561, 0.196466908, 0.173521459, 0.161950439, 0.152762458, 0.144560337, 0.136982739, 0.129809245, 0.11984802, 0.0984631404, 0.0650371164, 0.0355636738, 0.0186062418, 0.00985418912, 0.00527120102, 0.00281664799, 0.00148624403, 0.000765976263, 0.000382033264, 0.000183226031, 8.42400041e-05, 3.71226633e-05, 1.57257691e-05, 6.45805312e-06, 2.6369255e-06, 1.13467649e-06, 4.68638376e-07, 1.85612805e-07, 7.05965988e-08, 2.58578474e-08, 9.14556963e-09, 3.13081383e-09, 1.0394724e-09, 3.35312333e-10, 1.05256436e-10, 3.21970887e-11, 9.60938187e-12, 2.80137892e-12, 7.98517339e-13, 2.2275595e-13, 6.08647654e-14, 1.63012609e-14, 4.28246983e-15, 1.10423863e-15, 2.79715955e-16, 1.91597127e-10, 1.67631065e-08, 6.43988926e-07, 4.74956069e-05, 0.00919677783, 0.208478868, 0.618299067, 0.507683396, 0.39111957, 0.30624935, 0.26006341, 0.237123117, 0.222194478, 0.206658959, 0.18937096, 0.179138005, 0.188940987, 0.210774407, 0.229865506, 0.242543563, 0.24921158, 0.251570374, 0.248924345, 0.235781789, 0.207424477, 0.17081216, 0.147851661, 0.133799896, 0.123901024, 0.119198874, 0.116286129, 0.114016972, 0.11065951, 0.104349136, 0.0881305113, 0.0649784058, 0.042261783, 0.0244659614, 0.0128075695, 0.00627453998, 0.00294066942, 0.00133394997, 0.000589020259, 0.00025379096, 0.000106786028, 4.38893076e-05, 1.76411831e-05, 6.97404494e-06, 2.77080289e-06, 1.17268041e-06, 4.81732684e-07, 1.91358524e-07, 7.34431538e-08, 2.72719713e-08, 9.8149906e-09, 3.42900019e-09, 1.16459475e-09, 3.85011911e-10, 1.24043054e-10, 3.89877679e-11, 1.19662622e-11, 3.58957395e-12, 1.05324516e-12, 3.02508723e-13, 8.51064689e-14, 2.34679541e-14, 6.34639478e-15, 1.68403057e-15, 4.38688316e-16, 1.12268672e-16, 6.34175004e-11, 5.38950484e-09, 2.14394831e-07, 1.11693771e-05, 0.00224659522, 0.0507514589, 0.194584459, 0.164848194, 0.119571336, 0.0844410062, 0.0599841513, 0.0413328595, 0.0275017023, 0.0180311017, 0.0121617019, 0.00900185108, 0.0089760907, 0.0298873894, 0.0713369176, 0.116814107, 0.152371719, 0.171179101, 0.171697035, 0.155926883, 0.131622612, 0.112937294, 0.0976470858, 0.0893563926, 0.0891315043, 0.0922342613, 0.0954886377, 0.0975351557, 0.0951589495, 0.0872105807, 0.0709914342, 0.0507091656, 0.0321110673, 0.0183946881, 0.00973161124, 0.00479536969, 0.00222375314, 0.000979438424, 0.000413113303, 0.000168017024, 6.62544626e-05, 2.54554052e-05, 9.59510635e-06, 3.61194429e-06, 1.42600948e-06, 5.73133832e-07, 2.22024454e-07, 8.36250891e-08, 3.06622319e-08, 1.0953018e-08, 3.81457266e-09, 1.29609401e-09, 4.29910774e-10, 1.39291884e-10, 4.4108335e-11, 1.36582559e-11, 4.13785282e-12, 1.22709861e-12, 3.563875e-13, 1.01417376e-13, 2.82912121e-14, 7.73991433e-15, 2.07756938e-15, 5.47383343e-16, 1.41617794e-16, 3.60017259e-17, 1.58879073e-11, 1.34448752e-09, 5.68535015e-08, 2.20571314e-06, 0.00031607016, 0.00766232377, 0.0249642171, 0.0221868027, 0.0136337122, 0.00718027819, 0.00362195447, 0.001999181, 0.00146200787, 0.00154368102, 0.00203783833, 0.00297463778, 0.0046050502, 0.0089518996, 0.0296185836, 0.0559354946, 0.0771569982, 0.0859583393, 0.0808121189, 0.066265583, 0.0547501519, 0.0501181111, 0.054181084, 0.0617463626, 0.0700609162, 0.0776770934, 0.0834718794, 0.0848343521, 0.0804794952, 0.0679703131, 0.0506120957, 0.0335761756, 0.0201825723, 0.0111631211, 0.00575912371, 0.0027913095, 0.00127523323, 0.000552085578, 0.000227986558, 9.04140616e-05, 3.46600245e-05, 1.29412392e-05, 4.77428921e-06, 1.81108703e-06, 7.16062004e-07, 2.73668576e-07, 1.01705247e-07, 3.6841648e-08, 1.3024362e-08, 4.49727411e-09, 1.51770518e-09, 5.00826547e-10, 1.61670524e-10, 5.10715879e-11, 1.57937066e-11, 4.78291842e-12, 1.41890969e-12, 4.12496778e-13, 1.17555908e-13, 3.28536128e-14, 9.00730516e-15, 2.4234754e-15, 6.4013668e-16, 1.66055674e-16, 4.23190068e-17, 1.06021071e-17, 3.12072633e-12, 2.71585282e-10, 1.24803954e-08, 2.99852502e-07, 2.30612895e-05, 0.000502985611, 0.00117524678, 0.000735138659, 0.000342276122, 0.00023094358, 0.000292121578, 0.000465173856, 0.000743529003, 0.00116028986, 0.00185116287, 0.00307100709, 0.00525598926, 0.00879098475, 0.0139841931, 0.0287939962, 0.0357105061, 0.0364754498, 0.0358852893, 0.0376417711, 0.0408499986, 0.0446422175, 0.049851615, 0.0565494485, 0.0640100166, 0.0710244402, 0.0747933015, 0.0714093372, 0.0627349094, 0.046362929, 0.0306609385, 0.0186140835, 0.0104748849, 0.00547469361, 0.00269570458, 0.00125556765, 0.000554822094, 0.000233536484, 9.40975006e-05, 3.64989719e-05, 1.37293446e-05, 5.07737332e-06, 1.91662775e-06, 7.55036297e-07, 2.87584413e-07, 1.0641363e-07, 3.83535941e-08, 1.34868987e-08, 4.63221728e-09, 1.55518098e-09, 5.10681331e-10, 1.64097971e-10, 5.1619542e-11, 1.59015058e-11, 4.79869616e-12, 1.41910702e-12, 4.1139718e-13, 1.16953132e-13, 3.26151561e-14, 8.92562154e-15, 2.3978607e-15, 6.32601792e-16, 1.63949686e-16, 4.17555744e-17, 1.04541501e-17, 2.57453369e-18, 4.81531915e-13, 4.38419613e-11, 2.20414842e-09, 4.30948539e-08, 1.16335286e-06, 1.38338319e-05, 1.63800214e-05, 1.48193121e-05, 3.10452451e-05, 7.21844626e-05, 0.000149047264, 0.000276847655, 0.000476886431, 0.000785981771, 0.00134396704, 0.00245199655, 0.00460781762, 0.00815953221, 0.0131063946, 0.017937297, 0.0246322565, 0.0316191688, 0.0365583822, 0.0397581682, 0.0425968952, 0.0457644239, 0.049771864, 0.0548021682, 0.0606114864, 0.0650273412, 0.0621407256, 0.0531587526, 0.0414161123, 0.0260763969, 0.0151453009, 0.00831156317, 0.00428611971, 0.00209270325, 0.000976757263, 0.000435456692, 0.000185632613, 7.58782917e-05, 2.98645991e-05, 1.13959704e-05, 4.28123758e-06, 1.6520263e-06, 6.56332418e-07, 2.50752549e-07, 9.29109589e-08, 3.34870052e-08, 1.17595027e-08, 4.02830969e-09, 1.34738065e-09, 4.40381509e-10, 1.40742529e-10, 4.4008009e-11, 1.34703802e-11, 4.03820857e-12, 1.18623113e-12, 3.41606924e-13, 9.64851707e-14, 2.67402389e-14, 7.27492881e-15, 1.94371192e-15, 5.10208602e-16, 1.31625836e-16, 3.33863065e-17, 8.32869795e-18, 2.04412273e-18, 4.93867564e-19, 5.8680735e-14, 5.61079568e-12, 3.08209014e-10, 6.93840452e-09, 8.44770298e-08, 5.22847301e-07, 1.26474993e-06, 3.07710684e-06, 9.1341517e-06, 2.41551716e-05, 5.47458985e-05, 0.000109832974, 0.000201587056, 0.00035108978, 0.000652848452, 0.00130688422, 0.00264890445, 0.00470294012, 0.00771053182, 0.0117736328, 0.0168901253, 0.0223287623, 0.0273680165, 0.0333577842, 0.0374248549, 0.0414528809, 0.0456581824, 0.0502320081, 0.054356914, 0.0518111661, 0.0426130518, 0.0328169465, 0.0208939146, 0.0111695034, 0.00568309007, 0.00276350137, 0.00131219067, 0.000604946748, 0.000269221462, 0.000115364193, 4.76135319e-05, 1.89820912e-05, 7.36606898e-06, 2.84387761e-06, 1.15747275e-06, 4.57384999e-07, 1.75169461e-07, 6.50113279e-08, 2.3418826e-08, 8.20222201e-09, 2.79726153e-09, 9.30075073e-10, 3.01829034e-10, 9.56931201e-11, 2.96655374e-11, 8.99945743e-12, 2.67353674e-12, 7.7830819e-13, 2.22168434e-13, 6.22199436e-14, 1.71051629e-14, 4.61841072e-15, 1.22525582e-15, 3.19533094e-16, 8.19465797e-17, 2.06742131e-17, 5.13280087e-18, 1.25440906e-18, 3.01859014e-19, 7.15614692e-20, 5.61946094e-15, 5.59961257e-13, 3.29997141e-11, 8.80298112e-10, 1.13547536e-08, 7.89040371e-08, 3.41053408e-07, 1.03876096e-06, 2.20805032e-06, 4.76041032e-06, 1.12344287e-05, 2.41613889e-05, 4.75223678e-05, 8.81189699e-05, 0.000177438924, 0.000387373293, 0.000768473663, 0.00139770773, 0.00234534242, 0.00368249021, 0.00549177686, 0.00789877679, 0.0111702923, 0.0154968593, 0.021127291, 0.0272591878, 0.033337798, 0.0390374251, 0.0388072953, 0.032036446, 0.0243108813, 0.0162947141, 0.00811710767, 0.00364560331, 0.00160003349, 0.000724423677, 0.00032761789, 0.000145315673, 6.25817629e-05, 2.60649558e-05, 1.05202507e-05, 4.16558578e-06, 1.68187057e-06, 6.96187954e-07, 2.75395166e-07, 1.04921561e-07, 3.86287802e-08, 1.37754075e-08, 4.76775508e-09, 1.60446989e-09, 5.2586685e-10, 1.68109499e-10, 5.24877433e-11, 1.60246e-11, 4.78892793e-12, 1.40222859e-12, 4.02615712e-13, 1.13442127e-13, 3.1387165e-14, 8.53241106e-15, 2.28008077e-15, 5.99207306e-16, 1.54923927e-16, 3.9420384e-17, 9.87448014e-18, 2.43565482e-18, 5.91740919e-19, 1.41631247e-19, 3.3403117e-20, 7.76616613e-21, 3.93767327e-16, 4.03251109e-14, 2.49163147e-12, 7.39467029e-11, 1.0635024e-09, 8.45735304e-09, 4.78710973e-08, 1.87590103e-07, 5.4614668e-07, 1.18120317e-06, 1.96877136e-06, 2.69702355e-06, 4.81999086e-06, 9.20679304e-06, 1.74421093e-05, 3.54365657e-05, 7.92381616e-05, 0.000166826823, 0.000314466452, 0.0005520907, 0.000917417754, 0.00146894704, 0.00230638729, 0.00357552525, 0.00554868067, 0.00815362204, 0.0124001028, 0.0205445997, 0.0202511866, 0.0172743015, 0.0126146795, 0.0071986909, 0.00333446334, 0.00148715451, 0.000675051182, 0.000304661749, 0.000134460104, 5.74650257e-05, 2.36826872e-05, 9.42983843e-06, 3.6792328e-06, 1.46791808e-06, 5.87817169e-07, 2.24632856e-07, 8.27204332e-08, 2.94532772e-08, 1.01680229e-08, 3.41187567e-09, 1.11513143e-09, 3.55638741e-10, 1.1083709e-10, 3.37977528e-11, 1.00940064e-11, 2.95522764e-12, 8.48783121e-13, 2.39313858e-13, 6.62764995e-14, 1.8038517e-14, 4.8272251e-15, 1.27067468e-15, 3.29136304e-16, 8.39204047e-17, 2.10687088e-17, 5.20954048e-18, 1.26896951e-18, 3.04565911e-19, 7.20392823e-20, 1.67953385e-20, 3.86012921e-21, 8.75054094e-22, 1.54448467e-17, 1.60531654e-15, 1.02499172e-13, 3.26542265e-12, 5.06361342e-11, 4.31307906e-10, 2.46685872e-09, 8.9922958e-09, 2.42084539e-08, 5.62165283e-08, 1.37811512e-07, 3.15831556e-07, 6.47179775e-07, 1.15633338e-06, 1.77642539e-06, 2.35418156e-06, 2.72848843e-06, 3.24374264e-06, 5.55682846e-06, 1.06921598e-05, 2.10043072e-05, 4.68586622e-05, 9.71720947e-05, 0.000201779418, 0.000413545349, 0.000746548234, 0.0011716669, 0.00553573295, 0.00766452169, 0.00772369234, 0.0059940503, 0.00398928253, 0.00249570981, 0.00148429838, 0.000820601417, 0.000417961564, 0.000196155481, 8.52794474e-05, 3.4604629e-05, 1.32273699e-05, 4.8373704e-06, 1.75586172e-06, 6.39967368e-07, 2.22403941e-07, 7.4341564e-08, 2.40314044e-08, 7.54813723e-09, 2.31301023e-09, 6.93736624e-10, 2.04132419e-10, 5.9021496e-11, 1.67842285e-11, 4.69684317e-12, 1.29366136e-12, 3.50727748e-13, 9.35934815e-14, 2.45826224e-14, 6.35482953e-15, 1.61685609e-15, 4.04897737e-16, 9.98061767e-17, 2.42189451e-17, 5.78629878e-18, 1.3613478e-18, 3.1546081e-19, 7.20152489e-20, 1.61997749e-20, 3.59178261e-21, 7.85210032e-22, 1.69372677e-22] (
            interpolation = "uniform"
        )
        float[] primvars:TAR0_Gas_mass_fractions_9 = [0, 0, 0, 0, 0, 0, 0, 0, 0, 0, 0, 0, 0, 0, 0, 0, 0, 0, 0, 0, 0, 0, 0, 0, 0, 0, 0, 0, 0, 0, 0, 0, 0, 0, 0, 0, 0, 0, 0, 0, 0, 0, 0, 0, 0, 0, 0, 0, 0, 0, 0, 0, 0, 0, 0, 0, 0, 0, 0, 0, 0, 0, 0, 0, 0, 0, 0, 0, 0, 0, 0, 0, 0, 0, 0, 0, 0, 0, 0, 0, 0, 0, 0, 0, 0, 0, 0, 0, 0, 0, 0, 0, 0, 0, 0, 0, 0, 0, 0, 0, 0, 0, 0, 0, 0, 0, 0, 0, 0, 0, 0, 0, 0, 0, 0, 0, 0, 0, 0, 0, 0, 0, 0, 0, 0, 0, 0, 0, 0, 0, 0, 0, 0, 0, 0, 0, 0, 0, 0, 0, 0, 0, 0, 0, 0, 0, 0, 0, 0, 0, 0, 0, 0, 0, 0, 0, 0, 0, 0, 0, 0, 0, 0, 0, 0, 0, 0, 0, 0, 0, 0, 0, 0, 0, 0, 0, 0, 0, 0, 0, 0, 0, 0, 0, 0, 0, 0, 0, 0, 0, 0, 0, 0, 0, 0, 0, 0, 0, 0, 0, 0, 0, 0, 0, 0, 0, 0, 0, 0, 0, 0, 0, 0, 0, 0, 0, 0, 0, 0, 0, 0, 0, 0, 0, 0, 0, 0, 0, 0, 0, 0, 0, 0, 0, 0, 0, 0, 0, 0, 0, 0, 0, 0, 0, 0, 0, 0, 0, 0, 0, 0, 0, 0, 0, 0, 0, 0, 0, 0, 0, 0, 0, 0, 0, 0, 0, 0, 0, 0, 0, 0, 0, 0, 0, 0, 0, 0, 0, 0, 0, 0, 0, 0, 0, 0, 0, 0, 0, 0, 0, 0, 0, 0, 0, 0, 0, 0, 0, 0, 0, 0, 0, 0, 0, 0, 0, 0, 0, 0, 0, 0, 0, 0, 0, 0, 0, 0, 0, 0, 0, 0, 0, 0, 0, 0, 0, 0, 0, 0, 0, 0, 0, 0, 0, 0, 0, 0, 0, 0, 0, 0, 0, 0, 0, 0, 0, 0, 0, 0, 0, 0, 0, 0, 0, 0, 0, 0, 0, 0, 0, 0, 0, 0, 0, 0, 0, 0, 0, 0, 0, 0, 0, 0, 0, 0, 0, 0, 0, 0, 0, 0, 0, 0, 0, 0, 0, 0, 0, 0, 0, 0, 0, 0, 0, 0, 0, 0, 0, 0, 0, 0, 0, 0, 0, 0, 0, 0, 0, 0, 0, 0, 0, 0, 0, 0, 0, 0, 0, 0, 0, 0, 0, 0, 0, 0, 0, 0, 0, 0, 0, 0, 0, 0, 0, 0, 0, 0, 0, 0, 0, 0, 0, 0, 0, 0, 0, 0, 0, 0, 0, 0, 0, 0, 0, 0, 0, 0, 0, 0, 0, 0, 0, 0, 0, 0, 0, 0, 0, 0, 0, 0, 0, 0, 0, 0, 0, 0, 0, 0, 0, 0, 0, 0, 0, 0, 0, 0, 0, 0, 0, 0, 0, 0, 0, 0, 0, 0, 0, 0, 0, 0, 0, 0, 0, 0, 0, 0, 0, 0, 0, 0, 0, 0, 0, 0, 0, 0, 0, 0, 0, 0, 0, 0, 0, 0, 0, 0, 0, 0, 0, 0, 0, 0, 0, 0, 0, 0, 0, 0, 0, 0, 0, 0, 0, 0, 0, 0, 0, 0, 0, 0, 0, 0, 0, 0, 0, 0, 0, 0, 0, 0, 0, 0, 0, 0, 0, 0, 0, 0, 0, 0, 0, 0, 0, 0, 0, 0, 0, 0, 0, 0, 0, 0, 0, 0, 0, 0, 0, 0, 0, 0, 0, 0, 0, 0, 0, 0, 0, 0, 0, 0, 0, 0, 0, 0, 0, 0, 0, 0, 0, 0, 0, 0, 0, 0, 0, 0, 0, 0, 0, 0, 0, 0, 0, 0, 0, 0, 0, 0, 0, 0, 0, 0, 0, 0, 0, 0, 0, 0, 0, 0, 0, 0, 0, 0, 0, 0, 0, 0, 0, 0, 0, 0, 0, 0, 0, 0, 0, 0, 0, 0, 0, 0, 0, 0, 0, 0, 0, 0, 0, 0, 0, 0, 0, 0, 0, 0, 0, 0, 0, 0, 0, 0, 0, 0, 0, 0, 0, 0, 0, 0, 0, 0, 0, 0, 0, 0, 0, 0, 0] (
            interpolation = "uniform"
        )
        float[] primvars:BIOMASS_Solids_mass_fractions_1_1 = [0, 0, 0, 0, 5.30144355e-08, 0.0468232371, 0.000106833424, 9.63221828e-06, 2.77335153e-06, 1.47532637e-06, 8.89981067e-08, 7.82356793e-08, 8.86831373e-08, 8.64483098e-08, 6.99639955e-08, 8.75429365e-08, 8.79557618e-08, 8.81371989e-08, 8.83944935e-08, 8.8794863e-08, 8.93386982e-08, 8.99555346e-08, 9.04926765e-08, 9.07478181e-08, 9.06620627e-08, 9.03383537e-08, 8.98325609e-08, 8.91115874e-08, 8.82008351e-08, 8.73525465e-08, 8.73526034e-08, 0, 0, 0, 0, 0, 0, 0, 0, 0, 0, 0, 0, 0, 0, 0, 0, 0, 0, 0, 0, 0, 0, 0, 0, 0, 0, 0, 0, 0, 0, 0, 0, 0, 0, 0, 0, 0, 0, 0, 0, 0, 0, 0, 5.18778052e-08, 8.27160385e-09, 0.0468232371, 0, 0, 9.85205233e-08, 9.05839599e-08, 6.97280953e-08, 6.39673559e-08, 6.87186841e-08, 7.3418029e-08, 7.77768605e-08, 8.17454264e-08, 8.49678941e-08, 8.71535804e-08, 8.86647982e-08, 8.96856349e-08, 9.02642583e-08, 9.04505839e-08, 9.03515769e-08, 9.00502428e-08, 8.94509711e-08, 8.81625226e-08, 8.70260948e-08, 8.69535626e-08, 8.71531043e-08, 0, 0, 0, 0, 0, 0, 0, 0, 0, 0, 0, 0, 0, 0, 0, 0, 0, 0, 0, 0, 0, 0, 0, 0, 0, 0, 0, 0, 0, 0, 0, 0, 0, 0, 0, 0, 0, 0, 0, 0, 0, 0, 0, 0, 0, 4.88607057e-08, 6.91717901e-08, 5.18378158e-08, 8.97568384e-08, 8.11302527e-08, 9.97520004e-08, 6.75474467e-08, 6.51129568e-08, 6.59570532e-08, 7.02889764e-08, 7.61511814e-08, 8.15544823e-08, 8.49014725e-08, 8.69627073e-08, 8.84403377e-08, 8.93617553e-08, 8.97807269e-08, 8.98431551e-08, 8.96236259e-08, 8.89197267e-08, 8.753576e-08, 8.70890133e-08, 8.7057586e-08, 8.69536265e-08, 0, 0, 0, 0, 0, 0, 0, 0, 0, 0, 0, 0, 0, 0, 0, 0, 0, 0, 0, 0, 0, 0, 0, 0, 0, 0, 0, 0, 0, 0, 0, 0, 0, 0, 0, 0, 0, 0, 0, 0, 0, 0, 0, 0, 0, 0, 0, 0, 0, 0, 0, 0, 0, 0, 6.61547475e-08, 7.46486037e-08, 7.90025325e-08, 8.37560918e-08, 8.62396448e-08, 8.74735164e-08, 8.83860665e-08, 8.9057437e-08, 8.93789931e-08, 8.93904826e-08, 8.91512215e-08, 8.90355309e-08, 8.7535831e-08, 8.70891199e-08, 0, 0, 0, 0, 0, 0, 0, 0, 0, 0, 0, 0, 0, 0, 0, 0, 0, 0, 0, 0, 0, 0, 0, 0, 0, 0, 0, 0, 0, 0, 0, 0, 0, 0, 0, 0, 0, 0, 0, 0, 0, 0, 0, 0, 0, 0, 0, 0, 0, 0, 0, 0, 0, 0, 0, 3.46185338e-08, 1.90090699e-08, 7.48787699e-08, 8.2147217e-08, 8.52719637e-08, 8.67716849e-08, 8.76734063e-08, 8.84690223e-08, 8.8967532e-08, 8.91960568e-08, 8.92933301e-08, 8.91513636e-08, 0, 0, 0, 0, 0, 0, 0, 0, 0, 0, 0, 0, 0, 0, 0, 0, 0, 0, 0, 0, 0, 0, 0, 0, 0, 0, 0, 0, 0, 0, 0, 0, 0, 0, 0, 0, 0, 0, 0, 0, 0, 0, 0, 0, 0, 0, 0, 0, 0, 0, 0, 0, 0, 0, 0, 0, 0, 0, 0, 0, 0, 0, 8.52854853e-08, 8.67717489e-08, 8.76734845e-08, 8.84692213e-08, 8.8967596e-08, 8.91961989e-08, 0, 0, 0, 0, 0, 0, 0, 0, 0, 0, 0, 0, 0, 0, 0, 0, 0, 0, 0, 0, 0, 0, 0, 0, 0, 0, 0, 0, 0, 0, 0, 0, 0, 0, 0, 0, 0, 0, 0, 0, 0, 0, 0, 0, 0, 0, 0, 0, 0, 0, 0, 0, 0, 0, 0, 0, 0, 0, 0, 0, 0, 0, 0, 0, 0, 0, 0, 0, 0, 0, 0, 0, 0, 0, 0, 0, 0, 0, 0, 0, 0, 0, 0, 0, 0, 0, 0, 0, 0, 0, 0, 0, 0, 0, 0, 0, 0, 0, 0, 0, 0, 0, 0, 0, 0, 0, 0, 0, 0, 0, 0, 0, 0, 0, 0, 0, 0, 0, 0, 0, 0, 0, 0, 0, 0, 0, 0, 0, 0, 0, 0, 0, 0, 0, 0, 0, 0, 0, 0, 0, 0, 0, 0, 0, 0, 0, 0, 0, 0, 0, 0, 0, 0, 0, 0, 0, 0, 0, 0, 0, 0, 0, 0, 0, 0, 0, 0, 0, 0, 0, 0, 0, 0, 0, 0, 0, 0, 0, 0, 0, 0, 0, 0, 0, 0, 0, 0, 0, 0, 0, 0, 0, 0, 0, 0, 0, 0, 0, 0, 0, 0, 0, 0, 0, 0, 0, 0, 0, 0, 0, 0, 0, 0, 0, 0, 0, 0, 0, 0, 0, 0, 0, 0, 0, 0, 0, 0, 0, 0, 0, 0, 0, 0, 0, 0, 0, 0, 0, 0, 0, 0, 0, 0, 0, 0, 0, 0, 0, 0, 0, 0, 0, 0, 0, 0, 0, 0, 0, 0, 0, 0, 0, 0, 0, 0, 0, 0, 0, 0, 0, 0, 0, 0, 0, 0, 0, 0, 0, 0, 0, 0, 0, 0, 0, 0, 0, 0, 0, 0, 0, 0, 0, 0, 0, 0, 0, 0, 0, 0, 0, 0, 0, 0, 0, 0, 0, 0, 0, 0, 0, 0, 0, 0, 0, 0, 0, 0, 0, 0, 0, 0, 0, 0, 0, 0, 0, 0, 0] (
            interpolation = "uniform"
        )
        float[] primvars:MOISTURE_Solids_mass_fractions_1_2 = [0, 0, 0, 0, 0, 0, 0, 0, 0, 0, 0, 0, 0, 0, 0, 0, 0, 0, 0, 0, 0, 0, 0, 0, 0, 0, 0, 0, 0, 0, 0, 0, 0, 0, 0, 0, 0, 0, 0, 0, 0, 0, 0, 0, 0, 0, 0, 0, 0, 0, 0, 0, 0, 0, 0, 0, 0, 0, 0, 0, 0, 0, 0, 0, 0, 0, 0, 0, 0, 0, 0, 0, 0, 0, 0, 0, 0, 0, 0, 0, 0, 0, 0, 0, 0, 0, 0, 0, 0, 0, 0, 0, 0, 0, 0, 0, 0, 0, 0, 0, 0, 0, 0, 0, 0, 0, 0, 0, 0, 0, 0, 0, 0, 0, 0, 0, 0, 0, 0, 0, 0, 0, 0, 0, 0, 0, 0, 0, 0, 0, 0, 0, 0, 0, 0, 0, 0, 0, 0, 0, 0, 0, 0, 0, 0, 0, 0, 0, 0, 0, 0, 0, 0, 0, 0, 0, 0, 0, 0, 0, 0, 0, 0, 0, 0, 0, 0, 0, 0, 0, 0, 0, 0, 0, 0, 0, 0, 0, 0, 0, 0, 0, 0, 0, 0, 0, 0, 0, 0, 0, 0, 0, 0, 0, 0, 0, 0, 0, 0, 0, 0, 0, 0, 0, 0, 0, 0, 0, 0, 0, 0, 0, 0, 0, 0, 0, 0, 0, 0, 0, 0, 0, 0, 0, 0, 0, 0, 0, 0, 0, 0, 0, 0, 0, 0, 0, 0, 0, 0, 0, 0, 0, 0, 0, 0, 0, 0, 0, 0, 0, 0, 0, 0, 0, 0, 0, 0, 0, 0, 0, 0, 0, 0, 0, 0, 0, 0, 0, 0, 0, 0, 0, 0, 0, 0, 0, 0, 0, 0, 0, 0, 0, 0, 0, 0, 0, 0, 0, 0, 0, 0, 0, 0, 0, 0, 0, 0, 0, 0, 0, 0, 0, 0, 0, 0, 0, 0, 0, 0, 0, 0, 0, 0, 0, 0, 0, 0, 0, 0, 0, 0, 0, 0, 0, 0, 0, 0, 0, 0, 0, 0, 0, 0, 0, 0, 0, 0, 0, 0, 0, 0, 0, 0, 0, 0, 0, 0, 0, 0, 0, 0, 0, 0, 0, 0, 0, 0, 0, 0, 0, 0, 0, 0, 0, 0, 0, 0, 0, 0, 0, 0, 0, 0, 0, 0, 0, 0, 0, 0, 0, 0, 0, 0, 0, 0, 0, 0, 0, 0, 0, 0, 0, 0, 0, 0, 0, 0, 0, 0, 0, 0, 0, 0, 0, 0, 0, 0, 0, 0, 0, 0, 0, 0, 0, 0, 0, 0, 0, 0, 0, 0, 0, 0, 0, 0, 0, 0, 0, 0, 0, 0, 0, 0, 0, 0, 0, 0, 0, 0, 0, 0, 0, 0, 0, 0, 0, 0, 0, 0, 0, 0, 0, 0, 0, 0, 0, 0, 0, 0, 0, 0, 0, 0, 0, 0, 0, 0, 0, 0, 0, 0, 0, 0, 0, 0, 0, 0, 0, 0, 0, 0, 0, 0, 0, 0, 0, 0, 0, 0, 0, 0, 0, 0, 0, 0, 0, 0, 0, 0, 0, 0, 0, 0, 0, 0, 0, 0, 0, 0, 0, 0, 0, 0, 0, 0, 0, 0, 0, 0, 0, 0, 0, 0, 0, 0, 0, 0, 0, 0, 0, 0, 0, 0, 0, 0, 0, 0, 0, 0, 0, 0, 0, 0, 0, 0, 0, 0, 0, 0, 0, 0, 0, 0, 0, 0, 0, 0, 0, 0, 0, 0, 0, 0, 0, 0, 0, 0, 0, 0, 0, 0, 0, 0, 0, 0, 0, 0, 0, 0, 0, 0, 0, 0, 0, 0, 0, 0, 0, 0, 0, 0, 0, 0, 0, 0, 0, 0, 0, 0, 0, 0, 0, 0, 0, 0, 0, 0, 0, 0, 0, 0, 0, 0, 0, 0, 0, 0, 0, 0, 0, 0, 0, 0, 0, 0, 0, 0, 0, 0, 0, 0, 0, 0, 0, 0, 0, 0, 0, 0, 0, 0, 0, 0, 0, 0, 0, 0, 0, 0, 0, 0, 0, 0, 0, 0, 0, 0, 0, 0, 0, 0, 0, 0, 0, 0, 0, 0, 0, 0, 0, 0, 0, 0, 0, 0, 0, 0, 0, 0, 0, 0, 0, 0, 0, 0, 0, 0, 0, 0, 0, 0, 0, 0, 0, 0, 0, 0, 0, 0, 0] (
            interpolation = "uniform"
        )
        float[] primvars:CHAR_Solids_mass_fractions_1_3 = [0, 0, 0, 0, 0.742167711, 0.723153353, 0.760581136, 0.757703066, 0.756132424, 0.755227804, 0.754823864, 0.754571319, 0.754327595, 0.754111946, 0.753935874, 0.753792107, 0.753652275, 0.753529906, 0.753409982, 0.753273249, 0.753092945, 0.752843976, 0.75255096, 0.752327502, 0.752265275, 0.752344608, 0.752528191, 0.75281626, 0.753191471, 0.75354284, 0.753542721, 0, 0, 0, 0, 0, 0, 0, 0, 0, 0, 0, 0, 0, 0, 0, 0, 0, 0, 0, 0, 0, 0, 0, 0, 0, 0, 0, 0, 0, 0, 0, 0, 0, 0, 0, 0, 0, 0, 0, 0, 0, 0, 0, 0.747814417, 5.56127624e-08, 0.723153353, 0.757534146, 0.758220911, 0.760403097, 0.760342598, 0.760394275, 0.760722339, 0.760609627, 0.76008755, 0.759221554, 0.758111, 0.756850839, 0.755754352, 0.754818857, 0.754025996, 0.75341171, 0.753023744, 0.752854526, 0.752859712, 0.753056526, 0.753549337, 0.753841817, 0.753764868, 0.753653705, 0, 0, 0, 0, 0, 0, 0, 0, 0, 0, 0, 0, 0, 0, 0, 0, 0, 0, 0, 0, 0, 0, 0, 0, 0, 0, 0, 0, 0, 0, 0, 0, 0, 0, 0, 0, 0, 0, 0, 0, 0, 0, 0, 0, 0, 0.73138684, 0.760494173, 0.746653378, 0.760164142, 0.759621799, 0.759522438, 0.759316564, 0.759141147, 0.760556102, 0.759853601, 0.758481085, 0.757033348, 0.756094515, 0.755424738, 0.754744411, 0.754129708, 0.753680587, 0.753418684, 0.753335714, 0.753512979, 0.753985822, 0.754054189, 0.753947914, 0.753764689, 0, 0, 0, 0, 0, 0, 0, 0, 0, 0, 0, 0, 0, 0, 0, 0, 0, 0, 0, 0, 0, 0, 0, 0, 0, 0, 0, 0, 0, 0, 0, 0, 0, 0, 0, 0, 0, 0, 0, 0, 0, 0, 0, 0, 0, 0, 0, 0, 0, 0, 0, 0, 0, 0, 0.759838402, 0.759005785, 0.758176386, 0.756468475, 0.755546451, 0.755080521, 0.754636109, 0.754181683, 0.753834426, 0.753631651, 0.753581941, 0.753547311, 0.753985643, 0.754053891, 0, 0, 0, 0, 0, 0, 0, 0, 0, 0, 0, 0, 0, 0, 0, 0, 0, 0, 0, 0, 0, 0, 0, 0, 0, 0, 0, 0, 0, 0, 0, 0, 0, 0, 0, 0, 0, 0, 0, 0, 0, 0, 0, 0, 0, 0, 0, 0, 0, 0, 0, 0, 0, 8.36537168e-08, 8.73482264e-08, 8.39792094e-08, 0.353748471, 0.754145443, 0.756955981, 0.755794585, 0.755128741, 0.754810154, 0.754485905, 0.754132628, 0.753887355, 0.753759325, 0.753581524, 0, 0, 0, 0, 0, 0, 0, 0, 0, 0, 0, 0, 0, 0, 0, 0, 0, 0, 0, 0, 0, 0, 0, 0, 0, 0, 0, 0, 0, 0, 0, 0, 0, 0, 0, 0, 0, 0, 0, 0, 0, 0, 0, 0, 0, 0, 0, 0, 0, 0, 0, 0, 0, 0, 0, 0, 0, 0, 0, 0, 0, 0, 0.755755842, 0.755128562, 0.754809916, 0.754485369, 0.75413245, 0.753886998, 0, 0, 0, 0, 0, 0, 0, 0, 0, 0, 0, 0, 0, 0, 0, 0, 0, 0, 0, 0, 0, 0, 0, 0, 0, 0, 0, 0, 0, 0, 0, 0, 0, 0, 0, 0, 0, 0, 0, 0, 0, 0, 0, 0, 0, 0, 0, 0, 0, 0, 0, 0, 0, 0, 0, 0, 0, 0, 0, 0, 0, 0, 0, 0, 0, 0, 0, 0, 0, 0, 0, 0, 0, 0, 0, 0, 0, 0, 0, 0, 0, 0, 0, 0, 0, 0, 0, 0, 0, 0, 0, 0, 0, 0, 0, 0, 0, 0, 0, 0, 0, 0, 0, 0, 0, 0, 0, 0, 0, 0, 0, 0, 0, 0, 0, 0, 0, 0, 0, 0, 0, 0, 0, 0, 0, 0, 0, 0, 0, 0, 0, 0, 0, 0, 0, 0, 0, 0, 0, 0, 0, 0, 0, 0, 0, 0, 0, 0, 0, 0, 0, 0, 0, 0, 0, 0, 0, 0, 0, 0, 0, 0, 0, 0, 0, 0, 0, 0, 0, 0, 0, 0, 0, 0, 0, 0, 0, 0, 0, 0, 0, 0, 0, 0, 0, 0, 0, 0, 0, 0, 0, 0, 0, 0, 0, 0, 0, 0, 0, 0, 0, 0, 0, 0, 0, 0, 0, 0, 0, 0, 0, 0, 0, 0, 0, 0, 0, 0, 0, 0, 0, 0, 0, 0, 0, 0, 0, 0, 0, 0, 0, 0, 0, 0, 0, 0, 0, 0, 0, 0, 0, 0, 0, 0, 0, 0, 0, 0, 0, 0, 0, 0, 0, 0, 0, 0, 0, 0, 0, 0, 0, 0, 0, 0, 0, 0, 0, 0, 0, 0, 0, 0, 0, 0, 0, 0, 0, 0, 0, 0, 0, 0, 0, 0, 0, 0, 0, 0, 0, 0, 0, 0, 0, 0, 0, 0, 0, 0, 0, 0, 0, 0, 0, 0, 0, 0, 0, 0, 0, 0, 0, 0, 0, 0, 0, 0, 0, 0, 0, 0, 0, 0, 0, 0, 0, 0, 0, 0] (
            interpolation = "uniform"
        )
        float[] primvars:ASH_Solids_mass_fractions_1_4 = [1, 1, 1, 1, 0.257832229, 0.230023384, 0.239312038, 0.242287308, 0.24386479, 0.244770721, 0.245176017, 0.245428592, 0.245672345, 0.24588795, 0.246064067, 0.246207833, 0.246347621, 0.246470019, 0.246589929, 0.246726662, 0.246906936, 0.24715592, 0.247448951, 0.247672409, 0.247734621, 0.247655272, 0.24747169, 0.247183651, 0.246808425, 0.24645704, 0.246457204, 1, 1, 1, 1, 1, 1, 1, 1, 1, 1, 1, 1, 1, 1, 1, 1, 1, 1, 1, 1, 1, 1, 1, 1, 1, 1, 1, 1, 1, 1, 1, 1, 1, 1, 1, 1, 1, 1, 1, 1, 1, 1, 1, 0.252185524, 0.99999994, 0.230023384, 0.242465854, 0.241779119, 0.239596784, 0.239657298, 0.23960565, 0.239277571, 0.239390269, 0.239912406, 0.240778357, 0.241888896, 0.243149102, 0.244245589, 0.245181024, 0.245973885, 0.2465882, 0.246976197, 0.24714537, 0.247140214, 0.246943414, 0.246450588, 0.246158078, 0.246235058, 0.246346191, 1, 1, 1, 1, 1, 1, 1, 1, 1, 1, 1, 1, 1, 1, 1, 1, 1, 1, 1, 1, 1, 1, 1, 1, 1, 1, 1, 1, 1, 1, 1, 1, 1, 1, 1, 1, 1, 1, 1, 1, 1, 1, 1, 1, 1, 0.26861313, 0.239505768, 0.253346562, 0.239835784, 0.240378127, 0.240477473, 0.240683377, 0.240858823, 0.239443824, 0.240146339, 0.241518825, 0.242966592, 0.243905425, 0.244575173, 0.24525547, 0.245870233, 0.246319309, 0.246581241, 0.246664181, 0.246486932, 0.246014073, 0.245945692, 0.246051967, 0.246235251, 1, 1, 1, 1, 1, 1, 1, 1, 1, 1, 1, 1, 1, 1, 1, 1, 1, 1, 1, 1, 1, 1, 1, 1, 1, 1, 1, 1, 1, 1, 1, 1, 1, 1, 1, 1, 1, 1, 1, 1, 1, 1, 1, 1, 1, 1, 1, 1, 1, 1, 1, 1, 1, 1, 0.240161508, 0.240994126, 0.241823509, 0.243531436, 0.244453475, 0.244919375, 0.245363787, 0.245818198, 0.246165499, 0.246368274, 0.246417984, 0.2464526, 0.246014282, 0.24594599, 1, 1, 1, 1, 1, 1, 1, 1, 1, 1, 1, 1, 1, 1, 1, 1, 1, 1, 1, 1, 1, 1, 1, 1, 1, 1, 1, 1, 1, 1, 1, 1, 1, 1, 1, 1, 1, 1, 1, 1, 1, 1, 1, 1, 1, 1, 1, 1, 1, 1, 1, 1, 1, 0.99999994, 0.99999994, 0.999999881, 0.6462515, 0.245854467, 0.243043929, 0.244205341, 0.244871184, 0.245189756, 0.245513991, 0.245867297, 0.24611254, 0.246240556, 0.246418372, 1, 1, 1, 1, 1, 1, 1, 1, 1, 1, 1, 1, 1, 1, 1, 1, 1, 1, 1, 1, 1, 1, 1, 1, 1, 1, 1, 1, 1, 1, 1, 1, 1, 1, 1, 1, 1, 1, 1, 1, 1, 1, 1, 1, 1, 1, 1, 1, 1, 1, 1, 1, 1, 1, 1, 1, 1, 1, 1, 1, 1, 1, 0.244244069, 0.244871378, 0.24518998, 0.245514557, 0.245867476, 0.246112928, 1, 1, 1, 1, 1, 1, 1, 1, 1, 1, 1, 1, 1, 1, 1, 1, 1, 1, 1, 1, 1, 1, 1, 1, 1, 1, 1, 1, 1, 1, 1, 1, 1, 1, 1, 1, 1, 1, 1, 1, 1, 1, 1, 1, 1, 1, 1, 1, 1, 1, 1, 1, 1, 1, 1, 1, 1, 1, 1, 1, 1, 1, 1, 1, 1, 1, 1, 1, 1, 1, 1, 1, 1, 1, 1, 1, 1, 1, 1, 1, 1, 1, 1, 1, 1, 1, 1, 1, 1, 1, 1, 1, 1, 1, 1, 1, 1, 1, 1, 1, 1, 1, 1, 1, 1, 1, 1, 1, 1, 1, 1, 1, 1, 1, 1, 1, 1, 1, 1, 1, 1, 1, 1, 1, 1, 1, 1, 1, 1, 1, 1, 1, 1, 1, 1, 1, 1, 1, 1, 1, 1, 1, 1, 1, 1, 1, 1, 1, 1, 1, 1, 1, 1, 1, 1, 1, 1, 1, 1, 1, 1, 1, 1, 1, 1, 1, 1, 1, 1, 1, 1, 1, 1, 1, 1, 1, 1, 1, 1, 1, 1, 1, 1, 1, 1, 1, 1, 1, 1, 1, 1, 1, 1, 1, 1, 1, 1, 1, 1, 1, 1, 1, 1, 1, 1, 1, 1, 1, 1, 1, 1, 1, 1, 1, 1, 1, 1, 1, 1, 1, 1, 1, 1, 1, 1, 1, 1, 1, 1, 1, 1, 1, 1, 1, 1, 1, 1, 1, 1, 1, 1, 1, 1, 1, 1, 1, 1, 1, 1, 1, 1, 1, 1, 1, 1, 1, 1, 1, 1, 1, 1, 1, 1, 1, 1, 1, 1, 1, 1, 1, 1, 1, 1, 1, 1, 1, 1, 1, 1, 1, 1, 1, 1, 1, 1, 1, 1, 1, 1, 1, 1, 1, 1, 1, 1, 1, 1, 1, 1, 1, 1, 1, 1, 1, 1, 1, 1, 1, 1, 1, 1, 1, 1, 1, 1, 1, 1, 1, 1, 1, 1, 1, 1, 1, 1, 1, 1, 1] (
            interpolation = "uniform"
        )
        color3f[] primvars:displayColor = [(0, 0.874397576, 1), (0, 0.874397576, 1), (0, 0.874397576, 1), (0, 0.874341667, 1), (0.927650392, 1, 0), (0, 0.959808886, 1), (0, 0.39802745, 1), (0, 0.233994111, 1), (0, 0.119050615, 1), (0, 0, 1), (0, 0.513557673, 1), (0, 0.626293957, 1), (0, 0.673148632, 1), (0, 0.701535285, 1), (0, 0.721176803, 1), (0, 0.733498156, 1), (0, 0.738108218, 1), (0, 0.739058137, 1), (0, 0.737633228, 1), (0, 0.733302593, 1), (0, 0.72492075, 1), (0, 0.711314142, 1), (0, 0.694438636, 1), (0, 0.683653951, 1), (0, 0.690834403, 1), (0, 0.722825229, 1), (0, 0.785298169, 1), (0, 0.850481272, 1), (0, 0.870849252, 1), (0, 0.873894632, 1), (0, 0.874285817, 1), (0, 0.874397576, 1), (0, 0.874397576, 1), (0, 0.874397576, 1), (0, 0.874732852, 1), (0, 0.875012219, 1), (0, 0.875123978, 1), (0, 0.875040174, 1), (0, 0.87490046, 1), (0, 0.874760747, 1), (0, 0.874648988, 1), (0, 0.87453723, 1), (0, 0.87448138, 1), (0, 0.874453425, 1), (0, 0.874425471, 1), (0, 0.874397576, 1), (0, 0.874397576, 1), (0, 0.874397576, 1), (0, 0.874397576, 1), (0, 0.874397576, 1), (0, 0.874397576, 1), (0, 0.874397576, 1), (0, 0.874397576, 1), (0, 0.874397576, 1), (0, 0.874397576, 1), (0, 0.874397576, 1), (0, 0.874397576, 1), (0, 0.874397576, 1), (0, 0.874397576, 1), (0, 0.874397576, 1), (0, 0.874397576, 1), (0, 0.874397576, 1), (0, 0.874397576, 1), (0, 0.874397576, 1), (0, 0.874397576, 1), (0, 0.874397576, 1), (0, 0.874397576, 1), (0, 0.874397576, 1), (0, 0.874397576, 1), (0, 0.874397576, 1), (0, 0.874397576, 1), (0, 0.874397576, 1), (0, 0.874397576, 1), (0, 0.874425471, 1), (1, 0, 0), (0, 0.965368867, 1), (0, 0.950225592, 1), (0, 0.900213718, 1), (0, 0.881773591, 1), (0, 0.875459254, 1), (0, 0.871855021, 1), (0, 0.869089007, 1), (0, 0.866518557, 1), (0, 0.864367247, 1), (0, 0.862048268, 1), (0, 0.857857287, 1), (0, 0.849726915, 1), (0, 0.834555686, 1), (0, 0.813517153, 1), (0, 0.787114263, 1), (0, 0.75788945, 1), (0, 0.733190835, 1), (0, 0.722909093, 1), (0, 0.732855558, 1), (0, 0.766383052, 1), (0, 0.826089978, 1), (0, 0.866155386, 1), (0, 0.873000562, 1), (0, 0.874146104, 1), (0, 0.874313712, 1), (0, 0.874397576, 1), (0, 0.874397576, 1), (0, 0.874397576, 1), (0, 0.874425471, 1), (0, 0.874676943, 1), (0, 0.87490046, 1), (0, 0.875040174, 1), (0, 0.875012219, 1), (0, 0.87490046, 1), (0, 0.874732852, 1), (0, 0.874593139, 1), (0, 0.874509335, 1), (0, 0.874453425, 1), (0, 0.874425471, 1), (0, 0.874397576, 1), (0, 0.874397576, 1), (0, 0.874397576, 1), (0, 0.874397576, 1), (0, 0.874397576, 1), (0, 0.874397576, 1), (0, 0.874397576, 1), (0, 0.874397576, 1), (0, 0.874397576, 1), (0, 0.874397576, 1), (0, 0.874397576, 1), (0, 0.874397576, 1), (0, 0.874397576, 1), (0, 0.874397576, 1), (0, 0.874397576, 1), (0, 0.874397576, 1), (0, 0.874397576, 1), (0, 0.874397576, 1), (0, 0.874397576, 1), (0, 0.874397576, 1), (0, 0.874397576, 1), (0, 0.874397576, 1), (0, 0.874397576, 1), (0, 0.874397576, 1), (0, 0.874397576, 1), (0, 0.874397576, 1), (0, 0.874397576, 1), (0, 0.874397576, 1), (0, 0.874397576, 1), (0, 0.874397576, 1), (0, 0.874509335, 1), (1, 0.0205356013, 0), (0, 1, 0.999986053), (0, 0.897196233, 1), (0, 0.885936618, 1), (0, 1, 0.953913629), (0, 1, 0.83762902), (0, 1, 0.873559356), (0, 0.918514192, 1), (0, 0.875068128, 1), (0, 0.871575654, 1), (0, 0.868725836, 1), (0, 0.861712992, 1), (0, 0.846150637, 1), (0, 0.823128402, 1), (0, 0.79689312, 1), (0, 0.775100231, 1), (0, 0.767528594, 1), (0, 0.779347062, 1), (0, 0.813573062, 1), (0, 0.8567397, 1), (0, 0.871212423, 1), (0, 0.873782873, 1), (0, 0.874229908, 1), (0, 0.874341667, 1), (0, 0.874397576, 1), (0, 0.874397576, 1), (0, 0.874397576, 1), (0, 0.874397576, 1), (0, 0.87448138, 1), (0, 0.874732852, 1), (0, 0.87490046, 1), (0, 0.874984264, 1), (0, 0.874956369, 1), (0, 0.874816656, 1), (0, 0.874676943, 1), (0, 0.874565184, 1), (0, 0.87448138, 1), (0, 0.874425471, 1), (0, 0.874397576, 1), (0, 0.874397576, 1), (0, 0.874397576, 1), (0, 0.874397576, 1), (0, 0.874397576, 1), (0, 0.874397576, 1), (0, 0.874397576, 1), (0, 0.874397576, 1), (0, 0.874397576, 1), (0, 0.874397576, 1), (0, 0.874397576, 1), (0, 0.874397576, 1), (0, 0.874397576, 1), (0, 0.874397576, 1), (0, 0.874397576, 1), (0, 0.874397576, 1), (0, 0.874397576, 1), (0, 0.874397576, 1), (0, 0.874397576, 1), (0, 0.874397576, 1), (0, 0.874397576, 1), (0, 0.874397576, 1), (0, 0.874397576, 1), (0, 0.874397576, 1), (0, 0.874397576, 1), (0, 0.874397576, 1), (0, 0.874397576, 1), (0, 0.874397576, 1), (0, 0.874397576, 1), (0, 0.874397576, 1), (0, 0.874397576, 1), (0, 0.874397576, 1), (0, 0.874565184, 1), (0, 0.875096023, 1), (0, 0.876465082, 1), (0, 0.878588498, 1), (0, 0.88009721, 1), (0, 0.881047189, 1), (0, 0.881969154, 1), (0, 0.948521316, 1), (0, 1, 0.920916975), (0, 0.87842083, 1), (0, 0.873000562, 1), (0, 0.869619906, 1), (0, 0.860288084, 1), (0, 0.838606954, 1), (0, 0.818518341, 1), (0, 0.814020097, 1), (0, 0.828297198, 1), (0, 0.852772295, 1), (0, 0.868194938, 1), (0, 0.87316823, 1), (0, 0.874090195, 1), (0, 0.874285817, 1), (0, 0.874369621, 1), (0, 0.874397576, 1), (0, 0.874397576, 1), (0, 0.874397576, 1), (0, 0.874397576, 1), (0, 0.874397576, 1), (0, 0.874565184, 1), (0, 0.874788702, 1), (0, 0.87490046, 1), (0, 0.874928415, 1), (0, 0.874816656, 1), (0, 0.874704897, 1), (0, 0.874565184, 1), (0, 0.87448138, 1), (0, 0.874453425, 1), (0, 0.874425471, 1), (0, 0.874397576, 1), (0, 0.874397576, 1), (0, 0.874397576, 1), (0, 0.874397576, 1), (0, 0.874397576, 1), (0, 0.874397576, 1), (0, 0.874397576, 1), (0, 0.874397576, 1), (0, 0.874397576, 1), (0, 0.874397576, 1), (0, 0.874397576, 1), (0, 0.874397576, 1), (0, 0.874397576, 1), (0, 0.874397576, 1), (0, 0.874397576, 1), (0, 0.874397576, 1), (0, 0.874397576, 1), (0, 0.874397576, 1), (0, 0.874397576, 1), (0, 0.874397576, 1), (0, 0.874397576, 1), (0, 0.874397576, 1), (0, 0.874397576, 1), (0, 0.874397576, 1), (0, 0.874397576, 1), (0, 0.874397576, 1), (0, 0.874397576, 1), (0, 0.874397576, 1), (0, 0.874397576, 1), (0, 0.874397576, 1), (0, 0.874397576, 1), (0, 0.874397576, 1), (0, 0.874397576, 1), (0, 0.874509335, 1), (0, 0.874872506, 1), (0, 0.87537545, 1), (0, 0.875598967, 1), (0, 0.875682771, 1), (0, 0.87579453, 1), (0, 0.876073956, 1), (0, 1, 0.700110376), (0, 0.911668956, 1), (0, 0.879622281, 1), (0, 0.873866677, 1), (0, 0.87233001, 1), (0, 0.868418455, 1), (0, 0.858052909, 1), (0, 0.861210048, 1), (0, 0.868474364, 1), (0, 0.872525573, 1), (0, 0.873894632, 1), (0, 0.874257863, 1), (0, 0.874341667, 1), (0, 0.874369621, 1), (0, 0.874397576, 1), (0, 0.874397576, 1), (0, 0.874397576, 1), (0, 0.874397576, 1), (0, 0.874397576, 1), (0, 0.874397576, 1), (0, 0.874648988, 1), (0, 0.874816656, 1), (0, 0.874844611, 1), (0, 0.874788702, 1), (0, 0.874676943, 1), (0, 0.874565184, 1), (0, 0.87448138, 1), (0, 0.874453425, 1), (0, 0.874425471, 1), (0, 0.874397576, 1), (0, 0.874397576, 1), (0, 0.874397576, 1), (0, 0.874397576, 1), (0, 0.874397576, 1), (0, 0.874397576, 1), (0, 0.874397576, 1), (0, 0.874397576, 1), (0, 0.874397576, 1), (0, 0.874397576, 1), (0, 0.874397576, 1), (0, 0.874397576, 1), (0, 0.874397576, 1), (0, 0.874397576, 1), (0, 0.874397576, 1), (0, 0.874397576, 1), (0, 0.874397576, 1), (0, 0.874397576, 1), (0, 0.874397576, 1), (0, 0.874397576, 1), (0, 0.874397576, 1), (0, 0.874397576, 1), (0, 0.874397576, 1), (0, 0.874397576, 1), (0, 0.874397576, 1), (0, 0.874397576, 1), (0, 0.874397576, 1), (0, 0.874397576, 1), (0, 0.874397576, 1), (0, 0.874397576, 1), (0, 0.874397576, 1), (0, 0.874397576, 1), (0, 0.874397576, 1), (0, 0.874397576, 1), (0, 0.874397576, 1), (0, 0.874369621, 1), (0, 0.874369621, 1), (0, 0.874369621, 1), (0, 0.874397576, 1), (0, 0.874397576, 1), (0, 0.874397576, 1), (0, 0.874397576, 1), (0, 0.874369621, 1), (0, 0.874369621, 1), (0, 0.877862036, 1), (0, 0.874313712, 1), (0, 0.874257863, 1), (0, 0.874201953, 1), (0, 0.873754919, 1), (0, 0.873978436, 1), (0, 0.874257863, 1), (0, 0.874341667, 1), (0, 0.874369621, 1), (0, 0.874369621, 1), (0, 0.874397576, 1), (0, 0.874397576, 1), (0, 0.874397576, 1), (0, 0.874397576, 1), (0, 0.874397576, 1), (0, 0.874397576, 1), (0, 0.87448138, 1), (0, 0.874676943, 1), (0, 0.874760747, 1), (0, 0.874704897, 1), (0, 0.874621093, 1), (0, 0.87453723, 1), (0, 0.87448138, 1), (0, 0.874425471, 1), (0, 0.874425471, 1), (0, 0.874397576, 1), (0, 0.874397576, 1), (0, 0.874397576, 1), (0, 0.874397576, 1), (0, 0.874397576, 1), (0, 0.874397576, 1), (0, 0.874397576, 1), (0, 0.874397576, 1), (0, 0.874397576, 1), (0, 0.874397576, 1), (0, 0.874397576, 1), (0, 0.874397576, 1), (0, 0.874397576, 1), (0, 0.874397576, 1), (0, 0.874397576, 1), (0, 0.874397576, 1), (0, 0.874397576, 1), (0, 0.874397576, 1), (0, 0.874397576, 1), (0, 0.874397576, 1), (0, 0.874397576, 1), (0, 0.874397576, 1), (0, 0.874397576, 1), (0, 0.874397576, 1), (0, 0.874397576, 1), (0, 0.874397576, 1), (0, 0.874397576, 1), (0, 0.874397576, 1), (0, 0.874397576, 1), (0, 0.874397576, 1), (0, 0.874397576, 1), (0, 0.874397576, 1), (0, 0.874397576, 1), (0, 0.874397576, 1), (0, 0.874397576, 1), (0, 0.874397576, 1), (0, 0.874397576, 1), (0, 0.874397576, 1), (0, 0.874397576, 1), (0, 0.874397576, 1), (0, 0.874397576, 1), (0, 0.874397576, 1), (0, 0.874397576, 1), (0, 0.874397576, 1), (0, 0.874397576, 1), (0, 0.874397576, 1), (0, 0.874397576, 1), (0, 0.874397576, 1), (0, 0.874397576, 1), (0, 0.874397576, 1), (0, 0.874369621, 1), (0, 0.874369621, 1), (0, 0.874397576, 1), (0, 0.874397576, 1), (0, 0.874397576, 1), (0, 0.874397576, 1), (0, 0.874397576, 1), (0, 0.874397576, 1), (0, 0.874397576, 1), (0, 0.874397576, 1), (0, 0.874397576, 1), (0, 0.874565184, 1), (0, 0.874648988, 1), (0, 0.874621093, 1), (0, 0.87453723, 1), (0, 0.87448138, 1), (0, 0.874453425, 1), (0, 0.874425471, 1), (0, 0.874397576, 1), (0, 0.874397576, 1), (0, 0.874397576, 1), (0, 0.874397576, 1), (0, 0.874397576, 1), (0, 0.874397576, 1), (0, 0.874397576, 1), (0, 0.874397576, 1), (0, 0.874397576, 1), (0, 0.874397576, 1), (0, 0.874397576, 1), (0, 0.874397576, 1), (0, 0.874397576, 1), (0, 0.874397576, 1), (0, 0.874397576, 1), (0, 0.874397576, 1), (0, 0.874397576, 1), (0, 0.874397576, 1), (0, 0.874397576, 1), (0, 0.874397576, 1), (0, 0.874397576, 1), (0, 0.874397576, 1), (0, 0.874397576, 1), (0, 0.874397576, 1), (0, 0.874397576, 1), (0, 0.874397576, 1), (0, 0.874397576, 1), (0, 0.874397576, 1), (0, 0.874397576, 1), (0, 0.874397576, 1), (0, 0.874397576, 1), (0, 0.874397576, 1), (0, 0.874397576, 1), (0, 0.874397576, 1), (0, 0.874397576, 1), (0, 0.874397576, 1), (0, 0.874397576, 1), (0, 0.874397576, 1), (0, 0.874397576, 1), (0, 0.874397576, 1), (0, 0.874397576, 1), (0, 0.874397576, 1), (0, 0.874397576, 1), (0, 0.874397576, 1), (0, 0.874397576, 1), (0, 0.874397576, 1), (0, 0.874397576, 1), (0, 0.874397576, 1), (0, 0.874397576, 1), (0, 0.874397576, 1), (0, 0.874397576, 1), (0, 0.874397576, 1), (0, 0.874397576, 1), (0, 0.874397576, 1), (0, 0.874397576, 1), (0, 0.874397576, 1), (0, 0.874397576, 1), (0, 0.874397576, 1), (0, 0.874397576, 1), (0, 0.874397576, 1), (0, 0.874397576, 1), (0, 0.874397576, 1), (0, 0.874453425, 1), (0, 0.87453723, 1), (0, 0.87453723, 1), (0, 0.87448138, 1), (0, 0.874453425, 1), (0, 0.874425471, 1), (0, 0.874397576, 1), (0, 0.874397576, 1), (0, 0.874397576, 1), (0, 0.874397576, 1), (0, 0.874397576, 1), (0, 0.874397576, 1), (0, 0.874397576, 1), (0, 0.874397576, 1), (0, 0.874397576, 1), (0, 0.874397576, 1), (0, 0.874397576, 1), (0, 0.874397576, 1), (0, 0.874397576, 1), (0, 0.874397576, 1), (0, 0.874397576, 1), (0, 0.874397576, 1), (0, 0.874397576, 1), (0, 0.874397576, 1), (0, 0.874397576, 1), (0, 0.874397576, 1), (0, 0.874397576, 1), (0, 0.874397576, 1), (0, 0.874397576, 1), (0, 0.874397576, 1), (0, 0.874397576, 1), (0, 0.874397576, 1), (0, 0.874397576, 1), (0, 0.874397576, 1), (0, 0.874397576, 1), (0, 0.874397576, 1), (0, 0.874397576, 1), (0, 0.874397576, 1), (0, 0.874397576, 1), (0, 0.874397576, 1), (0, 0.874397576, 1), (0, 0.874397576, 1), (0, 0.874397576, 1), (0, 0.874397576, 1), (0, 0.874397576, 1), (0, 0.874397576, 1), (0, 0.874397576, 1), (0, 0.874397576, 1), (0, 0.874397576, 1), (0, 0.874397576, 1), (0, 0.874397576, 1), (0, 0.874397576, 1), (0, 0.874397576, 1), (0, 0.874397576, 1), (0, 0.874397576, 1), (0, 0.874397576, 1), (0, 0.874397576, 1), (0, 0.874397576, 1), (0, 0.874397576, 1), (0, 0.874397576, 1), (0, 0.874397576, 1), (0, 0.874397576, 1), (0, 0.874397576, 1), (0, 0.874397576, 1), (0, 0.874397576, 1), (0, 0.874397576, 1), (0, 0.874397576, 1), (0, 0.874397576, 1), (0, 0.874397576, 1), (0, 0.874425471, 1), (0, 0.87448138, 1), (0, 0.87448138, 1), (0, 0.874453425, 1), (0, 0.874425471, 1), (0, 0.874397576, 1), (0, 0.874397576, 1), (0, 0.874397576, 1), (0, 0.874397576, 1), (0, 0.874397576, 1), (0, 0.874397576, 1), (0, 0.874397576, 1), (0, 0.874397576, 1), (0, 0.874397576, 1), (0, 0.874397576, 1), (0, 0.874397576, 1), (0, 0.874397576, 1), (0, 0.874397576, 1), (0, 0.874397576, 1), (0, 0.874397576, 1), (0, 0.874397576, 1), (0, 0.874397576, 1), (0, 0.874397576, 1), (0, 0.874397576, 1), (0, 0.874397576, 1), (0, 0.874397576, 1), (0, 0.874397576, 1), (0, 0.874397576, 1), (0, 0.874397576, 1), (0, 0.874397576, 1), (0, 0.874397576, 1), (0, 0.874397576, 1), (0, 0.874397576, 1), (0, 0.874397576, 1), (0, 0.874397576, 1), (0, 0.874397576, 1), (0, 0.874397576, 1), (0, 0.874397576, 1), (0, 0.874397576, 1), (0, 0.874397576, 1), (0, 0.874397576, 1), (0, 0.874397576, 1), (0, 0.874397576, 1), (0, 0.874397576, 1), (0, 0.874397576, 1), (0, 0.874397576, 1), (0, 0.874397576, 1), (0, 0.874397576, 1), (0, 0.874397576, 1), (0, 0.874397576, 1), (0, 0.874397576, 1), (0, 0.874397576, 1), (0, 0.874397576, 1), (0, 0.874397576, 1), (0, 0.874397576, 1), (0, 0.874397576, 1), (0, 0.874397576, 1), (0, 0.874397576, 1), (0, 0.874397576, 1), (0, 0.874397576, 1), (0, 0.874397576, 1), (0, 0.874397576, 1), (0, 0.874397576, 1), (0, 0.874397576, 1), (0, 0.874397576, 1), (0, 0.874397576, 1), (0, 0.874397576, 1), (0, 0.874397576, 1), (0, 0.874397576, 1), (0, 0.874397576, 1), (0, 0.874425471, 1), (0, 0.874425471, 1), (0, 0.874425471, 1), (0, 0.874425471, 1), (0, 0.874425471, 1), (0, 0.874397576, 1), (0, 0.874397576, 1), (0, 0.874397576, 1), (0, 0.874397576, 1), (0, 0.874397576, 1), (0, 0.874397576, 1), (0, 0.874397576, 1), (0, 0.874397576, 1), (0, 0.874397576, 1), (0, 0.874397576, 1), (0, 0.874397576, 1), (0, 0.874397576, 1), (0, 0.874397576, 1), (0, 0.874397576, 1), (0, 0.874397576, 1), (0, 0.874397576, 1), (0, 0.874397576, 1), (0, 0.874397576, 1), (0, 0.874397576, 1), (0, 0.874397576, 1), (0, 0.874397576, 1), (0, 0.874397576, 1), (0, 0.874397576, 1), (0, 0.874397576, 1), (0, 0.874397576, 1), (0, 0.874397576, 1), (0, 0.874397576, 1), (0, 0.874397576, 1), (0, 0.874397576, 1), (0, 0.874397576, 1), (0, 0.874397576, 1), (0, 0.874397576, 1), (0, 0.874397576, 1), (0, 0.874397576, 1), (0, 0.874397576, 1)] (
            interpolation = "uniform"
        )
        }
    }
}
