<?xml version="1.0"?>
<VTKFile type="UnstructuredGrid" version="0.1" byte_order="LittleEndian" header_type="UInt32" compressor="vtkZLibDataCompressor">
  <UnstructuredGrid>
    <Piece NumberOfPoints="781" NumberOfCells="700">
      <PointData>
      </PointData>
      <CellData>
        <DataArray type="Float32" Name="EP_G" format="ascii" RangeMin="0.39059534668922424" RangeMax="1">
          0.39081770181655884 0.39097052812576294 0.39116552472114563 0.3914443850517273 0.39195704460144043 0.477725625038147
          0.5644519925117493 0.6140761971473694 0.657443106174469 0.7004039287567139 0.720117449760437 0.7333354353904724
          0.7452229857444763 0.7570246458053589 0.7691443562507629 0.7808709740638733 0.7893606424331665 0.7922054529190063
          0.7921211123466492 0.7904525995254517 0.7873418927192688 0.7825905084609985 0.7759793400764465 0.767041027545929
          0.7540237903594971 0.7327109575271606 0.6972447633743286 0.6452540755271912 0.5851780772209167 0.5327017903327942
          0.49097293615341187 0.5174039602279663 0.8192718029022217 0.9677830338478088 0.9999974966049194 1
          1 1 1 1 1 0.9999999403953552
          1 1 1 1 1 1
          1 1 1 1 1 1
          1 1 1 1 1 1
          1 1 1 1 1 1
          1 1 1 1 0.3907984793186188 0.39094313979148865
          0.39111626148223877 0.3913297951221466 0.39159679412841797 0.39212530851364136 0.39252930879592896 0.3929136395454407
          0.39482802152633667 0.39360660314559937 0.3941493332386017 0.39510640501976013 0.3982900083065033 0.40546873211860657
          0.41376832127571106 0.4252256751060486 0.4420577883720398 0.46391746401786804 0.4884340465068817 0.5172128081321716
          0.5467442870140076 0.5774654746055603 0.6046953797340393 0.6200942993164062 0.6193676590919495 0.6036465764045715
          0.5783185958862305 0.5524846911430359 0.5333645343780518 0.5262531042098999 0.6295797824859619 0.7684056162834167
          0.8728322386741638 0.9794361591339111 0.9999984502792358 1 1 1
          1 1 1 1 1 1
          1 1 1 1 1 1
          1 1 1 1 1 1
          1 1 1 1 1 1
          1 1 1 1 1 1
          1 1 0.3907650113105774 0.3909004330635071 0.39105379581451416 0.39123180508613586
          0.3914406895637512 0.39169418811798096 0.39194583892822266 0.3921884000301361 0.39243894815444946 0.3926752805709839
          0.3936917185783386 0.3947170674800873 0.39561548829078674 0.39641016721725464 0.3973587453365326 0.3982890844345093
          0.3993702828884125 0.4009578227996826 0.40508410334587097 0.41687941551208496 0.44589200615882874 0.47227418422698975
          0.4918215870857239 0.5309972167015076 0.5797032117843628 0.6170188188552856 0.6389167308807373 0.653907835483551
          0.684408962726593 0.732422947883606 0.7788217663764954 0.8299612998962402 0.9165068864822388 0.9907381534576416
          0.9999992847442627 1 1 1 1 1
          1 1 1 1 1 1
          1 1 1 1 1 1
          1 1 1 1 1 1
          1 1 1 1 1 1
          1 1 1 1 1 1
          0.39072734117507935 0.39085283875465393 0.3909927308559418 0.3911453187465668 0.39131471514701843 0.3914993107318878
          0.3916913568973541 0.39188575744628906 0.3920813202857971 0.39227545261383057 0.393690288066864 0.394691526889801
          0.3953600823879242 0.3959182798862457 0.3965999186038971 0.3973162770271301 0.39815276861190796 0.39941680431365967
          0.40643060207366943 0.4213007986545563 0.4301082193851471 0.40341684222221375 0.600592315196991 0.737108588218689
          0.7760633230209351 0.7906294465065002 0.79808509349823 0.8009916543960571 0.7992540001869202 0.7972196936607361
          0.8134839534759521 0.8714637756347656 0.9544011950492859 0.9967194199562073 0.9999996423721313 1
          1 1 1 1 1 1
          1 1 1 1 1 1
          1 1 1 1 1 1
          1 1 1 1 1 1
          1 1 1 1 1 1
          1 1 1 1 0.39068907499313354 0.3908117413520813
          0.3909366726875305 0.3910762369632721 0.39122259616851807 0.3913784921169281 0.3915403187274933 0.39170584082603455
          0.3918747007846832 0.39244917035102844 0.394076943397522 0.39486920833587646 0.39538949728012085 0.3956766426563263
          0.3959268629550934 0.39636000990867615 0.39708593487739563 0.3982394337654114 0.40663400292396545 0.4151450991630554
          0.40324094891548157 0.4486461579799652 0.8538427352905273 0.8789070844650269 0.8756154179573059 0.8658783435821533
          0.8514106869697571 0.8325112462043762 0.8136788010597229 0.8088597059249878 0.8432216048240662 0.9166868925094604
          0.9793562889099121 0.999022901058197 0.9999998211860657 1 1 1
          1 1 1 1 1 1
          1 1 1 1 1 1
          1 1 1 1 1 1
          1 1 1 1 1 1
          1 1 1 1 1 1
          1 1 0.39066019654273987 0.3907683193683624 0.3908967971801758 0.3910198211669922
          0.3911561667919159 0.391295850276947 0.3914409577846527 0.3915887176990509 0.39173394441604614 0.39289864897727966
          0.3941902220249176 0.3949466943740845 0.39540594816207886 0.39562228322029114 0.3956815302371979 0.3957172930240631
          0.3960171341896057 0.3967114984989166 0.3980976343154907 0.3989754021167755 0.39725935459136963 0.5481513142585754
          0.8696099519729614 0.8908027410507202 0.8811265230178833 0.8647323846817017 0.8433852195739746 0.8208978176116943
          0.8086654543876648 0.8268179893493652 0.8857851624488831 0.9547209739685059 0.9920142292976379 0.9997445940971375
          0.9999998211860657 1 1 1 1 1
          1 1 1 1 0.9999998807907104 0.9999978542327881
          0.9999921321868896 0.9999978542327881 1 1 1 1
          1 1 1 0.9999980330467224 0.9999961853027344 0.9999963045120239
          0.9999983310699463 0.9999989867210388 1 1 1 1
          1 1 1 1 1 1
          0.3906278610229492 0.3907508850097656 0.3908531665802002 0.3909837007522583 0.3911065459251404 0.3912392854690552
          0.39137428998947144 0.39151233434677124 0.39165055751800537 0.39302578568458557 0.3941616714000702 0.39494580030441284
          0.3954067528247833 0.3955921530723572 0.39560458064079285 0.3955525755882263 0.39550766348838806 0.39557743072509766
          0.3958328664302826 0.3958410620689392 0.396115243434906 0.4868440628051758 0.8135537505149841 0.8600207567214966
          0.8533648252487183 0.8377121090888977 0.8189395666122437 0.8063580989837646 0.8165167570114136 0.8625870943069458
          0.92933589220047 0.9788909554481506 0.9972630739212036 0.9999386072158813 0.9999996423721313 0.9999999403953552
          0.9999998807907104 0.9999992251396179 0.9999999403953552 1 1 1
          1 1 1 0.9999998807907104 0.9999997615814209 0.9999997615814209
          0.9999997615814209 0.9999997019767761 0.9999996423721313 0.9999995827674866 0.9999995827674866 0.999999463558197
          0.9999994039535522 0.9999992251396179 0.9999988079071045 0.9999971985816956 0.999987006187439 0.9999470114707947
          0.9999346733093262 0.9999908208847046 1 1 1 1
          1 1 1 1 0.390618234872818 0.39071083068847656
          0.39084282517433167 0.39094820618629456 0.39107632637023926 0.39120110869407654 0.39133164286613464 0.3914638161659241
          0.39160069823265076 0.3926030695438385 0.3938322067260742 0.3947574496269226 0.3953396677970886 0.39559686183929443
          0.39562132954597473 0.3955485224723816 0.3954692482948303 0.3954123854637146 0.39533886313438416 0.3951505422592163
          0.39480045437812805 0.3950660824775696 0.4918704628944397 0.711578905582428 0.7780157327651978 0.7957743406295776
          0.7948073744773865 0.8051456212997437 0.8429552316665649 0.9052741527557373 0.9620125889778137 0.9912368655204773
          0.9991306066513062 0.9999786019325256 0.9999986290931702 0.9999998807907104 0.9999998211860657 0.9999994039535522
          0.999999463558197 0.999999463558197 0.9999993443489075 0.9999993443489075 0.9999992847442627 0.9999991655349731
          0.9999990463256836 0.999998927116394 0.9999988675117493 0.9999967217445374 0.9999971389770508 0.9999989867210388
          0.999998927116394 0.9999964237213135 0.9999936819076538 0.9999956488609314 0.9999963641166687 0.9999921321868896
          0.9999894499778748 0.9999966621398926 0.999997079372406 0.9999933242797852 0.9999898076057434 0.9999938011169434
          0.9999980330467224 0.9999983310699463 0.9999983906745911 0.9999984502792358 0.9999985694885254 0.9999986290931702
          0.9999987483024597 0.9999988079071045 0.39059534668922424 0.39071717858314514 0.39081117510795593 0.3909386992454529
          0.3910538852214813 0.3911803364753723 0.39130812883377075 0.39143913984298706 0.3915715217590332 0.3916991353034973
          0.39280804991722107 0.3940335810184479 0.3949485421180725 0.39550989866256714 0.39569443464279175 0.395658403635025
          0.3955405056476593 0.39542099833488464 0.39530494809150696 0.3951433002948761 0.3949410021305084 0.3947753310203552
          0.3947681784629822 0.3945848345756531 0.3955487906932831 0.47989746928215027 0.6172232627868652 0.7625088095664978
          0.8730077743530273 0.940975546836853 0.9814030528068542 0.9966112971305847 0.99972003698349 0.9999772906303406
          0.9999903440475464 0.999994695186615 0.9999954104423523 0.9999958276748657 0.9999961256980896 0.9999963045120239
          0.9999964237213135 0.9999964237213135 0.9999963641166687 0.9999962449073792 0.9999960660934448 0.999995768070221
          0.9999954104423523 0.9999949336051941 0.9999943971633911 0.9999938011169434 0.9999921321868896 0.9999911785125732
          0.9999896287918091 0.9999883770942688 0.9999870657920837 0.9999856352806091 0.9999842643737793 0.999983012676239
          0.9999820590019226 0.9999813437461853 0.9999810457229614 0.9999811053276062 0.9999814033508301 0.9999819397926331
          0.9999826550483704 0.9999833703041077 0.999984085559845 0.9999847412109375 0.9999853372573853 0.9999858736991882
          0.3905963897705078 0.39069706201553345 0.3908149003982544 0.3909255564212799 0.3910478353500366 0.39117178320884705
          0.3913010060787201 0.39143383502960205 0.3915696144104004 0.3917064666748047 0.39184024930000305 0.3919776380062103
          0.3935439884662628 0.3946215510368347 0.395493745803833 0.3958625793457031 0.3958139717578888 0.39570653438568115
          0.3957371115684509 0.39579057693481445 0.39576923847198486 0.39567604660987854 0.3955945670604706 0.3955518305301666
          0.395717978477478 0.39573392271995544 0.39580008387565613 0.39781731367111206 0.6783804893493652 0.931768000125885
          0.9859898686408997 0.9981200695037842 0.9998742938041687 0.9999737739562988 0.9999760985374451 0.9999840259552002
          0.9999896287918091 0.9999897480010986 0.9999892115592957 0.9999898672103882 0.999989926815033 0.999989926815033
          0.9999898672103882 0.9999897480010986 0.9999895691871643 0.9999893307685852 0.9999890327453613 0.9999886751174927
          0.9999881982803345 0.9999876618385315 0.999987006187439 0.9999861717224121 0.9999862313270569 0.9999854564666748
          0.999984622001648 0.9999837279319763 0.9999828338623047 0.9999820590019226 0.9999813437461853 0.9999808073043823
          0.9999803900718689 0.9999801516532898 0.999980092048645 0.9999801516532898 0.9999803900718689 0.9999806880950928
          0.9999809861183167 0.9999813437461853 0.9999817609786987 0.9999821782112122
        </DataArray>
        <DataArray type="Float32" Name="P_G" format="ascii" RangeMin="101032.59375" RangeMax="126151.3359375">
          125666.8671875 125056.71875 124488.9765625 123990.28125 125406.6015625 126151.3359375
          123909.078125 122609.671875 121199.3828125 119585.65625 117043.234375 115546.0625
          114172.03125 112887.03125 111699.5 110619.0546875 109639.90625 108731.0703125
          107869.03125 107055.828125 106305.6328125 105634.21875 105055.3046875 104576.1328125
          104190.875 103877.921875 103601.671875 103316.90625 102976.703125 102538.0078125
          101939.5703125 101343.2109375 101335.09375 101336.2578125 101351.2109375 101336.8984375
          101335.9375 101334.9609375 101334.03125 101333.1640625 101332.390625 101331.7109375
          101331.109375 101330.6015625 101330.171875 101329.796875 101329.4765625 101329.203125
          101328.953125 101328.7265625 101328.515625 101328.3203125 101328.1328125 101327.9453125
          101327.765625 101327.59375 101327.421875 101327.25 101327.0859375 101326.9140625
          101326.75 101326.578125 101326.4140625 101326.2421875 101326.0703125 101325.8984375
          101325.71875 101325.5390625 101325.359375 101325.1875 125583.546875 124958.4765625
          124354.9921875 123784.03125 125220.53125 122971.1328125 122276.671875 121591.0546875
          125832.8984375 119071.9921875 117202.7265625 115585.25 114097.328125 112725.953125
          111467.2578125 110309.9609375 109251.0234375 108294.5078125 107406.34375 106572.4609375
          105807.375 105135.5390625 104572.125 104118.25 103752.5 103442.78125
          103155.71875 102861.15625 102524.953125 102096.265625 101722.671875 101456.171875
          101316.0390625 101346.75 101356.8828125 101336.3671875 101335.46875 101334.5703125
          101333.703125 101332.890625 101332.15625 101331.515625 101330.953125 101330.46875
          101330.0625 101329.71875 101329.421875 101329.1640625 101328.921875 101328.7109375
          101328.5078125 101328.3125 101328.125 101327.9453125 101327.765625 101327.59375
          101327.421875 101327.25 101327.0859375 101326.921875 101326.75 101326.5859375
          101326.4140625 101326.2421875 101326.0703125 101325.8984375 101325.71875 101325.546875
          101325.3671875 101325.1875 125445.1796875 124801.5 124156.4921875 123511.0390625
          122863.90625 122215.8203125 121489.6015625 120681.9609375 120160.3125 118599.7265625
          117085.8515625 115380.8359375 113950.375 112620.046875 111368.9375 110177.2578125
          109032.578125 107925.515625 106854.7734375 105859.046875 105002.21875 104278.2734375
          103652.6953125 103245.5703125 103005.1875 102818.6171875 102630.3671875 102414.515625
          102171.8125 101905.4296875 101631.140625 101390.5078125 101303.3203125 101356.984375
          101361.2109375 101338.6328125 101334.9296875 101334.1171875 101333.328125 101332.5859375
          101331.90625 101331.3046875 101330.78125 101330.3359375 101329.9609375 101329.6484375
          101329.375 101329.1328125 101328.9140625 101328.703125 101328.5078125 101328.3203125
          101328.1328125 101327.9453125 101327.765625 101327.59375 101327.421875 101327.2578125
          101327.09375 101326.921875 101326.7578125 101326.59375 101326.421875 101326.25
          101326.078125 101325.8984375 101325.7265625 101325.546875 101325.3671875 101325.1875
          125285.6796875 124627.078125 123951.5078125 123256.984375 122537.6015625 121785.265625
          120979.3046875 120102.7578125 119148.8515625 118928.3203125 117389.4375 115110.4921875
          113780.796875 112528.953125 111324.5234375 110148.9375 108980.9921875 107802.96875
          106628.3984375 105500.6015625 104449.109375 103346.1171875 102857.6328125 102769.171875
          102690.5390625 102585.625 102450.296875 102277.28125 102058.3515625 101788.9453125
          101510.09375 101330.40625 101317.25 101362.3125 101362.8671875 101343.5
          101336.4453125 101334.234375 101333.1953125 101332.4453125 101331.7890625 101331.21875
          101330.7109375 101330.2890625 101329.9296875 101329.640625 101329.3828125 101329.140625
          101328.9140625 101328.7109375 101328.515625 101328.3203125 101328.1328125 101327.953125
          101327.7734375 101327.6015625 101327.4296875 101327.2578125 101327.09375 101326.9296875
          101326.765625 101326.59375 101326.4296875 101326.2578125 101326.0859375 101325.90625
          101325.7265625 101325.546875 101325.3671875 101325.1875 125130.0546875 124462.21875
          123768.0234375 123046.890625 122293.453125 121501.7578125 120663.65625 119771.6953125
          119696.921875 119671.125 116201.90625 114860.65625 113630.7265625 112453.4609375
          111302.9921875 110150.5703125 108978.0390625 107763.9921875 106532.2578125 105310.53125
          104093.0859375 102864.6171875 102845.5859375 102772.265625 102683.3203125 102561.828125
          102403.578125 102197.265625 101936.875 101642.1953125 101401.6796875 101313.5546875
          101336.03125 101362.5234375 101362.5390625 101348.0703125 101339.7734375 101335.859375
          101333.921875 101332.78125 101331.984375 101331.3515625 101330.828125 101330.390625
          101330.0234375 101329.7109375 101329.4375 101329.1875 101328.9609375 101328.7421875
          101328.546875 101328.359375 101328.171875 101327.9921875 101327.8125 101327.6328125
          101327.4609375 101327.2890625 101327.1171875 101326.953125 101326.78125 101326.6171875
          101326.4375 101326.265625 101326.09375 101325.9140625 101325.734375 101325.5546875
          101325.375 101325.1875 124993.3203125 124319.46875 123616.5 122882.203125
          122114.703125 121309.90625 120464.4609375 119768.4140625 119662.890625 118766.2734375
          115979.5859375 114715.984375 113534.046875 112399.9765625 111290.109375 110175.015625
          109024.75 107828.265625 106591.984375 105312.3515625 103921.9296875 103056.40625
          102911.546875 102805.3671875 102688.953125 102537.7890625 102339.6640625 102084.3515625
          101782.90625 101500.921875 101344.359375 101324.15625 101348.6796875 101360.53125
          101360 101350.578125 101343.203125 101338.5625 101335.75 101333.9921875
          101332.8203125 101331.96875 101331.3203125 101330.8125 101330.3984375 101330.0546875
          101329.7578125 101329.5 101329.265625 101329.0390625 101328.8203125 101328.609375
          101328.4140625 101328.2265625 101328.03125 101327.84375 101327.6484375 101327.453125
          101327.2578125 101327.0625 101326.875 101326.6796875 101326.4921875 101326.3046875
          101326.125 101325.9375 101325.7578125 101325.578125 101325.390625 101325.203125
          124881.1796875 124206.0546875 123497.234375 122758.578125 121985.8671875 121178.3203125
          120334.0859375 119737.59375 120030.7578125 117993.28125 115879.734375 114640.28125
          113478.484375 112370.9765625 111288.140625 110199.2578125 109085.515625 107941.109375
          106772.4140625 105588.921875 104345.2109375 103315.2109375 103027.46875 102865.5625
          102709.8984375 102514.140625 102261.3671875 101950.78125 101632.546875 101408.8046875
          101331.96875 101338.8203125 101353.9453125 101356.8515625 101355.65625 101350.328125
          101345.078125 101340.7890625 101338.0703125 101335.9765625 101334.4609375 101333.34375
          101332.5 101331.8515625 101331.3515625 101330.953125 101330.625 101330.359375
          101330.1328125 101329.9375 101329.75 101329.5625 101329.359375 101329.1328125
          101328.890625 101328.640625 101328.375 101328.109375 101327.8359375 101327.5546875
          101327.2734375 101327.015625 101326.78125 101326.5546875 101326.3359375 101326.125
          101325.9140625 101325.703125 101325.4921875 101325.2734375 124798.0859375 124119.59375
          123411.4375 122669.6796875 121896.5703125 121089.4921875 120248.3515625 119373.015625
          120461.78125 118183.40625 115928.265625 114657.5625 113476.046875 112363.9921875
          111294.5625 110230.7109375 109152.34375 108065.390625 106992.609375 105951.0546875
          104951.15625 104011.296875 103316.21875 103010.53125 102776.7734375 102522.7734375
          102202.3125 101835.9453125 101526.8828125 101369.8203125 101338.4296875 101348.4609375
          101355.5078125 101354.8046875 101352.828125 101349.296875 101345.7421875 101342.5703125
          101340.109375 101338.109375 101336.4921875 101335.25 101334.25 101333.4609375
          101332.8046875 101332.2890625 101331.8828125 101331.7421875 101331.3984375 101331.1171875
          101330.9375 101330.8125 101330.84375 101330.46875 101330.25 101330.4140625
          101330.34375 101329.6015625 101329.40625 101329.4765625 101329.4296875 101329.015625
          101328.3359375 101328.0703125 101327.765625 101327.453125 101327.140625 101326.8125
          101326.46875 101326.125 124741.5859375 124064.9765625 123353.6484375 122613.1953125
          121839.7265625 121034.15625 120195.5703125 119324.1015625 118700.1328125 118726.4921875
          117427.078125 114893.1171875 113598.625 112412.1796875 111314.203125 110259.7578125
          109213.5703125 108169.296875 107150.28125 106183.296875 105279.2265625 104442.6328125
          103687.953125 103095.3125 102819.1953125 102540.0390625 102121.0703125 101719.84375
          101468.5 101360.953125 101347.046875 101357.2734375 101355.28125 101354.3984375
          101354.0390625 101351.96875 101348.9453125 101346.125 101343.65625 101341.546875
          101339.7578125 101338.25 101336.9765625 101335.8984375 101334.96875 101334.15625
          101333.4296875 101332.7734375 101332.171875 101331.59375 101330.75 101330.1484375
          101329.421875 101328.7890625 101328.15625 101327.515625 101326.890625 101326.296875
          101325.7734375 101325.3359375 101325.0078125 101324.78125 101324.6484375 101324.578125
          101324.53125 101324.5 101324.46875 101324.40625 101324.3203125 101324.1953125
          124714.4375 124036.0546875 123326.421875 122584.921875 121812.28125 121007.4453125
          120170.4765625 119301.453125 118400.8125 119081.453125 116716.0703125 116355.6328125
          114310.8203125 112718.984375 111433.6015625 110283.9921875 109243.6328125 108215.40625
          107175.7265625 106180.9296875 105276.0390625 104472.296875 103771.0390625 103186.1875
          102692.5546875 102191.4453125 101641.4296875 101032.59375 101178.9140625 101308.5078125
          101335.46875 101360.015625 101355.9140625 101353.4453125 101351.7578125 101352.21875
          101351.984375 101350.0546875 101348.171875 101346.359375 101344.65625 101343.078125
          101341.6328125 101340.3046875 101339.0859375 101337.96875 101336.9375 101335.9609375
          101335.0390625 101334.15625 101333.28125 101332.4140625 101331.859375 101331.0546875
          101330.25 101329.4375 101328.640625 101327.8671875 101327.1328125 101326.4609375
          101325.8515625 101325.3203125 101324.8671875 101324.484375 101324.1796875 101323.921875
          101323.7109375 101323.5390625 101323.3828125 101323.2421875
        </DataArray>
        <DataArray type="Float32" Name="Gas_Velocity" NumberOfComponents="3" format="ascii" RangeMin="0.031933389604091644" RangeMax="8.58681851383404">
          0.03082982450723648 0.4971967339515686 0 0.032365407794713974 0.47683200240135193 0
          0.03688208386301994 0.4456809461116791 0 0.05043673515319824 0.39049893617630005 0
          0.10094492137432098 0.2977353036403656 0 0.22192612290382385 1.5942209959030151 0
          0.09843150526285172 2.5825114250183105 0 -0.22018948197364807 3.7355949878692627 0
          -1.112428903579712 5.200014114379883 0 -0.5350053906440735 6.3433380126953125 0
          -0.4398587942123413 6.72036075592041 0 -0.4329633414745331 7.106236934661865 0
          -0.41933465003967285 7.479163646697998 0 -0.3898567855358124 7.823407173156738 0
          -0.33227893710136414 8.120805740356445 0 -0.21779252588748932 8.350735664367676 0
          -0.03928345441818237 8.51198673248291 0 0.15493600070476532 8.585420608520508 0
          0.3549782633781433 8.53571891784668 0 0.5792757868766785 8.332103729248047 0
          0.8086209297180176 7.965380668640137 0 1.0298633575439453 7.437707901000977 0
          1.2105417251586914 6.773342132568359 0 1.3088196516036987 6.025985240936279 0
          1.3243855237960815 5.2549591064453125 0 1.2773387432098389 4.512481689453125 0
          1.1831845045089722 3.841154098510742 0 1.0620490312576294 3.2652690410614014 0
          0.9468377828598022 2.788113832473755 0 0.9067064523696899 2.3956501483917236 0
          1.119888424873352 2.044843912124634 0 1.2445743083953857 1.9394489526748657 0
          0.7832041382789612 0.7924842834472656 0 0.7991165518760681 0.11916906386613846 0
          1.8822423219680786 -1.1309762001037598 0 1.5501595735549927 -2.1650002002716064 0
          1.2582789659500122 -3.004587411880493 0 1.0164871215820312 -3.6829068660736084 0
          0.8178289532661438 -4.22871732711792 0 0.6542547941207886 -4.665412902832031 0
          0.5185250639915466 -5.011560916900635 0 0.40490394830703735 -5.281904697418213 0
          0.3092036843299866 -5.488396644592285 0 0.2287328839302063 -5.641195297241211 0
          0.16209137439727783 -5.749523162841797 0 0.1086210161447525 -5.822166919708252 0
          0.06759557127952576 -5.86742639541626 0 0.03750184178352356 -5.892592906951904 0
          0.016312716528773308 -5.90360689163208 0 0.001713159610517323 -5.9048638343811035 0
          -0.007489793933928013 -5.899963855743408 0 -0.012093853205442429 -5.891975402832031 0
          -0.014387893490493298 -5.882440567016602 0 -0.0155696552246809 -5.872102737426758 0
          -0.016246244311332703 -5.861300468444824 0 -0.016650188714265823 -5.850216865539551 0
          -0.016813933849334717 -5.839013576507568 0 -0.0166962631046772 -5.827879428863525 0
          -0.016252733767032623 -5.817033767700195 0 -0.015463207848370075 -5.806707382202148 0
          -0.01433544047176838 -5.797127723693848 0 -0.012913824990391731 -5.788491249084473 0
          -0.011288747191429138 -5.7809343338012695 0 -0.009572457522153854 -5.7745184898376465 0
          -0.007872727699577808 -5.769233703613281 0 -0.006282412447035313 -5.765007495880127 0
          -0.004883353598415852 -5.761712551116943 0 -0.0037601974327117205 -5.759165287017822 0
          -0.003021614160388708 -5.75710916519165 0 -0.002818966517224908 -5.75518798828125 0
          0.05002730339765549 0.506502091884613 0 0.05288372561335564 0.4960377812385559 0
          0.061160191893577576 0.4774557650089264 0 0.07940715551376343 0.44538670778274536 0
          0.11421139538288116 0.41999319195747375 0 0.14323678612709045 0.5301406979560852 0
          0.14693577587604523 0.5311604142189026 0 0.1974760740995407 0.22188474237918854 0
          0.48629507422447205 1.6849445104599 0 -0.030086055397987366 1.3483041524887085 0
          -0.26709920167922974 1.2431451082229614 0 -0.3889572024345398 1.2554413080215454 0
          -0.4484119117259979 1.3189178705215454 0 -0.47790345549583435 1.414006233215332 0
          -0.47227850556373596 1.544773817062378 0 -0.43201011419296265 1.7189888954162598 0
          -0.3530448079109192 1.937622308731079 0 -0.22115200757980347 2.2233989238739014 0
          -0.032716792076826096 2.5568861961364746 0 0.22191698849201202 2.8765485286712646 0
          0.5555496215820312 3.1360464096069336 0 0.9079160094261169 3.296534299850464 0
          1.30250883102417 3.298190116882324 0 1.6386401653289795 3.147732973098755 0
          1.826993465423584 2.907825469970703 0 1.852077603340149 2.65031361579895 0
          1.7696243524551392 2.41557240486145 0 1.6744287014007568 2.205845594406128 0
          1.671447992324829 2.016227960586548 0 1.7168471813201904 1.961374044418335 0
          1.6902451515197754 1.7852535247802734 0 1.3959875106811523 1.283104419708252 0
          1.2172801494598389 0.7457983493804932 0 1.3886960744857788 0.26335766911506653 0
          2.816389560699463 -0.35248053073883057 0 2.4898691177368164 -0.9793645143508911 0
          2.0949699878692627 -1.537893295288086 0 1.738847017288208 -2.0201416015625 0
          1.426116704940796 -2.426283836364746 0 1.1563736200332642 -2.761592149734497 0
          0.9235302805900574 -3.0321061611175537 0 0.7215826511383057 -3.243687152862549 0
          0.5457857847213745 -3.401824951171875 0 0.39360323548316956 -3.512112617492676 0
          0.2651831805706024 -3.5811760425567627 0 0.16278952360153198 -3.617588520050049 0
          0.08767780661582947 -3.6312448978424072 0 0.03596455976366997 -3.6304595470428467 0
          0.0026853641029447317 -3.6215879917144775 0 -0.017138727009296417 -3.6092100143432617 0
          -0.02715444006025791 -3.5962677001953125 0 -0.03239422291517258 -3.582881450653076 0
          -0.034800682216882706 -3.569401741027832 0 -0.03611650690436363 -3.5558156967163086 0
          -0.03712298721075058 -3.541994571685791 0 -0.03790879622101784 -3.5279054641723633 0
          -0.038288816809654236 -3.513659954071045 0 -0.03806087374687195 -3.4994773864746094 0
          -0.03710564225912094 -3.485626220703125 0 -0.03539547696709633 -3.4723808765411377 0
          -0.03293678164482117 -3.4600157737731934 0 -0.029820723459124565 -3.4487743377685547 0
          -0.026301946491003036 -3.4387905597686768 0 -0.022658979520201683 -3.4300873279571533 0
          -0.019118187949061394 -3.4226083755493164 0 -0.015845557674765587 -3.4162485599517822 0
          -0.012966041453182697 -3.4108738899230957 0 -0.010598848573863506 -3.40632700920105 0
          -0.008925780653953552 -3.402401924133301 0 -0.00834981445223093 -3.3987252712249756 0
          0.05569225177168846 0.5178408622741699 0 0.05620523914694786 0.5215538144111633 0
          0.05826158449053764 0.525921106338501 0 0.0620441660284996 0.5339041948318481 0
          0.06656905263662338 0.5543704032897949 0 0.06608401983976364 0.5950120687484741 0
          0.05992542952299118 0.6370434165000916 0 0.055322155356407166 0.7072566151618958 0
          0.035564716905355453 0.9823620319366455 0 -0.11505439132452011 1.0219228267669678 0
          -0.2547380030155182 1.0120148658752441 0 -0.36348333954811096 1.0053863525390625 0
          -0.45953118801116943 1.033542275428772 0 -0.5246080160140991 1.092248558998108 0
          -0.546670138835907 1.1724127531051636 0 -0.53630131483078 1.2715011835098267 0
          -0.490760862827301 1.39138662815094 0 -0.40094953775405884 1.5359930992126465 0
          -0.25862374901771545 1.7011823654174805 0 -0.0488554947078228 1.8938405513763428 0
          0.2614007592201233 2.056225299835205 0 0.6846920251846313 2.173980236053467 0
          1.5486674308776855 2.0773603916168213 0 1.9455063343048096 1.9602023363113403 0
          1.9832431077957153 1.9205271005630493 0 1.9548194408416748 1.908028483390808 0
          1.9220374822616577 1.8840254545211792 0 1.9218770265579224 1.8441715240478516 0
          1.9489322900772095 1.7752851247787476 0 1.8761314153671265 1.579635739326477 0
          1.7961567640304565 1.3553138971328735 0 1.6527007818222046 1.011292815208435 0
          1.5214866399765015 0.6185886859893799 0 1.727310061454773 0.34915122389793396 0
          3.0387372970581055 0.2131371945142746 0 2.9264373779296875 -0.0763661339879036 0
          2.5745747089385986 -0.396754652261734 0 2.170269012451172 -0.6850298047065735 0
          1.8004939556121826 -0.9352205395698547 0 1.4759294986724854 -1.1488105058670044 0
          1.183021068572998 -1.322307825088501 0 0.9165170788764954 -1.452722191810608 0
          0.6703356504440308 -1.5361720323562622 0 0.44195228815078735 -1.5687841176986694 0
          0.23689350485801697 -1.550270676612854 0 0.07501120865345001 -1.492068886756897 0
          -0.019710995256900787 -1.4207665920257568 0 -0.04337361082434654 -1.368139386177063 0
          -0.0526532307267189 -1.3314896821975708 0 -0.0767306461930275 -1.2919822931289673 0
          -0.09421061724424362 -1.2474801540374756 0 -0.09897200763225555 -1.2032809257507324 0
          -0.09834438562393188 -1.16109037399292 0 -0.09751954674720764 -1.1203144788742065 0
          -0.09748280793428421 -1.0802232027053833 0 -0.09743494540452957 -1.0406781435012817 0
          -0.0963335707783699 -1.0021122694015503 0 -0.0935240313410759 -0.9652599692344666 0
          -0.0888943150639534 -0.9308502674102783 0 -0.08291612565517426 -0.8992793560028076 0
          -0.07553385198116302 -0.8709840178489685 0 -0.06691610813140869 -0.8463495969772339 0
          -0.05814983323216438 -0.8252062797546387 0 -0.04999217018485069 -0.8070652484893799 0
          -0.042739830911159515 -0.7913908362388611 0 -0.036398909986019135 -0.7777543663978577 0
          -0.030808940529823303 -0.7659177780151367 0 -0.02574608288705349 -0.7558720707893372 0
          -0.020997118204832077 -0.7478721737861633 0 -0.01751456968486309 -0.7418068051338196 0
          0.05288472771644592 0.5259987115859985 0 0.05069300904870033 0.537955641746521 0
          0.04693259298801422 0.5521371364593506 0 0.040219586342573166 0.5700400471687317 0
          0.029374875128269196 0.5938227772712708 0 0.01224382035434246 0.6248790621757507 0
          -0.012751848436892033 0.6645234227180481 0 -0.04830899462103844 0.721136212348938 0
          -0.10339837521314621 0.8000602722167969 0 -0.18963776528835297 0.8425729274749756 0
          -0.2843000292778015 0.8620862364768982 0 -0.3786594569683075 0.8768368363380432 0
          -0.46786561608314514 0.8938798308372498 0 -0.5422623753547668 0.922186017036438 0
          -0.6059811115264893 0.9819311499595642 0 -0.63595050573349 1.0694409608840942 0
          -0.6306995153427124 1.1831010580062866 0 -0.5852199196815491 1.3241021633148193 0
          -0.48071160912513733 1.4743064641952515 0 -0.28591591119766235 1.5807300806045532 0
          0.08588264137506485 1.5972427129745483 0 0.5227231383323669 1.8736374378204346 0
          1.4468438625335693 1.5493927001953125 0 1.4710909128189087 1.5062906742095947 0
          1.5278551578521729 1.6291172504425049 0 1.667489767074585 1.7250572443008423 0
          1.8424569368362427 1.7317049503326416 0 1.9914442300796509 1.649514079093933 0
          2.0985946655273438 1.537137746810913 0 2.1149630546569824 1.369791865348816 0
          2.0343079566955566 1.1249126195907593 0 1.8775839805603027 0.7878387570381165 0
          1.718930721282959 0.5252384543418884 0 1.8302315473556519 0.44674134254455566 0
          2.8087551593780518 0.6152921915054321 0 2.9256982803344727 0.6206011176109314 0
          2.6866955757141113 0.5464068055152893 0 2.334038734436035 0.43682870268821716 0
          1.9741597175598145 0.3205043077468872 0 1.6377911567687988 0.21206705272197723 0
          1.3275110721588135 0.11525438725948334 0 1.0429329872131348 0.030535094439983368 0
          0.7828432321548462 -0.044872816652059555 0 0.5486615300178528 -0.11637634038925171 0
          0.3503049910068512 -0.19231006503105164 0 0.20122522115707397 -0.27673789858818054 0
          0.10876766592264175 -0.36263689398765564 0 0.030656585469841957 -0.41220688819885254 0
          -0.06282619386911392 -0.40560418367385864 0 -0.1158098578453064 -0.3797011077404022 0
          -0.1379244476556778 -0.35068583488464355 0 -0.13932019472122192 -0.3238947093486786 0
          -0.13921639323234558 -0.29673588275909424 0 -0.14385035634040833 -0.26592135429382324 0
          -0.1516282558441162 -0.22988297045230865 0 -0.1597822606563568 -0.18836504220962524 0
          -0.16628511250019073 -0.14176830649375916 0 -0.17030426859855652 -0.09061181545257568 0
          -0.17166422307491302 -0.035456735640764236 0 -0.16865257918834686 0.021678125485777855 0
          -0.1604394167661667 0.07825978100299835 0 -0.14863170683383942 0.13271354138851166 0
          -0.1349574476480484 0.18389199674129486 0 -0.12029074132442474 0.23072604835033417 0
          -0.10467889904975891 0.271980345249176 0 -0.08785669505596161 0.30623987317085266 0
          -0.06972946226596832 0.3321344554424286 0 -0.05067548528313637 0.348696768283844 0
          -0.031593237072229385 0.35570213198661804 0 -0.014461077749729156 0.3536095917224884 0
          0.04722210019826889 0.5298325419425964 0 0.04400238022208214 0.5449065566062927 0
          0.03715166449546814 0.5607523322105408 0 0.026212448254227638 0.5783147811889648 0
          0.009578895755112171 0.5975667834281921 0 -0.013949132524430752 0.6187361478805542 0
          -0.045983728021383286 0.6421564817428589 0 -0.08850143849849701 0.6682187914848328 0
          -0.14371328055858612 0.6955028772354126 0 -0.2132619321346283 0.715976357460022 0
          -0.2930823862552643 0.7250508666038513 0 -0.3781232237815857 0.7329406142234802 0
          -0.46479249000549316 0.7428825497627258 0 -0.547885537147522 0.7614935040473938 0
          -0.6198980808258057 0.7886226773262024 0 -0.676535964012146 0.8357086777687073 0
          -0.7179175615310669 0.9138163924217224 0 -0.7264781594276428 1.0246297121047974 0
          -0.6701062917709351 1.1321231126785278 0 -0.4790191650390625 1.1897215843200684 0
          -0.07324539870023727 1.2958482503890991 0 0.599332869052887 1.3666249513626099 0
          0.3944118320941925 1.2246136665344238 0 0.8333718180656433 1.5354267358779907 0
          1.2753057479858398 1.673308253288269 0 1.6689555644989014 1.6784136295318604 0
          1.998968243598938 1.6096575260162354 0 2.2444865703582764 1.4980278015136719 0
          2.3749592304229736 1.3650380373001099 0 2.3575620651245117 1.1798826456069946 0
          2.210675001144409 0.9114360213279724 0 2.0192337036132812 0.6404118537902832 0
          1.838905930519104 0.4922759234905243 0 1.6699851751327515 0.6062027215957642 0
          2.3115339279174805 0.9535403251647949 0 2.606377601623535 1.1740776300430298 0
          2.515411853790283 1.2909330129623413 0 2.2594730854034424 1.3412615060806274 0
          1.954822063446045 1.3540313243865967 0 1.648291826248169 1.3466745615005493 0
          1.357082724571228 1.3265517950057983 0 1.0881718397140503 1.2959948778152466 0
          0.8449831604957581 1.2542012929916382 0 0.6309568285942078 1.1990067958831787 0
          0.4508361518383026 1.131691813468933 0 0.30759021639823914 1.0605229139328003 0
          0.19877417385578156 1.0002915859222412 0 0.11482681334018707 0.9439818263053894 0
          0.04833959415555 0.8696994781494141 0 -0.013560215011239052 0.8013847470283508 0
          -0.058516714721918106 0.7483221292495728 0 -0.08537056297063828 0.7122533321380615 0
          -0.1054273173213005 0.6896439790725708 0 -0.12400861084461212 0.6763495802879333 0
          -0.14153507351875305 0.6695689558982849 0 -0.15681788325309753 0.6675531268119812 0
          -0.1686551570892334 0.6691036820411682 0 -0.1768319010734558 0.6734346151351929 0
          -0.18139539659023285 0.6799087524414062 0 -0.18007615208625793 0.6875177025794983 0
          -0.1705574095249176 0.6942620277404785 0 -0.15593619644641876 0.6991358995437622 0
          -0.14106734097003937 0.7032187581062317 0 -0.1276831477880478 0.7081618309020996 0
          -0.11586809903383255 0.7156409621238708 0 -0.10501690953969955 0.7271046042442322 0
          -0.09420885145664215 0.7434499263763428 0 -0.08245810866355896 0.7646641731262207 0
          -0.06889213621616364 0.7895533442497253 0 -0.05347013846039772 0.8155640363693237 0
          0.04167948290705681 0.5318938493728638 0 0.03793598338961601 0.5469661951065063 0
          0.03169907629489899 0.5625941157341003 0 0.020570185035467148 0.5771350264549255 0
          0.004627346992492676 0.5908104777336121 0 -0.01769902929663658 0.6026041507720947 0
          -0.0475342720746994 0.6118806004524231 0 -0.08637020736932755 0.618117094039917 0
          -0.13481424748897552 0.6212037801742554 0 -0.19325828552246094 0.6182932257652283 0
          -0.2621876895427704 0.6069044470787048 0 -0.3391045033931732 0.5927038788795471 0
          -0.42204490303993225 0.5777696967124939 0 -0.5071249008178711 0.565440833568573 0
          -0.5887386798858643 0.5603299140930176 0 -0.6607865691184998 0.5665205717086792 0
          -0.7139167189598083 0.5810608863830566 0 -0.74333256483078 0.6087050437927246 0
          -0.7338689565658569 0.6643685102462769 0 -0.6304919719696045 0.7654447555541992 0
          -0.37211093306541443 0.9805641174316406 0 0.1714058369398117 0.988285481929779 0
          -0.140742689371109 0.9649196267127991 0 0.4209844172000885 1.2124710083007812 0
          1.1069327592849731 1.3467168807983398 0 1.6784517765045166 1.3878782987594604 0
          2.1184003353118896 1.3759992122650146 0 2.4160778522491455 1.3282936811447144 0
          2.537247896194458 1.2310841083526611 0 2.472682237625122 1.0439049005508423 0
          2.3085010051727295 0.7892931699752808 0 2.100674629211426 0.6098878383636475 0
          1.873489260673523 0.5609604120254517 0 1.3352128267288208 0.7960622906684875 0
          1.6750073432922363 1.2348934412002563 0 2.0520949363708496 1.6134754419326782 0
          2.1115570068359375 1.8874149322509766 0 1.9782224893569946 2.077104330062866 0
          1.7622333765029907 2.206390619277954 0 1.5187485218048096 2.293020725250244 0
          1.2756344079971313 2.3473031520843506 0 1.0467174053192139 2.3748068809509277 0
          0.8391838669776917 2.378507137298584 0 0.6572781205177307 2.360799551010132 0
          0.5035672783851624 2.3255107402801514 0 0.37820005416870117 2.2783401012420654 0
          0.27766284346580505 2.225696086883545 0 0.19754208624362946 2.1705121994018555 0
          0.1343623846769333 2.113163948059082 0 0.0853142961859703 2.0472819805145264 0
          0.04256713390350342 1.9799511432647705 0 -0.0008676679572090507 1.9236963987350464 0
          -0.040128204971551895 1.8802636861801147 0 -0.07043403387069702 1.8446612358093262 0
          -0.09206052124500275 1.811797857284546 0 -0.1073782667517662 1.778959035873413 0
          -0.11915452778339386 1.7460708618164062 0 -0.12930794060230255 1.7144842147827148 0
          -0.1372961848974228 1.6851609945297241 0 -0.1365770697593689 1.6562209129333496 0
          -0.1197967678308487 1.6224229335784912 0 -0.09693411737680435 1.5831234455108643 0
          -0.08139841258525848 1.543370246887207 0 -0.07206834107637405 1.506313681602478 0
          -0.06682775914669037 1.473637342453003 0 -0.06380987912416458 1.4461830854415894 0
          -0.061126455664634705 1.4241472482681274 0 -0.05705967918038368 1.4072376489639282 0
          -0.050291188061237335 1.394864559173584 0 -0.04048483818769455 1.386240005493164 0
          0.03477597236633301 0.5330786108970642 0 0.03287677466869354 0.5501640439033508 0
          0.02734975516796112 0.5647827982902527 0 0.019723787903785706 0.5784764885902405 0
          0.007767865899950266 0.5887743234634399 0 -0.008629769086837769 0.5950915217399597 0
          -0.0306988637894392 0.5957877039909363 0 -0.059587761759757996 0.5899193286895752 0
          -0.09659787267446518 0.5789666175842285 0 -0.14186382293701172 0.5573542714118958 0
          -0.19565361738204956 0.5253738164901733 0 -0.25852540135383606 0.48526260256767273 0
          -0.3299664258956909 0.4380844831466675 0 -0.40726810693740845 0.38593149185180664 0
          -0.48559048771858215 0.3314457833766937 0 -0.5586877465248108 0.27723267674446106 0
          -0.620250940322876 0.2281588315963745 0 -0.666319727897644 0.1897917091846466 0
          -0.686501145362854 0.17011037468910217 0 -0.663826584815979 0.20319566130638123 0
          -0.6105011701583862 0.3710796535015106 0 -0.5370932221412659 0.6910290718078613 0
          -0.4916987419128418 0.4880445599555969 0 0.06492941826581955 0.6825014352798462 0
          0.7792055010795593 0.9141905307769775 0 1.4359707832336426 1.1172033548355103 0
          1.9765726327896118 1.2646291255950928 0 2.3752973079681396 1.313162088394165 0
          2.5354044437408447 1.2366915941238403 0 2.4898223876953125 1.0424524545669556 0
          2.3236422538757324 0.860378623008728 0 2.1094930171966553 0.7800891399383545 0
          1.7582017183303833 0.8512772917747498 0 1.0702542066574097 1.0393364429473877 0
          1.044500708580017 1.4713743925094604 0 1.342882752418518 1.9528483152389526 0
          1.5085681676864624 2.360553741455078 0 1.5060495138168335 2.6789042949676514 0
          1.4013941287994385 2.9216251373291016 0 1.2474968433380127 3.1037840843200684 0
          1.0762686729431152 3.2375292778015137 0 0.9063467383384705 3.3316729068756104 0
          0.7480742335319519 3.3928382396698 0 0.607133686542511 3.426635265350342 0
          0.48616957664489746 3.4385921955108643 0 0.3853808343410492 3.4341838359832764 0
          0.30308517813682556 3.417651414871216 0 0.2366979867219925 3.392012119293213 0
          0.1836908459663391 3.3596434593200684 0 0.14167281985282898 3.3226397037506104 0
          0.10781039297580719 3.2797586917877197 0 0.08127167820930481 3.225648880004883 0
          0.060686998069286346 3.1591086387634277 0 0.042868029326200485 3.08424711227417 0
          0.025638483464717865 3.0064430236816406 0 0.008466237224638462 2.9298512935638428 0
          -0.00624958286061883 2.855185031890869 0 -0.015043312683701515 2.7795708179473877 0
          -0.017229214310646057 2.7000508308410645 0 -0.016252532601356506 2.6203691959381104 0
          -0.019703323021531105 2.5541117191314697 0 -0.026793209835886955 2.5075955390930176 0
          -0.03218022733926773 2.4750938415527344 0 -0.03711995854973793 2.452099084854126 0
          -0.042000964283943176 2.4358267784118652 0 -0.045490968972444534 2.4238698482513428 0
          -0.04616829380393028 2.414130926132202 0 -0.04289587587118149 2.4048995971679688 0
          -0.035052649676799774 2.394930362701416 0 -0.02287476509809494 2.3833611011505127 0
          0.025951191782951355 0.5365017056465149 0 0.02401730790734291 0.5538885593414307 0
          0.022181080654263496 0.571911096572876 0 0.017523011192679405 0.5862495303153992 0
          0.011407498270273209 0.5977874398231506 0 0.0024683289229869843 0.6041668057441711 0
          -0.00959673523902893 0.6039357781410217 0 -0.025468427687883377 0.5946433544158936 0
          -0.046641379594802856 0.5789206027984619 0 -0.07562869787216187 0.5494253039360046 0
          -0.10947056114673615 0.5055491328239441 0 -0.14927977323532104 0.4471745789051056 0
          -0.19792430102825165 0.37369483709335327 0 -0.2545025646686554 0.2860298752784729 0
          -0.31647834181785583 0.18671676516532898 0 -0.37966188788414 0.07974311709403992 0
          -0.4374208450317383 -0.03132880479097366 0 -0.4803352653980255 -0.14680270850658417 0
          -0.4991838335990906 -0.26476168632507324 0 -0.4922179877758026 -0.37354564666748047 0
          -0.47030511498451233 -0.4611605107784271 0 -0.45591816306114197 -0.40947526693344116 0
          -0.5522096753120422 -0.31777897477149963 0 -0.500399649143219 -0.10074872523546219 0
          0.0023966869339346886 0.43280863761901855 0 0.6238851547241211 0.9820433259010315 0
          1.2972453832626343 1.4385499954223633 0 2.0345895290374756 1.6057164669036865 0
          2.3847439289093018 1.536545753479004 0 2.3810200691223145 1.3960599899291992 0
          2.2375030517578125 1.3144001960754395 0 1.9709975719451904 1.3626759052276611 0
          1.454850673675537 1.5673110485076904 0 0.9204935431480408 1.6784652471542358 0
          0.6872512102127075 1.926591396331787 0 0.7159543633460999 2.3523707389831543 0
          0.8252022862434387 2.813913583755493 0 0.8916745781898499 3.227970838546753 0
          0.8890470266342163 3.5729005336761475 0 0.8343523144721985 3.850919246673584 0
          0.7497976422309875 4.070631980895996 0 0.6529690623283386 4.241272926330566 0
          0.5557113885879517 4.371026515960693 0 0.465082585811615 4.467116355895996 0
          0.38476669788360596 4.536049842834473 0 0.3160073459148407 4.58361291885376 0
          0.25851598381996155 4.614652633666992 0 0.2111889272928238 4.633022785186768 0
          0.1724012941122055 4.6419596672058105 0 0.14020006358623505 4.644397258758545 0
          0.11295298486948013 4.642486572265625 0 0.0912783294916153 4.637400150299072 0
          0.07217501103878021 4.631370544433594 0 0.053789906203746796 4.6257548332214355 0
          0.03418438509106636 4.621750831604004 0 0.013966751284897327 4.619800090789795 0
          -0.0037889517843723297 4.619880199432373 0 -0.015924224629998207 4.62215518951416 0
          -0.020871924236416817 4.626245975494385 0 -0.01991778425872326 4.630314350128174 0
          -0.01592802070081234 4.629369735717773 0 -0.010796858929097652 4.6201958656311035 0
          -0.004150385968387127 4.6029372215271 0 0.003960949834436178 4.576903820037842 0
          0.013848620466887951 4.540948390960693 0 0.02488202229142189 4.495227336883545 0
          0.03662189468741417 4.441142559051514 0 0.04898638278245926 4.3809075355529785 0
          0.062014903873205185 4.3171281814575195 0 0.07513017952442169 4.252665996551514 0
          0.013278885744512081 0.5380717515945435 0 0.013335130177438259 0.5599381923675537 0
          0.012146960012614727 0.5790982246398926 0 0.011245285160839558 0.5978447198867798 0
          0.009287896566092968 0.6132896542549133 0 0.00666163582354784 0.6251314878463745 0
          0.0028987075202167034 0.6316012740135193 0 -0.0022668433375656605 0.6309982538223267 0
          -0.009384136646986008 0.621387243270874 0 -0.01890007220208645 0.6008254885673523 0
          -0.03008386678993702 0.5647779107093811 0 -0.04593750834465027 0.5105636119842529 0
          -0.06431380659341812 0.4366927444934845 0 -0.08782604336738586 0.3403811752796173 0
          -0.11730308085680008 0.2214803844690323 0 -0.15316763520240784 0.08302300423383713 0
          -0.19338934123516083 -0.06946663558483124 0 -0.22599053382873535 -0.23162908852100372 0
          -0.2382904291152954 -0.39995506405830383 0 -0.23563484847545624 -0.566659152507782 0
          -0.2261628806591034 -0.7253112196922302 0 -0.21602042019367218 -0.8803044557571411 0
          -0.2033090442419052 -1.1065007448196411 0 -0.11387374252080917 -1.3494573831558228 0
          0.00864538736641407 -1.1061264276504517 0 0.026201032102108 -0.39090263843536377 0
          0.01866886392235756 0.6463699340820312 0 0.39586225152015686 1.6305930614471436 0
          0.9674923419952393 2.28267240524292 0 1.8782038688659668 2.3829543590545654 0
          1.8845816850662231 2.4982292652130127 0 1.5235447883605957 2.7664859294891357 0
          1.0015807151794434 3.0755748748779297 0 0.6343843936920166 3.2798030376434326 0
          0.4497293531894684 3.450481414794922 0 0.3972853720188141 3.673428773880005 0
          0.40361765027046204 3.963301658630371 0 0.41692566871643066 4.287149429321289 0
          0.4175297021865845 4.607664585113525 0 0.40075793862342834 4.901986598968506 0
          0.3697279095649719 5.159935474395752 0 0.33027514815330505 5.3791184425354 0
          0.2877914011478424 5.561402797698975 0 0.24617747962474823 5.710727691650391 0
          0.20785903930664062 5.831847190856934 0 0.17397430539131165 5.929565906524658 0
          0.1447526514530182 6.00832986831665 0 0.11982028931379318 6.072085857391357 0
          0.09847380220890045 6.124160289764404 0 0.07979880273342133 6.167181015014648 0
          0.06330020725727081 6.203032493591309 0 0.04642997309565544 6.235646724700928 0
          0.027978720143437386 6.267827033996582 0 0.005599744152277708 6.30265998840332 0
          -0.017627933993935585 6.339911937713623 0 -0.037324003875255585 6.376816272735596 0
          -0.05126150697469711 6.411166191101074 0 -0.05910108610987663 6.442631721496582 0
          -0.06099177524447441 6.472028732299805 0 -0.05767945572733879 6.499814033508301 0
          -0.05038037896156311 6.5253496170043945 0 -0.04028541222214699 6.547527313232422 0
          -0.028313374146819115 6.566104412078857 0 -0.015540764667093754 6.5815229415893555 0
          -0.0029875892214477062 6.5951128005981445 0 0.009491785429418087 6.607687950134277 0
          0.022402985021471977 6.619429588317871 0 0.03573975712060928 6.630470275878906 0
          0.04922547936439514 6.641152858734131 0 0.06196805462241173 6.652031421661377 0
          0 0.5396715998649597 0 0 0.5614118576049805 0
          0 0.5837664604187012 0 0 0.6051280498504639 0
          0 0.6258595585823059 0 0 0.645046591758728 0
          0 0.6621109843254089 0 0 0.6761282086372375 0
          0 0.6856603622436523 0 0 0.6933245062828064 0
          0 0.6879472136497498 0 0 0.6749651432037354 0
          0 0.6485152840614319 0 0 0.6065208911895752 0
          0 0.5446730852127075 0 0 0.4581831991672516 0
          0 0.3436392545700073 0 0 0.20593683421611786 0
          0 0.058448005467653275 0 0 -0.09006150811910629 0
          0 -0.23403827846050262 0 0 -0.3715502619743347 0
          0 -0.5004685521125793 0 0 -0.5687760710716248 0
          0 -0.5545239448547363 0 0 -0.5227281451225281 0
          0 -0.4889094829559326 0 0 0.031933389604091644 0
          0 0.777595579624176 0 0 1.820685625076294 0
          0 2.9801952838897705 0 0 3.972367286682129 0
          0 4.64842414855957 0 0 5.085540771484375 0
          0 5.399143695831299 0 0 5.676779270172119 0
          0 5.9577765464782715 0 0 6.246930122375488 0
          0 6.535698413848877 0 0 6.812556266784668 0
          0 7.068085193634033 0 0 7.2967424392700195 0
          0 7.496574878692627 0 0 7.6682233810424805 0
          0 7.813933849334717 0 0 7.936705112457275 0
          0 8.039679527282715 0 0 8.125746726989746 0
          0 8.197320938110352 0 0 8.256203651428223 0
          0 8.303860664367676 0 0 8.340058326721191 0
          0 8.36371898651123 0 0 8.372285842895508 0
          0 8.36516284942627 0 0 8.344700813293457 0
          0 8.314735412597656 0 0 8.279329299926758 0
          0 8.242451667785645 0 0 8.207576751708984 0
          0 8.177371978759766 0 0 8.153715133666992 0
          0 8.1378755569458 0 0 8.13040542602539 0
          0 8.131178855895996 0 0 8.140167236328125 0
          0 8.157678604125977 0 0 8.184013366699219 0
          0 8.219287872314453 0 0 8.2630033493042 0
          <InformationKey name="L2_NORM_RANGE" location="vtkDataArray" length="2">
            <Value index="0">
              0.031933389604
            </Value>
            <Value index="1">
              8.5868185138
            </Value>
          </InformationKey>
        </DataArray>
        <DataArray type="Float32" Name="Solids_Velocity_1" NumberOfComponents="3" format="ascii" RangeMin="0" RangeMax="9.122004508972168">
          -0.013637453317642212 0.008749724365770817 0 -0.0199862252920866 0.02164982259273529 0
          -0.03464360907673836 0.044164933264255524 0 -0.059294603765010834 0.08268369734287262 0
          -0.08169564604759216 0.12755651772022247 0 -0.23145632445812225 0.44707733392715454 0
          -0.2388630509376526 0.9090747833251953 0 -0.24990728497505188 1.3094806671142578 0
          -0.36040714383125305 1.7652322053909302 0 -0.3211081326007843 2.1941277980804443 0
          -0.3014770746231079 2.4706220626831055 0 -0.27668681740760803 2.733745574951172 0
          -0.2436915785074234 2.9991252422332764 0 -0.20881053805351257 3.269113063812256 0
          -0.16254544258117676 3.543494939804077 0 -0.09960058331489563 3.8151328563690186 0
          -0.021994227543473244 4.050960063934326 0 0.05817073956131935 4.220832347869873 0
          0.14248688519001007 4.337857246398926 0 0.2364557534456253 4.403892993927002 0
          0.3351282477378845 4.416553974151611 0 0.4367351830005646 4.37117862701416 0
          0.5359899997711182 4.264305591583252 0 0.6229183077812195 4.095883846282959 0
          0.691287100315094 3.8647186756134033 0 0.7348314523696899 3.5672130584716797 0
          0.7446799874305725 3.2066361904144287 0 0.7167308926582336 2.803274631500244 0
          0.6567708849906921 2.3819777965545654 0 0.5887136459350586 1.9280682802200317 0
          0.5820708274841309 1.3508634567260742 0 0.5946570038795471 0.34764888882637024 0
          0.5306545495986938 -0.7695837020874023 0 0.5757266879081726 -1.5014948844909668 0
          0.5755921602249146 -1.5016485452651978 0 0.617702305316925 -0.000004821566108148545 0
          0 0 0 0 -3.7386293264089424e-37 0
          8.303276901805086e-38 -7.733998106666675e-18 0 1.1972722821499452e-18 -2.382594210814659e-8 0
          2.6574242806276516e-9 -0.11229105293750763 0 0.00403230357915163 -0.00001586889266036451 0
          0 0 0 0 0 0
          0 0 0 0 0 0
          0 0 0 0 0 0
          0 0 0 0 0 0
          0 0 0 0 0 0
          0 0 0 0 0 0
          0 0 0 0 0 0
          0 0 0 0 0 0
          0 0 0 0 0 0
          0 0 0 0 0 0
          0 0 0 0 0 0
          0 0 0 0 0 0
          0 0 0 0 0 0
          0 0 0 0 0 0
          -0.02382844127714634 0.006465066224336624 0 -0.030619801953434944 0.013162301853299141 0
          -0.04454417899250984 0.019218144938349724 0 -0.0659569650888443 0.02290920540690422 0
          -0.09769511967897415 0.03201285004615784 0 -0.16926513612270355 0.001509909168817103 0
          -0.2269405722618103 0.6582995057106018 0 -0.2452893853187561 1.140627145767212 0
          -0.3211138844490051 0.12501034140586853 0 -0.2986970543861389 0.17338280379772186 0
          -0.3489350378513336 0.2305387705564499 0 -0.38720497488975525 0.3028144836425781 0
          -0.3941565155982971 0.3937779664993286 0 -0.38672125339508057 0.5103640556335449 0
          -0.3666906952857971 0.6493030786514282 0 -0.33451682329177856 0.8131762146949768 0
          -0.28475457429885864 1.0073686838150024 0 -0.21220165491104126 1.2371569871902466 0
          -0.11318142712116241 1.4905798435211182 0 0.02329002320766449 1.7458096742630005 0
          0.20852503180503845 1.9749672412872314 0 0.41999372839927673 2.1672024726867676 0
          0.6556976437568665 2.2976372241973877 0 0.8723496198654175 2.3483800888061523 0
          1.0208430290222168 2.319251298904419 0 1.079481840133667 2.2245872020721436 0
          1.0602315664291382 2.0770716667175293 0 0.9940826296806335 1.8689724206924438 0
          0.924820601940155 1.5447102785110474 0 0.8849904537200928 1.0017350912094116 0
          0.8982516527175903 0.12807025015354156 0 0.8712299466133118 -0.48470059037208557 0
          0.8188117146492004 -0.9906578660011292 0 0.9359232783317566 -1.4587281942367554 0
          0.9357994198799133 -1.4587363004684448 0 0.944891095161438 -0.0000019517246983014047 0
          1.0191000671924862e-15 0 0 0 0 0
          0 -2.26649544892026e-38 0 1.0804320846904955e-38 -3.212698930309951e-19 0
          1.0753316943916389e-19 -3.121447822440615e-10 0 7.463771961591092e-11 -3.3413743993904177e-10 0
          0 0 0 0 0 0
          0 0 0 0 0 0
          0 0 0 0 0 0
          0 0 0 0 0 0
          0 0 0 0 0 0
          0 0 0 0 0 0
          0 0 0 -1.401298464324817e-45 0 0
          -6.025583396596713e-44 0 0 -5.605193857299268e-45 0 0
          0 0 0 0 0 0
          0 0 0 0 0 0
          0 0 0 0 0 0
          0 0 0 0 0 0
          0 0 0 0 0 0
          0 0 0 0 0 0
          -0.02944500744342804 0.00347053911536932 0 -0.03641366586089134 0.006955364719033241 0
          -0.050566595047712326 0.010529893450438976 0 -0.07269134372472763 0.0143657848238945 0
          -0.10452526062726974 0.017963573336601257 0 -0.14930476248264313 0.0035585565492510796 0
          -0.19087472558021545 -0.011384452693164349 0 -0.2279205173254013 -0.018553247675299644 0
          -0.2988963723182678 0.018724974244832993 0 -0.3217136859893799 0.08593247085809708 0
          -0.3689652681350708 0.12008283287286758 0 -0.41355833411216736 0.14479398727416992 0
          -0.4659976363182068 0.19484657049179077 0 -0.5061941146850586 0.27449825406074524 0
          -0.5140458345413208 0.37141385674476624 0 -0.5025960206985474 0.4864974915981293 0
          -0.47509312629699707 0.6188220381736755 0 -0.424617201089859 0.7669943571090698 0
          -0.3405945897102356 0.9265971183776855 0 -0.20380286872386932 1.1047500371932983 0
          0.021199988201260567 1.2902767658233643 0 0.3271946609020233 1.4419742822647095 0
          0.7284256219863892 1.478874921798706 0 0.9557649493217468 1.4829398393630981 0
          1.0509175062179565 1.490246295928955 0 1.0778169631958008 1.464098572731018 0
          1.0668469667434692 1.3415967226028442 0 1.0653817653656006 1.035478115081787 0
          1.1156493425369263 0.4735298454761505 0 1.1561036109924316 -0.12186229974031448 0
          1.1669249534606934 -0.5274527072906494 0 1.1108160018920898 -0.8176525831222534 0
          1.0286266803741455 -1.1532599925994873 0 1.2486414909362793 -1.2358819246292114 0
          1.2485630512237549 -1.2357927560806274 0 1.2761303186416626 -6.537593577604639e-8 0
          2.7356429621594458e-11 -1.8243304297223495e-16 0 2.1513743609705964e-24 0 0
          0 0 0 0 -5.932817438258411e-41 0
          6.11120273276696e-41 -8.450205441524198e-23 0 5.864557314658736e-23 -9.285893761167853e-23 0
          0 0 0 0 0 0
          0 0 0 0 0 0
          0 0 0 0 0 0
          0 0 0 0 0 0
          0 0 0 0 0 0
          0 0 0 0 0 0
          -4.484155085839415e-44 -4.90454462513686e-44 0 -8.249592812181212e-22 -1.6885646495114046e-42 0
          -4.838969424931132e-21 -1.746017886548722e-42 0 -1.5303186663980882e-21 -1.5834672646870433e-43 0
          -1.3808639381268358e-23 0 0 -2.804883448846112e-25 0 0
          -3.7084944589855758e-37 0 0 -1.401298464324817e-45 0 0
          0 0 0 0 0 0
          0 0 0 0 0 0
          0 0 0 0 0 0
          0 0 0 0 0 0
          -0.03017977625131607 0.00019232352497056127 0 -0.03674173727631569 0.0002082127903122455 0
          -0.050278689712285995 -0.0004146886640228331 0 -0.07089990377426147 -0.0020684758201241493 0
          -0.09929805994033813 -0.006326092407107353 0 -0.1347472369670868 -0.01678423583507538 0
          -0.1737026572227478 -0.029268130660057068 0 -0.21490824222564697 -0.039374999701976776 0
          -0.2946486473083496 -0.009541913866996765 0 -0.328359454870224 0.032231781631708145 0
          -0.3736337125301361 0.05829248204827309 0 -0.4242666959762573 0.07872786372900009 0
          -0.48390477895736694 0.1018509492278099 0 -0.5421311855316162 0.1364465057849884 0
          -0.5989830493927002 0.19351118803024292 0 -0.6268522143363953 0.27380967140197754 0
          -0.623109757900238 0.3722352981567383 0 -0.5924212336540222 0.486402302980423 0
          -0.5165154337882996 0.6070683598518372 0 -0.3601504862308502 0.7339756488800049 0
          -0.05563666298985481 0.838355541229248 0 0.2887408435344696 0.8586150407791138 0
          0.7048067450523376 0.7696382403373718 0 0.9023433923721313 0.822942316532135 0
          1.0095101594924927 0.8229693174362183 0 1.1119009256362915 0.6803982257843018 0
          1.2257784605026245 0.35864129662513733 0 1.3341834545135498 -0.025957053527235985 0
          1.4173203706741333 -0.37208858132362366 0 1.4357963800430298 -0.6267321109771729 0
          1.3874083757400513 -0.8276081085205078 0 1.2822306156158447 -1.041392207145691 0
          1.1967114210128784 -1.2127740383148193 0 1.5188791751861572 -1.2242636680603027 0
          1.5188795328140259 -1.2248053550720215 0 1.5224976539611816 0.0002875549253076315 0
          8.378867044633864e-11 6.092963373421911e-12 0 2.2831144476868675e-23 4.359503221159705e-25 0
          0 0 0 0 0 0
          0 0 0 0 0 0
          0 0 0 0 0 0
          0 0 0 0 0 0
          0 0 0 0 0 0
          0 0 0 -7.492742888744797e-41 0 0
          -6.93311437708479e-27 0 0 -5.040221526814781e-26 0 0
          -2.0616816649078726e-24 0 0 -6.999081291329491e-23 -1.2191296639625909e-43 0
          -3.424838736492809e-21 -1.9407284874531426e-21 0 -3.938555870330873e-10 -1.102128339582265e-20 0
          -9.883635021523673e-10 -9.404537885955016e-21 0 -5.774076772269154e-10 -1.4886855918028502e-21 0
          -5.7130033342955855e-11 -5.559617136402674e-24 0 -8.422540442865056e-12 7.458646578795228e-26 0
          -1.421643058750999e-17 3.84425987727301e-37 0 -7.185643361317405e-22 1.401298464324817e-45 0
          -2.872985551811134e-39 0 0 0 0 0
          0 0 0 0 0 0
          0 0 0 0 0 0
          0 0 0 0 0 0
          -0.02575274556875229 -0.0030215035658329725 0 -0.03164944425225258 -0.006918645463883877 0
          -0.04304824396967888 -0.011844879947602749 0 -0.06078522279858589 -0.01904972642660141 0
          -0.0846744179725647 -0.029183488339185715 0 -0.11454817652702332 -0.04316479340195656 0
          -0.14967550337314606 -0.059875644743442535 0 -0.18981587886810303 -0.07745543122291565 0
          -0.23171266913414001 -0.05166560411453247 0 -0.3084225654602051 -0.03315454721450806 0
          -0.35132598876953125 -0.024093743413686752 0 -0.40689215064048767 -0.0219460129737854 0
          -0.4739942252635956 -0.020347049459815025 0 -0.5430690050125122 -0.01054752990603447 0
          -0.6080502271652222 0.008383162319660187 0 -0.6633861064910889 0.03905684873461723 0
          -0.7006404399871826 0.0864507257938385 0 -0.6942701935768127 0.1508154422044754 0
          -0.6208499073982239 0.22890394926071167 0 -0.4456475079059601 0.3172331154346466 0
          -0.11794853955507278 0.38519221544265747 0 0.5269508361816406 -0.2484653741121292 0
          0.6815800070762634 -0.04741313308477402 0 0.9575487971305847 -0.019821520894765854 0
          1.1827937364578247 -0.08724802732467651 0 1.377835750579834 -0.2475648820400238 0
          1.5361356735229492 -0.44152721762657166 0 1.640529751777649 -0.6170957088470459 0
          1.6768420934677124 -0.7597174644470215 0 1.6358749866485596 -0.891156017780304 0
          1.5315550565719604 -1.0498403310775757 0 1.4060823917388916 -1.1923422813415527 0
          1.3538525104522705 -1.1217762231826782 0 1.4363409280776978 -1.1732062101364136 0
          1.4245984554290771 -1.1774801015853882 0 1.6147956848144531 0.0004948888090439141 0
          9.957855373610158e-11 2.741139606965426e-11 0 4.5198303057391696e-23 1.1830289826944412e-23 0
          0 0 0 0 0 0
          0 0 0 0 0 0
          0 0 0 2.3555718087209243e-7 0 0
          0.0000020420698092493694 0 0 0.000021671101421816275 0 0
          0.000051901897677453235 0 0 0.000008296207852254156 0 0
          4.693830879531902e-10 5.6281331131602655e-40 0 -4.709364440110851e-20 4.032251115531931e-26 0
          -6.034468172551322e-13 3.086069960283747e-25 0 -1.955405672451893e-12 1.0814228303549791e-23 0
          -1.3898087541930337e-11 3.4602821938555165e-22 0 -8.630677422738486e-11 1.561768372170974e-20 0
          -6.271045904782113e-10 1.6558454607462636e-9 0 -0.004596845246851444 5.633509658764524e-9 0
          -0.005765474401414394 6.26889251620355e-9 0 -0.0034011469688266516 2.5168735984237856e-9 0
          -0.0007454510196112096 2.6122320972987723e-10 0 -0.00018260271463077515 3.4460087561249964e-11 0
          -4.2346322004505055e-8 6.155665698638328e-17 0 -2.980894975301851e-10 3.3817576919288197e-21 0
          -8.508837314996761e-19 1.4971647955154386e-38 0 -1.1528167144297438e-22 0 0
          -7.941460839593753e-23 0 0 -4.230128395817081e-23 0 0
          -1.9422235113971685e-23 0 0 -6.742589794428483e-24 0 0
          -1.4817632908167424e-24 0 0 -1.2994935273989673e-25 -8.339629427932785e-25 0
          -0.018158365041017532 -0.00555717246606946 0 -0.022173257544636726 -0.011480770073831081 0
          -0.0313984751701355 -0.01993829756975174 0 -0.044716715812683105 -0.030740724876523018 0
          -0.06330900639295578 -0.04535650461912155 0 -0.08689196407794952 -0.06414933502674103 0
          -0.11587406694889069 -0.08708042651414871 0 -0.17122739553451538 -0.10590693354606628 0
          -0.20421098172664642 -0.10355818271636963 0 -0.25575578212738037 -0.09953431040048599 0
          -0.2984895408153534 -0.11020078510046005 0 -0.35416021943092346 -0.1337791234254837 0
          -0.42228177189826965 -0.16227275133132935 0 -0.4955632984638214 -0.18971560895442963 0
          -0.5670412182807922 -0.21188707649707794 0 -0.6297651529312134 -0.22226542234420776 0
          -0.6768202781677246 -0.22804120182991028 0 -0.6964859962463379 -0.22902964055538177 0
          -0.6635097861289978 -0.21454913914203644 0 -0.5265744924545288 -0.17593832314014435 0
          -0.21803255379199982 -0.1880675107240677 0 0.4519847631454468 -0.896773636341095 0
          0.7405828237533569 -0.8716864585876465 0 1.081770896911621 -0.7947180271148682 0
          1.373769998550415 -0.7728230953216553 0 1.6019871234893799 -0.7986002564430237 0
          1.7588386535644531 -0.8458652496337891 0 1.8377224206924438 -0.9041993618011475 0
          1.8327645063400269 -0.9787147641181946 0 1.7501932382583618 -1.0910910367965698 0
          1.624131202697754 -1.2176601886749268 0 1.5136216878890991 -1.2254738807678223 0
          1.5036829710006714 -0.8443995118141174 0 1.50355863571167 -0.8442904949188232 0
          1.569877028465271 -1.1252248287200928 0 1.4999276399612427 0.00031010768725536764 0
          0.0000287752591248136 3.679196183825617e-11 0 0.00021113234106451273 2.337099197102581e-23 0
          0.000012307616998441517 0 0 3.4471552279313755e-9 0 0
          3.2304647019160587e-19 0 0 1.6457465736354955e-39 0 0
          0 8.923255450099532e-7 0 0.28933417797088623 0.564606249332428 0
          0.21565039455890656 0.5331416130065918 0 0.09222142398357391 0.4024898409843445 0
          0.02293834462761879 0.15949386358261108 0 0.0008361113723367453 0.008927831426262856 0
          0.0000010810642834258033 2.1626009427677673e-8 0 7.666293413421954e-7 2.0344042422903996e-11 0
          -0.0000804483934189193 6.397514462630483e-11 0 -0.0001640657865209505 2.9230970421956215e-10 0
          -0.00084884517127648 1.5358966320988543e-9 0 -0.003935863729566336 9.36939592577346e-9 0
          -0.021266000345349312 0.00011728347453754395 0 -0.04197070747613907 0.1032598540186882 0
          -0.04761417582631111 0.09201949834823608 0 -0.0364825576543808 0.042062580585479736 0
          -0.02861895225942135 0.009014750830829144 0 -0.026932893320918083 0.0017205281183123589 0
          -0.011530841700732708 4.059685352331144e-7 0 -0.0006462494493462145 3.0271940509862816e-9 0
          -7.327430662229517e-9 9.307609133194691e-18 0 -8.522809541444687e-11 2.391814551623387e-21 0
          -7.166749832476782e-11 1.6033147301268003e-21 0 -5.379475337408124e-11 8.80602727438476e-22 0
          -3.772983661609608e-11 4.100654990471436e-22 0 -2.2986060971286193e-11 1.4535503076859326e-22 0
          -1.1076721137537326e-11 3.3398026232447323e-23 0 -3.342222765906344e-12 6.736841365012137e-24 0
          -0.009574994444847107 -0.005318852607160807 0 -0.012922792695462704 -0.012752372771501541 0
          -0.018054628744721413 -0.021014319732785225 0 -0.02721959538757801 -0.033342164009809494 0
          -0.03932762145996094 -0.04943364858627319 0 -0.05538050830364227 -0.07077605277299881 0
          -0.07572759687900543 -0.09787033498287201 0 -0.11688816547393799 -0.12555457651615143 0
          -0.14395685493946075 -0.12967915832996368 0 -0.19516681134700775 -0.1417265385389328 0
          -0.22378753125667572 -0.17126882076263428 0 -0.2680259943008423 -0.22039450705051422 0
          -0.32625889778137207 -0.281938761472702 0 -0.39233940839767456 -0.3500978946685791 0
          -0.45968180894851685 -0.42145392298698425 0 -0.5205814242362976 -0.494273841381073 0
          -0.5665282607078552 -0.5625318884849548 0 -0.590044379234314 -0.6208224892616272 0
          -0.5760652422904968 -0.6768109798431396 0 -0.4977635443210602 -0.6895720958709717 0
          -0.3648393154144287 -0.6718646287918091 0 -0.11365240067243576 -1.1787924766540527 0
          0.6587731838226318 -1.3138892650604248 0 1.096012830734253 -1.2184827327728271 0
          1.4167094230651855 -1.1245478391647339 0 1.6660336256027222 -1.063658356666565 0
          1.835668683052063 -1.038129210472107 0 1.9179890155792236 -1.056795597076416 0
          1.9013270139694214 -1.1253010034561157 0 1.8070869445800781 -1.230747938156128 0
          1.6864383220672607 -1.2759416103363037 0 1.6101540327072144 -1.0623704195022583 0
          1.5730758905410767 -0.6227400898933411 0 1.5729495286941528 -0.6243141293525696 0
          1.1225130558013916 -0.34320971369743347 0 1.1007417440414429 1.0972981452941895 0
          1.3352991342544556 0.6819309592247009 0 1.2432677745819092 -0.020377514883875847 0
          0.2252640724182129 0.01954728737473488 0 0.00007021723286015913 7.093426734883224e-9 0
          0.00007426985393976793 8.209107903050289e-19 0 0.00006265120464377105 5.2393316438456304e-39 0
          0.00005444234921014868 4.4117673958510295e-9 0 0.00004633963544620201 0.0000024975784072012175 0
          0.27037474513053894 1.4763658046722412 0 0.2537526488304138 1.5014183521270752 0
          0.23429091274738312 1.52607262134552 0 0.19428029656410217 1.5711580514907837 0
          0.14893677830696106 1.58986234664917 0 0.10717655718326569 1.5595170259475708 0
          0.09554802626371384 1.5681397914886475 0 0.0915442556142807 1.6069172620773315 0
          0.06305870413780212 1.6417661905288696 0 0.03433578833937645 1.6566497087478638 0
          0.014952207915484905 1.6226940155029297 0 -0.006291526835411787 1.5461030006408691 0
          -0.014802233316004276 1.4894194602966309 0 -0.004406805150210857 1.4725896120071411 0
          0.00030112138483673334 1.3545870780944824 0 -0.00579295726493001 0.9167571067810059 0
          -0.004895663354545832 0.2994152009487152 0 -0.0008271161350421607 0.01731577329337597 0
          -0.000526736315805465 2.219603771891343e-7 0 -0.000491760321892798 5.441413541973361e-9 0
          -0.00045621569734066725 4.602107139817235e-9 0 -0.0003788032045122236 3.50369822044172e-9 0
          -0.0002953207294922322 2.4477655458099434e-9 0 -0.0002062313724309206 1.4952333815543284e-9 0
          -0.00012054361286573112 7.253405098772703e-10 0 -0.0000491324499307666 3.936152792594072e-10 0
          -0.004186853300780058 -0.004483167082071304 0 -0.0049422020092606544 -0.008496244437992573 0
          -0.008384165354073048 -0.01628379337489605 0 -0.012320110574364662 -0.02586151473224163 0
          -0.018558014184236526 -0.04011476784944534 0 -0.02667289413511753 -0.05942406505346298 0
          -0.037343040108680725 -0.08527462929487228 0 -0.05115896090865135 -0.11897619813680649 0
          -0.1061071828007698 -0.1430116891860962 0 -0.1253684163093567 -0.15421651303768158 0
          -0.14438365399837494 -0.18577708303928375 0 -0.16487455368041992 -0.24621915817260742 0
          -0.19874413311481476 -0.33021947741508484 0 -0.2444637566804886 -0.4311668574810028 0
          -0.29614493250846863 -0.5438147783279419 0 -0.3477935492992401 -0.6627511382102966 0
          -0.39088931679725647 -0.7824115753173828 0 -0.4139396548271179 -0.9020187854766846 0
          -0.4057612121105194 -1.0185484886169434 0 -0.36119556427001953 -1.1118505001068115 0
          -0.29488325119018555 -1.1414073705673218 0 -0.22545714676380157 -1.1626545190811157 0
          -0.23419226706027985 -1.5778285264968872 0 0.0661788061261177 -1.5152310132980347 0
          0.7579227089881897 -1.3291748762130737 0 1.4181333780288696 -1.1769641637802124 0
          1.7002551555633545 -1.0920525789260864 0 1.8855541944503784 -1.1007874011993408 0
          1.9039843082427979 -1.1811758279800415 0 1.8166037797927856 -1.2429914474487305 0
          1.7195364236831665 -1.1164309978485107 0 1.6425262689590454 -0.5406118631362915 0
          1.4374772310256958 0.04048562049865723 0 1.4372667074203491 0.038693010807037354 0
          1.2343060970306396 0.1383737027645111 0 0.869604766368866 1.6251498460769653 0
          0.889422595500946 1.9172453880310059 0 0.9180967211723328 1.8744454383850098 0
          0.5264521241188049 2.6473331451416016 0 0.49049100279808044 3.1340036392211914 0
          0.47102341055870056 3.0511348247528076 0 0.4253838062286377 3.5383150577545166 0
          0.3809795379638672 3.742408037185669 0 0.3346264660358429 3.989351272583008 0
          0.29190492630004883 3.972926139831543 0 0.24998454749584198 4.085614204406738 0
          0.21129339933395386 4.433157920837402 0 0.1799265742301941 4.483256816864014 0
          0.15102991461753845 4.5522308349609375 0 0.07933355122804642 6.272925853729248 0
          0.05705196037888527 6.679495811462402 0 0.09402187913656235 4.774003982543945 0
          0.0854872390627861 4.498230457305908 0 0.07304231077432632 4.673567295074463 0
          0.06384691596031189 5.032009124755859 0 0.06309325248003006 4.632471561431885 0
          0.06887847185134888 4.076055526733398 0 0.04922932758927345 5.020615577697754 0
          0.045248843729496 5.397122859954834 0 0.051607079803943634 4.90100622177124 0
          0.062366656959056854 4.111287593841553 0 0.05165134370326996 5.371227741241455 0
          0.03184494003653526 5.549596786499023 0 0.02712184749543667 5.873318672180176 0
          0.02464546263217926 5.717881202697754 0 0.020868394523859024 5.719030857086182 0
          0.017438866198062897 5.736849308013916 0 0.014464490115642548 5.751256465911865 0
          0.01212854404002428 5.723278999328613 0 0.009608945809304714 5.7440266609191895 0
          -0.0012109976960346103 -0.0014372029108926654 0 -0.0019799545407295227 -0.004907361231744289 0
          -0.0022710191551595926 -0.008081229403614998 0 -0.00368883041664958 -0.014570972882211208 0
          -0.0051893084309995174 -0.023517947643995285 0 -0.007394994609057903 -0.036633338779211044 0
          -0.01027686893939972 -0.0548800453543663 0 -0.014127964153885841 -0.07975836843252182 0
          -0.028666643425822258 -0.11182653903961182 0 -0.043221935629844666 -0.13387516140937805 0
          -0.07655926048755646 -0.15578347444534302 0 -0.07629969716072083 -0.19596117734909058 0
          -0.08060954511165619 -0.2631914019584656 0 -0.09109937399625778 -0.36471566557884216 0
          -0.11008879542350769 -0.4915759563446045 0 -0.1362650990486145 -0.6369718313217163 0
          -0.16545842587947845 -0.7908152341842651 0 -0.18645335733890533 -0.943091094493866 0
          -0.18695147335529327 -1.088766098022461 0 -0.16774669289588928 -1.2157214879989624 0
          -0.13643202185630798 -1.3142811059951782 0 -0.10282331705093384 -1.3968685865402222 0
          -0.061532389372587204 -1.4959183931350708 0 0.03238267824053764 -1.4505983591079712 0
          0.021534491330385208 -1.4592574834823608 0 -0.019468721002340317 -1.3860069513320923 0
          0.09270446747541428 -1.2165074348449707 0 0.8451637625694275 -1.128841519355774 0
          1.5223054885864258 -1.0752522945404053 0 1.7074226140975952 -0.9987484216690063 0
          1.642582893371582 -0.5591188073158264 0 1.4696236848831177 0.7988314628601074 0
          1.101941704750061 1.2867796421051025 0 0.5509740114212036 2.212054967880249 0
          0.12956775724887848 3.6253767013549805 0 0.15678852796554565 5.62459135055542 0
          0.10706648975610733 5.875861167907715 0 0.09758586436510086 6.104445457458496 0
          0.09078501909971237 6.323297023773193 0 0.08081520348787308 6.546952247619629 0
          0.07021994143724442 6.726312160491943 0 0.0592164620757103 6.88311243057251 0
          0.04837149381637573 7.017918586730957 0 0.03787823021411896 7.161352157592773 0
          0.02885977365076542 7.269111633300781 0 0.02095566876232624 7.344985485076904 0
          0.01379956305027008 7.4013237953186035 0 0.007692090701311827 7.457189559936523 0
          0.0020795997697860003 7.479977607727051 0 -0.0027073086239397526 7.490585803985596 0
          0.03573865070939064 6.658779144287109 0 0.033207688480615616 6.66898775100708 0
          0.035028815269470215 6.452939510345459 0 0.031348515301942825 6.4871439933776855 0
          0.029150523245334625 6.518827438354492 0 0.028415419161319733 6.547696590423584 0
          0.028940757736563683 6.576443195343018 0 0.03045819327235222 6.604156017303467 0
          0.03254587575793266 6.631381988525391 0 0.03494320809841156 6.656748294830322 0
          0.03738313168287277 6.681006908416748 0 0.03975731506943703 6.707802772521973 0
          0.041955944150686264 6.73705530166626 0 0.04389926418662071 6.766393661499023 0
          0.04550829157233238 6.794572830200195 0 0.0468115359544754 6.823362827301025 0
          0.047816239297389984 6.852816104888916 0 0.04851524904370308 6.882467269897461 0
          0.04902222007513046 6.913907051086426 0 0.04924986883997917 6.948965549468994 0
          0 -0.0012104165507480502 0 0 -0.0021281051449477673 0
          0 -0.004240815062075853 0 0 -0.006659368984401226 0
          0 -0.01040759775787592 0 0 -0.015548771247267723 0
          0 -0.022668862715363503 0 0 -0.03239017724990845 0
          0 -0.045510806143283844 0 0 -0.09499487280845642 0
          0 -0.07521940767765045 0 0 -0.06831280142068863 0
          0 -0.0782737284898758 0 0 -0.11266171187162399 0
          0 -0.17185179889202118 0 0 -0.2564312815666199 0
          0 -0.36485397815704346 0 0 -0.48365849256515503 0
          0 -0.6018707752227783 0 0 -0.7069953680038452 0
          0 -0.7908115983009338 0 0 -0.8484237194061279 0
          0 -0.8787826895713806 0 0 -0.8427810072898865 0
          0 -0.817594587802887 0 0 -0.7908564209938049 0
          0 -0.6569893956184387 0 0 -0.8133366703987122 0
          0 -1.386785864830017 0 0 -1.1576224565505981 0
          0 -0.23980283737182617 0 0 1.9061367511749268 0
          0 3.020636796951294 0 0 3.137681722640991 0
          0 3.139108896255493 0 0 4.280345439910889 0
          0 6.7121477127075195 0 0 6.892057418823242 0
          0 7.071813106536865 0 0 7.229942321777344 0
          0 7.373327255249023 0 0 7.5007548332214355 0
          0 7.621618747711182 0 0 7.711735248565674 0
          0 7.7816386222839355 0 0 7.8366923332214355 0
          0 7.88396692276001 0 0 7.910407543182373 0
          0 7.926012992858887 0 0 7.931653022766113 0
          0 7.933200359344482 0 0 7.927262306213379 0
          0 8.444019317626953 0 0 8.47380256652832 0
          0 8.504331588745117 0 0 8.534334182739258 0
          0 8.564652442932129 0 0 8.596243858337402 0
          0 8.62940502166748 0 0 8.664515495300293 0
          0 8.701955795288086 0 0 8.74183464050293 0
          0 8.783721923828125 0 0 8.827387809753418 0
          0 8.872465133666992 0 0 8.918618202209473 0
          0 8.965696334838867 0 0 9.013082504272461 0
          0 9.060389518737793 0 0 9.122004508972168 0
          <InformationKey name="L2_NORM_RANGE" location="vtkDataArray" length="2">
            <Value index="0">
              0
            </Value>
            <Value index="1">
              9.122004509
            </Value>
          </InformationKey>
        </DataArray>
        <DataArray type="Float32" Name="Solids_Velocity_2" NumberOfComponents="3" format="ascii" RangeMin="0" RangeMax="3.8721592006580043">
          -0.013644781894981861 0.008755630813539028 0 -0.02000150829553604 0.0216731745749712 0
          -0.034686129540205 0.04425930976867676 0 -0.059434641152620316 0.08315916359424591 0
          -0.08242680132389069 0.1372634321451187 0 -0.21319130063056946 0.31265661120414734 0
          -0.2301335334777832 0.6327850222587585 0 -0.2575731873512268 0.9495269060134888 0
          -0.2905856966972351 1.2716144323349 0 -0.2644568085670471 1.6017895936965942 0
          -0.26219257712364197 1.858473300933838 0 -0.24527877569198608 2.1008503437042236 0
          -0.2168959528207779 2.3465116024017334 0 -0.18195635080337524 2.598177909851074 0
          -0.137653648853302 2.8575403690338135 0 -0.08212593197822571 3.1220250129699707 0
          -0.019031686708331108 3.360600709915161 0 0.04421228915452957 3.541813373565674 0
          0.11109353601932526 3.6807868480682373 0 0.1848522573709488 3.781494617462158 0
          0.26209813356399536 3.8420026302337646 0 0.34169435501098633 3.857053518295288 0
          0.4214668571949005 3.8205480575561523 0 0.49824389815330505 3.7273268699645996 0
          0.5674793720245361 3.570965051651001 0 0.6202327013015747 3.342125654220581 0
          0.6444284319877625 3.036961793899536 0 0.6320993304252625 2.6705870628356934 0
          0.5849297046661377 2.267000436782837 0 0.5183736681938171 1.8170990943908691 0
          0.4804536700248718 1.2193291187286377 0 0.5004323124885559 0.1251142919063568 0
          0.4690166115760803 -1.1880420446395874 0 0.45497927069664 -2.3098039627075195 0
          0.45500048995018005 -2.3097259998321533 0 0 0 0
          0 0 0 0 0 0
          0 0 0 0 0 0
          0 0 0 0 0 0
          0 0 0 0 0 0
          0 0 0 0 0 0
          0 0 0 0 0 0
          0 0 0 0 0 0
          0 0 0 0 0 0
          0 0 0 0 0 0
          0 0 0 0 0 0
          0 0 0 0 0 0
          0 0 0 0 0 0
          0 0 0 0 0 0
          0 0 0 0 0 0
          0 0 0 0 0 0
          0 0 0 0 0 0
          0 0 0 0 0 0
          -0.02384060062468052 0.006469229701906443 0 -0.030641524121165276 0.013175598345696926 0
          -0.04459240660071373 0.019256148487329483 0 -0.06608105450868607 0.02295338734984398 0
          -0.0980602577328682 0.03233184665441513 0 -0.1692982017993927 0.0014472707407549024 0
          -0.21090056002140045 -0.014075867831707 0 -0.23657116293907166 -0.029831938445568085 0
          -0.25382617115974426 0.017322445288300514 0 -0.3011564612388611 0.03938663378357887 0
          -0.3423246443271637 0.08962889760732651 0 -0.37299302220344543 0.1607591211795807 0
          -0.3734520971775055 0.2541593909263611 0 -0.36584484577178955 0.37060028314590454 0
          -0.34805330634117126 0.5079561471939087 0 -0.31840452551841736 0.6673199534416199 0
          -0.2735206186771393 0.8548673391342163 0 -0.21060243248939514 1.074251651763916 0
          -0.1259840577840805 1.3143284320831299 0 -0.008326170034706593 1.5576837062835693 0
          0.15166865289211273 1.778289556503296 0 0.3368966579437256 1.9680442810058594 0
          0.5492297410964966 2.110041856765747 0 0.7374070286750793 2.1879401206970215 0
          0.8625871539115906 2.1928608417510986 0 0.9142788052558899 2.1273317337036133 0
          0.9007521271705627 1.9965052604675293 0 0.841767430305481 1.7902992963790894 0
          0.7718777060508728 1.4486194849014282 0 0.7465811967849731 0.8328704833984375 0
          0.7694165110588074 -0.15448996424674988 0 0.7655386924743652 -0.8578792214393616 0
          0.7123355865478516 -1.4563610553741455 0 0.6298037767410278 -2.5062496662139893 0
          0.6298226118087769 -2.5061609745025635 0 0 0 0
          0 0 0 0 0 0
          0 0 0 0 0 0
          0 0 0 0 0 0
          0 0 0 0 0 0
          0 0 0 0 0 0
          0 0 0 0 0 0
          0 0 0 0 0 0
          0 0 0 0 0 0
          0 0 0 0 0 0
          0 0 0 0 0 0
          0 0 0 0 0 0
          0 0 0 0 0 0
          0 0 0 0 0 0
          0 0 0 0 0 0
          0 0 0 0 0 0
          0 0 0 0 0 0
          0 0 0 0 0 0
          -0.0294589102268219 0.003472481621429324 0 -0.03643679991364479 0.006960961502045393 0
          -0.05061260610818863 0.010543392971158028 0 -0.07279375195503235 0.014397801831364632 0
          -0.10477522015571594 0.018006501719355583 0 -0.1493246853351593 0.003452201606705785 0
          -0.19092300534248352 -0.011574240401387215 0 -0.22796650230884552 -0.01932821422815323 0
          -0.26543956995010376 -0.013241032138466835 0 -0.3107467591762543 -0.009287361055612564 0
          -0.3574674427509308 -0.0016756976256147027 0 -0.40118420124053955 0.014576954767107964 0
          -0.45265376567840576 0.06418262422084808 0 -0.4897235929965973 0.14327089488506317 0
          -0.49956968426704407 0.2411412000656128 0 -0.49359479546546936 0.35717153549194336 0
          -0.47174543142318726 0.49023354053497314 0 -0.4284270405769348 0.6382413506507874 0
          -0.3539855480194092 0.7967837452888489 0 -0.2293136864900589 0.9709275960922241 0
          -0.020381221547722816 1.1552661657333374 0 0.2707427144050598 1.3143759965896606 0
          0.5846854448318481 1.376436471939087 0 0.7790239453315735 1.3954691886901855 0
          0.8705224394798279 1.4036312103271484 0 0.897294819355011 1.368861198425293 0
          0.8887487053871155 1.2244155406951904 0 0.8946161270141602 0.8700031042098999 0
          0.9599487781524658 0.22203068435192108 0 1.022320032119751 -0.4493594169616699 0
          1.0447124242782593 -0.9085389375686646 0 0.990109384059906 -1.2444390058517456 0
          0.8692730665206909 -1.7062442302703857 0 0.7320199012756348 -2.689288854598999 0
          0.7320283055305481 -2.6891980171203613 0 0 0 0
          0 0 0 0 0 0
          0 0 0 0 0 0
          0 0 0 0 0 0
          0 0 0 0 0 0
          0 0 0 0 0 0
          0 0 0 0 0 0
          0 0 0 0 0 0
          0 0 0 0 0 0
          0 0 0 0 0 0
          0 0 0 0 0 0
          0 0 0 0 0 0
          0 0 0 0 0 0
          0 0 0 0 0 0
          0 0 0 0 0 0
          0 0 0 0 0 0
          0 0 0 0 0 0
          0 0 0 0 0 0
          -0.030192973092198372 0.00019233509374316782 0 -0.036762770265340805 0.00020823620434384793 0
          -0.050318196415901184 -0.00041539239464327693 0 -0.07098066061735153 -0.002072244184091687 0
          -0.09930046647787094 -0.006362611427903175 0 -0.13476625084877014 -0.016911042854189873 0
          -0.17373870313167572 -0.0294630229473114 0 -0.21493257582187653 -0.039486076682806015 0
          -0.25963452458381653 -0.04486466199159622 0 -0.309150755405426 -0.04770775884389877 0
          -0.36268699169158936 -0.04591308534145355 0 -0.41924911737442017 -0.03517761081457138 0
          -0.4795273542404175 -0.01877685822546482 0 -0.5339484810829163 0.008757155388593674 0
          -0.5864804983139038 0.06404677778482437 0 -0.6142289042472839 0.14270393550395966 0
          -0.6174566149711609 0.23961162567138672 0 -0.5930182933807373 0.35088205337524414 0
          -0.5221893191337585 0.46655189990997314 0 -0.37215179204940796 0.591042697429657 0
          -0.07869300246238708 0.715926468372345 0 0.25246763229370117 0.7080056667327881 0
          0.571921169757843 0.611565887928009 0 0.7630670666694641 0.6437410712242126 0
          0.8776576519012451 0.611318051815033 0 0.9779995679855347 0.4240891635417938 0
          1.0882631540298462 0.04633226990699768 0 1.197613000869751 -0.38170960545539856 0
          1.282929539680481 -0.754530131816864 0 1.3047314882278442 -1.0215163230895996 0
          1.2541042566299438 -1.2457547187805176 0 1.1324414014816284 -1.5177913904190063 0
          0.9669864177703857 -1.9395217895507812 0 0.7957306504249573 -2.851684331893921 0
          0.7957338690757751 -2.8515918254852295 0 0 0 0
          0 0 0 0 0 0
          0 0 0 0 0 0
          0 0 0 0 0 0
          0 0 0 0 0 0
          0 0 0 0 0 0
          0 0 0 0 0 0
          0 0 0 0 0 0
          0 0 0 0 0 0
          0 0 0 0 0 0
          0 0 0 0 0 0
          0 0 0 0 0 0
          0 0 0 0 0 0
          0 0 0 0 0 0
          0 0 0 0 0 0
          0 0 0 0 0 0
          0 0 0 0 0 0
          0 0 0 0 0 0
          -0.025763163343071938 -0.0030228944960981607 0 -0.0316661112010479 -0.006923213135451078 0
          -0.043078310787677765 -0.011855323798954487 0 -0.060844164341688156 -0.01906062290072441 0
          -0.08467896282672882 -0.029239937663078308 0 -0.11456289142370224 -0.0432891920208931 0
          -0.14969633519649506 -0.06002264469861984 0 -0.1898491382598877 -0.07757715880870819 0
          -0.23545688390731812 -0.09479872137308121 0 -0.2872641384601593 -0.11089196056127548 0
          -0.3450264036655426 -0.12380816042423248 0 -0.40865281224250793 -0.1318780779838562 0
          -0.4767792224884033 -0.134627103805542 0 -0.545002818107605 -0.12809400260448456 0
          -0.6058828234672546 -0.11670119315385818 0 -0.6537549495697021 -0.09259077161550522 0
          -0.6865500211715698 -0.04828961193561554 0 -0.6824296116828918 0.011930710636079311 0
          -0.6123490333557129 0.08448643982410431 0 -0.4401300251483917 0.17877623438835144 0
          -0.11983980983495712 0.2419443428516388 0 0.5160400867462158 -0.4353443384170532 0
          0.7756513953208923 -0.44946545362472534 0 0.9924971461296082 -0.44292065501213074 0
          1.161761999130249 -0.5359233021736145 0 1.3118797540664673 -0.7033757567405701 0
          1.4364923238754272 -0.8910893797874451 0 1.5186799764633179 -1.0474598407745361 0
          1.542178988456726 -1.1743159294128418 0 1.4944971799850464 -1.3111131191253662 0
          1.3801617622375488 -1.5031784772872925 0 1.2178984880447388 -1.7681680917739868 0
          1.0306272506713867 -2.1508491039276123 0 0.8306704163551331 -2.994951009750366 0
          0.830672025680542 -2.994856357574463 0 0 0 0
          0 0 0 0 0 0
          0 0 0 0 0 0
          0 0 0 0 0 0
          0 0 0 0 0 0
          0 0 0 0 0 0
          0 0 0 0 0 0
          0 0 0 0 0 0
          0 0 0 0 0 0
          0 0 0 0 0 0
          0 0 0 0 0 0
          0 0 0 0 0 0
          0 0 0 0 0 0
          0 0 0 0 0 0
          0 0 0 0 0 0
          0 0 0 0 0 0
          0 0 0 0 0 0
          0 0 0 0 0 0
          -0.018165472894906998 -0.005559889599680901 0 -0.02218383178114891 -0.011487174779176712 0
          -0.031418606638908386 -0.019953975453972816 0 -0.04475525766611099 -0.03075706958770752 0
          -0.06331295520067215 -0.04541945457458496 0 -0.08690168708562851 -0.06426218152046204 0
          -0.11588622629642487 -0.08730228245258331 0 -0.1507173478603363 -0.11399178951978683 0
          -0.1916535645723343 -0.14407718181610107 0 -0.2398376613855362 -0.17687000334262848 0
          -0.2954868674278259 -0.21083015203475952 0 -0.3589537739753723 -0.24477732181549072 0
          -0.4289907217025757 -0.27733704447746277 0 -0.5019603371620178 -0.3066371977329254 0
          -0.5718603134155273 -0.3298781216144562 0 -0.6314030885696411 -0.34585756063461304 0
          -0.6685792803764343 -0.35945504903793335 0 -0.6749439835548401 -0.36610883474349976 0
          -0.6332224607467651 -0.35209110379219055 0 -0.4886089563369751 -0.3091926574707031 0
          -0.17653873562812805 -0.35830703377723694 0 0.49471983313560486 -1.152923822402954 0
          0.9679897427558899 -1.3753529787063599 0 1.2435835599899292 -1.3028360605239868 0
          1.4377104043960571 -1.2772949934005737 0 1.5857282876968384 -1.2819033861160278 0
          1.6853132247924805 -1.3008753061294556 0 1.7266440391540527 -1.335737705230713 0
          1.699433445930481 -1.4078662395477295 0 1.6019513607025146 -1.5432989597320557 0
          1.4507147073745728 -1.7436552047729492 0 1.2707483768463135 -1.9960724115371704 0
          1.0742653608322144 -2.3378641605377197 0 0.842252254486084 -3.1240289211273193 0
          0.8422536849975586 -3.1239311695098877 0 1.292321331591729e-18 0 0
          1.3360681609403433e-38 0 0 0 0 0
          0 0 0 0 0 0
          0 0 0 0 0 0
          0 0 0 0 0 0
          0 0 0 0 0 0
          0 0 0 0 0 0
          0 0 0 0 0 0
          0 0 0 0 0 0
          0 0 0 0 0 0
          0 0 0 0 0 0
          0 0 0 0 0 0
          0 0 0 0 0 0
          0 0 0 0 0 0
          0 0 0 0 0 0
          0 0 0 0 0 0
          0 0 0 0 0 0
          0 0 0 0 0 0
          -0.009578278288245201 -0.0053206803277134895 0 -0.012929175049066544 -0.012759733013808727 0
          -0.018065107986330986 -0.021028868854045868 0 -0.027241256088018417 -0.033357203006744385 0
          -0.039329640567302704 -0.04948931559920311 0 -0.05538665130734444 -0.07087092101573944 0
          -0.07573764026165009 -0.09802037477493286 0 -0.10121855139732361 -0.13150985538959503 0
          -0.1322893500328064 -0.17194433510303497 0 -0.17006365954875946 -0.21939313411712646 0
          -0.21535897254943848 -0.2736310362815857 0 -0.2691952884197235 -0.33417829871177673 0
          -0.3311200737953186 -0.40001413226127625 0 -0.3982783257961273 -0.46963247656822205 0
          -0.4652146100997925 -0.541159451007843 0 -0.5244569778442383 -0.6128284335136414 0
          -0.5674782395362854 -0.6807689666748047 0 -0.5859016180038452 -0.7411215901374817 0
          -0.5630281567573547 -0.7883301973342896 0 -0.47373878955841064 -0.7985098958015442 0
          -0.30814042687416077 -0.8346397280693054 0 0.0019407161744311452 -1.392413854598999 0
          0.7950127720832825 -1.7427047491073608 0 1.2949306964874268 -1.6598174571990967 0
          1.5491729974746704 -1.5760316848754883 0 1.712275505065918 -1.5115102529525757 0
          1.8082003593444824 -1.4795809984207153 0 1.8341749906539917 -1.5007404088974 0
          1.7802155017852783 -1.592734932899475 0 1.6556140184402466 -1.7543270587921143 0
          1.4888845682144165 -1.959322452545166 0 1.3054563999176025 -2.190139055252075 0
          1.1049649715423584 -2.4865148067474365 0 0.9736239314079285 -2.8047263622283936 0
          5.435839778300533e-9 7.838734994436436e-9 0 8.464519562715584e-19 1.2359627247239239e-18 0
          9.546626047905681e-39 1.4947677343623646e-38 0 0 0 0
          0 0 0 0 0 0
          0 0 0 0 0 0
          0 0 0 0 0 0
          0 0 0 0 0 0
          0 0 0 0 0 0
          0 0 0 0 0 0
          0 0 0 0 0 0
          0 0 0 0 0 0
          0 0 0 0 0 0
          0 0 0 0 0 0
          0 0 0 0 0 0
          0 0 0 0 0 0
          0 0 0 0 0 0
          0 0 0 0 0 0
          0 0 0 0 0 0
          0 0 0 0 0 0
          -0.004188598599284887 -0.004485566169023514 0 -0.0049439105205237865 -0.008499925024807453 0
          -0.008389291353523731 -0.01629510521888733 0 -0.012329189106822014 -0.025869468227028847 0
          -0.018577346578240395 -0.04015789180994034 0 -0.026675527915358543 -0.05952990800142288 0
          -0.037349577993154526 -0.08546660095453262 0 -0.051175788044929504 -0.11921024322509766 0
          -0.06901552528142929 -0.16215898096561432 0 -0.09104982018470764 -0.21572372317314148 0
          -0.11857222765684128 -0.2810492217540741 0 -0.15294863283634186 -0.35924026370048523 0
          -0.19495080411434174 -0.4505707323551178 0 -0.24371305108070374 -0.5540475249290466 0
          -0.29613828659057617 -0.6671259999275208 0 -0.3470650017261505 -0.7857129573822021 0
          -0.38849112391471863 -0.9053704738616943 0 -0.4086073935031891 -1.0238839387893677 0
          -0.3956441283226013 -1.135569453239441 0 -0.34533995389938354 -1.2208914756774902 0
          -0.26864704489707947 -1.2481513023376465 0 -0.19896350800991058 -1.3262463808059692 0
          -0.1436377763748169 -1.7457306385040283 0 0.23264972865581512 -1.7948106527328491 0
          0.9147787690162659 -1.6854970455169678 0 1.5223482847213745 -1.5889238119125366 0
          1.7611943483352661 -1.54863703250885 0 1.858654499053955 -1.598702073097229 0
          1.8084067106246948 -1.7362920045852661 0 1.6762630939483643 -1.925859808921814 0
          1.5085957050323486 -2.127528429031372 0 1.326313853263855 -2.3351998329162598 0
          1.1200826168060303 -2.5930659770965576 0 1.1200690269470215 -2.5927436351776123 0
          1.983809427003968e-19 5.593360663895422e-19 0 2.6831152150889786e-39 8.830208004124226e-39 0
          0 0 0 0 0 0
          0 0 0 0 0 0
          0 0 0 0 0 0
          0 0 0 0 0 0
          0 0 0 0 0 0
          0 0 0 0 0 0
          0 0 0 0 0 0
          0 0 0 0 0 0
          0 0 0 0 0 0
          0 0 0 0 0 0
          0 0 0 0 0 0
          0 0 0 0 0 0
          0 0 0 0 0 0
          0 0 0 0 0 0
          0 0 0 0 0 0
          0 0 0 0 0 0
          0 0 0 0 0 0
          -0.001211247406899929 -0.0014372511068359017 0 -0.001981144305318594 -0.004910422023385763 0
          -0.0022720310371369123 -0.008086045272648335 0 -0.0036916271783411503 -0.014583637937903404 0
          -0.005194365978240967 -0.023530328646302223 0 -0.007405420765280724 -0.03668875992298126 0
          -0.01029811892658472 -0.05500838905572891 0 -0.014171541668474674 -0.08002275228500366 0
          -0.0193698201328516 -0.11354964971542358 0 -0.026037760078907013 -0.15758003294467926 0
          -0.0346040353178978 -0.21448083221912384 0 -0.04572580009698868 -0.2867712378501892 0
          -0.060529544949531555 -0.37708035111427307 0 -0.0795736089348793 -0.48698753118515015 0
          -0.10313819348812103 -0.615995466709137 0 -0.13105110824108124 -0.7602478265762329 0
          -0.1605369746685028 -0.9123983383178711 0 -0.18029554188251495 -1.0647963285446167 0
          -0.17828001081943512 -1.2098541259765625 0 -0.15585042536258698 -1.3362518548965454 0
          -0.12033778429031372 -1.4351720809936523 0 -0.08139537274837494 -1.5137264728546143 0
          -0.036782506853342056 -1.584558129310608 0 0.04825799539685249 -1.5453060865402222 0
          0.04456349462270737 -1.5680238008499146 0 0.06748127192258835 -1.5434834957122803 0
          0.24306689202785492 -1.516711711883545 0 0.9497082829475403 -1.6220029592514038 0
          1.6132495403289795 -1.8015655279159546 0 1.6561589241027832 -2.014549732208252 0
          1.5063339471817017 -2.2090539932250977 0 1.32565176486969 -2.3925552368164062 0
          1.113006353378296 -2.6202609539031982 0 1.1129961013793945 -2.6200850009918213 0
          1.4039048794684612e-40 1.0870334616260833e-39 0 0 0 0
          0 0 0 0 0 0
          0.00000999983512883773 0 0 4.129951136633281e-8 0 0
          3.1030006466367026e-16 0 0 2.4158488065031025e-32 0 0
          0 0 0 0 0 0
          0 0 0 0 0 0
          0 0 0 0 0 0
          0 0 0 0 0 0
          0 0 0 0 0 0
          0 0 0 0 0 0
          0 0 0 0 0 0
          0 0 0 0 0 0
          0 0 0 0 0 0
          0 0 0 0 0 0
          0 0 0 0 0 0
          0 0 0 0 0 0
          0 0 0 0 0 0
          0 0 0 0 0 0
          0 -0.0012111027026548982 0 0 -0.002128927269950509 0
          0 -0.0042436858639121056 0 0 -0.00666495505720377 0
          0 -0.010419630445539951 0 0 -0.015573643147945404 0
          0 -0.022719252854585648 0 0 -0.03248336538672447 0
          0 -0.045760586857795715 0 0 -0.0634821355342865 0
          0 -0.08702445030212402 0 0 -0.11824838072061539 0
          0 -0.15939544141292572 0 0 -0.21318180859088898 0
          0 -0.282525897026062 0 0 -0.37032172083854675 0
          0 -0.47763800621032715 0 0 -0.5981892347335815 0
          0 -0.7173921465873718 0 0 -0.821581244468689 0
          0 -0.9020107984542847 0 0 -0.9564387202262878 0
          0 -0.9810262322425842 0 0 -0.9489100575447083 0
          0 -0.9187712669372559 0 0 -0.8798273801803589 0
          0 -0.7795168161392212 0 0 -0.9849112033843994 0
          0 -1.747244119644165 0 0 -2.1244685649871826 0
          0 -2.2448668479919434 0 0 -2.35117244720459 0
          0 -2.483585834503174 0 0 -2.483457088470459 0
          0 0 0 0 0 0
          0 0 0 0 0.00016683184367138892 0
          0 0.26216888427734375 0 0 7.552964120804972e-7 0
          0 6.157843976211091e-15 0 0 5.446521889365517e-31 0
          0 0 0 0 0 0
          0 0 0 0 0 0
          0 0 0 0 0 0
          0 0 0 0 0 0
          0 0 0 0 0 0
          0 0 0 0 0 0
          0 0 0 0 0 0
          0 0 0 0 0 0
          0 0 0 0 0 0
          0 0 0 0 0 0
          0 0 0 0 0 0
          0 0 0 0 0 0
          0 0 0 0 0 0
          0 0 0 0 0 0
          <InformationKey name="L2_NORM_RANGE" location="vtkDataArray" length="2">
            <Value index="0">
              0
            </Value>
            <Value index="1">
              3.8721592007
            </Value>
          </InformationKey>
        </DataArray>
        <DataArray type="Float32" Name="Gas_temperature" format="ascii" RangeMin="1070.399658203125" RangeMax="1093.7391357421875">
          1073.1500244140625 1073.150634765625 1073.158203125 1073.236328125 1090.876220703125 1074.55517578125
          1071.970703125 1071.3375244140625 1070.9278564453125 1070.399658203125 1072.4735107421875 1072.8651123046875
          1072.9818115234375 1073.036865234375 1073.078369140625 1073.1185302734375 1073.160888671875 1073.204833984375
          1073.2449951171875 1073.278076171875 1073.3028564453125 1073.3192138671875 1073.3280029296875 1073.330322265625
          1073.3267822265625 1073.3170166015625 1073.2996826171875 1073.2744140625 1073.242919921875 1073.2095947265625
          1073.18896484375 1073.1959228515625 1073.15283203125 1073.1163330078125 1073.132568359375 1073.1419677734375
          1073.1424560546875 1073.1424560546875 1073.142578125 1073.142578125 1073.142578125 1073.142578125
          1073.142578125 1073.142578125 1073.142578125 1073.142578125 1073.142578125 1073.142578125
          1073.142578125 1073.142578125 1073.142578125 1073.142578125 1073.142578125 1073.142578125
          1073.142578125 1073.142578125 1073.142578125 1073.142578125 1073.1427001953125 1073.1427001953125
          1073.1427001953125 1073.1427001953125 1073.1427001953125 1073.1427001953125 1073.142822265625 1073.142822265625
          1073.142822265625 1073.142822265625 1073.142822265625 1073.142822265625 1073.1500244140625 1073.150146484375
          1073.1533203125 1073.197509765625 1092.5888671875 1074.4227294921875 1074.0860595703125 1074.2896728515625
          1075.0345458984375 1074.4434814453125 1073.85009765625 1073.5755615234375 1073.435791015625 1073.3533935546875
          1073.3023681640625 1073.2694091796875 1073.2476806640625 1073.23388671875 1073.2264404296875 1073.2249755859375
          1073.2265625 1073.23095703125 1073.23779296875 1073.245849609375 1073.2530517578125 1073.2567138671875
          1073.2542724609375 1073.2445068359375 1073.2293701171875 1073.2200927734375 1073.210693359375 1073.1785888671875
          1073.1431884765625 1073.1151123046875 1073.12646484375 1073.1397705078125 1073.138427734375 1073.13623046875
          1073.1339111328125 1073.1318359375 1073.1300048828125 1073.1285400390625 1073.1273193359375 1073.1263427734375
          1073.1256103515625 1073.1251220703125 1073.124755859375 1073.12451171875 1073.1243896484375 1073.1243896484375
          1073.12451171875 1073.12451171875 1073.1246337890625 1073.124755859375 1073.124755859375 1073.1248779296875
          1073.1248779296875 1073.125 1073.125 1073.1251220703125 1073.125244140625 1073.125244140625
          1073.1253662109375 1073.1253662109375 1073.12548828125 1073.12548828125 1073.1256103515625 1073.1256103515625
          1073.1256103515625 1073.1256103515625 1073.1500244140625 1073.1502685546875 1073.1546630859375 1073.18896484375
          1073.3414306640625 1073.6949462890625 1074.0269775390625 1074.3187255859375 1078.655029296875 1075.597412109375
          1075.3675537109375 1073.3046875 1073.173828125 1073.1480712890625 1073.14208984375 1073.1422119140625
          1073.144287109375 1073.1468505859375 1073.14990234375 1073.1551513671875 1073.166748046875 1073.18212890625
          1073.19873046875 1073.2152099609375 1073.22998046875 1073.240234375 1073.243408203125 1073.2412109375
          1073.2364501953125 1073.2216796875 1073.19384765625 1073.1629638671875 1073.1385498046875 1073.1142578125
          1073.1204833984375 1073.136962890625 1073.137451171875 1073.13427734375 1073.130859375 1073.1273193359375
          1073.1236572265625 1073.1202392578125 1073.1170654296875 1073.1142578125 1073.1123046875 1073.110595703125
          1073.1092529296875 1073.1082763671875 1073.1075439453125 1073.107177734375 1073.106689453125 1073.1060791015625
          1073.1053466796875 1073.1046142578125 1073.10400390625 1073.103271484375 1073.1026611328125 1073.10205078125
          1073.1014404296875 1073.1009521484375 1073.1005859375 1073.1002197265625 1073.0999755859375 1073.099853515625
          1073.0997314453125 1073.0997314453125 1073.099609375 1073.099609375 1073.099609375 1073.0997314453125
          1073.1500244140625 1073.1512451171875 1073.16357421875 1073.234130859375 1073.4476318359375 1073.8013916015625
          1074.15283203125 1074.4710693359375 1074.7801513671875 1082.6851806640625 1081.765625 1073.2879638671875
          1073.1220703125 1073.125 1073.133056640625 1073.139892578125 1073.1448974609375 1073.14794921875
          1073.1494140625 1073.1522216796875 1073.1651611328125 1073.1842041015625 1073.201416015625 1073.2213134765625
          1073.23681640625 1073.2457275390625 1073.248046875 1073.241943359375 1073.2274169921875 1073.205078125
          1073.17919921875 1073.156005859375 1073.1361083984375 1073.1136474609375 1073.1160888671875 1073.1317138671875
          1073.135986328125 1073.134765625 1073.1318359375 1073.12841796875 1073.124755859375 1073.1214599609375
          1073.11865234375 1073.1168212890625 1073.1160888671875 1073.116455078125 1073.1171875 1073.1177978515625
          1073.1190185546875 1073.119873046875 1073.1201171875 1073.1201171875 1073.1199951171875 1073.11962890625
          1073.1192626953125 1073.1187744140625 1073.1180419921875 1073.116943359375 1073.1156005859375 1073.1136474609375
          1073.1112060546875 1073.1082763671875 1073.104736328125 1073.1007080078125 1073.09619140625 1073.091552734375
          1073.0870361328125 1073.0830078125 1073.0799560546875 1073.0782470703125 1073.150146484375 1073.1539306640625
          1073.1844482421875 1073.3109130859375 1073.5931396484375 1073.957275390625 1074.2957763671875 1074.5828857421875
          1082.8909912109375 1093.1033935546875 1073.6478271484375 1073.121337890625 1073.121826171875 1073.1326904296875
          1073.14208984375 1073.1492919921875 1073.154052734375 1073.1563720703125 1073.15625 1073.1558837890625
          1073.168212890625 1073.201171875 1073.2257080078125 1073.2388916015625 1073.2459716796875 1073.2464599609375
          1073.2403564453125 1073.2279052734375 1073.210693359375 1073.191162109375 1073.1712646484375 1073.1527099609375
          1073.134765625 1073.1131591796875 1073.1126708984375 1073.12548828125 1073.1324462890625 1073.134033203125
          1073.1329345703125 1073.130859375 1073.12841796875 1073.1260986328125 1073.124267578125 1073.1231689453125
          1073.1226806640625 1073.1226806640625 1073.1231689453125 1073.123779296875 1073.1243896484375 1073.124755859375
          1073.1251220703125 1073.125244140625 1073.1253662109375 1073.12548828125 1073.125732421875 1073.1260986328125
          1073.1263427734375 1073.1265869140625 1073.126708984375 1073.1265869140625 1073.12646484375 1073.1259765625
          1073.1253662109375 1073.12451171875 1073.1234130859375 1073.1219482421875 1073.1201171875 1073.11767578125
          1073.1148681640625 1073.111328125 1073.1505126953125 1073.158447265625 1073.2081298828125 1073.369873046875
          1073.6715087890625 1074.0279541015625 1074.3560791015625 1076.4075927734375 1084.1796875 1087.31640625
          1073.34130859375 1073.122314453125 1073.1285400390625 1073.1397705078125 1073.1492919921875 1073.15625
          1073.1605224609375 1073.1624755859375 1073.1634521484375 1073.1661376953125 1073.17724609375 1073.207763671875
          1073.23095703125 1073.2373046875 1073.2379150390625 1073.2337646484375 1073.22509765625 1073.212890625
          1073.1983642578125 1073.182861328125 1073.1671142578125 1073.151123046875 1073.134033203125 1073.112548828125
          1073.109619140625 1073.118896484375 1073.126953125 1073.130615234375 1073.1318359375 1073.1317138671875
          1073.130859375 1073.1297607421875 1073.12890625 1073.1282958984375 1073.1279296875 1073.1278076171875
          1073.1279296875 1073.1282958984375 1073.128662109375 1073.129150390625 1073.1295166015625 1073.1298828125
          1073.130126953125 1073.13037109375 1073.1304931640625 1073.1304931640625 1073.1304931640625 1073.1304931640625
          1073.13037109375 1073.1302490234375 1073.130126953125 1073.1298828125 1073.129638671875 1073.12939453125
          1073.129150390625 1073.1290283203125 1073.1287841796875 1073.1285400390625 1073.128173828125 1073.1278076171875
          1073.150634765625 1073.1590576171875 1073.208740234375 1073.3646240234375 1073.65478515625 1074.0113525390625
          1074.3543701171875 1077.2947998046875 1088.806884765625 1081.3575439453125 1073.2672119140625 1073.12646484375
          1073.131103515625 1073.1431884765625 1073.1531982421875 1073.16015625 1073.1644287109375 1073.1671142578125
          1073.169921875 1073.1749267578125 1073.184814453125 1073.2020263671875 1073.220947265625 1073.2257080078125
          1073.2249755859375 1073.2203369140625 1073.212646484375 1073.2025146484375 1073.1907958984375 1073.17822265625
          1073.164794921875 1073.150390625 1073.13427734375 1073.11474609375 1073.10791015625 1073.1126708984375
          1073.118896484375 1073.123291015625 1073.1263427734375 1073.128173828125 1073.1290283203125 1073.1292724609375
          1073.12939453125 1073.1292724609375 1073.1292724609375 1073.1292724609375 1073.1292724609375 1073.1292724609375
          1073.12939453125 1073.12939453125 1073.1295166015625 1073.129638671875 1073.1297607421875 1073.1300048828125
          1073.1302490234375 1073.1304931640625 1073.1307373046875 1073.1309814453125 1073.1312255859375 1073.1314697265625
          1073.1317138671875 1073.1318359375 1073.1318359375 1073.1318359375 1073.131591796875 1073.13134765625
          1073.131103515625 1073.130859375 1073.1304931640625 1073.1302490234375 1073.1502685546875 1073.1546630859375
          1073.1839599609375 1073.2916259765625 1073.531005859375 1073.8797607421875 1074.258056640625 1074.5826416015625
          1093.7391357421875 1082.880126953125 1073.3997802734375 1073.1363525390625 1073.1280517578125 1073.1409912109375
          1073.15234375 1073.1602783203125 1073.1654052734375 1073.1693115234375 1073.1734619140625 1073.17919921875
          1073.186767578125 1073.1959228515625 1073.2066650390625 1073.2135009765625 1073.2138671875 1073.2103271484375
          1073.2041015625 1073.1959228515625 1073.186279296875 1073.1754150390625 1073.16357421875 1073.1507568359375
          1073.1375732421875 1073.124267578125 1073.1138916015625 1073.1107177734375 1073.1121826171875 1073.1146240234375
          1073.1170654296875 1073.118896484375 1073.1201171875 1073.1207275390625 1073.1209716796875 1073.1209716796875
          1073.12060546875 1073.1201171875 1073.1195068359375 1073.119384765625 1073.119140625 1073.117919921875
          1073.11669921875 1073.1162109375 1073.1158447265625 1073.1153564453125 1073.1148681640625 1073.1148681640625
          1073.1151123046875 1073.1148681640625 1073.11474609375 1073.1151123046875 1073.11572265625 1073.1160888671875
          1073.1156005859375 1073.1151123046875 1073.114501953125 1073.1138916015625 1073.11328125 1073.11279296875
          1073.112548828125 1073.1124267578125 1073.1500244140625 1073.15087890625 1073.158203125 1073.195068359375
          1073.3150634765625 1073.5748291015625 1073.9581298828125 1074.3687744140625 1077.36083984375 1086.5799560546875
          1085.612548828125 1073.4676513671875 1073.12158203125 1073.1287841796875 1073.14404296875 1073.1552734375
          1073.16259765625 1073.1678466796875 1073.1728515625 1073.178466796875 1073.184814453125 1073.1910400390625
          1073.196533203125 1073.20068359375 1073.2025146484375 1073.20166015625 1073.1982421875 1073.1920166015625
          1073.1834716796875 1073.1739501953125 1073.16357421875 1073.15380859375 1073.1463623046875 1073.1397705078125
          1073.1334228515625 1073.127685546875 1073.1231689453125 1073.1199951171875 1073.1180419921875 1073.1168212890625
          1073.115966796875 1073.1153564453125 1073.1146240234375 1073.114013671875 1073.11328125 1073.112548828125
          1073.11181640625 1073.1109619140625 1073.110107421875 1073.109130859375 1073.1082763671875 1073.1072998046875
          1073.1063232421875 1073.10546875 1073.1046142578125 1073.103759765625 1073.1029052734375 1073.10205078125
          1073.10107421875 1073.1002197265625 1073.0992431640625 1073.0982666015625 1073.097412109375 1073.0965576171875
          1073.0958251953125 1073.0953369140625 1073.0947265625 1073.0943603515625 1073.0938720703125 1073.093505859375
          1073.1500244140625 1073.1500244140625 1073.1502685546875 1073.1519775390625 1073.1605224609375 1073.2008056640625
          1073.3660888671875 1073.85107421875 1074.78955078125 1091.7916259765625 1076.98095703125 1082.3785400390625
          1075.7744140625 1073.1177978515625 1073.110595703125 1073.1346435546875 1073.1505126953125 1073.158935546875
          1073.163818359375 1073.16796875 1073.1724853515625 1073.17724609375 1073.1817626953125 1073.185546875
          1073.18798828125 1073.189208984375 1073.18896484375 1073.186767578125 1073.1806640625 1073.1717529296875
          1073.1624755859375 1073.1558837890625 1073.1524658203125 1073.14990234375 1073.1474609375 1073.1451416015625
          1073.142822265625 1073.1405029296875 1073.138427734375 1073.136474609375 1073.134765625 1073.13330078125
          1073.1319580078125 1073.1307373046875 1073.129638671875 1073.128662109375 1073.127685546875 1073.1268310546875
          1073.1260986328125 1073.1253662109375 1073.1246337890625 1073.1239013671875 1073.1231689453125 1073.1224365234375
          1073.12158203125 1073.1207275390625 1073.11962890625 1073.1182861328125 1073.1168212890625 1073.115234375
          1073.113525390625 1073.1116943359375 1073.1097412109375 1073.1077880859375 1073.1058349609375 1073.1038818359375
          1073.1019287109375 1073.10009765625 1073.098388671875 1073.0968017578125
        </DataArray>
        <DataArray type="Float32" Name="Solids_temperature_1" format="ascii" RangeMin="899.4497680664062" RangeMax="1075.0703125">
          1073.1500244140625 1073.1500244140625 1073.1500244140625 1073.23193359375 1073.802734375 905.2108764648438
          899.4497680664062 935.776611328125 947.7211303710938 951.330322265625 1044.777587890625 1065.9041748046875
          1071.09033203125 1072.4805908203125 1072.9002685546875 1073.0557861328125 1073.1357421875 1073.1922607421875
          1073.237060546875 1073.2724609375 1073.298828125 1073.3165283203125 1073.3265380859375 1073.3297119140625
          1073.326904296875 1073.317626953125 1073.300537109375 1073.27490234375 1073.2427978515625 1073.208984375
          1073.1885986328125 1073.196044921875 1073.156005859375 1073.116455078125 1073.116455078125 1073.1417236328125
          1073.14208984375 1073.14208984375 1073.142333984375 1073.1419677734375 1073.1427001953125 1073.1424560546875
          1073.098876953125 1073.1182861328125 1073.12890625 1073.144287109375 1073.1500244140625 1073.1500244140625
          1073.1500244140625 1073.1500244140625 1073.1500244140625 1073.1500244140625 1073.1500244140625 1073.1500244140625
          1073.1500244140625 1073.1500244140625 1073.1500244140625 1073.1500244140625 1073.1500244140625 1073.1500244140625
          1073.1500244140625 1073.1500244140625 1073.1500244140625 1073.1500244140625 1073.1500244140625 1073.1500244140625
          1073.1500244140625 1073.1500244140625 1073.1500244140625 1073.1500244140625 1073.1500244140625 1073.1500244140625
          1073.1500244140625 1073.1500244140625 1073.254150390625 1074.16943359375 899.8916625976562 939.910400390625
          1012.8137817382812 1074.25 1073.8236083984375 1073.5694580078125 1073.4320068359375 1073.3509521484375
          1073.30078125 1073.2684326171875 1073.2471923828125 1073.2335205078125 1073.2265625 1073.2255859375
          1073.2274169921875 1073.232177734375 1073.2391357421875 1073.2470703125 1073.2540283203125 1073.2574462890625
          1073.254638671875 1073.2445068359375 1073.229248046875 1073.219970703125 1073.211181640625 1073.1802978515625
          1073.1427001953125 1073.115234375 1073.115234375 1073.1397705078125 1073.138427734375 1073.1380615234375
          1073.138671875 1073.1395263671875 1073.1392822265625 1072.95361328125 1073.0361328125 1073.046630859375
          1073.0594482421875 1073.1494140625 1073.1500244140625 1073.1500244140625 1073.1500244140625 1073.1500244140625
          1073.1500244140625 1073.1500244140625 1073.1500244140625 1073.1500244140625 1073.1500244140625 1073.1500244140625
          1073.1500244140625 1073.1500244140625 1073.1500244140625 1073.1500244140625 1073.1500244140625 1073.1500244140625
          1073.1500244140625 1073.1500244140625 1073.1500244140625 1073.1500244140625 1073.1500244140625 1073.1500244140625
          1073.1500244140625 1073.1500244140625 1073.1500244140625 1073.1500244140625 1073.1500244140625 1073.1500244140625
          1073.172607421875 1073.693115234375 1074.024169921875 1074.3153076171875 1074.3831787109375 1074.3831787109375
          1073.6217041015625 1073.2650146484375 1073.1737060546875 1073.1483154296875 1073.1422119140625 1073.142333984375
          1073.1444091796875 1073.14697265625 1073.1500244140625 1073.1552734375 1073.1668701171875 1073.18212890625
          1073.19873046875 1073.21533203125 1073.2301025390625 1073.240234375 1073.243408203125 1073.2413330078125
          1073.2364501953125 1073.2232666015625 1073.1954345703125 1073.1630859375 1073.1383056640625 1073.1143798828125
          1073.1143798828125 1073.13720703125 1073.137451171875 1073.1368408203125 1073.1373291015625 1073.13818359375
          1073.139404296875 1072.9111328125 1072.997802734375 1073.009521484375 1073.146728515625 1073.1500244140625
          1073.1500244140625 1073.1500244140625 1073.1500244140625 1073.1500244140625 1073.1500244140625 1073.1500244140625
          1073.1500244140625 1073.1500244140625 1073.1500244140625 1073.1500244140625 1073.1500244140625 1073.1500244140625
          1073.1500244140625 1073.1500244140625 1073.1500244140625 1073.1500244140625 1073.1500244140625 1073.1500244140625
          1073.1500244140625 1073.1500244140625 1073.1500244140625 1073.1500244140625 1073.1500244140625 1073.1500244140625
          1073.1500244140625 1073.1500244140625 1073.1500244140625 1073.1500244140625 1073.230224609375 1073.8006591796875
          1074.1514892578125 1074.46923828125 1074.636474609375 1074.63623046875 1073.672607421875 1073.143798828125
          1073.1197509765625 1073.1251220703125 1073.133056640625 1073.139892578125 1073.1448974609375 1073.1480712890625
          1073.1495361328125 1073.1522216796875 1073.1650390625 1073.1842041015625 1073.2015380859375 1073.22119140625
          1073.236572265625 1073.24560546875 1073.248046875 1073.242919921875 1073.2291259765625 1073.206787109375
          1073.179443359375 1073.15576171875 1073.135986328125 1073.11376953125 1073.11376953125 1073.13330078125
          1073.1370849609375 1073.1365966796875 1073.135498046875 1073.136962890625 1073.138427734375 1073.13671875
          1073.0118408203125 1073.045654296875 1073.1475830078125 1073.1500244140625 1073.1500244140625 1073.1500244140625
          1073.1500244140625 1073.1500244140625 1073.1500244140625 1073.1500244140625 1073.1500244140625 1073.1500244140625
          1073.1500244140625 1073.1500244140625 1073.1500244140625 1073.1500244140625 1073.1500244140625 1073.1500244140625
          1073.1500244140625 1073.1500244140625 1073.1500244140625 1073.1500244140625 1073.1500244140625 1073.1500244140625
          1073.1500244140625 1073.1500244140625 1073.1500244140625 1073.1500244140625 1073.1500244140625 1073.1500244140625
          1073.1500244140625 1073.1561279296875 1073.5928955078125 1073.95703125 1074.2955322265625 1074.5823974609375
          1074.7950439453125 1074.7427978515625 1073.1751708984375 1073.114501953125 1073.1219482421875 1073.1328125
          1073.14208984375 1073.1494140625 1073.154296875 1073.156494140625 1073.1563720703125 1073.1561279296875
          1073.168212890625 1073.2010498046875 1073.224609375 1073.2381591796875 1073.2457275390625 1073.2470703125
          1073.2418212890625 1073.2298583984375 1073.212158203125 1073.191650390625 1073.1712646484375 1073.152587890625
          1073.1346435546875 1073.12060546875 1073.11279296875 1073.1282958984375 1073.135498046875 1073.135498046875
          1073.131591796875 1073.134521484375 1073.1365966796875 1073.1343994140625 1073.01953125 1073.1317138671875
          1073.1500244140625 1073.1500244140625 1073.1500244140625 1073.1500244140625 1073.1500244140625 1073.1500244140625
          1073.1500244140625 1073.1500244140625 1073.1500244140625 1073.1500244140625 1073.1500244140625 1073.14990234375
          1073.14990234375 1073.1500244140625 1073.1500244140625 1073.1500244140625 1073.1500244140625 1073.1500244140625
          1073.1500244140625 1073.1500244140625 1073.1500244140625 1073.1500244140625 1073.1500244140625 1073.1500244140625
          1073.1500244140625 1073.1500244140625 1073.1500244140625 1073.1500244140625 1073.1500244140625 1073.19287109375
          1073.67138671875 1074.02783203125 1074.3560791015625 1074.7890625 1074.83154296875 1074.171630859375
          1073.15869140625 1073.120361328125 1073.1285400390625 1073.1397705078125 1073.1492919921875 1073.1563720703125
          1073.16064453125 1073.1627197265625 1073.16357421875 1073.1661376953125 1073.1771240234375 1073.2076416015625
          1073.2305908203125 1073.2374267578125 1073.23876953125 1073.2352294921875 1073.2265625 1073.2139892578125
          1073.1988525390625 1073.1829833984375 1073.1669921875 1073.1510009765625 1073.134033203125 1073.1265869140625
          1073.10986328125 1073.121826171875 1073.1312255859375 1073.1329345703125 1073.132568359375 1073.1351318359375
          1073.1346435546875 1073.1339111328125 1073.133056640625 1073.130615234375 1073.12841796875 1073.1278076171875
          1073.1279296875 1073.1282958984375 1073.14990234375 1073.1500244140625 1073.1500244140625 1073.1500244140625
          1073.1500244140625 1073.14990234375 1073.14697265625 1073.1304931640625 1073.1304931640625 1073.1304931640625
          1073.13037109375 1073.13037109375 1073.1494140625 1073.1500244140625 1073.1500244140625 1073.1500244140625
          1073.1500244140625 1073.1500244140625 1073.1500244140625 1073.1500244140625 1073.1500244140625 1073.1500244140625
          1073.1500244140625 1073.1500244140625 1073.1500244140625 1073.1929931640625 1073.6546630859375 1074.0113525390625
          1074.3543701171875 1074.958984375 1075.017578125 1073.8465576171875 1073.178466796875 1073.1253662109375
          1073.131103515625 1073.1431884765625 1073.1531982421875 1073.1602783203125 1073.16455078125 1073.167236328125
          1073.1700439453125 1073.175048828125 1073.184814453125 1073.2017822265625 1073.220947265625 1073.2259521484375
          1073.2255859375 1073.22119140625 1073.21337890625 1073.202880859375 1073.1910400390625 1073.17822265625
          1073.164794921875 1073.1502685546875 1073.134033203125 1073.1290283203125 1073.1080322265625 1073.1156005859375
          1073.119873046875 1073.12353515625 1073.1275634765625 1073.118408203125 1073.1339111328125 1073.1334228515625
          1073.1326904296875 1073.131591796875 1073.130126953125 1073.1295166015625 1073.1295166015625 1073.1295166015625
          1073.1295166015625 1073.129638671875 1073.1297607421875 1073.1298828125 1073.1300048828125 1073.1302490234375
          1073.13037109375 1073.130615234375 1073.1307373046875 1073.1309814453125 1073.1312255859375 1073.1314697265625
          1073.1317138671875 1073.1318359375 1073.06982421875 1073.0286865234375 1073.0263671875 1073.046875
          1072.998779296875 1073.0135498046875 1073.0328369140625 1072.9970703125 1073.1500244140625 1073.1500244140625
          1073.1500244140625 1073.15869140625 1073.53076171875 1073.879638671875 1074.2579345703125 1074.5826416015625
          1074.6602783203125 1074.1488037109375 1073.270751953125 1073.1346435546875 1073.1280517578125 1073.1409912109375
          1073.1524658203125 1073.160400390625 1073.16552734375 1073.1693115234375 1073.173583984375 1073.17919921875
          1073.186767578125 1073.1959228515625 1073.20654296875 1073.213623046875 1073.214111328125 1073.210693359375
          1073.2044677734375 1073.1961669921875 1073.1864013671875 1073.175537109375 1073.16357421875 1073.150634765625
          1073.13671875 1073.1331787109375 1073.114013671875 1073.1112060546875 1073.11279296875 1073.1148681640625
          1073.1173095703125 1073.119140625 1073.1202392578125 1073.120849609375 1073.12109375 1073.1209716796875
          1073.1207275390625 1073.1202392578125 1073.1195068359375 1073.119384765625 1073.119140625 1073.117919921875
          1073.11669921875 1073.1162109375 1073.1158447265625 1073.1153564453125 1073.1148681640625 1073.1148681640625
          1073.1151123046875 1073.114990234375 1073.11474609375 1073.115234375 1073.11572265625 1073.1162109375
          1073.11572265625 1073.115234375 1073.1146240234375 1073.114013671875 1073.1134033203125 1073.1129150390625
          1073.1126708984375 1073.112548828125 1073.1500244140625 1073.1500244140625 1073.1500244140625 1073.1500244140625
          1073.169921875 1073.5745849609375 1073.9581298828125 1074.3687744140625 1074.9945068359375 1075.0703125
          1074.237060546875 1073.2066650390625 1073.1173095703125 1073.1287841796875 1073.14404296875 1073.1552734375
          1073.16259765625 1073.16796875 1073.1728515625 1073.178466796875 1073.1846923828125 1073.1910400390625
          1073.1966552734375 1073.20068359375 1073.2025146484375 1073.2017822265625 1073.1983642578125 1073.192138671875
          1073.1837158203125 1073.1741943359375 1073.1636962890625 1073.1531982421875 1073.1461181640625 1073.1458740234375
          1073.133544921875 1073.1278076171875 1073.123291015625 1073.1201171875 1073.1181640625 1073.116943359375
          1073.1160888671875 1073.115478515625 1073.11474609375 1073.1141357421875 1073.1134033203125 1073.1126708984375
          1073.1119384765625 1073.111083984375 1073.1102294921875 1073.109375 1073.1083984375 1073.107421875
          1073.1064453125 1073.1055908203125 1073.104736328125 1073.1038818359375 1073.10302734375 1073.1021728515625
          1073.101318359375 1073.100341796875 1073.099365234375 1073.098388671875 1073.0975341796875 1073.0966796875
          1073.0960693359375 1073.095458984375 1073.0948486328125 1073.094482421875 1073.0941162109375 1073.09375
          1073.1500244140625 1073.1500244140625 1073.1500244140625 1073.1500244140625 1073.1500244140625 1073.150146484375
          1073.1519775390625 1073.158447265625 1073.2236328125 1075.0703125 1074.288330078125 1074.3277587890625
          1073.2332763671875 1073.0858154296875 1073.1104736328125 1073.1346435546875 1073.150634765625 1073.1590576171875
          1073.163818359375 1073.1680908203125 1073.172607421875 1073.1773681640625 1073.181884765625 1073.1856689453125
          1073.1881103515625 1073.1893310546875 1073.1890869140625 1073.186767578125 1073.1806640625 1073.1719970703125
          1073.1629638671875 1073.1561279296875 1073.1522216796875 1073.150390625 1073.1490478515625 1073.145263671875
          1073.1429443359375 1073.140625 1073.1385498046875 1073.1365966796875 1073.1348876953125 1073.1334228515625
          1073.132080078125 1073.130859375 1073.1297607421875 1073.1287841796875 1073.1279296875 1073.1270751953125
          1073.126220703125 1073.12548828125 1073.124755859375 1073.1240234375 1073.123291015625 1073.12255859375
          1073.121826171875 1073.120849609375 1073.1197509765625 1073.118408203125 1073.1170654296875 1073.115478515625
          1073.1136474609375 1073.11181640625 1073.10986328125 1073.10791015625 1073.10595703125 1073.10400390625
          1073.10205078125 1073.1002197265625 1073.0986328125 1073.0970458984375
        </DataArray>
        <DataArray type="Float32" Name="Solids_temperature_2" format="ascii" RangeMin="1072.7144775390625" RangeMax="1076.279052734375">
          1073.1500244140625 1073.150634765625 1073.158203125 1073.236083984375 1074.54248046875 1074.2857666015625
          1073.5513916015625 1073.2293701171875 1073.0916748046875 1072.9105224609375 1072.939453125 1072.977294921875
          1073.0118408203125 1073.0458984375 1073.08154296875 1073.1199951171875 1073.1619873046875 1073.2056884765625
          1073.2457275390625 1073.2786865234375 1073.30322265625 1073.3193359375 1073.3280029296875 1073.3302001953125
          1073.32666015625 1073.3167724609375 1073.299560546875 1073.2742919921875 1073.2427978515625 1073.2095947265625
          1073.18896484375 1073.196044921875 1073.152587890625 1073.1156005859375 1073.1160888671875 1073.1300048828125
          1073.141845703125 1073.14208984375 1073.1427001953125 1073.1407470703125 1073.1290283203125 1073.1429443359375
          1073.1204833984375 1072.8233642578125 1072.7523193359375 1073.1500244140625 1073.1500244140625 1073.1500244140625
          1073.1500244140625 1073.1500244140625 1073.1500244140625 1073.1500244140625 1073.1500244140625 1073.1500244140625
          1073.1500244140625 1073.1500244140625 1073.1500244140625 1073.1500244140625 1073.1500244140625 1073.1500244140625
          1073.1500244140625 1073.1500244140625 1073.1500244140625 1073.1500244140625 1073.1500244140625 1073.1500244140625
          1073.1500244140625 1073.1500244140625 1073.1500244140625 1073.1500244140625 1073.1500244140625 1073.150146484375
          1073.1533203125 1073.1973876953125 1074.6080322265625 1074.0294189453125 1074.061767578125 1074.2138671875
          1074.5164794921875 1074.2535400390625 1073.8272705078125 1073.5743408203125 1073.4356689453125 1073.353515625
          1073.3023681640625 1073.2694091796875 1073.247802734375 1073.23388671875 1073.2264404296875 1073.2249755859375
          1073.2264404296875 1073.2308349609375 1073.2376708984375 1073.2457275390625 1073.2529296875 1073.2567138671875
          1073.2542724609375 1073.2445068359375 1073.2294921875 1073.2200927734375 1073.2108154296875 1073.1783447265625
          1073.142822265625 1073.114501953125 1073.1146240234375 1073.134033203125 1073.1390380859375 1073.138427734375
          1073.1387939453125 1073.139892578125 1073.1295166015625 1072.953125 1073.0430908203125 1072.83740234375
          1072.7396240234375 1073.1500244140625 1073.1500244140625 1073.1500244140625 1073.1500244140625 1073.1500244140625
          1073.1500244140625 1073.1500244140625 1073.1500244140625 1073.1500244140625 1073.1500244140625 1073.1500244140625
          1073.1500244140625 1073.1500244140625 1073.1500244140625 1073.1500244140625 1073.1500244140625 1073.1500244140625
          1073.1500244140625 1073.1500244140625 1073.1500244140625 1073.1500244140625 1073.1500244140625 1073.1500244140625
          1073.1500244140625 1073.1500244140625 1073.1500244140625 1073.1502685546875 1073.1546630859375 1073.18896484375
          1073.3408203125 1073.6932373046875 1074.0242919921875 1074.3154296875 1074.87451171875 1074.3135986328125
          1073.5560302734375 1073.2623291015625 1073.1732177734375 1073.148193359375 1073.1422119140625 1073.142333984375
          1073.1444091796875 1073.14697265625 1073.150146484375 1073.1552734375 1073.1668701171875 1073.18212890625
          1073.19873046875 1073.2152099609375 1073.22998046875 1073.240234375 1073.243408203125 1073.2413330078125
          1073.236572265625 1073.2216796875 1073.193603515625 1073.1627197265625 1073.1383056640625 1073.1134033203125
          1073.113525390625 1073.13818359375 1073.13818359375 1073.1375732421875 1073.137451171875 1073.138916015625
          1073.1312255859375 1072.9202880859375 1072.9990234375 1072.83837890625 1073.1500244140625 1073.1500244140625
          1073.1500244140625 1073.1500244140625 1073.1500244140625 1073.1500244140625 1073.1500244140625 1073.1500244140625
          1073.1500244140625 1073.1500244140625 1073.1500244140625 1073.1500244140625 1073.1500244140625 1073.1500244140625
          1073.1500244140625 1073.1500244140625 1073.1500244140625 1073.1500244140625 1073.1500244140625 1073.1500244140625
          1073.1500244140625 1073.1500244140625 1073.1500244140625 1073.1500244140625 1073.1500244140625 1073.1500244140625
          1073.1500244140625 1073.1512451171875 1073.16357421875 1073.234130859375 1073.4476318359375 1073.8009033203125
          1074.1517333984375 1074.4693603515625 1074.639404296875 1074.2701416015625 1073.3533935546875 1073.135498046875
          1073.119384765625 1073.1251220703125 1073.1331787109375 1073.1400146484375 1073.14501953125 1073.1480712890625
          1073.1495361328125 1073.15234375 1073.165283203125 1073.184326171875 1073.2015380859375 1073.221435546875
          1073.2369384765625 1073.2459716796875 1073.248291015625 1073.241943359375 1073.227294921875 1073.204833984375
          1073.178955078125 1073.15576171875 1073.135986328125 1073.112548828125 1073.1126708984375 1073.1361083984375
          1073.137939453125 1073.13720703125 1073.1351318359375 1073.13720703125 1072.92529296875 1072.9205322265625
          1072.991943359375 1072.888427734375 1073.1500244140625 1073.1500244140625 1073.1500244140625 1073.1500244140625
          1073.1500244140625 1073.1500244140625 1073.1500244140625 1073.1500244140625 1073.1500244140625 1073.1500244140625
          1073.1500244140625 1073.1500244140625 1073.1500244140625 1073.1500244140625 1073.1500244140625 1073.1500244140625
          1073.1500244140625 1073.1500244140625 1073.1500244140625 1073.1500244140625 1073.1500244140625 1073.1500244140625
          1073.1500244140625 1073.1500244140625 1073.1500244140625 1073.1500244140625 1073.150146484375 1073.1539306640625
          1073.1844482421875 1073.3109130859375 1073.59326171875 1073.957275390625 1074.295654296875 1074.58251953125
          1074.61669921875 1073.9261474609375 1073.15283203125 1073.1142578125 1073.1220703125 1073.1329345703125
          1073.1422119140625 1073.1494140625 1073.154296875 1073.156494140625 1073.1563720703125 1073.1561279296875
          1073.1683349609375 1073.201416015625 1073.2259521484375 1073.2392578125 1073.2462158203125 1073.2467041015625
          1073.2403564453125 1073.227783203125 1073.21044921875 1073.19091796875 1073.171142578125 1073.152587890625
          1073.134521484375 1073.11181640625 1073.11181640625 1073.13330078125 1073.136474609375 1073.135498046875
          1073.12890625 1073.133544921875 1072.885009765625 1072.9061279296875 1072.9444580078125 1072.935546875
          1073.1500244140625 1073.1500244140625 1073.1500244140625 1073.1500244140625 1073.1500244140625 1073.1500244140625
          1073.1500244140625 1073.1500244140625 1073.1500244140625 1073.1500244140625 1073.1500244140625 1073.1500244140625
          1073.1500244140625 1073.1500244140625 1073.1500244140625 1073.1500244140625 1073.1500244140625 1073.1500244140625
          1073.1500244140625 1073.1500244140625 1073.1500244140625 1073.1500244140625 1073.1500244140625 1073.1500244140625
          1073.1500244140625 1073.1500244140625 1073.1505126953125 1073.158447265625 1073.2081298828125 1073.3699951171875
          1073.6717529296875 1074.028076171875 1074.356201171875 1074.599609375 1074.4664306640625 1073.585205078125
          1073.1494140625 1073.120361328125 1073.128662109375 1073.1400146484375 1073.1494140625 1073.1563720703125
          1073.1607666015625 1073.1627197265625 1073.16357421875 1073.166259765625 1073.177490234375 1073.2080078125
          1073.2314453125 1073.2376708984375 1073.2381591796875 1073.2337646484375 1073.2249755859375 1073.2127685546875
          1073.1982421875 1073.182861328125 1073.1671142578125 1073.1510009765625 1073.1336669921875 1073.1112060546875
          1073.1112060546875 1073.1295166015625 1073.133056640625 1073.1319580078125 1073.1280517578125 1073.131591796875
          1072.882568359375 1072.8155517578125 1072.817626953125 1073.1322021484375 1073.1500244140625 1073.1500244140625
          1073.1500244140625 1073.1500244140625 1073.1500244140625 1073.1500244140625 1073.1500244140625 1073.1500244140625
          1073.1500244140625 1073.1500244140625 1073.1500244140625 1073.1500244140625 1073.1500244140625 1073.1500244140625
          1073.1500244140625 1073.1500244140625 1073.1500244140625 1073.1500244140625 1073.1500244140625 1073.1500244140625
          1073.1500244140625 1073.1500244140625 1073.1500244140625 1073.1500244140625 1073.1500244140625 1073.1500244140625
          1073.150634765625 1073.1590576171875 1073.208740234375 1073.3646240234375 1073.6549072265625 1074.0115966796875
          1074.3544921875 1074.618408203125 1074.5185546875 1073.5098876953125 1073.173583984375 1073.1253662109375
          1073.1312255859375 1073.143310546875 1073.1533203125 1073.1602783203125 1073.16455078125 1073.167236328125
          1073.1700439453125 1073.1751708984375 1073.1849365234375 1073.2021484375 1073.2213134765625 1073.2259521484375
          1073.22509765625 1073.220458984375 1073.212646484375 1073.202392578125 1073.1907958984375 1073.17822265625
          1073.1646728515625 1073.1500244140625 1073.1331787109375 1073.12060546875 1073.1146240234375 1073.124755859375
          1073.12890625 1073.130126953125 1073.13134765625 1073.1298828125 1072.760498046875 1072.7412109375
          1072.735107421875 1073.142822265625 1073.1500244140625 1073.1500244140625 1073.1500244140625 1073.1500244140625
          1073.1500244140625 1073.1500244140625 1073.1500244140625 1073.1500244140625 1073.1500244140625 1073.1500244140625
          1073.1500244140625 1073.1500244140625 1073.1500244140625 1073.1500244140625 1073.1500244140625 1073.1500244140625
          1073.1500244140625 1073.1500244140625 1073.1500244140625 1073.1500244140625 1073.1500244140625 1073.1500244140625
          1073.1500244140625 1073.1500244140625 1073.1500244140625 1073.1500244140625 1073.1502685546875 1073.1546630859375
          1073.1839599609375 1073.2916259765625 1073.5311279296875 1073.8798828125 1074.2581787109375 1074.582763671875
          1074.7662353515625 1073.7645263671875 1073.262451171875 1073.134521484375 1073.128173828125 1073.1412353515625
          1073.152587890625 1073.160400390625 1073.16552734375 1073.16943359375 1073.1737060546875 1073.1793212890625
          1073.1868896484375 1073.1961669921875 1073.206787109375 1073.2137451171875 1073.2139892578125 1073.21044921875
          1073.2042236328125 1073.1959228515625 1073.186279296875 1073.1754150390625 1073.1632080078125 1073.1495361328125
          1073.133056640625 1073.132080078125 1073.115478515625 1073.123779296875 1073.1290283203125 1073.1324462890625
          1073.133544921875 1072.87939453125 1072.7220458984375 1072.7144775390625 1073.0950927734375 1073.1212158203125
          1073.1500244140625 1073.1500244140625 1073.1500244140625 1073.1500244140625 1073.1500244140625 1073.1500244140625
          1073.1500244140625 1073.1500244140625 1073.1500244140625 1073.1500244140625 1073.1500244140625 1073.1500244140625
          1073.1500244140625 1073.1500244140625 1073.1500244140625 1073.1500244140625 1073.1500244140625 1073.1500244140625
          1073.1500244140625 1073.1500244140625 1073.1500244140625 1073.1500244140625 1073.1500244140625 1073.1500244140625
          1073.1500244140625 1073.1500244140625 1073.1500244140625 1073.15087890625 1073.158203125 1073.195068359375
          1073.315185546875 1073.574951171875 1073.9583740234375 1074.368896484375 1074.70849609375 1074.6280517578125
          1073.7374267578125 1073.196533203125 1073.116943359375 1073.12890625 1073.1441650390625 1073.1553955078125
          1073.1627197265625 1073.16796875 1073.1729736328125 1073.1787109375 1073.1849365234375 1073.191162109375
          1073.19677734375 1073.2008056640625 1073.20263671875 1073.201904296875 1073.1983642578125 1073.192138671875
          1073.1834716796875 1073.1737060546875 1073.162353515625 1073.1494140625 1073.133544921875 1073.1336669921875
          1073.1322021484375 1073.1346435546875 1073.1357421875 1073.13720703125 1073.1212158203125 1072.892822265625
          1072.7547607421875 1072.857666015625 1072.9041748046875 1072.947998046875 1073.0400390625 1073.0535888671875
          1073.14697265625 1073.1495361328125 1073.1500244140625 1073.1500244140625 1073.1500244140625 1073.1497802734375
          1073.1488037109375 1073.1492919921875 1073.14892578125 1073.1495361328125 1073.149658203125 1073.14990234375
          1073.1483154296875 1073.1419677734375 1073.1380615234375 1073.1407470703125 1073.1470947265625 1073.14990234375
          1073.1500244140625 1073.14990234375 1073.1485595703125 1073.1478271484375 1073.149658203125 1073.1500244140625
          1073.1500244140625 1073.1500244140625 1073.1502685546875 1073.1519775390625 1073.1605224609375 1073.2008056640625
          1073.3662109375 1073.851318359375 1074.7900390625 1076.279052734375 1074.889892578125 1074.0294189453125
          1073.1256103515625 1073.08447265625 1073.1107177734375 1073.134765625 1073.1507568359375 1073.1591796875
          1073.1639404296875 1073.1680908203125 1073.172607421875 1073.1773681640625 1073.181884765625 1073.185791015625
          1073.188232421875 1073.1893310546875 1073.189208984375 1073.1868896484375 1073.1807861328125 1073.171875
          1073.16162109375 1073.1495361328125 1073.1346435546875 1073.134765625 1073.149658203125 1073.14794921875
          1073.1405029296875 1073.138671875 1073.1387939453125 1072.9449462890625 1072.871826171875 1072.8709716796875
          1072.8701171875 1072.8695068359375 1072.868896484375 1072.8670654296875 1072.868408203125 1072.8719482421875
          1072.883056640625 1072.9105224609375 1072.9425048828125 1072.9766845703125 1072.9886474609375 1072.9923095703125
          1072.989013671875 1072.971435546875 1072.954833984375 1072.9539794921875 1072.962646484375 1072.968994140625
          1072.9747314453125 1072.9814453125 1072.993408203125 1073.0211181640625 1073.044921875 1073.05419921875
          1073.057861328125 1073.056640625 1073.0543212890625 1073.0545654296875
        </DataArray>
        <DataArray type="Float32" Name="O2_Gas_mass_fractions_1" format="ascii" RangeMin="4.2870271776962454e-9" RangeMax="0.23999999463558197">
          0.23999999463558197 0.23999924957752228 0.23992455005645752 0.23515182733535767 0.002582644345238805 0.00006138438038760796
          0.0000010969167760777054 0.0000012860009519499727 6.293822707448271e-7 1.3755455086084112e-7 7.568257132106737e-8 9.708550408049632e-8
          9.927214250637917e-8 9.965312841586638e-8 9.908197284858034e-8 9.80166419140005e-8 9.631475705873527e-8 9.361029640331253e-8
          8.97139713629258e-8 8.456885325358598e-8 7.818461966735413e-8 7.063210460955816e-8 6.205172553563898e-8 5.271105152360178e-8
          4.3133255189786723e-8 3.420402450160509e-8 2.7161199511738232e-8 2.3555573491762516e-8 2.54319978409967e-8 3.470782417025475e-8
          4.9959268721977423e-8 6.748819458834987e-8 8.049622834960246e-8 8.867111489507806e-8 2.441904989325394e-8 4.455079860576916e-9
          4.408346132578345e-9 4.399388853215669e-9 4.393096553201303e-9 4.388593488613424e-9 4.385427132547193e-9 4.38333147556591e-9
          4.382140872394302e-9 4.3817491857112145e-9 4.3820840289754415e-9 4.3830965523739e-9 4.384748564234542e-9 4.387007201955839e-9
          4.3898262802599675e-9 4.393124086732314e-9 4.396762509628616e-9 4.394732577850391e-9 4.389615337885289e-9 4.383112983674664e-9
          4.375945383827684e-9 4.368330142057175e-9 4.3602996768754565e-9 4.3518730841185516e-9 4.343134740736332e-9 4.334251180182491e-9
          4.325461766541139e-9 4.317061375047615e-9 4.309360868148815e-9 4.3026360252440554e-9 4.297087574656189e-9 4.292821653706369e-9
          4.289840038751436e-9 4.288040145183913e-9 4.287211474718333e-9 4.2870271776962454e-9 0.23999999463558197 0.2399996519088745
          0.2399662286043167 0.23776225745677948 0.0026641390286386013 0.00007502525841118768 0.0000016698040781193413 0.002750864252448082
          0.00016254381625913084 0.00005590837827185169 0.0000014295894743554527 8.483171143325308e-8 8.107147664304648e-8 8.710949117585187e-8
          8.015035746211652e-8 7.283415470737964e-8 6.67554758138067e-8 6.260828655513251e-8 5.8830540439203105e-8 5.5903900175735544e-8
          5.283045467763259e-8 4.905316686176775e-8 4.449709933851409e-8 3.936068537768733e-8 3.4198091469761493e-8 3.005980531156638e-8
          2.8572264554327376e-8 3.159713912737061e-8 3.998376740810272e-8 5.2028607200327315e-8 6.481118219880955e-8 7.53293818434031e-8
          8.369710258193663e-8 8.996511269288021e-8 3.748354515664687e-8 5.181484574734441e-9 5.935295810388652e-9 6.8901742089622076e-9
          7.830278647702471e-9 8.690727248961139e-9 9.443573922851556e-9 1.0080126955358537e-8 1.0601376665420048e-8 1.10132747366265e-8
          1.1324847726257303e-8 1.1547776956888356e-8 1.169624042063333e-8 1.1786100984068071e-8 1.183304743079816e-8 1.1850840309080013e-8
          1.1837006930193184e-8 1.181728936927584e-8 1.1796630339233616e-8 1.1777067321361301e-8 1.1759143880851752e-8 1.1742519845370225e-8
          1.1726534410172462e-8 1.1710524105978948e-8 1.169395957845154e-8 1.1676519307002309e-8 1.165815355363975e-8 1.1639211372482805e-8
          1.1620397089018297e-8 1.1602585558989631e-8 1.1586679171671221e-8 1.1573479063997638e-8 1.156355011744381e-8 1.1557084178548394e-8
          1.1553813017428638e-8 1.1552939049863653e-8 0.23999999463558197 0.23999986052513123 0.2399875372648239 0.23929670453071594
          0.19799134135246277 0.15351329743862152 0.12333317846059799 0.10403551161289215 0.03636579215526581 0.012859653681516647
          0.00008658364095026627 0.0000011362164968886646 1.1626948293042005e-7 7.366910637074398e-8 9.579625270816905e-8 9.377821186262736e-8
          9.302250703058235e-8 9.296184799723051e-8 9.230212327793197e-8 8.826290098795653e-8 8.114161431649336e-8 7.215471242716376e-8
          6.197917912231787e-8 5.232633881746551e-8 4.6119513541498236e-8 4.427807809292972e-8 4.645902507149913e-8 5.191619578681639e-8
          5.9424007048392014e-8 6.74791067467595e-8 7.483745179115431e-8 8.141024920860218e-8 8.722557964802036e-8 9.118642907424146e-8
          5.110512901751463e-8 9.797123112775807e-9 6.207693914461743e-9 7.534183943391781e-9 8.920419070079788e-9 1.0263846661473508e-8
          1.151462036830253e-8 1.2641494961940225e-8 1.362113444258739e-8 1.4436436046594281e-8 1.5077388226814037e-8 1.554235673495441e-8
          1.5840251776921832e-8 1.6013546044746363e-8 1.6113551382090918e-8 1.6165156324632335e-8 1.6274327663268195e-8 1.643929081751594e-8
          1.663198290202672e-8 1.6836477101378478e-8 1.7047311118290054e-8 1.7262276941210075e-8 1.747844358135353e-8 1.7690760856226007e-8
          1.7892380910211614e-8 1.8075750674029223e-8 1.823504724995928e-8 1.8367300569366307e-8 1.8471528306918117e-8 1.8549666691569655e-8
          1.8605261331572365e-8 1.8642262844537072e-8 1.866492738145098e-8 1.8677114965726105e-8 1.868198751253658e-8 1.8682946745229856e-8
          0.23999999463558197 0.2399999499320984 0.23999623954296112 0.23981671035289764 0.2312048226594925 0.21589677035808563
          0.20095385611057281 0.18937739729881287 0.1756839007139206 0.06434138864278793 0.0002480170223861933 0.0000029359275686147157
          8.275004148572407e-8 9.972234948918413e-8 9.194064887196873e-8 9.268849510135624e-8 9.359963115684877e-8 9.438154080498862e-8
          9.492470809391307e-8 9.52703302914415e-8 9.430046077341103e-8 9.013270840796395e-8 8.146301411215973e-8 7.38921741572085e-8
          6.91378616579641e-8 6.733652213597452e-8 6.800485863323047e-8 7.034989124576896e-8 7.36407628210145e-8 7.762991316440093e-8
          8.182233557363361e-8 8.609396218162146e-8 8.985053057131154e-8 9.156800473419935e-8 6.051624978908876e-8 1.94232114836268e-8
          9.075456830487383e-9 7.722961825606944e-9 8.485669056312872e-9 9.713169824010492e-9 1.0963814744968658e-8 1.2103511970451564e-8
          1.3070183157992687e-8 1.3726984882111992e-8 1.402773452952033e-8 1.3949398969259619e-8 1.3666593190464482e-8 1.336570676357951e-8
          1.2899906920438298e-8 1.2563861950809496e-8 1.2422137984913206e-8 1.2380417580004632e-8 1.2363922330393962e-8 1.2366815127506925e-8
          1.2396837334449629e-8 1.2464633769582179e-8 1.2581668151767644e-8 1.2758258449707682e-8 1.3008535582059721e-8 1.3366089568478401e-8
          1.3807559540168768e-8 1.4344240462094149e-8 1.4980873430658903e-8 1.5715455603526607e-8 1.6529989821378877e-8 1.737389077050011e-8
          1.8182435113089923e-8 1.8888913544401476e-8 1.9413510798926836e-8 1.971074681250684e-8 0.23999999463558197 0.23999999463558197
          0.23999908566474915 0.2399609237909317 0.2384338527917862 0.23518142104148865 0.2312411367893219 0.22712337970733643
          0.17431733012199402 0.002201166469603777 0.000008571328180551063 1.1485533235600087e-7 8.687236174864665e-8 9.647644105825748e-8
          9.494450381453134e-8 9.437131609502103e-8 9.424917379874387e-8 9.427397884564925e-8 9.427567704278772e-8 9.425022540199279e-8
          9.429376035541281e-8 9.356838148733004e-8 8.979539956044391e-8 8.65886988776765e-8 8.402152928965734e-8 8.205913104575302e-8
          8.096078829566977e-8 8.092370507029045e-8 8.189445566131326e-8 8.382473026813386e-8 8.640900972523013e-8 8.920077476659571e-8
          9.10274522425425e-8 9.081105645236676e-8 6.713732858543153e-8 3.105483514787011e-8 1.5859578539334507e-8 1.0581844733792423e-8
          9.17539910716414e-9 9.251090560269404e-9 9.842645809499118e-9 1.0540687434001939e-8 1.1152740064801492e-8 1.1569754931883836e-8
          1.1759028417657191e-8 1.1742557148863852e-8 1.159633900016388e-8 1.1371995789488665e-8 1.1179101200298192e-8 1.1063603366778807e-8
          1.1006441980043746e-8 1.0984983589423791e-8 1.0967815100570988e-8 1.0917329262838393e-8 1.0816358475551624e-8 1.0675784700708846e-8
          1.0521810089869632e-8 1.0380961867895167e-8 1.027293361488546e-8 1.021046625027111e-8 1.0201231859241489e-8 1.024849716202425e-8
          1.0353352841718788e-8 1.0518364845779615e-8 1.0749040768587292e-8 1.1053294279861348e-8 1.1440263847362075e-8 1.1919379261371432e-8
          1.2504529856016688e-8 1.3202797966016533e-8 0.23999999463558197 0.23999999463558197 0.23999981582164764 0.23999318480491638
          0.23978377878665924 0.2392774224281311 0.23853377997875214 0.22667695581912994 0.13318181037902832 0.0004734258691314608
          0.0000032146899684448726 9.687115465339957e-8 7.708628402269824e-8 9.230694786310778e-8 9.398801381621524e-8 9.45579259337137e-8
          9.467522943396034e-8 9.458298677600396e-8 9.423477820291737e-8 9.378276644156358e-8 9.352544338980806e-8 9.351983720762291e-8
          9.272176271224453e-8 9.123508704078631e-8 8.945136897864359e-8 8.776206783522866e-8 8.652114047436044e-8 8.600301981687153e-8
          8.632454040480297e-8 8.749225344217848e-8 8.921526273297786e-8 9.073566786810261e-8 9.089440311527142e-8 8.91887452780793e-8
          7.161965953628169e-8 4.297791633689485e-8 2.5938698300365104e-8 1.7396146745340957e-8 1.3352402739030822e-8 1.1583851211582896e-8
          1.0944018136171962e-8 1.0839418251862298e-8 1.0958737028943233e-8 1.1140035560686101e-8 1.1307642822089292e-8 1.1432232938091147e-8
          1.1504837083009534e-8 1.1518850762115562e-8 1.1468018534799285e-8 1.1345389516748128e-8 1.1175547598440971e-8 1.1050991233219065e-8
          1.1012192935311305e-8 1.0968244090747703e-8 1.0867950983595165e-8 1.0703797848066188e-8 1.0494527913351703e-8 1.026792872949045e-8
          1.0047010334801598e-8 9.841419235101512e-9 9.66039959138243e-9 9.521153643277103e-9 9.42922628865972e-9 9.373746223673152e-9
          9.340442197469656e-9 9.319126803575273e-9 9.306078574411458e-9 9.30340959826026e-9 9.317265181607581e-9 9.356001307025963e-9
          0.23999999463558197 0.23999999463558197 0.23999997973442078 0.23999901115894318 0.23997539281845093 0.2399103343486786
          0.2397426813840866 0.2196667641401291 0.07861100882291794 0.00020966283045709133 0.0000015795345689184614 4.9642906674307596e-8
          9.963790148503904e-8 9.791690303018186e-8 9.63766240147379e-8 9.532718792115702e-8 9.480963569785672e-8 9.439307291359e-8
          9.349535901037598e-8 9.247494148212354e-8 9.196399020083845e-8 9.210117468683165e-8 9.192305583383131e-8 9.108046583605756e-8
          9.008724788373002e-8 8.924497052475999e-8 8.863099765221705e-8 8.839798226745188e-8 8.86963462676249e-8 8.954324925980472e-8
          9.056359573378359e-8 9.097911402022874e-8 9.021879066040128e-8 8.811150564724812e-8 7.573211036060457e-8 5.49740803990062e-8
          3.903332057575426e-8 2.8963697218387097e-8 2.294729206653301e-8 1.9450894228612015e-8 1.7485444203657607e-8 1.6450588447014525e-8
          1.5988572243941235e-8 1.5889117577216894e-8 1.6030430316504862e-8 1.63415450060711e-8 1.6778697542463306e-8 1.7308446231822927e-8
          1.7895301240855588e-8 1.8494580089623014e-8 1.905295121673589e-8 1.9463987754875234e-8 1.9585367994068292e-8 1.9395516304143712e-8
          1.892372836209688e-8 1.8225343012545636e-8 1.7345675118463078e-8 1.628699308753312e-8 1.5089625549080665e-8 1.3857812675155401e-8
          1.2739773680436883e-8 1.1828231727406546e-8 1.1127790244813696e-8 1.0610335721139563e-8 1.0232419356270839e-8 9.948830204109527e-9
          9.726019989386714e-9 9.5469872007925e-9 9.408898549168043e-9 9.318475768793633e-9 0.23999999463558197 0.23999999463558197
          0.23999999463558197 0.2399998903274536 0.23999759554862976 0.2399902492761612 0.23996993899345398 0.23889532685279846
          0.08158314228057861 0.0003574236761778593 0.0000025322863166366005 9.646248599892715e-8 7.809092039678944e-8 9.279676760343136e-8
          9.485557228572361e-8 9.497321684648341e-8 9.470083028872978e-8 9.409065171439579e-8 9.262623734684894e-8 9.136304868206935e-8
          9.111477083934005e-8 9.120276445173658e-8 9.101850650949928e-8 9.031256098523954e-8 8.92879725711282e-8 8.921586669430326e-8
          8.921798411165582e-8 8.934159723139601e-8 8.971362319698528e-8 9.031568737327689e-8 9.077058393813786e-8 9.059184691295741e-8
          8.974843979103753e-8 8.852749289189887e-8 8.285743291480685e-8 7.069205310017423e-8 5.815588721702625e-8 4.841480816253352e-8
          4.1583884780038716e-8 3.7018132559296646e-8 3.4087108247149445e-8 3.231689049698616e-8 3.137873960668003e-8 3.1051225590772447e-8
          3.118663727263993e-8 3.168599960190477e-8 3.2480908629395344e-8 3.3519413022986555e-8 3.475431142874186e-8 3.613491017517845e-8
          3.7603360425464416e-8 3.9090501502414554e-8 4.0528057354549674e-8 4.185704938208801e-8 4.301447020793603e-8 4.39142375796564e-8
          4.4452622915969187e-8 4.4557001643852345e-8 4.420202159849396e-8 4.3436752861225614e-8 4.23614636702041e-8 4.108623485876706e-8
          3.969484296817427e-8 3.8238169963733526e-8 3.670627890528522e-8 3.50683748706615e-8 3.329941478114051e-8 3.139114213013272e-8
          2.9362659859089035e-8 2.7264263735560235e-8 0.23999999463558197 0.23999999463558197 0.23999999463558197 0.23999999463558197
          0.23999981582164764 0.23999913036823273 0.23999707400798798 0.23988790810108185 0.21975179016590118 0.11379269510507584
          0.00038148710154928267 0.0000047088983592402656 1.0557619845030786e-7 9.783582299860427e-8 9.502520015303162e-8 9.47053351296745e-8
          9.457799876599893e-8 9.401437495171194e-8 9.277214729763728e-8 9.125346878136043e-8 9.062976147333757e-8 9.042437199013875e-8
          8.991958821980006e-8 8.931615269602844e-8 8.896119396695212e-8 8.895847258827416e-8 8.923426264573209e-8 8.952586227906068e-8
          8.98320848818912e-8 9.015258939371051e-8 9.030628689288278e-8 9.00714809404235e-8 8.953315955295693e-8 8.894675573856148e-8
          8.777634974421744e-8 8.505564608185523e-8 8.067118528742867e-8 7.562605475186501e-8 7.095619736219305e-8 6.716728506717118e-8
          6.436105337570552e-8 6.245321770848022e-8 6.130354535116567e-8 6.077334546716884e-8 6.074486691431957e-8 6.112500727795123e-8
          6.184214385029918e-8 6.28402929692129e-8 6.407349673054341e-8 6.550160236429292e-8 6.70870932140133e-8 6.87881112071409e-8
          7.057202111582228e-8 7.24063511370332e-8 7.42311314638755e-8 7.590693229531098e-8 7.728223749836616e-8 7.828303694168426e-8
          7.89022891467539e-8 7.914312760703979e-8 7.901582677050101e-8 7.853569883309319e-8 7.772183607812622e-8 7.659797063297447e-8
          7.523154010868893e-8 7.37059195898837e-8 7.207020047417245e-8 7.035439608671368e-8 6.857466416931857e-8 6.67427215716998e-8
          0.23999999463558197 0.23999999463558197 0.23999999463558197 0.23999999463558197 0.23999999463558197 0.2399999499320984
          0.23999983072280884 0.23999427258968353 0.23925460875034332 0.11860380321741104 0.09989631175994873 0.02185763232409954
          0.00004270608042133972 5.172728378965985e-7 7.911857125009192e-8 9.938379008644915e-8 9.637719955435387e-8 9.457037464244422e-8
          9.453092530975482e-8 9.270667078453698e-8 9.03345380720566e-8 9.039266046784178e-8 9.03456651712986e-8 9.001320933066381e-8
          8.952267194217711e-8 8.902788550813057e-8 8.876945400970726e-8 8.8975895096155e-8 8.924455840997325e-8 8.946833673917354e-8
          8.94486191782562e-8 8.925405836635036e-8 8.897241343674978e-8 8.86926443399716e-8 8.841241339041517e-8 8.80721771068238e-8
          8.75947776535213e-8 8.696142828057418e-8 8.623315039812951e-8 8.550730257184114e-8 8.486873781521354e-8 8.436830967184505e-8
          8.402480489166919e-8 8.383544525258912e-8 8.378605542702644e-8 8.385840999380889e-8 8.403451801086703e-8 8.429874753801414e-8
          8.463840828198954e-8 8.504371606932182e-8 8.55060520166262e-8 8.601849543765638e-8 8.656802918949325e-8 8.712834898005895e-8
          8.765895387341516e-8 8.815103313963846e-8 8.860125433329813e-8 8.900583026161257e-8 8.936071793641531e-8 8.9661718050138e-8
          8.990441813239158e-8 9.008392964915402e-8 9.019421298717134e-8 9.022692637472574e-8 9.016897450919714e-8 9.000380174484235e-8
          8.973326970362905e-8 8.936541462389869e-8 8.891089464668767e-8 8.838326692739429e-8
        </DataArray>
        <DataArray type="Float32" Name="N2_Gas_mass_fractions_2" format="ascii" RangeMin="0.07173751294612885" RangeMax="0.9650702476501465">
          0.7599999904632568 0.7599989175796509 0.7598906755447388 0.7535656094551086 0.5903447866439819 0.07173751294612885
          0.14868171513080597 0.18001241981983185 0.19754023849964142 0.20854498445987701 0.21145354211330414 0.2129848599433899
          0.21450233459472656 0.2158387303352356 0.21678966283798218 0.21712908148765564 0.21682481467723846 0.21672095358371735
          0.2169918417930603 0.21761593222618103 0.2185867577791214 0.21991482377052307 0.22162652015686035 0.22375652194023132
          0.22631940245628357 0.2292671948671341 0.23248514533042908 0.23598144948482513 0.24045085906982422 0.24754920601844788
          0.257851779460907 0.2697320878505707 0.27730152010917664 0.2768350839614868 0.8058968782424927 0.9637166857719421
          0.9640839695930481 0.9641567468643188 0.9642079472541809 0.964244544506073 0.964270293712616 0.9642873406410217
          0.9642970561981201 0.964300274848938 0.9642975330352783 0.9642893075942993 0.9642759561538696 0.9642575979232788
          0.9642347097396851 0.9642078876495361 0.9641783833503723 0.9641948938369751 0.9642364978790283 0.9642893671989441
          0.9643476605415344 0.964409589767456 0.9644748568534851 0.964543342590332 0.9646143913269043 0.9646865725517273
          0.9647579789161682 0.964826226234436 0.9648888111114502 0.9649434685707092 0.9649885296821594 0.9650232195854187
          0.9650474190711975 0.9650620222091675 0.9650687575340271 0.9650702476501465 0.7599999904632568 0.7599995136260986
          0.7599524855613708 0.7574788928031921 0.6538229584693909 0.435217946767807 0.3514705300331116 0.3115382492542267
          0.2090427577495575 0.29836538434028625 0.3185817301273346 0.33413493633270264 0.3454536199569702 0.35241061449050903
          0.35417094826698303 0.34937700629234314 0.3352124094963074 0.3089978098869324 0.28069818019866943 0.2641461193561554
          0.25513583421707153 0.25011804699897766 0.24748852849006653 0.24646946787834167 0.24670732021331787 0.24837727844715118
          0.25240910053253174 0.2604753077030182 0.27390721440315247 0.29126062989234924 0.3081098198890686 0.3162064254283905
          0.3127650022506714 0.2901305556297302 0.7039744257926941 0.9578387141227722 0.9516656994819641 0.9438998103141785
          0.9362547397613525 0.9292579293251038 0.9231364130973816 0.9179609417915344 0.9137232303619385 0.9103749394416809
          0.9078425765037537 0.90603107213974 0.9048250317573547 0.9040954113006592 0.9037144780158997 0.903570294380188
          0.9036850333213806 0.9038484692573547 0.904019832611084 0.9041823148727417 0.9043312668800354 0.9044695496559143
          0.904602587223053 0.9047358632087708 0.9048737287521362 0.9050188660621643 0.9051715731620789 0.9053289890289307
          0.905485212802887 0.9056330323219299 0.9057649970054626 0.9058744311332703 0.9059567451477051 0.9060103297233582
          0.906037449836731 0.9060446619987488 0.7599999904632568 0.7599998116493225 0.759982705116272 0.7592190504074097
          0.7359541058540344 0.6637141704559326 0.5970097780227661 0.5475106239318848 0.5058724880218506 0.4966699779033661
          0.49717962741851807 0.506677508354187 0.5211271643638611 0.5372213125228882 0.5528203845024109 0.5669865608215332
          0.5789953470230103 0.5876306891441345 0.5876522660255432 0.5597917437553406 0.513871431350708 0.46056798100471497
          0.40499478578567505 0.3582836091518402 0.33203020691871643 0.3238343298435211 0.32687142491340637 0.33597734570503235
          0.3467646837234497 0.3551000952720642 0.35586872696876526 0.3473622500896454 0.3248770833015442 0.28996846079826355
          0.5968490839004517 0.9213680028915405 0.9494525194168091 0.9386518001556396 0.9273565411567688 0.9163913130760193
          0.9061602354049683 0.8969205021858215 0.8888682723045349 0.8821503520011902 0.8768556118011475 0.8730032444000244
          0.8705242872238159 0.8690705299377441 0.8682206869125366 0.8677730560302734 0.8668514490127563 0.8654704689979553
          0.863862156867981 0.8621587753295898 0.860405683517456 0.8586212992668152 0.8568300008773804 0.8550736308097839
          0.8534085750579834 0.851897120475769 0.8505878448486328 0.8495051264762878 0.8486564755439758 0.8480249047279358
          0.8475799560546875 0.8472875356674194 0.8471113443374634 0.8470191955566406 0.8469855189323425 0.8469815254211426
          0.7599999904632568 0.7599999308586121 0.7599948644638062 0.7598015666007996 0.7550593018531799 0.7369460463523865
          0.7134611010551453 0.6924005150794983 0.6769770383834839 0.6454312801361084 0.6308714747428894 0.6356450319290161
          0.6431167125701904 0.6515365242958069 0.6595350503921509 0.6661397814750671 0.6708463430404663 0.673177182674408
          0.6732138991355896 0.6720604300498962 0.6583050489425659 0.6199354529380798 0.5511890649795532 0.49532851576805115
          0.45828235149383545 0.43586233258247375 0.42229849100112915 0.4121894836425781 0.40204542875289917 0.39108869433403015
          0.3757608234882355 0.35193493962287903 0.31644243001937866 0.28380513191223145 0.5206479430198669 0.8447564244270325
          0.926697850227356 0.937254786491394 0.9309301376342773 0.9208913445472717 0.9106693267822266 0.9013388752937317
          0.8934094309806824 0.8880171179771423 0.8855600357055664 0.8862360715866089 0.8885843753814697 0.8910403251647949
          0.8948224186897278 0.8975450396537781 0.898681640625 0.8989983797073364 0.8991029262542725 0.8990424871444702
          0.8987523913383484 0.8981420397758484 0.8971121311187744 0.8955712914466858 0.8933942914009094 0.8902862668037415
          0.8864462971687317 0.8817721605300903 0.8762204051017761 0.8698078989982605 0.8626918792724609 0.8553137183189392
          0.8482444286346436 0.8420739769935608 0.8374968767166138 0.8349005579948425 0.7599999904632568 0.7599999904632568
          0.7599987387657166 0.7599579691886902 0.7591570615768433 0.7558881044387817 0.7507483959197998 0.7453671097755432
          0.7285590767860413 0.6829065084457397 0.6823527812957764 0.6834611296653748 0.6851493120193481 0.687050461769104
          0.6889185905456543 0.690319836139679 0.6898797154426575 0.6854684352874756 0.6767019629478455 0.6674846410751343
          0.66355961561203 0.6482193470001221 0.5989378094673157 0.5591154098510742 0.5238021016120911 0.4909849762916565
          0.46167245507240295 0.43650418519973755 0.4145065248012543 0.39355775713920593 0.3689734637737274 0.3361089825630188
          0.3001708686351776 0.2816556394100189 0.4649669826030731 0.7515773773193359 0.872717559337616 0.9147624373435974
          0.9258042573928833 0.9249625205993652 0.919996976852417 0.9141994118690491 0.909121572971344 0.9056485891342163
          0.904047429561615 0.9041391015052795 0.9053035378456116 0.9071197509765625 0.908700704574585 0.9096279144287109
          0.9100447297096252 0.9101718664169312 0.9102763533592224 0.9106663465499878 0.9114843606948853 0.9126430749893188
          0.9139247536659241 0.9151048064231873 0.9160146117210388 0.9165459275245667 0.916630744934082 0.9162326455116272
          0.9153328537940979 0.9139028191566467 0.9118916988372803 0.9092313647270203 0.9058474898338318 0.9016673564910889
          0.8965819478034973 0.8905381560325623 0.7599999904632568 0.7599999904632568 0.7599997520446777 0.7599926590919495
          0.7598809599876404 0.7594218850135803 0.7586058974266052 0.7547656297683716 0.7297323346138 0.6947528123855591
          0.694484293460846 0.6945434212684631 0.6947866082191467 0.6951842308044434 0.695604145526886 0.6952053308486938
          0.6907442808151245 0.676742672920227 0.6515928506851196 0.6246105432510376 0.6098321676254272 0.6162519454956055
          0.5902625322341919 0.5545194745063782 0.5145961046218872 0.4772047698497772 0.44572561979293823 0.4200592637062073
          0.3976740539073944 0.37459900975227356 0.3462770879268646 0.31315165758132935 0.2899017333984375 0.29204195737838745
          0.4294963479042053 0.6576555371284485 0.7936865091323853 0.8618174195289612 0.893883228302002 0.9076846241950989
          0.9124298095703125 0.9128920435905457 0.9115732312202454 0.9097691178321838 0.9080772995948792 0.9067233204841614
          0.9057757258415222 0.9052954316139221 0.9053500294685364 0.9060320258140564 0.907181978225708 0.9080390930175781
          0.908251166343689 0.9085570573806763 0.9093843102455139 0.9107990264892578 0.9126406908035278 0.9146643280982971
          0.9166632890701294 0.9185516834259033 0.9202516078948975 0.9216016530990601 0.9225291609764099 0.9231095314025879
          0.9234575629234314 0.9236619472503662 0.9237624406814575 0.9237514734268188 0.9235870242118835 0.9232058525085449
          0.7599999904632568 0.7599999904632568 0.7599999904632568 0.7599989771842957 0.7599855661392212 0.7599310874938965
          0.7598079442977905 0.7544497847557068 0.7174720168113708 0.6968986392021179 0.6967885494232178 0.6967670321464539
          0.6967954039573669 0.6968729496002197 0.6968700289726257 0.6953866481781006 0.6862976551055908 0.6577532887458801
          0.6063684821128845 0.5554183125495911 0.5329458117485046 0.5446248054504395 0.5472238063812256 0.5191418528556824
          0.4714411795139313 0.4336262345314026 0.40704792737960815 0.38693633675575256 0.3682546019554138 0.3466409742832184
          0.3203739821910858 0.2965807616710663 0.29095131158828735 0.31050848960876465 0.40822359919548035 0.5710374116897583
          0.6963710188865662 0.7755229473114014 0.8226205110549927 0.8497247099876404 0.8646596074104309 0.8721884489059448
          0.8751518130302429 0.8752152323722839 0.873336136341095 0.8700652122497559 0.8657374978065491 0.8606084585189819
          0.8549548983573914 0.8491365313529968 0.8435969352722168 0.8392331600189209 0.8372691869735718 0.8379647135734558
          0.841163158416748 0.8464639186859131 0.8534921407699585 0.8621636629104614 0.8721064329147339 0.8824589252471924
          0.891995906829834 0.899908185005188 0.9060989618301392 0.9107608795166016 0.9142321944236755 0.9168803095817566
          0.9189836382865906 0.920684278011322 0.922003448009491 0.9228787422180176 0.7599999904632568 0.7599999904632568
          0.7599999904632568 0.7599998712539673 0.7599985003471375 0.7599928379058838 0.7599786520004272 0.7596837878227234
          0.7185379862785339 0.6972876191139221 0.6971827149391174 0.6971728801727295 0.6971707344055176 0.6971768140792847
          0.6970704793930054 0.6951737999916077 0.6831071972846985 0.6381708979606628 0.561546266078949 0.5035790205001831
          0.4993893504142761 0.5157190561294556 0.5216814279556274 0.4984789490699768 0.42633724212646484 0.3906373381614685
          0.37009719014167786 0.35504481196403503 0.3399682939052582 0.3220069706439972 0.3025263547897339 0.29053691029548645
          0.2959443926811218 0.3174426555633545 0.37174898386001587 0.4688393771648407 0.5655348896980286 0.6399718523025513
          0.6918847560882568 0.7263411283493042 0.7482038736343384 0.7611222267150879 0.7676301598548889 0.769436240196228
          0.7676798105239868 0.7631219029426575 0.7562839388847351 0.7475548982620239 0.7372788786888123 0.7258179783821106
          0.7135832905769348 0.7010715007781982 0.6887896656990051 0.6772083640098572 0.6668579578399658 0.6584373712539673
          0.6527237296104431 0.6501112580299377 0.6506527066230774 0.6540324091911316 0.6596801280975342 0.6669811606407166
          0.6754733920097351 0.6848974227905273 0.6953577399253845 0.7071057558059692 0.7203609347343445 0.7351993918418884
          0.7514505386352539 0.7686566114425659 0.7599999904632568 0.7599999904632568 0.7599999904632568 0.7599999904632568
          0.7599998712539673 0.7599993944168091 0.759998083114624 0.7599681615829468 0.7547014951705933 0.7269951701164246
          0.6973400115966797 0.6972393989562988 0.6972360610961914 0.6972337961196899 0.6971893310546875 0.6961393356323242
          0.6873035430908203 0.6449909210205078 0.5733732581138611 0.5008944272994995 0.48184552788734436 0.48635730147361755
          0.47049376368522644 0.43493321537971497 0.39703822135925293 0.371049165725708 0.34377437829971313 0.33282965421676636
          0.32295358180999756 0.31189531087875366 0.300289124250412 0.29431474208831787 0.2985611855983734 0.31051966547966003
          0.3303724527359009 0.36232519149780273 0.40491220355033875 0.44988659024238586 0.4899335205554962 0.5219724774360657
          0.5458113551139832 0.5624675750732422 0.5732417702674866 0.5793367028236389 0.5817450881004333 0.5812423229217529
          0.5784192681312561 0.5737287998199463 0.5675274133682251 0.5601071715354919 0.551723301410675 0.5426392555236816
          0.5330603122711182 0.5231814384460449 0.5133016109466553 0.5040085315704346 0.49589207768440247 0.4891669452190399
          0.4837656617164612 0.4796348810195923 0.4767606854438782 0.4751754403114319 0.47495123744010925 0.4761808216571808
          0.47874459624290466 0.4824092388153076 0.48701557517051697 0.4924826920032501 0.49879735708236694 0.5059552192687988
          0.7599999904632568 0.7599999904632568 0.7599999904632568 0.7599999904632568 0.7599999904632568 0.7599999904632568
          0.7599998712539673 0.7599983811378479 0.7598048448562622 0.7282583117485046 0.7233666777610779 0.7029618620872498
          0.6972571015357971 0.6972451210021973 0.6972438097000122 0.6972396969795227 0.6972081065177917 0.6965717673301697
          0.6799049973487854 0.5673760771751404 0.4494420886039734 0.4658127725124359 0.4822845160961151 0.481711745262146
          0.46594372391700745 0.4370717406272888 0.3986409604549408 0.3523217439651489 0.3335837423801422 0.3217770755290985
          0.3162127733230591 0.3154892027378082 0.319355309009552 0.3260086178779602 0.3343701660633087 0.3441826403141022
          0.35550564527511597 0.3680475652217865 0.381055623292923 0.3936643898487091 0.40522390604019165 0.4154035151004791
          0.4241342842578888 0.4315071105957031 0.43768781423568726 0.44286078214645386 0.4471988081932068 0.4508502185344696
          0.4539364278316498 0.45655357837677 0.45878133177757263 0.4606769382953644 0.46230417490005493 0.4637480676174164
          0.4651014506816864 0.4662907123565674 0.46719956398010254 0.46770256757736206 0.4676782190799713 0.467024564743042
          0.465673565864563 0.46360188722610474 0.4608360528945923 0.45745328068733215 0.45358046889305115 0.44938576221466064
          0.44502443075180054 0.44064101576805115 0.4363640546798706 0.43229660391807556
        </DataArray>
        <DataArray type="Float32" Name="H2O_Gas_mass_fractions_3" format="ascii" RangeMin="9.635335279474118e-17" RangeMax="0.04656466096639633">
          4.322859292749115e-10 6.690573428613789e-8 0.000006725458206346957 0.00038618285907432437 0.007990909740328789 0.04656466096639633
          0.04339492693543434 0.042357638478279114 0.041730184108018875 0.04134413227438927 0.04118070751428604 0.04107292369008064
          0.040977515280246735 0.04090840741991997 0.04088124260306358 0.04091402143239975 0.04100801795721054 0.041088756173849106
          0.04114091768860817 0.041166290640830994 0.04116545617580414 0.0411374531686306 0.04107961803674698 0.040987443178892136
          0.04085535928606987 0.040678560733795166 0.040452223271131516 0.040154553949832916 0.03969728946685791 0.03891601040959358
          0.037791091948747635 0.03651757910847664 0.03568916767835617 0.03564509376883507 0.00970722921192646 0.0018878693226724863
          0.0018696292536333203 0.0018658543704077601 0.0018631950952112675 0.0018612920539453626 0.0018599537434056401 0.0018590675899758935
          0.001858564093708992 0.0018583978526294231 0.0018585388315841556 0.0018589658429846168 0.00185966317076236 0.0018606167286634445
          0.001861807075329125 0.0018631996354088187 0.0018647363176569343 0.0018638776382431388 0.0018617142923176289 0.0018589661922305822
          0.0018559370655566454 0.001852719346061349 0.0018493260722607374 0.001845765858888626 0.0018420740962028503 0.0018383210990577936
          0.0018346080323681235 0.001831059344112873 0.0018278064671903849 0.0018249658169224858 0.001822622143663466 0.0018208202673122287
          0.0018195610027760267 0.001818800694309175 0.0018184506334364414 0.0018183727515861392 2.0393479960301164e-10 3.046808672024781e-8
          0.000002905271458075731 0.00014493420894723386 0.003273728536441922 0.019611792638897896 0.026208963245153427 0.029712103307247162
          0.038585517555475235 0.031883977353572845 0.030778853222727776 0.02988683246076107 0.029218485578894615 0.02883792854845524
          0.0288544911891222 0.02941054105758667 0.030764058232307434 0.033148787915706635 0.035700682550668716 0.037220265716314316
          0.03807808831334114 0.03858635947108269 0.03888535499572754 0.03904154524207115 0.03908039256930351 0.038973912596702576
          0.038620300590991974 0.037852052599191666 0.03654935956001282 0.03486855700612068 0.033233642578125 0.032392773777246475
          0.03257652372121811 0.03446601331233978 0.014725342392921448 0.0021915887482464314 0.0025149942375719547 0.00291864899918437
          0.0033159854356199503 0.0036796387284994125 0.003997801803052425 0.004266804084181786 0.004487067461013794 0.004661109298467636
          0.004792746156454086 0.004886918235570192 0.004949619993567467 0.00498755881562829 0.005007368978112936 0.005014869384467602
          0.0050089419819414616 0.00500049814581871 0.0049916463904082775 0.0049832602962851524 0.004975572228431702 0.004968438763171434
          0.004961577244102955 0.004954705014824867 0.004947597160935402 0.004940117243677378 0.004932245705276728 0.004924132023006678
          0.004916077945381403 0.0049084569327533245 0.0049016536213457584 0.004896010272204876 0.004891766235232353 0.004889002535492182
          0.004887605085968971 0.0048872316256165504 8.271219126276819e-11 1.1764445417838942e-8 0.0000010505508498681593 0.00004477639959077351
          0.0009713921463117003 0.005498860962688923 0.009996115230023861 0.013549167662858963 0.015623490326106548 0.016069406643509865
          0.015936344861984253 0.015296369791030884 0.014206935651600361 0.012947099283337593 0.011705881915986538 0.010569142177700996
          0.009601523168385029 0.008908998221158981 0.008949529379606247 0.011404759250581264 0.015452630817890167 0.020158037543296814
          0.02506960928440094 0.029207225888967514 0.031536463648080826 0.03225278481841087 0.03194860741496086 0.031079906970262527
          0.030041225254535675 0.02920607104897499 0.029026055708527565 0.029651829972863197 0.03148992359638214 0.03446266055107117
          0.02003338187932968 0.004001127555966377 0.0026296169962733984 0.0031911905389279127 0.003777912352234125 0.004347146488726139
          0.004877891857177019 0.0053568328730762005 0.005773876793682575 0.006121517159044743 0.006395313888788223 0.006594262085855007
          0.0067220465280115604 0.006796711124479771 0.006840080954134464 0.006862686946988106 0.006909792777150869 0.006980632897466421
          0.007063225377351046 0.007150757126510143 0.007240889593958855 0.007332674693316221 0.007424854673445225 0.007515272591263056
          0.007601012010127306 0.007678855676203966 0.007746316026896238 0.007802149746567011 0.007845974527299404 0.007878660224378109
          0.00790176447480917 0.007917017675936222 0.007926265709102154 0.007931165397167206 0.007933050394058228 0.007933365181088448
          2.7677332647968456e-11 3.72743436116707e-9 3.1012339718472504e-7 0.00001130602049670415 0.000196823850274086 0.001247470616362989
          0.0027357356157153845 0.004148961044847965 0.005116999614983797 0.005354049615561962 0.005209889262914658 0.004845375660806894
          0.0042646038345992565 0.0036050970666110516 0.0029778319876641035 0.0024610620457679033 0.002096637384966016 0.0019247374730184674
          0.001938896020874381 0.002047633985057473 0.0032186980824917555 0.006507351528853178 0.012436171062290668 0.017273498699069023
          0.02048048935830593 0.02240452542901039 0.023540692403912544 0.024358080700039864 0.025162339210510254 0.026023218408226967
          0.027250979095697403 0.029205750674009323 0.03217948600649834 0.03502344340085983 0.023844260722398758 0.007805784698575735
          0.003751532407477498 0.003249445231631398 0.003589243395254016 0.00411302549764514 0.004643944092094898 0.005127910058945417
          0.005538923665881157 0.005818391218781471 0.005946035496890545 0.005911829881370068 0.0057909730821847916 0.005663852207362652
          0.00546755688264966 0.005326128099113703 0.005266952328383923 0.005250232294201851 0.005244371015578508 0.005246887914836407
          0.005261094309389591 0.005291615147143602 0.005343493074178696 0.005421316716820002 0.005531339906156063 0.005688277073204517
          0.00588177191093564 0.0061165993101894855 0.006394504569470882 0.006714181043207645 0.007067342754453421 0.007431792560964823
          0.007779428269714117 0.008081715553998947 0.008305175229907036 0.008431391790509224 7.429225637456405e-12 9.48819689483571e-10
          7.386499589756568e-8 0.0000023933048396429513 0.00003239380021113902 0.00021243772062007338 0.0005239122547209263 0.0008576372056268156
          0.0010967092821374536 0.0011516138911247253 0.0011532482458278537 0.0010699789272621274 0.0009417718974873424 0.0007965437253005803
          0.000653094903100282 0.0005473897326737642 0.0005949727492406964 0.0009725459385663271 0.001709327450953424 0.0024814761709421873
          0.002815279411152005 0.004122686572372913 0.00833431538194418 0.011745740659534931 0.014768139459192753 0.017568666487932205
          0.020057354122400284 0.022177306935191154 0.024011820554733276 0.025742560625076294 0.027774101123213768 0.030517680570483208
          0.03357158228754997 0.03533751890063286 0.0265951044857502 0.012407926842570305 0.006404848303645849 0.004336172714829445
          0.003811719361692667 0.0038775275461375713 0.004145818762481213 0.004452014807611704 0.004718360025435686 0.004900219850242138
          0.004984412807971239 0.00498053478077054 0.0049208300188183784 0.004827125929296017 0.004745542071759701 0.004697365220636129
          0.004675306845456362 0.004668382462114096 0.0046627759002149105 0.00464249774813652 0.004600136540830135 0.00454019196331501
          0.004473892506211996 0.004412817303091288 0.004365653730928898 0.004337995313107967 0.004333330783993006 0.0043534873984754086
          0.0043993801809847355 0.004472426138818264 0.00457517197355628 0.0047110081650316715 0.004883557558059692 0.005096233915537596
          0.005354091990739107 0.005659162066876888 1.57172831607294e-12 1.910609725985779e-10 1.4010598015090636e-8 4.17209378156258e-7
          0.000004681838163378416 0.000029056323910481296 0.0000761266564950347 0.00013312541705090553 0.0001790016976883635 0.00020096858497709036
          0.000212826271308586 0.00020910603052470833 0.00019114190945401788 0.00016079822671599686 0.0001287722261622548 0.00016634380153845996
          0.0005460833781398833 0.0017187056364491582 0.0038067479617893696 0.0060403612442314625 0.007272952701896429 0.0067808376625180244
          0.00901110377162695 0.012086467817425728 0.01550230011343956 0.018688034266233444 0.021357644349336624 0.023520106449723244
          0.02539091184735298 0.027308961376547813 0.029670383781194687 0.03246108070015907 0.03448930382728577 0.03468550369143486
          0.0281280055642128 0.016914457082748413 0.010213347151875496 0.00686841132119298 0.00530973169952631 0.004654635675251484
          0.004445497877895832 0.004445005673915148 0.004528917372226715 0.004633117001503706 0.004728465806692839 0.0048044603317976
          0.004858324769884348 0.004887398798018694 0.004888467025011778 0.004857017658650875 0.004801073577255011 0.004758307710289955
          0.004746653139591217 0.004730162676423788 0.004687725566327572 0.00461599649861455 0.004522981587797403 0.004420948680490255
          0.004320238716900349 0.004225088283419609 0.004139348864555359 0.004071138799190521 0.0040241265669465065 0.003994503524154425
          0.003976460080593824 0.003965516574680805 0.003959712106734514 0.003959492780268192 0.003967062570154667 0.0039856755174696445
          2.5693978737174883e-13 2.987217417871335e-11 2.0824828528276385e-9 5.907357447654249e-8 5.967521587990632e-7 0.0000034025606510112993
          0.000009411356586497277 0.000017772135834093206 0.000025214680135832168 0.00003091954204137437 0.00003532872142386623 0.00003712551188073121
          0.000035018576454604045 0.000028962380383745767 0.000029997743695275858 0.00015736617206130177 0.0009242474334314466 0.003298912663012743
          0.007535249460488558 0.011722172610461712 0.013585585169494152 0.012679211795330048 0.01256550382822752 0.015064120292663574
          0.019160859286785126 0.022376392036676407 0.024620333686470985 0.026305491104722023 0.027860896661877632 0.029659951105713844
          0.031861595809459686 0.03387942165136337 0.034439023584127426 0.033216945827007294 0.028544845059514046 0.020725388079881668
          0.014675197191536427 0.010854830034077168 0.00859244167804718 0.007303888909518719 0.006607747171074152 0.006271162070333958
          0.006155229639261961 0.006178671028465033 0.006295083090662956 0.006478096824139357 0.006711903959512711 0.006984528619796038
          0.007282852660864592 0.007589504588395357 0.007882645353674889 0.008117781952023506 0.008233646862208843 0.008215566165745258
          0.008069346658885479 0.007813689298927784 0.007467661052942276 0.0070378282107412815 0.006543921306729317 0.006028353236615658
          0.005551180336624384 0.005153120029717684 0.004840285982936621 0.004603992681950331 0.004427868872880936 0.004293729085475206
          0.004187558311969042 0.004102036356925964 0.004035891033709049 0.003992103040218353 3.102088762729424e-14 3.470306290595526e-12
          2.328944814777856e-10 6.4872409666349995e-9 6.403844565738837e-8 3.4495073464313464e-7 0.000001013788505588309 0.0000020777158624696312
          0.0000031357833449874306 0.000004053134034620598 0.000004946572062181076 0.00000562241802981589 0.00000573132092540618 0.000005194359800952952
          0.00001440935920982156 0.0001761790772434324 0.0011902499245479703 0.004907223861664534 0.011195247061550617 0.015954507514834404
          0.016357028856873512 0.01513151079416275 0.014793292619287968 0.016855889931321144 0.02302127331495285 0.02603399194777012
          0.02775557152926922 0.02900790050625801 0.030258117243647575 0.031753551214933395 0.03339008241891861 0.03440803289413452
          0.034002237021923065 0.03238607197999954 0.029425984248518944 0.02475951798260212 0.020214896649122238 0.016733979806303978
          0.014315012842416763 0.012718657031655312 0.011715933680534363 0.011134540662169456 0.010854502208530903 0.010794800706207752
          0.010901433415710926 0.011138439178466797 0.011481372639536858 0.01191236823797226 0.012415806762874126 0.012975595891475677
          0.013573744334280491 0.014188296161592007 0.014796075411140919 0.015374414622783661 0.01589689403772354 0.01632961444556713
          0.016637049615383148 0.016806958243250847 0.016842510551214218 0.016756834462285042 0.016569852828979492 0.016302524134516716
          0.015970366075634956 0.015581446699798107 0.015130364336073399 0.014605258591473103 0.013995197601616383 0.013296203687787056
          0.01251683197915554 0.011680429801344872 2.4711241794408024e-15 2.6832347650197763e-13 1.761821070977998e-11 4.969579747715613e-10
          5.0888271374560645e-9 2.8046947875282058e-8 8.746082613697581e-8 1.9149015884067921e-7 3.228772413876868e-7 4.346722732861963e-7
          5.22086224918894e-7 6.231074394236202e-7 7.130815333766805e-7 8.164503810803581e-7 0.000004547438948065974 0.00009375363151775673
          0.0008332885918207467 0.004321292042732239 0.010202192701399326 0.016176478937268257 0.017835915088653564 0.01763126440346241
          0.019126320257782936 0.022232256829738617 0.025483284145593643 0.027692923322319984 0.029987547546625137 0.030894968658685684
          0.031713876873254776 0.03263573348522186 0.03361070528626442 0.034114912152290344 0.033767588436603546 0.032793041318655014
          0.03137177973985672 0.029430514201521873 0.027109552174806595 0.02479403279721737 0.02278910204768181 0.02120361477136612
          0.020023087039589882 0.019186001271009445 0.018623430281877518 0.018274294212460518 0.018089132383465767 0.01802968420088291
          0.018067004159092903 0.01817924901843071 0.01834978722035885 0.01856568269431591 0.01881631463766098 0.019091470167040825
          0.019383128732442856 0.01968393288552761 0.019985653460025787 0.020278941839933395 0.020557483658194542 0.020824315026402473
          0.02108706533908844 0.02134917862713337 0.021608736366033554 0.021858541294932365 0.02208709344267845 0.02227998524904251
          0.02242845669388771 0.022528938949108124 0.022581465542316437 0.022584930062294006 0.022536437958478928 0.022433551028370857
          9.635335279474118e-17 1.0275172029959416e-14 6.745379537050067e-13 1.9914883978011666e-11 2.220985895196037e-10 1.343973932144138e-9
          4.661376618031454e-9 1.1046962455907305e-8 2.0175050963189278e-8 3.7185891699209606e-8 5.403503422485301e-8 6.219003978458204e-8
          6.609657532408164e-8 7.038308780238367e-8 8.874775403455715e-8 3.4797528769558994e-7 0.0000029137868295947555 0.00005638526636175811
          0.0014407840790227056 0.01067531667649746 0.020324213430285454 0.01908988691866398 0.01788172870874405 0.01806819997727871
          0.01950247585773468 0.022016199305653572 0.025309117510914803 0.02925032004714012 0.030830437317490578 0.03182234987616539
          0.03229101374745369 0.032351575791835785 0.03202548995614052 0.03146437183022499 0.03077036701142788 0.029986275359988213
          0.02913067303597927 0.02823249064385891 0.027334773913025856 0.026479069143533707 0.025692787021398544 0.0249869916588068
          0.02436063438653946 0.02380594052374363 0.02331244759261608 0.02286950871348381 0.022467486560344696 0.02209819294512272
          0.021754875779151917 0.021432075649499893 0.021125389263033867 0.020831797271966934 0.020549539476633072 0.020279012620449066
          0.020024139434099197 0.019793309271335602 0.019596779718995094 0.019445667043328285 0.019350815564393997 0.019321518018841743
          0.019364355131983757 0.019482426345348358 0.01967509835958481 0.019938301295042038 0.02026527002453804 0.020646855235099792
          0.021069800481200218 0.021520063281059265 0.021984223276376724 0.022450201213359833
        </DataArray>
        <DataArray type="Float32" Name="CO_Gas_mass_fractions_4" format="ascii" RangeMin="5.95930294738559e-16" RangeMax="0.2952505350112915">
          3.3883749139818065e-9 5.516940859706665e-7 0.00005911850166739896 0.0030597071163356304 0.05532122775912285 0.0970858782529831
          0.09715288877487183 0.09816090017557144 0.10023437440395355 0.10128600150346756 0.11278843134641647 0.12288515269756317
          0.1318131536245346 0.13970589637756348 0.1467207372188568 0.1529698371887207 0.15855161845684052 0.16383525729179382
          0.16899552941322327 0.17412446439266205 0.17931988835334778 0.18469414114952087 0.19038702547550201 0.19656960666179657
          0.20342187583446503 0.21109727025032043 0.21970076858997345 0.22935448586940765 0.24022240936756134 0.25174322724342346
          0.2618023753166199 0.269353985786438 0.2744322419166565 0.2813669443130493 0.08033936470746994 0.01792963221669197
          0.017770661041140556 0.017734680324792862 0.01770940236747265 0.01769131049513817 0.01767858862876892 0.0176701657474041
          0.017665378749370575 0.017663797363638878 0.017665136605501175 0.0176691971719265 0.017675824463367462 0.01768488809466362
          0.017696203663945198 0.017709439620375633 0.017724046483635902 0.017715884372591972 0.017695318907499313 0.01766919530928135
          0.017640400677919388 0.017609812319278717 0.017577556893229485 0.017543714493513107 0.017508622258901596 0.017472947016358376
          0.017437651753425598 0.017403919249773026 0.01737299934029579 0.01734599657356739 0.017323719337582588 0.01730659045279026
          0.017294621095061302 0.017287394031882286 0.01728406734764576 0.017283326014876366 1.560762297181384e-9 2.4943892640294507e-7
          0.000025896366423694417 0.0011883025290444493 0.023534923791885376 0.09133441001176834 0.1408899873495102 0.17712299525737762
          0.15694639086723328 0.20141324400901794 0.20416900515556335 0.20256578922271729 0.20084236562252045 0.19951432943344116
          0.19921107590198517 0.20046599209308624 0.2032916098833084 0.20671522617340088 0.21128889918327332 0.21207423508167267
          0.2116214483976364 0.21160100400447845 0.2126428782939911 0.21498629450798035 0.21870918571949005 0.22379066050052643
          0.22989033162593842 0.23605917394161224 0.24075670540332794 0.2429664134979248 0.2438257485628128 0.24716052412986755
          0.2557549774646759 0.2758404314517975 0.12120061367750168 0.02080071158707142 0.023905713111162186 0.027742557227611542
          0.031519629061222076 0.034976501017808914 0.03800094127655029 0.04055805504322052 0.04265185073018074 0.04430625960230827
          0.04555757716298103 0.04645274952054024 0.047048766165971756 0.04740939661860466 0.047597695142030716 0.04766899347305298
          0.04761260002851486 0.04753226414322853 0.047448039054870605 0.04736823961138725 0.04729508236050606 0.04722719267010689
          0.04716189578175545 0.04709649458527565 0.04702885076403618 0.04695766791701317 0.0468827560544014 0.046805545687675476
          0.04672890156507492 0.04665638133883476 0.04659164324402809 0.04653794318437576 0.04649755731225014 0.04647126421332359
          0.046457961201667786 0.04645441100001335 6.210374436932398e-10 9.543143875134774e-8 0.000009297800716012716 0.00037995813181623816
          0.007171623408794403 0.03503559157252312 0.06614607572555542 0.09245975315570831 0.10900171101093292 0.11609946191310883
          0.11788339912891388 0.11558444052934647 0.1094844788312912 0.10150911659002304 0.09314034879207611 0.08518236130475998
          0.07828541100025177 0.07331050932407379 0.0729902982711792 0.08624916523694992 0.10728579014539719 0.1314689815044403
          0.15693143010139465 0.17981550097465515 0.19538061320781708 0.204332172870636 0.209224134683609 0.21182335913181305
          0.21367469429969788 0.2163860946893692 0.2225390523672104 0.2333984375 0.2525199055671692 0.27970537543296814
          0.16510331630706787 0.03562210127711296 0.02499270625412464 0.030333830043673515 0.03591148182749748 0.0413234680891037
          0.046370118856430054 0.05092473328113556 0.05489122495055199 0.058198072016239166 0.060802116990089417 0.06269510090351105
          0.06391137093305588 0.06462253630161285 0.06503608822822571 0.06525179743766785 0.06570051610469818 0.06637503206729889
          0.06716129928827286 0.06799449771642685 0.06885236501693726 0.0697258710861206 0.07060305029153824 0.07146336883306503
          0.07227907329797745 0.07301962375640869 0.07366136461496353 0.07419244199991226 0.07460922002792358 0.07491999119520187
          0.07513958215713501 0.07528447359800339 0.07537226378917694 0.07541871070861816 0.07543648034334183 0.07543936371803284
          2.0389952226640418e-10 2.9750195196243112e-8 0.000002706659643081366 0.00009894811228150502 0.0015329301822930574 0.008909330703318119
          0.019774340093135834 0.03063732199370861 0.038743674755096436 0.04179850220680237 0.041866235435009 0.039920635521411896
          0.03597617521882057 0.031079662963747978 0.02616039849817753 0.0219578817486763 0.018950868397951126 0.017602574080228806
          0.017908113077282906 0.019017484039068222 0.02726801671087742 0.049135833978652954 0.08772803097963333 0.11961742490530014
          0.1421632319688797 0.1579076051712036 0.16987010836601257 0.1806342601776123 0.19166630506515503 0.20317499339580536
          0.21701321005821228 0.23587846755981445 0.2624416649341583 0.288198322057724 0.197809636592865 0.0671461969614029
          0.034215107560157776 0.030619466677308083 0.0340786874294281 0.03909369185566902 0.04414587840437889 0.048748113214969635
          0.05265651270747185 0.05531395226716995 0.05652737244963646 0.0562012605369091 0.055051419883966446 0.05384214222431183
          0.051974475383758545 0.05062888190150261 0.050065986812114716 0.0499073788523674 0.04985238239169121 0.049877412617206573
          0.050014037638902664 0.05030631273984909 0.05080222710967064 0.051545459777116776 0.05259564891457558 0.054093245416879654
          0.05593966692686081 0.05818081274628639 0.06083375960588455 0.06388632953166962 0.06725998222827911 0.07074297219514847
          0.07406675070524216 0.07695814967155457 0.07909640669822693 0.08030471950769424 5.363215080378403e-11 7.420176029171444e-9
          6.325649337668438e-7 0.00002135631802957505 0.00026769773103296757 0.0016286899335682392 0.00405079172924161 0.006785178557038307
          0.008942503482103348 0.00972142443060875 0.01000230573117733 0.009501655586063862 0.00852226372808218 0.007308545056730509
          0.006052499171346426 0.0051188357174396515 0.005625778343528509 0.009260827675461769 0.01629185490310192 0.023639166727662086
          0.026661133393645287 0.036830201745033264 0.06809526681900024 0.09357240051031113 0.11667333543300629 0.13860121369361877
          0.15876537561416626 0.1767556369304657 0.19301161170005798 0.2088204324245453 0.22699207067489624 0.25062137842178345
          0.27753809094429016 0.2952505350112915 0.22313615679740906 0.10617062449455261 0.056606657803058624 0.03968851640820503
          0.035690974444150925 0.036664873361587524 0.039335932582616806 0.04228786379098892 0.044833313673734665 0.04656602814793587
          0.04736679419875145 0.04732915014028549 0.046760909259319305 0.04587006941437721 0.045095592737197876 0.04463571682572365
          0.04442105442285538 0.04435104876756668 0.04429514333605766 0.044101376086473465 0.04369938001036644 0.04313194006681442
          0.04250549152493477 0.04192957654595375 0.041486285626888275 0.041228581219911575 0.04118942469358444 0.041385818272829056
          0.04182622954249382 0.042524147778749466 0.04350394755601883 0.04479815438389778 0.04644160717725754 0.04846730828285217
          0.05092410743236542 0.05383222550153732 1.1078847908518874e-11 1.4553670490968784e-9 1.1668095112327137e-7 0.000003636770770754083
          0.0000404467064072378 0.00023663048341404647 0.0006266552954912186 0.0011232888791710138 0.0015538953011855483 0.0017979099648073316
          0.0019454570719972253 0.0019413633272051811 0.0017949090106412768 0.0015261967200785875 0.0012398165417835116 0.0016181842656806111
          0.005262293387204409 0.016442429274320602 0.036259446293115616 0.05738399922847748 0.06902308017015457 0.0636458694934845
          0.08257415890693665 0.10647592693567276 0.1328408122062683 0.15740609169006348 0.17809408903121948 0.1951601803302765
          0.21035465598106384 0.22630809247493744 0.24594812095165253 0.26946568489074707 0.28900760412216187 0.29523763060569763
          0.24013067781925201 0.14602115750312805 0.08976271748542786 0.061696164309978485 0.04869207739830017 0.04333922639489174
          0.04177107661962509 0.041966088116168976 0.042855773121118546 0.04388495907187462 0.04480282589793205 0.04552265256643295
          0.0460253581404686 0.04629024118185043 0.04628993198275566 0.04598509520292282 0.04545363783836365 0.04504751041531563
          0.04493418708443642 0.04477808251976967 0.04438173398375511 0.04371350258588791 0.04284783452749252 0.041899025440216064
          0.04096334055066109 0.04008020460605621 0.03928574547171593 0.03865588456392288 0.03822456672787666 0.037955738604068756
          0.037794724106788635 0.03769946098327637 0.037651680409908295 0.037655800580978394 0.03773282840847969 0.037913721054792404
          1.7603066356994268e-12 2.20201745726456e-10 1.6737976338276894e-8 5.04235060816427e-7 0.000005066648554929998 0.00002896518708439544
          0.00008139862620737404 0.00015686328697483987 0.00022756581893190742 0.00028860269230790436 0.00033766988781280816 0.0003617064212448895
          0.00034926366060972214 0.00030068395426496863 0.00032165145967155695 0.001552517176605761 0.008886969648301601 0.03146974369883537
          0.07150934636592865 0.11080094426870346 0.12800218164920807 0.11906620115041733 0.1162523627281189 0.13471175730228424
          0.16679659485816956 0.19184869527816772 0.20905496180057526 0.22191138565540314 0.23398754000663757 0.24828125536441803
          0.26614147424697876 0.28382018208503723 0.2924964129924774 0.2881075441837311 0.2492431104183197 0.18221838772296906
          0.13035836815834045 0.09763004630804062 0.0782693549990654 0.06727800518274307 0.06139080226421356 0.058610349893569946
          0.057742562144994736 0.05808858945965767 0.059250231832265854 0.061002206057310104 0.06320963054895401 0.06576862186193466
          0.06856179982423782 0.07143033295869827 0.07417241483926773 0.07637391239404678 0.07746325433254242 0.0773027092218399
          0.07594534009695053 0.07356458157300949 0.0703377053141594 0.06632592529058456 0.06171344220638275 0.056896451860666275
          0.05243663489818573 0.04871590435504913 0.04579298570752144 0.043587826192379 0.04194790497422218 0.04070313274860382
          0.03972207009792328 0.038935791701078415 0.03833205625414848 0.0379386767745018 2.0571147866729755e-13 2.4610943491487625e-11
          1.7928156736957135e-9 5.3642242647811145e-8 5.370997087084106e-7 0.000002849329803211731 0.000008734271432331298 0.00001855820846685674
          0.000028902815756737255 0.00004194848224869929 0.00005589508873526938 0.00006801060226280242 0.00007536778139183298 0.00007775838457746431
          0.00017513982311356813 0.0017336938763037324 0.011420978233218193 0.046663798391819 0.10578349977731705 0.14988869428634644
          0.15255872905254364 0.13944067060947418 0.13362406194210052 0.14934837818145752 0.19955119490623474 0.22357992827892303
          0.23685459792613983 0.24625925719738007 0.25569474697113037 0.26726090908050537 0.28051093220710754 0.29039958119392395
          0.2911188006401062 0.282728374004364 0.2605940103530884 0.22132430970668793 0.1821255087852478 0.1519184112548828
          0.1309027522802353 0.11705510318279266 0.10840040445327759 0.10344459116458893 0.10114511847496033 0.10079743713140488
          0.10193193703889847 0.10423599928617477 0.10749701410531998 0.11155779659748077 0.11628127098083496 0.12152332067489624
          0.127118781208992 0.13286441564559937 0.13854661583900452 0.14395542442798615 0.14884455502033234 0.15289729833602905
          0.15578405559062958 0.15739503502845764 0.15776188671588898 0.15700647234916687 0.15531399846076965 0.15287832915782928
          0.14984388649463654 0.14628280699253082 0.14214342832565308 0.13731266558170319 0.13168467581272125 0.12521782517433167
          0.11798767000436783 0.11020930111408234 1.5821965590988307e-14 1.823090073002631e-12 1.2906842261628526e-10 3.932240755233352e-9
          4.141141118907399e-8 2.2899473606230458e-7 7.324491662075161e-7 0.0000016252578234343673 0.0000028587489850906422 0.000003989569904661039
          0.000009127692464971915 0.000015612858987879008 0.000022754762539989315 0.00003089176243520342 0.0000749563769204542 0.0009380696574226022
          0.007995977066457272 0.04096357524394989 0.09604985266923904 0.1512128859758377 0.16484729945659637 0.1601490080356598
          0.17015647888183594 0.19439512491226196 0.22041553258895874 0.23801365494728088 0.2560702860355377 0.2628197968006134
          0.2689536511898041 0.2760297656059265 0.28392887115478516 0.2890836298465729 0.2885371148586273 0.28319257497787476
          0.2737979292869568 0.2594468295574188 0.24117767810821533 0.22235217690467834 0.20578429102897644 0.19258613884449005
          0.1827479600906372 0.17580509185791016 0.17119824886322021 0.16841845214366913 0.16704775393009186 0.16676023602485657
          0.16730806231498718 0.16850365698337555 0.17020392417907715 0.17229722440242767 0.17469121515750885 0.1772955060005188
          0.18003763258457184 0.1828492432832718 0.18565581738948822 0.18838463723659515 0.190990149974823 0.19350697100162506
          0.1960066854953766 0.1985192447900772 0.20102305710315704 0.20344693958759308 0.20567980408668518 0.20758409798145294
          0.20907433331012726 0.2101140171289444 0.21070286631584167 0.210830420255661 0.21046961843967438 0.2095974236726761
          5.95930294738559e-16 6.678318786651136e-14 4.684128519089059e-12 1.492867357510974e-10 1.728045040394477e-9 1.0645428538680335e-8
          3.7655695450666826e-8 8.981700716503838e-8 1.657038382063547e-7 3.0773554726692964e-7 4.5923397351543827e-7 0.000001065778292286268
          0.000006806456440244801 0.000012814235560654197 0.00001945113399415277 0.00002916629091487266 0.0000620358478045091 0.0005828438443131745
          0.013747491873800755 0.10066016018390656 0.18995878100395203 0.17696993052959442 0.1639178991317749 0.16340716183185577
          0.1738857626914978 0.19363778829574585 0.21988843381404877 0.2509690225124359 0.26325175166130066 0.27091777324676514
          0.27482619881629944 0.2758873999118805 0.2741027772426605 0.2704474925994873 0.2656523585319519 0.2600550353527069
          0.253795325756073 0.24708810448646545 0.24027693271636963 0.2337096482515335 0.22762730717658997 0.22213809192180634
          0.21724797785282135 0.21290388703346252 0.20902752876281738 0.20553657412528992 0.2023555040359497 0.1994195431470871
          0.1966751664876938 0.19407907128334045 0.19159671664237976 0.1892053782939911 0.18689504265785217 0.18467843532562256
          0.18260407447814941 0.1807532012462616 0.17922177910804749 0.1781124621629715 0.1775241196155548 0.17754019796848297
          0.17821833491325378 0.17958372831344604 0.18162736296653748 0.18430912494659424 0.1875651478767395 0.1913105994462967
          0.19542181491851807 0.19976846873760223 0.20422665774822235 0.20868539810180664
        </DataArray>
        <DataArray type="Float32" Name="CO2_Gas_mass_fractions_5" format="ascii" RangeMin="1.6136751621549975e-15" RangeMax="0.302741140127182">
          5.338451902758834e-9 8.329481602231681e-7 0.00008635198173578829 0.005477776750922203 0.28318455815315247 0.12010714411735535
          0.10154897719621658 0.09574135392904282 0.09441638737916946 0.09294871985912323 0.09791111201047897 0.10234536230564117
          0.10611770302057266 0.10921075940132141 0.11162948608398438 0.11333916336297989 0.1143922358751297 0.11536645889282227
          0.11641457676887512 0.11755743622779846 0.11882120370864868 0.12024220079183578 0.12187176197767258 0.12377995252609253
          0.1260509192943573 0.12877565622329712 0.1320778727531433 0.1362963169813156 0.14240483939647675 0.15181003510951996
          0.16414251923561096 0.1775597780942917 0.18722590804100037 0.1922920197248459 0.05142955482006073 0.009524368681013584
          0.009423255920410156 0.009404061362147331 0.009390582330524921 0.00938093475997448 0.009374148212373257 0.009369653649628162
          0.009367097169160843 0.009366249665617943 0.00936695747077465 0.00936911441385746 0.009372641332447529 0.009377466514706612
          0.0093834912404418 0.009390540421009064 0.009398321621119976 0.009393961168825626 0.009382990188896656 0.009369056671857834
          0.009353701956570148 0.009337394498288631 0.009320198558270931 0.00930215884000063 0.009283455088734627 0.009264441207051277
          0.009245631285011768 0.009227655827999115 0.009211178869009018 0.009196790866553783 0.00918492116034031 0.009175796061754227
          0.00916941836476326 0.0091655682772398 0.009163795970380306 0.009163402020931244 2.540297527886537e-9 3.855366230709478e-7
          0.000038925838452996686 0.002599156927317381 0.2930176556110382 0.24611884355545044 0.2297787368297577 0.2168959081172943
          0.1733173429965973 0.2030266970396042 0.20277394354343414 0.20282335579395294 0.20321500301361084 0.203060120344162
          0.20145690441131592 0.19744999706745148 0.18937763571739197 0.1755254864692688 0.16119378805160522 0.15196560323238373
          0.14634650945663452 0.14293764531612396 0.14106765389442444 0.14039504528045654 0.14079402387142181 0.14248254895210266
          0.146133154630661 0.15276679396629333 0.16295233368873596 0.17546255886554718 0.18786315619945526 0.1964414417743683
          0.20076149702072144 0.1986573487520218 0.07941363006830215 0.01108874473720789 0.012695865705609322 0.014742083847522736
          0.016756586730480194 0.018600208684802055 0.02021309733390808 0.021576665341854095 0.02269306778907776 0.023575088009238243
          0.0242420956492424 0.024719154462218285 0.025036683306097984 0.025228723883628845 0.025328941643238068 0.025366876274347305
          0.02533620595932007 0.02529251202940941 0.025246649980545044 0.025203155353665352 0.025163238868117332 0.025126157328486443
          0.025090450420975685 0.025054652243852615 0.025017598643898964 0.02497858740389347 0.024937525391578674 0.024895204231142998
          0.02485320158302784 0.024813473224639893 0.02477802336215973 0.024748627096414566 0.02472652867436409 0.02471213974058628
          0.024704860523343086 0.02470291592180729 1.0415057705159825e-9 1.5102186523563432e-7 0.000014354662198456936 0.000823157315608114
          0.05117633938789368 0.096799835562706 0.12396030128002167 0.1380760669708252 0.21589097380638123 0.24279464781284332
          0.25811004638671875 0.25958767533302307 0.2628094553947449 0.26674172282218933 0.2706274688243866 0.2741566300392151
          0.27714645862579346 0.2792505621910095 0.2785770297050476 0.2678336799144745 0.24980732798576355 0.22870971262454987
          0.20671436190605164 0.18851301074028015 0.17896734178066254 0.17727036774158478 0.18079957365989685 0.18748785555362701
          0.1954919844865799 0.20299972593784332 0.20800237357616425 0.21000085771083832 0.2078840136528015 0.2012341171503067
          0.10871963948011398 0.02093208208680153 0.01328232977539301 0.01612723432481289 0.01910792663693428 0.022005509585142136
          0.024713680148124695 0.027164047583937645 0.029303686693310738 0.031092388555407524 0.03250526264309883 0.03353601321578026
          0.034202080219984055 0.034595903009176254 0.03482944890856743 0.03495544567704201 0.03520818427205086 0.03558381646871567
          0.036020148545503616 0.03648165240883827 0.036956075578927994 0.03743845224380493 0.03792225196957588 0.038396287709474564
          0.03884543478488922 0.03925298899412155 0.039605654776096344 0.03989672660827637 0.0401240810751915 0.04029235616326332
          0.04040997102856636 0.0404864065349102 0.040531713515520096 0.04055459424853325 0.04056175798177719 0.04056146368384361
          3.53362783478417e-10 4.8588621126555154e-8 0.0000043119393922097515 0.00021624148939736187 0.010757737793028355 0.02796011045575142
          0.04350586608052254 0.05461938679218292 0.06930887699127197 0.20908960700035095 0.29034972190856934 0.291700154542923
          0.29328083992004395 0.29496651887893677 0.29647037386894226 0.29763463139533997 0.2983984351158142 0.29870176315307617
          0.29858359694480896 0.2982543110847473 0.29417434334754944 0.28202590346336365 0.25945115089416504 0.24094048142433167
          0.22912144660949707 0.22294628620147705 0.2205478549003601 0.21999627351760864 0.21991769969463348 0.2199777364730835
          0.2189067006111145 0.21552155911922455 0.20892146229743958 0.201410710811615 0.12962684035301208 0.04172997921705246
          0.019536472856998444 0.016580777242779732 0.018188120797276497 0.020820392295718193 0.02351956069469452 0.025990333408117294
          0.02809361182153225 0.02952456846833229 0.030172772705554962 0.029982801526784897 0.029348380863666534 0.028693974018096924
          0.027693038806319237 0.026973946020007133 0.026675157248973846 0.02659447491168976 0.026571843773126602 0.02659520134329796
          0.026682237163186073 0.026857882738113403 0.02714981697499752 0.02758411131799221 0.028197167441248894 0.02907436154782772
          0.030163567513227463 0.0314985066652298 0.0330972857773304 0.03496110439300537 0.03704998269677162 0.03923802450299263
          0.04135461151599884 0.04321673884987831 0.04460783675312996 0.04540379345417023 9.657468574841843e-11 1.2602743737488709e-8
          0.000001045146063916036 0.000046290169848361984 0.00192622235044837 0.005703198257833719 0.010060344822704792 0.014570381492376328
          0.08071601390838623 0.29777082800865173 0.3005725145339966 0.3007703423500061 0.3010152280330658 0.30127131938934326
          0.3015160858631134 0.3016733229160309 0.3014713525772095 0.3005264699459076 0.29881665110588074 0.2970491647720337
          0.2961476445198059 0.2920070290565491 0.2779691815376282 0.26658251881599426 0.25671419501304626 0.2478199601173401
          0.24027788639068604 0.23434339463710785 0.2297130525112152 0.2258281707763672 0.2212790548801422 0.21465109288692474
          0.20704886317253113 0.20111338794231415 0.14605964720249176 0.06773318350315094 0.03471152484416962 0.023110289126634598
          0.019916420802474022 0.019978761672973633 0.02119891345500946 0.02267853543162346 0.023990433663129807 0.02488991990685463
          0.025299984961748123 0.025264883413910866 0.024948133155703545 0.024461470544338226 0.024038638919591904 0.023793157190084457
          0.023685455322265625 0.023653557524085045 0.023626750335097313 0.02352343313395977 0.02330595813691616 0.022997746244072914
          0.022656913846731186 0.022343583405017853 0.022102899849414825 0.021963851526379585 0.02194492146372795 0.022056572139263153
          0.022304672747850418 0.022697802633047104 0.02325081266462803 0.023983735591173172 0.024919208139181137 0.026080938056111336
          0.027505358681082726 0.029215406626462936 2.0919189991364107e-11 2.6014994602974184e-9 2.0299074776630732e-7 0.000008035653081606142
          0.0002663113409653306 0.0008655607234686613 0.0017237960128113627 0.016585541889071465 0.13445444405078888 0.30182576179504395
          0.30239278078079224 0.3023921251296997 0.3024106025695801 0.30245232582092285 0.3024944067001343 0.3023587465286255
          0.3014020621776581 0.2986944317817688 0.2941329777240753 0.2893580496311188 0.28658655285835266 0.2868410348892212
          0.280448317527771 0.2707039415836334 0.2599041163921356 0.24984031915664673 0.24146704375743866 0.2348930388689041
          0.22955535352230072 0.22447015345096588 0.21832184493541718 0.21103033423423767 0.2058756798505783 0.20232999324798584
          0.16055648028850555 0.09636037051677704 0.05833994969725609 0.03915778920054436 0.029947660863399506 0.025811610743403435
          0.02422175370156765 0.02386324293911457 0.02404181659221649 0.024393193423748016 0.024744367226958275 0.025025177747011185
          0.02521022967994213 0.025279046967625618 0.025211337953805923 0.02498053014278412 0.024632619693875313 0.0243876650929451
          0.024341130629181862 0.024270260706543922 0.024050159379839897 0.023662373423576355 0.023152722045779228 0.022590255364775658
          0.02203354239463806 0.02150769904255867 0.02103564888238907 0.020662525668740273 0.020407915115356445 0.020250437781214714
          0.020158249884843826 0.020106883719563484 0.020085394382476807 0.020095765590667725 0.02014956623315811 0.020264320075511932
          3.5286276938578665e-12 4.2065842476013415e-10 3.12967287641186e-8 0.0000011543082791831694 0.000030161540053086355 0.00010822858166648075
          0.0003109081299044192 0.02562389150261879 0.2035500854253769 0.3024374544620514 0.30268704891204834 0.30267995595932007
          0.3026772141456604 0.3026806712150574 0.302661657333374 0.3023185133934021 0.30046191811561584 0.2951890528202057
          0.28637003898620605 0.27789512276649475 0.27386781573295593 0.2748088240623474 0.2732139229774475 0.26418837904930115
          0.2514502704143524 0.24156814813613892 0.23458120226860046 0.22935321927070618 0.22473567724227905 0.21966738998889923
          0.21361999213695526 0.20841045677661896 0.20723523199558258 0.20702074468135834 0.1773880273103714 0.12838061153888702
          0.09117531776428223 0.06770247220993042 0.05360225588083267 0.04531888663768768 0.04058251529932022 0.03801998123526573
          0.0368129126727581 0.036478959023952484 0.03673712536692619 0.037422001361846924 0.038430072367191315 0.03968074917793274
          0.04108738526701927 0.0425405353307724 0.04390990361571312 0.044935937970876694 0.04527173191308975 0.044865090399980545
          0.04378679022192955 0.04216757416725159 0.040108248591423035 0.037598952651023865 0.03472975641489029 0.03175608441233635
          0.029045218601822853 0.02682550810277462 0.025107549503445625 0.02382364124059677 0.0228698942810297 0.02213897928595543
          0.021552657708525658 0.021073296666145325 0.02069762349128723 0.0204452034085989 4.446597170332245e-13 5.116143272920759e-11
          3.6930414282210222e-9 1.3326022951787309e-7 0.000002944423840745003 0.000011757214451790787 0.00003642747469712049 0.0013906225794926286
          0.19983310997486115 0.30229178071022034 0.3027333915233612 0.3027305603027344 0.3027251660823822 0.3027196526527405
          0.3026859164237976 0.302264004945755 0.2998625636100769 0.291920930147171 0.2793043553829193 0.26977717876434326
          0.26800504326820374 0.26840025186538696 0.26620709896087646 0.25887230038642883 0.24078699946403503 0.23202058672904968
          0.22683586180210114 0.2229844480752945 0.2192165106534958 0.21486374735832214 0.21029460430145264 0.20796062052249908
          0.2097112089395523 0.21309500932693481 0.20243024826049805 0.17320773005485535 0.14248524606227875 0.11858478933572769
          0.10181114077568054 0.09056749194860458 0.08331231772899628 0.07889670878648758 0.0765281617641449 0.07567449659109116
          0.07598090171813965 0.0772089809179306 0.0791926234960556 0.08180361241102219 0.08492223173379898 0.08841732889413834
          0.09213799983263016 0.09590401500463486 0.09953958541154861 0.10289812833070755 0.1058279275894165 0.10811637341976166
          0.10949298739433289 0.10973459482192993 0.10874121636152267 0.10664017498493195 0.10371483862400055 0.10027952492237091
          0.09657232463359833 0.0927385538816452 0.08874978125095367 0.08452330529689789 0.07999598234891891 0.07514923810958862
          0.0700329914689064 0.064773328602314 3.766874101052489e-14 4.215445267158335e-12 3.010103555300958e-10 1.1125065313422056e-8
          2.2937130950140272e-7 0.0000010467532547409064 0.0000035455966553854523 0.00014110082702245563 0.025541964918375015 0.15920576453208923
          0.30226659774780273 0.3027370870113373 0.30273744463920593 0.3027311861515045 0.30271413922309875 0.3024815022945404
          0.3007681667804718 0.2935065031051636 0.2816823124885559 0.2693168520927429 0.2643081545829773 0.2615784704685211
          0.2546476423740387 0.24429841339588165 0.23438891768455505 0.22779808938503265 0.2210513800382614 0.21827635169029236
          0.21580485999584198 0.21308831870555878 0.21034745872020721 0.20928996801376343 0.21083976328372955 0.21390244364738464
          0.21543169021606445 0.21221505105495453 0.2036742866039276 0.1925189346075058 0.18170057237148285 0.172765851020813
          0.1661425530910492 0.16171889007091522 0.15920057892799377 0.15827402472496033 0.1586652547121048 0.16015449166297913
          0.1625707447528839 0.1657777726650238 0.16965994238853455 0.17411193251609802 0.17903167009353638 0.1843019723892212
          0.18983213603496552 0.19553138315677643 0.20121686160564423 0.20643337070941925 0.21067897975444794 0.21369345486164093
          0.21543346345424652 0.21590159833431244 0.21513816714286804 0.21321336925029755 0.2102201133966446 0.2062729448080063
          0.2016191929578781 0.19654592871665955 0.19121286273002625 0.18571719527244568 0.1801135241985321 0.17444102466106415
          1.6136751621549975e-15 1.7697719375056598e-13 1.2773759480722013e-11 5.028858995892449e-10 1.058754062199796e-8 5.5892645178801104e-8
          2.079837742030577e-7 0.000007214482138806488 0.0009402547730132937 0.15313731133937836 0.17673616111278534 0.2751789689064026
          0.3026929795742035 0.302741140127182 0.30273616313934326 0.3027293384075165 0.3027160167694092 0.30257943272590637
          0.2995274066925049 0.2810506820678711 0.26242610812187195 0.26305705308914185 0.26284506916999817 0.25977376103401184
          0.2540167570114136 0.2457752376794815 0.23571880161762238 0.2237766683101654 0.21902000904083252 0.21603934466838837
          0.21474426984786987 0.21478191018104553 0.21600113809108734 0.21788693964481354 0.2199832946062088 0.22191061079502106
          0.22333204746246338 0.22411426901817322 0.22438503801822662 0.22441092133522034 0.22445020079612732 0.22467932105064392
          0.22518764436244965 0.22600127756595612 0.22710922360420227 0.22848396003246307 0.23009425401687622 0.2319120168685913
          0.23391512036323547 0.23608781397342682 0.23841556906700134 0.240886390209198 0.24346376955509186 0.24605931341648102
          0.24852634966373444 0.2508196532726288 0.25290900468826294 0.25476035475730896 0.25633862614631653 0.2576106786727905
          0.25854742527008057 0.25912460684776306 0.25932127237319946 0.2591151297092438 0.2584730088710785 0.2573549747467041
          0.25579455494880676 0.2538483142852783 0.2515805959701538 0.249062642455101
        </DataArray>
        <DataArray type="Float32" Name="H2_Gas_mass_fractions_6" format="ascii" RangeMin="1.0051773072291284e-16" RangeMax="0.05059222877025604">
          5.785872891905797e-10 9.441659898357102e-8 0.000010144294719793834 0.0005227104411460459 0.009389539249241352 0.014488862827420235
          0.014694662764668465 0.01493807602673769 0.015346684493124485 0.015558069571852684 0.017621975392103195 0.019431451335549355
          0.021031469106674194 0.022445017471909523 0.023699244484305382 0.024813078343868256 0.02580402046442032 0.026742534711956978
          0.027660764753818512 0.028575031086802483 0.02950276993215084 0.03046409599483013 0.03148413449525833 0.032593704760074615
          0.03382528945803642 0.035206571221351624 0.03675658255815506 0.03849845007061958 0.0404667928814888 0.042571358382701874
          0.044435765594244 0.04586141183972359 0.04681834951043129 0.04805900529026985 0.013751176185905933 0.003086014650762081
          0.0030587688088417053 0.003052579006180167 0.0030482278671115637 0.003045113990083337 0.003042924217879772 0.0030414743814617395
          0.0030406503938138485 0.0030403784476220608 0.003040608949959278 0.0030413076747208834 0.0030424485448747873 0.0030440085101872683
          0.003045956138521433 0.003048234386369586 0.003050748724490404 0.003049343591555953 0.0030458038672804832 0.0030413074418902397
          0.00303635117597878 0.003031086176633835 0.0030255343299359083 0.003019709140062332 0.00301366881467402 0.0030075281392782927
          0.003001453122124076 0.0029956470243632793 0.0029903247486799955 0.002985676983371377 0.0029818424955010414 0.0029788941610604525
          0.0029768338426947594 0.0029755900613963604 0.002975017298012972 0.0029748897068202496 2.662163267608264e-10 4.267548803227328e-8
          0.000004446094862942118 0.000203311734367162 0.00400199368596077 0.015109744854271412 0.02355528622865677 0.029811184853315353
          0.025665640830993652 0.03401561453938484 0.0345749594271183 0.03434281423687935 0.0340755395591259 0.033861320465803146
          0.033805884420871735 0.03399580344557762 0.034417591989040375 0.03488333523273468 0.03554432466626167 0.03559185564517975
          0.035458680242300034 0.03542402759194374 0.03559182584285736 0.03600073233246803 0.03666310757398605 0.03757691755890846
          0.0386875681579113 0.03983578085899353 0.040753766894340515 0.041250500828027725 0.04150327667593956 0.04214970022439957
          0.04367285594344139 0.047143854200839996 0.020740071311593056 0.0035800712648779154 0.004114758223295212 0.004775184206664562
          0.005425312556326389 0.006020326633006334 0.006540908012539148 0.006981050595641136 0.007341444958001375 0.00762621033936739
          0.007841592654585838 0.007995674386620522 0.00809826422482729 0.008160336874425411 0.008192747831344604 0.008205019868910313
          0.008195312693715096 0.00818148534744978 0.00816698744893074 0.008153251372277737 0.00814065895974636 0.00812897365540266
          0.008117733523249626 0.008106476627290249 0.008094833232462406 0.00808257982134819 0.008069685660302639 0.008056395687162876
          0.008043202571570873 0.008030719123780727 0.008019575849175453 0.00801033340394497 0.00800338201224804 0.007998855784535408
          0.007996565662324429 0.00799595471471548 1.0583358495130923e-10 1.632040280696856e-8 0.0000015958831909301807 0.00006510371895274147
          0.0012211150024086237 0.005919761955738068 0.011199994944036007 0.015681415796279907 0.018508389592170715 0.019748520106077194
          0.020074699074029922 0.01970265619456768 0.018679333850741386 0.01733156107366085 0.015912411734461784 0.01456022821366787
          0.013387174345552921 0.012540554627776146 0.01248045265674591 0.014698028564453125 0.018207382410764694 0.022238582372665405
          0.02648572437465191 0.03031967580318451 0.03295695409178734 0.03451157361268997 0.035403456538915634 0.03592029958963394
          0.03631392866373062 0.03684873878955841 0.03795820102095604 0.03985896706581116 0.04316110536456108 0.047833897173404694
          0.028254248201847076 0.006115735042840242 0.0043018232099711895 0.005221198778599501 0.006181261036545038 0.007112803868949413
          0.00798146240413189 0.008765429258346558 0.009448166936635971 0.010017363354563713 0.010465605184435844 0.010791442357003689
          0.011000800877809525 0.011123215779662132 0.011194405145943165 0.011231537908315659 0.011308776214718819 0.011424881406128407
          0.011560223996639252 0.011703643016517162 0.01185130700469017 0.012001662515103817 0.012152651324868202 0.012300736270844936
          0.012441142462193966 0.012568611651659012 0.012679072096943855 0.012770485132932663 0.012842223979532719 0.012895716354250908
          0.012933512218296528 0.012958451174199581 0.012973561882972717 0.012981556355953217 0.012984614819288254 0.012985111214220524
          3.4715591512579635e-11 5.084153098522393e-9 4.643163435957831e-7 0.00001697573134151753 0.0002616691344883293 0.0015145556535571814
          0.003363616531714797 0.005216892343014479 0.006605145987123251 0.007136048749089241 0.007156237028539181 0.006830262020230293
          0.0061605642549693584 0.005325650796294212 0.004484659526497126 0.003764837048947811 0.003249088302254677 0.0030176921281963587
          0.003070264356210828 0.003260805970057845 0.0046623870730400085 0.008366723544895649 0.014896687120199203 0.020296238362789154
          0.02412666566669941 0.02682073600590229 0.028887474909424782 0.0307596568018198 0.03268050029873848 0.034683018922805786
          0.037079162895679474 0.04032861068844795 0.0448903813958168 0.04931585490703583 0.033860787749290466 0.011511627584695816
          0.005879814736545086 0.005268589593470097 0.005865511484444141 0.00672895647585392 0.007598592434078455 0.008390761911869049
          0.009063505567610264 0.009520932100713253 0.009729797951877117 0.00967366248369217 0.009475743398070335 0.009267590939998627
          0.008946106769144535 0.00871448777616024 0.008617596700787544 0.00859029684215784 0.008580832742154598 0.008585145696997643
          0.008608669973909855 0.008658986538648605 0.008744359016418457 0.008872303180396557 0.00905308686196804 0.009310885332524776
          0.00962872989475727 0.010014524683356285 0.010471208021044731 0.010996686294674873 0.011577442288398743 0.01217702403664589
          0.012749205343425274 0.013246957212686539 0.013615059666335583 0.013823073357343674 9.122222074942066e-12 1.266905469421431e-9
          1.0843007913763358e-7 0.000003666775455712923 0.000045815751946065575 0.00027782077086158097 0.0006912578246556222 0.001159089501015842
          0.0015296596102416515 0.0016649423632770777 0.0017140053678303957 0.0016287091420963407 0.0014606679324060678 0.001251779729500413
          0.0010351338423788548 0.000873570388648659 0.0009596071322448552 0.0015837878454476595 0.0027923788875341415 0.0040556080639362335
          0.0045741549693048 0.006310350727289915 0.011637324467301369 0.015979234129190445 0.019920511171221733 0.02366587705910206
          0.02711528167128563 0.030198879539966583 0.03299008682370186 0.03570767492055893 0.03882875666022301 0.042880862951278687
          0.04750077798962593 0.05055546015501022 0.038214296102523804 0.018197814002633095 0.009715430438518524 0.006821298040449619
          0.006139679811894894 0.006309599615633488 0.006770149804651737 0.007278522942215204 0.00771675631403923 0.008015034720301628
          0.008152876049280167 0.008146396838128567 0.00804858934134245 0.007895257323980331 0.007761962246149778 0.00768279517069459
          0.007645811419934034 0.007633732166141272 0.007624091114848852 0.0075907320715487 0.0075215427204966545 0.007423887960612774
          0.007316086441278458 0.007216987200081348 0.007140718400478363 0.007096393965184689 0.007089685648679733 0.007123518735170364
          0.007199347950518131 0.007319495547562838 0.007488158065825701 0.007710936013609171 0.007993828505277634 0.008342517539858818
          0.008765416219830513 0.00926600769162178 1.8821250981349014e-12 2.481840288837134e-10 1.997725362912206e-8 6.23839355284872e-7
          0.000006935282272024779 0.00004047404581797309 0.00010723571904236451 0.00019242406415287405 0.00026647522463463247 0.0003078751324210316
          0.0003324249992147088 0.0003308570303488523 0.0003047188220079988 0.00025743202422745526 0.00020693347323685884 0.00027054440579377115
          0.0008958408143371344 0.0028178244829177856 0.006226033437997103 0.009859411045908928 0.01186105702072382 0.010931616649031639
          0.014175518415868282 0.01825813017785549 0.022759858518838882 0.026953833177685738 0.03048643469810486 0.03340279683470726
          0.036002449691295624 0.0387345515191555 0.04209776967763901 0.04612698033452034 0.04949231445789337 0.05059222877025604
          0.04115421324968338 0.025037052109837532 0.015402192249894142 0.010595627129077911 0.008369175717234612 0.007453564088791609
          0.007186417002230883 0.007221306674182415 0.007375063840299845 0.007552477531135082 0.007710547652095556 0.007834434509277344
          0.007920903153717518 0.00796642154455185 0.007966301403939724 0.007913796231150627 0.007822329178452492 0.0077524334192276
          0.007732912432402372 0.007706050295382738 0.0076378812082111835 0.0075229620561003685 0.007374094799160957 0.007210934069007635
          0.0070500364527106285 0.006898180581629276 0.006761582102626562 0.006653298158198595 0.006579164881259203 0.006532978266477585
          0.006505329627543688 0.006488984916359186 0.006480802316218615 0.006481544580310583 0.006494829431176186 0.0065259854309260845
          2.9860876683655835e-13 3.7492245419379344e-11 2.8613289515533324e-9 8.642049209584002e-8 8.681519716446928e-7 0.000004963648279954214
          0.000013958122508483939 0.0000269203883362934 0.00003903043398167938 0.000048645866627339274 0.000056059765483951196 0.00005915876681683585
          0.000055937092838576064 0.00004638743484974839 0.00004858252214035019 0.00025857603759504855 0.0015185013180598617 0.0054021612741053104
          0.012289352715015411 0.01904745027422905 0.022004468366503716 0.020464390516281128 0.019970247521996498 0.023117193952202797
          0.028599584475159645 0.03287893161177635 0.03581582009792328 0.03800959885120392 0.04007166996598244 0.04251466691493988
          0.0455697625875473 0.04860328882932663 0.05011771619319916 0.049407798796892166 0.04275447130203247 0.0312659777700901
          0.022376812994480133 0.016767093911767006 0.01344880647957325 0.011565257795155048 0.010556776076555252 0.010080982930958271
          0.009933187626302242 0.009993578307330608 0.010193898342549801 0.010495539754629135 0.010875388979911804 0.011315631680190563
          0.011796114966273308 0.012289540842175484 0.012761217541992664 0.013139924965798855 0.013327360153198242 0.013299824669957161
          0.013066437095403671 0.012657015584409237 0.012102046050131321 0.011412059888243675 0.010618741624057293 0.00979023426771164
          0.009023147635161877 0.008383178152143955 0.00788043811917305 0.007501167245209217 0.007219135761260986 0.007005089428275824
          0.006836417596787214 0.006701261270791292 0.00659751333296299 0.006529954727739096 3.483501939053994e-14 4.1823025077880605e-12
          3.058788222709552e-10 9.181363225252426e-9 9.198329564696905e-8 4.876579282608873e-7 0.0000014974996247474337 0.000003186046342307236
          0.000004898518000118202 0.0000064112673499039374 0.000007860034202167299 0.000008957860700320452 0.000009152495294983964 0.000008334467565873638
          0.00002359407335461583 0.00028983590891584754 0.0019544437527656555 0.008015953004360199 0.01818467304110527 0.025768350809812546
          0.026221275329589844 0.023954950273036957 0.022938858717679977 0.025622783228754997 0.03421406447887421 0.03832239657640457
          0.04058872163295746 0.042192354798316956 0.043801452964544296 0.0457758903503418 0.04804214835166931 0.04974549263715744
          0.049897897988557816 0.04849739745259285 0.04472579061985016 0.03799984231591225 0.0312793105840683 0.026099123060703278
          0.022495023906230927 0.020120367407798767 0.018636537715792656 0.017787320539355278 0.017393922433257103 0.01733550801873207
          0.017531534656882286 0.017928391695022583 0.018489612266421318 0.019188279286026955 0.020000815391540527 0.02090243622660637
          0.02186480723321438 0.022853044793009758 0.023830389603972435 0.024760717526078224 0.025601675733923912 0.02629883587360382
          0.02679549530148506 0.027072764933109283 0.027136150747537613 0.027006644755601883 0.026716049760580063 0.026297664269804955
          0.02577625773847103 0.025164280086755753 0.024452833458781242 0.023622462525963783 0.022654939442873 0.021543076261878014
          0.020299848169088364 0.018962232396006584 2.6740724265699855e-15 3.0912246503853047e-13 2.196884688054901e-11 6.717330580663372e-10
          7.082872066632717e-9 3.917229562944158e-8 1.2543085858851555e-7 2.7845766226164415e-7 4.877855417362298e-7 6.697502499264374e-7
          8.159457252077118e-7 9.83865561465791e-7 0.0000011359220479789656 0.000001311918708779558 0.000007460736014763825 0.0001542018580948934
          0.0013664878206327558 0.007035971153527498 0.016509365290403366 0.025992587208747864 0.028326641768217087 0.027501776814460754
          0.02919943444430828 0.033340100198984146 0.037789735943078995 0.04079846292734146 0.04388384148478508 0.045034218579530716
          0.04607989266514778 0.047287434339523315 0.048638537526130676 0.04952802136540413 0.04945112392306328 0.048555634915828705
          0.046964336186647415 0.044520054012537 0.04139970615506172 0.038179896771907806 0.03534429520368576 0.03308474272489548
          0.031400326639413834 0.030211837962269783 0.02942362055182457 0.028948528692126274 0.028714966028928757 0.028667081147432327
          0.028762390837073326 0.028968749567866325 0.029261616989970207 0.029621858149766922 0.030033638700842857 0.030481448397040367
          0.03095284104347229 0.03143606707453728 0.03191833570599556 0.03238727152347565 0.03283515200018883 0.03326800838112831
          0.033698152750730515 0.034130729734897614 0.03456199914216995 0.0349796786904335 0.03536463528871536 0.03569316118955612
          0.035950515419244766 0.03613037243485451 0.036232661455869675 0.03625558689236641 0.03619447723031044 0.0360453762114048
          1.0051773072291284e-16 1.129647522984771e-14 7.951429770690355e-13 2.543821750466968e-11 2.949637478710798e-10 1.8185752903576713e-9
          6.438420019350133e-9 1.536046845274086e-8 2.8249008465763836e-8 4.820439514219288e-8 6.805644403584665e-8 8.066488987878984e-8
          9.037705694936449e-8 1.015803334780685e-7 1.3341245619358233e-7 5.590416662926145e-7 0.000004773649834532989 0.0000925353160710074
          0.002354815835133195 0.017303502187132835 0.032657720148563385 0.030414670705795288 0.02815871126949787 0.028057260438799858
          0.02984216995537281 0.03321729227900505 0.03770540654659271 0.04301679879426956 0.045114390552043915 0.04642317071557045
          0.04709254950284958 0.047278206795454025 0.0469791553914547 0.046360358595848083 0.045546114444732666 0.04459415748715401
          0.04352831467986107 0.04238521680235863 0.04122357442975044 0.040102943778038025 0.0390646830201149 0.03812741860747337
          0.037292275577783585 0.03655024617910385 0.035887982696294785 0.03529144078493118 0.034747716039419174 0.034245748072862625
          0.03377639129757881 0.03333223983645439 0.0329074002802372 0.03249799460172653 0.032102350145578384 0.03172271326184273
          0.03136752173304558 0.031050775200128555 0.03078898787498474 0.030599817633628845 0.030500268563628197 0.030504673719406128
          0.0306229367852211 0.03085937164723873 0.03121241182088852 0.031675148755311966 0.03223659098148346 0.03288215398788452
          0.03359055519104004 0.03433937579393387 0.03510730341076851 0.03587524592876434
        </DataArray>
        <DataArray type="Float32" Name="CH4_Gas_mass_fractions_7" format="ascii" RangeMin="1.2698203108023218e-16" RangeMax="0.06298061460256577">
          7.230323006979233e-10 1.177634771920566e-7 0.000012625611816474702 0.0006529739475809038 0.0117923803627491 0.020443497225642204
          0.020482253283262253 0.02070619724690914 0.021155282855033875 0.02138357236981392 0.023849377408623695 0.026013527065515518
          0.027927152812480927 0.029618749395012856 0.03112192451953888 0.03246057406067848 0.03365578129887581 0.03478721156716347
          0.03589241951704025 0.03699111193418503 0.03810424730181694 0.03925589472055435 0.04047602787613869 0.0418013334274292
          0.04327040910720825 0.04491615667939186 0.046761102974414825 0.04883153364062309 0.0511631965637207 0.05363697186112404
          0.05579996854066849 0.057426709681749344 0.05852031335234642 0.0600057989358902 0.017136845737695694 0.003826368134468794
          0.0037924861535429955 0.003784813452512026 0.0037794189993292093 0.003775558667257428 0.003772843861952424 0.003771046409383416
          0.003770024748519063 0.003769687609747052 0.003769973525777459 0.0037708396557718515 0.003772254101932049 0.0037741882260888815
          0.003776602679863572 0.003779427381232381 0.003782544517889619 0.0037808027118444443 0.003776414319872856 0.0037708396557718515
          0.0037646950222551823 0.003758167615160346 0.0037512844428420067 0.0037440627347677946 0.0037365739699453115 0.003728961106389761
          0.0037214295007288456 0.003714231075718999 0.0037076326552778482 0.0037018703296780586 0.003697116393595934 0.0036934614181518555
          0.003690907033160329 0.0036893647629767656 0.003688654862344265 0.003688496770337224 3.3300420754223126e-10 5.324314500398941e-8
          0.000005531035185413202 0.00025365292094647884 0.0050176214426755905 0.019418928772211075 0.029985910281538963 0.03772260621190071
          0.033330753445625305 0.042910072952508926 0.043508660048246384 0.043171510100364685 0.04280688241124153 0.042524803429841995
          0.042459312826395035 0.042723625898361206 0.04331851750612259 0.04403386637568474 0.04499448463320732 0.04515128582715988
          0.045047827064991 0.045039642602205276 0.04526062682271004 0.045761529356241226 0.04655884951353073 0.04764830321073532
          0.0489576980471611 0.05028490722179413 0.05130074545741081 0.05178627371788025 0.05198206752538681 0.05270230397582054
          0.05454173684120178 0.05883018672466278 0.025852184742689133 0.00443900004029274 0.005101658869534731 0.0059204380959272385
          0.006726444698870182 0.007464123424142599 0.008109522983431816 0.00865519791841507 0.009102003648877144 0.009455046616494656
          0.009722071699798107 0.009913097135722637 0.01004028506577015 0.010117242112755775 0.010157424956560135 0.010172639042139053
          0.010160607285797596 0.010143467225134373 0.010125498287379742 0.010108472779393196 0.010092864744365215 0.010078380815684795
          0.010064450092613697 0.010050496086478233 0.010036064311861992 0.010020877234637737 0.010004894807934761 0.009988420642912388
          0.00997206848114729 0.009956594556570053 0.009942782111465931 0.009931324981153011 0.009922708384692669 0.009917098097503185
          0.009914260357618332 0.009913502261042595 1.324910181565997e-10 2.0368949193994013e-8 0.0000019856572635035263 0.0000811236968729645
          0.0015294889453798532 0.0074658505618572235 0.014098262414336205 0.019709985703229904 0.02323834039270878 0.024755308404564857
          0.025137344375252724 0.024648509919643402 0.023348841816186905 0.021648740395903587 0.019864238798618317 0.018166953697800636
          0.016695721074938774 0.015634257346391678 0.015564681962132454 0.018386639654636383 0.0228631179779768 0.028008921071887016
          0.03342738375067711 0.03829926624894142 0.04161655902862549 0.04352888837456703 0.04457899183034897 0.045142002403736115
          0.04554598405957222 0.04613271355628967 0.047451961785554886 0.04977356269955635 0.05385613441467285 0.059657659381628036
          0.03521677851676941 0.007600320968776941 0.005333587992936373 0.006473370362073183 0.007663604337722063 0.00881845410913229
          0.009895318187773228 0.010867164470255375 0.011713497340679169 0.012419060803949833 0.012974702753126621 0.013378575444221497
          0.01363805029541254 0.01378974225372076 0.013877932913601398 0.013923938386142254 0.014019668102264404 0.014163580723106861
          0.01433134451508522 0.014509124681353569 0.014692171476781368 0.014878559857606888 0.015065735206007957 0.015249316580593586
          0.015423383563756943 0.015581412240862846 0.015718353912234306 0.015831682831048965 0.015920620411634445 0.015986936166882515
          0.016033796593546867 0.0160647165030241 0.016083450987935066 0.016093362122774124 0.016097156330943108 0.016097772866487503
          4.349459334362926e-11 6.349194059396268e-9 5.779602929578687e-7 0.000021130339519004337 0.00032705883495509624 0.0018999349558725953
          0.004217199515551329 0.006534690968692303 0.00826485175639391 0.008917540311813354 0.008931834250688553 0.00851637776941061
          0.00767431640997529 0.006628858856856823 0.005578245967626572 0.004680313169956207 0.004037283360958099 0.0037481060717254877
          0.003811894915997982 0.004047498106956482 0.005806181114166975 0.01046704687178135 0.01869172789156437 0.025488262996077538
          0.030294906347990036 0.03365376964211464 0.0362081453204155 0.03850811719894409 0.04086560755968094 0.04332480579614639
          0.046280380338430405 0.0503075011074543 0.05597598850727081 0.06147226691246033 0.04219401627779007 0.01432455237954855
          0.00730070099234581 0.006534134969115257 0.007272444665431976 0.00834260880947113 0.009420658461749554 0.010402687825262547
          0.011236662045121193 0.011803706176578999 0.01206262968480587 0.011993047781288624 0.011747661046683788 0.011489590629935265
          0.011091046035289764 0.010803908109664917 0.010683782398700714 0.01064991857856512 0.01063816249370575 0.010643481276929379
          0.010672612115740776 0.010734952054917812 0.01084074191749096 0.01099929865449667 0.01122334599494934 0.011542847380042076
          0.01193676982074976 0.012414905242621899 0.012980896979570389 0.01363216619938612 0.014351942576467991 0.015095050446689129
          0.015804188326001167 0.016421066597104073 0.016877254471182823 0.01713504083454609 1.1439064105667196e-11 1.5833843125534486e-9
          1.3505433571481262e-7 0.000004561236892186571 0.000057138269767165184 0.0003474857076071203 0.0008642957545816898 0.0014479269739240408
          0.001908623380586505 0.0020745238289237022 0.002133432310074568 0.0020254969131201506 0.001815300201997161 0.0015549688832834363
          0.001285454141907394 0.0010845164069905877 0.0011907083680853248 0.0019641995895653963 0.003462421940639615 0.005028547253459692
          0.005672596860677004 0.007841844111680984 0.014510498382151127 0.01994444616138935 0.024872075766324997 0.029550040140748024
          0.033852383494377136 0.03769155219197273 0.04116111248731613 0.04453548416495323 0.048413701355457306 0.05345568433403969
          0.059199120849370956 0.0629798024892807 0.04759804159402847 0.0226492527872324 0.012077204883098602 0.008468639105558395
          0.00761617673560977 0.007824193686246872 0.008394221775233746 0.00902413111180067 0.00956729706376791 0.009937032125890255
          0.010107902809977531 0.010099872015416622 0.00997862033545971 0.009788530878722668 0.009623270481824875 0.009525141678750515
          0.009479337371885777 0.009464399889111519 0.009452467784285545 0.009411117061972618 0.009325332939624786 0.009204243309795856
          0.0090705631300807 0.008947663940489292 0.008853064849972725 0.008798065595328808 0.008789696730673313 0.008831589482724667
          0.008925546891987324 0.009074447676539421 0.009283491410315037 0.009559615515172482 0.009910255670547485 0.010342450812458992
          0.010866621509194374 0.01148708164691925 2.3626354778844005e-12 3.1050978455127165e-10 2.490725670156735e-8 7.765499390188779e-7
          0.000008635755875729956 0.00005050641993875615 0.000133764129714109 0.000239814369706437 0.0003317585797049105 0.0003828826593235135
          0.00041311554377898574 0.0004109758010599762 0.0003784083528444171 0.00031963945366442204 0.00025689558242447674 0.000335612625349313
          0.0011106384918093681 0.0034933574497699738 0.0077192410826683044 0.012224853970110416 0.014707135036587715 0.013559982180595398
          0.017598776146769524 0.022699899971485138 0.02832620218396187 0.03356798738241196 0.037982188165187836 0.041623588651418686
          0.04486575350165367 0.04826987907290459 0.05246029049158096 0.057477839291095734 0.06164851039648056 0.06298061460256577
          0.05122581869363785 0.031151166185736656 0.019150596112012863 0.013163646683096886 0.010389752686023712 0.009248011745512486
          0.008913624100387096 0.00895534735172987 0.009145256131887436 0.009364905767142773 0.009560790844261646 0.009714413434267044
          0.009821705520153046 0.00987824983894825 0.009878206066787243 0.009813177399337292 0.009699787944555283 0.009613137692213058
          0.009588967077434063 0.009555662982165813 0.009471088647842407 0.009328492917120457 0.009143762290477753 0.008941286243498325
          0.008741607889533043 0.008553141728043556 0.008383595384657383 0.008249172009527683 0.008157116360962391 0.008099737577140331
          0.008065366186201572 0.00804502796381712 0.008034823462367058 0.008035692386329174 0.008052118122577667 0.008090704679489136
          3.753315204208657e-13 4.6972013084678466e-11 3.572223628012239e-9 1.0765179325744612e-7 0.0000010816227131726919 0.000006184166977618588
          0.000017381189536536112 0.000033499905839562416 0.00004853259815718047 0.000060451642639236525 0.0000696453353157267 0.00007348800863837823
          0.0000694825648679398 0.000057614888646639884 0.00006029540963936597 0.0003205556422472 0.001882378477603197 0.006697473581880331
          0.015238264575600624 0.023621052503585815 0.027291106060147285 0.02538399025797844 0.024784250184893608 0.02872520498931408
          0.035573020577430725 0.04091919958591461 0.04459066689014435 0.047333724796772 0.04991016909480095 0.05295959860086441
          0.05676979571580887 0.060541849583387375 0.062395207583904266 0.06146260350942612 0.053172800689935684 0.03887491673231125
          0.02781195007264614 0.02083020843565464 0.01670013554394245 0.014355476014316082 0.013099667616188526 0.012506620027124882
          0.01232161745429039 0.012395568192005157 0.01264352910220623 0.013017440214753151 0.013488530181348324 0.014034638181328773
          0.01463071908801794 0.015242880210280418 0.01582806184887886 0.01629789173603058 0.016530396416783333 0.01649618335068226
          0.01620657369494438 0.015698567032814026 0.015009996481239796 0.014153925701975822 0.013169664889574051 0.0121417585760355
          0.011190059594810009 0.010396065190434456 0.009772310964763165 0.009301717393100262 0.008951742202043533 0.008686091750860214
          0.00847671926021576 0.00830891728401184 0.008180074393749237 0.008096123114228249 4.385286079579276e-14 5.248643967364908e-12
          3.8252889744683216e-10 1.1450208781127458e-8 1.146509589489142e-7 6.082059371692594e-7 0.0000018649822095540003 0.000003963365998060908
          0.000006089864655223209 0.000007966697921801824 0.000009765663889993448 0.000011129152881039772 0.000011370281754352618 0.000010351577657274902
          0.000029258473659865558 0.00035927147837355733 0.0024228307884186506 0.009938906878232956 0.022551489993929863 0.031962573528289795
          0.03253275528550148 0.029733769595623016 0.02849327027797699 0.031849659979343414 0.04256328567862511 0.047690704464912415
          0.050523169338703156 0.05252967029809952 0.05454254895448685 0.057009827345609665 0.059836409986019135 0.06194677576422691
          0.06210256367921829 0.060315586626529694 0.05559561774134636 0.04721904918551445 0.03885703161358833 0.032413024455308914
          0.027929799631237984 0.024975718930363655 0.02312946692109108 0.022072315216064453 0.02158186212182045 0.021507803350687027
          0.021749958395957947 0.022241635248064995 0.0229374747723341 0.023804016411304474 0.02481193281710148 0.02593042701482773
          0.027124328538775444 0.02835034392774105 0.029562845826148987 0.030717000365257263 0.03176025673747063 0.032625094056129456
          0.0332411490380764 0.03358494117856026 0.033663295209407806 0.03350226581096649 0.033141303807497025 0.03262174874544144
          0.031974323093891144 0.031214505434036255 0.030331263318657875 0.029300479218363762 0.02809956669807434 0.02671964094042778
          0.02517683617770672 0.023517044261097908 3.3721277367535418e-15 3.887000042581551e-13 2.7531150970094842e-11 8.391468631074872e-10
          8.838328291460584e-9 4.887636606554224e-8 1.5636290129350527e-7 3.46970040254746e-7 6.070828248994076e-7 8.330481477969442e-7
          0.0000010143705821974436 0.0000012226872740939143 0.000001411201537848683 0.0000016291470501528238 0.000009250225048162974 0.00019114513997919858
          0.001694059930741787 0.00872487761080265 0.020476611331105232 0.032246481627225876 0.0351562537252903 0.03415392339229584
          0.036289770156145096 0.04146243631839752 0.04701513424515724 0.050770439207553864 0.05462326481938362 0.05606323108077049
          0.057371724396944046 0.05888115614652634 0.060566265136003494 0.061666473746299744 0.06155114993453026 0.06041244789958
          0.05840958282351494 0.05534917116165161 0.051452696323394775 0.047437284141778946 0.043903280049562454 0.04108799621462822
          0.038989387452602386 0.037508368492126465 0.03652563691139221 0.035932622849941254 0.0356401763856411 0.035578761249780655
          0.03569551557302475 0.0359504260122776 0.03631296008825302 0.036759309470653534 0.037269774824380875 0.0378250777721405
          0.0384097620844841 0.03900923952460289 0.03960763290524483 0.0401894636452198 0.040745072066783905 0.04128187149763107
          0.04181515425443649 0.04235130921006203 0.04288572072982788 0.04340319335460663 0.043880000710487366 0.04428676888346672
          0.044605229049921036 0.04482755437493324 0.04495367035269737 0.04498134180903435 0.04490478336811066 0.04471908137202263
          1.2698203108023218e-16 1.423487826365203e-14 9.9883783969551e-13 3.184815605683511e-11 3.687193328438809e-10 2.2717432379693037e-9
          8.036966647750887e-9 1.917006997587123e-8 3.524776914787253e-8 6.032475141637406e-8 8.526769335048812e-8 1.0094318270148506e-7
          1.128629634195022e-7 1.2659708659157332e-7 1.6600294827640028e-7 6.936395493539749e-7 0.00000591823391005164 0.00011471466859802604
          0.0029196818359196186 0.021460356190800667 0.04051525518298149 0.03774360567331314 0.034958209842443466 0.03484931215643883
          0.037085581570863724 0.041300658136606216 0.04690224304795265 0.053534261882305145 0.05615493282675743 0.057790473103523254
          0.058624379336833954 0.05885104462504387 0.0584707148373127 0.0576913058757782 0.05666867271065712 0.05547488480806351
          0.054139770567417145 0.05270916968584061 0.05125635117292404 0.049855511635541916 0.0485580675303936 0.04738708958029747
          0.046343863010406494 0.04541706666350365 0.04459000006318092 0.04384510964155197 0.043166279792785645 0.04253970459103584
          0.041953958570957184 0.04139980301260948 0.04086987301707268 0.04035932198166847 0.039866022765636444 0.03939269483089447
          0.038949716836214066 0.038554441183805466 0.038227349519729614 0.03799036145210266 0.03786459192633629 0.037867844104766846
          0.038012441247701645 0.03830375894904137 0.0387398824095726 0.03931225463747978 0.04000724479556084 0.04080675169825554
          0.04168437793850899 0.04261229559779167 0.043564051389694214 0.044515952467918396
        </DataArray>
        <DataArray type="Float32" Name="TAR_Gas_mass_fractions_8" format="ascii" RangeMin="6.293131866788311e-16" RangeMax="0.6295110583305359">
          1.4871589515408346e-9 1.7577056610207364e-7 0.000009825721463130321 0.0011831879382953048 0.039393942803144455 0.6295110583305359
          0.5740435123443604 0.5480821132659912 0.5295762419700623 0.5189343690872192 0.49519479274749756 0.47526663541793823
          0.45763057470321655 0.4422723352909088 0.4291576147079468 0.41837412118911743 0.4097633957862854 0.401458740234375
          0.3929038345813751 0.38396963477134705 0.3744995892047882 0.36429131031036377 0.353074848651886 0.34051138162612915
          0.3262566924095154 0.3100585639476776 0.29176628589630127 0.2708832025527954 0.24559460580348969 0.21377316117286682
          0.17817644774913788 0.143548384308815 0.12001242488622665 0.10579600185155869 0.021738940849900246 0.00002904660505009815
          0.000001235904278473754 0.0000012372144055916579 0.0000012371450566206477 0.0000012370963986541028 0.0000012370622926027863 0.0000012370396689220797
          0.0000012370268223094172 0.000001237022388522746 0.00000123702568544104 0.0000012370358035695972 0.0000012370524018479045 0.0000012370753665891243
          0.0000012371045841064188 0.0000012371393722787616 0.0000012371787079246133 0.0000012371579032333102 0.0000012371035609248793 0.0000012370339845801936
          0.0000012369579280857579 0.0000012368783472993528 0.0000012367909221211448 0.000001236699745277292 0.0000012366052715151454 0.0000012365093198241084
          0.0000012364143913146108 0.0000012363237829049467 0.0000012362405641397345 0.000001236168031937268 0.0000012361081189737888 0.0000012360619621176738
          0.0000012360297887425986 0.0000012360103482933482 0.0000012360013670331682 0.000001235999434356927 7.717576022692185e-10 8.347184632384597e-8
          0.000003578378027668805 0.00036946474574506283 0.014666981063783169 0.17311331629753113 0.19810892641544342 0.19444608688354492
          0.36294907331466675 0.18832910060882568 0.1656114012002945 0.15307466685771942 0.14438803493976593 0.13979080319404602
          0.1400413066148758 0.14657697081565857 0.16361810266971588 0.19669541716575623 0.23057956993579865 0.2538505792617798
          0.2683115601539612 0.27629321813583374 0.27906307578086853 0.27734535932540894 0.2714870870113373 0.2611503601074219
          0.24530179798603058 0.222725972533226 0.1937798410654068 0.16240501403808594 0.13348223268985748 0.1129467636346817
          0.09992733597755432 0.09493153542280197 0.0340937040746212 0.00006116931763244793 0.0000012950274594913935 0.0000012642607316593057
          0.000001274245960303233 0.0000012835289453505538 0.0000012916556215714081 0.0000012985354942429694 0.000001304177089878067 0.0000013086295211905963
          0.0000013119545201334404 0.0000013141864201315911 0.0000013154635780665558 0.0000013160080243324046 0.000001316234147452633 0.0000013166801409170148
          0.0000013170891861591372 0.0000013171188584237825 0.000001316666612183326 0.0000013159884701963165 0.0000013156944760339684 0.0000013170548527341452
          0.0000013165521295377403 0.0000013162197092242423 0.0000013160063190298388 0.000001315802478529804 0.0000013155952274246374 0.00000131539002268255
          0.000001315186977990379 0.0000013149968935977085 0.0000013148300013199332 0.0000013146860737833777 0.0000013145778439138667 0.0000013145071307008038
          0.0000013144713193469215 0.000001314461769652553 3.35398070427928e-10 3.396381487164035e-8 0.0000014726048220836674 0.00009010719804791734
          0.003984574228525162 0.03205262869596481 0.05425628274679184 0.06897751241922379 0.07549883425235748 0.0710030347108841
          0.0655919760465622 0.0585017129778862 0.05034369230270386 0.04260038584470749 0.03592918440699577 0.030378036201000214
          0.025888284668326378 0.022724326699972153 0.023785676807165146 0.04163588583469391 0.07251226156949997 0.1088477075099945
          0.14637663960456848 0.17556165158748627 0.18751180171966553 0.18426984548568726 0.17117376625537872 0.15256917476654053
          0.13216745853424072 0.11332650482654572 0.09915357083082199 0.08995404094457626 0.08621175587177277 0.08713775128126144
          0.045823536813259125 0.004360619932413101 0.00000742803558750893 0.0000013928134876550757 0.0000012864958307545749 0.0000012882005648862105
          0.0000012798622037735186 0.0000012634521908694296 0.0000012415805485943565 0.0000012158443496446125 0.0000013522948165700654 0.0000013573535397881642
          0.0000013606702395918546 0.0000013614744602818973 0.0000013688733133676578 0.0000014914965049683815 0.0000015763366718601901 0.0000015923928913252894
          0.0000015783016351633705 0.000001548456111777341 0.0000015076070667419117 0.0000014611894130212022 0.0000014175273008731892 0.000001387928705298691
          0.0000013826489748680615 0.0000013843799706592108 0.0000013844255590811372 0.0000013859187220077729 0.0000013899204986955738 0.0000013902349564887118
          0.0000013919247976446059 0.0000013920696346758632 0.0000013924077393312473 0.000001392584294990229 0.0000013926544397691032 0.0000013926693327448447
          1.1968913360416167e-10 1.173776542628957e-8 5.218919341132278e-7 0.000017149719496956095 0.0006596401217393577 0.005625810008496046
          0.011988284066319466 0.01706485077738762 0.01929948292672634 0.017931604757905006 0.015366606414318085 0.012539208866655827
          0.009526720270514488 0.006857560947537422 0.004793334752321243 0.003361359005793929 0.0024212307762354612 0.0018278526840731502
          0.001473254058510065 0.001311756670475006 0.006565216928720474 0.023561570793390274 0.05560711771249771 0.08105549961328506
          0.09553086012601852 0.10040467977523804 0.09864716976881027 0.0935540571808815 0.08766203373670578 0.08172746002674103
          0.07770867645740509 0.07682309299707413 0.07914850860834122 0.08077417314052582 0.05201645568013191 0.012725414708256721
          0.0026184997987002134 0.0004928024718537927 0.00007585542334709316 0.00000998847190203378 0.0000020178943032078678 0.0000013194645589464926
          0.0000013313336921783048 0.0000013360770481085638 0.0000013393198514677351 0.0000013384179737840896 0.000001412739152328868 0.0000025152037324005505
          0.000005343224074749742 0.0000076028650255466346 0.000008887796866474673 0.000009334385140391532 0.000009482927453063894 0.000009390414561494254
          0.000008970841008704156 0.000008221296411647927 0.000007244511380122276 0.000006183570803841576 0.000005126500582264271 0.000004079996415384812
          0.000003175038500558003 0.0000024620944714115467 0.0000019280566903034924 0.0000016056833374022972 0.0000014299924941951758 0.000001379108084620384
          0.0000013862659216101747 0.0000013959490843262756 0.0000013983081998958369 0.0000014022656387169263 3.4219294064996575e-11 3.2874467592591827e-9
          1.4958625627059519e-7 0.0000028704841952276183 0.00007984489639056846 0.000760867609642446 0.0018198846373707056 0.0026892945170402527
          0.0029300644528120756 0.0025089902337640524 0.002063124207779765 0.0015425740275532007 0.001095326617360115 0.0007662916323170066
          0.0005390185979194939 0.00038244962343014777 0.0002777708868961781 0.00022365196491591632 0.00022534954769071192 0.0002613003889564425
          0.000569461437407881 0.004668465815484524 0.020515505224466324 0.033060185611248016 0.04324958100914955 0.05180920660495758
          0.05825919657945633 0.06232897937297821 0.0646057277917862 0.06580784916877747 0.06773877888917923 0.0717642530798912
          0.07497063279151917 0.07310758531093597 0.05342971161007881 0.021263817325234413 0.0077667757868766785 0.0028126384131610394
          0.001020771567709744 0.00038252846570685506 0.00015797263768035918 0.0000794861261965707 0.00005225873246672563 0.00004316864942666143
          0.000040598868508823216 0.000040080671169562265 0.0000393704031012021 0.000037759975384688005 0.00003430864308029413 0.00003790802657022141
          0.0000483107432955876 0.00005699040411855094 0.0000623814994469285 0.00006448247586376965 0.0000632698938716203 0.00005892885019420646
          0.000052268249419284984 0.000044537417124956846 0.00003673500759759918 0.00002919411963375751 0.00002219774432887789 0.000016342190065188333
          0.00001194453943753615 0.000008850262020132504 0.000006712908543704543 0.000005197761311137583 0.000004062822881678585 0.0000031726590350444894
          0.0000024727544314373517 0.0000019188780697732 7.745210722776008e-12 7.366194321178909e-10 3.494703193496207e-8 7.011790899014159e-7
          0.000008257195077021606 0.00007843925413908437 0.00019272587087471038 0.0002832455502357334 0.0003002631710842252 0.0002583790628705174
          0.00021591268887277693 0.00017202454910147935 0.00013353439862839878 0.00009928087092703208 0.0000689249936840497 0.00004515316686592996
          0.00003867617851938121 0.00009048650099430233 0.00026261413586325943 0.0005226747016422451 0.0007169512682594359 0.0019886589143425226
          0.005929469130933285 0.015256062150001526 0.026070546358823776 0.03633889555931091 0.04488689824938774 0.05134093761444092
          0.05615674704313278 0.060309287160634995 0.06522443890571594 0.0702863484621048 0.06958480179309845 0.06213198974728584
          0.049308378249406815 0.026860233396291733 0.013444669544696808 0.006700929254293442 0.003408335614949465 0.0018082890892401338
          0.0010317993583157659 0.0006569499964825809 0.0004799269372597337 0.00040223574615083635 0.0003756811493076384 0.0003755470097530633
          0.00038771325489506125 0.0004031701246276498 0.00041571800829842687 0.00041832905844785273 0.0004085844848304987 0.00040183792589232326
          0.0004049880080856383 0.0004027225077152252 0.00038711942033842206 0.00035761931212618947 0.00031790760112926364 0.00027318380307406187
          0.0002279273176100105 0.00018398978863842785 0.00014245659986045212 0.00010634528734954074 0.00007796393765602261 0.00005706479350919835
          0.000042311316065024585 0.00003213979289284907 0.000025136920157819986 0.000020199113350827247 0.000016558200513827614 0.000013753897292190231
          1.361489371763669e-12 1.290972745371377e-10 6.364032412164988e-9 1.2194816179089685e-7 0.0000012620585039258003 0.000006846119049441768
          0.000016321257135132328 0.000024486995243933052 0.000026542124032857828 0.000025639346858952194 0.000024086442863335833 0.000021465008103405125
          0.00001759030419634655 0.000012614446859515738 0.000007681276656512637 0.000005753282948717242 0.000028253081836737692 0.00018924188043456525
          0.000689164677169174 0.001494841417297721 0.0023029730655252934 0.0029724896885454655 0.005989822559058666 0.015051405876874924
          0.026978421956300735 0.03678232058882713 0.04428903013467789 0.05015018209815025 0.05517937242984772 0.0602760948240757
          0.06566333770751953 0.06816397607326508 0.06236501783132553 0.05027579888701439 0.040673065930604935 0.027497252449393272
          0.017231324687600136 0.010692361742258072 0.006766492500901222 0.004453744739294052 0.003102888585999608 0.0023224414326250553
          0.0018826494924724102 0.0016494060400873423 0.0015440075658261776 0.001519479788839817 0.0015469510108232498 0.0016073583392426372
          0.0016862276243045926 0.0017706836806610227 0.0018488166388124228 0.0019013670971617103 0.0019044110085815191 0.001855900976806879
          0.0017623496241867542 0.0016346459742635489 0.0014822006924077868 0.001307660131715238 0.0011180482106283307 0.0009281927486881614
          0.0007578209042549133 0.0006180148920975626 0.0005074676009826362 0.000420794211095199 0.0003512618422973901 0.00029266398632898927
          0.00024091944214887917 0.00019441313634160906 0.00015339988749474287 0.00011920988617930561 1.7707314564283094e-13 1.682084159460029e-11
          8.621842684242154e-10 1.682136385738886e-8 1.5033404565656383e-7 8.82308427208045e-7 0.0000018644839201442664 0.0000024533801479265094
          0.0000027181267796549946 0.0000027778644380305195 0.0000028677716272795806 0.0000027574890282267006 0.000002423284968244843 0.0000017840802684077062
          0.0000011059939879487501 0.000003121871714029112 0.00004166096186963841 0.0003821809950750321 0.0014343801885843277 0.0030695691239088774
          0.004935729783028364 0.007619688753038645 0.01226187963038683 0.018971940502524376 0.033525850623846054 0.04171498864889145
          0.04734480381011963 0.05198147892951965 0.056518275290727615 0.06132902950048447 0.06539939343929291 0.06500251591205597
          0.05722282454371452 0.04553481563925743 0.035479314625263214 0.026650112122297287 0.019503064453601837 0.014278772287070751
          0.010661473497748375 0.008221515454351902 0.0066014123149216175 0.005542263854295015 0.004866260103881359 0.004453685134649277
          0.0042243897914886475 0.004124612081795931 0.004117938224226236 0.0041790129616856575 0.004289060365408659 0.004432870075106621
          0.004597035702317953 0.004768364131450653 0.00493480684235692 0.005085926968604326 0.005210694391280413 0.005295383743941784
          0.005325473379343748 0.005294410511851311 0.005202176049351692 0.005055150482803583 0.004863772541284561 0.004638992715626955
          0.0043893964029848576 0.004120944999158382 0.003834584727883339 0.003530054586008191 0.00320869660936296 0.0028746032621711493
          0.0025352409575134516 0.0022010039538145065 1.5151620328399465e-14 1.4495428512020792e-12 7.757774977967813e-11 1.6297959648525762e-9
          1.4467520514926946e-8 7.775710741952935e-8 2.05781759632373e-7 4.0648302501722355e-7 4.629510499398748e-7 4.6289932242871146e-7
          4.325823397266504e-7 4.032231117889751e-7 3.5087288097201963e-7 2.8581354172274587e-7 2.3775133684011962e-7 0.0000018816465399140725
          0.000038368638342944905 0.00045677187154069543 0.0017063107807189226 0.004160220734775066 0.007680132053792477 0.012628148309886456
          0.02008650079369545 0.029338369145989418 0.03786909580230713 0.04387718811631203 0.05060920491814613 0.05408170819282532
          0.05712232366204262 0.060182198882102966 0.06261897832155228 0.062002189457416534 0.05729198083281517 0.05062410980463028
          0.04365214705467224 0.036713119596242905 0.0302738007158041 0.024831010028719902 0.02054486982524395 0.017299136146903038
          0.014885307289659977 0.013102187775075436 0.011786655522882938 0.010815340094268322 0.01009755115956068 0.0095673818141222
          0.009176966734230518 0.00889126118272543 0.008684314787387848 0.008536742068827152 0.008434050716459751 0.008365197107195854
          0.008324146270751953 0.008308659307658672 0.008314008824527264 0.008317722007632256 0.008301015943288803 0.008258368819952011
          0.008193742483854294 0.008113006129860878 0.008021583780646324 0.007922779768705368 0.007817037403583527 0.007702142000198364
          0.007577597629278898 0.007443894632160664 0.0073008304461836815 0.007147774565964937 0.006983736529946327 0.006808249745517969
          6.293131866788311e-16 6.112508231775199e-14 3.4517727218186245e-12 8.106654930672974e-11 7.840701976569164e-10 4.372933126717271e-9
          1.3690119260445499e-8 3.114776703228017e-8 5.392197266473886e-8 1.2024268869481602e-7 1.8439364168898464e-7 1.8781101118747756e-7
          1.5702210021117935e-7 1.1825318324554246e-7 9.975885717494748e-8 9.976434256486755e-8 1.5578611112232466e-7 0.0000022420185814553406
          0.00010473503061803058 0.001473790965974331 0.004675759933888912 0.006912004668265581 0.009953787550330162 0.014132474549114704
          0.019723419100046158 0.02698099985718727 0.035834942013025284 0.047131121158599854 0.05204464867711067 0.055229734629392624
          0.05620875954627991 0.0553605817258358 0.053065355867147446 0.05014080926775932 0.047008950263261795 0.04379631206393242
          0.04056813567876816 0.037423089146614075 0.034467630088329315 0.03177744895219803 0.029382949694991112 0.02727748081088066
          0.025433234870433807 0.023814378306269646 0.022384915500879288 0.021112538874149323 0.019969893619418144 0.01893448457121849
          0.01798797771334648 0.01711535081267357 0.01630365662276745 0.015542108565568924 0.01481902226805687 0.01411969680339098
          0.01342665683478117 0.012737836688756943 0.012056457810103893 0.011388706043362617 0.010743278078734875 0.010130456648766994
          0.009560864418745041 0.009044141508638859 0.00858783908188343 0.008196676149964333 0.007872194983065128 0.007612819317728281
          0.00741436704993248 0.00727040134370327 0.007173054851591587 0.0071138907223939896
        </DataArray>
        <DataArray type="Float32" Name="TAR0_Gas_mass_fractions_9" format="ascii" RangeMin="0" RangeMax="5.084806816053888e-13">
          0 0 0 0 0 0
          0 0 0 0 0 0
          0 0 0 0 0 0
          0 0 0 0 0 0
          0 0 0 0 0 0
          0 0 0 0 0 0
          0 0 0 0 0 0
          0 0 0 0 0 0
          0 0 0 0 0 0
          0 0 0 0 0 0
          0 0 0 0 0 0
          0 0 0 0 0 0
          0 0 0 0 0 0
          0 0 0 0 0 0
          0 0 0 0 0 0
          0 0 0 0 0 0
          0 0 0 0 0 0
          0 0 0 0 0 0
          0 0 0 0 0 0
          0 0 0 0 0 0
          0 0 0 0 0 0
          0 0 0 0 0 0
          0 0 0 0 0 0
          0 0 0 0 0 0
          0 0 0 0 0 0
          0 0 0 0 0 0
          0 0 0 0 0 0
          0 0 0 0 0 0
          0 0 0 0 0 0
          0 0 0 0 0 0
          0 0 0 0 0 0
          0 0 0 0 0 0
          0 0 0 0 0 0
          0 0 0 0 0 0
          0 0 0 0 0 0
          0 0 0 0 0 0
          0 0 0 0 0 0
          0 0 0 0 0 0
          0 0 0 0 0 0
          0 0 0 0 0 0
          0 0 0 0 0 0
          0 0 0 0 0 0
          0 0 0 0 0 0
          0 0 0 0 0 0
          0 0 0 0 0 0
          0 0 0 0 0 0
          0 0 0 0 0 0
          0 0 0 0 0 0
          0 0 0 0 0 0
          0 0 0 0 0 0
          0 0 0 0 0 0
          0 0 0 0 0 0
          0 0 0 0 0 0
          0 0 0 0 0 0
          0 0 0 0 0 0
          0 0 0 0 0 0
          0 0 0 0 0 0
          0 0 0 0 0 0
          0 0 0 0 0 0
          0 0 0 0 0 0
          0 0 0 0 0 0
          0 0 0 0 0 0
          0 0 0 0 0 0
          0 0 0 0 0 0
          0 0 0 0 0 0
          0 0 0 0 0 0
          0 0 0 0 0 0
          0 0 0 0 0 0
          0 0 0 0 0 0
          0 0 0 0 0 0
          0 0 0 0 0 0
          0 0 0 4.9280410752573084e-14 2.631219928625559e-14 0
          0 0 0 0 0 0
          0 0 0 0 0 0
          0 0 0 0 0 0
          0 0 0 0 0 0
          0 0 0 0 0 0
          0 0 0 0 0 0
          0 0 0 0 0 0
          0 0 0 0 0 0
          0 0 0 0 0 0
          0 0 0 0 0 0
          0 0 0 0 0 0
          5.084806816053888e-13 3.933380585217222e-13 0 0 0 0
          0 0 0 0 0 0
          0 0 0 0 0 0
          0 0 0 0 0 0
          0 0 0 0 0 0
          0 0 0 0 0 0
          0 0 0 0 0 0
          0 0 0 0 0 0
          0 0 0 0 0 0
          0 0 0 0 0 0
          0 0 0 0 0 0
          0 0 0 0 2.2202454718484033e-14 0
          0 0 0 0 0 0
          0 0 0 0 0 0
          0 0 0 0 0 0
          0 0 0 0 0 0
          0 0 0 0 0 0
          0 0 0 0 0 0
          0 0 0 0 0 0
          0 0 0 0 0 0
          0 0 0 0 0 0
          0 0 0 0 0 0
          0 0 0 0 0 0
          0 0 0 0 0 0
          0 0 0 0 0 0
          0 0 0 0 0 0
          0 0 0 0 0 0
          0 0 0 0 0 0
          0 0 0 0 0 0
          0 0 0 0 0 0
          0 0 0 0 0 0
          0 0 0 0 0 0
          0 0 0 0 0 0
          0 0 0 0
        </DataArray>
        <DataArray type="Float32" Name="BIOMASS_Solids_mass_fractions_1_1" format="ascii" RangeMin="0" RangeMax="0.05721530690789223">
          0 0 0 0 5.301443550820295e-8 0.05721530690789223
          0.00012795135262422264 0.000003933560492441757 6.526447009491676e-7 2.8041924338140234e-7 8.593335110163025e-8 8.19230052684361e-8
          7.363608034438585e-8 8.292793296504897e-8 8.389181971324433e-8 8.991587208129204e-8 8.98671288496189e-8 8.948418894760835e-8
          8.901238146563628e-8 8.846262034012398e-8 8.79292443300983e-8 8.751667479600655e-8 8.729828948617069e-8 8.730617651053763e-8
          8.753941216355088e-8 8.797485406830674e-8 8.855251110162499e-8 8.913212923289393e-8 8.951470675810924e-8 8.954329189236887e-8
          8.913118421105537e-8 8.840905962870238e-8 8.70219736270883e-8 8.570297183041475e-8 8.571359444431437e-8 7.975603466547909e-8
          8.033193665824001e-8 8.124154504685066e-8 8.386476224586659e-8 8.714600596704258e-8 8.814853202920858e-8 9.178319970715165e-8
          8.824947173025066e-8 8.878244983634431e-8 9.125997024739263e-8 0 0 0
          0 0 0 0 0 0
          0 0 0 0 0 0
          0 0 0 0 0 0
          0 0 0 0 0 0
          0 0 5.187780516280327e-8 1.346386380163267e-8 8.302549048266883e-8 0
          0.018829960376024246 1.0665148764132937e-8 5.748431775032259e-8 8.012198549067762e-8 8.354291480827669e-8 8.430752984622814e-8
          8.44828136337128e-8 8.450053456954265e-8 8.449249122577385e-8 8.450387412040072e-8 8.44744008077214e-8 8.440420629085565e-8
          8.436877863005066e-8 8.438928489340469e-8 8.45012309014237e-8 8.474192725316243e-8 8.514268756698584e-8 8.570312814981662e-8
          8.635893067321376e-8 8.697887210473709e-8 8.740268242490856e-8 8.753460889465714e-8 8.759931802160281e-8 8.726542688464178e-8
          8.611290525095683e-8 8.537458029422851e-8 8.53903188158256e-8 8.034236032017361e-8 8.161932640859959e-8 8.230065873249259e-8
          8.464308365319084e-8 8.750427582526754e-8 9.207278850453804e-8 9.66421112025273e-8 9.018270930027938e-8 9.256803679136283e-8
          0 0 0 0 0 0
          0 0 0 0 0 0
          0 0 0 0 0 0
          0 0 0 0 0 0
          0 0 0 0 0 0
          0 0 3.791508973449709e-8 0 9.55715293571302e-8 9.567040848423858e-8
          8.80403021596976e-8 8.548413887865536e-8 8.539441154198357e-8 8.552365216019098e-8 8.56240305324718e-8 8.567591436303701e-8
          8.568448350843028e-8 8.565712761310351e-8 8.55969659596667e-8 8.548042984557469e-8 8.521086414248202e-8 8.485142899417042e-8
          8.452265376490686e-8 8.435851839294628e-8 8.445316979077688e-8 8.480697033519391e-8 8.532061457344753e-8 8.585099919855566e-8
          8.632482462189728e-8 8.678465235334443e-8 8.689316643994971e-8 8.639026560786078e-8 8.57196056358589e-8 8.510703963793276e-8
          8.512886040534795e-8 8.177062227332499e-8 8.226997749716247e-8 8.323830513745634e-8 8.539244333860552e-8 8.794023642622051e-8
          0 0 9.151318636213546e-8 9.343403206685252e-8 0 0
          0 0 0 0 0 0
          0 0 0 0 0 0
          0 0 0 0 0 0
          0 0 0 0 0 0
          0 0 0 0 0 0
          0 0 7.9303639211048e-8 7.790887224246035e-8 9.02252068613052e-8 8.577792698361009e-8
          8.570211207370448e-8 8.583625543678863e-8 8.592270006602121e-8 8.593675460133454e-8 8.588873612325187e-8 8.580081356512892e-8
          8.5701188368148e-8 8.559434405697175e-8 8.533189088666404e-8 8.484056479574065e-8 8.440628107564407e-8 8.409121932118069e-8
          8.40946867697312e-8 8.4396205579651e-8 8.489352154583685e-8 8.550791363859389e-8 8.608568435874986e-8 8.644219207099013e-8
          8.635127812794963e-8 8.594614797630129e-8 8.544845542246549e-8 8.487304370419224e-8 8.489706004866093e-8 8.334789214359262e-8
          8.320492383973033e-8 8.433416809339178e-8 8.657211481022387e-8 0 0 0
          9.262558364753204e-8 0 0 0 0 0
          0 0 0 0 0 0
          0 0 0 0 0 0
          0 0 0 0 0 0
          0 0 0 0 0 0
          0 0 0 0 0 0
          0 9.165893288809457e-8 8.586877697780437e-8 8.565886133737877e-8 8.586685851241782e-8 8.599543122045361e-8
          8.60275761738194e-8 8.596398259896887e-8 8.582611599194934e-8 8.565523046399903e-8 8.55058175375234e-8 8.542036056269353e-8
          8.524436623247311e-8 8.462935596753596e-8 8.402232509752139e-8 8.387001315668385e-8 8.404279583373864e-8 8.446173183074279e-8
          8.502620119088533e-8 8.562363973396714e-8 8.605957901863803e-8 8.619166180778848e-8 8.601086420867432e-8 8.566047426938894e-8
          8.521843852804523e-8 8.504582638124702e-8 8.474334833863395e-8 8.483713997975428e-8 8.468353485113767e-8 8.612426682930163e-8
          8.901886872081377e-8 0 0 0 0 0
          0 0 0 0 0 0
          0 0 0 0 0 0
          0 0 0 0 0 0
          0 0 0 0 0 0
          0 0 0 0 0 0
          0 0 0 7.436585036657561e-8 7.385440881080285e-8 9.934072409123473e-8
          8.59059596791667e-8 8.581236699001238e-8 8.599718626101094e-8 8.606603074667873e-8 8.60266879953997e-8 8.58866044950446e-8
          8.567699438799536e-8 8.54542179240525e-8 8.528104444849305e-8 8.51875228136123e-8 8.5099792102028e-8 8.46317789182649e-8
          8.430236420053916e-8 8.43000620420753e-8 8.453945810060759e-8 8.494753700460933e-8 8.542306773051678e-8 8.581924504369454e-8
          8.60089741649972e-8 8.597483969197128e-8 8.576671461923979e-8 8.544604668259126e-8 8.503987203312136e-8 8.504007098508737e-8
          8.242142257586238e-8 8.500693837731887e-8 8.698750519897658e-8 8.85400908146039e-8 0 0
          0 0 0 0 0 0
          0 0 0 0 0 0
          0 0 0 0 0 0
          0 0 0 0 0 0
          0 0 0 0 0 0
          0 0 0 0 0 0
          0 4.645514550816188e-8 4.556351385076596e-8 9.09970339080246e-8 8.615674573775323e-8 8.588138911136411e-8
          8.60506688127316e-8 8.607695178852737e-8 8.599348433335763e-8 8.580798294133274e-8 8.55633501828379e-8 8.532624207191475e-8
          8.515201699310637e-8 8.505680426651452e-8 8.500614256945482e-8 8.49200745278722e-8 8.486755831427217e-8 8.493425696087797e-8
          8.512850513398007e-8 8.540403939605312e-8 8.567707965312366e-8 8.585274002825827e-8 8.58829665162375e-8 8.577848831237134e-8
          8.556543917848103e-8 8.525856998176096e-8 8.486704672350243e-8 8.486733094059673e-8 8.249311633790057e-8 8.596104095204282e-8
          8.423332076290535e-8 8.499075931922562e-8 0 9.572693926429565e-8 0 0
          1.1317670134403102e-9 1.207785399470751e-10 1.931254886448388e-21 4.581412679782737e-11 7.777278820952915e-11 7.79147579788031e-13
          3.3182248615482024e-11 7.54314579548554e-12 2.5741943299184555e-12 4.239950510991448e-36 1.2136526084517794e-14 5.370608166901155e-15
          8.927443508022995e-16 1.317721786856874e-14 1.1958778585452468e-11 2.2995468986560137e-14 2.626608511854117e-14 2.63866975280325e-14
          1.2469611573455014e-27 3.784427908066532e-39 4.697700394365152e-28 0 2.8372335310113675e-28 2.389715758176897e-13
          0 1.0232980980789508e-28 6.241710571791223e-14 0 0 0
          0 0 0 0 0 0
          0 9.336136486126634e-8 8.614127722239573e-8 8.582616572994084e-8 8.60676294678342e-8 8.609264057213295e-8
          8.601800516316871e-8 8.583558752661702e-8 8.558495778743236e-8 8.533589834769373e-8 8.514884797250488e-8 8.505147519599632e-8
          8.504045467816468e-8 8.508986582000944e-8 8.516538230196602e-8 8.528655115469519e-8 8.5423131679363e-8 8.557893949046047e-8
          8.570892617854042e-8 8.576567012141822e-8 8.57256381436855e-8 8.559403141816802e-8 8.537622875337547e-8 8.506474102887296e-8
          8.461567091444522e-8 8.461588407726595e-8 8.276698082454459e-8 8.463218392762428e-8 8.356795433428488e-8 8.509788074206881e-8
          9.508591602980232e-8 9.339871809288525e-8 9.075998264052032e-8 9.044167370575451e-8 8.985656307913814e-8 8.947628771238669e-8
          8.888454772204568e-8 8.859574052166863e-8 8.863992917440555e-8 3.877413945474473e-8 5.4334893917484806e-8 8.63065707790156e-8
          8.572697396402873e-8 5.251560963870361e-8 1.820809458763506e-8 5.090849342082038e-8 6.166209232105757e-8 1.2786807168652103e-8
          2.2995468986560137e-14 7.149223080205047e-8 7.477937202793328e-8 2.8356588188671594e-8 1.2469611573455014e-27 2.0476953466186387e-8
          8.488129310535442e-8 8.649320193399035e-8 8.705078613502337e-8 8.731286982310849e-8 8.747283430921016e-8 8.75561170232686e-8
          8.753428915042605e-8 8.752351732255192e-8 0 0 0 0
          0 0 0 0 4.4864826520552015e-8 4.4363506646050155e-8
          6.977719380074632e-8 8.546201968329115e-8 8.607340618027592e-8 8.610876278680735e-8 8.611858959284291e-8 8.600797940516713e-8
          8.578184917951148e-8 8.550624386316485e-8 8.526233585826049e-8 8.5099792102028e-8 8.503754145294806e-8 8.507124960033252e-8
          8.517126559581811e-8 8.528901673798828e-8 8.539482365677031e-8 8.549233854182603e-8 8.557422859212238e-8 8.560694908510413e-8
          8.555776531693482e-8 8.542141216594246e-8 8.521268313188557e-8 8.491265646171087e-8 8.453969968513775e-8 8.457170252995638e-8
          8.40245348854296e-8 8.4245712628217e-8 8.433148934727797e-8 8.437215370804552e-8 8.439907617230347e-8 8.441892163091325e-8
          8.443446830597168e-8 8.444936128171321e-8 8.446303922937659e-8 8.447607058315043e-8 8.448591160004071e-8 8.449433863688682e-8
          8.450054878039737e-8 8.450382438240922e-8 8.450346911104134e-8 8.450236066437355e-8 8.562152231661457e-8 8.561983833033082e-8
          8.683931440600645e-8 8.683883834237349e-8 8.683876018267256e-8 8.683867491754427e-8 8.683847596557825e-8 8.683893071292914e-8
          8.683966967737433e-8 8.683936414399795e-8 8.683839780587732e-8 8.68383338570311e-8 8.684048680152046e-8 8.684243368861644e-8
          8.684424557259263e-8 8.684584429374809e-8 8.684754959631391e-8 8.68494609562731e-8 8.685176311473697e-8 8.685471897251773e-8
          0 0 0 0 0 0
          0 0 0 4.4075051164327306e-8 9.742178974647686e-8 5.4881677868934275e-8
          8.749475455260836e-8 8.581617549907605e-8 8.607915447100822e-8 8.628369840835148e-8 8.626592773453012e-8 8.601164580568366e-8
          8.565929476844758e-8 8.533844209068775e-8 8.509314142202129e-8 8.49305834549341e-8 8.484988711643382e-8 8.484077085313402e-8
          8.487372582521857e-8 8.493111636198591e-8 8.501231718582858e-8 8.509433513381737e-8 8.511637616948065e-8 8.508388305017434e-8
          8.494169634332138e-8 8.483381463975093e-8 8.46469276893913e-8 8.460362010964673e-8 8.460362721507408e-8 8.399529605185307e-8
          8.43248315618439e-8 8.435761600367186e-8 8.438270526767155e-8 8.440336785042746e-8 8.442282251053257e-8 8.444055765721714e-8
          8.445701382697735e-8 8.446986754506725e-8 8.448093069546303e-8 8.44893648377365e-8 8.44945091671434e-8 8.449579524949513e-8
          8.449614341543565e-8 8.449515576103295e-8 8.449421784462174e-8 8.504298421030398e-8 8.668607875961243e-8 8.668386186627686e-8
          8.668195050631766e-8 8.668020257118769e-8 8.667861095545959e-8 8.667721118627014e-8 8.667573325737976e-8 8.667434059361767e-8
          8.66731468818216e-8 8.667234396853019e-8 8.667149131724727e-8 8.667070261481058e-8 8.666984285810031e-8 8.666901152309947e-8
          8.666824413694485e-8 8.666753359420909e-8 8.666690831660162e-8 8.666729911510629e-8
        </DataArray>
        <DataArray type="Float32" Name="MOISTURE_Solids_mass_fractions_1_2" format="ascii" RangeMin="0" RangeMax="0">
          0 0 0 0 0 0
          0 0 0 0 0 0
          0 0 0 0 0 0
          0 0 0 0 0 0
          0 0 0 0 0 0
          0 0 0 0 0 0
          0 0 0 0 0 0
          0 0 0 0 0 0
          0 0 0 0 0 0
          0 0 0 0 0 0
          0 0 0 0 0 0
          0 0 0 0 0 0
          0 0 0 0 0 0
          0 0 0 0 0 0
          0 0 0 0 0 0
          0 0 0 0 0 0
          0 0 0 0 0 0
          0 0 0 0 0 0
          0 0 0 0 0 0
          0 0 0 0 0 0
          0 0 0 0 0 0
          0 0 0 0 0 0
          0 0 0 0 0 0
          0 0 0 0 0 0
          0 0 0 0 0 0
          0 0 0 0 0 0
          0 0 0 0 0 0
          0 0 0 0 0 0
          0 0 0 0 0 0
          0 0 0 0 0 0
          0 0 0 0 0 0
          0 0 0 0 0 0
          0 0 0 0 0 0
          0 0 0 0 0 0
          0 0 0 0 0 0
          0 0 0 0 0 0
          0 0 0 0 0 0
          0 0 0 0 0 0
          0 0 0 0 0 0
          0 0 0 0 0 0
          0 0 0 0 0 0
          0 0 0 0 0 0
          0 0 0 0 0 0
          0 0 0 0 0 0
          0 0 0 0 0 0
          0 0 0 0 0 0
          0 0 0 0 0 0
          0 0 0 0 0 0
          0 0 0 0 0 0
          0 0 0 0 0 0
          0 0 0 0 0 0
          0 0 0 0 0 0
          0 0 0 0 0 0
          0 0 0 0 0 0
          0 0 0 0 0 0
          0 0 0 0 0 0
          0 0 0 0 0 0
          0 0 0 0 0 0
          0 0 0 0 0 0
          0 0 0 0 0 0
          0 0 0 0 0 0
          0 0 0 0 0 0
          0 0 0 0 0 0
          0 0 0 0 0 0
          0 0 0 0 0 0
          0 0 0 0 0 0
          0 0 0 0 0 0
          0 0 0 0 0 0
          0 0 0 0 0 0
          0 0 0 0 0 0
          0 0 0 0 0 0
          0 0 0 0 0 0
          0 0 0 0 0 0
          0 0 0 0 0 0
          0 0 0 0 0 0
          0 0 0 0 0 0
          0 0 0 0 0 0
          0 0 0 0 0 0
          0 0 0 0 0 0
          0 0 0 0 0 0
          0 0 0 0 0 0
          0 0 0 0 0 0
          0 0 0 0 0 0
          0 0 0 0 0 0
          0 0 0 0 0 0
          0 0 0 0 0 0
          0 0 0 0 0 0
          0 0 0 0 0 0
          0 0 0 0 0 0
          0 0 0 0 0 0
          0 0 0 0 0 0
          0 0 0 0 0 0
          0 0 0 0 0 0
          0 0 0 0 0 0
          0 0 0 0 0 0
          0 0 0 0 0 0
          0 0 0 0 0 0
          0 0 0 0 0 0
          0 0 0 0 0 0
          0 0 0 0 0 0
          0 0 0 0 0 0
          0 0 0 0 0 0
          0 0 0 0 0 0
          0 0 0 0 0 0
          0 0 0 0 0 0
          0 0 0 0 0 0
          0 0 0 0 0 0
          0 0 0 0 0 0
          0 0 0 0 0 0
          0 0 0 0 0 0
          0 0 0 0 0 0
          0 0 0 0 0 0
          0 0 0 0 0 0
          0 0 0 0 0 0
          0 0 0 0 0 0
          0 0 0 0 0 0
          0 0 0 0
        </DataArray>
        <DataArray type="Float32" Name="CHAR_Solids_mass_fractions_1_3" format="ascii" RangeMin="0" RangeMax="0.76097172498703">
          0 0 0 0 0.7421677112579346 0.7151731848716736
          0.76097172498703 0.7574657201766968 0.7559071183204651 0.7539128661155701 0.7528262138366699 0.7525008916854858
          0.7526400089263916 0.7530550956726074 0.7535982728004456 0.7541701793670654 0.7546857595443726 0.7550373673439026
          0.7552211880683899 0.7552482485771179 0.7551241517066956 0.7548544406890869 0.7544493675231934 0.7539270520210266
          0.753316342830658 0.7526683211326599 0.7520836591720581 0.7517154216766357 0.7516742944717407 0.751954972743988
          0.7524886131286621 0.7530990242958069 0.7541441917419434 0.7548602223396301 0.7548298835754395 0.7553374171257019
          0.7542135119438171 0.7544717192649841 0.7545381784439087 0.754323422908783 0.7535242438316345 0.7406021952629089
          0.7510483860969543 0.7502924799919128 0.7439419031143188 0 0 0
          0 0 0 0 0 0
          0 0 0 0 0 0
          0 0 0 0 0 0
          0 0 0 0 0 0
          0 0 0.747814416885376 0.6448942422866821 0.7542867064476013 0
          0.5399364233016968 0.35379520058631897 0.6308433413505554 0.698222815990448 0.7234330177307129 0.7351511716842651
          0.7413632273674011 0.7449929118156433 0.7472966313362122 0.7488643527030945 0.7498993873596191 0.7505707740783691
          0.7511234283447266 0.7515204548835754 0.7517614364624023 0.7518553733825684 0.7518261075019836 0.7517275810241699
          0.7516461610794067 0.751674473285675 0.7518885731697083 0.7523446679115295 0.7529671788215637 0.7538476586341858
          0.7546040415763855 0.754969596862793 0.7549244165420532 0.7546681761741638 0.7522686123847961 0.7535443902015686
          0.7536256909370422 0.7535151243209839 0.7433884143829346 0.7271480560302734 0.7458267211914062 0.7397974729537964
          0 0 0 0 0 0
          0 0 0 0 0 0
          0 0 0 0 0 0
          0 0 0 0 0 0
          0 0 0 0 0 0
          0 0 0 0 0.017942829057574272 0.016926778480410576
          0.6580507755279541 0.7265641689300537 0.7446603178977966 0.7507277727127075 0.7530708312988281 0.7540709972381592
          0.7545068860054016 0.7546737194061279 0.7546913623809814 0.7545745372772217 0.7541977763175964 0.7537139058113098
          0.7532059550285339 0.7527270913124084 0.7523245215415955 0.7520433664321899 0.7519322037696838 0.7520385980606079
          0.7523878812789917 0.752997636795044 0.7537045478820801 0.754309892654419 0.7547297477722168 0.7550559043884277
          0.7549930810928345 0.7520045638084412 0.7523733377456665 0.7530587315559387 0.7529521584510803 0.7526487708091736
          0.6667662858963013 0.7080978155136108 0.7423397302627563 0.7376229166984558 0 0
          0 0 0 0 0 0
          0 0 0 0 0 0
          0 0 0 0 0 0
          0 0 0 0 0 0
          0 0 0 0 0 0
          0 0 0 0.017587551847100258 0.6949785947799683 0.7451637387275696
          0.7531006336212158 0.7549641728401184 0.7554268836975098 0.7554795145988464 0.7553873062133789 0.7552380561828613
          0.755068838596344 0.7548674941062927 0.7544893622398376 0.753949761390686 0.753438413143158 0.7528727054595947
          0.7524526715278625 0.7522578239440918 0.7522994875907898 0.7525909543037415 0.753078043460846 0.7536198496818542
          0.7540934681892395 0.7544777989387512 0.7548052668571472 0.7551277875900269 0.7550584673881531 0.7490248680114746
          0.7518319487571716 0.7522220015525818 0.7514283657073975 0.6907789707183838 0.6709670424461365 0.5687403082847595
          0.7396055459976196 0 0 0 0 0
          0 0 0 0 0 0
          0 0 0 0 0 0
          0 0 0 0 0 0
          0 0 0 0 0 0
          0 0 0 0 0 0
          9.194039307658386e-8 0.470811665058136 0.743748664855957 0.7542431950569153 0.7556248307228088 0.7557905912399292
          0.7557063698768616 0.7555277347564697 0.755302906036377 0.7550654411315918 0.7548415064811707 0.7546475529670715
          0.7542741894721985 0.7536401748657227 0.7530919909477234 0.7527474164962769 0.7525861859321594 0.7526187300682068
          0.7528235912322998 0.7531635165214539 0.7535495162010193 0.7539160251617432 0.7542518377304077 0.754565417766571
          0.7548680901527405 0.7549976706504822 0.7546977996826172 0.7465793490409851 0.7498642206192017 0.7496237754821777
          0.7471396327018738 0.6724321842193604 0.6586803197860718 0.589950442314148 0 0
          0 0 0 0 0 0
          0 0 0 0 0 0
          0 0 0 0 0 0
          0 0 0 0 0 0
          0 0 0 0 0 0
          0 0 0 0 0.00687734829261899 0.6622380018234253
          0.7494767308235168 0.7551449537277222 0.7558377981185913 0.7558276653289795 0.7556615471839905 0.7554258108139038
          0.755155622959137 0.7548754215240479 0.7545998096466064 0.754329264163971 0.7539984583854675 0.7534090280532837
          0.7529956102371216 0.7528706789016724 0.7528702616691589 0.7529860734939575 0.7531985640525818 0.7534705400466919
          0.7537614703178406 0.7540520429611206 0.754338800907135 0.7546242475509644 0.754909336566925 0.7549088001251221
          0.7533805966377258 0.7483264207839966 0.7455607652664185 0.7454420924186707 0.6639631390571594 0.6673407554626465
          0.600702166557312 0.6161773204803467 0 0 0 0
          0 0 0 0 0 0
          0 0 0 0 0 0
          0 0 0 0 0 0
          0 0 0 0 0 0
          0 0 0 0 0 0
          0 0 0.01919332705438137 0.6950925588607788 0.7483742237091064 0.7549588084220886
          0.7558668851852417 0.755841851234436 0.7556484341621399 0.7553905248641968 0.7550994157791138 0.7547900676727295
          0.7544679641723633 0.7541391253471375 0.753793478012085 0.7534130811691284 0.7530666589736938 0.7530056238174438
          0.7530530095100403 0.7531832456588745 0.7533790469169617 0.7536172866821289 0.7538749575614929 0.7541375756263733
          0.754402220249176 0.7546732425689697 0.7549457550048828 0.754944920539856 0.755150556564331 0.7472653388977051
          0.7543729543685913 0.7559325695037842 0.6608735918998718 0.7317852973937988 0.5731027722358704 0.6038359999656677
          0.006881533190608025 0.0007553908508270979 1.375437341333361e-14 0.0003202918160241097 0.0005726742674596608 0.000005662623607349815
          0.0002497864479664713 0.00005595776383415796 0.000020102121197851375 0 9.998280603440435e-8 4.6882544069148935e-8
          7.793182987825276e-9 1.049458049351415e-7 0.00009542464249534532 1.8886395025674574e-7 2.162117169746125e-7 2.1801471916660375e-7
          0 0 0 0 0 0.0000018044016769636073
          0 1.2991699734733618e-18 4.425051542966685e-7 0 0 0
          0 0 0 0 0 0
          4.006916043408637e-8 0.647625744342804 0.7401195168495178 0.7536078095436096 0.7558513283729553 0.7559247612953186
          0.7557481527328491 0.7554979920387268 0.7552026510238647 0.7548746466636658 0.7545167803764343 0.7541413307189941
          0.753779947757721 0.7534704804420471 0.7532349824905396 0.7531201243400574 0.753173291683197 0.7533038854598999
          0.7534881830215454 0.7537123560905457 0.7539554834365845 0.7542047500610352 0.7544592618942261 0.7547240257263184
          0.7550098299980164 0.7550092339515686 0.7556552290916443 0.7511723041534424 0.7543012499809265 0.7557394504547119
          0.7321907877922058 0.7367083430290222 0.7441469430923462 0.7450121641159058 0.7466073036193848 0.7475996017456055
          0.7492030262947083 0.7500180006027222 0.7498383522033691 0.33602437376976013 0.4694276452064514 0.7550740838050842
          0.7553673982620239 0.45404383540153503 0.15851490199565887 0.44080862402915955 0.5318527817726135 0.1113511472940445
          1.9697161235399108e-7 0.6147130727767944 0.6409025192260742 0.2464173287153244 0 0.177940234541893
          0.7229081392288208 0.7347566485404968 0.74025559425354 0.7428423166275024 0.74463951587677 0.7459124326705933
          0.7465407252311707 0.7470791935920715 0 0 0 0
          0 0 0 0 4.039237637698534e-7 0.011174370534718037
          0.6711580157279968 0.7440756559371948 0.7554891109466553 0.7560797929763794 0.7559825778007507 0.7557778358459473
          0.7555038928985596 0.7551926970481873 0.7548491358757019 0.754463791847229 0.7540652751922607 0.7537196278572083
          0.7534845471382141 0.7533807158470154 0.753383219242096 0.753457248210907 0.7535863518714905 0.7537832260131836
          0.7540151476860046 0.7542551755905151 0.7544963955879211 0.7547567486763 0.7549501657485962 0.754909873008728
          0.7550551295280457 0.75579833984375 0.7558857202529907 0.7559419870376587 0.7559815645217896 0.7560139894485474
          0.7560433149337769 0.756070077419281 0.7560942769050598 0.7561156749725342 0.7561343312263489 0.756151020526886
          0.7561652064323425 0.756176769733429 0.7561852931976318 0.756192147731781 0.7556683421134949 0.7556731700897217
          0.7550584077835083 0.7550516724586487 0.7550442814826965 0.7550381422042847 0.7550325989723206 0.7550259828567505
          0.7550191283226013 0.7550154328346252 0.7550144195556641 0.7550114393234253 0.755003035068512 0.7549950480461121
          0.7549877166748047 0.7549809217453003 0.7549740672111511 0.7549669742584229 0.7549588680267334 0.754949152469635
          0 0 0 0 0 0
          0 0 0 0.01760384999215603 1.0580441411889296e-8 0.04775705561041832
          0.7471360564231873 0.7560347318649292 0.7563341856002808 0.7563042044639587 0.7560778856277466 0.7558104395866394
          0.7556023597717285 0.7553865909576416 0.7551218867301941 0.7548295855522156 0.7545544505119324 0.7543368339538574
          0.754213809967041 0.7541595697402954 0.7541323304176331 0.7541471123695374 0.7542617917060852 0.7544094920158386
          0.7545855641365051 0.7547306418418884 0.7548500895500183 0.754869818687439 0.7548697590827942 0.7551403641700745
          0.7560788989067078 0.7561014294624329 0.756118655204773 0.7561331987380981 0.7561467289924622 0.7561591863632202
          0.7561706900596619 0.7561806440353394 0.7561897039413452 0.7561975121498108 0.7562036514282227 0.7562074661254883
          0.7562100887298584 0.7562128901481628 0.7562156319618225 0.7559542655944824 0.75548255443573 0.7554812431335449
          0.7554802298545837 0.755479097366333 0.7554782032966614 0.7554774284362793 0.7554770708084106 0.755477249622345
          0.7554774880409241 0.7554774284362793 0.7554773092269897 0.7554773092269897 0.7554774880409241 0.755477786064148
          0.7554782629013062 0.7554786801338196 0.7554790377616882 0.7554779052734375
        </DataArray>
        <DataArray type="Float32" Name="ASH_Solids_mass_fractions_1_4" format="ascii" RangeMin="0.2276114970445633" RangeMax="1">
          1 1 1 1 0.25783222913742065 0.2276114970445633
          0.2389003336429596 0.24253036081790924 0.24409222602844238 0.24608688056468964 0.24717368185520172 0.24749904870986938
          0.24735994637012482 0.24694481492042542 0.24640166759490967 0.2458297461271286 0.24531416594982147 0.24496254324913025
          0.24477872252464294 0.2447516918182373 0.24487578868865967 0.24514546990394592 0.24555052816867828 0.2460728883743286
          0.24668358266353607 0.2473316192626953 0.24791622161865234 0.2482844591140747 0.2483256310224533 0.2480449229478836
          0.24751131236553192 0.24690087139606476 0.24585571885108948 0.24513967335224152 0.24517005681991577 0.24466250836849213
          0.2457863837480545 0.2455282211303711 0.24546173214912415 0.24567647278308868 0.24647566676139832 0.2593977153301239
          0.24895153939723969 0.24970746040344238 0.256058007478714 1 1 1
          1 1 1 1 1 1
          1 1 1 1 1 1
          1 1 1 1 1 1
          1 1 1 1 1 1
          1 1 0.25218552350997925 0.3551057279109955 0.2457132190465927 1
          0.4412336051464081 0.6462047696113586 0.3691565990447998 0.30177709460258484 0.27656692266464233 0.2648487091064453
          0.2586366534233093 0.2550069987773895 0.2527032792568207 0.25113552808761597 0.2501004934310913 0.2494291216135025
          0.24887649714946747 0.2484794557094574 0.2482384890317917 0.24814453721046448 0.2481737732887268 0.2482723593711853
          0.2483537793159485 0.2483254373073578 0.24811135232448578 0.2476552277803421 0.24703271687030792 0.24615225195884705
          0.24539585411548615 0.24503032863140106 0.2450755089521408 0.24533171951770782 0.2477312982082367 0.24645555019378662
          0.246374249458313 0.24648478627204895 0.25661149621009827 0.2728518545627594 0.2541731894016266 0.26020240783691406
          1 1 1 1 1 1
          1 1 1 1 1 1
          1 1 1 1 1 1
          1 1 1 1 1 1
          1 1 1 1 1 1
          1 1 0.9999999403953552 1 0.9820570945739746 0.9830731153488159
          0.34194910526275635 0.2734357416629791 0.2553395628929138 0.2492721527814865 0.2469291090965271 0.24592891335487366
          0.24549300968647003 0.2453261911869049 0.24530857801437378 0.24542535841464996 0.2458021193742752 0.2462860345840454
          0.2467939704656601 0.2472728043794632 0.24767537415027618 0.2479565441608429 0.2480676919221878 0.24796131253242493
          0.24761201441287994 0.2470022439956665 0.24629534780979156 0.24569004774093628 0.24527014791965485 0.2449440211057663
          0.24500681459903717 0.24799533188343048 0.24762657284736633 0.2469411939382553 0.24704772233963013 0.24735112488269806
          0.33323371410369873 0.2919021546840668 0.2576601505279541 0.26237696409225464 1 1
          1 1 1 1 1 1
          1 1 1 1 1 1
          1 1 1 1 1 1
          1 1 1 1 1 1
          1 1 1 1 1 1
          1 1 1 0.9824123978614807 0.3050212860107422 0.25483620166778564
          0.24689926207065582 0.24503572285175323 0.24457304179668427 0.2445203959941864 0.24461263418197632 0.2447618544101715
          0.24493107199668884 0.2451324313879013 0.245510533452034 0.24605011940002441 0.24656149744987488 0.24712719023227692
          0.2475472241640091 0.24774210155010223 0.24770042300224304 0.24740895628929138 0.24692189693450928 0.2463800609111786
          0.24590647220611572 0.245522141456604 0.24519465863704681 0.24487213790416718 0.24494142830371857 0.2509750425815582
          0.2481679618358612 0.24777792394161224 0.248571515083313 0.3092209994792938 0.32903292775154114 0.4312596619129181
          0.2603943645954132 1 1 1 1 1
          1 1 1 1 1 1
          1 1 1 1 1 1
          1 1 1 1 1 1
          1 1 1 1 1 1
          1 1 1 1 1 1
          1 0.5291882157325745 0.2562512457370758 0.24575673043727875 0.2443750947713852 0.24420933425426483
          0.24429355561733246 0.2444721907377243 0.24469701945781708 0.24493445456027985 0.24515840411186218 0.2453523576259613
          0.24572572112083435 0.24635973572731018 0.24690794944763184 0.2472524791955948 0.2474137246608734 0.24738118052482605
          0.24717633426189423 0.24683640897274017 0.24645039439201355 0.24608385562896729 0.24574805796146393 0.2454344779253006
          0.24513182044029236 0.24500222504138947 0.24530211091041565 0.25342056155204773 0.2501356899738312 0.2503761649131775
          0.25286024808883667 0.32756781578063965 0.3413197100162506 0.41004955768585205 1 1
          1 1 1 1 1 1
          1 1 1 1 1 1
          1 1 1 1 1 1
          1 1 1 1 1 1
          1 1 1 1 1 1
          1 1 1 0.9999999403953552 0.9931225776672363 0.33776190876960754
          0.2505232095718384 0.24485497176647186 0.24416214227676392 0.24417226016521454 0.24433839321136475 0.24457408487796783
          0.24484427273273468 0.2451244592666626 0.2454000860452652 0.2456706464290619 0.2460014820098877 0.24659088253974915
          0.24700430035591125 0.24712924659252167 0.2471296638250351 0.24701382219791412 0.24680136144161224 0.24652940034866333
          0.24623844027519226 0.24594786763191223 0.24566109478473663 0.2453756481409073 0.2450905591249466 0.24509114027023315
          0.246619313955307 0.25167351961135864 0.2544391453266144 0.2545578181743622 0.33603689074516296 0.3326592445373535
          0.399297833442688 0.3838226795196533 1 1 1 1
          1 1 1 1 1 1
          1 1 1 1 1 1
          1 1 1 1 1 1
          1 1 1 1 1 1
          1 1 1 1 1 1
          1 1 0.9808066487312317 0.30490732192993164 0.2516256868839264 0.2450411170721054
          0.24413305521011353 0.2441580444574356 0.24435149133205414 0.24460940062999725 0.24490049481391907 0.24520982801914215
          0.24553193151950836 0.245860755443573 0.24620646238327026 0.24658682942390442 0.246933251619339 0.24699430167675018
          0.24694691598415375 0.2468166947364807 0.24662084877490997 0.24638260900974274 0.24612495303153992 0.24586234986782074
          0.24559767544269562 0.2453266978263855 0.2450541853904724 0.24505500495433807 0.2448493391275406 0.25273457169532776
          0.24562695622444153 0.24406735599040985 0.3391264081001282 0.268214613199234 0.426897257566452 0.39616402983665466
          0.9931184649467468 0.9992446303367615 1 0.999679684638977 0.999427318572998 0.9999943375587463
          0.9997501969337463 0.9999440312385559 0.9999799132347107 1 0.9999998807907104 0.9999999403953552
          1 0.9999998807907104 0.9999045729637146 0.9999998211860657 0.9999997615814209 0.9999997615814209
          1 1 1 1 1 0.9999982118606567
          1 1 0.9999995827674866 1 1 1
          1 1 1 1 1 1
          1 0.3523741364479065 0.2598804235458374 0.2463921159505844 0.24414858222007751 0.24407517910003662
          0.2442517727613449 0.24450191855430603 0.2447972595691681 0.24512524902820587 0.2454831302165985 0.2458585798740387
          0.2462199479341507 0.24652943015098572 0.2467649281024933 0.24687978625297546 0.24682660400867462 0.24669604003429413
          0.24651172757148743 0.24628756940364838 0.24604441225528717 0.24579519033432007 0.24554067850112915 0.24527591466903687
          0.24499006569385529 0.24499067664146423 0.24434471130371094 0.24882759153842926 0.24569864571094513 0.24426046013832092
          0.26780909299850464 0.26329153776168823 0.25585293769836426 0.2549877464771271 0.2533925771713257 0.25240033864974976
          0.2507968544960022 0.24998193979263306 0.2501615583896637 0.6639755964279175 0.5305722951889038 0.24492581188678741
          0.24463249742984772 0.5459561347961426 0.8414850831031799 0.5591913461685181 0.4681471586227417 0.8886488676071167
          0.9999998211860657 0.3852868974208832 0.359097421169281 0.7535826563835144 1 0.8220597505569458
          0.27709177136421204 0.2652432322502136 0.2597443461418152 0.2571575939655304 0.2553603947162628 0.25408750772476196
          0.2534591555595398 0.2529207170009613 1 1 1 1
          1 1 1 1 0.9999995231628418 0.9888255596160889
          0.3288419544696808 0.255924254655838 0.24451081454753876 0.24392013251781464 0.24401730298995972 0.24422207474708557
          0.24449600279331207 0.24480721354484558 0.24515080451965332 0.24553611874580383 0.2459346055984497 0.24628028273582458
          0.24651537835597992 0.24661922454833984 0.2466166913509369 0.24654267728328705 0.24641355872154236 0.24621671438217163
          0.245984748005867 0.2457447648048401 0.24550354480743408 0.24524319171905518 0.24504972994327545 0.245090052485466
          0.24494481086730957 0.24420157074928284 0.24411417543888092 0.24405793845653534 0.2440183460712433 0.24398593604564667
          0.24395659565925598 0.24392983317375183 0.2439056634902954 0.24388422071933746 0.24386560916900635 0.24384891986846924
          0.2438346892595291 0.24382317066192627 0.243814617395401 0.24380777776241302 0.24433156847953796 0.24432677030563354
          0.24494153261184692 0.24494826793670654 0.2449556440114975 0.24496175348758698 0.2449672967195511 0.24497394263744354
          0.2449808120727539 0.2449844926595688 0.24498547613620758 0.24498847126960754 0.24499686062335968 0.24500487744808197
          0.24501217901706696 0.24501898884773254 0.24502581357955933 0.24503293633460999 0.24504102766513824 0.24505075812339783
          1 1 1 1 1 1
          1 1 1 0.982396125793457 0.9999998807907104 0.952242910861969
          0.2528638243675232 0.24396516382694244 0.24366571009159088 0.2436956912279129 0.24392202496528625 0.24418948590755463
          0.24439755082130432 0.24461330473423004 0.24487802386283875 0.24517033994197845 0.24544547498226166 0.24566307663917542
          0.24578608572483063 0.24584037065505981 0.24586758017539978 0.24585281312465668 0.24573808908462524 0.2455904185771942
          0.2454143464565277 0.2452692687511444 0.24514980614185333 0.24513012170791626 0.24513013660907745 0.24485956132411957
          0.24392104148864746 0.24389846622943878 0.24388127028942108 0.24386674165725708 0.24385316669940948 0.24384072422981262
          0.24382922053337097 0.24381929636001587 0.24381022155284882 0.24380242824554443 0.24379628896713257 0.24379247426986694
          0.24378985166549683 0.2437870055437088 0.24378429353237152 0.2440456598997116 0.24451737105846405 0.2445186972618103
          0.2445196509361267 0.24452081322669983 0.24452169239521027 0.24452251195907593 0.24452286958694458 0.24452266097068787
          0.24452245235443115 0.24452249705791473 0.2445226013660431 0.2445225715637207 0.24452243745326996 0.2445220947265625
          0.24452166259288788 0.24452124536037445 0.2445208728313446 0.24452197551727295
        </DataArray>
      </CellData>
      <Points>
        <DataArray type="Float32" Name="Points" NumberOfComponents="3" format="ascii" RangeMin="0" RangeMax="5.727128342051162">
          0 0 0 0 0.07999999821186066 0
          0 0.1599999964237213 0 0 0.23999999463558197 0
          0 0.3199999928474426 0 0 0.4000000059604645 0
          0 0.47999998927116394 0 0 0.5600000023841858 0
          0 0.6399999856948853 0 0 0.7200000286102295 0
          0 0.800000011920929 0 0 0.8799999952316284 0
          0 0.9599999785423279 0 0 1.0399999618530273 0
          0 1.1200000047683716 0 0 1.2000000476837158 0
          0 1.2799999713897705 0 0 1.3600000143051147 0
          0 1.440000057220459 0 0 1.5199999809265137 0
          0 1.600000023841858 0 0 1.6799999475479126 0
          0 1.7599999904632568 0 0 1.840000033378601 0
          0 1.9199999570846558 0 0 2 0
          0 2.0799999237060547 0 0 2.1600000858306885 0
          0 2.240000009536743 0 0 2.319999933242798 0
          0 2.4000000953674316 0 0 2.4800000190734863 0
          0 2.559999942779541 0 0 2.640000104904175 0
          0 2.7200000286102295 0 0 2.799999952316284 0
          0 2.880000114440918 0 0 2.9600000381469727 0
          0 3.0399999618530273 0 0 3.119999885559082 0
          0 3.200000047683716 0 0 3.2799999713897705 0
          0 3.359999895095825 0 0 3.440000057220459 0
          0 3.5199999809265137 0 0 3.5999999046325684 0
          0 3.680000066757202 0 0 3.759999990463257 0
          0 3.8399999141693115 0 0 3.9200000762939453 0
          0 4 0 0 4.079999923706055 0
          0 4.159999847412109 0 0 4.239999771118164 0
          0 4.320000171661377 0 0 4.400000095367432 0
          0 4.480000019073486 0 0 4.559999942779541 0
          0 4.639999866485596 0 0 4.71999979019165 0
          0 4.800000190734863 0 0 4.880000114440918 0
          0 4.960000038146973 0 0 5.039999961853027 0
          0 5.119999885559082 0 0 5.199999809265137 0
          0 5.28000020980835 0 0 5.360000133514404 0
          0 5.440000057220459 0 0 5.519999980926514 0
          0 5.599999904632568 0 0.11999999731779099 0 0
          0.11999999731779099 0.07999999821186066 0 0.11999999731779099 0.1599999964237213 0
          0.11999999731779099 0.23999999463558197 0 0.11999999731779099 0.3199999928474426 0
          0.11999999731779099 0.4000000059604645 0 0.11999999731779099 0.47999998927116394 0
          0.11999999731779099 0.5600000023841858 0 0.11999999731779099 0.6399999856948853 0
          0.11999999731779099 0.7200000286102295 0 0.11999999731779099 0.800000011920929 0
          0.11999999731779099 0.8799999952316284 0 0.11999999731779099 0.9599999785423279 0
          0.11999999731779099 1.0399999618530273 0 0.11999999731779099 1.1200000047683716 0
          0.11999999731779099 1.2000000476837158 0 0.11999999731779099 1.2799999713897705 0
          0.11999999731779099 1.3600000143051147 0 0.11999999731779099 1.440000057220459 0
          0.11999999731779099 1.5199999809265137 0 0.11999999731779099 1.600000023841858 0
          0.11999999731779099 1.6799999475479126 0 0.11999999731779099 1.7599999904632568 0
          0.11999999731779099 1.840000033378601 0 0.11999999731779099 1.9199999570846558 0
          0.11999999731779099 2 0 0.11999999731779099 2.0799999237060547 0
          0.11999999731779099 2.1600000858306885 0 0.11999999731779099 2.240000009536743 0
          0.11999999731779099 2.319999933242798 0 0.11999999731779099 2.4000000953674316 0
          0.11999999731779099 2.4800000190734863 0 0.11999999731779099 2.559999942779541 0
          0.11999999731779099 2.640000104904175 0 0.11999999731779099 2.7200000286102295 0
          0.11999999731779099 2.799999952316284 0 0.11999999731779099 2.880000114440918 0
          0.11999999731779099 2.9600000381469727 0 0.11999999731779099 3.0399999618530273 0
          0.11999999731779099 3.119999885559082 0 0.11999999731779099 3.200000047683716 0
          0.11999999731779099 3.2799999713897705 0 0.11999999731779099 3.359999895095825 0
          0.11999999731779099 3.440000057220459 0 0.11999999731779099 3.5199999809265137 0
          0.11999999731779099 3.5999999046325684 0 0.11999999731779099 3.680000066757202 0
          0.11999999731779099 3.759999990463257 0 0.11999999731779099 3.8399999141693115 0
          0.11999999731779099 3.9200000762939453 0 0.11999999731779099 4 0
          0.11999999731779099 4.079999923706055 0 0.11999999731779099 4.159999847412109 0
          0.11999999731779099 4.239999771118164 0 0.11999999731779099 4.320000171661377 0
          0.11999999731779099 4.400000095367432 0 0.11999999731779099 4.480000019073486 0
          0.11999999731779099 4.559999942779541 0 0.11999999731779099 4.639999866485596 0
          0.11999999731779099 4.71999979019165 0 0.11999999731779099 4.800000190734863 0
          0.11999999731779099 4.880000114440918 0 0.11999999731779099 4.960000038146973 0
          0.11999999731779099 5.039999961853027 0 0.11999999731779099 5.119999885559082 0
          0.11999999731779099 5.199999809265137 0 0.11999999731779099 5.28000020980835 0
          0.11999999731779099 5.360000133514404 0 0.11999999731779099 5.440000057220459 0
          0.11999999731779099 5.519999980926514 0 0.11999999731779099 5.599999904632568 0
          0.23999999463558197 0 0 0.23999999463558197 0.07999999821186066 0
          0.23999999463558197 0.1599999964237213 0 0.23999999463558197 0.23999999463558197 0
          0.23999999463558197 0.3199999928474426 0 0.23999999463558197 0.4000000059604645 0
          0.23999999463558197 0.47999998927116394 0 0.23999999463558197 0.5600000023841858 0
          0.23999999463558197 0.6399999856948853 0 0.23999999463558197 0.7200000286102295 0
          0.23999999463558197 0.800000011920929 0 0.23999999463558197 0.8799999952316284 0
          0.23999999463558197 0.9599999785423279 0 0.23999999463558197 1.0399999618530273 0
          0.23999999463558197 1.1200000047683716 0 0.23999999463558197 1.2000000476837158 0
          0.23999999463558197 1.2799999713897705 0 0.23999999463558197 1.3600000143051147 0
          0.23999999463558197 1.440000057220459 0 0.23999999463558197 1.5199999809265137 0
          0.23999999463558197 1.600000023841858 0 0.23999999463558197 1.6799999475479126 0
          0.23999999463558197 1.7599999904632568 0 0.23999999463558197 1.840000033378601 0
          0.23999999463558197 1.9199999570846558 0 0.23999999463558197 2 0
          0.23999999463558197 2.0799999237060547 0 0.23999999463558197 2.1600000858306885 0
          0.23999999463558197 2.240000009536743 0 0.23999999463558197 2.319999933242798 0
          0.23999999463558197 2.4000000953674316 0 0.23999999463558197 2.4800000190734863 0
          0.23999999463558197 2.559999942779541 0 0.23999999463558197 2.640000104904175 0
          0.23999999463558197 2.7200000286102295 0 0.23999999463558197 2.799999952316284 0
          0.23999999463558197 2.880000114440918 0 0.23999999463558197 2.9600000381469727 0
          0.23999999463558197 3.0399999618530273 0 0.23999999463558197 3.119999885559082 0
          0.23999999463558197 3.200000047683716 0 0.23999999463558197 3.2799999713897705 0
          0.23999999463558197 3.359999895095825 0 0.23999999463558197 3.440000057220459 0
          0.23999999463558197 3.5199999809265137 0 0.23999999463558197 3.5999999046325684 0
          0.23999999463558197 3.680000066757202 0 0.23999999463558197 3.759999990463257 0
          0.23999999463558197 3.8399999141693115 0 0.23999999463558197 3.9200000762939453 0
          0.23999999463558197 4 0 0.23999999463558197 4.079999923706055 0
          0.23999999463558197 4.159999847412109 0 0.23999999463558197 4.239999771118164 0
          0.23999999463558197 4.320000171661377 0 0.23999999463558197 4.400000095367432 0
          0.23999999463558197 4.480000019073486 0 0.23999999463558197 4.559999942779541 0
          0.23999999463558197 4.639999866485596 0 0.23999999463558197 4.71999979019165 0
          0.23999999463558197 4.800000190734863 0 0.23999999463558197 4.880000114440918 0
          0.23999999463558197 4.960000038146973 0 0.23999999463558197 5.039999961853027 0
          0.23999999463558197 5.119999885559082 0 0.23999999463558197 5.199999809265137 0
          0.23999999463558197 5.28000020980835 0 0.23999999463558197 5.360000133514404 0
          0.23999999463558197 5.440000057220459 0 0.23999999463558197 5.519999980926514 0
          0.23999999463558197 5.599999904632568 0 0.36000001430511475 0 0
          0.36000001430511475 0.07999999821186066 0 0.36000001430511475 0.1599999964237213 0
          0.36000001430511475 0.23999999463558197 0 0.36000001430511475 0.3199999928474426 0
          0.36000001430511475 0.4000000059604645 0 0.36000001430511475 0.47999998927116394 0
          0.36000001430511475 0.5600000023841858 0 0.36000001430511475 0.6399999856948853 0
          0.36000001430511475 0.7200000286102295 0 0.36000001430511475 0.800000011920929 0
          0.36000001430511475 0.8799999952316284 0 0.36000001430511475 0.9599999785423279 0
          0.36000001430511475 1.0399999618530273 0 0.36000001430511475 1.1200000047683716 0
          0.36000001430511475 1.2000000476837158 0 0.36000001430511475 1.2799999713897705 0
          0.36000001430511475 1.3600000143051147 0 0.36000001430511475 1.440000057220459 0
          0.36000001430511475 1.5199999809265137 0 0.36000001430511475 1.600000023841858 0
          0.36000001430511475 1.6799999475479126 0 0.36000001430511475 1.7599999904632568 0
          0.36000001430511475 1.840000033378601 0 0.36000001430511475 1.9199999570846558 0
          0.36000001430511475 2 0 0.36000001430511475 2.0799999237060547 0
          0.36000001430511475 2.1600000858306885 0 0.36000001430511475 2.240000009536743 0
          0.36000001430511475 2.319999933242798 0 0.36000001430511475 2.4000000953674316 0
          0.36000001430511475 2.4800000190734863 0 0.36000001430511475 2.559999942779541 0
          0.36000001430511475 2.640000104904175 0 0.36000001430511475 2.7200000286102295 0
          0.36000001430511475 2.799999952316284 0 0.36000001430511475 2.880000114440918 0
          0.36000001430511475 2.9600000381469727 0 0.36000001430511475 3.0399999618530273 0
          0.36000001430511475 3.119999885559082 0 0.36000001430511475 3.200000047683716 0
          0.36000001430511475 3.2799999713897705 0 0.36000001430511475 3.359999895095825 0
          0.36000001430511475 3.440000057220459 0 0.36000001430511475 3.5199999809265137 0
          0.36000001430511475 3.5999999046325684 0 0.36000001430511475 3.680000066757202 0
          0.36000001430511475 3.759999990463257 0 0.36000001430511475 3.8399999141693115 0
          0.36000001430511475 3.9200000762939453 0 0.36000001430511475 4 0
          0.36000001430511475 4.079999923706055 0 0.36000001430511475 4.159999847412109 0
          0.36000001430511475 4.239999771118164 0 0.36000001430511475 4.320000171661377 0
          0.36000001430511475 4.400000095367432 0 0.36000001430511475 4.480000019073486 0
          0.36000001430511475 4.559999942779541 0 0.36000001430511475 4.639999866485596 0
          0.36000001430511475 4.71999979019165 0 0.36000001430511475 4.800000190734863 0
          0.36000001430511475 4.880000114440918 0 0.36000001430511475 4.960000038146973 0
          0.36000001430511475 5.039999961853027 0 0.36000001430511475 5.119999885559082 0
          0.36000001430511475 5.199999809265137 0 0.36000001430511475 5.28000020980835 0
          0.36000001430511475 5.360000133514404 0 0.36000001430511475 5.440000057220459 0
          0.36000001430511475 5.519999980926514 0 0.36000001430511475 5.599999904632568 0
          0.47999998927116394 0 0 0.47999998927116394 0.07999999821186066 0
          0.47999998927116394 0.1599999964237213 0 0.47999998927116394 0.23999999463558197 0
          0.47999998927116394 0.3199999928474426 0 0.47999998927116394 0.4000000059604645 0
          0.47999998927116394 0.47999998927116394 0 0.47999998927116394 0.5600000023841858 0
          0.47999998927116394 0.6399999856948853 0 0.47999998927116394 0.7200000286102295 0
          0.47999998927116394 0.800000011920929 0 0.47999998927116394 0.8799999952316284 0
          0.47999998927116394 0.9599999785423279 0 0.47999998927116394 1.0399999618530273 0
          0.47999998927116394 1.1200000047683716 0 0.47999998927116394 1.2000000476837158 0
          0.47999998927116394 1.2799999713897705 0 0.47999998927116394 1.3600000143051147 0
          0.47999998927116394 1.440000057220459 0 0.47999998927116394 1.5199999809265137 0
          0.47999998927116394 1.600000023841858 0 0.47999998927116394 1.6799999475479126 0
          0.47999998927116394 1.7599999904632568 0 0.47999998927116394 1.840000033378601 0
          0.47999998927116394 1.9199999570846558 0 0.47999998927116394 2 0
          0.47999998927116394 2.0799999237060547 0 0.47999998927116394 2.1600000858306885 0
          0.47999998927116394 2.240000009536743 0 0.47999998927116394 2.319999933242798 0
          0.47999998927116394 2.4000000953674316 0 0.47999998927116394 2.4800000190734863 0
          0.47999998927116394 2.559999942779541 0 0.47999998927116394 2.640000104904175 0
          0.47999998927116394 2.7200000286102295 0 0.47999998927116394 2.799999952316284 0
          0.47999998927116394 2.880000114440918 0 0.47999998927116394 2.9600000381469727 0
          0.47999998927116394 3.0399999618530273 0 0.47999998927116394 3.119999885559082 0
          0.47999998927116394 3.200000047683716 0 0.47999998927116394 3.2799999713897705 0
          0.47999998927116394 3.359999895095825 0 0.47999998927116394 3.440000057220459 0
          0.47999998927116394 3.5199999809265137 0 0.47999998927116394 3.5999999046325684 0
          0.47999998927116394 3.680000066757202 0 0.47999998927116394 3.759999990463257 0
          0.47999998927116394 3.8399999141693115 0 0.47999998927116394 3.9200000762939453 0
          0.47999998927116394 4 0 0.47999998927116394 4.079999923706055 0
          0.47999998927116394 4.159999847412109 0 0.47999998927116394 4.239999771118164 0
          0.47999998927116394 4.320000171661377 0 0.47999998927116394 4.400000095367432 0
          0.47999998927116394 4.480000019073486 0 0.47999998927116394 4.559999942779541 0
          0.47999998927116394 4.639999866485596 0 0.47999998927116394 4.71999979019165 0
          0.47999998927116394 4.800000190734863 0 0.47999998927116394 4.880000114440918 0
          0.47999998927116394 4.960000038146973 0 0.47999998927116394 5.039999961853027 0
          0.47999998927116394 5.119999885559082 0 0.47999998927116394 5.199999809265137 0
          0.47999998927116394 5.28000020980835 0 0.47999998927116394 5.360000133514404 0
          0.47999998927116394 5.440000057220459 0 0.47999998927116394 5.519999980926514 0
          0.47999998927116394 5.599999904632568 0 0.6000000238418579 0 0
          0.6000000238418579 0.07999999821186066 0 0.6000000238418579 0.1599999964237213 0
          0.6000000238418579 0.23999999463558197 0 0.6000000238418579 0.3199999928474426 0
          0.6000000238418579 0.4000000059604645 0 0.6000000238418579 0.47999998927116394 0
          0.6000000238418579 0.5600000023841858 0 0.6000000238418579 0.6399999856948853 0
          0.6000000238418579 0.7200000286102295 0 0.6000000238418579 0.800000011920929 0
          0.6000000238418579 0.8799999952316284 0 0.6000000238418579 0.9599999785423279 0
          0.6000000238418579 1.0399999618530273 0 0.6000000238418579 1.1200000047683716 0
          0.6000000238418579 1.2000000476837158 0 0.6000000238418579 1.2799999713897705 0
          0.6000000238418579 1.3600000143051147 0 0.6000000238418579 1.440000057220459 0
          0.6000000238418579 1.5199999809265137 0 0.6000000238418579 1.600000023841858 0
          0.6000000238418579 1.6799999475479126 0 0.6000000238418579 1.7599999904632568 0
          0.6000000238418579 1.840000033378601 0 0.6000000238418579 1.9199999570846558 0
          0.6000000238418579 2 0 0.6000000238418579 2.0799999237060547 0
          0.6000000238418579 2.1600000858306885 0 0.6000000238418579 2.240000009536743 0
          0.6000000238418579 2.319999933242798 0 0.6000000238418579 2.4000000953674316 0
          0.6000000238418579 2.4800000190734863 0 0.6000000238418579 2.559999942779541 0
          0.6000000238418579 2.640000104904175 0 0.6000000238418579 2.7200000286102295 0
          0.6000000238418579 2.799999952316284 0 0.6000000238418579 2.880000114440918 0
          0.6000000238418579 2.9600000381469727 0 0.6000000238418579 3.0399999618530273 0
          0.6000000238418579 3.119999885559082 0 0.6000000238418579 3.200000047683716 0
          0.6000000238418579 3.2799999713897705 0 0.6000000238418579 3.359999895095825 0
          0.6000000238418579 3.440000057220459 0 0.6000000238418579 3.5199999809265137 0
          0.6000000238418579 3.5999999046325684 0 0.6000000238418579 3.680000066757202 0
          0.6000000238418579 3.759999990463257 0 0.6000000238418579 3.8399999141693115 0
          0.6000000238418579 3.9200000762939453 0 0.6000000238418579 4 0
          0.6000000238418579 4.079999923706055 0 0.6000000238418579 4.159999847412109 0
          0.6000000238418579 4.239999771118164 0 0.6000000238418579 4.320000171661377 0
          0.6000000238418579 4.400000095367432 0 0.6000000238418579 4.480000019073486 0
          0.6000000238418579 4.559999942779541 0 0.6000000238418579 4.639999866485596 0
          0.6000000238418579 4.71999979019165 0 0.6000000238418579 4.800000190734863 0
          0.6000000238418579 4.880000114440918 0 0.6000000238418579 4.960000038146973 0
          0.6000000238418579 5.039999961853027 0 0.6000000238418579 5.119999885559082 0
          0.6000000238418579 5.199999809265137 0 0.6000000238418579 5.28000020980835 0
          0.6000000238418579 5.360000133514404 0 0.6000000238418579 5.440000057220459 0
          0.6000000238418579 5.519999980926514 0 0.6000000238418579 5.599999904632568 0
          0.7200000286102295 0 0 0.7200000286102295 0.07999999821186066 0
          0.7200000286102295 0.1599999964237213 0 0.7200000286102295 0.23999999463558197 0
          0.7200000286102295 0.3199999928474426 0 0.7200000286102295 0.4000000059604645 0
          0.7200000286102295 0.47999998927116394 0 0.7200000286102295 0.5600000023841858 0
          0.7200000286102295 0.6399999856948853 0 0.7200000286102295 0.7200000286102295 0
          0.7200000286102295 0.800000011920929 0 0.7200000286102295 0.8799999952316284 0
          0.7200000286102295 0.9599999785423279 0 0.7200000286102295 1.0399999618530273 0
          0.7200000286102295 1.1200000047683716 0 0.7200000286102295 1.2000000476837158 0
          0.7200000286102295 1.2799999713897705 0 0.7200000286102295 1.3600000143051147 0
          0.7200000286102295 1.440000057220459 0 0.7200000286102295 1.5199999809265137 0
          0.7200000286102295 1.600000023841858 0 0.7200000286102295 1.6799999475479126 0
          0.7200000286102295 1.7599999904632568 0 0.7200000286102295 1.840000033378601 0
          0.7200000286102295 1.9199999570846558 0 0.7200000286102295 2 0
          0.7200000286102295 2.0799999237060547 0 0.7200000286102295 2.1600000858306885 0
          0.7200000286102295 2.240000009536743 0 0.7200000286102295 2.319999933242798 0
          0.7200000286102295 2.4000000953674316 0 0.7200000286102295 2.4800000190734863 0
          0.7200000286102295 2.559999942779541 0 0.7200000286102295 2.640000104904175 0
          0.7200000286102295 2.7200000286102295 0 0.7200000286102295 2.799999952316284 0
          0.7200000286102295 2.880000114440918 0 0.7200000286102295 2.9600000381469727 0
          0.7200000286102295 3.0399999618530273 0 0.7200000286102295 3.119999885559082 0
          0.7200000286102295 3.200000047683716 0 0.7200000286102295 3.2799999713897705 0
          0.7200000286102295 3.359999895095825 0 0.7200000286102295 3.440000057220459 0
          0.7200000286102295 3.5199999809265137 0 0.7200000286102295 3.5999999046325684 0
          0.7200000286102295 3.680000066757202 0 0.7200000286102295 3.759999990463257 0
          0.7200000286102295 3.8399999141693115 0 0.7200000286102295 3.9200000762939453 0
          0.7200000286102295 4 0 0.7200000286102295 4.079999923706055 0
          0.7200000286102295 4.159999847412109 0 0.7200000286102295 4.239999771118164 0
          0.7200000286102295 4.320000171661377 0 0.7200000286102295 4.400000095367432 0
          0.7200000286102295 4.480000019073486 0 0.7200000286102295 4.559999942779541 0
          0.7200000286102295 4.639999866485596 0 0.7200000286102295 4.71999979019165 0
          0.7200000286102295 4.800000190734863 0 0.7200000286102295 4.880000114440918 0
          0.7200000286102295 4.960000038146973 0 0.7200000286102295 5.039999961853027 0
          0.7200000286102295 5.119999885559082 0 0.7200000286102295 5.199999809265137 0
          0.7200000286102295 5.28000020980835 0 0.7200000286102295 5.360000133514404 0
          0.7200000286102295 5.440000057220459 0 0.7200000286102295 5.519999980926514 0
          0.7200000286102295 5.599999904632568 0 0.8399999737739563 0 0
          0.8399999737739563 0.07999999821186066 0 0.8399999737739563 0.1599999964237213 0
          0.8399999737739563 0.23999999463558197 0 0.8399999737739563 0.3199999928474426 0
          0.8399999737739563 0.4000000059604645 0 0.8399999737739563 0.47999998927116394 0
          0.8399999737739563 0.5600000023841858 0 0.8399999737739563 0.6399999856948853 0
          0.8399999737739563 0.7200000286102295 0 0.8399999737739563 0.800000011920929 0
          0.8399999737739563 0.8799999952316284 0 0.8399999737739563 0.9599999785423279 0
          0.8399999737739563 1.0399999618530273 0 0.8399999737739563 1.1200000047683716 0
          0.8399999737739563 1.2000000476837158 0 0.8399999737739563 1.2799999713897705 0
          0.8399999737739563 1.3600000143051147 0 0.8399999737739563 1.440000057220459 0
          0.8399999737739563 1.5199999809265137 0 0.8399999737739563 1.600000023841858 0
          0.8399999737739563 1.6799999475479126 0 0.8399999737739563 1.7599999904632568 0
          0.8399999737739563 1.840000033378601 0 0.8399999737739563 1.9199999570846558 0
          0.8399999737739563 2 0 0.8399999737739563 2.0799999237060547 0
          0.8399999737739563 2.1600000858306885 0 0.8399999737739563 2.240000009536743 0
          0.8399999737739563 2.319999933242798 0 0.8399999737739563 2.4000000953674316 0
          0.8399999737739563 2.4800000190734863 0 0.8399999737739563 2.559999942779541 0
          0.8399999737739563 2.640000104904175 0 0.8399999737739563 2.7200000286102295 0
          0.8399999737739563 2.799999952316284 0 0.8399999737739563 2.880000114440918 0
          0.8399999737739563 2.9600000381469727 0 0.8399999737739563 3.0399999618530273 0
          0.8399999737739563 3.119999885559082 0 0.8399999737739563 3.200000047683716 0
          0.8399999737739563 3.2799999713897705 0 0.8399999737739563 3.359999895095825 0
          0.8399999737739563 3.440000057220459 0 0.8399999737739563 3.5199999809265137 0
          0.8399999737739563 3.5999999046325684 0 0.8399999737739563 3.680000066757202 0
          0.8399999737739563 3.759999990463257 0 0.8399999737739563 3.8399999141693115 0
          0.8399999737739563 3.9200000762939453 0 0.8399999737739563 4 0
          0.8399999737739563 4.079999923706055 0 0.8399999737739563 4.159999847412109 0
          0.8399999737739563 4.239999771118164 0 0.8399999737739563 4.320000171661377 0
          0.8399999737739563 4.400000095367432 0 0.8399999737739563 4.480000019073486 0
          0.8399999737739563 4.559999942779541 0 0.8399999737739563 4.639999866485596 0
          0.8399999737739563 4.71999979019165 0 0.8399999737739563 4.800000190734863 0
          0.8399999737739563 4.880000114440918 0 0.8399999737739563 4.960000038146973 0
          0.8399999737739563 5.039999961853027 0 0.8399999737739563 5.119999885559082 0
          0.8399999737739563 5.199999809265137 0 0.8399999737739563 5.28000020980835 0
          0.8399999737739563 5.360000133514404 0 0.8399999737739563 5.440000057220459 0
          0.8399999737739563 5.519999980926514 0 0.8399999737739563 5.599999904632568 0
          0.9599999785423279 0 0 0.9599999785423279 0.07999999821186066 0
          0.9599999785423279 0.1599999964237213 0 0.9599999785423279 0.23999999463558197 0
          0.9599999785423279 0.3199999928474426 0 0.9599999785423279 0.4000000059604645 0
          0.9599999785423279 0.47999998927116394 0 0.9599999785423279 0.5600000023841858 0
          0.9599999785423279 0.6399999856948853 0 0.9599999785423279 0.7200000286102295 0
          0.9599999785423279 0.800000011920929 0 0.9599999785423279 0.8799999952316284 0
          0.9599999785423279 0.9599999785423279 0 0.9599999785423279 1.0399999618530273 0
          0.9599999785423279 1.1200000047683716 0 0.9599999785423279 1.2000000476837158 0
          0.9599999785423279 1.2799999713897705 0 0.9599999785423279 1.3600000143051147 0
          0.9599999785423279 1.440000057220459 0 0.9599999785423279 1.5199999809265137 0
          0.9599999785423279 1.600000023841858 0 0.9599999785423279 1.6799999475479126 0
          0.9599999785423279 1.7599999904632568 0 0.9599999785423279 1.840000033378601 0
          0.9599999785423279 1.9199999570846558 0 0.9599999785423279 2 0
          0.9599999785423279 2.0799999237060547 0 0.9599999785423279 2.1600000858306885 0
          0.9599999785423279 2.240000009536743 0 0.9599999785423279 2.319999933242798 0
          0.9599999785423279 2.4000000953674316 0 0.9599999785423279 2.4800000190734863 0
          0.9599999785423279 2.559999942779541 0 0.9599999785423279 2.640000104904175 0
          0.9599999785423279 2.7200000286102295 0 0.9599999785423279 2.799999952316284 0
          0.9599999785423279 2.880000114440918 0 0.9599999785423279 2.9600000381469727 0
          0.9599999785423279 3.0399999618530273 0 0.9599999785423279 3.119999885559082 0
          0.9599999785423279 3.200000047683716 0 0.9599999785423279 3.2799999713897705 0
          0.9599999785423279 3.359999895095825 0 0.9599999785423279 3.440000057220459 0
          0.9599999785423279 3.5199999809265137 0 0.9599999785423279 3.5999999046325684 0
          0.9599999785423279 3.680000066757202 0 0.9599999785423279 3.759999990463257 0
          0.9599999785423279 3.8399999141693115 0 0.9599999785423279 3.9200000762939453 0
          0.9599999785423279 4 0 0.9599999785423279 4.079999923706055 0
          0.9599999785423279 4.159999847412109 0 0.9599999785423279 4.239999771118164 0
          0.9599999785423279 4.320000171661377 0 0.9599999785423279 4.400000095367432 0
          0.9599999785423279 4.480000019073486 0 0.9599999785423279 4.559999942779541 0
          0.9599999785423279 4.639999866485596 0 0.9599999785423279 4.71999979019165 0
          0.9599999785423279 4.800000190734863 0 0.9599999785423279 4.880000114440918 0
          0.9599999785423279 4.960000038146973 0 0.9599999785423279 5.039999961853027 0
          0.9599999785423279 5.119999885559082 0 0.9599999785423279 5.199999809265137 0
          0.9599999785423279 5.28000020980835 0 0.9599999785423279 5.360000133514404 0
          0.9599999785423279 5.440000057220459 0 0.9599999785423279 5.519999980926514 0
          0.9599999785423279 5.599999904632568 0 1.0800000429153442 0 0
          1.0800000429153442 0.07999999821186066 0 1.0800000429153442 0.1599999964237213 0
          1.0800000429153442 0.23999999463558197 0 1.0800000429153442 0.3199999928474426 0
          1.0800000429153442 0.4000000059604645 0 1.0800000429153442 0.47999998927116394 0
          1.0800000429153442 0.5600000023841858 0 1.0800000429153442 0.6399999856948853 0
          1.0800000429153442 0.7200000286102295 0 1.0800000429153442 0.800000011920929 0
          1.0800000429153442 0.8799999952316284 0 1.0800000429153442 0.9599999785423279 0
          1.0800000429153442 1.0399999618530273 0 1.0800000429153442 1.1200000047683716 0
          1.0800000429153442 1.2000000476837158 0 1.0800000429153442 1.2799999713897705 0
          1.0800000429153442 1.3600000143051147 0 1.0800000429153442 1.440000057220459 0
          1.0800000429153442 1.5199999809265137 0 1.0800000429153442 1.600000023841858 0
          1.0800000429153442 1.6799999475479126 0 1.0800000429153442 1.7599999904632568 0
          1.0800000429153442 1.840000033378601 0 1.0800000429153442 1.9199999570846558 0
          1.0800000429153442 2 0 1.0800000429153442 2.0799999237060547 0
          1.0800000429153442 2.1600000858306885 0 1.0800000429153442 2.240000009536743 0
          1.0800000429153442 2.319999933242798 0 1.0800000429153442 2.4000000953674316 0
          1.0800000429153442 2.4800000190734863 0 1.0800000429153442 2.559999942779541 0
          1.0800000429153442 2.640000104904175 0 1.0800000429153442 2.7200000286102295 0
          1.0800000429153442 2.799999952316284 0 1.0800000429153442 2.880000114440918 0
          1.0800000429153442 2.9600000381469727 0 1.0800000429153442 3.0399999618530273 0
          1.0800000429153442 3.119999885559082 0 1.0800000429153442 3.200000047683716 0
          1.0800000429153442 3.2799999713897705 0 1.0800000429153442 3.359999895095825 0
          1.0800000429153442 3.440000057220459 0 1.0800000429153442 3.5199999809265137 0
          1.0800000429153442 3.5999999046325684 0 1.0800000429153442 3.680000066757202 0
          1.0800000429153442 3.759999990463257 0 1.0800000429153442 3.8399999141693115 0
          1.0800000429153442 3.9200000762939453 0 1.0800000429153442 4 0
          1.0800000429153442 4.079999923706055 0 1.0800000429153442 4.159999847412109 0
          1.0800000429153442 4.239999771118164 0 1.0800000429153442 4.320000171661377 0
          1.0800000429153442 4.400000095367432 0 1.0800000429153442 4.480000019073486 0
          1.0800000429153442 4.559999942779541 0 1.0800000429153442 4.639999866485596 0
          1.0800000429153442 4.71999979019165 0 1.0800000429153442 4.800000190734863 0
          1.0800000429153442 4.880000114440918 0 1.0800000429153442 4.960000038146973 0
          1.0800000429153442 5.039999961853027 0 1.0800000429153442 5.119999885559082 0
          1.0800000429153442 5.199999809265137 0 1.0800000429153442 5.28000020980835 0
          1.0800000429153442 5.360000133514404 0 1.0800000429153442 5.440000057220459 0
          1.0800000429153442 5.519999980926514 0 1.0800000429153442 5.599999904632568 0
          1.2000000476837158 0 0 1.2000000476837158 0.07999999821186066 0
          1.2000000476837158 0.1599999964237213 0 1.2000000476837158 0.23999999463558197 0
          1.2000000476837158 0.3199999928474426 0 1.2000000476837158 0.4000000059604645 0
          1.2000000476837158 0.47999998927116394 0 1.2000000476837158 0.5600000023841858 0
          1.2000000476837158 0.6399999856948853 0 1.2000000476837158 0.7200000286102295 0
          1.2000000476837158 0.800000011920929 0 1.2000000476837158 0.8799999952316284 0
          1.2000000476837158 0.9599999785423279 0 1.2000000476837158 1.0399999618530273 0
          1.2000000476837158 1.1200000047683716 0 1.2000000476837158 1.2000000476837158 0
          1.2000000476837158 1.2799999713897705 0 1.2000000476837158 1.3600000143051147 0
          1.2000000476837158 1.440000057220459 0 1.2000000476837158 1.5199999809265137 0
          1.2000000476837158 1.600000023841858 0 1.2000000476837158 1.6799999475479126 0
          1.2000000476837158 1.7599999904632568 0 1.2000000476837158 1.840000033378601 0
          1.2000000476837158 1.9199999570846558 0 1.2000000476837158 2 0
          1.2000000476837158 2.0799999237060547 0 1.2000000476837158 2.1600000858306885 0
          1.2000000476837158 2.240000009536743 0 1.2000000476837158 2.319999933242798 0
          1.2000000476837158 2.4000000953674316 0 1.2000000476837158 2.4800000190734863 0
          1.2000000476837158 2.559999942779541 0 1.2000000476837158 2.640000104904175 0
          1.2000000476837158 2.7200000286102295 0 1.2000000476837158 2.799999952316284 0
          1.2000000476837158 2.880000114440918 0 1.2000000476837158 2.9600000381469727 0
          1.2000000476837158 3.0399999618530273 0 1.2000000476837158 3.119999885559082 0
          1.2000000476837158 3.200000047683716 0 1.2000000476837158 3.2799999713897705 0
          1.2000000476837158 3.359999895095825 0 1.2000000476837158 3.440000057220459 0
          1.2000000476837158 3.5199999809265137 0 1.2000000476837158 3.5999999046325684 0
          1.2000000476837158 3.680000066757202 0 1.2000000476837158 3.759999990463257 0
          1.2000000476837158 3.8399999141693115 0 1.2000000476837158 3.9200000762939453 0
          1.2000000476837158 4 0 1.2000000476837158 4.079999923706055 0
          1.2000000476837158 4.159999847412109 0 1.2000000476837158 4.239999771118164 0
          1.2000000476837158 4.320000171661377 0 1.2000000476837158 4.400000095367432 0
          1.2000000476837158 4.480000019073486 0 1.2000000476837158 4.559999942779541 0
          1.2000000476837158 4.639999866485596 0 1.2000000476837158 4.71999979019165 0
          1.2000000476837158 4.800000190734863 0 1.2000000476837158 4.880000114440918 0
          1.2000000476837158 4.960000038146973 0 1.2000000476837158 5.039999961853027 0
          1.2000000476837158 5.119999885559082 0 1.2000000476837158 5.199999809265137 0
          1.2000000476837158 5.28000020980835 0 1.2000000476837158 5.360000133514404 0
          1.2000000476837158 5.440000057220459 0 1.2000000476837158 5.519999980926514 0
          1.2000000476837158 5.599999904632568 0
          <InformationKey name="L2_NORM_RANGE" location="vtkDataArray" length="2">
            <Value index="0">
              0
            </Value>
            <Value index="1">
              5.7271283421
            </Value>
          </InformationKey>
        </DataArray>
      </Points>
      <Cells>
        <DataArray type="Int64" Name="connectivity" format="ascii" RangeMin="0" RangeMax="780">
          0 71 72 1 1 72
          73 2 2 73 74 3
          3 74 75 4 4 75
          76 5 5 76 77 6
          6 77 78 7 7 78
          79 8 8 79 80 9
          9 80 81 10 10 81
          82 11 11 82 83 12
          12 83 84 13 13 84
          85 14 14 85 86 15
          15 86 87 16 16 87
          88 17 17 88 89 18
          18 89 90 19 19 90
          91 20 20 91 92 21
          21 92 93 22 22 93
          94 23 23 94 95 24
          24 95 96 25 25 96
          97 26 26 97 98 27
          27 98 99 28 28 99
          100 29 29 100 101 30
          30 101 102 31 31 102
          103 32 32 103 104 33
          33 104 105 34 34 105
          106 35 35 106 107 36
          36 107 108 37 37 108
          109 38 38 109 110 39
          39 110 111 40 40 111
          112 41 41 112 113 42
          42 113 114 43 43 114
          115 44 44 115 116 45
          45 116 117 46 46 117
          118 47 47 118 119 48
          48 119 120 49 49 120
          121 50 50 121 122 51
          51 122 123 52 52 123
          124 53 53 124 125 54
          54 125 126 55 55 126
          127 56 56 127 128 57
          57 128 129 58 58 129
          130 59 59 130 131 60
          60 131 132 61 61 132
          133 62 62 133 134 63
          63 134 135 64 64 135
          136 65 65 136 137 66
          66 137 138 67 67 138
          139 68 68 139 140 69
          69 140 141 70 71 142
          143 72 72 143 144 73
          73 144 145 74 74 145
          146 75 75 146 147 76
          76 147 148 77 77 148
          149 78 78 149 150 79
          79 150 151 80 80 151
          152 81 81 152 153 82
          82 153 154 83 83 154
          155 84 84 155 156 85
          85 156 157 86 86 157
          158 87 87 158 159 88
          88 159 160 89 89 160
          161 90 90 161 162 91
          91 162 163 92 92 163
          164 93 93 164 165 94
          94 165 166 95 95 166
          167 96 96 167 168 97
          97 168 169 98 98 169
          170 99 99 170 171 100
          100 171 172 101 101 172
          173 102 102 173 174 103
          103 174 175 104 104 175
          176 105 105 176 177 106
          106 177 178 107 107 178
          179 108 108 179 180 109
          109 180 181 110 110 181
          182 111 111 182 183 112
          112 183 184 113 113 184
          185 114 114 185 186 115
          115 186 187 116 116 187
          188 117 117 188 189 118
          118 189 190 119 119 190
          191 120 120 191 192 121
          121 192 193 122 122 193
          194 123 123 194 195 124
          124 195 196 125 125 196
          197 126 126 197 198 127
          127 198 199 128 128 199
          200 129 129 200 201 130
          130 201 202 131 131 202
          203 132 132 203 204 133
          133 204 205 134 134 205
          206 135 135 206 207 136
          136 207 208 137 137 208
          209 138 138 209 210 139
          139 210 211 140 140 211
          212 141 142 213 214 143
          143 214 215 144 144 215
          216 145 145 216 217 146
          146 217 218 147 147 218
          219 148 148 219 220 149
          149 220 221 150 150 221
          222 151 151 222 223 152
          152 223 224 153 153 224
          225 154 154 225 226 155
          155 226 227 156 156 227
          228 157 157 228 229 158
          158 229 230 159 159 230
          231 160 160 231 232 161
          161 232 233 162 162 233
          234 163 163 234 235 164
          164 235 236 165 165 236
          237 166 166 237 238 167
          167 238 239 168 168 239
          240 169 169 240 241 170
          170 241 242 171 171 242
          243 172 172 243 244 173
          173 244 245 174 174 245
          246 175 175 246 247 176
          176 247 248 177 177 248
          249 178 178 249 250 179
          179 250 251 180 180 251
          252 181 181 252 253 182
          182 253 254 183 183 254
          255 184 184 255 256 185
          185 256 257 186 186 257
          258 187 187 258 259 188
          188 259 260 189 189 260
          261 190 190 261 262 191
          191 262 263 192 192 263
          264 193 193 264 265 194
          194 265 266 195 195 266
          267 196 196 267 268 197
          197 268 269 198 198 269
          270 199 199 270 271 200
          200 271 272 201 201 272
          273 202 202 273 274 203
          203 274 275 204 204 275
          276 205 205 276 277 206
          206 277 278 207 207 278
          279 208 208 279 280 209
          209 280 281 210 210 281
          282 211 211 282 283 212
          213 284 285 214 214 285
          286 215 215 286 287 216
          216 287 288 217 217 288
          289 218 218 289 290 219
          219 290 291 220 220 291
          292 221 221 292 293 222
          222 293 294 223 223 294
          295 224 224 295 296 225
          225 296 297 226 226 297
          298 227 227 298 299 228
          228 299 300 229 229 300
          301 230 230 301 302 231
          231 302 303 232 232 303
          304 233 233 304 305 234
          234 305 306 235 235 306
          307 236 236 307 308 237
          237 308 309 238 238 309
          310 239 239 310 311 240
          240 311 312 241 241 312
          313 242 242 313 314 243
          243 314 315 244 244 315
          316 245 245 316 317 246
          246 317 318 247 247 318
          319 248 248 319 320 249
          249 320 321 250 250 321
          322 251 251 322 323 252
          252 323 324 253 253 324
          325 254 254 325 326 255
          255 326 327 256 256 327
          328 257 257 328 329 258
          258 329 330 259 259 330
          331 260 260 331 332 261
          261 332 333 262 262 333
          334 263 263 334 335 264
          264 335 336 265 265 336
          337 266 266 337 338 267
          267 338 339 268 268 339
          340 269 269 340 341 270
          270 341 342 271 271 342
          343 272 272 343 344 273
          273 344 345 274 274 345
          346 275 275 346 347 276
          276 347 348 277 277 348
          349 278 278 349 350 279
          279 350 351 280 280 351
          352 281 281 352 353 282
          282 353 354 283 284 355
          356 285 285 356 357 286
          286 357 358 287 287 358
          359 288 288 359 360 289
          289 360 361 290 290 361
          362 291 291 362 363 292
          292 363 364 293 293 364
          365 294 294 365 366 295
          295 366 367 296 296 367
          368 297 297 368 369 298
          298 369 370 299 299 370
          371 300 300 371 372 301
          301 372 373 302 302 373
          374 303 303 374 375 304
          304 375 376 305 305 376
          377 306 306 377 378 307
          307 378 379 308 308 379
          380 309 309 380 381 310
          310 381 382 311 311 382
          383 312 312 383 384 313
          313 384 385 314 314 385
          386 315 315 386 387 316
          316 387 388 317 317 388
          389 318 318 389 390 319
          319 390 391 320 320 391
          392 321 321 392 393 322
          322 393 394 323 323 394
          395 324 324 395 396 325
          325 396 397 326 326 397
          398 327 327 398 399 328
          328 399 400 329 329 400
          401 330 330 401 402 331
          331 402 403 332 332 403
          404 333 333 404 405 334
          334 405 406 335 335 406
          407 336 336 407 408 337
          337 408 409 338 338 409
          410 339 339 410 411 340
          340 411 412 341 341 412
          413 342 342 413 414 343
          343 414 415 344 344 415
          416 345 345 416 417 346
          346 417 418 347 347 418
          419 348 348 419 420 349
          349 420 421 350 350 421
          422 351 351 422 423 352
          352 423 424 353 353 424
          425 354 355 426 427 356
          356 427 428 357 357 428
          429 358 358 429 430 359
          359 430 431 360 360 431
          432 361 361 432 433 362
          362 433 434 363 363 434
          435 364 364 435 436 365
          365 436 437 366 366 437
          438 367 367 438 439 368
          368 439 440 369 369 440
          441 370 370 441 442 371
          371 442 443 372 372 443
          444 373 373 444 445 374
          374 445 446 375 375 446
          447 376 376 447 448 377
          377 448 449 378 378 449
          450 379 379 450 451 380
          380 451 452 381 381 452
          453 382 382 453 454 383
          383 454 455 384 384 455
          456 385 385 456 457 386
          386 457 458 387 387 458
          459 388 388 459 460 389
          389 460 461 390 390 461
          462 391 391 462 463 392
          392 463 464 393 393 464
          465 394 394 465 466 395
          395 466 467 396 396 467
          468 397 397 468 469 398
          398 469 470 399 399 470
          471 400 400 471 472 401
          401 472 473 402 402 473
          474 403 403 474 475 404
          404 475 476 405 405 476
          477 406 406 477 478 407
          407 478 479 408 408 479
          480 409 409 480 481 410
          410 481 482 411 411 482
          483 412 412 483 484 413
          413 484 485 414 414 485
          486 415 415 486 487 416
          416 487 488 417 417 488
          489 418 418 489 490 419
          419 490 491 420 420 491
          492 421 421 492 493 422
          422 493 494 423 423 494
          495 424 424 495 496 425
          426 497 498 427 427 498
          499 428 428 499 500 429
          429 500 501 430 430 501
          502 431 431 502 503 432
          432 503 504 433 433 504
          505 434 434 505 506 435
          435 506 507 436 436 507
          508 437 437 508 509 438
          438 509 510 439 439 510
          511 440 440 511 512 441
          441 512 513 442 442 513
          514 443 443 514 515 444
          444 515 516 445 445 516
          517 446 446 517 518 447
          447 518 519 448 448 519
          520 449 449 520 521 450
          450 521 522 451 451 522
          523 452 452 523 524 453
          453 524 525 454 454 525
          526 455 455 526 527 456
          456 527 528 457 457 528
          529 458 458 529 530 459
          459 530 531 460 460 531
          532 461 461 532 533 462
          462 533 534 463 463 534
          535 464 464 535 536 465
          465 536 537 466 466 537
          538 467 467 538 539 468
          468 539 540 469 469 540
          541 470 470 541 542 471
          471 542 543 472 472 543
          544 473 473 544 545 474
          474 545 546 475 475 546
          547 476 476 547 548 477
          477 548 549 478 478 549
          550 479 479 550 551 480
          480 551 552 481 481 552
          553 482 482 553 554 483
          483 554 555 484 484 555
          556 485 485 556 557 486
          486 557 558 487 487 558
          559 488 488 559 560 489
          489 560 561 490 490 561
          562 491 491 562 563 492
          492 563 564 493 493 564
          565 494 494 565 566 495
          495 566 567 496 497 568
          569 498 498 569 570 499
          499 570 571 500 500 571
          572 501 501 572 573 502
          502 573 574 503 503 574
          575 504 504 575 576 505
          505 576 577 506 506 577
          578 507 507 578 579 508
          508 579 580 509 509 580
          581 510 510 581 582 511
          511 582 583 512 512 583
          584 513 513 584 585 514
          514 585 586 515 515 586
          587 516 516 587 588 517
          517 588 589 518 518 589
          590 519 519 590 591 520
          520 591 592 521 521 592
          593 522 522 593 594 523
          523 594 595 524 524 595
          596 525 525 596 597 526
          526 597 598 527 527 598
          599 528 528 599 600 529
          529 600 601 530 530 601
          602 531 531 602 603 532
          532 603 604 533 533 604
          605 534 534 605 606 535
          535 606 607 536 536 607
          608 537 537 608 609 538
          538 609 610 539 539 610
          611 540 540 611 612 541
          541 612 613 542 542 613
          614 543 543 614 615 544
          544 615 616 545 545 616
          617 546 546 617 618 547
          547 618 619 548 548 619
          620 549 549 620 621 550
          550 621 622 551 551 622
          623 552 552 623 624 553
          553 624 625 554 554 625
          626 555 555 626 627 556
          556 627 628 557 557 628
          629 558 558 629 630 559
          559 630 631 560 560 631
          632 561 561 632 633 562
          562 633 634 563 563 634
          635 564 564 635 636 565
          565 636 637 566 566 637
          638 567 568 639 640 569
          569 640 641 570 570 641
          642 571 571 642 643 572
          572 643 644 573 573 644
          645 574 574 645 646 575
          575 646 647 576 576 647
          648 577 577 648 649 578
          578 649 650 579 579 650
          651 580 580 651 652 581
          581 652 653 582 582 653
          654 583 583 654 655 584
          584 655 656 585 585 656
          657 586 586 657 658 587
          587 658 659 588 588 659
          660 589 589 660 661 590
          590 661 662 591 591 662
          663 592 592 663 664 593
          593 664 665 594 594 665
          666 595 595 666 667 596
          596 667 668 597 597 668
          669 598 598 669 670 599
          599 670 671 600 600 671
          672 601 601 672 673 602
          602 673 674 603 603 674
          675 604 604 675 676 605
          605 676 677 606 606 677
          678 607 607 678 679 608
          608 679 680 609 609 680
          681 610 610 681 682 611
          611 682 683 612 612 683
          684 613 613 684 685 614
          614 685 686 615 615 686
          687 616 616 687 688 617
          617 688 689 618 618 689
          690 619 619 690 691 620
          620 691 692 621 621 692
          693 622 622 693 694 623
          623 694 695 624 624 695
          696 625 625 696 697 626
          626 697 698 627 627 698
          699 628 628 699 700 629
          629 700 701 630 630 701
          702 631 631 702 703 632
          632 703 704 633 633 704
          705 634 634 705 706 635
          635 706 707 636 636 707
          708 637 637 708 709 638
          639 710 711 640 640 711
          712 641 641 712 713 642
          642 713 714 643 643 714
          715 644 644 715 716 645
          645 716 717 646 646 717
          718 647 647 718 719 648
          648 719 720 649 649 720
          721 650 650 721 722 651
          651 722 723 652 652 723
          724 653 653 724 725 654
          654 725 726 655 655 726
          727 656 656 727 728 657
          657 728 729 658 658 729
          730 659 659 730 731 660
          660 731 732 661 661 732
          733 662 662 733 734 663
          663 734 735 664 664 735
          736 665 665 736 737 666
          666 737 738 667 667 738
          739 668 668 739 740 669
          669 740 741 670 670 741
          742 671 671 742 743 672
          672 743 744 673 673 744
          745 674 674 745 746 675
          675 746 747 676 676 747
          748 677 677 748 749 678
          678 749 750 679 679 750
          751 680 680 751 752 681
          681 752 753 682 682 753
          754 683 683 754 755 684
          684 755 756 685 685 756
          757 686 686 757 758 687
          687 758 759 688 688 759
          760 689 689 760 761 690
          690 761 762 691 691 762
          763 692 692 763 764 693
          693 764 765 694 694 765
          766 695 695 766 767 696
          696 767 768 697 697 768
          769 698 698 769 770 699
          699 770 771 700 700 771
          772 701 701 772 773 702
          702 773 774 703 703 774
          775 704 704 775 776 705
          705 776 777 706 706 777
          778 707 707 778 779 708
          708 779 780 709
        </DataArray>
        <DataArray type="Int64" Name="offsets" format="ascii" RangeMin="4" RangeMax="2800">
          4 8 12 16 20 24
          28 32 36 40 44 48
          52 56 60 64 68 72
          76 80 84 88 92 96
          100 104 108 112 116 120
          124 128 132 136 140 144
          148 152 156 160 164 168
          172 176 180 184 188 192
          196 200 204 208 212 216
          220 224 228 232 236 240
          244 248 252 256 260 264
          268 272 276 280 284 288
          292 296 300 304 308 312
          316 320 324 328 332 336
          340 344 348 352 356 360
          364 368 372 376 380 384
          388 392 396 400 404 408
          412 416 420 424 428 432
          436 440 444 448 452 456
          460 464 468 472 476 480
          484 488 492 496 500 504
          508 512 516 520 524 528
          532 536 540 544 548 552
          556 560 564 568 572 576
          580 584 588 592 596 600
          604 608 612 616 620 624
          628 632 636 640 644 648
          652 656 660 664 668 672
          676 680 684 688 692 696
          700 704 708 712 716 720
          724 728 732 736 740 744
          748 752 756 760 764 768
          772 776 780 784 788 792
          796 800 804 808 812 816
          820 824 828 832 836 840
          844 848 852 856 860 864
          868 872 876 880 884 888
          892 896 900 904 908 912
          916 920 924 928 932 936
          940 944 948 952 956 960
          964 968 972 976 980 984
          988 992 996 1000 1004 1008
          1012 1016 1020 1024 1028 1032
          1036 1040 1044 1048 1052 1056
          1060 1064 1068 1072 1076 1080
          1084 1088 1092 1096 1100 1104
          1108 1112 1116 1120 1124 1128
          1132 1136 1140 1144 1148 1152
          1156 1160 1164 1168 1172 1176
          1180 1184 1188 1192 1196 1200
          1204 1208 1212 1216 1220 1224
          1228 1232 1236 1240 1244 1248
          1252 1256 1260 1264 1268 1272
          1276 1280 1284 1288 1292 1296
          1300 1304 1308 1312 1316 1320
          1324 1328 1332 1336 1340 1344
          1348 1352 1356 1360 1364 1368
          1372 1376 1380 1384 1388 1392
          1396 1400 1404 1408 1412 1416
          1420 1424 1428 1432 1436 1440
          1444 1448 1452 1456 1460 1464
          1468 1472 1476 1480 1484 1488
          1492 1496 1500 1504 1508 1512
          1516 1520 1524 1528 1532 1536
          1540 1544 1548 1552 1556 1560
          1564 1568 1572 1576 1580 1584
          1588 1592 1596 1600 1604 1608
          1612 1616 1620 1624 1628 1632
          1636 1640 1644 1648 1652 1656
          1660 1664 1668 1672 1676 1680
          1684 1688 1692 1696 1700 1704
          1708 1712 1716 1720 1724 1728
          1732 1736 1740 1744 1748 1752
          1756 1760 1764 1768 1772 1776
          1780 1784 1788 1792 1796 1800
          1804 1808 1812 1816 1820 1824
          1828 1832 1836 1840 1844 1848
          1852 1856 1860 1864 1868 1872
          1876 1880 1884 1888 1892 1896
          1900 1904 1908 1912 1916 1920
          1924 1928 1932 1936 1940 1944
          1948 1952 1956 1960 1964 1968
          1972 1976 1980 1984 1988 1992
          1996 2000 2004 2008 2012 2016
          2020 2024 2028 2032 2036 2040
          2044 2048 2052 2056 2060 2064
          2068 2072 2076 2080 2084 2088
          2092 2096 2100 2104 2108 2112
          2116 2120 2124 2128 2132 2136
          2140 2144 2148 2152 2156 2160
          2164 2168 2172 2176 2180 2184
          2188 2192 2196 2200 2204 2208
          2212 2216 2220 2224 2228 2232
          2236 2240 2244 2248 2252 2256
          2260 2264 2268 2272 2276 2280
          2284 2288 2292 2296 2300 2304
          2308 2312 2316 2320 2324 2328
          2332 2336 2340 2344 2348 2352
          2356 2360 2364 2368 2372 2376
          2380 2384 2388 2392 2396 2400
          2404 2408 2412 2416 2420 2424
          2428 2432 2436 2440 2444 2448
          2452 2456 2460 2464 2468 2472
          2476 2480 2484 2488 2492 2496
          2500 2504 2508 2512 2516 2520
          2524 2528 2532 2536 2540 2544
          2548 2552 2556 2560 2564 2568
          2572 2576 2580 2584 2588 2592
          2596 2600 2604 2608 2612 2616
          2620 2624 2628 2632 2636 2640
          2644 2648 2652 2656 2660 2664
          2668 2672 2676 2680 2684 2688
          2692 2696 2700 2704 2708 2712
          2716 2720 2724 2728 2732 2736
          2740 2744 2748 2752 2756 2760
          2764 2768 2772 2776 2780 2784
          2788 2792 2796 2800
        </DataArray>
        <DataArray type="UInt8" Name="types" format="ascii" RangeMin="7" RangeMax="7">
          7 7 7 7 7 7
          7 7 7 7 7 7
          7 7 7 7 7 7
          7 7 7 7 7 7
          7 7 7 7 7 7
          7 7 7 7 7 7
          7 7 7 7 7 7
          7 7 7 7 7 7
          7 7 7 7 7 7
          7 7 7 7 7 7
          7 7 7 7 7 7
          7 7 7 7 7 7
          7 7 7 7 7 7
          7 7 7 7 7 7
          7 7 7 7 7 7
          7 7 7 7 7 7
          7 7 7 7 7 7
          7 7 7 7 7 7
          7 7 7 7 7 7
          7 7 7 7 7 7
          7 7 7 7 7 7
          7 7 7 7 7 7
          7 7 7 7 7 7
          7 7 7 7 7 7
          7 7 7 7 7 7
          7 7 7 7 7 7
          7 7 7 7 7 7
          7 7 7 7 7 7
          7 7 7 7 7 7
          7 7 7 7 7 7
          7 7 7 7 7 7
          7 7 7 7 7 7
          7 7 7 7 7 7
          7 7 7 7 7 7
          7 7 7 7 7 7
          7 7 7 7 7 7
          7 7 7 7 7 7
          7 7 7 7 7 7
          7 7 7 7 7 7
          7 7 7 7 7 7
          7 7 7 7 7 7
          7 7 7 7 7 7
          7 7 7 7 7 7
          7 7 7 7 7 7
          7 7 7 7 7 7
          7 7 7 7 7 7
          7 7 7 7 7 7
          7 7 7 7 7 7
          7 7 7 7 7 7
          7 7 7 7 7 7
          7 7 7 7 7 7
          7 7 7 7 7 7
          7 7 7 7 7 7
          7 7 7 7 7 7
          7 7 7 7 7 7
          7 7 7 7 7 7
          7 7 7 7 7 7
          7 7 7 7 7 7
          7 7 7 7 7 7
          7 7 7 7 7 7
          7 7 7 7 7 7
          7 7 7 7 7 7
          7 7 7 7 7 7
          7 7 7 7 7 7
          7 7 7 7 7 7
          7 7 7 7 7 7
          7 7 7 7 7 7
          7 7 7 7 7 7
          7 7 7 7 7 7
          7 7 7 7 7 7
          7 7 7 7 7 7
          7 7 7 7 7 7
          7 7 7 7 7 7
          7 7 7 7 7 7
          7 7 7 7 7 7
          7 7 7 7 7 7
          7 7 7 7 7 7
          7 7 7 7 7 7
          7 7 7 7 7 7
          7 7 7 7 7 7
          7 7 7 7 7 7
          7 7 7 7 7 7
          7 7 7 7 7 7
          7 7 7 7 7 7
          7 7 7 7 7 7
          7 7 7 7 7 7
          7 7 7 7 7 7
          7 7 7 7 7 7
          7 7 7 7 7 7
          7 7 7 7 7 7
          7 7 7 7 7 7
          7 7 7 7 7 7
          7 7 7 7 7 7
          7 7 7 7 7 7
          7 7 7 7 7 7
          7 7 7 7 7 7
          7 7 7 7 7 7
          7 7 7 7 7 7
          7 7 7 7 7 7
          7 7 7 7 7 7
          7 7 7 7 7 7
          7 7 7 7 7 7
          7 7 7 7 7 7
          7 7 7 7 7 7
          7 7 7 7 7 7
          7 7 7 7 7 7
          7 7 7 7 7 7
          7 7 7 7 7 7
          7 7 7 7 7 7
          7 7 7 7 7 7
          7 7 7 7 7 7
          7 7 7 7 7 7
          7 7 7 7 7 7
          7 7 7 7 7 7
          7 7 7 7 7 7
          7 7 7 7 7 7
          7 7 7 7
        </DataArray>
      </Cells>
    </Piece>
  </UnstructuredGrid>
</VTKFile>
