<?xml version="1.0"?>
<VTKFile type="UnstructuredGrid" version="0.1" byte_order="LittleEndian" header_type="UInt32" compressor="vtkZLibDataCompressor">
  <UnstructuredGrid>
    <Piece NumberOfPoints="781" NumberOfCells="700">
      <PointData>
      </PointData>
      <CellData>
        <DataArray type="Float32" Name="EP_G" format="ascii" RangeMin="0.3901214599609375" RangeMax="1">
          0.39049726724624634 0.39062511920928955 0.39079925417900085 0.39105311036109924 0.3914908170700073 0.3926917314529419
          0.4700268805027008 0.5421841740608215 0.5940775871276855 0.6468311548233032 0.6485766768455505 0.6258362531661987
          0.5894889831542969 0.5468780398368835 0.5036569833755493 0.4634038507938385 0.42928749322891235 0.40834054350852966
          0.41276630759239197 0.4560592770576477 0.5543690919876099 0.6809272766113281 0.7960801720619202 0.8768649697303772
          0.9220289587974548 0.941521167755127 0.9449031949043274 0.9368285536766052 0.9166108965873718 0.8781580328941345
          0.8112772107124329 0.7039719820022583 0.5226000547409058 0.6841392517089844 0.9977231025695801 0.9999765753746033
          0.9999974966049194 0.9999998807907104 1 1 1 0.9999998807907104
          1 1 1 1 1 1
          1 1 1 1 1 1
          1 1 1 1 1 1
          1 1 1 1 1 1
          1 1 1 1 0.39046305418014526 0.3905809223651886
          0.3907320201396942 0.3909309208393097 0.3912044167518616 0.39158058166503906 0.3920908272266388 0.3925113379955292
          0.39290961623191833 0.3932328224182129 0.39401164650917053 0.39545249938964844 0.3964400291442871 0.3966548442840576
          0.3963192403316498 0.3954363465309143 0.39407381415367126 0.3936713933944702 0.5875133275985718 0.8183847665786743
          0.9027619957923889 0.923841118812561 0.9269441962242126 0.9270837306976318 0.9265140891075134 0.9228804707527161
          0.9136701822280884 0.8960142731666565 0.8649663925170898 0.8117184638977051 0.7296794652938843 0.581288754940033
          0.4327644109725952 0.8617100715637207 0.9992704391479492 0.9999775290489197 0.9999975562095642 0.9999998211860657
          1 1 1 1 1 1
          1 1 1 1 1 1
          1 1 1 1 1 1
          1 1 1 1 1 1
          1 1 1 1 1 1
          1 1 0.3904086947441101 0.390514075756073 0.3906402289867401 0.39079245924949646
          0.39097535610198975 0.3911898136138916 0.3914180397987366 0.39162787795066833 0.39180442690849304 0.39199501276016235
          0.3929137587547302 0.3937971293926239 0.39444172382354736 0.39491406083106995 0.39524686336517334 0.39539283514022827
          0.39529287815093994 0.39456692337989807 0.44242632389068604 0.7856543660163879 0.8412730693817139 0.8633759021759033
          0.8756076097488403 0.882003903388977 0.8834365606307983 0.879311740398407 0.8677375912666321 0.8449167013168335
          0.8045318722724915 0.7379469871520996 0.6334134936332703 0.4690673351287842 0.5389377474784851 0.9628123044967651
          0.9997280240058899 0.9999830722808838 0.999998152256012 0.9999998807907104 1 1
          1 1 1 1 1 1
          1 1 1 1 1 1
          1 1 1 1 1 1
          1 1 1 1 1 1
          1 1 1 1 1 1
          0.3903473913669586 0.3904415965080261 0.3905484676361084 0.3906693756580353 0.3908044695854187 0.3909509479999542
          0.39110156893730164 0.39124763011932373 0.3913833200931549 0.3916700482368469 0.3930363059043884 0.393842488527298
          0.3943474292755127 0.3946514129638672 0.3948506712913513 0.3950138986110687 0.39518389105796814 0.3953227698802948
          0.3957447409629822 0.43895095586776733 0.6846294403076172 0.7591339349746704 0.7963792681694031 0.8177049160003662
          0.8275918960571289 0.8264747262001038 0.8129729628562927 0.7827820181846619 0.7259763479232788 0.6340643763542175
          0.5107191801071167 0.47906169295310974 0.7778211236000061 0.9914193153381348 0.9998812079429626 0.9999874830245972
          0.9999985098838806 0.9999998807907104 1 1 1 1
          1 1 1 1 1 1
          1 1 1 1 1 1
          1 1 1 1 1 1
          1 1 1 1 1 1
          1 1 1 1 0.39028769731521606 0.3903734087944031
          0.3904668092727661 0.39056843519210815 0.39067745208740234 0.3907919228076935 0.39090874791145325 0.39102447032928467
          0.3911370635032654 0.3921261727809906 0.3932541310787201 0.3939380943775177 0.39436858892440796 0.39461472630500793
          0.39476507902145386 0.3948865234851837 0.39502742886543274 0.39523079991340637 0.3955651819705963 0.3956437110900879
          0.49995002150535583 0.6346110105514526 0.7059075832366943 0.7460873126983643 0.7629152536392212 0.7633604407310486
          0.7433193325996399 0.695139467716217 0.6108754277229309 0.5268126130104065 0.5141310691833496 0.6850560903549194
          0.9261560440063477 0.9979768991470337 0.9999427199363708 0.9999912977218628 0.9999988079071045 0.9999998807907104
          1 1 1 1 1 1
          1 1 1 1 1 1
          1 1 1 1 1 1
          1 1 1 1 1 1
          1 1 1 1 1 1
          1 1 0.39023450016975403 0.3903141915798187 0.3903985321521759 0.39048832654953003
          0.3905826210975647 0.3906801640987396 0.3907795250415802 0.3908792734146118 0.3910086750984192 0.3923359513282776
          0.3933106064796448 0.3939725458621979 0.3943749666213989 0.39459341764450073 0.3947114646434784 0.3947885036468506
          0.39487236738204956 0.39501526951789856 0.39525628089904785 0.3960188627243042 0.4877070188522339 0.5774760842323303
          0.6371411681175232 0.6781072020530701 0.7001785039901733 0.6909259557723999 0.6581798791885376 0.6012903451919556
          0.5385328531265259 0.5520644783973694 0.6825560927391052 0.8693973422050476 0.9808446168899536 0.9994677901268005
          0.9999688267707825 0.9999934434890747 0.9999986886978149 0.9999997019767761 0.9999999403953552 1
          1 1 0.9999999403953552 0.9999998211860657 0.9999986886978149 0.9999924898147583
          0.9999943971633911 1 1 1 1 1
          1 1 1 0.999997615814209 0.9999966621398926 0.9999987483024597
          1 1 1 1 1 1
          1 1 1 1 1 1
          0.39019063115119934 0.3902653157711029 0.39034461975097656 0.3904266357421875 0.3905125856399536 0.39060065150260925
          0.39069053530693054 0.3907817006111145 0.3909875452518463 0.39224570989608765 0.393245130777359 0.3939611613750458
          0.39440402388572693 0.3946394622325897 0.39474260807037354 0.3947741985321045 0.3947907090187073 0.39485689997673035
          0.3950336277484894 0.3957211673259735 0.4549005329608917 0.5712696313858032 0.6126681566238403 0.6479818820953369
          0.658764123916626 0.6378125548362732 0.606935441493988 0.5816028714179993 0.6001037359237671 0.7072741389274597
          0.8533592224121094 0.9586289525032043 0.9956943392753601 0.9998337030410767 0.9999732375144958 0.999995231628418
          0.9999937415122986 0.9999942183494568 0.9999998211860657 1 1 1
          1 0.9999999403953552 0.9999997615814209 0.999999463558197 0.9999994039535522 0.9999993443489075
          0.9999992847442627 0.9999991655349731 0.9999991059303284 0.9999989867210388 0.9999988675117493 0.9999986886978149
          0.999998152256012 0.9999950528144836 0.9999765753746033 0.9999304413795471 0.9999547004699707 0.9999978542327881
          1 1 1 1 1 1
          1 1 1 1 0.3901562988758087 0.3902297616004944
          0.3903030753135681 0.39038267731666565 0.3904624581336975 0.39054620265960693 0.3906305134296417 0.3907163739204407
          0.3908499777317047 0.39184874296188354 0.39293548464775085 0.39381009340286255 0.3943873345851898 0.3947177529335022
          0.39485445618629456 0.39486485719680786 0.3948250114917755 0.3948182463645935 0.39490562677383423 0.3950963020324707
          0.395772784948349 0.4595538079738617 0.6159901022911072 0.6658449769020081 0.6651886701583862 0.6474449038505554
          0.6428150534629822 0.6713078022003174 0.7488675713539124 0.8595592379570007 0.9476194381713867 0.9890729188919067
          0.9990578889846802 0.999925971031189 0.9999714493751526 0.9999932646751404 0.999990701675415 0.999988853931427
          0.9999920725822449 0.9999937415122986 0.9999939799308777 0.9999951124191284 0.9999956488609314 0.9999962449073792
          0.9999964833259583 0.9999969005584717 0.9999973773956299 0.9999938011169434 0.9999955892562866 0.9999959468841553
          0.9999958276748657 0.9999969601631165 0.9999956488609314 0.9999975562095642 0.9999983906745911 0.9999971389770508
          0.9999969601631165 0.9999992251396179 0.9999994039535522 0.9999988675117493 0.9999985098838806 0.9999991655349731
          0.9999997615814209 0.9999998211860657 0.9999998211860657 0.9999998211860657 0.9999998211860657 0.9999998211860657
          0.9999998211860657 0.9999998211860657 0.3901342749595642 0.3902028203010559 0.39027848839759827 0.3903515636920929
          0.3904319703578949 0.3905111849308014 0.39059457182884216 0.3906779885292053 0.3907644748687744 0.3908753991127014
          0.39207780361175537 0.39320042729377747 0.3940477669239044 0.39464834332466125 0.3949742913246155 0.39507147669792175
          0.3950340151786804 0.3949798047542572 0.3949868977069855 0.3950625956058502 0.3951479196548462 0.3952767252922058
          0.4447937607765198 0.657638669013977 0.7138231992721558 0.7188079357147217 0.7436407804489136 0.8001924157142639
          0.8770791292190552 0.9457895159721375 0.9841136336326599 0.9973248839378357 0.9997473955154419 0.9999551177024841
          0.9999826550483704 0.9999839663505554 0.9999821782112122 0.9999800324440002 0.9999790191650391 0.999978244304657
          0.9999778866767883 0.9999785423278809 0.9999805092811584 0.9999818801879883 0.9999828338623047 0.999983549118042
          0.9999840259552002 0.9999843835830688 0.999984622001648 0.9999844431877136 0.9999846816062927 0.9999849200248718
          0.9999850988388062 0.99998539686203 0.9999856948852539 0.9999860525131226 0.999986469745636 0.9999869465827942
          0.9999874830245972 0.9999880790710449 0.9999887347221375 0.99998939037323 0.9999900460243225 0.999990701675415
          0.9999913573265076 0.9999920129776001 0.9999926090240479 0.9999931454658508 0.9999936819076538 0.999994158744812
          0.3901214599609375 0.39019206166267395 0.39026251435279846 0.3903387784957886 0.3904150426387787 0.3904958963394165
          0.39057764410972595 0.3906623423099518 0.39075058698654175 0.39085865020751953 0.39093148708343506 0.3913313150405884
          0.3926923871040344 0.39373090863227844 0.3946429491043091 0.3951808214187622 0.39530614018440247 0.39521050453186035
          0.3951130211353302 0.395149827003479 0.3953031897544861 0.39546480774879456 0.39535102248191833 0.39589810371398926
          0.5679012537002563 0.6832222938537598 0.7589746713638306 0.8476104140281677 0.9259366393089294 0.9738489389419556
          0.9934749007225037 0.9988215565681458 0.9997823238372803 0.999931812286377 0.9999628663063049 0.9999694228172302
          0.9999716877937317 0.999973475933075 0.999973475933075 0.9999755620956421 0.9999756217002869 0.9999778866767883
          0.9999841451644897 0.9999842643737793 0.9999841451644897 0.9999840259552002 0.9999839067459106 0.9999838471412659
          0.9999837279319763 0.9999836683273315 0.999983549118042 0.9999834895133972 0.9999833703041077 0.9999833106994629
          0.9999832510948181 0.9999831914901733 0.9999831318855286 0.9999830722808838 0.9999830722808838 0.9999830722808838
          0.9999831318855286 0.9999831914901733 0.9999833106994629 0.9999834299087524 0.9999836087226868 0.9999838471412659
          0.999984085559845 0.9999843239784241 0.9999845623970032 0.9999849200248718
        </DataArray>
        <DataArray type="Float32" Name="P_G" format="ascii" RangeMin="100981.96875" RangeMax="135360.203125">
          128450.515625 127947.421875 127584.7578125 127401.4375 127647.9453125 130694.84375
          128188.5078125 126853.5 125601.0234375 124372.9609375 122297.1875 121138.4765625
          119863.453125 118359.8359375 116562.4765625 114419.0078125 111881.984375 108977.3828125
          106038.8984375 104090.9921875 103292.40625 103045.5390625 102977.3125 102961.2734375
          102959.1875 102954.9609375 102944.6171875 102926.125 102894.15625 102835.2578125
          102716.9921875 102447.640625 101717.3984375 101134.8046875 101350.9140625 101337.4296875
          101335.984375 101335.2578125 101334.453125 101333.671875 101332.953125 101332.296875
          101331.7109375 101331.1953125 101330.734375 101330.34375 101330 101329.6953125
          101329.4296875 101329.1875 101328.9609375 101328.75 101328.546875 101328.34375
          101328.1484375 101327.9453125 101327.75 101327.5546875 101327.3515625 101327.15625
          101326.953125 101326.7578125 101326.5625 101326.3671875 101326.1640625 101325.9765625
          101325.78125 101325.5859375 101325.390625 101325.1953125 128196.7890625 127657.765625
          127212.8984375 126867.046875 127526.6640625 126691.1484375 126160.1796875 125372.8359375
          124376.4921875 123283.3125 121965.609375 120533.3984375 118976.28125 117242.140625
          115289.3203125 113073.6015625 110472.8359375 107038.671875 104653.6484375 103663.7578125
          103425.6953125 103292.7578125 103174.5546875 103075.1953125 103008.1484375 102971.203125
          102944.9375 102913.375 102864.8671875 102781.3046875 102619.6015625 102223.328125
          101184.296875 101227.890625 101347.5390625 101338.1328125 101335.765625 101334.8671875
          101334.109375 101333.390625 101332.71875 101332.1015625 101331.546875 101331.0546875
          101330.6171875 101330.2421875 101329.921875 101329.6328125 101329.3828125 101329.15625
          101328.9453125 101328.7421875 101328.546875 101328.34375 101328.1484375 101327.9453125
          101327.75 101327.5546875 101327.3515625 101327.15625 101326.953125 101326.7578125
          101326.5625 101326.359375 101326.1640625 101325.96875 101325.78125 101325.5859375
          101325.390625 101325.1953125 127769.625 127188.3046875 126655.375 126163.0703125
          125692.984375 125253.0078125 124637.3359375 123858.6796875 124081.359375 121921.5859375
          120433.890625 118894.234375 117299.296875 115613.015625 113801.375 111822.5625
          109625.7578125 107152.078125 104768.0390625 103633.65625 103412.4609375 103267.3984375
          103157.0390625 103072.4296875 103009.734375 102961.765625 102917.2734375 102864.1953125
          102787.4375 102657.2734375 102395.15625 101770 100981.96875 101310.4765625
          101346.21875 101339.21875 101335.8359375 101334.484375 101333.71875 101333.0625
          101332.4453125 101331.8828125 101331.3671875 101330.90625 101330.5 101330.1484375
          101329.84375 101329.578125 101329.3515625 101329.140625 101328.9375 101328.7421875
          101328.5390625 101328.34375 101328.140625 101327.9453125 101327.75 101327.546875
          101327.3515625 101327.1484375 101326.953125 101326.75 101326.5546875 101326.359375
          101326.1640625 101325.96875 101325.7734375 101325.5859375 101325.390625 101325.1953125
          127255.9609375 126638.84375 126036.0625 125438.84375 124828.4140625 124184.84375
          123458.0546875 122628.8359375 121698.0390625 122454.9765625 119124.84375 117531.796875
          116021.4140625 114458.21875 112813.375 111069.15625 109225.8359375 107318.28125
          105428.0078125 103979.671875 103436.984375 103246.96875 103127.953125 103040.6015625
          102971.421875 102910.0234375 102845.3828125 102763.3828125 102636.7734375 102404.21875
          101920.875 101160.34375 101180.703125 101336.9453125 101345.4375 101340.8046875
          101336.8671875 101334.71875 101333.6484375 101332.8984375 101332.3125 101331.7734375
          101331.2890625 101330.84375 101330.453125 101330.1171875 101329.828125 101329.578125
          101329.3515625 101329.1328125 101328.9375 101328.734375 101328.53125 101328.3359375
          101328.1328125 101327.9375 101327.7421875 101327.5390625 101327.34375 101327.140625
          101326.9375 101326.7421875 101326.546875 101326.3515625 101326.15625 101325.9609375
          101325.7734375 101325.578125 101325.390625 101325.1953125 126728.140625 126085.2734375
          125434.53125 124769.953125 124078.40625 123344.078125 122548.21875 121677.359375
          121445.890625 120520.765625 117945.1015625 116517.0703125 115098.890625 113653.1640625
          112160.9140625 110617.3671875 109034.8359375 107444.015625 105891.84375 104440.96875
          103617.09375 103270.8046875 103103.3515625 102995.421875 102908.078125 102823.796875
          102724.8671875 102582.84375 102332.8203125 101899.21875 101345.6796875 101159.9296875
          101282.625 101343.140625 101345.078125 101342.5703125 101338.8515625 101336.2265625
          101334.6328125 101333.5 101332.6875 101332.03125 101331.484375 101331.0078125
          101330.59375 101330.234375 101329.921875 101329.640625 101329.3984375 101329.1640625
          101328.953125 101328.7421875 101328.5390625 101328.3359375 101328.1328125 101327.9296875
          101327.734375 101327.53125 101327.3359375 101327.1328125 101326.9296875 101326.7265625
          101326.53125 101326.3359375 101326.140625 101325.953125 101325.765625 101325.578125
          101325.3828125 101325.1953125 126238.3203125 125578.5 124897.3984375 124191.734375
          123453.1796875 122671.8125 121837.6484375 121125.484375 121819.640625 118673.3203125
          117145.359375 115785.765625 114442.15625 113095.1796875 111730.15625 110345.78125
          108951.6953125 107562.578125 106194.28125 104861.71875 103994.0546875 103449.71875
          103160.8515625 102987.5625 102857.859375 102716.15625 102535.8984375 102268.265625
          101850.15625 101407.03125 101218.390625 101253.8125 101323.34375 101343.28125
          101344.7109375 101343.9765625 101341.4609375 101338.921875 101337.0234375 101335.515625
          101334.3046875 101333.3203125 101332.5078125 101331.8359375 101331.2734375 101330.7890625
          101330.3828125 101330.0234375 101329.7109375 101329.421875 101329.1484375 101328.890625
          101328.640625 101328.40625 101328.1796875 101327.9609375 101327.75 101327.546875
          101327.3359375 101327.125 101326.9140625 101326.7109375 101326.515625 101326.3203125
          101326.1328125 101325.9453125 101325.7578125 101325.578125 101325.3828125 101325.1953125
          125820.34375 125150.09375 124450.6171875 123720.9921875 122955.6640625 122148.8203125
          121294.4765625 120812.96875 121257.2578125 118032.15625 116613.546875 115279.1953125
          113980.3828125 112702.9375 111434.640625 110172.546875 108920.796875 107684.1875
          106462.6796875 105266.5 104304.3671875 103741.7578125 103340.4296875 103086.6953125
          102865.7890625 102611.0625 102293.7265625 101893.0078125 101486.09375 101281.234375
          101266.046875 101307.578125 101335.875 101341.625 101342.421875 101345.2109375
          101342.5078125 101340.5859375 101340.5703125 101339.015625 101337.6015625 101336.3359375
          101335.203125 101334.1875 101333.28125 101332.484375 101331.78125 101331.171875
          101330.640625 101330.171875 101329.7578125 101329.390625 101329.0546875 101328.7421875
          101328.4453125 101328.171875 101327.9140625 101327.6640625 101327.421875 101327.1875
          101326.96875 101326.765625 101326.5625 101326.3671875 101326.1796875 101325.9921875
          101325.8046875 101325.6171875 101325.421875 101325.234375 125494.734375 124818.0625
          124108.4453125 123365.1953125 122585.59375 121765.609375 120902.2421875 119992.78125
          121208.3828125 117752.671875 116337.796875 114986.3828125 113691.296875 112442.75
          111233.8203125 110057.9921875 108912.1953125 107795.9140625 106710.9140625 105670.8984375
          104686.6015625 103945.578125 103611.484375 103283 102948.8671875 102558.2890625
          102113.6015625 101684.4453125 101401.5546875 101309.4140625 101311.578125 101330.0546875
          101340.4375 101338.7734375 101339.140625 101343.8359375 101342.203125 101340.734375
          101341.0234375 101340.375 101339.296875 101338.5859375 101337.7265625 101336.921875
          101336.1015625 101335.3828125 101334.765625 101334.5390625 101333.8125 101333.2265625
          101332.7734375 101332.15625 101331.7421875 101331.03125 101330.4375 101330
          101329.46875 101328.828125 101328.40625 101328.1015625 101327.8359375 101327.5625
          101327.2890625 101327.078125 101326.8515625 101326.6015625 101326.3359375 101326.0625
          101325.7890625 101325.5234375 125272.7265625 124592.90625 123877.4921875 123127.765625
          122340.890625 121515.609375 120650.3359375 119745.8046875 119246.40625 119515.6171875
          116680.1484375 114980.8984375 113626.8515625 112336.625 111120.75 109975.96875
          108890.734375 107852.15625 106856.234375 105913.4765625 105047.3203125 104296.171875
          103748.3203125 103509.53125 103090.8671875 102602.6015625 102086.078125 101662.3515625
          101425.703125 101346.8359375 101335.484375 101342.546875 101340.875 101339.2578125
          101340.953125 101339.5390625 101338.15625 101336.859375 101335.9453125 101335.125
          101334.4296875 101334.0625 101334.1015625 101333.984375 101333.7578125 101333.46875
          101333.1484375 101332.8203125 101332.4765625 101332.078125 101331.7890625 101331.515625
          101331.2578125 101331.0234375 101330.796875 101330.5859375 101330.3828125 101330.2109375
          101330.0546875 101329.9296875 101329.828125 101329.734375 101329.6171875 101329.4609375
          101329.2421875 101328.984375 101328.671875 101328.328125 101327.953125 101327.5625
          125160.5859375 124479.0234375 123761.703125 123008.90625 122219.734375 121393.171875
          120531 119640.65625 118746.21875 135360.203125 116989.4921875 117193.9609375
          114009.0859375 112565.40625 111202.984375 109963.734375 108868.546875 107875.453125
          106939.3359375 106037.96875 105180.7109375 104404.390625 103763.1328125 103277.453125
          103162.171875 102631.6640625 102062.9453125 101635.265625 101415.5390625 101346.2421875
          101343.34375 101338.1328125 101335.875 101334.5546875 101333.6328125 101333.0234375
          101332.7578125 101332.71875 101332.6953125 101332.4609375 101332.0546875 101332.390625
          101333.9609375 101333.6484375 101333.2734375 101332.9140625 101332.59375 101332.296875
          101332.0234375 101331.765625 101331.5546875 101331.3359375 101331.1171875 101330.9140625
          101330.7109375 101330.5078125 101330.3046875 101330.09375 101329.8984375 101329.7109375
          101329.5390625 101329.375 101329.234375 101329.1015625 101328.96875 101328.828125
          101328.6875 101328.53125 101328.359375 101328.1953125
        </DataArray>
        <DataArray type="Float32" Name="Gas_Velocity" NumberOfComponents="3" format="ascii" RangeMin="0.10118613392114639" RangeMax="8.92092514038086">
          0.1376878172159195 0.40013498067855835 0 0.15332584083080292 0.2864921987056732 0
          0.18721021711826324 0.14979073405265808 0 0.24917186796665192 -0.02683233469724655 0
          0.40288594365119934 -0.21739734709262848 0 0.6725386381149292 0.8096514344215393 0
          0.5083299279212952 1.7217082977294922 0 0.3732196092605591 2.530606269836426 0
          0.27476444840431213 3.3674445152282715 0 0.28047141432762146 4.081917762756348 0
          0.2765900194644928 4.140130043029785 0 0.3268955647945404 4.246816158294678 0
          0.35320720076560974 4.385621070861816 0 0.33474528789520264 4.5640177726745605 0
          0.27124470472335815 4.793052673339844 0 0.1744651347398758 5.085010528564453 0
          0.11523084342479706 5.418388366699219 0 0.3691334128379822 5.649165630340576 0
          1.1794594526290894 5.224991321563721 0 1.5112864971160889 4.532179832458496 0
          0.9556961059570312 4.042108535766602 0 0.3834863007068634 3.820842742919922 0
          -0.05320807173848152 3.8410141468048096 0 -0.23839807510375977 3.9742090702056885 0
          -0.08370372653007507 4.019288063049316 0 0.27679869532585144 3.8612213134765625 0
          0.6037800312042236 3.516029119491577 0 0.7836227416992188 3.071981191635132 0
          0.8286934494972229 2.615835189819336 0 0.7962899804115295 2.205284357070923 0
          0.7406318187713623 1.8667702674865723 0 0.7044574022293091 1.5847088098526 0
          0.6659162044525146 1.542147159576416 0 0.9697108864784241 0.5397221446037292 0
          1.646061897277832 -0.7181786894798279 0 1.5476871728897095 -1.7484409809112549 0
          1.3334673643112183 -2.637103319168091 0 1.0996527671813965 -3.3700358867645264 0
          0.8965669870376587 -3.9675827026367188 0 0.7279056310653687 -4.452683925628662 0
          0.5881656408309937 -4.8446197509765625 0 0.47159674763679504 -5.1588358879089355 0
          0.3733186721801758 -5.407528877258301 0 0.2895940840244293 -5.600400447845459 0
          0.21789997816085815 -5.745471954345703 0 0.1567804217338562 -5.849794864654541 0
          0.10568742454051971 -5.9200544357299805 0 0.06453970074653625 -5.962882041931152 0
          0.033085115253925323 -5.984740257263184 0 0.010651404969394207 -5.991644859313965 0
          -0.004282780457288027 -5.988595962524414 0 -0.011898783966898918 -5.980473041534424 0
          -0.015026756562292576 -5.970268726348877 0 -0.01594645343720913 -5.959455490112305 0
          -0.015734704211354256 -5.948788642883301 0 -0.01489590760320425 -5.938685894012451 0
          -0.013669559732079506 -5.929406642913818 0 -0.01219417154788971 -5.921117305755615 0
          -0.010589390061795712 -5.913904190063477 0 -0.008980507031083107 -5.907771110534668 0
          -0.007484877947717905 -5.902642726898193 0 -0.006187300197780132 -5.898387908935547 0
          -0.005125096999108791 -5.8948493003845215 0 -0.004288683645427227 -5.891877174377441 0
          -0.003634305205196142 -5.889350891113281 0 -0.0031062255147844553 -5.887186527252197 0
          -0.002666853368282318 -5.885324954986572 0 -0.0023264246992766857 -5.883700847625732 0
          -0.0021546902135014534 -5.882201671600342 0 -0.002258463529869914 -5.880643844604492 0
          0.22319220006465912 0.43558892607688904 0 0.23925280570983887 0.3668486773967743 0
          0.2741701900959015 0.2975078225135803 0 0.3324030339717865 0.2312282919883728 0
          0.42218995094299316 0.22542990744113922 0 0.5186182856559753 0.47186440229415894 0
          0.5025641322135925 0.6774747371673584 0 0.4662099778652191 0.8404293060302734 0
          0.42344892024993896 0.9629806876182556 0 0.3639637231826782 1.161128044128418 0
          0.2958611845970154 1.3828203678131104 0 0.24350771307945251 1.6637898683547974 0
          0.17370250821113586 1.996098279953003 0 0.06911540031433105 2.3558967113494873 0
          -0.07507535815238953 2.736081838607788 0 -0.2647242248058319 3.1659820079803467 0
          -0.4891047179698944 3.7952160835266113 0 -0.8701539039611816 4.7064666748046875 0
          -0.8926107287406921 5.491641998291016 0 0.11223158985376358 4.971287250518799 0
          0.14756928384304047 4.9507575035095215 0 0.42937004566192627 4.778413772583008 0
          0.637520968914032 4.314589023590088 0 0.7606288194656372 3.6606802940368652 0
          0.9144630432128906 3.012911081314087 0 1.1105711460113525 2.490121603012085 0
          1.2810722589492798 2.0936169624328613 0 1.3690727949142456 1.7774966955184937 0
          1.3690847158432007 1.5093687772750854 0 1.314299464225769 1.2790460586547852 0
          1.2588247060775757 1.0687294006347656 0 1.1744829416275024 0.9553112983703613 0
          1.0370337963104248 1.0175678730010986 0 1.5297503471374512 0.048743993043899536 0
          2.33956241607666 -0.4139846861362457 0 2.356257915496826 -0.9508304595947266 0
          2.1429567337036133 -1.4899585247039795 0 1.8343454599380493 -1.979552984237671 0
          1.5340605974197388 -2.404393196105957 0 1.270493984222412 -2.765974283218384 0
          1.0429754257202148 -3.069042682647705 0 0.8459670543670654 -3.3184895515441895 0
          0.6737691760063171 -3.5186591148376465 0 0.5217577815055847 -3.673305034637451 0
          0.38701194524765015 -3.785916805267334 0 0.2686910033226013 -3.860393762588501 0
          0.1681157797574997 -3.9018821716308594 0 0.08779789507389069 -3.917257785797119 0
          0.028331926092505455 -3.9139602184295654 0 -0.010438425466418266 -3.899773597717285 0
          -0.027920428663492203 -3.8838908672332764 0 -0.03467925637960434 -3.868581771850586 0
          -0.03689029812812805 -3.853886127471924 0 -0.036716070026159286 -3.8399229049682617 0
          -0.035274066030979156 -3.826782464981079 0 -0.0330476313829422 -3.814570903778076 0
          -0.03023616038262844 -3.803419828414917 0 -0.026989910751581192 -3.7934539318084717 0
          -0.02352847158908844 -3.7847306728363037 0 -0.02014276199042797 -3.77719783782959 0
          -0.017107991501688957 -3.7706973552703857 0 -0.014599333517253399 -3.7650115489959717 0
          -0.01266162097454071 -3.7599172592163086 0 -0.011224815621972084 -3.7552316188812256 0
          -0.010138610377907753 -3.750842809677124 0 -0.009222915396094322 -3.7467222213745117 0
          -0.008348541334271431 -3.742901563644409 0 -0.007529711350798607 -3.739410161972046 0
          -0.0069666653871536255 -3.7361903190612793 0 -0.007017161697149277 -3.7330167293548584 0
          0.2591869533061981 0.4697601795196533 0 0.26947760581970215 0.43783441185951233 0
          0.2921339273452759 0.4144348204135895 0 0.32429584860801697 0.4092983603477478 0
          0.3620242774486542 0.44217777252197266 0 0.39316457509994507 0.5541387796401978 0
          0.3861507475376129 0.6706771850585938 0 0.35754653811454773 0.786284863948822 0
          0.31024008989334106 0.9106780290603638 0 0.23698705434799194 1.0392942428588867 0
          0.1489132195711136 1.174165964126587 0 0.04944457486271858 1.330752968788147 0
          -0.0669441893696785 1.5078909397125244 0 -0.20451052486896515 1.6965370178222656 0
          -0.36645588278770447 1.8930895328521729 0 -0.551351010799408 2.0872902870178223 0
          -0.755684494972229 2.2876431941986084 0 -0.9871384501457214 2.4602811336517334 0
          -1.1644576787948608 3.1878533363342285 0 -1.0614229440689087 2.3744657039642334 0
          -0.06699113547801971 2.3366003036499023 0 0.448891818523407 2.2572383880615234 0
          0.8043895959854126 2.1151368618011475 0 1.0735907554626465 1.8973031044006348 0
          1.3009512424468994 1.6509164571762085 0 1.4991368055343628 1.4240039587020874 0
          1.6459113359451294 1.2318611145019531 0 1.7136168479919434 1.070302128791809 0
          1.7086822986602783 0.9295921325683594 0 1.6736735105514526 0.7953360676765442 0
          1.6402451992034912 0.6708571910858154 0 1.5498192310333252 0.6921749711036682 0
          1.3625239133834839 0.19208748638629913 0 1.7964657545089722 -0.1454465240240097 0
          2.5018069744110107 -0.2466495931148529 0 2.613316774368286 -0.41483768820762634 0
          2.5006489753723145 -0.6522968411445618 0 2.2147209644317627 -0.9055554270744324 0
          1.8863909244537354 -1.1402519941329956 0 1.5812664031982422 -1.347270131111145 0
          1.309861183166504 -1.5250389575958252 0 1.068506121635437 -1.67324960231781 0
          0.8515949845314026 -1.7916580438613892 0 0.6529825329780579 -1.879005789756775 0
          0.46726348996162415 -1.9323781728744507 0 0.2920142412185669 -1.9478051662445068 0
          0.13187377154827118 -1.9235281944274902 0 0.002761232201009989 -1.8667274713516235 0
          -0.06884041428565979 -1.8018401861190796 0 -0.08514224737882614 -1.7519371509552002 0
          -0.09809323400259018 -1.705060362815857 0 -0.10492096841335297 -1.6581443548202515 0
          -0.10550715029239655 -1.6123192310333252 0 -0.10321880131959915 -1.5679110288619995 0
          -0.09922603517770767 -1.525211215019226 0 -0.0936250239610672 -1.4847685098648071 0
          -0.08623560518026352 -1.4473857879638672 0 -0.07713735103607178 -1.4139117002487183 0
          -0.06697560846805573 -1.3849115371704102 0 -0.056851826608181 -1.3604098558425903 0
          -0.04779030382633209 -1.3399319648742676 0 -0.040382008999586105 -1.322725534439087 0
          -0.034740302711725235 -1.3079928159713745 0 -0.030610814690589905 -1.2950594425201416 0
          -0.027450283989310265 -1.2835129499435425 0 -0.024517381563782692 -1.2733162641525269 0
          -0.021192463114857674 -1.2647594213485718 0 -0.017447110265493393 -1.2581615447998047 0
          -0.013955126516520977 -1.2535252571105957 0 -0.012072538956999779 -1.2501881122589111 0
          0.260651558637619 0.49415332078933716 0 0.2647128701210022 0.4849313497543335 0
          0.27506741881370544 0.4842250943183899 0 0.2868817150592804 0.49774718284606934 0
          0.2958826422691345 0.5317190289497375 0 0.2955358922481537 0.5927054286003113 0
          0.27659881114959717 0.6655437350273132 0 0.23918990790843964 0.746556282043457 0
          0.18190619349479675 0.8347905874252319 0 0.10402067005634308 0.9266367554664612 0
          0.00968710333108902 1.0177595615386963 0 -0.09975514560937881 1.1130633354187012 0
          -0.22330929338932037 1.2107895612716675 0 -0.35933855175971985 1.3054639101028442 0
          -0.505268931388855 1.387865424156189 0 -0.6537842750549316 1.4454652070999146 0
          -0.788981020450592 1.4573777914047241 0 -0.8836944699287415 1.3899145126342773 0
          -0.8989346027374268 1.2106767892837524 0 -0.5871301293373108 1.202003836631775 0
          -0.3351939022541046 0.851467490196228 0 0.23281127214431763 0.8717353343963623 0
          0.6834703087806702 0.8946915864944458 0 1.0519003868103027 0.8845795392990112 0
          1.3691973686218262 0.8393558263778687 0 1.639296293258667 0.768007755279541 0
          1.8357733488082886 0.683667004108429 0 1.943581223487854 0.594782292842865 0
          1.9844905138015747 0.5057235360145569 0 2.011535167694092 0.4202409088611603 0
          1.9476308822631836 0.39817267656326294 0 1.696130394935608 0.23673056066036224 0
          1.5831199884414673 -0.1853829175233841 0 1.9580930471420288 -0.3101009726524353 0
          2.29075026512146 -0.16197451949119568 0 2.4577393531799316 -0.05383172258734703 0
          2.4724247455596924 -0.033077776432037354 0 2.2755486965179443 -0.07289130240678787 0
          1.9751368761062622 -0.13170598447322845 0 1.6722440719604492 -0.1921340376138687 0
          1.3953399658203125 -0.24892650544643402 0 1.1459121704101562 -0.3003484606742859 0
          0.9209714531898499 -0.3464251458644867 0 0.7167633175849915 -0.3887771964073181 0
          0.5308045148849487 -0.43097513914108276 0 0.3639681339263916 -0.47878628969192505 0
          0.22184914350509644 -0.5386144518852234 0 0.11192327737808228 -0.6112328767776489 0
          0.03302815556526184 -0.6789886951446533 0 -0.07340824604034424 -0.686650812625885 0
          -0.12952665984630585 -0.6655295491218567 0 -0.1367916613817215 -0.6441177129745483 0
          -0.1421157717704773 -0.6195492744445801 0 -0.1464114487171173 -0.590595543384552 0
          -0.1491972953081131 -0.5571286082267761 0 -0.14978492259979248 -0.5195430517196655 0
          -0.1470939666032791 -0.4788338243961334 0 -0.14035062491893768 -0.4365643560886383 0
          -0.13028408586978912 -0.39424216747283936 0 -0.11914780735969543 -0.3526068925857544 0
          -0.10857918113470078 -0.3119896650314331 0 -0.09886588156223297 -0.2729240357875824 0
          -0.08922665566205978 -0.23654009401798248 0 -0.07855983823537827 -0.20453275740146637 0
          -0.06608378142118454 -0.17875443398952484 0 -0.05192810669541359 -0.16047483682632446 0
          -0.0366293266415596 -0.15019099414348602 0 -0.020859885960817337 -0.14793311059474945 0
          -0.0053802174516022205 -0.15367378294467926 0 0.008965056389570236 -0.16772648692131042 0
          0.24128136038780212 0.5095268487930298 0 0.24122418463230133 0.5121517181396484 0
          0.24353113770484924 0.5203272700309753 0 0.24381500482559204 0.536602258682251 0
          0.2389000952243805 0.5627486705780029 0 0.22489695250988007 0.5990485548973083 0
          0.1977624148130417 0.6417032480239868 0 0.15545326471328735 0.6880936026573181 0
          0.09509904682636261 0.73692786693573 0 0.019171880558133125 0.7841556668281555 0
          -0.07260433584451675 0.8280361890792847 0 -0.17891418933868408 0.8697497248649597 0
          -0.2981787323951721 0.907696008682251 0 -0.4263554811477661 0.9393337965011597 0
          -0.556351363658905 0.9595004916191101 0 -0.6763417720794678 0.9604153633117676 0
          -0.7678747773170471 0.9328301548957825 0 -0.8034795522689819 0.8679386377334595 0
          -0.7433252930641174 0.7560577988624573 0 -0.5097644329071045 0.7041416764259338 0
          -0.15782128274440765 0.477672815322876 0 0.13956736028194427 0.3427896797657013 0
          0.553633451461792 0.33392637968063354 0 0.9646052718162537 0.34387093782424927 0
          1.350709319114685 0.3413075804710388 0 1.7008366584777832 0.3143766224384308 0
          1.9893144369125366 0.25990650057792664 0 2.1669602394104004 0.20303940773010254 0
          2.2224278450012207 0.17089247703552246 0 2.206179618835449 0.1690215915441513 0
          2.0131192207336426 0.06963175535202026 0 1.7630184888839722 -0.19543464481830597 0
          1.709903359413147 -0.3785339295864105 0 1.9337576627731323 -0.359296053647995 0
          1.9044233560562134 -0.09407113492488861 0 2.032958984375 0.1947523057460785 0
          2.139949083328247 0.4196837842464447 0 2.0573394298553467 0.5669236779212952 0
          1.8311272859573364 0.6639544367790222 0 1.571721076965332 0.7316156029701233 0
          1.322809100151062 0.7804269790649414 0 1.0955055952072144 0.8143890500068665 0
          0.890551745891571 0.8349692821502686 0 0.7062152624130249 0.8422653675079346 0
          0.5411109924316406 0.8356334567070007 0 0.396111398935318 0.8144252300262451 0
          0.27503645420074463 0.7791727781295776 0 0.17788435518741608 0.7353914976119995 0
          0.10143064707517624 0.6899710893630981 0 0.047273024916648865 0.6096882820129395 0
          0.002568700583651662 0.5217816233634949 0 -0.04120034724473953 0.45820412039756775 0
          -0.07668199390172958 0.41472911834716797 0 -0.10172087699174881 0.38508141040802 0
          -0.11942732334136963 0.36537933349609375 0 -0.131264790892601 0.3531753420829773 0
          -0.13716396689414978 0.3466957211494446 0 -0.13550478219985962 0.34360256791114807 0
          -0.1264847069978714 0.341202974319458 0 -0.11533399671316147 0.3387887477874756 0
          -0.10619963705539703 0.33732491731643677 0 -0.09970471262931824 0.33800008893013 0
          -0.09488891810178757 0.34188342094421387 0 -0.09028951078653336 0.34980303049087524 0
          -0.08453785628080368 0.36219534277915955 0 -0.07678116112947464 0.3788410723209381 0
          -0.06666874885559082 0.39892905950546265 0 -0.05407707393169403 0.4211176037788391 0
          -0.03888803720474243 0.4434794485569 0 -0.02237778715789318 0.4643610715866089 0
          0.2097756415605545 0.5191720724105835 0 0.20794321596622467 0.5277939438819885 0
          0.20658351480960846 0.539081335067749 0 0.20219267904758453 0.553656280040741 0
          0.19269265234470367 0.5716214776039124 0 0.1754346489906311 0.5920051336288452 0
          0.14785587787628174 0.6128250956535339 0 0.10759708285331726 0.6321262121200562 0
          0.05179759860038757 0.6487786769866943 0 -0.01645396091043949 0.6585226058959961 0
          -0.09819286316633224 0.6621035933494568 0 -0.19399689137935638 0.6584816575050354 0
          -0.3026185631752014 0.6472381353378296 0 -0.41995301842689514 0.6281760931015015 0
          -0.5385384559631348 0.6010754108428955 0 -0.6469368934631348 0.566215991973877 0
          -0.7291880249977112 0.5257436633110046 0 -0.763746976852417 0.48593392968177795 0
          -0.7223048806190491 0.4608578085899353 0 -0.5696384906768799 0.49297845363616943 0
          -0.19291214644908905 0.4402431547641754 0 0.19367974996566772 0.23366200923919678 0
          0.5774579644203186 0.10036645084619522 0 0.942535936832428 0.04404750093817711 0
          1.3504176139831543 0.024768488481640816 0 1.7783595323562622 -0.004660184029489756 0
          2.1295382976531982 -0.03104342147707939 0 2.328575372695923 -0.031130123883485794 0
          2.335598945617676 -0.03657517954707146 0 2.2102322578430176 -0.10584713518619537 0
          1.9897029399871826 -0.2681604027748108 0 1.8204941749572754 -0.4339323043823242 0
          1.7664425373077393 -0.5035631656646729 0 1.636608362197876 -0.29794004559516907 0
          1.394895315170288 0.04963146150112152 0 1.454496145248413 0.44195258617401123 0
          1.589106559753418 0.8141321539878845 0 1.6169239282608032 1.1112313270568848 0
          1.504703164100647 1.331373691558838 0 1.3296102285385132 1.4946684837341309 0
          1.140923023223877 1.6173747777938843 0 0.959663987159729 1.7090758085250854 0
          0.7930173277854919 1.775017499923706 0 0.6429985761642456 1.8179199695587158 0
          0.5101120471954346 1.8392269611358643 0 0.394107848405838 1.8411246538162231 0
          0.2954613268375397 1.8279879093170166 0 0.21443958580493927 1.8040326833724976 0
          0.14976297318935394 1.7721889019012451 0 0.09949876368045807 1.737708330154419 0
          0.06095535680651665 1.6990854740142822 0 0.03207029774785042 1.6505064964294434 0
          0.008017150685191154 1.594277024269104 0 -0.01364543940871954 1.5357693433761597 0
          -0.031651485711336136 1.477439045906067 0 -0.04688805714249611 1.4213601350784302 0
          -0.05909241735935211 1.3694684505462646 0 -0.060911521315574646 1.3198784589767456 0
          -0.04908033087849617 1.2684060335159302 0 -0.03859347105026245 1.2173709869384766 0
          -0.03732025623321533 1.171570062637329 0 -0.041959770023822784 1.1331862211227417 0
          -0.04955081641674042 1.1030677556991577 0 -0.057556211948394775 1.0813465118408203 0
          -0.06355047971010208 1.067449688911438 0 -0.06604714691638947 1.0603814125061035 0
          -0.06456003338098526 1.0590561628341675 0 -0.05925353989005089 1.0625799894332886 0
          -0.05059501528739929 1.0704491138458252 0 -0.03972639888525009 1.0820637941360474 0
          0.16992637515068054 0.526100754737854 0 0.16819995641708374 0.5389053225517273 0
          0.1661309152841568 0.5520757436752319 0 0.16175471246242523 0.5655879974365234 0
          0.15329182147979736 0.5784322619438171 0 0.13913902640342712 0.5893320441246033 0
          0.1171838715672493 0.5962199568748474 0 0.08512583374977112 0.5973652601242065 0
          0.03991512581706047 0.5914053916931152 0 -0.0147480433806777 0.5743231773376465 0
          -0.07861057668924332 0.5461954474449158 0 -0.15509670972824097 0.5054028630256653 0
          -0.24491052329540253 0.4519703686237335 0 -0.34556353092193604 0.38710567355155945 0
          -0.4515210688114166 0.31347689032554626 0 -0.5542102456092834 0.23587152361869812 0
          -0.6420021057128906 0.1621648222208023 0 -0.700391948223114 0.10514829307794571 0
          -0.7112618088722229 0.084650918841362 0 -0.6588360667228699 0.1329973340034485 0
          -0.4403824806213379 0.27637991309165955 0 0.17574343085289001 0.14886590838432312 0
          0.6317200064659119 0.004031187854707241 0 0.9564822912216187 -0.06231462582945824 0
          1.3801462650299072 -0.08778839558362961 0 1.8392956256866455 -0.09667426347732544 0
          2.1975226402282715 -0.07944563031196594 0 2.361090898513794 -0.06689474731683731 0
          2.2973568439483643 -0.13821302354335785 0 2.135723829269409 -0.26523643732070923 0
          1.9572477340698242 -0.3838033080101013 0 1.8009053468704224 -0.4309685230255127 0
          1.5733739137649536 -0.3064018487930298 0 1.0492889881134033 0.0929466113448143 0
          0.8491795063018799 0.4645046591758728 0 0.8406737446784973 0.8810132145881653 0
          0.9387449026107788 1.3210649490356445 0 1.026597499847412 1.720119833946228 0
          1.0304269790649414 2.0409200191497803 0 0.9731903672218323 2.2825160026550293 0
          0.8820067048072815 2.458552122116089 0 0.7790297865867615 2.5819242000579834 0
          0.6751794219017029 2.6630194187164307 0 0.5763956308364868 2.70959734916687 0
          0.48534879088401794 2.727968454360962 0 0.4036644399166107 2.723188877105713 0
          0.33160772919654846 2.7004544734954834 0 0.26843518018722534 2.6656301021575928 0
          0.21308116614818573 2.624432325363159 0 0.1643475592136383 2.5820837020874023 0
          0.12172806262969971 2.542344093322754 0 0.08512204140424728 2.5076606273651123 0
          0.05536341294646263 2.4767026901245117 0 0.034277915954589844 2.4452900886535645 0
          0.02239171974360943 2.4097342491149902 0 0.020185552537441254 2.365435838699341 0
          0.027000006288290024 2.3084256649017334 0 0.0364246629178524 2.2439398765563965 0
          0.03902982920408249 2.185469627380371 0 0.03519326075911522 2.1364457607269287 0
          0.026505624875426292 2.094123125076294 0 0.012530328705906868 2.058011293411255 0
          -0.0040698726661503315 2.0278894901275635 0 -0.01957888714969158 2.002753973007202 0
          -0.030738558620214462 1.9810439348220825 0 -0.03596365451812744 1.961133599281311 0
          -0.03563683107495308 1.9419770240783691 0 -0.03112947568297386 1.9233344793319702 0
          -0.02405945584177971 1.9057337045669556 0 -0.016386013478040695 1.8902486562728882 0
          0.12217184156179428 0.532707691192627 0 0.12115012109279633 0.5499094724655151 0
          0.12034271657466888 0.5668449997901917 0 0.11795026063919067 0.5821408629417419 0
          0.11350756138563156 0.5951338410377502 0 0.1053704172372818 0.6037367582321167 0
          0.09214914590120316 0.6059961915016174 0 0.0714711919426918 0.5989985466003418 0
          0.038417354226112366 0.5834338665008545 0 -0.005317565985023975 0.5564216375350952 0
          -0.038096118718385696 0.5109593272209167 0 -0.08268626034259796 0.4462084472179413 0
          -0.14182138442993164 0.3620718717575073 0 -0.21403443813323975 0.25920093059539795 0
          -0.2961939573287964 0.14020287990570068 0 -0.3832482099533081 0.010328570380806923 0
          -0.46765080094337463 -0.12347554415464401 0 -0.5390231609344482 -0.24851834774017334 0
          -0.5835373997688293 -0.35003817081451416 0 -0.5821167230606079 -0.4150609076023102 0
          -0.505786657333374 -0.32957786321640015 0 -0.30049729347229004 -0.055411048233509064 0
          0.36685043573379517 0.05793295055627823 0 0.8604742884635925 0.10116951167583466 0
          1.3290125131607056 0.1524970531463623 0 1.7548556327819824 0.23264694213867188 0
          2.0686087608337402 0.3064042925834656 0 2.1905314922332764 0.3014408051967621 0
          2.1277313232421875 0.19236648082733154 0 1.9828349351882935 0.10308001190423965 0
          1.7940294742584229 0.1172839030623436 0 1.5198312997817993 0.28026193380355835 0
          0.9263371229171753 0.7137895822525024 0 0.49535563588142395 1.0898127555847168 0
          0.3169870674610138 1.4517146348953247 0 0.27674973011016846 1.83455491065979 0
          0.33257871866226196 2.2454869747161865 0 0.42503684759140015 2.6530604362487793 0
          0.4930751323699951 3.0174412727355957 0 0.5297189950942993 3.318905830383301 0
          0.5362856984138489 3.554872512817383 0 0.5206444263458252 3.7322590351104736 0
          0.4913332760334015 3.8596320152282715 0 0.452681303024292 3.9465997219085693 0
          0.4097945988178253 4.001163482666016 0 0.366324782371521 4.029964447021484 0
          0.3245561718940735 4.03830623626709 0 0.28583213686943054 4.030109882354736 0
          0.25064536929130554 4.008236885070801 0 0.2193474918603897 3.9745209217071533 0
          0.19269642233848572 3.929939031600952 0 0.1710989773273468 3.875131130218506 0
          0.15496335923671722 3.8110153675079346 0 0.14417988061904907 3.739794969558716 0
          0.13818815350532532 3.6644113063812256 0 0.13582853972911835 3.5889110565185547 0
          0.13467524945735931 3.518523693084717 0 0.13066251575946808 3.4569246768951416 0
          0.11994557082653046 3.404085397720337 0 0.10055792331695557 3.36153244972229 0
          0.07250652462244034 3.331838369369507 0 0.03821702301502228 3.3156545162200928 0
          0.0037585527170449495 3.3113527297973633 0 -0.022482380270957947 3.3141744136810303 0
          -0.037572696805000305 3.319570541381836 0 -0.04358590394258499 3.3254313468933105 0
          -0.0433078370988369 3.3312549591064453 0 -0.03918232396245003 3.3372597694396973 0
          -0.03312651813030243 3.3438684940338135 0 -0.027209224179387093 3.3515825271606445 0
          0.06489889323711395 0.5396676659584045 0 0.06488187611103058 0.5634515285491943 0
          0.06493721157312393 0.5861752033233643 0 0.06494918465614319 0.6079481840133667 0
          0.06400005519390106 0.6267915964126587 0 0.06165817007422447 0.6414530873298645 0
          0.05609453096985817 0.6489141583442688 0 0.04346131160855293 0.6465166211128235 0
          0.011172851547598839 0.6344514489173889 0 -0.0747610405087471 0.6396227478981018 0
          -0.018703734502196312 0.5961316823959351 0 -0.01662062294781208 0.530963122844696 0
          -0.03550855442881584 0.4438540041446686 0 -0.0670279785990715 0.3314119279384613 0
          -0.10829749703407288 0.19197674095630646 0 -0.15833672881126404 0.02738690935075283 0
          -0.21460390090942383 -0.15832586586475372 0 -0.2713228166103363 -0.3547484576702118 0
          -0.32268062233924866 -0.5465986728668213 0 -0.36068195104599 -0.7112602591514587 0
          -0.3703913390636444 -0.8166500329971313 0 -0.33399373292922974 -0.716733455657959 0
          -0.2581097185611725 -0.1372881531715393 0 0.039525482803583145 0.5033577680587769 0
          0.6510412693023682 0.9437296390533447 0 1.1752946376800537 1.3201428651809692 0
          1.479260802268982 1.6135729551315308 0 1.6479872465133667 1.7531782388687134 0
          1.6645582914352417 1.7941983938217163 0 1.498561978340149 1.9178136587142944 0
          1.216034173965454 2.2067980766296387 0 0.7027260661125183 2.724278450012207 0
          0.23402772843837738 3.186483383178711 0 -0.025420639663934708 3.540036201477051 0
          -0.12130315601825714 3.838609218597412 0 -0.10333789885044098 4.098255634307861 0
          -0.02825765125453472 4.344883441925049 0 0.0633125975728035 4.591983318328857 0
          0.1460784375667572 4.829168319702148 0 0.2073911875486374 5.049846172332764 0
          0.24630549550056458 5.248915195465088 0 0.2695145905017853 5.422033309936523 0
          0.2778909206390381 5.569923400878906 0 0.27109086513519287 5.696505069732666 0
          0.25611212849617004 5.8044023513793945 0 0.23744407296180725 5.895684719085693 0
          0.21758273243904114 5.972282409667969 0 0.19794844090938568 6.036075592041016 0
          0.17942264676094055 6.088689804077148 0 0.1627160757780075 6.131513595581055 0
          0.14803728461265564 6.166280746459961 0 0.13579951226711273 6.194742202758789 0
          0.12626126408576965 6.21873664855957 0 0.11930915713310242 6.240103244781494 0
          0.11438938975334167 6.260675430297852 0 0.11039892584085464 6.282249927520752 0
          0.10559267550706863 6.306171894073486 0 0.09793070703744888 6.332440376281738 0
          0.08605505526065826 6.359401226043701 0 0.07029356062412262 6.383869647979736 0
          0.05303939804434776 6.401065349578857 0 0.03814518451690674 6.405243873596191 0
          0.02877454087138176 6.392586708068848 0 0.02419504150748253 6.365347385406494 0
          0.02256600186228752 6.328964710235596 0 0.022982293739914894 6.288102626800537 0
          0.024720730260014534 6.246056079864502 0 0.027145162224769592 6.204920291900635 0
          0.02971533127129078 6.165881156921387 0 0.031354352831840515 6.129495620727539 0
          0 0.545335054397583 0 0 0.5743850469589233 0
          0 0.6039157509803772 0 0 0.6331495046615601 0
          0 0.6616335511207581 0 0 0.6869754195213318 0
          0 0.7044950127601624 0 0 0.7014897465705872 0
          0 0.6424468159675598 0 0 0.8954631686210632 0
          0 0.8134118914604187 0 0 0.7731038331985474 0
          0 0.7313624620437622 0 0 0.6741558313369751 0
          0 0.5910188555717468 0 0 0.4747079908847809 0
          0 0.3203934133052826 0 0 0.12754350900650024 0
          0 -0.10118613392114639 0 0 -0.3568757176399231 0
          0 -0.6188967823982239 0 0 -0.8569531440734863 0
          0 -1.0417276620864868 0 0 -0.6996596455574036 0
          0 0.15582317113876343 0 0 1.1754933595657349 0
          0 2.2255101203918457 0 0 3.171685218811035 0
          0 4.030379295349121 0 0 4.833418369293213 0
          0 5.552131652832031 0 0 5.997041702270508 0
          0 6.153191566467285 0 0 6.140792369842529 0
          0 6.064821720123291 0 0 6.000688552856445 0
          0 5.986452579498291 0 0 6.033190727233887 0
          0 6.1351141929626465 0 0 6.277939319610596 0
          0 6.446793079376221 0 0 6.631198406219482 0
          0 6.821109771728516 0 0 7.006688117980957 0
          0 7.182337284088135 0 0 7.34559440612793 0
          0 7.495657920837402 0 0 7.632676601409912 0
          0 7.75738525390625 0 0 7.870994567871094 0
          0 7.974852085113525 0 0 8.070586204528809 0
          0 8.159992218017578 0 0 8.244791984558105 0
          0 8.326335906982422 0 0 8.405241966247559 0
          0 8.480961799621582 0 0 8.55158805847168 0
          0 8.614311218261719 0 0 8.666537284851074 0
          0 8.707266807556152 0 0 8.738070487976074 0
          0 8.762619972229004 0 0 8.784102439880371 0
          0 8.804471969604492 0 0 8.825081825256348 0
          0 8.8468017578125 0 0 8.870079040527344 0
          0 8.894997596740723 0 0 8.92092514038086 0
          <InformationKey name="L2_NORM_RANGE" location="vtkDataArray" length="2">
            <Value index="0">
              0.10118613392
            </Value>
            <Value index="1">
              8.9209251404
            </Value>
          </InformationKey>
        </DataArray>
        <DataArray type="Float32" Name="Solids_Velocity_1" NumberOfComponents="3" format="ascii" RangeMin="0" RangeMax="9.418157577514648">
          0.0025212224572896957 -0.0015997419832274318 0 -0.0011322583304718137 -0.0007318942807614803 0
          -0.009436327964067459 0.005701140500605106 0 -0.023795409128069878 0.021638212725520134 0
          -0.04402696713805199 0.050298720598220825 0 -0.1159365102648735 0.20873643457889557 0
          -0.1661432981491089 0.5332656502723694 0 -0.168712317943573 0.8829358816146851 0
          -0.16376294195652008 1.2484571933746338 0 -0.10844114422798157 1.6263763904571533 0
          -0.10116185247898102 1.8440672159194946 0 -0.1108536571264267 2.055332660675049 0
          -0.15580156445503235 2.2860822677612305 0 -0.22227069735527039 2.5472850799560547 0
          -0.3016335964202881 2.8433759212493896 0 -0.3911314904689789 3.173787832260132 0
          -0.5256093740463257 3.5105550289154053 0 -0.5348066687583923 3.743868589401245 0
          -0.01174005027860403 3.6820266246795654 0 0.13657404482364655 3.4184811115264893 0
          0.11613577604293823 3.1333277225494385 0 0.05347703769803047 2.9005558490753174 0
          0.01735592819750309 2.7381062507629395 0 0.06905399262905121 2.6341800689697266 0
          0.21490834653377533 2.5389909744262695 0 0.39362433552742004 2.3828060626983643 0
          0.5308650135993958 2.1356892585754395 0 0.5973637104034424 1.823457956314087 0
          0.6061052680015564 1.4834070205688477 0 0.5848283171653748 1.139790654182434 0
          0.5599846839904785 0.8348810076713562 0 0.5424593687057495 0.5668014883995056 0
          0.5112451910972595 0.36990588903427124 0 0.5621296763420105 -0.7981245517730713 0
          0.5623461008071899 -0.7989720106124878 0 0.5815043449401855 -0.8079014420509338 0
          0.5855535864830017 -1.6752350330352783 0 0.5367677211761475 -0.000014644818293163553 0
          1.598291657193074e-37 -1.049808498923917e-17 0 1.927605451211922e-18 -2.9589349637149098e-8 0
          3.923066316247059e-9 -0.10814867913722992 0 0.003656135406345129 -0.00002337809928576462 0
          0 0 0 0 0 0
          0 0 0 0 0 0
          0 0 0 0 0 0
          0 0 0 0 0 0
          0 0 0 0 0 0
          0 0 0 0 0 0
          0 0 0 0 0 0
          0 0 0 0 0 0
          0 0 0 0 0 0
          0 0 0 0 0 0
          0 0 0 0 0 0
          0 0 0 0 0 0
          0 0 0 0 0 0
          0 0 0 0 0 0
          -0.0044906907714903355 0.00473059294745326 0 -0.010404935106635094 0.011009705252945423 0
          -0.022769998759031296 0.020066771656274796 0 -0.04225634038448334 0.032626062631607056 0
          -0.0695861279964447 0.0498693473637104 0 -0.1090136468410492 0.08007125556468964 0
          -0.1762155145406723 0.3555975556373596 0 -0.2085503190755844 0.4612259566783905 0
          -0.23457053303718567 0.19693580269813538 0 -0.2968819737434387 0.3588595390319824 0
          -0.3482877016067505 0.5443085432052612 0 -0.39930403232574463 0.7348400354385376 0
          -0.4646131694316864 0.9396147727966309 0 -0.5453386902809143 1.1514815092086792 0
          -0.6400954127311707 1.369290828704834 0 -0.7371752858161926 1.499422311782837 0
          -0.7498792409896851 1.6933784484863281 0 -0.7343904376029968 2.143784523010254 0
          -0.6308549046516418 1.8629716634750366 0 0.06641969084739685 1.7617690563201904 0
          0.3470126986503601 1.715201735496521 0 0.5041372776031494 1.6969472169876099 0
          0.6172047257423401 1.6333993673324585 0 0.7110036015510559 1.515559434890747 0
          0.808832049369812 1.3812204599380493 0 0.9054107069969177 1.2519186735153198 0
          0.9783123731613159 1.1199896335601807 0 1.0111618041992188 0.9718394875526428 0
          1.0066602230072021 0.7978614568710327 0 0.983514130115509 0.6040394902229309 0
          0.9694536328315735 0.40799862146377563 0 0.9411191940307617 0.233035609126091 0
          0.8339881300926208 -0.061206188052892685 0 0.8306336402893066 -1.582258701324463 0
          0.8307059407234192 -1.5826832056045532 0 0.8976764678955078 -1.4963297843933105 0
          0.8331213593482971 -1.6693300008773804 0 0.7585332989692688 -0.00001094430626835674 0
          0 -4.879070140094206e-38 0 2.5790903841092115e-38 -5.689435107104042e-19 0
          2.1479977992593257e-19 -3.9702832688170986e-10 0 1.0985669318674951e-10 -4.296815681037458e-10 0
          0 0 0 0 0 0
          0 0 0 0 0 0
          0 0 0 0 0 0
          0 0 0 0 0 0
          0 0 0 0 0 0
          0 0 0 0 0 0
          0 0 0 0 0 0
          0 0 0 0 0 0
          0 0 0 0 0 0
          0 0 0 0 0 0
          0 0 0 0 0 0
          0 0 0 0 0 0
          0 0 0 0 0 0
          0 0 0 0 0 0
          -0.014265143312513828 0.0065242815762758255 0 -0.021296940743923187 0.013831010088324547 0
          -0.035808004438877106 0.022641699761152267 0 -0.05851994454860687 0.03369989991188049 0
          -0.09042473882436752 0.04791786149144173 0 -0.13330544531345367 0.0646873489022255 0
          -0.18818172812461853 0.06835997849702835 0 -0.23885145783424377 0.07963702827692032 0
          -0.2962537705898285 0.13065020740032196 0 -0.3681353032588959 0.2041264772415161 0
          -0.4296024441719055 0.28337666392326355 0 -0.49691352248191833 0.3670879602432251 0
          -0.5803886651992798 0.4559410810470581 0 -0.6735254526138306 0.5442953705787659 0
          -0.7686980962753296 0.6241689324378967 0 -0.8511363863945007 0.686345100402832 0
          -0.8954083919525146 0.7027201056480408 0 -0.8625981211662292 0.7798053026199341 0
          -0.8037225604057312 0.330802321434021 0 -0.048614922910928726 0.314677894115448 0
          0.3852933943271637 0.3918946087360382 0 0.6433690786361694 0.4785696864128113 0
          0.8321574330329895 0.5358989238739014 0 0.9823325276374817 0.5675907135009766 0
          1.1072885990142822 0.5767399668693542 0 1.2095427513122559 0.565244734287262 0
          1.2816067934036255 0.5289724469184875 0 1.3158373832702637 0.4617782235145569 0
          1.3187541961669922 0.3627501130104065 0 1.313431978225708 0.24298445880413055 0
          1.304886817932129 0.10193468630313873 0 1.2446173429489136 -0.0251881442964077 0
          1.0514063835144043 -0.729888379573822 0 1.0847982168197632 -1.8038583993911743 0
          1.084937334060669 -1.8038800954818726 0 1.2344335317611694 -1.781219720840454 0
          1.1616559028625488 -1.6513999700546265 0 1.0318841934204102 -0.000005297273673932068 0
          1.5060403562067886e-15 0 0 0 -2.2901000412921188e-40 0
          2.2275741038139455e-40 -1.6781749794596327e-22 0 1.1776168604592095e-22 -1.8419205414959134e-22 0
          0 0 0 0 0 0
          0 0 0 0 0 0
          0 0 0 0 0 0
          0 0 0 0 0 0
          0 0 0 0 0 0
          0 0 0 0 0 0
          -8.295686908802917e-43 -2.802596928649634e-45 0 -1.7921126212467278e-22 -5.605193857299268e-45 0
          -1.6327580483355245e-22 -2.802596928649634e-45 0 -2.8200685282335507e-25 0 0
          -7.151806972374569e-40 0 0 0 0 0
          0 0 0 0 0 0
          0 0 0 0 0 0
          0 0 0 0 0 0
          0 0 0 0 0 0
          0 0 0 0 0 0
          -0.020068246871232986 0.00383782503195107 0 -0.02726656012237072 0.007815428078174591 0
          -0.042040757834911346 0.01201897207647562 0 -0.06496291607618332 0.0164386834949255 0
          -0.09671999514102936 0.020822349935770035 0 -0.13766680657863617 0.024081649258732796 0
          -0.18732501566410065 0.02389203943312168 0 -0.24248838424682617 0.026613105088472366 0
          -0.33214423060417175 0.06177482008934021 0 -0.39472711086273193 0.0962483137845993 0
          -0.4490719735622406 0.1315869390964508 0 -0.5171284675598145 0.16627131402492523 0
          -0.5991252064704895 0.19768992066383362 0 -0.6848239898681641 0.2237287163734436 0
          -0.7645756006240845 0.23891662061214447 0 -0.8248095512390137 0.23641160130500793 0
          -0.844431459903717 0.20955823361873627 0 -0.7985205054283142 0.14310266077518463 0
          -0.6835361123085022 0.0794055387377739 0 -0.29840388894081116 -0.2731325924396515 0
          0.23819686472415924 -0.24925965070724487 0 0.5955958366394043 -0.14905555546283722 0
          0.8697675466537476 -0.04231059551239014 0 1.088476538658142 0.045285627245903015 0
          1.269915223121643 0.10604307055473328 0 1.4150646924972534 0.13375087082386017 0
          1.5161792039871216 0.12665307521820068 0 1.5726962089538574 0.083564393222332 0
          1.5982582569122314 0.010676898993551731 0 1.610332727432251 -0.09275330603122711 0
          1.5537258386611938 -0.19472157955169678 0 1.3615723848342896 -0.5068899393081665 0
          1.172646164894104 -1.1506931781768799 0 1.419886589050293 -1.640607476234436 0
          1.4199910163879395 -1.6404049396514893 0 1.4874035120010376 -1.668761134147644 0
          1.3610438108444214 -1.6042054891586304 0 1.1930261850357056 -3.6407914194569457e-7 0
          5.4153889705865765e-11 -7.508090118294768e-17 0 1.196060018215606e-23 0 0
          0 0 0 8.6652244135621e-7 0 0
          6.635999527659919e-10 0 0 4.381889532494146e-21 0 0
          1.1070257868166055e-43 0 0 0 0 0
          0 0 0 0 0 0
          0 0 0 0 0 0
          0 0 0 0 0 0
          -3.328757545052461e-24 -1.401298464324817e-45 0 -2.0645521088609184e-22 -4.9367744898163305e-42 0
          -1.609893966391508e-20 -1.0619318854561627e-21 0 -1.707125690808553e-10 -1.9696991959381053e-21 0
          -1.6911749778358853e-10 -9.043870983010557e-22 0 -7.30557801753573e-12 -1.5887982064122318e-24 0
          -5.50047603592396e-19 -4.2065802808320976e-39 0 -1.5414247178190911e-25 0 0
          0 0 0 0 0 0
          0 0 0 0 0 0
          0 0 0 0 0 0
          0 0 0 0 0 0
          0 0 0 0 0 0
          -0.019207537174224854 -0.000608497706707567 0 -0.02575175277888775 -0.0016500111669301987 0
          -0.03910866007208824 -0.003582850331440568 0 -0.059766530990600586 -0.0069869449362158775 0
          -0.088230662047863 -0.012499828822910786 0 -0.1248391643166542 -0.020850038155913353 0
          -0.1696602702140808 -0.03242682293057442 0 -0.22236990928649902 -0.04566231742501259 0
          -0.2813751697540283 -0.034481894224882126 0 -0.3721303939819336 -0.030143575742840767 0
          -0.4190954267978668 -0.025908663868904114 0 -0.48483675718307495 -0.02867835760116577 0
          -0.5641327500343323 -0.03795875981450081 0 -0.6462335586547852 -0.05231039226055145 0
          -0.7198387384414673 -0.072065070271492 0 -0.7706925868988037 -0.09882234036922455 0
          -0.7795614004135132 -0.13386985659599304 0 -0.7253263592720032 -0.17709709703922272 0
          -0.6047799587249756 -0.22449859976768494 0 -0.32248455286026 -0.2496688812971115 0
          0.17816239595413208 -0.4695444107055664 0 0.5397611260414124 -0.43562039732933044 0
          0.8722160458564758 -0.36044299602508545 0 1.1536246538162231 -0.2826714813709259 0
          1.3892474174499512 -0.22758325934410095 0 1.5785735845565796 -0.20209026336669922 0
          1.7217926979064941 -0.21676181256771088 0 1.802886724472046 -0.26444941759109497 0
          1.8184409141540527 -0.325091153383255 0 1.7764250040054321 -0.4021979570388794 0
          1.6169767379760742 -0.5758516788482666 0 1.4088257551193237 -0.9264379739761353 0
          1.2728819847106934 -1.4283897876739502 0 1.6845042705535889 -1.5345256328582764 0
          1.6845126152038574 -1.5348066091537476 0 1.5859153270721436 -1.4653688669204712 0
          1.4752542972564697 -1.4505157470703125 0 1.2963228225708008 0.00018150718824472278 0
          0.00001529775545350276 1.8833783491101208e-11 0 8.611697133176222e-9 5.2576908801211e-24 0
          8.596942906979198e-19 6.043995313120831e-7 0 0.5465463399887085 0.06468036770820618 0
          9.998956329582143e-7 6.133961116816522e-10 0 0.0000031620174922863953 5.162293646862797e-21 0
          0.000020926372599205934 1.7516230804060213e-43 0 0.00009178167238133028 0 0
          0.00004883318979409523 0 0 1.809664418317425e-8 0 0
          2.7663796617943705e-17 0 0 4.236011844403491e-35 0 0
          0 0 0 0 1.0742826925296427e-23 0
          -1.607611439802259e-11 5.952037571426677e-22 0 -1.4364219536044942e-10 4.214796383039664e-20 0
          -1.3590709668775958e-9 4.172706069560661e-10 0 -0.002168526640161872 8.100421444723338e-10 0
          -0.0015835619997233152 4.172904521926313e-10 0 -0.00019322472508065403 1.7905366425652325e-11 0
          -8.627414338491235e-9 1.4421953950456448e-18 0 -4.543294560011013e-12 4.38759406495656e-25 0
          -2.8273446321523587e-22 1.401298464324817e-45 0 -1.7830330915656565e-25 0 0
          -1.143455114713021e-25 0 0 -5.873367111102637e-26 0 0
          -3.6421945268623264e-26 0 0 -1.6756046576379783e-26 0 0
          -6.828963167180239e-27 0 0 -2.2446278241665802e-27 0 0
          -5.04582523184027e-28 0 0 -5.800516408358585e-29 -8.339629427932785e-25 0
          -0.012598841451108456 -0.004446607548743486 0 -0.017791980877518654 -0.009732624515891075 0
          -0.028475061058998108 -0.016836017370224 0 -0.044929251074790955 -0.026654303073883057 0
          -0.06773211807012558 -0.04020948335528374 0 -0.09730172902345657 -0.05839943513274193 0
          -0.13419443368911743 -0.08188741654157639 0 -0.1926623433828354 -0.11001797765493393 0
          -0.2425590604543686 -0.1314040869474411 0 -0.3061288893222809 -0.13868458569049835 0
          -0.3513675928115845 -0.15826888382434845 0 -0.4108140766620636 -0.19173097610473633 0
          -0.4836884140968323 -0.23541370034217834 0 -0.5616567730903625 -0.2845526337623596 0
          -0.6345461010932922 -0.3349168300628662 0 -0.6895765662193298 -0.3826077878475189 0
          -0.7098059058189392 -0.42306819558143616 0 -0.6771659255027771 -0.45070934295654297 0
          -0.5988550186157227 -0.44886133074760437 0 -0.4116588234901428 -0.46199163794517517 0
          0.11475520581007004 -0.5581690669059753 0 0.5746031403541565 -0.5808603167533875 0
          0.9490625262260437 -0.5769813060760498 0 1.2404351234436035 -0.5435357689857483 0
          1.4968070983886719 -0.507954478263855 0 1.7165348529815674 -0.504056453704834 0
          1.8749696016311646 -0.5265439748764038 0 1.9426096677780151 -0.563018262386322 0
          1.9095429182052612 -0.6239972710609436 0 1.7946583032608032 -0.7464717030525208 0
          1.620106816291809 -0.9465433955192566 0 1.4467785358428955 -1.2478829622268677 0
          1.4094663858413696 -1.4807915687561035 0 1.5469253063201904 -1.5077557563781738 0
          1.5403014421463013 -1.2363911867141724 0 1.4876700639724731 -0.981773316860199 0
          1.534532070159912 -0.7696502804756165 0 1.3239277601242065 -1.0918041467666626 0
          0.03824755549430847 0.046827495098114014 0 1.1369881924849778e-8 8.359748449038307e-9 0
          1.112604039202972e-18 7.390955403252519e-9 0 4.263532193959918e-9 0.000001963953536687768 0
          0.34130778908729553 0.5947109460830688 0 0.28917986154556274 0.5582234263420105 0
          0.21458259224891663 0.473462849855423 0 0.0836159884929657 0.24381504952907562 0
          0.010976472869515419 0.04068629443645477 0 0.0000038588341340073384 1.8882668939568248e-7 0
          0.0000028683887194347335 4.866788205313969e-16 0 0.000002140038304787595 1.5606184425753242e-33 0
          0.0000014127500662652892 0 0 7.415434311042191e-7 3.3584243719353424e-10 0
          -0.000613388663623482 2.532126064380691e-9 0 -0.0036175039131194353 1.934955839999475e-8 0
          -0.02094106934964657 0.00010898863547481596 0 -0.0409480519592762 0.031051840633153915 0
          -0.04539377987384796 0.01449873298406601 0 -0.027696944773197174 0.0016815809067338705 0
          -0.005265364423394203 8.564855846771025e-8 0 -0.00006643604865530506 4.742678125224664e-11 0
          -1.1179601688837693e-10 3.115035969129867e-21 0 -3.0889611615098067e-12 3.386295087327019e-24 0
          -2.755283631458716e-12 2.044022224683595e-24 0 -2.1813941711995577e-12 1.1681648513662917e-24 0
          -1.864796077971631e-12 6.923852379685517e-25 0 -1.3521216481529597e-12 3.3988984221868955e-25 0
          -9.148876317990884e-13 1.5241127954754667e-25 0 -5.571389161650175e-13 5.789072392999115e-26 0
          -2.873344194954247e-13 1.6665011719768487e-26 0 -1.1357900026303519e-13 5.613765698332035e-27 0
          -0.0033721080981194973 -0.006114480085670948 0 -0.006908073090016842 -0.013441920280456543 0
          -0.013991833664476871 -0.022972648963332176 0 -0.025147851556539536 -0.036144837737083435 0
          -0.0406026653945446 -0.054046135395765305 0 -0.06102810427546501 -0.0780533030629158 0
          -0.08700979501008987 -0.10927549749612808 0 -0.13009236752986908 -0.15029464662075043 0
          -0.17241866886615753 -0.18312756717205048 0 -0.22632737457752228 -0.2064668834209442 0
          -0.2601197063922882 -0.24373312294483185 0 -0.30569857358932495 -0.3002559244632721 0
          -0.36514246463775635 -0.37303638458251953 0 -0.43365877866744995 -0.4557831883430481 0
          -0.5036540031433105 -0.5414400100708008 0 -0.5655074119567871 -0.6220974922180176 0
          -0.6061044335365295 -0.6873524188995361 0 -0.6090146899223328 -0.7236788868904114 0
          -0.5634241700172424 -0.7426180243492126 0 -0.4726836383342743 -0.7342291474342346 0
          -0.17485922574996948 -0.7915324568748474 0 0.5933941006660461 -0.7676502466201782 0
          1.0333056449890137 -0.7805185317993164 0 1.3320602178573608 -0.7646575570106506 0
          1.5876870155334473 -0.7458419799804688 0 1.8002350330352783 -0.7491171956062317 0
          1.9357919692993164 -0.7708354592323303 0 1.964884638786316 -0.8148133158683777 0
          1.8906787633895874 -0.9130296111106873 0 1.7637436389923096 -1.0554828643798828 0
          1.6111536026000977 -1.2247412204742432 0 1.4833916425704956 -1.3858435153961182 0
          1.4073482751846313 -1.1076546907424927 0 1.1878823041915894 -0.5264464616775513 0
          1.1228077411651611 -0.4618096351623535 0 1.0994863510131836 1.0940837860107422 0
          1.346304178237915 0.5495049357414246 0 1.2377004623413086 -0.21038715541362762 0
          0.14989157021045685 0.013692756183445454 0 0.0005298827309161425 7.238786459140556e-9 0
          0.0004775390843860805 1.2743375978942137e-18 0 0.00033683341462165117 1.0614663814578762e-8 0
          0.0002465896832291037 0.0000035112500427203486 0 0.2827858626842499 1.4283870458602905 0
          0.2631055414676666 1.4717165231704712 0 0.2505093216896057 1.4933422803878784 0
          0.2341722995042801 1.5170297622680664 0 0.19531111419200897 1.5619069337844849 0
          0.15002155303955078 1.5798648595809937 0 0.10804551839828491 1.5482555627822876 0
          0.09741183370351791 1.5562078952789307 0 0.0946262776851654 1.5947659015655518 0
          0.06525900214910507 1.6291944980621338 0 0.03555876761674881 1.6426854133605957 0
          0.01570165529847145 1.6023019552230835 0 -0.006068768445402384 1.487264633178711 0
          -0.015423215925693512 1.2303822040557861 0 -0.007224775850772858 0.6947874426841736 0
          -0.0007084390963427722 0.1487891972064972 0 -0.0002753487497102469 0.002649218076840043 0
          -0.00030815423815511167 6.064508895065046e-9 0 -0.00022142186935525388 2.5523469449062475e-10 0
          -0.00019987298583146185 1.8451486172299525e-10 0 -0.00016219294047914445 1.3264540854596163e-10 0
          -0.00013371347449719906 9.80511227766101e-11 0 -0.00009890145884128287 6.795115858881928e-11 0
          -0.00006940850289538503 4.600441902424812e-11 0 -0.000044918131607118994 2.9233955534113676e-11 0
          -0.000025575953259249218 1.6405567876409677e-11 0 -0.000012023099770885892 1.0878357242782855e-11 0
          0.0039903828874230385 -0.0049574063159525394 0 0.002323780907317996 -0.010910923592746258 0
          -0.0013499195920303464 -0.01943991519510746 0 -0.006859704852104187 -0.0313800573348999 0
          -0.014831810258328915 -0.04845825210213661 0 -0.025399671867489815 -0.07188840955495834 0
          -0.03927215561270714 -0.10339365154504776 0 -0.057075075805187225 -0.14426939189434052 0
          -0.10641541332006454 -0.20118223130702972 0 -0.14241810142993927 -0.22653178870677948 0
          -0.1695311963558197 -0.26533883810043335 0 -0.19207429885864258 -0.32821694016456604 0
          -0.22589173913002014 -0.41648706793785095 0 -0.2728496789932251 -0.5253672003746033 0
          -0.32836708426475525 -0.646885335445404 0 -0.38640734553337097 -0.7718970775604248 0
          -0.43873101472854614 -0.8885970711708069 0 -0.47328969836235046 -0.9821208715438843 0
          -0.4742434620857239 -1.0478174686431885 0 -0.43518200516700745 -1.0690722465515137 0
          -0.3368772864341736 -1.0594089031219482 0 -0.05504114553332329 -1.0516173839569092 0
          0.9157915115356445 -0.9590446352958679 0 1.3581438064575195 -0.9265571236610413 0
          1.6198009252548218 -0.9026991128921509 0 1.7963426113128662 -0.8995776772499084 0
          1.893580675125122 -0.9253302216529846 0 1.8963936567306519 -0.9926484823226929 0
          1.8195630311965942 -1.1036008596420288 0 1.701677680015564 -1.209248423576355 0
          1.563880443572998 -1.24245285987854 0 1.3994842767715454 -1.0076031684875488 0
          0.9690694808959961 0.05362449213862419 0 0.968713641166687 0.0544198676943779 0
          0.9682090282440186 0.05516323819756508 0 0.9493380188941956 1.6114981174468994 0
          0.9830778241157532 1.8618687391281128 0 1.0378735065460205 1.7207214832305908 0
          0.4708273708820343 2.577352523803711 0 0.4351605474948883 3.0887932777404785 0
          0.42963024973869324 2.957982063293457 0 0.39305049180984497 3.4895527362823486 0
          0.36038586497306824 3.7026305198669434 0 0.3241015672683716 3.9647374153137207 0
          0.290446400642395 3.936811685562134 0 0.25453171133995056 4.057157516479492 0
          0.2191074788570404 4.435357570648193 0 0.18948499858379364 4.487655162811279 0
          0.16129499673843384 4.561581611633301 0 0.13927596807479858 4.412101745605469 0
          0.11924134194850922 4.711064338684082 0 0.10122561454772949 4.803507328033447 0
          0.09102451056241989 4.5031538009643555 0 0.07562872767448425 4.692826747894287 0
          0.06387294083833694 5.081393718719482 0 0.06199231743812561 4.651674270629883 0
          0.06919411569833755 4.055111408233643 0 0.04126128926873207 5.0612006187438965 0
          0.033939048647880554 5.465322017669678 0 0.0405166894197464 4.939220428466797 0
          0.05369620770215988 4.104889392852783 0 0.03900742158293724 5.422890663146973 0
          0.012870839796960354 5.609875202178955 0 0.006859442684799433 5.945223331451416 0
          0.004077760502696037 5.781326770782471 0 -0.00009929335647029802 5.779211521148682 0
          -0.0036749576684087515 5.795063018798828 0 -0.006529997568577528 5.807799339294434 0
          -0.008421673439443111 5.7770891189575195 0 -0.010094481520354748 5.79812479019165 0
          0.005210625473409891 -0.0006881983717903495 0 0.004720886703580618 -0.0024317405186593533 0
          0.003914376720786095 -0.005617308896034956 0 0.002410509856417775 -0.011832544580101967 0
          0.00041427064570598304 -0.021639414131641388 0 -0.002469844650477171 -0.03669069707393646 0
          -0.006299729924649 -0.05822040140628815 0 -0.011532803066074848 -0.08815888315439224 0
          -0.023614361882209778 -0.13778181374073029 0 -0.043075934052467346 -0.18625542521476746 0
          -0.08333587646484375 -0.22234170138835907 0 -0.08868982642889023 -0.26278725266456604 0
          -0.10068418830633163 -0.32558414340019226 0 -0.11356331408023834 -0.42417198419570923 0
          -0.13496553897857666 -0.5535263419151306 0 -0.16598190367221832 -0.7059656381607056 0
          -0.20415717363357544 -0.8709864020347595 0 -0.24411775171756744 -1.0337672233581543 0
          -0.2778773903846741 -1.1733834743499756 0 -0.29436883330345154 -1.2698556184768677 0
          -0.27820098400115967 -1.3007361888885498 0 -0.22484056651592255 -1.2100908756256104 0
          -0.1788271963596344 -1.2711776494979858 0 0.5299311876296997 -1.0476516485214233 0
          1.39421808719635 -0.9356410503387451 0 1.613233208656311 -0.8881106972694397 0
          1.7064472436904907 -0.8902251124382019 0 1.718545913696289 -0.9358570575714111 0
          1.6598048210144043 -0.9771403670310974 0 1.5301131010055542 -0.8777269124984741 0
          1.3209291696548462 -0.44577714800834656 0 0.9060454964637756 0.9062128067016602 0
          0.43245604634284973 1.8503609895706177 0 0.13149511814117432 2.6241328716278076 0
          -0.00007086763071129099 5.445691108703613 0 -0.0000657922646496445 5.542071342468262 0
          -0.00001774782685970422 5.599145889282227 0 0.00004022019129479304 5.671600818634033 0
          0.00009022346785059199 5.77986478805542 0 0.00012731266906484962 5.90156888961792 0
          0.00015205251111183316 5.902083873748779 0 0.23822185397148132 5.657151222229004 0
          0.22552885115146637 5.810847759246826 0 0.20661455392837524 5.954110145568848 0
          0.18493211269378662 6.080678939819336 0 0.1624864637851715 6.192863464355469 0
          0.14053836464881897 6.291766166687012 0 0.11997469514608383 6.377452850341797 0
          0.10116501897573471 6.43558931350708 0 0.09041439741849899 6.3693671226501465 0
          0.07636378705501556 6.436429023742676 0 0.06485240906476974 6.484747886657715 0
          0.05516050010919571 6.530261516571045 0 0.04721202701330185 6.570335865020752 0
          0.040770288556814194 6.608635902404785 0 0.035551197826862335 6.642980575561523 0
          0.03130936995148659 6.67741060256958 0 0.027824532240629196 6.709744930267334 0
          0.025096550583839417 6.740690231323242 0 0.023182356730103493 6.767861843109131 0
          0.022000713273882866 6.792934894561768 0 0.0214866753667593 6.822501182556152 0
          0.02146643027663231 6.8563432693481445 0 0.02179064229130745 6.890406608581543 0
          0.02221851423382759 6.922672271728516 0 0.02272430807352066 6.956058025360107 0
          0.023278966546058655 6.990571975708008 0 0.023828109726309776 7.0253801345825195 0
          0.02445671148598194 7.063008785247803 0 0.024893900379538536 7.106985092163086 0
          0 0.0034755938686430454 0 0 0.006792869884520769 0
          0 0.009396694600582123 0 0 0.011274547316133976 0
          0 0.011728744022548199 0 0 0.010455284267663956 0
          0 0.006623266264796257 0 0 -0.0006204221281222999 0
          0 -0.01207221020013094 0 0 -0.06415996700525284 0
          0 -0.05234023928642273 0 0 -0.07520955055952072 0
          0 -0.09362098574638367 0 0 -0.12470521777868271 0
          0 -0.17833194136619568 0 0 -0.26309600472450256 0
          0 -0.3825346529483795 0 0 -0.5341399312019348 0
          0 -0.710146427154541 0 0 -0.8965661525726318 0
          0 -1.0670900344848633 0 0 -1.2075055837631226 0
          0 -1.2339975833892822 0 0 -1.3300633430480957 0
          0 -1.5298330783843994 0 0 -1.2709171772003174 0
          0 -1.0942081212997437 0 0 -0.9352095127105713 0
          0 -0.6775283813476562 0 0 -0.04562285915017128 0
          0 1.4720556735992432 0 0 3.348512649536133 0
          0 4.590457439422607 0 0 5.193199634552002 0
          0 5.446365833282471 0 0 5.542825222015381 0
          0 5.5998640060424805 0 0 5.672245025634766 0
          0 5.78043270111084 0 0 5.902071475982666 0
          0 5.9024248123168945 0 0 5.902804374694824 0
          0 7.87423038482666 0 0 8.028218269348145 0
          0 8.173262596130371 0 0 8.303494453430176 0
          0 8.41909122467041 0 0 8.51852798461914 0
          0 8.605177879333496 0 0 8.67579460144043 0
          0 8.771774291992188 0 0 8.82723331451416 0
          0 8.878889083862305 0 0 8.924835205078125 0
          0 8.965904235839844 0 0 9.003373146057129 0
          0 9.03741455078125 0 0 9.068859100341797 0
          0 9.097634315490723 0 0 9.12441635131836 0
          0 9.150400161743164 0 0 9.176491737365723 0
          0 9.202530860900879 0 0 9.22879409790039 0
          0 9.255263328552246 0 0 9.281952857971191 0
          0 9.309200286865234 0 0 9.336369514465332 0
          0 9.363493919372559 0 0 9.418157577514648 0
          <InformationKey name="L2_NORM_RANGE" location="vtkDataArray" length="2">
            <Value index="0">
              0
            </Value>
            <Value index="1">
              9.4181575775
            </Value>
          </InformationKey>
        </DataArray>
        <DataArray type="Float32" Name="Solids_Velocity_2" NumberOfComponents="3" format="ascii" RangeMin="0" RangeMax="3.93106118523193">
          0.0025219465605914593 -0.0016002391930669546 0 -0.0011325847590342164 -0.0007319676224142313 0
          -0.009440972469747066 0.005706948693841696 0 -0.02381523698568344 0.02168411575257778 0
          -0.04413475841283798 0.05093260109424591 0 -0.06370838731527328 0.09196895360946655 0
          -0.17927458882331848 0.3397616147994995 0 -0.19206835329532623 0.6275774836540222 0
          -0.18963052332401276 0.9239279627799988 0 -0.1373930722475052 1.245948314666748 0
          -0.1414678692817688 1.4901082515716553 0 -0.1760665774345398 1.7302755117416382 0
          -0.22854682803153992 1.9907047748565674 0 -0.29629993438720703 2.278810501098633 0
          -0.37145158648490906 2.5973448753356934 0 -0.4476696848869324 2.9440383911132812 0
          -0.49778369069099426 3.291907787322998 0 -0.46631553769111633 3.5275135040283203 0
          -0.13892985880374908 3.4910378456115723 0 -0.013471056707203388 3.250377655029297 0
          -0.008161638863384724 2.9531590938568115 0 -0.013466473668813705 2.675856828689575 0
          0.036354437470436096 2.434382915496826 0 0.15697798132896423 2.2212746143341064 0
          0.31066736578941345 2.022770404815674 0 0.43621909618377686 1.8233537673950195 0
          0.506754994392395 1.609139084815979 0 0.5328177213668823 1.373277187347412 0
          0.5321316719055176 1.115529179573059 0 0.5203486680984497 0.8418488502502441 0
          0.5104537010192871 0.581256091594696 0 0.5035257339477539 0.40446627140045166 0
          0.4860430061817169 0.1555739939212799 0 0.47341999411582947 -1.0298221111297607 0
          0.4059593975543976 -3.7874457836151123 0 0.40618184208869934 -3.7872326374053955 0
          0.4054998457431793 -3.560774087905884 0 0.3997601866722107 -0.000008627138413430657 0
          0 0 0 0 0 0
          0 0 0 0 0 0
          0 0 0 0 0 0
          0 0 0 0 0 0
          0 0 0 0 0 0
          0 0 0 0 0 0
          0 0 0 0 0 0
          0 0 0 0 0 0
          0 0 0 0 0 0
          0 0 0 0 0 0
          0 0 0 0 0 0
          0 0 0 0 0 0
          0 0 0 0 0 0
          0 0 0 0 0 0
          0 0 0 0 0 0
          0 0 0 0 0 0
          -0.004491807427257299 0.004732110537588596 0 -0.010408283211290836 0.011014283634722233 0
          -0.022779636085033417 0.02008000947535038 0 -0.04228340834379196 0.03264966607093811 0
          -0.06965599209070206 0.05000212788581848 0 -0.10903206467628479 0.08073131740093231 0
          -0.18374069035053253 0.08481445163488388 0 -0.22301436960697174 0.10695347189903259 0
          -0.2469923049211502 0.14678534865379333 0 -0.2983800172805786 0.25600355863571167 0
          -0.3609972596168518 0.41410714387893677 0 -0.4241983890533447 0.5975489020347595 0
          -0.5014122724533081 0.792823076248169 0 -0.5906335711479187 0.9954480528831482 0
          -0.6881232857704163 1.2010853290557861 0 -0.791593611240387 1.4053889513015747 0
          -0.8489925265312195 1.5659977197647095 0 -0.818956196308136 1.8632099628448486 0
          -0.6015143394470215 1.4182720184326172 0 0.06261436641216278 1.1149042844772339 0
          0.3951050937175751 0.9288144111633301 0 0.5239324569702148 0.9003126621246338 0
          0.6133337616920471 0.9102738499641418 0 0.6988740563392639 0.89454185962677 0
          0.7790571451187134 0.8642904162406921 0 0.8411768674850464 0.8285766839981079 0
          0.8788463473320007 0.7773181796073914 0 0.893546462059021 0.6947341561317444 0
          0.8920940160751343 0.5701778531074524 0 0.8864331245422363 0.4086640775203705 0
          0.8900095224380493 0.24762165546417236 0 0.8945985436439514 0.11164858937263489 0
          0.7962552905082703 -0.20609018206596375 0 0.6189842224121094 -2.020740032196045 0
          0.5752092003822327 -3.8179068565368652 0 0.5755273699760437 -3.817587375640869 0
          0.5096846222877502 -3.5800671577453613 0 0.5057677030563354 -0.000005430279998108745 0
          0 0 0 0 0 0
          0 0 0 0 0 0
          0 0 0 0 0 0
          0 0 0 0 0 0
          0 0 0 0 0 0
          0 0 0 0 0 0
          0 0 0 0 0 0
          0 0 0 0 0 0
          0 0 0 0 0 0
          0 0 0 0 0 0
          0 0 0 0 0 0
          0 0 0 0 0 0
          0 0 0 0 0 0
          0 0 0 0 0 0
          0 0 0 0 0 0
          0 0 0 0 0 0
          -0.014268494211137295 0.006525975652039051 0 -0.021302800625562668 0.013835782185196877 0
          -0.03582049533724785 0.022651923820376396 0 -0.05854690819978714 0.03372221440076828 0
          -0.09048432111740112 0.04795949533581734 0 -0.1333320587873459 0.06465530395507812 0
          -0.18824830651283264 0.06830602139234543 0 -0.23892845213413239 0.07959608733654022 0
          -0.28979554772377014 0.10870318859815598 0 -0.35577112436294556 0.1473473757505417 0
          -0.433590292930603 0.19686323404312134 0 -0.5169740915298462 0.2603672742843628 0
          -0.6063791513442993 0.33175206184387207 0 -0.6986879110336304 0.40489184856414795 0
          -0.7907865047454834 0.47296518087387085 0 -0.870017409324646 0.523688018321991 0
          -0.9136717319488525 0.5546708106994629 0 -0.8871780633926392 0.5528680086135864 0
          -0.7547534108161926 0.06373754888772964 0 0.06190395727753639 -0.14092041552066803 0
          0.48012813925743103 -0.05049741268157959 0 0.6885766983032227 0.03668759763240814 0
          0.8388606309890747 0.11605983227491379 0 0.9561989307403564 0.18607720732688904 0
          1.048353910446167 0.24478185176849365 0 1.1174426078796387 0.28552424907684326 0
          1.1646965742111206 0.2967863976955414 0 1.191145420074463 0.2668967545032501 0
          1.2033051252365112 0.1939321756362915 0 1.2160282135009766 0.09096646308898926 0
          1.2304933071136475 -0.006761549040675163 0 1.1853504180908203 -0.17301608622074127 0
          0.9898452162742615 -0.8727555274963379 0 0.6975492238998413 -2.6161279678344727 0
          0.7227488160133362 -3.864049196243286 0 0.7229963541030884 -3.8637492656707764 0
          0.6869321465492249 -3.5807039737701416 0 0.6640053987503052 -0.000002199381697209901 0
          5.790753978793825e-17 0 0 0 0 0
          0 0 0 0 0 0
          0 0 0 0 0 0
          0 0 0 0 0 0
          0 0 0 0 0 0
          0 0 0 0 0 0
          0 0 0 0 0 0
          0 0 0 0 0 0
          0 0 0 0 0 0
          0 0 0 0 0 0
          0 0 0 0 0 0
          0 0 0 0 0 0
          0 0 0 0 0 0
          0 0 0 0 0 0
          0 0 0 0 0 0
          0 0 0 0 0 0
          -0.02007252350449562 0.0038387926761060953 0 -0.02727319486439228 0.007817588746547699 0
          -0.04205312579870224 0.012023328803479671 0 -0.06498656421899796 0.016446297988295555 0
          -0.09672293066978455 0.02082102559506893 0 -0.13769572973251343 0.024026935920119286 0
          -0.18738391995429993 0.02380106970667839 0 -0.24254179000854492 0.02656485140323639 0
          -0.30457785725593567 0.03674584627151489 0 -0.3763085901737213 0.05035947635769844 0
          -0.4564588963985443 0.06583257019519806 0 -0.5421440601348877 0.08294571191072464 0
          -0.6301162838935852 0.09917134046554565 0 -0.7151049375534058 0.11067777127027512 0
          -0.7903609871864319 0.1110159307718277 0 -0.8437053561210632 0.09402133524417877 0
          -0.8546190857887268 0.0551767572760582 0 -0.7960026860237122 -0.011253120377659798 0
          -0.6419013142585754 -0.0919879749417305 0 -0.24104870855808258 -0.450827032327652 0
          0.3307735323905945 -0.49648523330688477 0 0.6753316521644592 -0.40376734733581543 0
          0.9168721437454224 -0.3010101914405823 0 1.0973825454711914 -0.20431168377399445 0
          1.2372663021087646 -0.12357792258262634 0 1.342219352722168 -0.06845185160636902 0
          1.4160242080688477 -0.048056866973638535 0 1.4640637636184692 -0.06920451670885086 0
          1.4974218606948853 -0.12491393834352493 0 1.5210981369018555 -0.20535938441753387 0
          1.4717849493026733 -0.3135423958301544 0 1.2967814207077026 -0.6384720802307129 0
          1.0519225597381592 -1.4070501327514648 0 0.7782815098762512 -3.0832269191741943 0
          0.7510963082313538 -3.472686529159546 0 0.7512392401695251 -3.472487688064575 0
          0.7977277040481567 -3.6010560989379883 0 0.7601099014282227 -9.215006002705195e-8 0
          4.993646121609352e-12 -2.730251886796627e-18 0 1.0171999606144194e-25 0 0
          0 0 0 0 0 0
          0 0 0 0 0 0
          0 0 0 0 0 0
          0 0 0 0 0 0
          0 0 0 0 0 0
          0 0 0 0 0 0
          0 0 0 0 0 0
          0 0 0 0 0 0
          0 0 0 0 0 0
          0 0 0 0 0 0
          0 0 0 0 0 0
          0 0 0 0 0 0
          0 0 0 0 0 0
          0 0 0 0 0 0
          0 0 0 0 0 0
          -0.01921100728213787 -0.0006084527121856809 0 -0.025757916271686554 -0.001650618971325457 0
          -0.03911833465099335 -0.0035838547628372908 0 -0.05978493019938469 -0.006990823429077864 0
          -0.08823727816343307 -0.01252433005720377 0 -0.12486444413661957 -0.020909365266561508 0
          -0.1696992963552475 -0.03249626234173775 0 -0.2223871499300003 -0.04571451246738434 0
          -0.28315240144729614 -0.05996241793036461 0 -0.35254645347595215 -0.0759156346321106 0
          -0.4288288950920105 -0.09426900744438171 0 -0.5109298229217529 -0.11495571583509445 0
          -0.5955243110656738 -0.13781264424324036 0 -0.6768031716346741 -0.16306224465370178 0
          -0.7460600733757019 -0.1922658532857895 0 -0.7904736995697021 -0.2274196743965149 0
          -0.7921211123466492 -0.26874208450317383 0 -0.7279567718505859 -0.3139371871948242 0
          -0.570622444152832 -0.3606562614440918 0 -0.26935094594955444 -0.41233029961586 0
          0.23405364155769348 -0.631963312625885 0 0.6221340298652649 -0.6186307072639465 0
          0.9480645060539246 -0.5501622557640076 0 1.2040997743606567 -0.47239530086517334 0
          1.3990485668182373 -0.40840864181518555 0 1.5393407344818115 -0.36532238125801086 0
          1.6436389684677124 -0.3592739701271057 0 1.7089561223983765 -0.3894055485725403 0
          1.7273108959197998 -0.43659093976020813 0 1.6844985485076904 -0.5202440619468689 0
          1.5355710983276367 -0.7114880681037903 0 1.3154054880142212 -1.1076377630233765 0
          1.0726407766342163 -1.8634042739868164 0 0.8604934215545654 -3.4545767307281494 0
          0.8059824705123901 -3.463186502456665 0 0.8690009117126465 -3.639244318008423 0
          0.8692859411239624 -3.584373712539673 0 0.8234904408454895 0.0001691889192443341 0
          9.5188674650859e-12 1.7373783618365723e-12 0 3.1376545609522805e-25 4.4717766785298797e-26 0
          0 0 0 0 0 0
          0 0 0 0 0 0
          0 0 0 0 0 0
          0 0 0 0 0 0
          0 0 0 0 0 0
          0 0 0 0 0 0
          0 0 0 0 0 0
          0 0 0 0 0 0
          0 0 0 0 0 0
          0 0 0 0 0 0
          0 0 0 0 0 0
          0 0 0 0 0 0
          0 0 0 0 0 0
          0 0 0 0 0 0
          0 0 0 0 0 0
          -0.012601839378476143 -0.0044483826495707035 0 -0.017794009298086166 -0.009733759798109531 0
          -0.028483018279075623 -0.016841107979416847 0 -0.04494041949510574 -0.02666105329990387 0
          -0.067738838493824 -0.04023892432451248 0 -0.09731979668140411 -0.05845314636826515 0
          -0.13421905040740967 -0.08192574977874756 0 -0.17894969880580902 -0.11069026589393616 0
          -0.23129674792289734 -0.1454114019870758 0 -0.2916182279586792 -0.1859632283449173 0
          -0.3589870035648346 -0.2324313372373581 0 -0.4331972301006317 -0.28408461809158325 0
          -0.5119802951812744 -0.33953338861465454 0 -0.5904291868209839 -0.396818071603775 0
          -0.6606317758560181 -0.4534393846988678 0 -0.7111760973930359 -0.5059252381324768 0
          -0.7266066670417786 -0.5491023063659668 0 -0.6870428323745728 -0.5756033062934875 0
          -0.5683889389038086 -0.5762308835983276 0 -0.34197643399238586 -0.6201047301292419 0
          0.16241277754306793 -0.7297128438949585 0 0.6497005820274353 -0.7504008412361145 0
          1.0299726724624634 -0.7433228492736816 0 1.3137706518173218 -0.7089999914169312 0
          1.5354394912719727 -0.6702231168746948 0 1.698495864868164 -0.651786208152771 0
          1.81027352809906 -0.6569295525550842 0 1.8551812171936035 -0.6824929118156433 0
          1.8192741870880127 -0.7487891912460327 0 1.706430196762085 -0.887758195400238 0
          1.5241799354553223 -1.121553659439087 0 1.3090715408325195 -1.5362064838409424 0
          1.0833263397216797 -2.2930665016174316 0 0.9299373030662537 -3.720649242401123 0
          0.9300144910812378 -3.7201857566833496 0 0.9452720284461975 -3.6693849563598633 0
          0.9225224852561951 -3.500349521636963 0 0.8757946491241455 0.00031827844213694334 0
          7.689755082695982e-12 3.6479630080576975e-12 0 4.264201921276086e-25 2.0828331458405307e-25 0
          0 0 0 0 0 0
          0 0 0 0 0 0
          0 0 0 0 0 0
          0 0 0 0 0 0
          0 0 0 0 0 0
          0 0 0 0 0 0
          0 0 0 0 0 0
          0 0 0 0 0 0
          0 0 0 0 0 0
          0 0 0 0 0 0
          0 0 0 0 0 0
          0 0 0 0 0 0
          0 0 0 0 0 0
          0 0 0 0 0 0
          0 0 0 0 0 0
          -0.0033710601273924112 -0.006113084498792887 0 -0.0069130538031458855 -0.013448020443320274 0
          -0.013991095125675201 -0.022975392639636993 0 -0.025156866759061813 -0.03615293279290199 0
          -0.04060378670692444 -0.054071348160505295 0 -0.06104080751538277 -0.07810035347938538 0
          -0.08702582865953445 -0.10931047052145004 0 -0.11944761127233505 -0.14875462651252747 0
          -0.15839995443820953 -0.19741205871105194 0 -0.20411153137683868 -0.2555423080921173 0
          -0.25654566287994385 -0.32361090183258057 0 -0.3165612816810608 -0.4010446071624756 0
          -0.38355550169944763 -0.4862343966960907 0 -0.4546651244163513 -0.5762568712234497 0
          -0.5243545174598694 -0.6665967106819153 0 -0.584136426448822 -0.750758945941925 0
          -0.62211674451828 -0.8198421597480774 0 -0.6225807666778564 -0.8621399998664856 0
          -0.5662410259246826 -0.8632456660270691 0 -0.4316878616809845 -0.8887588977813721 0
          -0.09263596683740616 -0.9556809663772583 0 0.6578558087348938 -0.9509212970733643 0
          1.1177394390106201 -0.9516274929046631 0 1.4144474267959595 -0.9368498921394348 0
          1.6349605321884155 -0.9156182408332825 0 1.7905430793762207 -0.9089938402175903 0
          1.8798969984054565 -0.9227748513221741 0 1.885738492012024 -0.9712687730789185 0
          1.8075865507125854 -1.0824693441390991 0 1.6720495223999023 -1.2562921047210693 0
          1.495625615119934 -1.506058931350708 0 1.2960795164108276 -1.936550259590149 0
          1.0865713357925415 -2.7101452350616455 0 1.008273720741272 -3.2142558097839355 0
          1.008260726928711 -3.214028835296631 0 0.9909977316856384 -3.5717692375183105 0
          0.9719434976577759 -3.341221332550049 0 0.9196116328239441 0.0005220358725637197 0
          2.5404522235872307e-12 5.094099621294479e-12 0 1.7727252679842632e-25 4.169407464524072e-25 0
          0 0 0 0 0 0
          0 0 0 0 0 0
          0 0 0 0 0 0
          0 0 0 0 0 0
          0 0 0 0 0 0
          0 0 0 0 0 0
          0 0 0 0 0 0
          0 0 0 0 0 0
          0 0 0 0 0 0
          0 0 0 0 0 0
          0 0 0 0 0 0
          0 0 0 0 0 0
          0 0 0 0 0 0
          0 0 0 0 0 0
          0 0 0 0 0 0
          0.003988486714661121 -0.004963637329638004 0 0.0023303255438804626 -0.010905342176556587 0
          -0.0013569024158641696 -0.019451359286904335 0 -0.006855496671050787 -0.03137751296162605 0
          -0.014840674586594105 -0.04848109185695648 0 -0.025400958955287933 -0.07192956656217575 0
          -0.03928277641534805 -0.10347560793161392 0 -0.05709104239940643 -0.14463737607002258 0
          -0.07980615645647049 -0.19699880480766296 0 -0.10688620060682297 -0.26146385073661804 0
          -0.13886599242687225 -0.3395577371120453 0 -0.17708170413970947 -0.4320685863494873 0
          -0.22273819148540497 -0.5386589765548706 0 -0.27547693252563477 -0.6573870182037354 0
          -0.333015501499176 -0.7841746211051941 0 -0.3908289670944214 -0.9122915267944336 0
          -0.44159242510795593 -1.0319476127624512 0 -0.4744206666946411 -1.1301225423812866 0
          -0.47405821084976196 -1.191080927848816 0 -0.419810950756073 -1.1995576620101929 0
          -0.2818443179130554 -1.1993844509124756 0 0.07264850288629532 -1.2002074718475342 0
          0.9917446970939636 -1.17088782787323 0 1.455333948135376 -1.141867995262146 0
          1.6764142513275146 -1.1213406324386597 0 1.8033655881881714 -1.1218706369400024 0
          1.8617745637893677 -1.159621000289917 0 1.842067837715149 -1.2488315105438232 0
          1.7538269758224487 -1.3959158658981323 0 1.6223210096359253 -1.5907857418060303 0
          1.4597409963607788 -1.857407808303833 0 1.271479606628418 -2.3113927841186523 0
          1.074110984802246 -3.081660509109497 0 1.041092038154602 -3.147386312484741 0
          1.0256879329681396 -3.4960169792175293 0 1.0290656089782715 -3.3392903804779053 0
          1.016510009765625 0.00008836691995384172 0 1.30888488936165e-9 7.729907380849e-9 0
          1.6494643158797414e-19 9.985826718340954e-19 0 1.2275374547485398e-39 7.681235749076521e-39 0
          0 0 0 0 0 0
          0 0 0 0 0 0
          0 0 0 0 0 0
          0 0 0 0 0 0
          0 0 0 0 0 0
          0 0 0 0 0 0
          0 0 0 0 0 0
          0 0 0 0 0 0
          0 0 0 0 0 0
          0 0 0 0 0 0
          0 0 0 0 0 0
          0 0 0 0 0 0
          0 0 0 0 0 0
          0 0 0 0 0 0
          0 0 0 0 0 0
          0.005213715601712465 -0.0006807176396250725 0 0.004716177470982075 -0.0024436614476144314 0
          0.0039215171709656715 -0.005606914404779673 0 0.0024054362438619137 -0.011844770051538944 0
          0.00041885251994244754 -0.0216373223811388 0 -0.0024737403728067875 -0.0367184653878212 0
          -0.006300484295934439 -0.05827274173498154 0 -0.011536012403666973 -0.08822073042392731 0
          -0.018652718514204025 -0.12851721048355103 0 -0.027944087982177734 -0.18077702820301056 0
          -0.03845220059156418 -0.24722354114055634 0 -0.05191906541585922 -0.3301696479320526 0
          -0.06963752210140228 -0.4316238462924957 0 -0.0923321470618248 -0.5529089570045471 0
          -0.12087880820035934 -0.693388819694519 0 -0.1552388072013855 -0.8494760394096375 0
          -0.19368253648281097 -1.0138566493988037 0 -0.23213531076908112 -1.1746536493301392 0
          -0.2636440098285675 -1.3144171237945557 0 -0.2781720757484436 -1.4085400104522705 0
          -0.2634996175765991 -1.4208611249923706 0 -0.20887598395347595 -1.3493114709854126 0
          -0.05890647694468498 -1.4179191589355469 0 0.700680673122406 -1.3347117900848389 0
          1.5001716613769531 -1.2685561180114746 0 1.6852487325668335 -1.262642502784729 0
          1.7428141832351685 -1.3233407735824585 0 1.7308491468429565 -1.4506109952926636 0
          1.6582916975021362 -1.6302180290222168 0 1.5403203964233398 -1.8464999198913574 0
          1.3870357275009155 -2.1295759677886963 0 1.197461485862732 -2.5917367935180664 0
          1.0205005407333374 -3.2140228748321533 0 1.0200831890106201 -3.212946653366089 0
          0.9885372519493103 -2.9998607635498047 0 1.0216495990753174 -2.7866876125335693 0
          1.0318310260772705 0.0004327381029725075 0 8.964398667821172e-12 7.261660023294425e-11 0
          0.00001034363594953902 7.831012108709397e-23 0 3.5741582138371086e-8 0 0
          3.377078273753329e-16 0 0 4.6552491518552625e-32 0 0
          0 0 0 0 0 0
          0 0 0 0 0 0
          0 0 0 0 0 0
          0 0 0 0 0 0
          0 0 0 0 0 0
          0 0 0 0 0 0
          0 0 0 0 0 0
          0 0 0 0 0 0
          0 0 0 0 0 0
          0 0 0 0 0 0
          0 0 0 0 0 0
          0 0 0 0 0 0
          0 0 0 0 0 0
          0 0 0 0 0 0
          0 0.003472233423963189 0 0 0.0068002562038600445 0
          0 0.009392410516738892 0 0 0.011282789520919323 0
          0 0.011728751473128796 0 0 0.010463881306350231 0
          0 0.006634200923144817 0 0 -0.0005786898545920849 0
          0 -0.012279781512916088 0 0 -0.027942659333348274 0
          0 -0.05264168605208397 0 0 -0.08671835064888 0
          0 -0.13231489062309265 0 0 -0.1930600106716156 0
          0 -0.2727970480918884 0 0 -0.37533804774284363 0
          0 -0.5034722685813904 0 0 -0.657355785369873 0
          0 -0.8324799537658691 0 0 -1.0175082683563232 0
          0 -1.192845106124878 0 0 -1.3310667276382446 0
          0 -1.37124502658844 0 0 -1.55076265335083 0
          0 -1.7824122905731201 0 0 -1.6684093475341797 0
          0 -1.6457439661026 0 0 -1.7275735139846802 0
          0 -1.8798764944076538 0 0 -2.0638937950134277 0
          0 -2.291957139968872 0 0 -2.5465452671051025 0
          0 -2.6212198734283447 0 0 -2.6184933185577393 0
          0 -2.417879104614258 0 0 -2.279294729232788 0
          0 0.0015285953413695097 0 0 0.0003947444201912731 0
          0 0.18795271217823029 0 0 0.000001084533209905203 0
          0 9.055599592942571e-15 0 0 1.1444472880679173e-30 0
          0 0 0 0 0 0
          0 0 0 0 0 0
          0 0 0 0 0 0
          0 0 0 0 0 0
          0 0 0 0 0 0
          0 0 0 0 0 0
          0 0 0 0 0 0
          0 0 0 0 0 0
          0 0 0 0 0 0
          0 0 0 0 0 0
          0 0 0 0 0 0
          0 0 0 0 0 0
          0 0 0 0 0 0
          0 0 0 0 0 0
          <InformationKey name="L2_NORM_RANGE" location="vtkDataArray" length="2">
            <Value index="0">
              0
            </Value>
            <Value index="1">
              3.9310611852
            </Value>
          </InformationKey>
        </DataArray>
        <DataArray type="Float32" Name="Gas_temperature" format="ascii" RangeMin="1071.0233154296875" RangeMax="1243.358154296875">
          1073.1500244140625 1073.1505126953125 1073.158203125 1073.2431640625 1074.3568115234375 1074.315673828125
          1072.34619140625 1071.851318359375 1071.4979248046875 1071.0233154296875 1073.03466796875 1073.3472900390625
          1073.4007568359375 1073.3897705078125 1073.3614501953125 1073.3302001953125 1073.3001708984375 1073.26953125
          1073.230224609375 1073.1783447265625 1073.115966796875 1073.0477294921875 1072.985595703125 1072.953125
          1072.9827880859375 1073.0860595703125 1073.2154541015625 1073.310546875 1073.350830078125 1073.3453369140625
          1073.3062744140625 1073.237548828125 1073.1517333984375 1073.1104736328125 1073.1285400390625 1073.140625
          1073.141845703125 1073.14208984375 1073.142333984375 1073.142333984375 1073.142333984375 1073.142333984375
          1073.142333984375 1073.142333984375 1073.142333984375 1073.142333984375 1073.142333984375 1073.1424560546875
          1073.1424560546875 1073.1424560546875 1073.1424560546875 1073.1424560546875 1073.1424560546875 1073.142578125
          1073.142578125 1073.1427001953125 1073.1427001953125 1073.1427001953125 1073.142822265625 1073.142822265625
          1073.142822265625 1073.142822265625 1073.142822265625 1073.1429443359375 1073.1429443359375 1073.1429443359375
          1073.1429443359375 1073.1429443359375 1073.1429443359375 1073.1429443359375 1073.1500244140625 1073.150146484375
          1073.1531982421875 1073.19970703125 1082.1163330078125 1074.1671142578125 1074.095458984375 1074.17626953125
          1074.34912109375 1074.1910400390625 1073.8614501953125 1073.594482421875 1073.429443359375 1073.334228515625
          1073.28125 1073.25390625 1073.243896484375 1073.2476806640625 1073.26806640625 1073.3038330078125
          1073.324462890625 1073.3135986328125 1073.289794921875 1073.2794189453125 1073.28955078125 1073.3082275390625
          1073.32373046875 1073.3289794921875 1073.3216552734375 1073.3011474609375 1073.265869140625 1073.21044921875
          1073.1422119140625 1073.1053466796875 1073.1300048828125 1073.1392822265625 1073.1396484375 1073.1380615234375
          1073.13623046875 1073.1341552734375 1073.1319580078125 1073.1300048828125 1073.12841796875 1073.1270751953125
          1073.1259765625 1073.1251220703125 1073.12451171875 1073.1241455078125 1073.1240234375 1073.1239013671875
          1073.1239013671875 1073.1241455078125 1073.124267578125 1073.1243896484375 1073.1246337890625 1073.124755859375
          1073.125 1073.1251220703125 1073.1253662109375 1073.12548828125 1073.1256103515625 1073.125732421875
          1073.125732421875 1073.1258544921875 1073.1258544921875 1073.1259765625 1073.1259765625 1073.1259765625
          1073.1259765625 1073.1259765625 1073.1500244140625 1073.1502685546875 1073.154296875 1073.1854248046875
          1073.33203125 1073.7017822265625 1074.0107421875 1074.2550048828125 1085.20361328125 1074.78955078125
          1073.66015625 1073.2825927734375 1073.18701171875 1073.1627197265625 1073.1593017578125 1073.1629638671875
          1073.1715087890625 1073.1868896484375 1073.2144775390625 1073.267822265625 1073.2706298828125 1073.27099609375
          1073.2718505859375 1073.2750244140625 1073.27978515625 1073.2841796875 1073.2861328125 1073.283935546875
          1073.2763671875 1073.2613525390625 1073.2337646484375 1073.18701171875 1073.133056640625 1073.1080322265625
          1073.1304931640625 1073.1380615234375 1073.1390380859375 1073.136962890625 1073.1348876953125 1073.132080078125
          1073.1290283203125 1073.125732421875 1073.1224365234375 1073.119140625 1073.1160888671875 1073.1134033203125
          1073.111328125 1073.1097412109375 1073.1087646484375 1073.108154296875 1073.107666015625 1073.10693359375
          1073.106201171875 1073.1053466796875 1073.1043701171875 1073.103515625 1073.102783203125 1073.10205078125
          1073.101318359375 1073.100830078125 1073.1004638671875 1073.1002197265625 1073.10009765625 1073.0999755859375
          1073.0999755859375 1073.0999755859375 1073.10009765625 1073.1002197265625 1073.1002197265625 1073.100341796875
          1073.1500244140625 1073.151123046875 1073.1624755859375 1073.226806640625 1073.4251708984375 1073.7647705078125
          1074.102294921875 1074.41162109375 1074.7239990234375 1091.5836181640625 1074.2698974609375 1073.147216796875
          1073.113525390625 1073.118408203125 1073.1256103515625 1073.1319580078125 1073.1373291015625 1073.1429443359375
          1073.1517333984375 1073.175048828125 1073.194091796875 1073.2060546875 1073.216064453125 1073.22509765625
          1073.2330322265625 1073.2393798828125 1073.24365234375 1073.2452392578125 1073.2425537109375 1073.2313232421875
          1073.2041015625 1073.1663818359375 1073.1302490234375 1073.1146240234375 1073.1307373046875 1073.1365966796875
          1073.1385498046875 1073.1368408203125 1073.13525390625 1073.1336669921875 1073.131103515625 1073.1282958984375
          1073.1253662109375 1073.123046875 1073.1207275390625 1073.1187744140625 1073.11767578125 1073.1173095703125
          1073.117431640625 1073.117919921875 1073.1185302734375 1073.118896484375 1073.118896484375 1073.11865234375
          1073.1181640625 1073.117431640625 1073.1163330078125 1073.1148681640625 1073.1129150390625 1073.110595703125
          1073.107666015625 1073.1041259765625 1073.099853515625 1073.09521484375 1073.0902099609375 1073.0855712890625
          1073.081787109375 1073.0791015625 1073.0777587890625 1073.0772705078125 1073.150146484375 1073.1534423828125
          1073.1806640625 1073.2957763671875 1073.561279296875 1073.9127197265625 1074.2391357421875 1074.557861328125
          1081.4912109375 1084.2862548828125 1073.337890625 1073.1104736328125 1073.11279296875 1073.122802734375
          1073.1309814453125 1073.13720703125 1073.1414794921875 1073.143798828125 1073.1444091796875 1073.145263671875
          1073.15478515625 1073.1669921875 1073.178955078125 1073.1900634765625 1073.2000732421875 1073.2091064453125
          1073.216796875 1073.221435546875 1073.2191162109375 1073.2073974609375 1073.185546875 1073.156982421875
          1073.1292724609375 1073.1221923828125 1073.1304931640625 1073.13427734375 1073.13671875 1073.1356201171875
          1073.134521484375 1073.1341552734375 1073.1331787109375 1073.131591796875 1073.13037109375 1073.129150390625
          1073.1279296875 1073.1268310546875 1073.1260986328125 1073.12548828125 1073.125244140625 1073.125
          1073.12451171875 1073.124267578125 1073.12451171875 1073.1248779296875 1073.125244140625 1073.1256103515625
          1073.1258544921875 1073.1259765625 1073.1258544921875 1073.12548828125 1073.1248779296875 1073.1240234375
          1073.122802734375 1073.1212158203125 1073.1192626953125 1073.11669921875 1073.1136474609375 1073.1099853515625
          1073.105712890625 1073.100830078125 1073.150390625 1073.1572265625 1073.20068359375 1073.3475341796875
          1073.6318359375 1073.974365234375 1074.2908935546875 1076.2852783203125 1092.0506591796875 1074.7728271484375
          1073.1632080078125 1073.1104736328125 1073.1171875 1073.12744140625 1073.1361083984375 1073.14306640625
          1073.1484375 1073.152099609375 1073.1536865234375 1073.152587890625 1073.150634765625 1073.1563720703125
          1073.1656494140625 1073.17529296875 1073.185791015625 1073.1956787109375 1073.20361328125 1073.2071533203125
          1073.2039794921875 1073.1929931640625 1073.17529296875 1073.15185546875 1073.1290283203125 1073.126953125
          1073.1297607421875 1073.13134765625 1073.133056640625 1073.132568359375 1073.1318359375 1073.1322021484375
          1073.1324462890625 1073.13232421875 1073.1322021484375 1073.132080078125 1073.1318359375 1073.131591796875
          1073.1314697265625 1073.1312255859375 1073.131103515625 1073.1309814453125 1073.1309814453125 1073.1307373046875
          1073.1304931640625 1073.1302490234375 1073.1298828125 1073.129638671875 1073.1295166015625 1073.12939453125
          1073.1292724609375 1073.129150390625 1073.129150390625 1073.1290283203125 1073.12890625 1073.1287841796875
          1073.1285400390625 1073.128173828125 1073.127685546875 1073.126953125 1073.1259765625 1073.1246337890625
          1073.1505126953125 1073.15771484375 1073.201171875 1073.3421630859375 1073.6142578125 1073.954833984375
          1074.28369140625 1078.5528564453125 1092.2586669921875 1073.959716796875 1073.1795654296875 1073.1142578125
          1073.117919921875 1073.128662109375 1073.1385498046875 1073.14697265625 1073.1541748046875 1073.1597900390625
          1073.163330078125 1073.164794921875 1073.163330078125 1073.16162109375 1073.165771484375 1073.1732177734375
          1073.1822509765625 1073.1905517578125 1073.1964111328125 1073.1978759765625 1073.1939697265625 1073.1839599609375
          1073.168701171875 1073.1483154296875 1073.129638671875 1073.1292724609375 1073.1287841796875 1073.12841796875
          1073.128662109375 1073.128173828125 1073.1280517578125 1073.128662109375 1073.12939453125 1073.1298828125
          1073.130615234375 1073.131103515625 1073.131591796875 1073.1318359375 1073.132080078125 1073.13232421875
          1073.1324462890625 1073.132568359375 1073.1326904296875 1073.1328125 1073.1328125 1073.1329345703125
          1073.1328125 1073.1328125 1073.132568359375 1073.13232421875 1073.1319580078125 1073.131591796875
          1073.131103515625 1073.130615234375 1073.130126953125 1073.1295166015625 1073.1290283203125 1073.1285400390625
          1073.1279296875 1073.12744140625 1073.126953125 1073.1265869140625 1073.1502685546875 1073.154296875
          1073.18115234375 1073.2799072265625 1073.502197265625 1073.8321533203125 1074.196533203125 1074.5274658203125
          1095.4918212890625 1074.1219482421875 1073.27783203125 1073.1219482421875 1073.11376953125 1073.1251220703125
          1073.136962890625 1073.1474609375 1073.156005859375 1073.162109375 1073.1661376953125 1073.1683349609375
          1073.1689453125 1073.1683349609375 1073.16943359375 1073.174560546875 1073.181396484375 1073.1873779296875
          1073.19091796875 1073.19091796875 1073.186767578125 1073.177490234375 1073.163818359375 1073.145751953125
          1073.1331787109375 1073.131591796875 1073.1302490234375 1073.1290283203125 1073.1278076171875 1073.1265869140625
          1073.1258544921875 1073.1251220703125 1073.1246337890625 1073.1241455078125 1073.1239013671875 1073.12353515625
          1073.1231689453125 1073.122802734375 1073.1221923828125 1073.12255859375 1073.122314453125 1073.1219482421875
          1073.1214599609375 1073.120849609375 1073.1204833984375 1073.1199951171875 1073.1197509765625 1073.1201171875
          1073.12060546875 1073.1209716796875 1073.1212158203125 1073.1217041015625 1073.1220703125 1073.122314453125
          1073.1217041015625 1073.12109375 1073.120361328125 1073.1197509765625 1073.119140625 1073.1185302734375
          1073.1177978515625 1073.1168212890625 1073.1500244140625 1073.15087890625 1073.157958984375 1073.1943359375
          1073.312255859375 1073.5621337890625 1073.9248046875 1074.3162841796875 1078.8607177734375 1090.95556640625
          1076.449951171875 1073.211181640625 1073.1033935546875 1073.1119384765625 1073.1268310546875 1073.14013671875
          1073.1507568359375 1073.157958984375 1073.162353515625 1073.164794921875 1073.1663818359375 1073.1680908203125
          1073.1705322265625 1073.1749267578125 1073.1798095703125 1073.18359375 1073.185546875 1073.184814453125
          1073.1805419921875 1073.172119140625 1073.1607666015625 1073.14990234375 1073.144287109375 1073.1412353515625
          1073.1390380859375 1073.136962890625 1073.1348876953125 1073.1329345703125 1073.1312255859375 1073.1295166015625
          1073.1279296875 1073.12646484375 1073.125244140625 1073.1240234375 1073.123046875 1073.1219482421875
          1073.1209716796875 1073.1199951171875 1073.1190185546875 1073.117919921875 1073.116943359375 1073.1158447265625
          1073.11474609375 1073.113525390625 1073.1124267578125 1073.1112060546875 1073.1099853515625 1073.1087646484375
          1073.1072998046875 1073.105712890625 1073.10400390625 1073.1021728515625 1073.1002197265625 1073.098388671875
          1073.0965576171875 1073.0947265625 1073.093017578125 1073.0914306640625 1073.0899658203125 1073.0885009765625
          1073.1500244140625 1073.1500244140625 1073.1502685546875 1073.1517333984375 1073.159912109375 1073.200927734375
          1073.3685302734375 1073.8553466796875 1074.77197265625 1243.358154296875 1077.6973876953125 1090.5830078125
          1073.496337890625 1073.0751953125 1073.090087890625 1073.1124267578125 1073.1318359375 1073.1461181640625
          1073.15478515625 1073.158935546875 1073.160400390625 1073.161376953125 1073.1632080078125 1073.1666259765625
          1073.1710205078125 1073.1741943359375 1073.17529296875 1073.1744384765625 1073.1708984375 1073.1644287109375
          1073.157470703125 1073.15283203125 1073.1495361328125 1073.146728515625 1073.14404296875 1073.1414794921875
          1073.13916015625 1073.136962890625 1073.135009765625 1073.1331787109375 1073.131591796875 1073.130126953125
          1073.1287841796875 1073.1275634765625 1073.1263427734375 1073.125244140625 1073.1241455078125 1073.1231689453125
          1073.1221923828125 1073.1212158203125 1073.1202392578125 1073.1192626953125 1073.1182861328125 1073.117431640625
          1073.116455078125 1073.115478515625 1073.114501953125 1073.113525390625 1073.112548828125 1073.111572265625
          1073.110595703125 1073.1094970703125 1073.1085205078125 1073.107421875 1073.1063232421875 1073.1051025390625
          1073.10400390625 1073.102783203125 1073.1015625 1073.1002197265625
        </DataArray>
        <DataArray type="Float32" Name="Solids_temperature_1" format="ascii" RangeMin="927.2610473632812" RangeMax="1075.249267578125">
          1073.1500244140625 1073.1500244140625 1073.1500244140625 1073.23193359375 1073.802734375 931.4085693359375
          927.2610473632812 944.5824584960938 948.7703247070312 947.0879516601562 1048.5693359375 1068.3221435546875
          1072.36767578125 1073.1817626953125 1073.3209228515625 1073.3228759765625 1073.2989501953125 1073.2689208984375
          1073.2288818359375 1073.17578125 1073.1114501953125 1073.041259765625 1072.9796142578125 1072.949951171875
          1072.9791259765625 1073.072509765625 1073.193115234375 1073.29150390625 1073.3421630859375 1073.344970703125
          1073.3084716796875 1073.2391357421875 1073.1522216796875 1073.1107177734375 1073.1168212890625 1073.140625
          1073.141845703125 1073.14208984375 1073.142333984375 1073.1419677734375 1073.1427001953125 1073.1424560546875
          1073.098876953125 1073.1182861328125 1073.12890625 1073.144287109375 1073.1500244140625 1073.1500244140625
          1073.1500244140625 1073.1500244140625 1073.1500244140625 1073.1500244140625 1073.1500244140625 1073.1500244140625
          1073.1500244140625 1073.1500244140625 1073.1500244140625 1073.1500244140625 1073.1500244140625 1073.1500244140625
          1073.1500244140625 1073.1500244140625 1073.1500244140625 1073.1500244140625 1073.1500244140625 1073.1500244140625
          1073.1500244140625 1073.1500244140625 1073.1500244140625 1073.1500244140625 1073.1500244140625 1073.1500244140625
          1073.1500244140625 1073.1500244140625 1073.254150390625 1074.191650390625 927.67333984375 1010.7902221679688
          1074.2503662109375 1074.174072265625 1073.8519287109375 1073.587890625 1073.426025390625 1073.332763671875
          1073.2808837890625 1073.25390625 1073.244140625 1073.2481689453125 1073.26904296875 1073.3006591796875
          1073.317626953125 1073.3125 1073.293701171875 1073.2789306640625 1073.2803955078125 1073.296142578125
          1073.3155517578125 1073.326416015625 1073.3226318359375 1073.3028564453125 1073.26708984375 1073.211181640625
          1073.142578125 1073.1053466796875 1073.1119384765625 1073.1392822265625 1073.1397705078125 1073.1385498046875
          1073.138671875 1073.1395263671875 1073.1392822265625 1072.95361328125 1073.0361328125 1073.046630859375
          1073.0594482421875 1073.1494140625 1073.1500244140625 1073.1500244140625 1073.1500244140625 1073.1500244140625
          1073.1500244140625 1073.1500244140625 1073.1500244140625 1073.1500244140625 1073.1500244140625 1073.1500244140625
          1073.1500244140625 1073.1500244140625 1073.1500244140625 1073.1500244140625 1073.1500244140625 1073.1500244140625
          1073.1500244140625 1073.1500244140625 1073.1500244140625 1073.1500244140625 1073.1500244140625 1073.1500244140625
          1073.1500244140625 1073.1500244140625 1073.1500244140625 1073.1500244140625 1073.1500244140625 1073.1500244140625
          1073.172607421875 1073.7000732421875 1074.0084228515625 1074.252197265625 1074.263671875 1074.276611328125
          1073.57861328125 1073.2783203125 1073.1864013671875 1073.16259765625 1073.1593017578125 1073.162841796875
          1073.17138671875 1073.1865234375 1073.2138671875 1073.2645263671875 1073.271240234375 1073.27197265625
          1073.2725830078125 1073.2750244140625 1073.279541015625 1073.284423828125 1073.287353515625 1073.28564453125
          1073.27783203125 1073.26220703125 1073.234375 1073.1881103515625 1073.1328125 1073.108154296875
          1073.1129150390625 1073.13818359375 1073.13916015625 1073.1375732421875 1073.1373291015625 1073.13818359375
          1073.139404296875 1072.9111328125 1072.997802734375 1073.009521484375 1073.146728515625 1073.1500244140625
          1073.1500244140625 1073.1500244140625 1073.1500244140625 1073.1500244140625 1073.1500244140625 1073.1500244140625
          1073.1500244140625 1073.1500244140625 1073.1500244140625 1073.1500244140625 1073.1500244140625 1073.1500244140625
          1073.1500244140625 1073.1500244140625 1073.1500244140625 1073.1500244140625 1073.1500244140625 1073.1500244140625
          1073.1500244140625 1073.1500244140625 1073.1500244140625 1073.1500244140625 1073.1500244140625 1073.1500244140625
          1073.1500244140625 1073.1500244140625 1073.1500244140625 1073.1500244140625 1073.2080078125 1073.7642822265625
          1074.1011962890625 1074.41015625 1074.854248046875 1074.8546142578125 1073.317138671875 1073.12939453125
          1073.113525390625 1073.1185302734375 1073.1256103515625 1073.1319580078125 1073.1373291015625 1073.1429443359375
          1073.1514892578125 1073.1744384765625 1073.19384765625 1073.2061767578125 1073.216552734375 1073.2259521484375
          1073.234130859375 1073.240478515625 1073.2447509765625 1073.2462158203125 1073.2432861328125 1073.2320556640625
          1073.204345703125 1073.1658935546875 1073.1302490234375 1073.114501953125 1073.1177978515625 1073.1365966796875
          1073.1385498046875 1073.1370849609375 1073.135498046875 1073.136962890625 1073.138427734375 1073.13671875
          1073.0118408203125 1073.045654296875 1073.1475830078125 1073.1500244140625 1073.1500244140625 1073.1500244140625
          1073.1500244140625 1073.1500244140625 1073.1500244140625 1073.1500244140625 1073.1500244140625 1073.1500244140625
          1073.1500244140625 1073.1500244140625 1073.1500244140625 1073.1500244140625 1073.1500244140625 1073.1500244140625
          1073.1500244140625 1073.1500244140625 1073.1500244140625 1073.1500244140625 1073.1500244140625 1073.1500244140625
          1073.1500244140625 1073.1500244140625 1073.1500244140625 1073.1500244140625 1073.1500244140625 1073.1500244140625
          1073.1500244140625 1073.1531982421875 1073.56103515625 1073.91259765625 1074.2388916015625 1074.557373046875
          1074.47509765625 1074.0462646484375 1073.1597900390625 1073.1077880859375 1073.1129150390625 1073.122802734375
          1073.131103515625 1073.1373291015625 1073.1416015625 1073.1439208984375 1073.14453125 1073.1453857421875
          1073.154541015625 1073.1666259765625 1073.1787109375 1073.18994140625 1073.2001953125 1073.2093505859375
          1073.217041015625 1073.2218017578125 1073.2193603515625 1073.2073974609375 1073.1851806640625 1073.156494140625
          1073.1292724609375 1073.1220703125 1073.123779296875 1073.1343994140625 1073.1368408203125 1073.1356201171875
          1073.131591796875 1073.134521484375 1073.1365966796875 1073.1346435546875 1073.01953125 1073.1317138671875
          1073.1500244140625 1073.1500244140625 1073.1500244140625 1073.1500244140625 1073.1500244140625 1073.1500244140625
          1073.1500244140625 1073.1500244140625 1073.1500244140625 1073.1500244140625 1073.1500244140625 1073.1500244140625
          1073.1500244140625 1073.1500244140625 1073.1500244140625 1073.1500244140625 1073.1500244140625 1073.1500244140625
          1073.1500244140625 1073.1500244140625 1073.1500244140625 1073.1500244140625 1073.1500244140625 1073.1500244140625
          1073.1500244140625 1073.1500244140625 1073.1500244140625 1073.1500244140625 1073.1500244140625 1073.1800537109375
          1073.6317138671875 1073.974365234375 1074.290771484375 1075.2149658203125 1075.2301025390625 1073.4698486328125
          1073.146484375 1073.110595703125 1073.1171875 1073.1275634765625 1073.13623046875 1073.14306640625
          1073.1485595703125 1073.1522216796875 1073.15380859375 1073.15283203125 1073.150634765625 1073.1561279296875
          1073.1654052734375 1073.175048828125 1073.185546875 1073.195556640625 1073.2037353515625 1073.207275390625
          1073.203857421875 1073.1927490234375 1073.1746826171875 1073.1512451171875 1073.1292724609375 1073.1260986328125
          1073.1298828125 1073.1314697265625 1073.1331787109375 1073.132568359375 1073.1312255859375 1073.1351318359375
          1073.1346435546875 1073.1339111328125 1073.133544921875 1073.1326904296875 1073.1319580078125 1073.131591796875
          1073.1314697265625 1073.1492919921875 1073.14990234375 1073.1500244140625 1073.1500244140625 1073.1500244140625
          1073.1500244140625 1073.14990234375 1073.1470947265625 1073.129638671875 1073.1295166015625 1073.12939453125
          1073.1497802734375 1073.1500244140625 1073.1500244140625 1073.1500244140625 1073.1500244140625 1073.1500244140625
          1073.1500244140625 1073.1500244140625 1073.1500244140625 1073.1500244140625 1073.1500244140625 1073.1500244140625
          1073.1500244140625 1073.1500244140625 1073.1500244140625 1073.1800537109375 1073.614013671875 1073.954833984375
          1074.28369140625 1075.1663818359375 1075.1785888671875 1073.4979248046875 1073.17431640625 1073.1143798828125
          1073.117919921875 1073.128662109375 1073.1385498046875 1073.1470947265625 1073.1541748046875 1073.1597900390625
          1073.1634521484375 1073.1649169921875 1073.1636962890625 1073.1617431640625 1073.165771484375 1073.1729736328125
          1073.1820068359375 1073.1905517578125 1073.1964111328125 1073.1978759765625 1073.1937255859375 1073.1834716796875
          1073.1678466796875 1073.1475830078125 1073.1304931640625 1073.1312255859375 1073.1290283203125 1073.128662109375
          1073.1287841796875 1073.1282958984375 1073.1280517578125 1073.118408203125 1073.1339111328125 1073.1334228515625
          1073.1326904296875 1073.1322021484375 1073.1319580078125 1073.132080078125 1073.1322021484375 1073.1324462890625
          1073.132568359375 1073.132568359375 1073.1326904296875 1073.1328125 1073.1328125 1073.1329345703125
          1073.1328125 1073.1328125 1073.132568359375 1073.13232421875 1073.1319580078125 1073.1312255859375
          1073.0577392578125 1073.04541015625 1073.069580078125 1073.0286865234375 1073.0263671875 1073.046875
          1072.998779296875 1073.0135498046875 1073.0328369140625 1072.9970703125 1073.1500244140625 1073.1500244140625
          1073.1500244140625 1073.1553955078125 1073.5018310546875 1073.83203125 1074.196533203125 1074.52734375
          1075.0009765625 1073.7459716796875 1073.2716064453125 1073.1220703125 1073.11376953125 1073.1251220703125
          1073.136962890625 1073.1474609375 1073.156005859375 1073.1622314453125 1073.166259765625 1073.16845703125
          1073.1690673828125 1073.16845703125 1073.16943359375 1073.174560546875 1073.181396484375 1073.187255859375
          1073.1907958984375 1073.1907958984375 1073.1864013671875 1073.1768798828125 1073.1629638671875 1073.1453857421875
          1073.1339111328125 1073.1331787109375 1073.1319580078125 1073.129150390625 1073.1279296875 1073.126708984375
          1073.1259765625 1073.125244140625 1073.124755859375 1073.124267578125 1073.1239013671875 1073.1236572265625
          1073.123291015625 1073.1229248046875 1073.122314453125 1073.12255859375 1073.122314453125 1073.1219482421875
          1073.1214599609375 1073.120849609375 1073.1204833984375 1073.1199951171875 1073.1197509765625 1073.1201171875
          1073.1207275390625 1073.12109375 1073.121337890625 1073.121826171875 1073.1221923828125 1073.122314453125
          1073.121826171875 1073.1212158203125 1073.12060546875 1073.1199951171875 1073.119384765625 1073.11865234375
          1073.1177978515625 1073.1168212890625 1073.1500244140625 1073.1500244140625 1073.1500244140625 1073.1500244140625
          1073.16796875 1073.5618896484375 1073.9248046875 1074.3162841796875 1075.203857421875 1075.2491455078125
          1073.78076171875 1073.173583984375 1073.1031494140625 1073.112060546875 1073.126708984375 1073.14013671875
          1073.150634765625 1073.157958984375 1073.1624755859375 1073.1649169921875 1073.16650390625 1073.168212890625
          1073.1705322265625 1073.1749267578125 1073.1796875 1073.18359375 1073.185546875 1073.1846923828125
          1073.18017578125 1073.171630859375 1073.16015625 1073.1484375 1073.1441650390625 1073.1407470703125
          1073.143310546875 1073.1407470703125 1073.138427734375 1073.1363525390625 1073.1343994140625 1073.1326904296875
          1073.131103515625 1073.126708984375 1073.1253662109375 1073.124267578125 1073.1231689453125 1073.1220703125
          1073.12109375 1073.1201171875 1073.119140625 1073.1180419921875 1073.1170654296875 1073.115966796875
          1073.1148681640625 1073.1136474609375 1073.112548828125 1073.111328125 1073.110107421875 1073.10888671875
          1073.107421875 1073.1058349609375 1073.1041259765625 1073.102294921875 1073.100341796875 1073.0985107421875
          1073.0966796875 1073.0948486328125 1073.0931396484375 1073.091552734375 1073.0899658203125 1073.088623046875
          1073.1500244140625 1073.1500244140625 1073.1500244140625 1073.1500244140625 1073.1500244140625 1073.150146484375
          1073.1519775390625 1073.158447265625 1073.2236328125 1075.249267578125 1074.1649169921875 1074.5382080078125
          1073.1201171875 1073.070068359375 1073.0897216796875 1073.1123046875 1073.1318359375 1073.1461181640625
          1073.1549072265625 1073.1590576171875 1073.1605224609375 1073.1614990234375 1073.1632080078125 1073.16650390625
          1073.1708984375 1073.173828125 1073.1748046875 1073.173828125 1073.170166015625 1073.163818359375
          1073.15673828125 1073.1527099609375 1073.14990234375 1073.1475830078125 1073.145263671875 1073.14306640625
          1073.1409912109375 1073.138916015625 1073.136962890625 1073.1351318359375 1073.133544921875 1073.132080078125
          1073.12890625 1073.127685546875 1073.12646484375 1073.1253662109375 1073.124267578125 1073.123291015625
          1073.122314453125 1073.121337890625 1073.120361328125 1073.119384765625 1073.118408203125 1073.1175537109375
          1073.1165771484375 1073.1156005859375 1073.1146240234375 1073.1136474609375 1073.1126708984375 1073.1116943359375
          1073.1107177734375 1073.1097412109375 1073.108642578125 1073.1075439453125 1073.1064453125 1073.1053466796875
          1073.1041259765625 1073.1029052734375 1073.1016845703125 1073.1004638671875
        </DataArray>
        <DataArray type="Float32" Name="Solids_temperature_2" format="ascii" RangeMin="1072.7144775390625" RangeMax="1075.64013671875">
          1073.1500244140625 1073.1505126953125 1073.158203125 1073.24267578125 1074.302490234375 1074.314697265625
          1073.6873779296875 1073.4764404296875 1073.3648681640625 1073.2237548828125 1073.3321533203125 1073.3970947265625
          1073.4090576171875 1073.3909912109375 1073.3614501953125 1073.3299560546875 1073.2999267578125 1073.269287109375
          1073.2301025390625 1073.17822265625 1073.115966796875 1073.0479736328125 1072.9859619140625 1072.952880859375
          1072.9827880859375 1073.0897216796875 1073.2225341796875 1073.3155517578125 1073.3524169921875 1073.34521484375
          1073.3057861328125 1073.2373046875 1073.151611328125 1073.1103515625 1073.1307373046875 1073.1324462890625
          1073.141845703125 1073.14208984375 1073.1427001953125 1073.1407470703125 1073.1290283203125 1073.1429443359375
          1073.1204833984375 1072.8233642578125 1072.7523193359375 1073.1500244140625 1073.1500244140625 1073.1500244140625
          1073.1500244140625 1073.1500244140625 1073.1500244140625 1073.1500244140625 1073.1500244140625 1073.1500244140625
          1073.1500244140625 1073.1500244140625 1073.1500244140625 1073.1500244140625 1073.1500244140625 1073.1500244140625
          1073.1500244140625 1073.1500244140625 1073.1500244140625 1073.1500244140625 1073.1500244140625 1073.1500244140625
          1073.1500244140625 1073.1500244140625 1073.1500244140625 1073.1500244140625 1073.1500244140625 1073.150146484375
          1073.1531982421875 1073.199462890625 1074.2628173828125 1074.0809326171875 1074.082275390625 1074.1663818359375
          1074.3497314453125 1074.19140625 1073.8612060546875 1073.59423828125 1073.42919921875 1073.333984375
          1073.2811279296875 1073.25390625 1073.243896484375 1073.2476806640625 1073.2681884765625 1073.304443359375
          1073.3262939453125 1073.313720703125 1073.2879638671875 1073.2779541015625 1073.2891845703125 1073.3092041015625
          1073.3248291015625 1073.329345703125 1073.321533203125 1073.3009033203125 1073.2657470703125 1073.2103271484375
          1073.142333984375 1073.1053466796875 1073.1339111328125 1073.1348876953125 1073.1397705078125 1073.1385498046875
          1073.1387939453125 1073.139892578125 1073.1295166015625 1072.953125 1073.0430908203125 1072.83740234375
          1072.7396240234375 1073.1500244140625 1073.1500244140625 1073.1500244140625 1073.1500244140625 1073.1500244140625
          1073.1500244140625 1073.1500244140625 1073.1500244140625 1073.1500244140625 1073.1500244140625 1073.1500244140625
          1073.1500244140625 1073.1500244140625 1073.1500244140625 1073.1500244140625 1073.1500244140625 1073.1500244140625
          1073.1500244140625 1073.1500244140625 1073.1500244140625 1073.1500244140625 1073.1500244140625 1073.1500244140625
          1073.1500244140625 1073.1500244140625 1073.1500244140625 1073.1502685546875 1073.154296875 1073.1854248046875
          1073.3314208984375 1073.6998291015625 1074.00830078125 1074.252197265625 1074.740478515625 1074.2271728515625
          1073.5843505859375 1073.280517578125 1073.186767578125 1073.1627197265625 1073.159423828125 1073.1630859375
          1073.171630859375 1073.18701171875 1073.2147216796875 1073.2686767578125 1073.2708740234375 1073.2711181640625
          1073.27197265625 1073.275146484375 1073.2799072265625 1073.2843017578125 1073.2861328125 1073.2838134765625
          1073.2762451171875 1073.26123046875 1073.2337646484375 1073.18701171875 1073.133056640625 1073.108154296875
          1073.1373291015625 1073.137451171875 1073.13916015625 1073.1376953125 1073.137451171875 1073.138916015625
          1073.1312255859375 1072.9202880859375 1072.9990234375 1072.83837890625 1073.1500244140625 1073.1500244140625
          1073.1500244140625 1073.1500244140625 1073.1500244140625 1073.1500244140625 1073.1500244140625 1073.1500244140625
          1073.1500244140625 1073.1500244140625 1073.1500244140625 1073.1500244140625 1073.1500244140625 1073.1500244140625
          1073.1500244140625 1073.1500244140625 1073.1500244140625 1073.1500244140625 1073.1500244140625 1073.1500244140625
          1073.1500244140625 1073.1500244140625 1073.1500244140625 1073.1500244140625 1073.1500244140625 1073.1500244140625
          1073.1500244140625 1073.151123046875 1073.1624755859375 1073.226806640625 1073.4251708984375 1073.764404296875
          1074.101318359375 1074.4102783203125 1074.648681640625 1074.0986328125 1073.2757568359375 1073.1279296875
          1073.1134033203125 1073.1185302734375 1073.125732421875 1073.132080078125 1073.137451171875 1073.14306640625
          1073.15185546875 1073.1751708984375 1073.1943359375 1073.2061767578125 1073.2161865234375 1073.2252197265625
          1073.2330322265625 1073.2392578125 1073.2435302734375 1073.2452392578125 1073.2425537109375 1073.2313232421875
          1073.2041015625 1073.16650390625 1073.1304931640625 1073.1146240234375 1073.1397705078125 1073.139404296875
          1073.138671875 1073.1373291015625 1073.1351318359375 1073.13720703125 1072.92529296875 1072.9205322265625
          1072.991943359375 1072.888427734375 1073.1500244140625 1073.1500244140625 1073.1500244140625 1073.1500244140625
          1073.1500244140625 1073.1500244140625 1073.1500244140625 1073.1500244140625 1073.1500244140625 1073.1500244140625
          1073.1500244140625 1073.1500244140625 1073.1500244140625 1073.1500244140625 1073.1500244140625 1073.1500244140625
          1073.1500244140625 1073.1500244140625 1073.1500244140625 1073.1500244140625 1073.1500244140625 1073.1500244140625
          1073.1500244140625 1073.1500244140625 1073.1500244140625 1073.1500244140625 1073.150146484375 1073.1534423828125
          1073.1807861328125 1073.2958984375 1073.5614013671875 1073.912841796875 1074.2391357421875 1074.5576171875
          1074.727783203125 1073.60400390625 1073.151611328125 1073.107666015625 1073.1129150390625 1073.1229248046875
          1073.1312255859375 1073.1373291015625 1073.1416015625 1073.1439208984375 1073.14453125 1073.1453857421875
          1073.1549072265625 1073.1671142578125 1073.1790771484375 1073.190185546875 1073.2000732421875 1073.2091064453125
          1073.216796875 1073.221435546875 1073.2191162109375 1073.2073974609375 1073.1856689453125 1073.1572265625
          1073.129638671875 1073.122802734375 1073.131103515625 1073.1343994140625 1073.1368408203125 1073.1353759765625
          1073.12890625 1073.133544921875 1072.885009765625 1072.9061279296875 1072.9444580078125 1072.935546875
          1073.1500244140625 1073.1500244140625 1073.1500244140625 1073.1500244140625 1073.1500244140625 1073.1500244140625
          1073.1500244140625 1073.1500244140625 1073.1500244140625 1073.1500244140625 1073.1500244140625 1073.1500244140625
          1073.1500244140625 1073.1500244140625 1073.1500244140625 1073.1500244140625 1073.1500244140625 1073.1500244140625
          1073.1500244140625 1073.1500244140625 1073.1500244140625 1073.1500244140625 1073.1500244140625 1073.1500244140625
          1073.1500244140625 1073.1500244140625 1073.150390625 1073.1572265625 1073.20068359375 1073.3475341796875
          1073.6319580078125 1073.9744873046875 1074.2908935546875 1074.5810546875 1074.5916748046875 1073.418212890625
          1073.1455078125 1073.110595703125 1073.1173095703125 1073.127685546875 1073.1363525390625 1073.1431884765625
          1073.1485595703125 1073.1522216796875 1073.15380859375 1073.1527099609375 1073.1507568359375 1073.156494140625
          1073.165771484375 1073.175537109375 1073.1859130859375 1073.19580078125 1073.2037353515625 1073.207275390625
          1073.2039794921875 1073.193115234375 1073.1754150390625 1073.1522216796875 1073.1298828125 1073.1304931640625
          1073.13037109375 1073.1314697265625 1073.13330078125 1073.1319580078125 1073.1280517578125 1073.131591796875
          1072.882568359375 1072.8155517578125 1072.817626953125 1073.1322021484375 1073.1500244140625 1073.1500244140625
          1073.1500244140625 1073.1500244140625 1073.1500244140625 1073.1500244140625 1073.1500244140625 1073.1500244140625
          1073.1500244140625 1073.1500244140625 1073.1500244140625 1073.1500244140625 1073.1500244140625 1073.1500244140625
          1073.1500244140625 1073.1500244140625 1073.1500244140625 1073.1500244140625 1073.1500244140625 1073.1500244140625
          1073.1500244140625 1073.1500244140625 1073.1500244140625 1073.1500244140625 1073.1500244140625 1073.1500244140625
          1073.1505126953125 1073.15771484375 1073.2012939453125 1073.34228515625 1073.6143798828125 1073.9549560546875
          1074.283935546875 1074.57958984375 1074.526611328125 1073.480712890625 1073.174072265625 1073.1143798828125
          1073.1180419921875 1073.1287841796875 1073.138671875 1073.147216796875 1073.154296875 1073.159912109375
          1073.16357421875 1073.1649169921875 1073.16357421875 1073.161865234375 1073.1658935546875 1073.17333984375
          1073.182373046875 1073.190673828125 1073.196533203125 1073.197998046875 1073.194091796875 1073.18408203125
          1073.1689453125 1073.149169921875 1073.1312255859375 1073.1361083984375 1073.13525390625 1073.1287841796875
          1073.1297607421875 1073.130126953125 1073.13134765625 1073.1298828125 1072.760498046875 1072.7412109375
          1072.735107421875 1073.142822265625 1073.1500244140625 1073.1500244140625 1073.1500244140625 1073.1500244140625
          1073.1500244140625 1073.1500244140625 1073.1500244140625 1073.1500244140625 1073.1500244140625 1073.1500244140625
          1073.1500244140625 1073.1500244140625 1073.1500244140625 1073.1500244140625 1073.1500244140625 1073.1500244140625
          1073.1500244140625 1073.1500244140625 1073.1500244140625 1073.1500244140625 1073.1500244140625 1073.1500244140625
          1073.1500244140625 1073.1500244140625 1073.1500244140625 1073.1500244140625 1073.1502685546875 1073.154296875
          1073.18115234375 1073.2799072265625 1073.5023193359375 1073.832275390625 1074.1966552734375 1074.527587890625
          1074.7103271484375 1073.740966796875 1073.2718505859375 1073.1220703125 1073.1138916015625 1073.1253662109375
          1073.13720703125 1073.1475830078125 1073.1561279296875 1073.162353515625 1073.166259765625 1073.16845703125
          1073.1690673828125 1073.16845703125 1073.1695556640625 1073.1748046875 1073.181640625 1073.1875
          1073.1910400390625 1073.1910400390625 1073.1868896484375 1073.1776123046875 1073.1641845703125 1073.1470947265625
          1073.1339111328125 1073.13427734375 1073.1304931640625 1073.129638671875 1073.1302490234375 1073.1324462890625
          1073.133544921875 1072.87939453125 1072.7220458984375 1072.7144775390625 1073.0950927734375 1073.1212158203125
          1073.1500244140625 1073.1500244140625 1073.1500244140625 1073.1500244140625 1073.1500244140625 1073.1500244140625
          1073.1500244140625 1073.1500244140625 1073.1500244140625 1073.1500244140625 1073.1500244140625 1073.1500244140625
          1073.1500244140625 1073.1500244140625 1073.1500244140625 1073.1500244140625 1073.1500244140625 1073.1500244140625
          1073.1500244140625 1073.1500244140625 1073.1500244140625 1073.1500244140625 1073.1500244140625 1073.1500244140625
          1073.1500244140625 1073.1500244140625 1073.1500244140625 1073.15087890625 1073.157958984375 1073.1943359375
          1073.312255859375 1073.562255859375 1073.925048828125 1074.3165283203125 1074.6612548828125 1074.595947265625
          1073.6793212890625 1073.1728515625 1073.10302734375 1073.1121826171875 1073.126953125 1073.140380859375
          1073.15087890625 1073.1580810546875 1073.1624755859375 1073.1649169921875 1073.1666259765625 1073.1683349609375
          1073.170654296875 1073.175048828125 1073.179931640625 1073.183837890625 1073.185791015625 1073.1849365234375
          1073.1806640625 1073.1722412109375 1073.1602783203125 1073.14599609375 1073.138427734375 1073.1390380859375
          1073.13916015625 1073.1373291015625 1073.13623046875 1073.13720703125 1073.1212158203125 1072.892822265625
          1072.7547607421875 1072.857666015625 1072.9041748046875 1072.947998046875 1073.0400390625 1073.0535888671875
          1073.14697265625 1073.1495361328125 1073.1500244140625 1073.1500244140625 1073.1500244140625 1073.1497802734375
          1073.1488037109375 1073.1492919921875 1073.14892578125 1073.1495361328125 1073.149658203125 1073.14990234375
          1073.1483154296875 1073.1419677734375 1073.1380615234375 1073.1407470703125 1073.1470947265625 1073.14990234375
          1073.1500244140625 1073.14990234375 1073.1485595703125 1073.1478271484375 1073.149658203125 1073.1500244140625
          1073.1500244140625 1073.1500244140625 1073.1502685546875 1073.1517333984375 1073.159912109375 1073.200927734375
          1073.36865234375 1073.8555908203125 1074.7723388671875 1075.64013671875 1074.9796142578125 1073.8651123046875
          1073.1044921875 1073.0699462890625 1073.0899658203125 1073.112548828125 1073.1319580078125 1073.146240234375
          1073.155029296875 1073.1590576171875 1073.1605224609375 1073.1614990234375 1073.163330078125 1073.166748046875
          1073.1712646484375 1073.17431640625 1073.175537109375 1073.1746826171875 1073.171142578125 1073.1640625
          1073.15478515625 1073.1463623046875 1073.1446533203125 1073.1453857421875 1073.1441650390625 1073.141357421875
          1073.138427734375 1073.138671875 1073.135009765625 1072.912841796875 1072.871826171875 1072.8709716796875
          1072.8701171875 1072.8695068359375 1072.868896484375 1072.8670654296875 1072.868408203125 1072.8719482421875
          1072.883056640625 1072.9105224609375 1072.9425048828125 1072.9766845703125 1072.9886474609375 1072.9923095703125
          1072.989013671875 1072.971435546875 1072.954833984375 1072.9539794921875 1072.962646484375 1072.968994140625
          1072.9747314453125 1072.9814453125 1072.993408203125 1073.0211181640625 1073.044921875 1073.05419921875
          1073.057861328125 1073.056640625 1073.0543212890625 1073.0545654296875
        </DataArray>
        <DataArray type="Float32" Name="O2_Gas_mass_fractions_1" format="ascii" RangeMin="4.235700235000195e-9" RangeMax="0.23999999463558197">
          0.23999999463558197 0.2399977296590805 0.2397581785917282 0.22622236609458923 0.000009024177415994927 3.9123875694713206e-8
          1.9801607464842164e-8 1.5704380018632946e-8 1.4207810927757691e-8 1.3628320694181184e-8 1.7811041530535476e-8 2.2558214851642333e-8
          2.774311269604368e-8 3.315743413168093e-8 3.860835917635086e-8 4.39506706584325e-8 4.9164839310833486e-8 5.454380058722563e-8
          6.074098735098232e-8 6.88861661046758e-8 7.781981281596018e-8 8.486637881333081e-8 8.942988927174156e-8 9.222627994631694e-8
          9.411418488980416e-8 9.551806812169161e-8 9.663172306773049e-8 9.751149576686657e-8 9.806675649315366e-8 9.797239641784472e-8
          9.666170797117957e-8 9.380415377790996e-8 9.004598666706443e-8 8.59761613014598e-8 5.182112161605801e-8 1.132942006876192e-8
          4.895487126788112e-9 4.440647849435209e-9 4.441230494478532e-9 4.45101067114706e-9 4.4565502399507295e-9 4.458967417519943e-9
          4.459120184208132e-9 4.457591629147828e-9 4.454785873519995e-9 4.450985358062098e-9 4.4463912551861995e-9 4.441152778866808e-9
          4.435388945012164e-9 4.429202338229743e-9 4.422675115023367e-9 4.412474385873111e-9 4.395701580506284e-9 4.376439211029037e-9
          4.356693672491474e-9 4.337509018625951e-9 4.319489210757865e-9 4.303032152819242e-9 4.288411847852558e-9 4.275796161579137e-9
          4.265235720168903e-9 4.256667018864846e-9 4.249933738265099e-9 4.244819162835256e-9 4.2410861489372564e-9 4.238505546538818e-9
          4.2368744068710384e-9 4.236005768376572e-9 4.235700235000195e-9 4.235706896338343e-9 0.23999999463558197 0.23999914526939392
          0.23990829288959503 0.23639407753944397 0.0013486930401995778 0.00001658381734159775 7.276122460098122e-7 3.886447075274191e-7
          9.811170542661785e-8 9.984933768691917e-8 8.023513942134741e-8 7.701223836420468e-8 7.63222871569269e-8 7.814809777073606e-8
          8.179115695838846e-8 8.586658140075087e-8 8.872184764641133e-8 8.900851611315375e-8 8.744516577507966e-8 8.756698122169837e-8
          8.893666603171368e-8 9.037233184017168e-8 9.140574519506117e-8 9.213579232891789e-8 9.302112857767497e-8 9.436129744244681e-8
          9.575886394941335e-8 9.668413980534751e-8 9.675640200157432e-8 9.556344338079725e-8 9.27991905541603e-8 8.908007487207215e-8
          8.536381557178174e-8 8.496248682376972e-8 5.792050927766468e-8 1.7075858949056055e-8 6.6720682312393365e-9 6.029951649111354e-9
          6.8412036036136215e-9 7.767305909567312e-9 8.645116622574278e-9 9.43325328961464e-9 1.0113151205359827e-8 1.0678118833595818e-8
          1.1128974186647156e-8 1.1471678718066869e-8 1.1716076997458913e-8 1.1875269656513865e-8 1.1964894852667385e-8 1.2001735605338126e-8
          1.1994401916126662e-8 1.1954849554740576e-8 1.19099370365916e-8 1.1862938187334748e-8 1.1815331824038822e-8 1.1767902208248415e-8
          1.17213287964546e-8 1.1676459799048189e-8 1.1634325502996035e-8 1.159598195243916e-8 1.1562272916876282e-8 1.1533672683583518e-8
          1.1510246977763927e-8 1.1491711582323205e-8 1.1477563788275802e-8 1.1467235161433109e-8 1.146021144649012e-8 1.1456045889701727e-8
          1.1454213577621886e-8 1.1453910708780768e-8 0.23999999463558197 0.23999974131584167 0.23997174203395844 0.23889870941638947
          0.166764035820961 0.1275130659341812 0.11078716069459915 0.1000906452536583 0.003625602228567004 0.00047529549920000136
          0.000003659225285446155 1.3381995245254075e-7 7.245249378229346e-8 9.456282157316309e-8 9.580973880929378e-8 9.565610525896773e-8
          9.503363429530509e-8 9.42705682405176e-8 9.285832902605762e-8 9.081471574745592e-8 8.952240193593752e-8 8.930184947075759e-8
          8.98911594049423e-8 9.099063902340276e-8 9.240341825034193e-8 9.383007437691049e-8 9.485630414474144e-8 9.508523390877599e-8
          9.415353474651056e-8 9.183910520960126e-8 8.845022136938496e-8 8.490687264384178e-8 8.315947042092375e-8 8.543059237808848e-8
          6.530505913815432e-8 2.56156287292697e-8 9.46598266438059e-9 6.6897829498202555e-9 7.276899083308308e-9 8.449621446970923e-9
          9.688812419028636e-9 1.0900474300967744e-8 1.2059470755332313e-8 1.3141662869031734e-8 1.4114318602764797e-8 1.4938107639750342e-8
          1.5576908651837584e-8 1.601074117729695e-8 1.624623813256676e-8 1.6381822121047662e-8 1.647696024065226e-8 1.6609956077218158e-8
          1.6782689016281438e-8 1.6985255868462446e-8 1.7207092639637267e-8 1.7438214428011634e-8 1.7668645213575473e-8 1.788789383283529e-8
          1.8086014463847278e-8 1.8255464695471346e-8 1.8392450229498536e-8 1.84969870531404e-8 1.8572167803654338e-8 1.8622733577444706e-8
          1.8653651068234467e-8 1.8669409129756787e-8 1.8674686685926645e-8 1.8674059631962336e-8 1.8671716617291167e-8 1.8670430534939442e-8
          0.23999999463558197 0.2399999350309372 0.2399931102991104 0.2397298514842987 0.226725772023201 0.21294349431991577
          0.20222927629947662 0.19303615391254425 0.15868988633155823 0.00561614241451025 0.00002957638025691267 4.4191469328325184e-7
          8.218773217549824e-8 9.97477940245517e-8 9.842741377497077e-8 9.700993786054823e-8 9.584542226548365e-8 9.499259334688759e-8
          9.412509172079808e-8 9.203468209761922e-8 8.913155369327797e-8 8.813542962116117e-8 8.878662072220322e-8 9.002982892525324e-8
          9.135646195090885e-8 9.239888498768778e-8 9.2797733941552e-8 9.22055889418516e-8 9.042417303817274e-8 8.766437531448901e-8
          8.460886391503664e-8 8.259667083621025e-8 8.589116617940817e-8 8.664335382491117e-8 7.205407825949806e-8 3.763151568136891e-8
          1.5762752880732478e-8 8.62535554091437e-9 7.425529524596186e-9 7.752902320135036e-9 8.777628401901438e-9 9.831587988173851e-9
          1.0846228803984559e-8 1.1791016163442691e-8 1.262542781432785e-8 1.3290085476569402e-8 1.3712362800788469e-8 1.3857908598424729e-8
          1.381815639689421e-8 1.3578028479344084e-8 1.3277927202182127e-8 1.3098778062214933e-8 1.2989237241356477e-8 1.2960815531926073e-8
          1.3015752919898205e-8 1.3150250666171814e-8 1.3362651429815742e-8 1.3650327090886094e-8 1.401055627070491e-8 1.4446190910177847e-8
          1.496903045961062e-8 1.5589785462566397e-8 1.6310336192759678e-8 1.711088337685851e-8 1.793397785831985e-8 1.8665005541151913e-8
          1.9232182069117698e-8 1.9615162827335553e-8 1.9818726215703464e-8 1.9872604894999313e-8 0.23999999463558197 0.23999997973442078
          0.23999866843223572 0.2399468868970871 0.2382935732603073 0.23541055619716644 0.23173385858535767 0.22731812298297882
          0.09583974629640579 0.0005107402103021741 0.000004194799657852855 8.348452240625193e-8 8.835996112566136e-8 9.18228764135165e-8
          9.409007617477982e-8 9.481146179268762e-8 9.500657682792735e-8 9.498445763256314e-8 9.476382700768227e-8 9.429770386759628e-8
          9.254359412125268e-8 8.967335674014976e-8 8.854379984768457e-8 8.885356095333918e-8 8.957815822441262e-8 9.005422185737189e-8
          8.984275723378232e-8 8.866957301734146e-8 8.667322504152253e-8 8.427367248486917e-8 8.271096874068462e-8 8.563134912265014e-8
          8.880508062247827e-8 8.834868481244484e-8 7.84416158694512e-8 5.160229932243965e-8 2.6849880541135462e-8 1.5654634921702382e-8
          1.1359130525079308e-8 9.486947227799192e-9 8.993366940046599e-9 9.072805617904578e-9 9.38678379469593e-9 9.77910818988903e-9
          1.0164597163964117e-8 1.0491200796991507e-8 1.0732185806716643e-8 1.0888854262702807e-8 1.0985396592388952e-8 1.1054773985108568e-8
          1.1200393501553663e-8 1.1253194820426415e-8 1.1177410108587083e-8 1.1023733037518468e-8 1.0843872466637094e-8 1.0675579531493895e-8
          1.0546157724888872e-8 1.0473130807042708e-8 1.0462179567127805e-8 1.051257303430475e-8 1.0625426760668688e-8 1.0804920513862726e-8
          1.1057617932408448e-8 1.1392190302217386e-8 1.1817918199596988e-8 1.2343977395801176e-8 1.2979707975091515e-8 1.3730642400844317e-8
          1.4592107966393542e-8 1.553750372806917e-8 0.23999999463558197 0.23999999463558197 0.23999980092048645 0.23999135196208954
          0.23979485034942627 0.23925916850566864 0.2383042424917221 0.21956464648246765 0.011630077846348286 0.00004227953832014464
          3.733308915343514e-7 9.636939068968786e-8 9.494034713952715e-8 9.517636812006458e-8 9.472898909734795e-8 9.465308892231405e-8
          9.492255514942372e-8 9.484800500558777e-8 9.439593640081512e-8 9.394214117719457e-8 9.381378873740687e-8 9.233584563617114e-8
          8.994507538773178e-8 8.839539589189371e-8 8.793313810429026e-8 8.76668408977821e-8 8.699252163069104e-8 8.568929388275137e-8
          8.413429242182247e-8 8.357187653018627e-8 8.56234123602917e-8 8.892325809028989e-8 9.083378671448372e-8 9.051667149151399e-8
          8.525367434231157e-8 6.614504144408784e-8 4.434766864847006e-8 3.0398979333767784e-8 2.293283429821713e-8 1.8326529627188393e-8
          1.538315963500736e-8 1.3445131230582774e-8 1.2155251916112775e-8 1.1297304425283983e-8 1.0723924859235012e-8 1.0329448407730979e-8
          1.004134553284075e-8 9.81471082184271e-9 9.625201080609713e-9 9.465074946035656e-9 9.32858501556666e-9 9.243858123397786e-9
          9.216789109700585e-9 9.235931131001962e-9 9.275605172831547e-9 9.313611215588935e-9 9.337951745180817e-9 9.349093943455955e-9
          9.350898722004786e-9 9.342055129479832e-9 9.323197325272758e-9 9.299485626002024e-9 9.277983714639504e-9 9.266332590129878e-9
          9.272763001888507e-9 9.306624804139574e-9 9.378984699992543e-9 9.503113851394573e-9 9.69469304834547e-9 9.971108383410865e-9
          0.23999999463558197 0.23999999463558197 0.23999997973442078 0.23999884724617004 0.23997394740581512 0.23988614976406097
          0.23966751992702484 0.2059265822172165 0.003434458514675498 0.00001467670972488122 1.1676078059963402e-7 9.470728912219784e-8
          9.423259683671859e-8 9.522312893750495e-8 9.38932345206922e-8 9.425944824670296e-8 9.480131524242097e-8 9.444486437359956e-8
          9.358219443811322e-8 9.278683421598544e-8 9.24671397228849e-8 9.28465837546355e-8 9.12642477146619e-8 8.911878524031636e-8
          8.75616308348981e-8 8.648068927641361e-8 8.548593655177683e-8 8.451650046481518e-8 8.449465838111792e-8 8.601469403402007e-8
          8.856633115783552e-8 9.085284347065681e-8 9.215039398213776e-8 9.247045085203354e-8 9.02290935300698e-8 8.164472120597566e-8
          6.804715013686291e-8 5.518643320101546e-8 4.6033715506155204e-8 3.93280288335518e-8 3.412603177821438e-8 2.988273806181496e-8
          2.6308420331133675e-8 2.3250084524306658e-8 2.0621474305926313e-8 1.836835927804259e-8 1.644843550252517e-8 1.4824254712664242e-8
          1.3461185055518854e-8 1.2325851450611935e-8 1.1386514842115503e-8 1.0614291667820908e-8 9.985079429952748e-9 9.482011620320918e-9
          9.101313480641693e-9 8.841460008568447e-9 8.694876818537978e-9 8.648243010611623e-9 8.686978247851584e-9 8.791883665537625e-9
          8.936956952254604e-9 9.09605102350497e-9 9.249022880908342e-9 9.376525333948393e-9 9.469856898647322e-9 9.531710531973658e-9
          9.567370895524618e-9 9.58108170578953e-9 9.576030635116695e-9 9.557411750904521e-9 0.23999999463558197 0.23999999463558197
          0.23999999463558197 0.23999987542629242 0.23999705910682678 0.23998591303825378 0.2399584800004959 0.23837564885616302
          0.002035056008026004 0.000015593850548611954 1.3718336333568004e-7 8.687798924711387e-8 9.918785082163595e-8 9.68859481531581e-8
          9.407211365441981e-8 9.441785664421332e-8 9.473297524209556e-8 9.402224065979681e-8 9.288874025514815e-8 9.193928462991607e-8
          9.160888225778763e-8 9.192048366912786e-8 9.20280172067578e-8 9.068195083727915e-8 8.891628056062473e-8 8.736883927440431e-8
          8.620832403494205e-8 8.564634867980203e-8 8.630966874534352e-8 8.788888550270713e-8 8.990893007876366e-8 9.153885116575111e-8
          9.247356302921617e-8 9.287618496500727e-8 9.263384725954893e-8 9.103807485644211e-8 8.728734002261263e-8 8.167985043883164e-8
          7.579079408515099e-8 7.028672399655989e-8 6.529164409130317e-8 6.074094471841818e-8 5.656757551264491e-8 5.274259251564217e-8
          4.9272330215899274e-8 4.6180087309721785e-8 4.3487816014931013e-8 4.1196365430096193e-8 3.926641412022036e-8 3.760781197570395e-8
          3.608023035894803e-8 3.451546604082978e-8 3.27569615876655e-8 3.0709941256645834e-8 2.8386965666982178e-8 2.5910523504535377e-8
          2.3480437150169564e-8 2.1320873955232855e-8 1.9602920175998406e-8 1.8379571642412884e-8 1.7601754720431018e-8 1.7156986942268304e-8
          1.6905993049931567e-8 1.6689231330246912e-8 1.6357800447508453e-8 1.5906996608805457e-8 1.539201122113809e-8 1.4881991639015268e-8
          1.4439053508397137e-8 1.4112583102132703e-8 0.23999999463558197 0.23999999463558197 0.23999999463558197 0.23999999463558197
          0.23999975621700287 0.23999877274036407 0.23999616503715515 0.23985931277275085 0.18431201577186584 0.02398005872964859
          0.00009448244236409664 8.100390687104664e-7 9.857306082494688e-8 9.992355387566931e-8 9.558959135347322e-8 9.45972260524286e-8
          9.484863738862259e-8 9.423494873317395e-8 9.296093139710138e-8 9.155905900115613e-8 9.075880313957896e-8 9.07530477434193e-8
          9.119735722151745e-8 9.122622657287138e-8 9.039096227070331e-8 8.94418974439759e-8 8.857751510049638e-8 8.806082973933371e-8
          8.819619523592337e-8 8.888930125294792e-8 8.987628064005548e-8 9.07526782611967e-8 9.129595923695888e-8 9.162433656229041e-8
          9.184972071807351e-8 9.199219874744813e-8 9.194577188509356e-8 9.152002178325347e-8 9.06576929082803e-8 8.940727269646231e-8
          8.786339122934805e-8 8.612131807694823e-8 8.426420805562884e-8 8.236820292495395e-8 8.049889999028892e-8 7.871376794810203e-8
          7.70617560874598e-8 7.557929393442464e-8 7.428634773987142e-8 7.318252670529546e-8 7.224505793601566e-8 7.143501790096707e-8
          7.070504892681129e-8 7.001133184303399e-8 6.932587837127357e-8 6.864929957828281e-8 6.802417118478843e-8 6.753983683438491e-8
          6.730354584760789e-8 6.737725755101565e-8 6.771080762746351e-8 6.810251562683334e-8 6.82234002624682e-8 6.782600081578494e-8
          6.695479726204212e-8 6.566889965142764e-8 6.403114127806475e-8 6.211259773181155e-8 5.999210372920061e-8 5.775282474473897e-8
          0.23999999463558197 0.23999999463558197 0.23999999463558197 0.23999999463558197 0.23999999463558197 0.2399999350309372
          0.23999980092048645 0.23999540507793427 0.2388514131307602 0.18860140442848206 0.14259988069534302 0.0016493244329467416
          0.000007781905878800899 1.0595183397299479e-7 7.183608374816686e-8 9.304772419227447e-8 9.487224161830454e-8 9.546223367351558e-8
          9.465068728786719e-8 9.234953068926188e-8 9.0419369769279e-8 8.997891143280867e-8 9.03011212471938e-8 9.066450701311624e-8
          9.077850648964159e-8 9.04136712165382e-8 9.007052170773022e-8 8.984824972912975e-8 8.982870269846899e-8 8.999742817650258e-8
          9.02734029750718e-8 9.055408156655176e-8 9.07858606069567e-8 9.097946218616926e-8 9.115202459497596e-8 9.13053241902162e-8
          9.144062573795964e-8 9.155242253200413e-8 9.161698244497529e-8 9.161237812804757e-8 9.152857671779202e-8 9.13663740220727e-8
          9.113747267974759e-8 9.086049601592094e-8 9.055288785475568e-8 9.02302161875923e-8 8.990622291094041e-8 8.95924401334014e-8
          8.929754358177888e-8 8.902669890176185e-8 8.878187429672835e-8 8.856181921146344e-8 8.836301645942513e-8 8.818133778731863e-8
          8.801389839163676e-8 8.786102512203797e-8 8.772776993737352e-8 8.762331304978943e-8 8.755644387292705e-8 8.752832059144566e-8
          8.752764557584669e-8 8.75331735983309e-8 8.752332547601327e-8 8.748417457127289e-8 8.740714463328914e-8 8.728581235573074e-8
          8.711517551773795e-8 8.689178088161498e-8 8.6614022620779e-8 8.628421710454859e-8
        </DataArray>
        <DataArray type="Float32" Name="N2_Gas_mass_fractions_2" format="ascii" RangeMin="0.0093955397605896" RangeMax="0.9654871821403503">
          0.7599999904632568 0.7599966526031494 0.7596385478973389 0.7415489554405212 0.4294014871120453 0.0093955397605896
          0.18745769560337067 0.22313466668128967 0.23594291508197784 0.24209709465503693 0.24421654641628265 0.24438977241516113
          0.24428008496761322 0.24398520588874817 0.24358949065208435 0.24320191144943237 0.24293896555900574 0.24293556809425354
          0.2435591220855713 0.24623923003673553 0.2534187436103821 0.26534518599510193 0.27895310521125793 0.284893661737442
          0.2816047966480255 0.27634620666503906 0.2698110044002533 0.2615734040737152 0.25153568387031555 0.24046440422534943
          0.2303173542022705 0.2236981987953186 0.22289837896823883 0.24757736921310425 0.6024665832519531 0.9136712551116943
          0.9603492617607117 0.9638231992721558 0.9638164043426514 0.9637369513511658 0.9636918902397156 0.9636722207069397
          0.9636710286140442 0.9636834859848022 0.9637063145637512 0.9637372493743896 0.9637746214866638 0.9638171792030334
          0.9638640880584717 0.9639143943786621 0.963967502117157 0.9640504121780396 0.9641868472099304 0.9643434286117554
          0.9645039439201355 0.9646599292755127 0.9648063778877258 0.9649401307106018 0.9650589227676392 0.9651614427566528
          0.9652472734451294 0.965316891670227 0.9653715491294861 0.9654130935668945 0.9654434323310852 0.9654643535614014
          0.9654776453971863 0.9654846787452698 0.9654871821403503 0.9654871225357056 0.7599999904632568 0.7599987387657166
          0.7598659992218018 0.7553781270980835 0.6385186314582825 0.2901742160320282 0.3068224787712097 0.3130377233028412
          0.311943382024765 0.3041701912879944 0.3013540208339691 0.3036922514438629 0.31326988339424133 0.33360642194747925
          0.37035414576530457 0.41763561964035034 0.45957428216934204 0.47537967562675476 0.45441895723342896 0.4328553080558777
          0.4271533787250519 0.42929595708847046 0.4269826114177704 0.4082586467266083 0.3691881597042084 0.31956779956817627
          0.28012731671333313 0.25544655323028564 0.24000012874603271 0.22968091070652008 0.22390170395374298 0.22357968986034393
          0.23253123462200165 0.2817409932613373 0.5764678120613098 0.8711420893669128 0.946293294429779 0.9509081840515137
          0.9443053603172302 0.9367740154266357 0.9296329617500305 0.9232204556465149 0.9176881909370422 0.9130910038948059
          0.9094226360321045 0.9066346287727356 0.9046469926834106 0.9033529162406921 0.9026251435279846 0.9023269414901733
          0.9023892283439636 0.9027158617973328 0.9030871987342834 0.9034762382507324 0.9038706421852112 0.9042638540267944
          0.9046502113342285 0.9050224423408508 0.9053720831871033 0.9056901931762695 0.9059697985649109 0.9062069058418274
          0.9064010977745056 0.9065546989440918 0.906671941280365 0.9067574739456177 0.9068157076835632 0.9068502187728882
          0.9068653583526611 0.9068678617477417 0.7599999904632568 0.7599996328353882 0.7599595785140991 0.7586227059364319
          0.7276366353034973 0.6107666492462158 0.5693620443344116 0.5435868501663208 0.5070156455039978 0.498146116733551
          0.503637969493866 0.5210285186767578 0.549107551574707 0.578931450843811 0.6001172065734863 0.6136611700057983
          0.6209861040115356 0.6183474659919739 0.585601270198822 0.5136505365371704 0.441887766122818 0.39025941491127014
          0.3554760813713074 0.3271287679672241 0.29948750138282776 0.27352237701416016 0.2531069219112396 0.23910152912139893
          0.23014850914478302 0.22562101483345032 0.22593288123607635 0.23320883512496948 0.2688867747783661 0.33243778347969055
          0.5330309867858887 0.8076791167259216 0.9244080781936646 0.9455145597457886 0.9407393932342529 0.9312126040458679
          0.9211106300354004 0.9112133979797363 0.9017265439033508 0.8928495049476624 0.8848544359207153 0.8780694603919983
          0.8727967143058777 0.8692052960395813 0.8672439455986023 0.8661011457443237 0.8652888536453247 0.8641626238822937
          0.8627082109451294 0.8610085844993591 0.85915207862854 0.8572224378585815 0.8553037643432617 0.8534842729568481
          0.8518473505973816 0.8504553437232971 0.8493379950523376 0.8484926223754883 0.847891092300415 0.8474928736686707
          0.8472574949264526 0.8471488356590271 0.8471277356147766 0.8471528887748718 0.8471856117248535 0.8472012877464294
          0.7599999904632568 0.7599999308586121 0.759990394115448 0.7596655488014221 0.7537915706634521 0.7308468818664551
          0.7121606469154358 0.695777177810669 0.6766104102134705 0.635725736618042 0.636730968952179 0.6432486772537231
          0.6489846706390381 0.6547524333000183 0.6608215570449829 0.6658851504325867 0.6676753163337708 0.6626766920089722
          0.6437656283378601 0.5753723382949829 0.4514014720916748 0.3576096296310425 0.3126242458820343 0.28662624955177307
          0.26744723320007324 0.25223010778427124 0.24096374213695526 0.23371785879135132 0.23053675889968872 0.23176632821559906
          0.23919615149497986 0.2679353952407837 0.3284302055835724 0.36515411734580994 0.4887411594390869 0.7173933386802673
          0.8747245669364929 0.9294410347938538 0.9391523003578186 0.9368087649345398 0.9285207986831665 0.9199398756027222
          0.9116582870483398 0.903931736946106 0.8970991373062134 0.891655445098877 0.8882045149803162 0.887029767036438
          0.8873648047447205 0.8893235325813293 0.8917651176452637 0.8932077884674072 0.8940721750259399 0.8942643404006958
          0.89376300573349 0.8925931453704834 0.8907594084739685 0.8882721066474915 0.8851416110992432 0.881334662437439
          0.8767473697662354 0.8712899684906006 0.8649500608444214 0.8579027652740479 0.850649893283844 0.8441907167434692
          0.8391681909561157 0.83577561378479 0.8339699506759644 0.8334766626358032 0.7599999904632568 0.7599999904632568
          0.7599982023239136 0.7599365711212158 0.7590517997741699 0.7555805444717407 0.7506994009017944 0.7449193596839905
          0.7071574330329895 0.6805874109268188 0.6799697875976562 0.6802133917808533 0.6818987727165222 0.6846290230751038
          0.6875683665275574 0.6893854141235352 0.6877094507217407 0.6801905035972595 0.6675485968589783 0.6507638692855835
          0.5929095149040222 0.4633411765098572 0.3626262843608856 0.3072510361671448 0.2759268879890442 0.25753721594810486
          0.24734364449977875 0.24316570162773132 0.24408802390098572 0.2527216970920563 0.282068133354187 0.33759379386901855
          0.3617297112941742 0.3770154118537903 0.44247862696647644 0.6102405786514282 0.7867724299430847 0.8720308542251587
          0.9058195352554321 0.921328067779541 0.9257063865661621 0.9253334999084473 0.9229661822319031 0.9199007153511047
          0.9168542623519897 0.9142681360244751 0.9123711585998535 0.9111570119857788 0.910427451133728 0.9099112153053284
          0.9087613821029663 0.9083300828933716 0.9089391231536865 0.9101875424385071 0.911648154258728 0.9130064249038696
          0.9140366315841675 0.9145954251289368 0.9146353006362915 0.9141592383384705 0.9131526947021484 0.9115724563598633
          0.9093526005744934 0.9064108729362488 0.9026671051979065 0.898052990436554 0.8925064206123352 0.8859958052635193
          0.8785656690597534 0.8704342842102051 0.7599999904632568 0.7599999904632568 0.7599997520446777 0.7599904537200928
          0.7598685622215271 0.7593570351600647 0.7583357095718384 0.7523667812347412 0.6971985697746277 0.6935067176818848
          0.6930735111236572 0.6932201981544495 0.6939007043838501 0.694817304611206 0.6954748630523682 0.6940716505050659
          0.686396062374115 0.6691243052482605 0.6452953219413757 0.6259843707084656 0.6266405582427979 0.5802330374717712
          0.47581830620765686 0.37686458230018616 0.3192521929740906 0.2882622182369232 0.27351489663124084 0.27047866582870483
          0.28140097856521606 0.3118847608566284 0.3518948256969452 0.374887615442276 0.3769306242465973 0.3766459822654724
          0.3933351933956146 0.49646392464637756 0.6487559080123901 0.7527267932891846 0.8097776770591736 0.846191942691803
          0.8701362609863281 0.886297345161438 0.8972911238670349 0.9047538042068481 0.9098427295684814 0.9134149551391602
          0.9160745739936829 0.9182026386260986 0.920009195804596 0.9215657711029053 0.9229174256324768 0.9238417148590088
          0.9242775440216064 0.9242908954620361 0.9240890145301819 0.9238598346710205 0.9237086176872253 0.9236406087875366
          0.923628032207489 0.9236795902252197 0.9237911701202393 0.9239261150360107 0.9240335822105408 0.9240574240684509
          0.9239345192909241 0.9235894680023193 0.9229286313056946 0.9218364357948303 0.9201740026473999 0.917786180973053
          0.7599999904632568 0.7599999904632568 0.7599999904632568 0.7599988579750061 0.7599833607673645 0.7599119544029236
          0.7597355246543884 0.7507373690605164 0.6976450681686401 0.6965949535369873 0.6964991688728333 0.6965392231941223
          0.6966854333877563 0.6968547105789185 0.6965650320053101 0.6923147439956665 0.6767342686653137 0.6458258032798767
          0.6055861115455627 0.5701891779899597 0.5567575097084045 0.5894756317138672 0.544344425201416 0.45963481068611145
          0.3909297287464142 0.346493124961853 0.3253477215766907 0.32595664262771606 0.3511449694633484 0.3784377872943878
          0.39315205812454224 0.3946509063243866 0.38805827498435974 0.37849825620651245 0.3663051426410675 0.39651644229888916
          0.4779887795448303 0.5647960901260376 0.6289879083633423 0.6776375770568848 0.7165960073471069 0.7493018507957458
          0.7775427103042603 0.8022172451019287 0.8238055109977722 0.8425981402397156 0.8588343262672424 0.8727441430091858
          0.8845562934875488 0.8945063352584839 0.9028294682502747 0.9097480177879333 0.915449857711792 0.9200769662857056
          0.9236534833908081 0.9261813163757324 0.9277157783508301 0.9283626079559326 0.928237795829773 0.9274981021881104
          0.9263632297515869 0.9250580668449402 0.9237582087516785 0.922633945941925 0.9217640161514282 0.9211297035217285
          0.9206928610801697 0.9204278588294983 0.9203212261199951 0.9203431606292725 0.7599999904632568 0.7599999904632568
          0.7599999904632568 0.7599998712539673 0.7599982619285583 0.7599901556968689 0.759969174861908 0.7595333456993103
          0.6977174282073975 0.6971647143363953 0.697141706943512 0.6971408128738403 0.6971566081047058 0.697167694568634
          0.6964563131332397 0.6892670392990112 0.6654860377311707 0.6241364479064941 0.57220858335495 0.5286397337913513
          0.5150762796401978 0.5363447070121765 0.5645160675048828 0.5275884866714478 0.47265639901161194 0.42662715911865234
          0.40129804611206055 0.3991512358188629 0.4154798686504364 0.42511606216430664 0.423880398273468 0.4165928363800049
          0.4088260531425476 0.4013998806476593 0.3897630274295807 0.38244932889938354 0.3892410397529602 0.41155797243118286
          0.4397423565387726 0.4688045084476471 0.4971388876438141 0.524524986743927 0.5508965253829956 0.5760216116905212
          0.5994916558265686 0.6208385229110718 0.6396681070327759 0.6558153629302979 0.6695007085800171 0.681419312953949
          0.6927303671836853 0.7048544883728027 0.7191161513328552 0.7362918853759766 0.7562038898468018 0.7776986956596375
          0.7989435791969299 0.8179056644439697 0.8330384492874146 0.8438512086868286 0.8507635593414307 0.8547600507736206
          0.8570622801780701 0.859063982963562 0.8620630502700806 0.866101086139679 0.8706887364387512 0.8752092123031616
          0.8791073560714722 0.8819444179534912 0.7599999904632568 0.7599999904632568 0.7599999904632568 0.7599999904632568
          0.7599998712539673 0.7599992156028748 0.7599973678588867 0.7599595785140991 0.7454333305358887 0.7035097479820251
          0.697261393070221 0.6972342729568481 0.6972330212593079 0.697228729724884 0.696976363658905 0.6923494935035706
          0.6722355484962463 0.633523166179657 0.5742856860160828 0.5085657835006714 0.4708460867404938 0.47340530157089233
          0.5042083859443665 0.5281131863594055 0.5148049592971802 0.49403586983680725 0.47636082768440247 0.4675613343715668
          0.4673624038696289 0.4671792984008789 0.46414560079574585 0.4605617821216583 0.46025049686431885 0.46068015694618225
          0.4588724374771118 0.4537343978881836 0.44565948843955994 0.43656036257743835 0.4282819330692291 0.4218645393848419
          0.4177081286907196 0.41580384969711304 0.41589444875717163 0.4175531566143036 0.4202784299850464 0.4235435426235199
          0.42684635519981384 0.4297674894332886 0.43201780319213867 0.43347781896591187 0.43421849608421326 0.4344600737094879
          0.4345129728317261 0.4346834123134613 0.43516939878463745 0.43594828248023987 0.43665531277656555 0.43652960658073425
          0.4346461296081543 0.43045374751091003 0.42436376214027405 0.4181145131587982 0.41458550095558167 0.41599565744400024
          0.4220447540283203 0.43227460980415344 0.4461557865142822 0.46304720640182495 0.48220542073249817 0.5028237104415894
          0.7599999904632568 0.7599999904632568 0.7599999904632568 0.7599999904632568 0.7599999904632568 0.7599999904632568
          0.7599998712539673 0.759998619556427 0.7596993446350098 0.7465604543685913 0.7345322966575623 0.6976776719093323
          0.6972473859786987 0.6972441673278809 0.6972424387931824 0.6972339749336243 0.6971628665924072 0.6948297619819641
          0.6530051827430725 0.5451521873474121 0.4499374330043793 0.42354172468185425 0.4413781464099884 0.47120019793510437
          0.4959195852279663 0.5031925439834595 0.49878785014152527 0.49512767791748047 0.4930347502231598 0.4913700819015503
          0.4895535409450531 0.48796844482421875 0.48606812953948975 0.48264679312705994 0.477194219827652 0.4699905216693878
          0.4614390432834625 0.4519108235836029 0.44188666343688965 0.43180331587791443 0.4219765067100525 0.412608802318573
          0.40380579233169556 0.3955804407596588 0.3878859579563141 0.38064634799957275 0.37377381324768066 0.3671816289424896
          0.3607948422431946 0.3545590937137604 0.3484426736831665 0.34243831038475037 0.3365582227706909 0.33082449436187744
          0.3252556324005127 0.3198516070842743 0.3145804703235626 0.3093787431716919 0.30418068170547485 0.29897037148475647
          0.29382044076919556 0.28887927532196045 0.28430745005607605 0.2802209258079529 0.27670350670814514 0.2738271653652191
          0.27165502309799194 0.27023839950561523 0.26961174607276917 0.26977404952049255
        </DataArray>
        <DataArray type="Float32" Name="H2O_Gas_mass_fractions_3" format="ascii" RangeMin="2.252671880949746e-17" RangeMax="0.05131516605615616">
          1.0520536664060387e-9 2.03247040531096e-7 0.000022176767743076198 0.0011014791671186686 0.01978902518749237 0.05131516605615616
          0.042059898376464844 0.04046500101685524 0.03993398696184158 0.03966151177883148 0.039426133036613464 0.03928497061133385
          0.039172057062387466 0.039085280150175095 0.03902076184749603 0.038970332592725754 0.03892283886671066 0.038862358778715134
          0.03875099867582321 0.038456209003925323 0.03777163475751877 0.03668774291872978 0.03547102212905884 0.03492637351155281
          0.03518463671207428 0.03561118245124817 0.036139704287052155 0.03680134564638138 0.03760493919253349 0.03850264474749565
          0.03936608508229256 0.0400066077709198 0.04021302983164787 0.038269005715847015 0.018819307908415794 0.004193184431642294
          0.002048374153673649 0.001882813754491508 0.0018835343653336167 0.0018876745598390698 0.0018900156719610095 0.0018910368671640754
          0.001891101012006402 0.0018904543248936534 0.0018892678199335933 0.0018876608228310943 0.0018857185496017337 0.0018835040973499417
          0.0018810677574947476 0.0018784526037052274 0.0018756937934085727 0.0018713827012106776 0.0018642937066033483 0.0018561533652245998
          0.0018478092970326543 0.0018397029489278793 0.0018320893868803978 0.0018251363653689623 0.001818960066884756 0.0018136309226974845
          0.0018091702368110418 0.001805551233701408 0.0018027073238044977 0.001800547237507999 0.0017989707412198186 0.0017978809773921967
          0.0017971921479329467 0.00179682532325387 0.001796696218661964 0.0017966990126296878 3.9236089377503447e-10 7.45712611660565e-8
          0.000008182116289390251 0.00027396611403673887 0.004357633180916309 0.030035361647605896 0.0307020116597414 0.03118121810257435
          0.03177575021982193 0.03284351900219917 0.03322521969676018 0.03307145833969116 0.03224083408713341 0.030462540686130524
          0.027289751917123795 0.023255212232470512 0.01972988434135914 0.018484529107809067 0.020378155633807182 0.02223479375243187
          0.02270614169538021 0.022492898628115654 0.022659186273813248 0.024237344041466713 0.0275692418217659 0.03181350603699684
          0.03517656773328781 0.03726080432534218 0.03855617344379425 0.039448704570531845 0.040022920817136765 0.04019120708107948
          0.03958777338266373 0.0354464091360569 0.019486039876937866 0.006182042881846428 0.0027495832182466984 0.002552447374910116
          0.0028976763132959604 0.003289152169600129 0.003660258837044239 0.003993485122919083 0.0042809611186385155 0.004519842565059662
          0.004710464738309383 0.004855342675000429 0.00495863938704133 0.005025897640734911 0.005063733551651239 0.005079248454421759
          0.005076048895716667 0.005059150978922844 0.005039950367063284 0.005019846372306347 0.004999475087970495 0.00497917365282774
          0.004959236364811659 0.004940027371048927 0.004921991378068924 0.004905580077320337 0.00489115621894598 0.004878921899944544
          0.004868903197348118 0.004860978107899427 0.0048549300990998745 0.004850515630096197 0.0048475139774382114 0.004845733754336834
          0.00484495097771287 0.004844821523874998 1.2172379770802877e-10 2.2517575359870534e-8 0.0000024561325062677497 0.00008117096876958385
          0.0009777259547263384 0.008812586776912212 0.01204683817923069 0.014153211377561092 0.015242978930473328 0.01601501740515232
          0.015599320642650127 0.014191367663443089 0.011910970322787762 0.009507925249636173 0.007841691374778748 0.0068088555708527565
          0.0062821707688272 0.006581991910934448 0.009436212480068207 0.015603139065206051 0.021697457879781723 0.02603398822247982
          0.028926130384206772 0.03127986192703247 0.0335908941924572 0.035773903131484985 0.03749098628759384 0.038672007620334625
          0.03945262357592583 0.03991035372018814 0.040012117475271225 0.03954542800784111 0.036573659628629684 0.03147048503160477
          0.021179569885134697 0.009149771183729172 0.0038135999348014593 0.002824331633746624 0.003082449547946453 0.0035780041944235563
          0.004102644044905901 0.0046163154765963554 0.005108355078846216 0.0055684600956737995 0.005982583854347467 0.006333811208605766
          0.006606570445001125 0.006792173255234957 0.0068933116272091866 0.006951938848942518 0.006993334740400314 0.007050869986414909
          0.007125309202820063 0.007212395314127207 0.007307596039026976 0.007406621240079403 0.007505176588892937 0.007598741911351681
          0.007683043833822012 0.007754865102469921 0.00781263504177332 0.007856444455683231 0.0078877042979002 0.007908499799668789
          0.007920975796878338 0.007927050814032555 0.007928738370537758 0.007928038015961647 0.007926779799163342 0.00792613998055458
          3.041307483631073e-11 5.43602673985788e-9 5.775924023510015e-7 0.000019649072783067822 0.00020332772692199796 0.0016276626847684383
          0.0028825628105551004 0.004009263124316931 0.0048381490632891655 0.004926600959151983 0.004748451057821512 0.00425739074125886
          0.0038354024291038513 0.0034062513150274754 0.002943960716947913 0.0025565247051417828 0.0024367300793528557 0.0028851123061031103
          0.004510342609137297 0.010353485122323036 0.020929576829075813 0.028882067650556564 0.032649409025907516 0.034800007939338684
          0.03638233616948128 0.037642884999513626 0.03858589380979538 0.03921639546751976 0.03954515606164932 0.039544615894556046
          0.039041418582201004 0.03668000549077988 0.03134993836283684 0.028823629021644592 0.0230657197535038 0.013398929499089718
          0.006232181563973427 0.0036237265449017286 0.003158645937219262 0.003286998253315687 0.0037178180646151304 0.004163441248238087
          0.004593277350068092 0.004994160961359739 0.00534853246062994 0.005630899220705032 0.005810136441141367 0.005871624685823917
          0.00585476029664278 0.0057533797807991505 0.005626750644296408 0.005551754962652922 0.005506530869752169 0.005495940800756216
          0.005521039478480816 0.005580409895628691 0.00567363016307354 0.005799910519272089 0.005958378314971924 0.006150350905954838
          0.0063806879334151745 0.006653448101133108 0.0069686914794147015 0.007317052688449621 0.007673093117773533 0.007987452670931816
          0.008229684084653854 0.008391978219151497 0.008477607741951942 0.008500158786773682 6.006448376866258e-12 1.0338742084670116e-9
          1.0589285182049935e-7 0.000003687889602588257 0.000037358535337261856 0.00023866203264333308 0.0005389003781601787 0.0008984938031062484
          0.0011669491650536656 0.0013021333143115044 0.0013502894435077906 0.0013419969473034143 0.0012172822607681155 0.001005283440463245
          0.0007733145030215383 0.0006336226360872388 0.0007884755614213645 0.0014355314197018743 0.002508033299818635 0.003925907425582409
          0.008861629292368889 0.019906319677829742 0.028454679995775223 0.033121559768915176 0.03574325889348984 0.037280578166246414
          0.03814753517508507 0.03854009881615639 0.03853532299399376 0.03789827600121498 0.03545849025249481 0.030507279559969902
          0.028308972716331482 0.027612248435616493 0.02516978234052658 0.018504122272133827 0.010522733442485332 0.006466852035373449
          0.004828816279768944 0.0040642209351062775 0.0038516714703291655 0.003877073060721159 0.004002783913165331 0.0041633350774645805
          0.0043222433887422085 0.004456956405192614 0.004555790219455957 0.004619149956852198 0.004657337442040443 0.00468442402780056
          0.004744376055896282 0.00476690661162138 0.004735356662422419 0.004670549184083939 0.00459461472928524 0.004523855168372393
          0.004469979088753462 0.004440441261976957 0.004437702242285013 0.0044615804217755795 0.00451277568936348 0.004593450576066971
          0.004706897772848606 0.004857202991843224 0.005048264749348164 0.0052832141518592834 0.005564610939472914 0.005893208086490631
          0.006265735253691673 0.006670101545751095 9.293992441969379e-13 1.5427004118606646e-10 1.5219294269286365e-8 5.418844466476003e-7
          0.000005789082024421077 0.00003343994467286393 0.00009193715959554538 0.00017441164527554065 0.00023730940301902592 0.00029062724206596613
          0.00032594826188869774 0.00031625255360268056 0.0002633939147926867 0.00019099509518127888 0.00014032097533345222 0.00026582105783745646
          0.0009253232274204493 0.0023919001687318087 0.00439654104411602 0.006009556353092194 0.005971313454210758 0.009957863949239254
          0.018855255097150803 0.027262257412075996 0.032141316682100296 0.034765277057886124 0.03603190928697586 0.036332640796899796
          0.03545815125107765 0.032855402678251266 0.029260709881782532 0.027035735547542572 0.02676997520029545 0.02714393101632595
          0.027346305549144745 0.02397175505757332 0.01720939762890339 0.012337482534348965 0.009611481800675392 0.007837311364710331
          0.006655676290392876 0.0058512319810688496 0.005300946068018675 0.004926054738461971 0.004669754300266504 0.004489405546337366
          0.0043547432869672775 0.0042466395534574986 0.004154581110924482 0.004075089003890753 0.004005955066531897 0.00395883247256279
          0.00393690075725317 0.003936642315238714 0.003947315271943808 0.003959182649850845 0.003966782242059708 0.003969897981733084
          0.003970014397054911 0.003966682590544224 0.003960117697715759 0.003952254541218281 0.0039457716047763824 0.003943603485822678
          0.0039490023627877235 0.003965817391872406 0.0039987871423363686 0.004053757060319185 0.004137720912694931 0.0042584482580423355
          1.1166495652399286e-13 1.793861240106942e-11 1.7159730303362153e-9 6.296335186561919e-8 7.281871603481704e-7 0.000004340923624113202
          0.00001335745309916092 0.00002691126792342402 0.00003849378845188767 0.00005102917566546239 0.000058582270867191255 0.00005550150672206655
          0.00004380380778457038 0.000030341030651470646 0.00005659121598000638 0.0004224526637699455 0.0017474583582952619 0.004345187451690435
          0.007688561920076609 0.010602536611258984 0.0117123331874609 0.00910598412156105 0.013017362914979458 0.02024172991514206
          0.02609049156308174 0.029874831438064575 0.03168864548206329 0.03165590390563011 0.029471812769770622 0.026987869292497635
          0.02548029273748398 0.025119367986917496 0.02555612288415432 0.026405997574329376 0.02809305116534233 0.02793755754828453
          0.024862859398126602 0.02113223448395729 0.018266774713993073 0.016032129526138306 0.014201297424733639 0.012636448256671429
          0.011266600340604782 0.01005714200437069 0.008990255184471607 0.008055320009589195 0.007243033964186907 0.006543781608343124
          0.005947522819042206 0.005443502217531204 0.005020677577704191 0.004668413195759058 0.004377608187496662 0.0041413684375584126
          0.003958617337048054 0.0038292929530143738 0.003750559641048312 0.0037170073483139277 0.0037226788699626923 0.0037595632020384073
          0.0038165133446455 0.003882159013301134 0.003947651479393244 0.004004437476396561 0.004048545379191637 0.0040808371268212795
          0.004103104583919048 0.004116489551961422 0.00412155082449317 0.00411973474547267 1.0148538063246056e-14 1.5811262889242617e-12
          1.4806494919028523e-10 5.650928169842473e-9 7.114518751905052e-8 4.5510438440032885e-7 0.000001500095208939456 0.0000031913114071357995
          0.000004784218162967591 0.000006718485110468464 0.000008172073648893274 0.000008161430741893128 0.000006811010734963929 0.000005950566446699668
          0.0000675209448672831 0.0006812685751356184 0.0026839172933250666 0.006119299214333296 0.010385855101048946 0.013937183655798435
          0.015042794868350029 0.013351278379559517 0.011200382374227047 0.014411408454179764 0.019114907830953598 0.023049835115671158
          0.02521582879126072 0.025386076420545578 0.02390671893954277 0.0229047741740942 0.02276362106204033 0.023162443190813065
          0.02367168664932251 0.02421264722943306 0.0252502653747797 0.026295479387044907 0.026759613305330276 0.026437891647219658
          0.02569761499762535 0.02477383427321911 0.023769749328494072 0.02272406592965126 0.02166210487484932 0.020611558109521866
          0.019604481756687164 0.018672851845622063 0.017842795699834824 0.0171275082975626 0.016519296914339066 0.015985768288373947
          0.015470273792743683 0.014902262948453426 0.014215769246220589 0.013372396118938923 0.01238230336457491 0.011305337771773338
          0.010235724039375782 0.00927768088877201 0.008510642684996128 0.007960383780300617 0.0076063936576247215 0.007399546913802624
          0.007278637029230595 0.007174052298069 0.007020886056125164 0.006816835608333349 0.006586309988051653 0.00636023934930563
          0.006166483741253614 0.006026961840689182 6.457369437678552e-16 9.716446397467493e-14 8.984079973017867e-12 3.598651654446172e-10
          4.940013731413728e-9 3.431806305798091e-8 1.2036613838972698e-7 2.7254844781055e-7 4.628113856597338e-7 6.112212531661498e-7
          8.036034273573023e-7 9.27451310417382e-7 9.228252793036518e-7 0.0000012102499340471695 0.000022901056581758894 0.00041626591701060534
          0.002100782236084342 0.005300465505570173 0.01015755720436573 0.015514887869358063 0.018577225506305695 0.018391145393252373
          0.01595587283372879 0.01415184698998928 0.015385400503873825 0.017201583832502365 0.018729813396930695 0.01947544515132904
          0.01944170892238617 0.01935300976037979 0.019470594823360443 0.019645007327198982 0.019586505368351936 0.0194888636469841
          0.019585980102419853 0.019972817972302437 0.0206492617726326 0.021508848294615746 0.022415122017264366 0.02326960675418377
          0.02401423454284668 0.024624701589345932 0.02510051801800728 0.02545696124434471 0.02571817673742771 0.025912366807460785
          0.026067830622196198 0.026209315285086632 0.026355229318141937 0.026515547186136246 0.026690680533647537 0.026873202994465828
          0.027050573378801346 0.02720961533486843 0.027341628447175026 0.02744808793067932 0.027546877041459084 0.027675364166498184
          0.02787942811846733 0.028186986222863197 0.028578447178006172 0.02896791324019432 0.029211746528744698 0.029197877272963524
          0.02893921360373497 0.028457356616854668 0.027778469026088715 0.026935270056128502 0.025966396555304527 0.024914216250181198
          2.252671880949746e-17 3.2208817454500507e-15 2.9512083423756386e-13 1.2514265665397595e-11 1.892145606863238e-10 1.4444935247936996e-9
          5.525965018904344e-9 1.3689414934958677e-8 2.5423057437024e-8 3.735124209924834e-8 5.309973261091727e-8 6.434979837877108e-8
          7.893833497973901e-8 9.535612832678453e-8 1.5198362746104976e-7 7.940853379295731e-7 0.0000067922251218988094 0.00020405200484674424
          0.003679417772218585 0.012525401078164577 0.02024928852915764 0.022379327565431595 0.02096373215317726 0.018609659746289253
          0.01669832319021225 0.016219917684793472 0.016624510288238525 0.016942689195275307 0.017104705795645714 0.017208460718393326
          0.01731039211153984 0.017388613894581795 0.01749280095100403 0.017720531672239304 0.018112601712346077 0.0186469666659832
          0.019292740151286125 0.02002444863319397 0.020809577777981758 0.02161761000752449 0.022424926981329918 0.02321462146937847
          0.02397489920258522 0.024699773639440536 0.025388631969690323 0.026043808087706566 0.026669057086110115 0.02726859599351883
          0.02784639783203602 0.028405677527189255 0.028948629274964333 0.029476316645741463 0.029988793656229973 0.03048546239733696
          0.030965618789196014 0.03142913058400154 0.031877100467681885 0.032312002032995224 0.032736580818891525 0.03315165266394615
          0.03355436399579048 0.03393850848078728 0.03429702669382095 0.03462433069944382 0.03491595387458801 0.035167813301086426
          0.035376157611608505 0.035537805408239365 0.035650450736284256 0.035713598132133484
        </DataArray>
        <DataArray type="Float32" Name="CO_Gas_mass_fractions_4" format="ascii" RangeMin="1.2851968704707435e-16" RangeMax="0.3272722363471985">
          7.7764665817881e-9 0.000001598479116182716 0.00019167813297826797 0.0071940915659070015 0.07608664035797119 0.11237891018390656
          0.09317652881145477 0.09080317616462708 0.09096331894397736 0.09180300682783127 0.10515766590833664 0.11715240776538849
          0.12799960374832153 0.13773579895496368 0.14638809859752655 0.15399771928787231 0.1607125699520111 0.16698090732097626
          0.1735500544309616 0.18158142268657684 0.19000333547592163 0.19639228284358978 0.2005535215139389 0.2050362378358841
          0.21043065190315247 0.21589411795139313 0.2219741940498352 0.22931553423404694 0.23847652971744537 0.2496703714132309
          0.2623443901538849 0.27493026852607727 0.28520524501800537 0.2903452217578888 0.1607043445110321 0.03868025541305542
          0.0193828996270895 0.017893368378281593 0.017902811989188194 0.017942102625966072 0.017964357510209084 0.017974063754081726
          0.017974672839045525 0.017968526110053062 0.01795724593102932 0.017941970378160477 0.0179235078394413 0.01790245622396469
          0.017879296094179153 0.017854437232017517 0.017828211188316345 0.017787229269742966 0.017719844356179237 0.017642460763454437
          0.017563143745064735 0.01748608611524105 0.01741371490061283 0.01734762080013752 0.01728891022503376 0.017238253727555275
          0.01719585247337818 0.017161451280117035 0.017134418711066246 0.017113886773586273 0.01709890179336071 0.017088543623685837
          0.01708199456334114 0.01707850769162178 0.017077282071113586 0.017077308148145676 2.718945957269625e-9 5.636347282234055e-7
          0.00007105899567250162 0.002236602595075965 0.023701218888163567 0.10800538957118988 0.11848341673612595 0.1272834688425064
          0.13596494495868683 0.14101877808570862 0.1473904699087143 0.15212076902389526 0.15481239557266235 0.1540912687778473
          0.14716306328773499 0.1349434107542038 0.12230383604764938 0.11714237183332443 0.12649188935756683 0.1379891335964203
          0.14561054110527039 0.15191558003425598 0.16136759519577026 0.17791789770126343 0.20048947632312775 0.22192968428134918
          0.2367226630449295 0.24695856869220734 0.2564317584037781 0.2667807638645172 0.2775028645992279 0.2864995002746582
          0.2919164001941681 0.28249120712280273 0.17155927419662476 0.05666390433907509 0.025867203250527382 0.024242985993623734
          0.027542589232325554 0.03126438707113266 0.03479214385151863 0.03795985132455826 0.040692660957574844 0.042963527143001556
          0.044775620102882385 0.04615284875035286 0.047134798020124435 0.04777414724230766 0.04813379794359207 0.04828125610947609
          0.04825079068541527 0.04809005931019783 0.047907404601573944 0.04771614819765091 0.04752233624458313 0.04732917994260788
          0.047139473259449005 0.04695669934153557 0.046785078942775726 0.0466289259493351 0.046491678804159164 0.04637526348233223
          0.04627993702888489 0.04620452970266342 0.04614698514342308 0.046104978770017624 0.046076416969299316 0.04605947807431221
          0.046052031219005585 0.046050798147916794 8.162817088930296e-10 1.6673999425620423e-7 0.000021355228454922326 0.0006946997018530965
          0.006847748998552561 0.04141686111688614 0.06141684949398041 0.07746095210313797 0.08835701644420624 0.09643144905567169
          0.0990399494767189 0.09599161893129349 0.08679870516061783 0.07488176226615906 0.06476686894893646 0.0572206936776638
          0.052924200892448425 0.05506737902760506 0.07727736234664917 0.12421717494726181 0.16891735792160034 0.19942839443683624
          0.21883662045001984 0.23245328664779663 0.24287408590316772 0.2509172856807709 0.25737330317497253 0.2637401819229126
          0.2710944414138794 0.2791360914707184 0.28644219040870667 0.29092925786972046 0.283603310585022 0.2627733647823334
          0.18885475397109985 0.08343455195426941 0.03549589961767197 0.026737788692116737 0.029289642348885536 0.03401048481464386
          0.03899822756648064 0.0438820943236351 0.048560746014118195 0.05293615162372589 0.056874632835388184 0.06021523103117943
          0.06280974298715591 0.06457545608282089 0.0655379369854927 0.06609626114368439 0.06649083644151688 0.06703904271125793
          0.06774809211492538 0.06857743859291077 0.0694839283823967 0.07042669504880905 0.07136483490467072 0.07225532084703445
          0.07305748015642166 0.07374072819948196 0.07429016381502151 0.07470671087503433 0.07500383257865906 0.0752013772726059
          0.07531969994306564 0.07537699490785599 0.07539241760969162 0.07538513839244843 0.07537272572517395 0.07536646723747253
          2.0028002867267247e-10 3.9516791616733826e-8 0.000004854839971812908 0.0001699055719655007 0.0016362261958420277 0.009567837230861187
          0.018382761627435684 0.02754938043653965 0.03528279438614845 0.03802485764026642 0.03861571103334427 0.036133285611867905
          0.03316090628504753 0.029601244255900383 0.025602778419852257 0.02220599539577961 0.021148359403014183 0.025037774816155434
          0.03861206769943237 0.08435839414596558 0.16388002038002014 0.2210368812084198 0.24526935815811157 0.2561824917793274
          0.26206517219543457 0.2661153972148895 0.2699916362762451 0.27462828159332275 0.27997156977653503 0.28498536348342896
          0.2878064513206482 0.2810274064540863 0.2583450675010681 0.2485342025756836 0.20699836313724518 0.12178103625774384
          0.05733812227845192 0.03391711041331291 0.029880963265895844 0.031229771673679352 0.03533625975251198 0.03957543522119522
          0.04366334155201912 0.047474950551986694 0.05084450915455818 0.05352940037846565 0.05523339658975601 0.055817414075136185
          0.055656637996435165 0.05469255521893501 0.05348864942789078 0.05277588963508606 0.05234656110405922 0.05224695801734924
          0.052487052977085114 0.05305343121290207 0.0539422482252121 0.0551462285220623 0.05665737763047218 0.0584886260330677
          0.06068672239780426 0.06329086422920227 0.06630214303731918 0.0696316808462143 0.07303708046674728 0.07604656368494034
          0.07836772501468658 0.07992422580718994 0.08074621856212616 0.08096355199813843 3.860520583764959e-11 7.268893043033131e-9
          8.464637062388647e-7 0.000031983814551495016 0.000317646045004949 0.0017188990022987127 0.004127314314246178 0.007235127035528421
          0.00978865846991539 0.011253147386014462 0.011855101212859154 0.011842641048133373 0.010778920724987984 0.008938106708228588
          0.006918096914887428 0.005749125964939594 0.007340527605265379 0.013562017120420933 0.02367689460515976 0.03572908788919449
          0.07237496227025986 0.1539684385061264 0.21464836597442627 0.2449534684419632 0.25989454984664917 0.2678894102573395
          0.2730243504047394 0.27717453241348267 0.2805030941963196 0.2811260521411896 0.27189844846725464 0.24936632812023163
          0.24254775047302246 0.24289748072624207 0.2267446219921112 0.1679297387599945 0.09615479409694672 0.059630755335092545
          0.04493661969900131 0.03812636062502861 0.03632088005542755 0.03667262941598892 0.03792840987443924 0.0394909642636776
          0.04102519899606705 0.04232250154018402 0.043274667114019394 0.04388692229986191 0.044257741421461105 0.04452109336853027
          0.04509520158171654 0.045308917760849 0.045007992535829544 0.0443921759724617 0.043671563267707825 0.04300064966082573
          0.04249049723148346 0.042211875319480896 0.04218803718686104 0.042417120188474655 0.04290573671460152 0.043674491345882416
          0.044754792004823685 0.046185705810785294 0.0480046309530735 0.05024191364645958 0.05292275920510292 0.05605541914701462
          0.059609778225421906 0.06347157806158066 5.7676701956110854e-12 1.0326179911146482e-9 1.1375417585668401e-7 0.000004555337454803521
          0.00005009373489883728 0.00027421535924077034 0.0007750396034680307 0.0014994425000622869 0.0020854370668530464 0.002582521876320243
          0.002912747673690319 0.0028439490124583244 0.0023914361372590065 0.00176127883605659 0.0013299310812726617 0.002567628398537636
          0.008893627673387527 0.022902386263012886 0.04199296236038208 0.0572931207716465 0.055666036903858185 0.08212342858314514
          0.14592048525810242 0.20516370236873627 0.23810073733329773 0.25530412793159485 0.26430824398994446 0.2683931291103363
          0.2662801444530487 0.25470611453056335 0.23823978006839752 0.2305898666381836 0.23450201749801636 0.24171513319015503
          0.2468889206647873 0.2174573540687561 0.15670695900917053 0.11283180117607117 0.08829861134290695 0.07232540100812912
          0.06168946251273155 0.054454535245895386 0.04951228201389313 0.046152543276548386 0.04386141896247864 0.042252302169799805
          0.04105107858777046 0.04008518531918526 0.03926071897149086 0.0385485514998436 0.03792919963598251 0.037515491247177124
          0.037336915731430054 0.03735765814781189 0.03747623413801193 0.03760160133242607 0.03768331557512283 0.03772081807255745
          0.037729039788246155 0.03770375996828079 0.03764708712697029 0.037577591836452484 0.037520792335271835 0.037504490464925766
          0.037559423595666885 0.037722036242485046 0.038037363439798355 0.038561154156923294 0.03936028480529785 0.040509182959795
          6.655150605952564e-13 1.1335152955149752e-10 1.1849800252150544e-8 4.938567030876584e-7 0.0000061182699937489815 0.00003732655750354752
          0.00011624521721387282 0.0002361084334552288 0.00034364021848887205 0.0004605494032148272 0.0005353616434149444 0.0005178083083592355
          0.0004235987435095012 0.0003125517687294632 0.0005796447512693703 0.004092005547136068 0.016753660514950752 0.0414905808866024
          0.07316423207521439 0.10056541115045547 0.11089246720075607 0.08261014521121979 0.10574665665626526 0.15707480907440186
          0.1985815465450287 0.22538445889949799 0.23911821842193604 0.2415180802345276 0.23112009465694427 0.22009319067001343
          0.21605034172534943 0.21904447674751282 0.2264879196882248 0.23675264418125153 0.25380846858024597 0.25315797328948975
          0.22584035992622375 0.19241435825824738 0.16671669483184814 0.14665696024894714 0.1302030235528946 0.11612024158239365
          0.1037735715508461 0.0928552895784378 0.08320760726928711 0.07473746687173843 0.06736379861831665 0.06100304052233696
          0.05556797981262207 0.05096489563584328 0.047097042202949524 0.04387083277106285 0.04120582342147827 0.03904235363006592
          0.03737333416938782 0.036199893802404404 0.03549659624695778 0.03521345928311348 0.0352950356900692 0.03566654026508331
          0.03622408211231232 0.03686197102069855 0.037498097866773605 0.03805295005440712 0.038489341735839844 0.038814615458250046
          0.03904439136385918 0.03918813541531563 0.03925018012523651 0.039243750274181366 5.842184104109388e-14 9.477581046357653e-12
          9.478355877945432e-10 4.041670464971503e-8 5.538094001167337e-7 0.000003762083906622138 0.000013024119652982336 0.00002813510400301311
          0.000043878131691599265 0.000064004649175331 0.00008282055205199867 0.00009020302968565375 0.00008597943087806925 0.00008696127770235762
          0.0006872462690807879 0.006563895847648382 0.025649867951869965 0.05819768086075783 0.09827365726232529 0.13115935027599335
          0.14072611927986145 0.12370152026414871 0.09786053746938705 0.1184253990650177 0.15173909068107605 0.1802375316619873
          0.19696392118930817 0.20076467096805573 0.19436095654964447 0.192258819937706 0.19653768837451935 0.2038305699825287
          0.21066175401210785 0.21704170107841492 0.22738614678382874 0.2374902218580246 0.24221737682819366 0.23975449800491333
          0.23342928290367126 0.22537937760353088 0.2165510207414627 0.2073051929473877 0.1978796273469925 0.18853257596492767
          0.1795617640018463 0.17126506567001343 0.1638879030942917 0.15755650401115417 0.1522088497877121 0.1475512832403183
          0.14306262135505676 0.13808782398700714 0.13200652599334717 0.12444960325956345 0.11549527943134308 0.10568545013666153
          0.09588935971260071 0.08707790076732635 0.07999759167432785 0.07489987462759018 0.07160764932632446 0.06967652589082718
          0.06854797899723053 0.06758285313844681 0.0661836564540863 0.06432574987411499 0.06223078444600105 0.06018207594752312
          0.058436162769794464 0.05719584599137306 3.652497124602373e-15 5.622073986910614e-13 5.440700320824554e-11 2.378190311347339e-9
          3.5288429955926404e-8 2.621518717660365e-7 9.511123835181934e-7 0.0000021732712411903776 0.000003902266598743154 0.000005482015239977045
          0.000011459500456112437 0.000019220395188312978 0.000026776860977406614 0.000037470555980689824 0.00025407029897905886 0.004021483473479748
          0.02004111558198929 0.05023249611258507 0.09565510600805283 0.14515863358974457 0.1726842224597931 0.16981330513954163
          0.14564014971256256 0.12466151267290115 0.13050204515457153 0.14257465302944183 0.15372100472450256 0.16026441752910614
          0.16218914091587067 0.16439387202262878 0.16827695071697235 0.17202425003051758 0.1729777455329895 0.1731676310300827
          0.17488613724708557 0.1790560632944107 0.18573540449142456 0.19400335848331451 0.202632337808609 0.21073701977729797
          0.2177993357181549 0.22360694408416748 0.22816245257854462 0.23161031305789948 0.23417454957962036 0.23611564934253693
          0.23769459128379822 0.23913970589637756 0.24062129855155945 0.24223239719867706 0.24397853016853333 0.245793417096138
          0.2475639134645462 0.24917086958885193 0.25053587555885315 0.25167328119277954 0.25274741649627686 0.2541014552116394
          0.25615811347961426 0.2591782510280609 0.2629897892475128 0.2668130099773407 0.2693350613117218 0.26952481269836426
          0.26749053597450256 0.26341819763183594 0.25753480195999146 0.25012800097465515 0.24154183268547058 0.2321573793888092
          1.2851968704707435e-16 1.8426180245782915e-14 1.7384280863799728e-12 7.894618292425548e-11 1.2758444301042005e-9 1.0336504985275496e-8
          4.0719772442798785e-8 1.0303123332278119e-7 2.000230097110034e-7 3.2094561674966826e-7 5.711746098313597e-7 0.0000033271489883190952
          0.00000970345445239218 0.000016634354324196465 0.000023928570954012685 0.00003684767580125481 0.0001018585535348393 0.0019943334627896547
          0.0348585844039917 0.11744434386491776 0.1881001740694046 0.2064681202173233 0.19236356019973755 0.16934920847415924
          0.1494949907064438 0.1419776827096939 0.14430564641952515 0.14671330153942108 0.14851470291614532 0.15026888251304626
          0.15219561755657196 0.1539561152458191 0.15590451657772064 0.15886741876602173 0.16317342221736908 0.16861721873283386
          0.17491869628429413 0.18185973167419434 0.18918688595294952 0.19666294753551483 0.20409975945949554 0.21135865151882172
          0.2183404564857483 0.2249947190284729 0.2313176840543747 0.23733146488666534 0.24307076632976532 0.2485744059085846
          0.25387904047966003 0.259014368057251 0.26400092244148254 0.2688489854335785 0.2735597491264343 0.2781285047531128
          0.28254956007003784 0.28682222962379456 0.29095685482025146 0.2949759364128113 0.29890432953834534 0.3027496933937073
          0.3064870834350586 0.31006190180778503 0.31341224908828735 0.31648918986320496 0.3192536234855652 0.32166948914527893
          0.32370349764823914 0.3253268301486969 0.3265182673931122 0.3272722363471985
        </DataArray>
        <DataArray type="Float32" Name="CO2_Gas_mass_fractions_5" format="ascii" RangeMin="5.663753035056068e-16" RangeMax="0.30274081230163574">
          1.2949116445781783e-8 0.0000025018391625053482 0.0002737765898928046 0.014917450957000256 0.23781992495059967 0.10428646951913834
          0.08539736270904541 0.08236484229564667 0.08167815953493118 0.08160899579524994 0.08719680458307266 0.09238853305578232
          0.09718290716409683 0.10157816112041473 0.10558686405420303 0.10924933105707169 0.11267741024494171 0.1161847934126854
          0.12045121937990189 0.12713155150413513 0.13708637654781342 0.14879721403121948 0.16010922193527222 0.16678455471992493
          0.1683371216058731 0.16877715289592743 0.16889989376068115 0.16884446144104004 0.1687539964914322 0.16878314316272736
          0.1690472960472107 0.1696425825357437 0.17098845541477203 0.18160724639892578 0.12145308405160904 0.02593352273106575
          0.010553134605288506 0.009494602680206299 0.009493761695921421 0.009514681994915009 0.009526550769805908 0.009531727060675621
          0.009532049298286438 0.009528767317533493 0.009522748179733753 0.009514598175883293 0.009504747577011585 0.009493518620729446
          0.009481165558099747 0.00946790724992752 0.00945392157882452 0.009432066231966019 0.009396129287779331 0.009354866109788418
          0.009312574751675129 0.009271493181586266 0.009232915006577969 0.009197688661515713 0.00916640181094408 0.009139409288764
          0.009116820059716702 0.009098493494093418 0.009084094315767288 0.009073158726096153 0.009065178222954273 0.009059661999344826
          0.00905617419630289 0.009054318070411682 0.009053664281964302 0.009053679183125496 4.853158763751253e-9 9.294564051742782e-7
          0.00010428737732581794 0.004112257156521082 0.28938138484954834 0.20109446346759796 0.17501085996627808 0.165174201130867
          0.16046160459518433 0.15268543362617493 0.15187716484069824 0.15462343394756317 0.16143877804279327 0.17334149777889252
          0.1917945295572281 0.21335843205451965 0.23086696863174438 0.23601894080638885 0.2267327755689621 0.21953558921813965
          0.22021956741809845 0.22503165900707245 0.2287929505109787 0.22645451128482819 0.2153479903936386 0.19779491424560547
          0.18314220011234283 0.17488256096839905 0.17128287255764008 0.17015689611434937 0.1703082025051117 0.17138338088989258
          0.17503905296325684 0.19350814819335938 0.1389027088880539 0.03952347859740257 0.01452834066003561 0.012908315286040306
          0.014633290469646454 0.016617780551314354 0.01849994994699955 0.020190315321087837 0.021648762747645378 0.02286072075366974
          0.023827794939279556 0.02456270530819893 0.02508656494319439 0.02542751282453537 0.02561914548277855 0.025697514414787292
          0.02568064071238041 0.025593608617782593 0.025494514033198357 0.025390569120645523 0.025285063311457634 0.02517976425588131
          0.025076230987906456 0.024976395070552826 0.02488260716199875 0.02479725517332554 0.02472223900258541 0.024658622220158577
          0.024606535211205482 0.024565335363149643 0.024533888325095177 0.024510927498340607 0.024495312944054604 0.024486050009727478
          0.02448197640478611 0.02448130212724209 1.5295488209332575e-9 2.8628483050852083e-7 0.000032239513529930264 0.0012724795378744602
          0.09036624431610107 0.11565472930669785 0.12196945399045944 0.12686924636363983 0.24525386095046997 0.2472197264432907
          0.25138506293296814 0.2587829530239105 0.26876387000083923 0.2780749201774597 0.2833273410797119 0.2857515513896942
          0.286541610956192 0.284975528717041 0.2757294178009033 0.2561340034008026 0.23652274906635284 0.2224818766117096
          0.2131258249282837 0.20475676655769348 0.1952073723077774 0.18535204231739044 0.1777222603559494 0.17333382368087769
          0.17152956128120422 0.17136837542057037 0.1723322719335556 0.1750500500202179 0.1882932335138321 0.20483769476413727
          0.15820960700511932 0.059771303087472916 0.020960379391908646 0.014386135153472424 0.015574567951261997 0.018085144460201263
          0.020752355456352234 0.02336924336850643 0.02588168904185295 0.0282365120947361 0.030360670760273933 0.03216603398323059
          0.03357130289077759 0.03453074023127556 0.03505746275186539 0.03536810725927353 0.03559232875704765 0.0359015055000782
          0.03629911318421364 0.03676260635256767 0.03726797178387642 0.03779234364628792 0.03831270709633827 0.038804855197668076
          0.03924607113003731 0.039619624614715576 0.039917923510074615 0.040142353624105453 0.040300995111465454 0.040404681116342545
          0.04046366363763809 0.04048684239387512 0.04048492759466171 0.040470536798238754 0.040456272661685944 0.04044991359114647
          3.9199965495839706e-10 7.107909993919748e-8 0.000007815301614755299 0.0003131759585812688 0.01640988700091839 0.030033661052584648
          0.03993118926882744 0.048745833337306976 0.09045371413230896 0.2839535176753998 0.2919824421405792 0.2934172749519348
          0.2942129075527191 0.29493221640586853 0.2958037853240967 0.296557754278183 0.29665428400039673 0.29524219036102295
          0.29046422243118286 0.27258655428886414 0.23917384445667267 0.21343894302845 0.20058390498161316 0.19236966967582703
          0.18553364276885986 0.17981792986392975 0.1758410632610321 0.1738176792860031 0.17344869673252106 0.1743704378604889
          0.17699027061462402 0.1870635449886322 0.21059009432792664 0.21314023435115814 0.1754486858844757 0.08823665976524353
          0.03550635650753975 0.018850641325116158 0.01600632444024086 0.016605645418167114 0.01879367046058178 0.021060174331068993
          0.023249955847859383 0.02529512159526348 0.02710479311645031 0.02854619175195694 0.029456965625286102 0.029761062934994698
          0.029665641486644745 0.029143771156668663 0.028496721759438515 0.028116382658481598 0.027891837060451508 0.02784820646047592
          0.02799181453883648 0.028317555785179138 0.028826644644141197 0.029519695788621902 0.030398163944482803 0.03147615119814873
          0.032787904143333435 0.034364745020866394 0.03621743619441986 0.03830336034297943 0.040481988340616226 0.04245719686150551
          0.04402156546711922 0.04509531334042549 0.045676469802856445 0.04584609344601631 8.011323548995364e-11 1.4026673156308789e-8
          0.0000014971720929679577 0.00006184238736750558 0.002097852760925889 0.005314989015460014 0.009351721964776516 0.014252354390919209
          0.1796257495880127 0.299587607383728 0.3000296354293823 0.29993104934692383 0.30012065172195435 0.30055510997772217
          0.3010634183883667 0.3013441562652588 0.3008735179901123 0.2991846799850464 0.2964951694011688 0.29263633489608765
          0.27699941396713257 0.24169279634952545 0.21371246874332428 0.19765782356262207 0.18801286816596985 0.18210092186927795
          0.17890042066574097 0.17781782150268555 0.178388312458992 0.1813325583934784 0.1914590299129486 0.21392759680747986
          0.2246273010969162 0.2204621285200119 0.19153302907943726 0.1212615817785263 0.061220683157444 0.03506741300225258
          0.02515561319887638 0.02078852429986 0.01955534890294075 0.01963140070438385 0.020250974223017693 0.021060476079583168
          0.021866796538233757 0.02255178429186344 0.02305411547422409 0.023375051096081734 0.023567168042063713 0.023702343925833702
          0.024004487320780754 0.024116218090057373 0.02395353652536869 0.02362300269305706 0.02323765680193901 0.022880766540765762
          0.022612037137150764 0.02246946655213833 0.02246592938899994 0.022601274773478508 0.022880198433995247 0.02331533655524254
          0.02392580360174179 0.02473568543791771 0.0257693100720644 0.02704969234764576 0.028601355850696564 0.030443673953413963
          0.03257700800895691 0.034953523427248 1.299535739435198e-11 2.2008823652441833e-9 2.294513024025946e-7 0.000010083362212753855
          0.00025065793306566775 0.0008813272579573095 0.001989963697269559 0.02548559382557869 0.28766563534736633 0.3021598756313324
          0.30211907625198364 0.30212271213531494 0.3022242486476898 0.30236971378326416 0.30245447158813477 0.3020741045475006
          0.3003388047218323 0.29668128490448 0.29190900921821594 0.2882140278816223 0.28772929310798645 0.2737864851951599
          0.24477429687976837 0.21711233258247375 0.20063644647598267 0.19158530235290527 0.1873081475496292 0.18661852180957794
          0.19040651619434357 0.2014518678188324 0.2182469367980957 0.23069369792938232 0.23362506926059723 0.22886139154434204
          0.20957033336162567 0.15589457750320435 0.10235194116830826 0.0693882629275322 0.05204946547746658 0.04142728075385094
          0.03463338315486908 0.03013525903224945 0.027116049081087112 0.02508607506752014 0.023712104186415672 0.02275405079126358
          0.022045353427529335 0.021481718868017197 0.021005721762776375 0.020597366616129875 0.02024400234222412 0.02000400237739086
          0.019892973825335503 0.019893351942300797 0.019950326532125473 0.02001456916332245 0.020058635622262955 0.020081207156181335
          0.02008933387696743 0.020080814138054848 0.020057015120983124 0.020027801394462585 0.02000683732330799 0.020009422674775124
          0.020053040236234665 0.020158817991614342 0.020352959632873535 0.02066783979535103 0.02114241011440754 0.02182069420814514
          1.6739561126133395e-12 2.746393112929013e-10 2.8255433548451947e-8 0.0000013496536439561169 0.000031766594474902377 0.00013738684356212616
          0.0003993466089013964 0.042939577251672745 0.29835444688796997 0.30264145135879517 0.3026410937309265 0.30264225602149963
          0.30265918374061584 0.3026767373085022 0.3025840222835541 0.30160456895828247 0.2982705235481262 0.29211312532424927
          0.2846801280975342 0.27856728434562683 0.2761801779270172 0.2793468236923218 0.26438072323799133 0.2406338006258011
          0.22142724692821503 0.20893821120262146 0.2031400352716446 0.2040119618177414 0.21348468959331512 0.22571279108524323
          0.23559749126434326 0.24082662165164948 0.24162164330482483 0.23909682035446167 0.2267816960811615 0.19896700978279114
          0.162457674741745 0.13007695972919464 0.10768020898103714 0.09158425033092499 0.07924895733594894 0.06925497949123383
          0.06086133047938347 0.053682900965213776 0.047507382929325104 0.04220500960946083 0.03767690435051918 0.033836398273706436
          0.030603447929024696 0.02790059521794319 0.025654006749391556 0.023796280845999718 0.022271746769547462 0.02103905938565731
          0.020090220496058464 0.01942439004778862 0.01902659796178341 0.018868371844291687 0.01891857571899891 0.019134720787405968
          0.01945652812719345 0.019821826368570328 0.020181942731142044 0.020489392802119255 0.020722629502415657 0.020888322964310646
          0.020999444648623466 0.02106582000851631 0.021093642339110374 0.021092833951115608 1.6946996106784185e-13 2.678104439601814e-11
          2.736107118650466e-9 1.4192849562277843e-7 0.0000035908151403418742 0.000017051790564437397 0.00005012563997297548 0.002044133609160781
          0.3001764118671417 0.30271852016448975 0.30273139476776123 0.3027261793613434 0.3027224540710449 0.30271583795547485
          0.30253860354423523 0.30095914006233215 0.29615962505340576 0.2885231375694275 0.27969104051589966 0.2727576494216919
          0.2705499529838562 0.2729254961013794 0.27323558926582336 0.2612549662590027 0.24557237327098846 0.23272457718849182
          0.22603079676628113 0.22659055888652802 0.23397879302501678 0.24111583828926086 0.24612919986248016 0.24865087866783142
          0.2495862990617752 0.24958841502666473 0.24634777009487152 0.2385648787021637 0.22507967054843903 0.2074785977602005
          0.1901090443134308 0.1745319813489914 0.16083893179893494 0.1486794799566269 0.13774971663951874 0.12788145244121552
          0.11902274191379547 0.11118346452713013 0.10438444465398788 0.09860537946224213 0.09373514354228973 0.08954539149999619
          0.08569098263978958 0.08176345378160477 0.07738593220710754 0.07233266532421112 0.06663785874843597 0.06060037389397621
          0.05470393970608711 0.049488794058561325 0.04536495357751846 0.042454928159713745 0.04063211381435394 0.03961499035358429
          0.03905711695551872 0.03856216371059418 0.03776120766997337 0.03664614260196686 0.03535759821534157 0.034070298075675964
          0.03294115513563156 0.03209560737013817 1.2747236839488144e-14 1.9031597044832926e-12 1.924030240685326e-10 1.0690599516749444e-8
          2.939054013495479e-7 0.0000014927819620424998 0.000004618000275513623 0.00017696853319648653 0.07024779915809631 0.272501140832901
          0.3026283085346222 0.30274081230163574 0.3027353882789612 0.30272775888442993 0.3026617467403412 0.3016645610332489
          0.2977425754070282 0.2908608615398407 0.2809929847717285 0.2706187963485718 0.26490092277526855 0.2647985816001892
          0.2678675651550293 0.26781320571899414 0.26147130131721497 0.2546616792678833 0.24951261281967163 0.2476004660129547
          0.24912726879119873 0.2516825199127197 0.2540230453014374 0.2558504641056061 0.2575788199901581 0.25904300808906555
          0.2598620355129242 0.25974541902542114 0.25830137729644775 0.25517383217811584 0.2505055069923401 0.24469336867332458
          0.23818820714950562 0.2313576489686966 0.22447039186954498 0.2177349328994751 0.21130546927452087 0.2053024172782898
          0.19982032477855682 0.19492220878601074 0.19063206017017365 0.18692553043365479 0.183725044131279 0.18091633915901184
          0.17836840450763702 0.17596368491649628 0.17362870275974274 0.1713651567697525 0.16928187012672424 0.16760483384132385
          0.1666022390127182 0.16642528772354126 0.1669423133134842 0.16764308512210846 0.16770236194133759 0.166503444314003
          0.16416104137897491 0.1608237475156784 0.1566467136144638 0.15180359780788422 0.1464861035346985 0.1408962905406952
          5.663753035056068e-16 7.743991944008863e-14 7.626184406195335e-12 4.4513900898657255e-10 1.3113164776257236e-8 7.210780239574888e-8
          2.4181119329114154e-7 0.000005767581114923814 0.0014488622546195984 0.06483759731054306 0.1228669136762619 0.30066925287246704
          0.30273470282554626 0.30273860692977905 0.30273276567459106 0.30272528529167175 0.3027031421661377 0.30221042037010193
          0.2944883108139038 0.2765193581581116 0.2622230052947998 0.2585047483444214 0.26047104597091675 0.263384073972702
          0.2647068500518799 0.26289859414100647 0.26101207733154297 0.2599588930606842 0.2598835825920105 0.26040059328079224
          0.2611774504184723 0.2621109187602997 0.2630108594894409 0.2636507749557495 0.26392418146133423 0.26385509967803955
          0.2634671628475189 0.2627391517162323 0.261667937040329 0.26027530431747437 0.25860220193862915 0.25670114159584045
          0.25464507937431335 0.25251322984695435 0.2503642141819 0.24824191629886627 0.24618083238601685 0.24420736730098724
          0.2423393875360489 0.24058499932289124 0.2389441579580307 0.2374085783958435 0.23596486449241638 0.23459933698177338
          0.2333035171031952 0.2320796698331833 0.23094458878040314 0.22992725670337677 0.22905506193637848 0.22833247482776642
          0.22772741317749023 0.22717927396297455 0.22662752866744995 0.22603559494018555 0.22538329660892487 0.22465695440769196
          0.22384697198867798 0.22294756770133972 0.22195719182491302 0.22088398039340973
        </DataArray>
        <DataArray type="Float32" Name="H2_Gas_mass_fractions_6" format="ascii" RangeMin="2.1570789188961778e-17" RangeMax="0.05624539777636528">
          1.3242351659670248e-9 2.7299401494929043e-7 0.00003286888750153594 0.0012172050774097443 0.012376093305647373 0.01692928560078144
          0.014066262170672417 0.013739965856075287 0.013801025226712227 0.013967624865472317 0.016366679221391678 0.01851711980998516
          0.02046091854572296 0.022204730659723282 0.023753633722662926 0.025115488097071648 0.026317384093999863 0.02744033746421337
          0.02862009033560753 0.030072100460529327 0.03161757439374924 0.03282437473535538 0.03364149481058121 0.03447506204247475
          0.03542248532176018 0.03637197986245155 0.03742535039782524 0.0386957973241806 0.0402824766933918 0.04222637042403221
          0.04443661496043205 0.046644676476716995 0.04846654087305069 0.049502015113830566 0.027541808784008026 0.006649775896221399
          0.0033356572967022657 0.0030798600055277348 0.0030815163627266884 0.0030882814899086952 0.0030921120196580887 0.0030937830451875925
          0.0030938878189772367 0.00309282960370183 0.003090888261795044 0.003088258672505617 0.0030850807670503855 0.003081457456573844
          0.0030774709302932024 0.0030731922015547752 0.003068678081035614 0.0030616240110248327 0.003050025086849928 0.0030367057770490646
          0.0030230532865971327 0.0030097898561507463 0.0029973327182233334 0.0029859563801437616 0.0029758510645478964 0.0029671317897737026
          0.0029598334804177284 0.002953912131488323 0.0029492590110749006 0.002945725107565522 0.002943145576864481 0.0029413627926260233
          0.002940235659480095 0.0029396354220807552 0.002939424244686961 0.0029394289012998343 4.6150461230354267e-10 9.608210405076534e-8
          0.00001218755824083928 0.00038260500878095627 0.003965334501117468 0.017449375241994858 0.019279558211565018 0.020821455866098404
          0.02233508788049221 0.02317233197391033 0.024286679923534393 0.025140609592199326 0.02567184902727604 0.02565155178308487
          0.024607975035905838 0.022671997547149658 0.020629772916436195 0.0197836235165596 0.021337227895855904 0.023276958614587784
          0.024609075859189034 0.025747865438461304 0.027425406500697136 0.030284294858574867 0.03411140292882919 0.03768090903759003
          0.04011724889278412 0.04181784391403198 0.04343029856681824 0.0452236570417881 0.047102995216846466 0.04869895428419113
          0.049702633172273636 0.04827093333005905 0.029438456520438194 0.009738931432366371 0.004450520034879446 0.004172661807388067
          0.004740751814097166 0.005381377413868904 0.005988593213260174 0.006533835083246231 0.007004220504313707 0.007395092863589525
          0.007706999313086271 0.007944055832922459 0.00811307318508625 0.008223121054470539 0.00828502606600523 0.008310407400131226
          0.008305163122713566 0.008277496322989464 0.008246056735515594 0.008213136345148087 0.008179775439202785 0.008146527223289013
          0.00811387412250042 0.008082413114607334 0.008052872493863106 0.008025993593037128 0.008002368733286858 0.007982331328094006
          0.007965922355651855 0.00795294251292944 0.007943037897348404 0.00793580710887909 0.007930890657007694 0.007927975617349148
          0.007926693186163902 0.00792648084461689 1.383128056531291e-10 2.839601798143576e-8 0.0000036628739508159924 0.00011907841690117493
          0.001162850996479392 0.006856628227978945 0.010230110026896 0.012966128997504711 0.014845035038888454 0.016239652410149574
          0.016730520874261856 0.016271818429231644 0.01476910151541233 0.012787289917469025 0.011082070879638195 0.009796674363315105
          0.009060481563210487 0.009423624724149704 0.0132143534719944 0.021219855174422264 0.02883046306669712 0.034014590084552765
          0.037304095923900604 0.039592135697603226 0.041312042623758316 0.04261517524719238 0.04366327449679375 0.04472809284925461
          0.04599357396364212 0.04740143567323685 0.04869960993528366 0.049528997391462326 0.048401203006505966 0.04499182105064392
          0.032422445714473724 0.014337037689983845 0.0061045545153319836 0.004601446911692619 0.00504138320684433 0.0058540403842926025
          0.006712567526847124 0.007553207688033581 0.008358526974916458 0.009111650288105011 0.009789569303393364 0.010364577174186707
          0.01081116497516632 0.011115094646811485 0.011280764825642109 0.011376870796084404 0.01144479215145111 0.011539158411324024
          0.011661209166049957 0.011803966946899891 0.011960003525018692 0.012122281827032566 0.012283764779567719 0.012437044642865658
          0.012575119733810425 0.012692725285887718 0.012787298299372196 0.012858996167778969 0.012910138815641403 0.012944141402840614
          0.012964505702257156 0.01297436561435461 0.012977018021047115 0.012975762598216534 0.012973624281585217 0.012972545810043812
          3.390250233326064e-11 6.7236900491707274e-9 8.315412287629442e-7 0.000029135846489225514 0.0002797115012072027 0.001608898863196373
          0.0031061540357768536 0.004674031399190426 0.0060042040422558784 0.006488311570137739 0.006604063790291548 0.006190002895891666
          0.0056841084733605385 0.0050736721605062485 0.0043867845088243484 0.003802592633292079 0.003619531635195017 0.004285015631467104
          0.006608326453715563 0.01442074216902256 0.027976835146546364 0.03769893944263458 0.04179660230875015 0.04361431673169136
          0.04456835985183716 0.04521476849913597 0.04584941640496254 0.046638838946819305 0.047572776675224304 0.04846790432929993
          0.049002066254615784 0.04793490841984749 0.04420826956629753 0.042610131204128265 0.03554622083902359 0.020923536270856857
          0.009856369346380234 0.005834320094436407 0.00514223100617528 0.0053752935491502285 0.006082207430154085 0.006811895407736301
          0.007515536155551672 0.008171633817255497 0.008751622401177883 0.009213762357831001 0.009507063776254654 0.009607585147023201
          0.009579909965395927 0.009413965046405792 0.00920674204826355 0.009084057994186878 0.009010162204504013 0.00899302214384079
          0.009034354239702225 0.00913185067474842 0.009284849278628826 0.009492099285125732 0.009752225130796432 0.010067453607916832
          0.010445836000144482 0.010894118808209896 0.011412493884563446 0.011985661461949348 0.012571899220347404 0.013089990243315697
          0.01348959282040596 0.013757558539509773 0.013899075798690319 0.013936495408415794 6.526109080223774e-12 1.234713220554795e-9
          1.446670552240903e-7 0.000005485319434228586 0.00005443123882287182 0.0002923259453382343 0.0007040044292807579 0.0012369328178465366
          0.0016764511819928885 0.0019291304051876068 0.002032789634540677 0.0020300701726228 0.0018466581823304296 0.0015297349309548736
          0.0011818793136626482 0.0009800540283322334 0.0012527754297479987 0.002321983454748988 0.004060730803757906 0.006125879008322954
          0.012370810844004154 0.02626902610063553 0.03658388927578926 0.041711095720529556 0.04421936720609665 0.045553311705589294
          0.04641736298799515 0.04713441804051399 0.04772891476750374 0.047878723591566086 0.046379122883081436 0.04265625774860382
          0.04157204553484917 0.041677020490169525 0.03894290700554848 0.028850719332695007 0.016524355858564377 0.010251378640532494
          0.007728093769401312 0.006559009198099375 0.006249713711440563 0.006310996599495411 0.006527576129883528 0.006796791683882475
          0.0070610386319458485 0.007284453138709068 0.007448432967066765 0.007553885690867901 0.007617766968905926 0.007663137745112181
          0.007761985529214144 0.007798768579959869 0.007746964227408171 0.007640966214239597 0.007516936864703894 0.007401463575661182
          0.007313663139939308 0.0072657144628465176 0.007261620834469795 0.007301060017198324 0.0073851714842021465 0.007517500314861536
          0.007703454699367285 0.00794975832104683 0.008262849412858486 0.00864795595407486 0.009109418839216232 0.00964866392314434
          0.010260510258376598 0.010925293900072575 9.730523678475045e-13 1.7495138671108634e-10 1.938113136645825e-8 7.802419759173063e-7
          0.000008590254765294958 0.000046917182771721855 0.0001327641075477004 0.00025706455926410854 0.00035761756589636207 0.0004423539212439209
          0.0004982120008207858 0.00048543146112933755 0.00040668316069059074 0.0002973125665448606 0.00022184377303346992 0.00043311461922712624
          0.0015197868924587965 0.003928715828806162 0.007212512195110321 0.009844444692134857 0.009557245299220085 0.014042247086763382
          0.02489456534385681 0.034962236881256104 0.04054670035839081 0.04345884919166565 0.04498947411775589 0.045700445771217346
          0.04537612572312355 0.04346737265586853 0.040745217353105545 0.039514120668172836 0.04022863879799843 0.041493937373161316
          0.04240616038441658 0.03735901042819023 0.02692645601928234 0.019390935078263283 0.015177503228187561 0.012434198521077633
          0.010607550852000713 0.009365027770400047 0.008516308851540089 0.007939406670629978 0.007546038832515478 0.00726978899911046
          0.0070635671727359295 0.006897734012454748 0.006756168324500322 0.006633882410824299 0.00652753422036767 0.00645655719563365
          0.006426022853702307 0.006429750472307205 0.006450274959206581 0.006471935659646988 0.006486059632152319 0.00649256119504571
          0.006494016852229834 0.006489698775112629 0.006479972507804632 0.006468035280704498 0.006458280608057976 0.0064554945565760136
          0.006464967038482428 0.006492970511317253 0.006547256372869015 0.00663742097094655 0.006774976383894682 0.006972736679017544
          1.1200723914984653e-13 1.9143226934192903e-11 2.0109633958043105e-9 8.433094222937143e-8 0.000001047895693773171 0.000006399253379640868
          0.000019938939658459276 0.000040510945837013423 0.000058687895943876356 0.00007806394569342956 0.00008997410623123869 0.00008587017509853467
          0.00006851899524917826 0.000048153971874853596 0.00009244187822332606 0.0006946700741536915 0.002871330361813307 0.007126212120056152
          0.012574823573231697 0.017288047820329666 0.01906375214457512 0.01417612936347723 0.01807396113872528 0.026801228523254395
          0.033857446163892746 0.038413312286138535 0.0407552495598793 0.041185565292835236 0.039461296051740646 0.037642914801836014
          0.03701231628656387 0.037568654865026474 0.038871072232723236 0.04065219685435295 0.04359522834420204 0.043489664793014526
          0.03880099579691887 0.033061522990465164 0.028648873791098595 0.02520422264933586 0.02237858809530735 0.019959986209869385
          0.01783941313624382 0.01596403494477272 0.014306777156889439 0.012851680628955364 0.011584842577576637 0.010491934604942799
          0.009558002464473248 0.00876697339117527 0.008102248422801495 0.007547769695520401 0.007089732214808464 0.00671790586784482
          0.0064310901798307896 0.006229490507394075 0.006108737085014582 0.006060236599296331 0.006074453704059124 0.0061385235749185085
          0.006234580650925636 0.006344449240714312 0.006454011425375938 0.006549593526870012 0.006624801550060511 0.006680892314761877
          0.006720544770359993 0.006745380349457264 0.006756138056516647 0.006755091715604067 9.811307141889807e-15 1.5956416960297148e-12
          1.6019138793232912e-10 6.8711325518222566e-9 9.453292904026966e-8 6.438972945943533e-7 0.000002233724671896198 0.000004828027613257291
          0.000007286154414032353 0.000010282017683493905 0.000012617527318070643 0.000012741993486997671 0.000010769191248982679 0.00000958148575591622
          0.0001110217854147777 0.0011199071304872632 0.004401972983032465 0.01000048965215683 0.016893429681658745 0.02254778891801834
          0.024188950657844543 0.021253198385238647 0.016773298382759094 0.020252058282494545 0.02591570094227791 0.03076564520597458
          0.033620744943618774 0.034288909286260605 0.03323503956198692 0.03292029723525047 0.033692680299282074 0.0349704846739769
          0.03615914285182953 0.03726528584957123 0.03904920816421509 0.040789954364299774 0.041606321930885315 0.04118697717785835
          0.04010353609919548 0.038723256438970566 0.037208784371614456 0.035622239112854004 0.034004535526037216 0.03240009397268295
          0.030860131606459618 0.02943587489426136 0.028169551864266396 0.02708296664059162 0.02616543136537075 0.025366513058543205
          0.02459663711488247 0.023743152618408203 0.022699367254972458 0.021401695907115936 0.019863499328494072 0.018177904188632965
          0.01649431884288788 0.014979684725403786 0.013762455433607101 0.012885965406894684 0.012319827452301979 0.011987697333097458
          0.011793565936386585 0.011627613566815853 0.011387135833501816 0.01106787845492363 0.010707919485867023 0.010355949401855469
          0.010056065395474434 0.009843133389949799 6.127050940446608e-16 9.44464843247346e-14 9.165529446519827e-12 4.0263714584654053e-10
          5.998701979592624e-9 4.4709295821121486e-8 1.62462399089236e-7 3.7136393871151085e-7 6.645300345553551e-7 9.181567293126136e-7
          0.0000012412949672579998 0.0000014556667338183615 0.0000014647752095697797 0.000001954286290128948 0.00003765202927752398 0.0006837703986093402
          0.003438052721321583 0.008630410768091679 0.016441641375422478 0.02495267242193222 0.029681161046028137 0.029180612415075302
          0.025013405829668045 0.021378831937909126 0.022347895428538322 0.02439386025071144 0.02629164233803749 0.027414852753281593
          0.027760548517107964 0.028159521520137787 0.028845608234405518 0.029503952711820602 0.029677513986825943 0.02971707470715046
          0.030017785727977753 0.030738702043890953 0.031890202313661575 0.033314332365989685 0.03480018302798271 0.03619563952088356
          0.03741170093417168 0.03841191530227661 0.03919675201177597 0.03979106619954109 0.04023337736725807 0.040568478405475616
          0.040841229259967804 0.04109089821577072 0.04134676605463028 0.04162484034895897 0.04192608594894409 0.04223913326859474
          0.042544543743133545 0.04282185807824135 0.04305760934948921 0.043254267424345016 0.0434400849044323 0.043674036860466
          0.044028785079717636 0.044549208134412766 0.045205771923065186 0.045864515006542206 0.04629984125494957 0.04633450135588646
          0.04598704352974892 0.04528935253620148 0.04428035393357277 0.04300941154360771 0.04153558984398842 0.039924342185258865
          2.1570789188961778e-17 3.09320846931041e-15 2.923650633656488e-13 1.333109230644558e-11 2.1623107471224756e-10 1.7572744370752957e-9
          6.932693974448512e-9 1.7558170029019493e-8 3.404930737360701e-8 5.2282405960113465e-8 7.360392118016534e-8 9.269138701029078e-8
          1.1772378627483704e-7 1.4316485419385572e-7 2.3337379673193936e-7 0.000001285229814129707 0.000011143099072796758 0.0003347709134686738
          0.005985457915812731 0.020187493413686752 0.03233224153518677 0.035483114421367645 0.03305123746395111 0.029085518792271614
          0.025657406076788902 0.024345040321350098 0.0247364304959774 0.025147169828414917 0.025459041818976402 0.025765934959053993
          0.0261036716401577 0.02641306072473526 0.0267543513327837 0.027269283309578896 0.028014104813337326 0.02895350567996502
          0.03003935143351555 0.03123425506055355 0.032494910061359406 0.033780790865421295 0.035059720277786255 0.036307960748672485
          0.03750850632786751 0.03865271434187889 0.039739951491355896 0.040774013847112656 0.0417608767747879 0.04270721226930618
          0.04361932352185249 0.044502321630716324 0.04535973072052002 0.046193335205316544 0.04700333625078201 0.04778893664479256
          0.04854915663599968 0.049283888190984726 0.04999491199851036 0.05068608373403549 0.05136167258024216 0.052023012191057205
          0.05266580358147621 0.05328069627285004 0.05385706201195717 0.05438650771975517 0.05486232042312622 0.05527832731604576
          0.05562879145145416 0.05590878054499626 0.05611463636159897 0.05624539777636528
        </DataArray>
        <DataArray type="Float32" Name="CH4_Gas_mass_fractions_7" format="ascii" RangeMin="2.7370605758546734e-17" RangeMax="0.06982707232236862">
          1.6587732298845026e-9 3.410894180433388e-7 0.00004092499875696376 0.001533579546958208 0.016150737181305885 0.02368360571563244
          0.01964050717651844 0.019144268706440926 0.019182678312063217 0.019364701583981514 0.02222795970737934 0.02479906938970089
          0.02712406776845455 0.029210807755589485 0.03106513060629368 0.03269593045115471 0.034134987741708755 0.035478461533784866
          0.036886755377054214 0.03860967606306076 0.04041913524270058 0.04179597645998001 0.0426965057849884 0.04366089031100273
          0.04481462016701698 0.04598188400268555 0.04728047177195549 0.04884824529290199 0.050804752856492996 0.053196001797914505
          0.05590452998876572 0.05859575793147087 0.06079505756497383 0.0619092732667923 0.03428194299340248 0.008253771811723709
          0.0041364459320902824 0.0038186523597687483 0.003820687299594283 0.003829076187685132 0.0038338250014930964 0.0038358967285603285
          0.0038360266480594873 0.0038347148802131414 0.0038323078770190477 0.00382904801517725 0.003825108055025339 0.003820616053417325
          0.0038156737573444843 0.0038103689439594746 0.00380477262660861 0.003796027274802327 0.0037816474214196205 0.0037651346065104008
          0.0037482085172086954 0.003731764853000641 0.003716320963576436 0.0037022170145064592 0.0036896883975714445 0.003678878303617239
          0.003669830271974206 0.0036624891217797995 0.003656720509752631 0.003652338869869709 0.003649140940979123 0.003646930679678917
          0.0036455332301557064 0.0036447891034185886 0.0036445274017751217 0.003644533222541213 5.797589075484666e-10 1.2024553086575906e-7
          0.000015172111488936935 0.00047737540444359183 0.005044895689934492 0.02291075326502323 0.02515057660639286 0.02703215926885605
          0.028887394815683365 0.02996213361620903 0.031324341893196106 0.0323389396071434 0.0329219214618206 0.03278091922402382
          0.03132053092122078 0.028732705861330032 0.026050709187984467 0.024953488260507584 0.026941824704408646 0.029391182586550713
          0.03102051094174385 0.03237289562821388 0.03439660742878914 0.0379304513335228 0.04274117574095726 0.047302767634391785
          0.05044688656926155 0.05262421444058418 0.05464394390583038 0.056854214519262314 0.059146683663129807 0.0610724538564682
          0.06223684176802635 0.06024644151329994 0.036601293832063675 0.012090868316590786 0.005520049016922712 0.005173596553504467
          0.005877756513655186 0.006671980954706669 0.007424784358590841 0.008100752718746662 0.008683917112648487 0.009168504737317562
          0.009555193595588207 0.009849087335169315 0.01005862932652235 0.010195063427090645 0.010271812789142132 0.010303281247615814
          0.010296782478690147 0.010262488387525082 0.010223516263067722 0.010182710364460945 0.010141357779502869 0.010100145824253559
          0.01005967054516077 0.010020674206316471 0.009984057396650314 0.00995074026286602 0.009921456687152386 0.009896619245409966
          0.009876280091702938 0.009860190562903881 0.009847912937402725 0.0098389508202672 0.009832857176661491 0.009829242713749409
          0.00982765294611454 0.009827390313148499 1.7402168595026524e-10 3.556835537210645e-8 0.000004559685294225346 0.00014831149019300938
          0.0014599640853703022 0.00880728755146265 0.013068309985101223 0.016490349546074867 0.01881643943488598 0.020540764555335045
          0.021102603524923325 0.020459739491343498 0.018506664782762527 0.015970490872859955 0.013814478181302547 0.012203806079924107
          0.011285419575870037 0.011740458197891712 0.016476023942232132 0.026486540213227272 0.03601856157183647 0.04252370446920395
          0.046660661697387695 0.04956061765551567 0.05177607759833336 0.05348305404186249 0.0548534095287323 0.05620858073234558
          0.057778168469667435 0.059497326612472534 0.06106146425008774 0.0620257593691349 0.06047704070806503 0.05605056509375572
          0.04029277339577675 0.017802776768803596 0.007574504241347313 0.005705897696316242 0.006250536069273949 0.007257950492203236
          0.00832229945808649 0.009364447556436062 0.010362785309553146 0.01129639707505703 0.012136764824390411 0.012849547900259495
          0.013403129763901234 0.013779865577816963 0.013985210098326206 0.014104317873716354 0.014188486151397228 0.014305434189736843
          0.014456701464951038 0.014633642509579659 0.014827047474682331 0.015028196386992931 0.015228364616632462 0.015418368391692638
          0.01558952871710062 0.015735317021608353 0.015852557495236397 0.01594144105911255 0.01600484363734722 0.016046999022364616
          0.01607224904000759 0.016084477305412292 0.01608777418732643 0.01608622446656227 0.016083579510450363 0.016082245856523514
          4.269262721123823e-11 8.428642672697606e-9 0.0000010363607998442603 0.00003627551268436946 0.00034914325806312263 0.002038030419498682
          0.003917700611054897 0.005873861722648144 0.007525116670876741 0.008111783303320408 0.008238781243562698 0.007709306199103594
          0.007074123248457909 0.006313052494078875 0.005458126310259104 0.004731407389044762 0.004503624048084021 0.005331318825483322
          0.008225533179938793 0.017983339726924896 0.03494374454021454 0.04713132604956627 0.05229540169239044 0.05461768060922623
          0.055866360664367676 0.05672478303313255 0.05754821002483368 0.058536771684885025 0.05967886373400688 0.06075272336602211
          0.0613604299724102 0.0599246583878994 0.05510268732905388 0.05301881954073906 0.04416459798812866 0.025984561070799828
          0.012234940193593502 0.007237699348479509 0.00637662410736084 0.006664537359029055 0.0075408401899039745 0.008445427753031254
          0.00931771844625473 0.01013107132166624 0.01085007656365633 0.011422980576753616 0.011786587536334991 0.01191121619194746
          0.011876898817718029 0.011671148240566254 0.011414232663810253 0.011262117885053158 0.01117047667503357 0.011149190366268158
          0.011200390756130219 0.011321213096380234 0.011510833166539669 0.011767695657908916 0.012090092524886131 0.012480780482292175
          0.012949733063578606 0.01350531168282032 0.014147752895951271 0.014858096837997437 0.015584616921842098 0.01622665300965309
          0.016721835359930992 0.017053881660103798 0.017229236662387848 0.017275596037507057 8.228008552269017e-12 1.5500913885801992e-9
          1.8064230289382976e-7 0.000006828867753938539 0.00006780581315979362 0.0003666160919237882 0.0008805951802060008 0.00154408800881356
          0.002089394023641944 0.0024014278315007687 0.0025288518518209457 0.002524908632040024 0.00229648407548666 0.0019021175103262067
          0.0014693334233015776 0.0012178344186395407 0.0015550238313153386 0.002880103187635541 0.005036437883973122 0.007607446983456612
          0.015425479970872402 0.03282736614346504 0.04576531797647476 0.052223771810531616 0.055405549705028534 0.057107068598270416
          0.05820073187351227 0.059086818248033524 0.05979972332715988 0.0599374994635582 0.057977743446826935 0.05318523943424225
          0.05173960328102112 0.05181946977972984 0.048378124833106995 0.03583107143640518 0.020517174154520035 0.012724188156425953
          0.009589001536369324 0.008135989308357239 0.007750825025141239 0.007825911976397038 0.008093916811048985 0.008427368476986885
          0.008754762820899487 0.009031591936945915 0.009234770201146603 0.009365415200591087 0.009444539435207844 0.009500729851424694
          0.009623228572309017 0.009668824262917042 0.009604603052139282 0.009473188780248165 0.009319414384663105 0.009176244959235191
          0.009067380800843239 0.009007920511066914 0.009002825245261192 0.009051695466041565 0.009155942127108574 0.009319961071014404
          0.009550451301038265 0.009855748154222965 0.010243832133710384 0.010721178725361824 0.01129316259175539 0.011961541138589382
          0.012719887308776379 0.013543824665248394 1.2290002999668093e-12 2.201402810042552e-10 2.4266853415610967e-8 9.724254823595402e-7
          0.000010694819138734601 0.00005852957474417053 0.00016545267135370523 0.00032013250165618956 0.0004449704138096422 0.0005501857376657426
          0.0006195587338879704 0.0006035730475559831 0.000505551346577704 0.0003694807819556445 0.00027551600942388177 0.0005371312727220356
          0.0018840059638023376 0.004870148841291666 0.008941217325627804 0.012204611673951149 0.011857866309583187 0.017502307891845703
          0.031108807772397995 0.04374110698699951 0.05076219514012337 0.05442870035767555 0.05634839087724686 0.05722113698720932
          0.05677444115281105 0.054313044995069504 0.050810422748327255 0.049186818301677704 0.05002642050385475 0.05156886950135231
          0.05267626419663429 0.04639848694205284 0.03343695402145386 0.024075591936707497 0.01884111948311329 0.015433071181178093
          0.013163767755031586 0.011620081029832363 0.01056558359414339 0.009848736226558685 0.009359891526401043 0.009016559459269047
          0.008760254830121994 0.008554157800972462 0.008378234691917896 0.008226271718740463 0.008094110526144505 0.008005830459296703
          0.007967722602188587 0.00797214824706316 0.00799744762480259 0.008024197071790695 0.008041629567742348 0.00804962869733572
          0.008051381446421146 0.008045983500778675 0.00803388748317957 0.008019055239856243 0.00800692941993475 0.008003444410860538
          0.008015156723558903 0.008049843832850456 0.008117115125060081 0.008228865452110767 0.008399364538490772 0.00864449329674244
          1.4177332539281468e-13 2.4156324510138383e-11 2.5267137271356432e-9 1.0538263239823209e-7 0.0000013060154060440254 0.00000796927088231314
          0.000024820667022140697 0.000050416754675097764 0.0000730072715668939 0.0000971107292571105 0.00011192022793693468 0.00010678789840312675
          0.00008517107198713347 0.00005981781941954978 0.0001146417562267743 0.0008611028897576034 0.0035593227948993444 0.008834335952997208
          0.015590548515319824 0.02143648825585842 0.023639749735593796 0.017605405300855637 0.022540798410773277 0.033487480133771896
          0.042338356375694275 0.048053376376628876 0.05098247900605202 0.05149655044078827 0.04928401857614517 0.04693880304694176
          0.04608286917209625 0.04672645032405853 0.04831765219569206 0.05051031336188316 0.05415188893675804 0.05401464179158211
          0.04818689823150635 0.041055403649806976 0.03557274490594864 0.031292978674173355 0.027782460674643517 0.024777784943580627
          0.02214350923895836 0.019813956692814827 0.017755476757884026 0.01594822108745575 0.014374895952641964 0.013017676770687103
          0.011857963167130947 0.010875760577619076 0.01005043089389801 0.00936200749129057 0.008793329820036888 0.008331669494509697
          0.00797551590949297 0.007725111208856106 0.007575027644634247 0.007514602039009333 0.007532002869993448 0.00761127145960927
          0.007730240933597088 0.007866358384490013 0.008002101443707943 0.008120504207909107 0.008213631808757782 0.008283047936856747
          0.008332084864377975 0.00836276076734066 0.008375998586416245 0.008374619297683239 1.2442590428579821e-14 2.0190724092650214e-12
          2.0201075534576063e-10 8.61981863664596e-9 1.1816695177913061e-7 8.030188496377377e-7 0.0000027809592211269774 0.000006007953743392136
          0.000009065557605936192 0.000012792544112016913 0.000015694424291723408 0.000015842637367313728 0.000013382427823671605 0.000011895032912434544
          0.00013762374874204397 0.0013882244238629937 0.005457110237330198 0.012399233877658844 0.02094913460314274 0.027966365218162537
          0.030008234083652496 0.02637510560452938 0.020859817042946815 0.025245554745197296 0.0323505699634552 0.03842851519584656
          0.04199656471610069 0.0428093820810318 0.04144754633307457 0.04100387915968895 0.04192112386226654 0.04348029941320419
          0.0449397899210453 0.046302344650030136 0.048510707914829254 0.05066775158047676 0.051677532494068146 0.051153093576431274
          0.04980439692735672 0.048087526112794876 0.04620440676808357 0.044232092797756195 0.04222134128212929 0.040227267891168594
          0.03831341490149498 0.0365433469414711 0.03496943786740303 0.03361872583627701 0.03247786685824394 0.031484223902225494
          0.03052661567926407 0.029465246945619583 0.028167784214019775 0.026555417105555534 0.024644844233989716 0.022551728412508965
          0.020461516454815865 0.018581340089440346 0.017070529982447624 0.015982776880264282 0.015280270017683506 0.014868183992803097
          0.014627305790781975 0.014421308413147926 0.014122710563242435 0.013726253062486649 0.013279227539896965 0.012842081487178802
          0.012469551526010036 0.012204905040562153 7.77811879557462e-16 1.1974247277318079e-13 1.1591499461671706e-11 5.069593078665946e-10
          7.525722267587298e-9 5.593124186020759e-8 2.0297486003073573e-7 4.638214647911809e-7 8.285304033961438e-7 0.0000011430619224483962
          0.0000015438323544003651 0.0000018093402331942343 0.000001819801013880351 0.000002425518005111371 0.00004667362372856587 0.0008476217044517398
          0.0042625064961612225 0.01070200651884079 0.020392518490552902 0.030955743044614792 0.03683026134967804 0.036217689514160156
          0.03105815127491951 0.026579469442367554 0.02782377414405346 0.030398255214095116 0.032775890082120895 0.034172628074884415
          0.034585174173116684 0.035057976841926575 0.03588878735899925 0.03669002652168274 0.036894291639328 0.03693520277738571
          0.037302251905202866 0.03819252923130989 0.03961847350001335 0.04138354957103729 0.04322574660181999 0.044956084340810776
          0.046463966369628906 0.047704052180051804 0.04867689311504364 0.049413297325372696 0.04996107518672943 0.050375815480947495
          0.05071320757269859 0.051021985709667206 0.05133849382400513 0.05168258771300316 0.05205545201897621 0.05244295671582222
          0.05282096192240715 0.053164053708314896 0.053455498069524765 0.053698357194662094 0.0539277046918869 0.05421675369143486
          0.05465569347143173 0.05530019477009773 0.05611354112625122 0.05692937225103378 0.05746758356690407 0.057508159428834915
          0.057074204087257385 0.056205395609140396 0.054950155317783356 0.05336986482143402 0.05153791978955269 0.049535639584064484
          2.7370605758546734e-17 3.924231223312183e-15 3.7030637887666695e-13 1.682393287183448e-11 2.7199217877971194e-10 2.2044777114871295e-9
          8.686210861696964e-9 2.1980246955877192e-8 4.255685581711077e-8 6.5239085245139e-8 9.187630922724566e-8 1.1553645151707315e-7
          1.4654914082257164e-7 1.7816010711158015e-7 2.900987112752773e-7 0.0000015941064930302673 0.000013813931218464859 0.00041501299710944295
          0.007422414142638445 0.025042224675416946 0.04012073948979378 0.04404129832983017 0.04103071242570877 0.036118246614933014
          0.0318799763917923 0.030274370685219765 0.030770717188715935 0.031284529715776443 0.03166940063238144 0.0320444218814373
          0.03245628997683525 0.03283253684639931 0.03324873745441437 0.03388138487935066 0.03480066731572151 0.0359627790749073
          0.037307944148778915 0.03878962621092796 0.04035372659564018 0.04194959998130798 0.04353708773851395 0.045086588710546494
          0.04657692834734917 0.04799734428524971 0.049347031861543655 0.05063070356845856 0.05185577645897865 0.053030531853437424
          0.05416279658675194 0.05525890737771988 0.05632324516773224 0.057358015328645706 0.05836346745491028 0.05933860316872597
          0.06028220057487488 0.06119412183761597 0.06207657232880592 0.06293434649705887 0.06377275288105011 0.06459342688322067
          0.06539104133844376 0.06615395843982697 0.06686896830797195 0.06752562522888184 0.06811559945344925 0.06863120198249817
          0.06906530261039734 0.06941179186105728 0.06966610997915268 0.06982707232236862
        </DataArray>
        <DataArray type="Float32" Name="TAR_Gas_mass_fractions_8" format="ascii" RangeMin="1.662435566675757e-16" RangeMax="0.6820110082626343">
          4.529059349778208e-9 6.931478537808289e-7 0.00004183375494903885 0.006264855153858662 0.20836706459522247 0.6820110082626343
          0.5582017302513123 0.5303480625152588 0.518497884273529 0.5114970207214355 0.4854081869125366 0.46346810460090637
          0.4437803328037262 0.4261999726295471 0.41059598326683044 0.396769255399704 0.384295791387558 0.3721175193786621
          0.3581817150115967 0.3379097282886505 0.3096831440925598 0.27815714478492737 0.24857506155967712 0.230223149061203
          0.2242056131362915 0.22101740539073944 0.2184692919254303 0.21592110395431519 0.21254153549671173 0.2071569859981537
          0.19858364760875702 0.18648183345794678 0.1714332103729248 0.13078977167606354 0.03473290801048279 0.0026182467117905617
          0.00019423224148340523 0.000007522599844378419 0.0000012643661193578737 0.0000012378470728435786 0.0000012378301335047581 0.0000012378560541037587
          0.0000012378576457194868 0.0000012378410474411794 0.0000012378108067423454 0.000001237769765793928 0.0000012377201983326813 0.000001237663582287496
          0.0000012376013955872622 0.0000012375346614135196 0.0000012374641755741322 0.0000012373541267152177 0.0000012371730235827272 0.0000012369649766696966
          0.0000012367517001621309 0.000001236544562743802 0.0000012363499308776227 0.0000012361722383502638 0.0000012360143273326685 0.000001235878130501078
          0.0000012357641026028432 0.0000012356715615169378 0.0000012355989156276337 0.000001235543663824501 0.0000012355034186839475 0.0000012354755654087057
          0.0000012354579439488589 0.000001235448507941328 0.000001235445211023034 0.0000012354453247098718 2.024064915673307e-9 2.966634440326743e-7
          0.00001483676714997273 0.000745005439966917 0.03368217870593071 0.33031386137008667 0.3245503902435303 0.3154693841934204
          0.3086317777633667 0.3161475360393524 0.3105420172214508 0.2990124523639679 0.279644250869751 0.25006574392318726
          0.20746994018554688 0.159402534365654 0.12084446102380753 0.10823728144168854 0.12369907647371292 0.1347169578075409
          0.12868070602416992 0.11314307153224945 0.09837555140256882 0.09491679072380066 0.11055249720811844 0.14391036331653595
          0.17426705360412598 0.19100937247276306 0.1956547498703003 0.19185477495193481 0.1820145547389984 0.1685747355222702
          0.14898598194122314 0.09829577803611755 0.027544382959604263 0.004658691585063934 0.0005910124746151268 0.00004179511597612873
          0.0000025784845547605073 0.000001273958446290635 0.00000128306658098154 0.0000012915853631056962 0.0000012989270317120827 0.0000013050259894953342
          0.0000013098916724629817 0.0000013135891094862018 0.0000013162252798792906 0.0000013179422921894002 0.0000013189098808652489 0.0000013193093764130026
          0.0000013192345704737818 0.0000013188125649321591 0.0000013183289411244914 0.000001317820647273038 0.0000013173046227166196 0.000001316788711847039
          0.0000013162800769350724 0.0000013157911098460318 0.0000013153320423953119 0.0000013149146980140358 0.0000013145477169018704 0.0000013142356465323246
          0.000001313981442763179 0.0000013137765790816047 0.0000013136221923559788 0.000001313511006628687 0.0000013134369964973303 0.0000013133939091858338
          0.0000013133749234839343 0.0000013133715128788026 6.783582029434854e-10 9.601157557881379e-8 0.00000441586507804459 0.0001628401078050956
          0.004784788005053997 0.08017220348119736 0.10111922025680542 0.10838259011507034 0.10684343427419662 0.10493200272321701
          0.09250092506408691 0.07327388226985931 0.0501430481672287 0.02984604425728321 0.019050240516662598 0.014557168819010258
          0.012919933535158634 0.013863446190953255 0.022265272215008736 0.04268866777420044 0.06612556427717209 0.08525798469781876
          0.09967052191495895 0.11522849649190903 0.13575197756290436 0.1583360880613327 0.17578978836536407 0.1842156946659088
          0.1840030550956726 0.17706529796123505 0.16551938652992249 0.14971160888671875 0.1137646958231926 0.06743821501731873
          0.02600979246199131 0.007825405336916447 0.0016430019168183208 0.00022986099065747112 0.00002202504219894763 0.0000017466830968260183
          0.0000012916203786517144 0.0000013077329867883236 0.000001320444539487653 0.0000013318978062670794 0.0000013424480584944831 0.00000135142636281671
          0.0000013583836562247598 0.0000013630487956106663 0.0000013653841506311437 0.000001365701336908387 0.000001368693119729869 0.0000013669300642504822
          0.0000013711431847696076 0.0000013735614174947841 0.0000013734611457039136 0.0000013775938896287698 0.0000013817365243085078 0.000001383876792715455
          0.0000013861321122021764 0.0000013877299807063537 0.000001387139718644903 0.0000013880531923859962 0.000001391589421473327 0.000001391317027810146
          0.0000013914012697568978 0.000001391384444104915 0.0000013915692989030504 0.0000013920903256803285 0.000001392543026668136 0.0000013925074426879291
          1.763510865115947e-10 2.4581296997894242e-8 0.0000013699363989871927 0.00003643353920779191 0.0006043537869118154 0.011333558708429337
          0.01738971285521984 0.020334314554929733 0.02059573121368885 0.01715303398668766 0.013049998320639133 0.009043636731803417
          0.0070478166453540325 0.005921011324971914 0.004982894752174616 0.004260463640093803 0.0039620837196707726 0.004541809670627117
          0.007813778705894947 0.02492508850991726 0.061694443225860596 0.09420215338468552 0.11478102952241898 0.13178955018520355
          0.14813683927059174 0.16225403547286987 0.17121997475624084 0.17344409227371216 0.169246107339859 0.16011254489421844
          0.14660313725471497 0.11943400651216507 0.07197364419698715 0.04871879518032074 0.026035204529762268 0.012281893752515316
          0.00410742312669754 0.0010954518802464008 0.00028289516922086477 0.000028977097827009857 0.000008408649591729045 0.0000037373770283011254
          0.0000018833372905646684 0.0000013307704875842319 0.0000013241800616015098 0.0000013310429949342506 0.0000013355876262721722 0.0000013397313978202874
          0.0000013368984355111024 0.0000016331072174580186 0.000001776655949470296 0.0000020100608253414975 0.000002236453383375192 0.0000023257102839124855
          0.000002356381173740374 0.0000023727473035251023 0.0000023515337943535997 0.0000022666893073619576 0.0000021229272988421144 0.0000019432652607065393
          0.0000017476867242294247 0.0000015601834775225143 0.0000014159483043840737 0.0000013755712870988646 0.0000013854104281563195 0.0000013909721019444987
          0.0000013996763073009788 0.0000014044998124518315 0.0000014057183079785318 0.0000014068009477341548 3.659907793496231e-11 5.139802805587124e-9
          3.346811467963562e-7 0.0000067075084189127665 0.00007953061140142381 0.0010773880640044808 0.0019641949329525232 0.002595500787720084
          0.0026556001976132393 0.002428410341963172 0.0022293590009212494 0.002115883631631732 0.0018411572091281414 0.001440528896637261
          0.0010254705557599664 0.0006896856357343495 0.00048012015759013593 0.000425084144808352 0.0006740622338838875 0.0032113653142005205
          0.021058112382888794 0.061994802206754684 0.09820891916751862 0.12308116257190704 0.1407974362373352 0.1525314301252365
          0.15796586871147156 0.1570805311203003 0.15095652639865875 0.13910512626171112 0.1147589460015297 0.07276342064142227
          0.04947454482316971 0.03851614147424698 0.026752833276987076 0.01738213375210762 0.008287839591503143 0.0038285297341644764
          0.0019423265475779772 0.0009978273883461952 0.0005651757237501442 0.0003484730841591954 0.00023017435159999877 0.00016036081069614738
          0.00011569217895157635 0.00008454049384454265 0.00006108333036536351 0.00004258031185599975 0.000028011945687467232 0.000017063111954485066
          0.000009325485734734684 0.000010295631909684744 0.000012402502761688083 0.000012582167983055115 0.000011624790204223245 0.0000105800627352437
          0.000009791639058676083 0.000009140223482972942 0.000008543528565496672 0.000008013166734599508 0.000007471299795724917 0.000006810113973187981
          0.000005979427442071028 0.000005007826075598132 0.000003989189735875698 0.000003044602635782212 0.0000022780170638725394 0.0000017033484027706436
          0.000001391664227412548 0.0000013593047469839803 6.043929245969082e-12 8.638952331274652e-10 6.30037888527113e-8 0.00000127574105590611
          0.000010753899914561771 0.00008936667290981859 0.0002048789756372571 0.00033191705006174743 0.00038034614408388734 0.0004254471859894693
          0.0004505464166868478 0.000407772691687569 0.0003079198650084436 0.00019381627498660237 0.00010296544496668503 0.0000504892086610198
          0.00004229497426422313 0.00010114884935319424 0.00025235096109099686 0.00044978875666856766 0.002577610779553652 0.02235451154410839
          0.05862819030880928 0.09489370882511139 0.11856034398078918 0.13219545781612396 0.1374988853931427 0.13525539636611938
          0.12430354207754135 0.10132136195898056 0.07080202549695969 0.0480920635163784 0.03791717067360878 0.03257066383957863
          0.027776746079325676 0.022454844787716866 0.014612328261137009 0.009249101392924786 0.006244106218218803 0.004350761882960796
          0.003113879356533289 0.0022764813620597124 0.0016977187478914857 0.0012933994876220822 0.0010080597130581737 0.0008029300370253623
          0.0006504202610813081 0.0005319204647094011 0.00043539117905311286 0.00035303100594319403 0.0002817502827383578 0.00021758793445769697
          0.00016192588373087347 0.00011954642832279205 0.00008936830272432417 0.00006868895434308797 0.0000549222131667193 0.00004529673242359422
          0.000038176825910340995 0.00003343763455632143 0.00003071242099395022 0.000029112699849065393 0.000027778052754001692 0.000026118736059288494
          0.000023875887563917786 0.00002106343708874192 0.000017858026694739237 0.000014497210031549912 0.000011214622645638883 0.000008232280379161239
          7.765328094086477e-13 1.1289120332991232e-10 8.926162919919989e-9 2.1603200650588406e-7 0.0000017221523194166366 0.000008476504262944218
          0.000023237646018969826 0.000042519277485553175 0.00005217565922066569 0.00006214267341420054 0.0000637603152426891 0.0000524560127814766
          0.00003420636130613275 0.000017589594790479168 0.000007495441423088778 0.000010378422302892432 0.0000633546951576136 0.00026467262068763375
          0.0007155133062042296 0.0013509764103218913 0.001753946766257286 0.007679765112698078 0.031895995140075684 0.06212606281042099
          0.08677510917186737 0.10284260660409927 0.10896755754947662 0.10417520999908447 0.08603302389383316 0.06418654322624207
          0.046624548733234406 0.036063436418771744 0.0310872383415699 0.028083691373467445 0.02726444974541664 0.025916630402207375
          0.02186238393187523 0.017463412135839462 0.014126761816442013 0.011591846123337746 0.009589655324816704 0.00794867891818285
          0.006572865881025791 0.005409408360719681 0.004426991567015648 0.0036041345447301865 0.0029221666045486927 0.002362982602789998
          0.0019087588880211115 0.0015419527189806104 0.0012461415026336908 0.001006654347293079 0.0008118622354231775 0.0006506675854325294
          0.0005177041748538613 0.0004105152329429984 0.0003266996645834297 0.0002637005236465484 0.00021943058527540416 0.00019125793187413365
          0.00017483903502579778 0.00016515313473064452 0.0001579576637595892 0.00014915443898644298 0.0001370213140035048 0.0001225544256158173
          0.00010756429401226342 0.00009355261136079207 0.00008125650492729619 0.00007080935029080138 7.430515214625413e-14 1.0892490034941638e-11
          9.085814323128716e-10 2.6740240244294e-8 2.520821169582632e-7 0.0000011924673799512675 0.0000026755481030704686 0.000004735698894364759
          0.000006071300504117971 0.000007365845249296399 0.0000074604040491976775 0.000006009672233631136 0.00000388009857488214 0.0000019761969269893598
          0.0000015585998198730522 0.000020412609956110828 0.00016135380428750068 0.0006236194749362767 0.0015981828328222036 0.0029918181244283915
          0.0044075907208025455 0.0060486202128231525 0.015554239973425865 0.032822057604789734 0.052650876343250275 0.06816665828227997
          0.07487400621175766 0.0710090920329094 0.05759098753333092 0.044680237770080566 0.035075195133686066 0.029312415048480034
          0.02615519054234028 0.02418963424861431 0.02369280345737934 0.023742305114865303 0.023418378084897995 0.022430893033742905
          0.021113714203238487 0.019699446856975555 0.018288161605596542 0.016911908984184265 0.015586098656058311 0.0143253980204463
          0.013145784847438335 0.01206082385033369 0.01107772160321474 0.010193556547164917 0.009392673149704933 0.00864744745194912
          0.007922466844320297 0.007183550391346216 0.006408463232219219 0.005596333183348179 0.0047722770832479 0.003980499692261219
          0.003271529683843255 0.002688897307962179 0.0022553394082933664 0.0019648601301014423 0.0017901763785630465 0.0016929934499785304
          0.0016330837970599532 0.0015680267242714763 0.0014613623498007655 0.0013160610105842352 0.0011494101490825415 0.000980126322247088
          0.0008232026011683047 0.0006891231168992817 4.8385668674564685e-15 7.058326362621714e-13 6.083042403126626e-11 2.0674875145232363e-9
          2.3453301523090886e-8 1.3086585681776342e-7 3.946050242120691e-7 8.452720408058667e-7 9.996828111979994e-7 8.565694997741957e-7
          7.689295671298169e-7 6.610181912947155e-7 5.027213205721637e-7 3.4027280548798444e-7 5.175192541173601e-7 0.00001671414793236181
          0.00017931542242877185 0.0007505074609071016 0.002074383432045579 0.004233400337398052 0.006480055395513773 0.00819326937198639
          0.010256356559693813 0.017301838845014572 0.027664557099342346 0.03673403337597847 0.04260813444852829 0.043510761111974716
          0.03953367844223976 0.03417373448610306 0.029349355027079582 0.02572443336248398 0.023034537211060524 0.02096797525882721
          0.019473271444439888 0.018559971824288368 0.018145713955163956 0.018055642023682594 0.018139060586690903 0.0182836651802063
          0.01841435767710209 0.01849081553518772 0.018498459830880165 0.018440205603837967 0.01832885667681694 0.018181661143898964
          0.018016397953033447 0.017848333343863487 0.017688268795609474 0.017541218549013138 0.01740565337240696 0.017274823039770126
          0.01713857613503933 0.01698646880686283 0.01681123860180378 0.016612518578767776 0.016400666907429695 0.016197897493839264
          0.016029562801122665 0.01590626873075962 0.015806324779987335 0.015667520463466644 0.015397868119180202 0.014935486018657684
          0.014303142204880714 0.013531283475458622 0.012653673067688942 0.011706605553627014 0.010726685635745525 0.009748375043272972
          1.662435566675757e-16 2.3736680413648063e-14 2.0853759257616344e-12 7.879040475611276e-11 1.038860664159813e-9 6.811060604405839e-9
          2.3659120884644835e-8 5.401373215363492e-8 8.282697905315217e-8 9.655013855081052e-8 1.3170001977869106e-7 1.1999908622328803e-7
          1.020533915152555e-7 9.997234684533396e-8 9.98756775061338e-8 1.2160060691712715e-7 2.913190826348e-7 0.000011567955880309455
          0.0005605302285403013 0.003128883894532919 0.007037016097456217 0.009581586346030235 0.010741489939391613 0.012253014370799065
          0.015642782673239708 0.021091792732477188 0.02376268245279789 0.02482564188539982 0.024333732202649117 0.022941524162888527
          0.02120293490588665 0.0193302221596241 0.017520533874630928 0.015963733196258545 0.014780718833208084 0.013973817229270935
          0.013534985482692719 0.013441869989037514 0.013600219041109085 0.013910342007875443 0.014299722388386726 0.014722157269716263
          0.015148269012570381 0.01556170079857111 0.015956446528434753 0.016331657767295837 0.016688792034983635 0.01703016832470894
          0.01735812984406948 0.017674556002020836 0.017980560660362244 0.01827639900147915 0.018561480566859245 0.018834583461284637
          0.01909423992037773 0.01933928206562996 0.019569432362914085 0.019785543903708458 0.019988857209682465 0.02017928473651409
          0.020353788509964943 0.020506301894783974 0.02062963880598545 0.020717749372124672 0.020765651017427444 0.020768987014889717
          0.020724179223179817 0.020628731697797775 0.020481515675783157 0.020283596590161324
        </DataArray>
        <DataArray type="Float32" Name="TAR0_Gas_mass_fractions_9" format="ascii" RangeMin="0" RangeMax="5.362066042916003e-13">
          0 0 0 0 0 0
          0 0 0 0 0 0
          0 0 0 0 0 0
          0 0 0 0 0 0
          0 0 0 0 0 0
          0 0 0 0 0 0
          0 0 0 0 0 0
          0 0 0 0 0 0
          0 0 0 0 0 0
          0 0 0 0 0 0
          0 0 0 0 0 0
          0 0 0 0 0 0
          0 0 0 0 0 0
          0 0 0 0 0 0
          0 0 0 0 0 0
          0 0 0 0 0 0
          0 0 0 0 0 0
          0 0 0 0 0 0
          0 0 0 0 0 0
          0 0 0 0 0 0
          0 0 0 0 0 0
          0 0 0 0 0 0
          0 0 0 0 0 0
          0 0 0 0 0 0
          0 0 0 0 0 0
          0 0 0 0 0 0
          0 0 0 0 0 0
          0 0 0 0 0 0
          0 0 0 0 0 0
          0 0 0 0 0 0
          0 0 0 0 0 0
          0 0 0 0 0 0
          0 0 0 0 0 0
          0 0 0 0 0 0
          0 0 0 0 0 0
          0 0 0 0 0 0
          0 0 0 0 0 0
          0 0 0 0 0 0
          0 0 0 0 0 0
          0 0 0 0 0 0
          0 0 0 0 0 0
          0 0 0 0 0 0
          0 0 0 0 0 0
          0 0 0 0 0 0
          0 0 0 0 0 0
          0 0 0 0 0 0
          0 0 0 0 0 0
          0 0 0 0 0 0
          0 0 0 0 0 0
          0 0 0 0 0 0
          0 0 0 0 0 0
          0 0 0 0 0 0
          0 0 0 0 0 0
          0 0 0 0 0 0
          0 0 0 0 0 0
          0 0 0 0 0 0
          0 0 0 0 0 0
          0 0 0 0 0 0
          0 0 0 0 0 0
          0 0 0 5.362066042916003e-13 2.310070537636655e-13 1.0990684138614468e-13
          0 0 0 0 0 0
          0 0 0 0 0 0
          0 0 0 0 0 0
          0 0 0 0 0 0
          0 0 0 0 0 0
          0 0 0 0 0 0
          0 0 0 0 0 0
          0 0 0 0 0 0
          0 0 0 0 0 0
          0 0 0 0 0 0
          0 0 0 0 0 0
          0 1.6551186419674901e-13 3.337483013478998e-13 1.3389064705028597e-13 0 0
          0 0 0 0 0 0
          0 0 0 0 0 0
          0 0 0 0 0 0
          0 0 0 0 0 0
          0 0 0 0 0 0
          0 0 0 0 0 0
          0 0 0 0 0 0
          0 0 0 0 0 0
          0 0 0 0 0 0
          0 0 0 0 0 0
          0 0 0 0 0 0
          0 0 0 0 0 0
          0 0 0 0 0 0
          0 0 0 0 0 0
          0 0 0 0 0 0
          0 0 0 0 0 0
          0 0 0 0 0 0
          0 0 0 0 0 0
          0 0 0 0 0 0
          0 0 0 0 0 0
          0 0 0 0 0 0
          0 0 0 0 0 0
          0 0 0 0 3.9629286858371485e-14 0
          0 0 0 0 0 0
          0 0 0 0 0 0
          0 0 0 0 0 0
          0 0 0 0 0 0
          0 0 0 0 0 0
          0 0 0 0 0 0
          0 0 0 0 0 0
          0 0 0 0 0 0
          0 0 0 0 0 0
          0 0 0 0 0 0
          0 0 0 0 0 0
          0 0 0 0 0 0
          0 0 0 0 0 0
          0 0 0 0 0 0
          0 0 0 0 0 0
          0 0 0 0 0 0
          0 0 0 0 0 0
          0 0 0 0 0 0
          0 0 0 0 0 0
          0 0 0 0 0 0
          0 0 0 0 0 0
          0 0 0 0
        </DataArray>
        <DataArray type="Float32" Name="BIOMASS_Solids_mass_fractions_1_1" format="ascii" RangeMin="0" RangeMax="0.0424082912504673">
          0 0 0 0 5.301443550820295e-8 0.0424082912504673
          0.00007496021135011688 0.000009872263035504147 0.000003885230398736894 0.0000027297239739709767 0 8.858116729015819e-8
          8.401512019418078e-8 8.209398316694205e-8 8.870923551285159e-8 9.023887770354122e-8 9.099305486870435e-8 9.102453191189852e-8
          9.134776490782315e-8 9.119295185655574e-8 9.063241179774195e-8 8.980170917993746e-8 8.884723001756356e-8 8.785620053686216e-8
          8.684769881028842e-8 8.581210408920015e-8 8.477221058456053e-8 8.389326211499792e-8 8.365082493355658e-8 8.471653956121372e-8
          8.686495789334003e-8 8.824158470588372e-8 8.732627776453228e-8 8.483863922492674e-8 8.483877422804653e-8 7.929452294774819e-8
          7.950641389697921e-8 8.070934143233899e-8 8.386476224586659e-8 8.714600596704258e-8 8.814853202920858e-8 9.178319970715165e-8
          8.824947173025066e-8 8.878244983634431e-8 9.125997024739263e-8 0 0 0
          0 0 0 0 0 0
          0 0 0 0 0 0
          0 0 0 0 0 0
          0 0 0 0 0 0
          0 0 5.187780516280327e-8 1.346386380163267e-8 0 8.689595176747389e-8
          7.526408296598674e-8 7.680842628587925e-8 8.08650426620261e-8 8.23503469860043e-8 8.276964535980369e-8 8.257512007503465e-8
          8.221145009201791e-8 8.183315713949924e-8 8.139286933328549e-8 8.074680835079562e-8 7.956068515113657e-8 7.82427420631393e-8
          7.739402008155594e-8 7.77555726472201e-8 7.964587211972685e-8 8.172499121883448e-8 8.288041897230869e-8 8.325951483811878e-8
          8.335801027214984e-8 8.368116510837353e-8 8.464443368438879e-8 8.622942004876677e-8 8.770406623170857e-8 8.808006413119074e-8
          8.639151616307572e-8 8.333518763947723e-8 8.333542211858003e-8 7.966740156462038e-8 8.016355934614694e-8 8.144884589000867e-8
          8.464308365319084e-8 8.750427582526754e-8 9.207278850453804e-8 9.66421112025273e-8 9.018270930027938e-8 9.256803679136283e-8
          0 0 0 0 0 0
          0 0 0 0 0 0
          0 0 0 0 0 0
          0 0 0 0 0 0
          0 0 0 0 0 0
          0 0 3.791508973449709e-8 0 0.0000014195790072335512 9.193405503538088e-8
          8.51863504180983e-8 8.435237219828196e-8 8.507453230777173e-8 8.509755389241036e-8 8.50745891511906e-8 8.506814452857725e-8
          8.496694192672294e-8 8.46446823743463e-8 8.384920135995344e-8 8.173824994628376e-8 8.132887785450293e-8 8.17063678937302e-8
          8.229706338624965e-8 8.285263675134047e-8 8.32659452498774e-8 8.360677128393945e-8 8.405157103652527e-8 8.477961443986715e-8
          8.58257038771626e-8 8.694988196111808e-8 8.7667594073082e-8 8.736781609286481e-8 8.494458114682857e-8 8.257214290097181e-8
          8.257249106691233e-8 8.022691133646731e-8 8.087037883797166e-8 8.226741243788638e-8 8.539244333860552e-8 8.794023642622051e-8
          0 0 9.151318636213546e-8 9.343403206685252e-8 0 0
          0 0 0 0 0 0
          0 0 0 0 0 0
          0 0 0 0 0 0
          0 0 0 0 0 0
          0 0 0 0 0 0
          0 0 0 8.762634706727113e-8 8.466172118914983e-8 8.524872896487068e-8
          8.55480308814549e-8 8.569326581664427e-8 8.578852828122763e-8 8.582433252968258e-8 8.579060306601605e-8 8.568342479975399e-8
          8.547888796783809e-8 8.489323022331519e-8 8.434439990878673e-8 8.41483966951273e-8 8.411116425577347e-8 8.417492125545323e-8
          8.431770481820422e-8 8.456895983499635e-8 8.49838741601161e-8 8.558891551047054e-8 8.632051162749121e-8 8.696657971540844e-8
          8.698601305923148e-8 8.577165289125332e-8 8.416155594659358e-8 8.192741773882517e-8 8.192777301019305e-8 8.08160578458228e-8
          8.165143583482859e-8 8.317930877410618e-8 8.657211481022387e-8 0 0 0
          9.262558364753204e-8 0 0 0 0 0
          0 0 0 0 0 0
          0 0 0 0 0 0
          0 0 0 0 0 0
          0 0 0 0 0 0
          0 0 0 0 0 0
          0 9.466508288369369e-8 8.51790105116379e-8 8.547737451181092e-8 8.570854959089047e-8 8.586909672203547e-8
          8.596137490712863e-8 8.597586997893814e-8 8.59223661109354e-8 8.58207584997217e-8 8.569468690211579e-8 8.556372677048785e-8
          8.531949191592503e-8 8.510330928857002e-8 8.496636638710697e-8 8.491355885098528e-8 8.49599928187672e-8 8.512609639410584e-8
          8.543405272121163e-8 8.586972910507029e-8 8.628304470903458e-8 8.636833825903523e-8 8.593172395876536e-8 8.490075487088689e-8
          8.349532976126284e-8 8.142645668840487e-8 8.142675511635389e-8 8.147772945221732e-8 8.248874650007565e-8 8.424747477420169e-8
          8.901886872081377e-8 0 0 0 0 0
          0 0 0 0 0 0
          0 0 0 0 0 0
          0 0 0 0 0 0
          0 0 0 0 0 0
          0 0 0 0 0 0
          0 0 0 7.231378162941837e-8 5.995892138344061e-8 8.392537154122692e-8
          8.545121232828023e-8 8.56461355169813e-8 8.586344790728617e-8 8.600180478879338e-8 8.605911006043243e-8 8.60318820627981e-8
          8.593103473231167e-8 8.577461585446144e-8 8.559376851735578e-8 8.544210317040779e-8 8.53538182354896e-8 8.523183936404166e-8
          8.513338656257474e-8 8.509984894544687e-8 8.515218752336295e-8 8.528459005674449e-8 8.550269114948605e-8 8.573805843070659e-8
          8.584917310372475e-8 8.568278531129181e-8 8.516854421714015e-8 8.424373021398424e-8 8.292659714470574e-8 8.217659797082888e-8
          8.133643092378406e-8 8.221412173270437e-8 8.330282952329071e-8 8.500287407287033e-8 0 0
          0 0 0 0 0 0
          0 0 0 0 0 0
          0 0 0 0 0 0
          0 0 0 0 0 0
          0 0 0 0 0 0
          0 0 0 0 0 0
          0 0 8.320683519968952e-8 8.210244573092496e-8 8.581570654087045e-8 8.575259613508024e-8
          8.595528555588317e-8 8.607372592450702e-8 8.61102620319798e-8 8.605990586829648e-8 8.592711964183763e-8 8.572252596650287e-8
          8.547249308321625e-8 8.523069539023709e-8 8.505805482172946e-8 8.501395143412083e-8 8.501190507104184e-8 8.504387238872368e-8
          8.510571092301689e-8 8.519977257037681e-8 8.532019535323343e-8 8.540075668861391e-8 8.535656093044963e-8 8.509845628168478e-8
          8.455543110130748e-8 8.366294679262865e-8 8.253756078602237e-8 8.251758742972015e-8 8.19973635657334e-8 8.280109398128843e-8
          8.34946831673733e-8 8.483333857611797e-8 0 9.572693926429565e-8 0 0
          1.1317670134403102e-9 1.2076761812807035e-10 1.931254886448388e-21 4.5813922100457205e-11 7.77723371814254e-11 7.791475255779223e-13
          3.3182179226542985e-11 7.543142326038588e-12 2.5741938962375865e-12 4.239950510991448e-36 1.2136526084517794e-14 5.370608166901155e-15
          8.927443508022995e-16 1.317721786856874e-14 1.1958776850728992e-11 2.2995468986560137e-14 2.626608511854117e-14 2.63866975280325e-14
          1.2469611573455014e-27 3.784427908066532e-39 4.697700394365152e-28 0 2.8372335310113675e-28 2.389715758176897e-13
          0 1.0232980980789508e-28 6.241710571791223e-14 0 0 0
          0 0 0 0 0 0
          8.543700147356503e-8 8.118344396734756e-8 8.671786133618298e-8 8.575812415756445e-8 8.598591705322178e-8 8.610720669821603e-8
          8.615979396608964e-8 8.612897062221236e-8 8.601067236213567e-8 8.581039878663432e-8 8.55505462027395e-8 8.527268846592051e-8
          8.503054260700083e-8 8.486583880085163e-8 8.483498703526493e-8 8.489070069117588e-8 8.493772440942848e-8 8.498756898234205e-8
          8.503227633127608e-8 8.502345139049794e-8 8.490230385405084e-8 8.459551992245906e-8 8.404398244010736e-8 8.32446787057961e-8
          8.246104243880836e-8 8.249751459743493e-8 8.249752880828964e-8 8.278384910909153e-8 8.278332330746707e-8 8.483851843266166e-8
          9.48081648743937e-8 9.313024662560565e-8 9.054065941427325e-8 9.02186698681362e-8 8.964419606627416e-8 8.926747341320151e-8
          8.868976664189177e-8 8.840485321570668e-8 8.843921506240804e-8 3.875947385267864e-8 5.4298819662790265e-8 5.4302077501233725e-8
          4.047981860821892e-8 5.248139700597676e-8 1.8205511764790572e-8 5.087610688292443e-8 6.159899612612207e-8 1.2785421610317371e-8
          2.2995468986560137e-14 7.137215618513437e-8 7.462174522743226e-8 2.8346079261609702e-8 1.2469611573455014e-27 2.0470512396286722e-8
          8.45256806769612e-8 8.605825030372216e-8 8.658140160378025e-8 8.680359542267979e-8 8.693049835528655e-8 8.699104370180066e-8
          8.696068221070163e-8 8.694341602222266e-8 0 0 0 0
          0 0 0 0 2.3913512947615345e-8 2.1808416406088327e-8
          9.316333660081e-8 8.506770399208108e-8 8.593854516902866e-8 8.607489121459366e-8 8.619162628065169e-8 8.6244128283397e-8
          8.621339020464802e-8 8.609646329205134e-8 8.590851052758808e-8 8.567329956576941e-8 8.541384488580661e-8 8.51524646350299e-8
          8.490327019217148e-8 8.470709644825547e-8 8.471706536283818e-8 8.473503498862556e-8 8.473292467670035e-8 8.46762233663867e-8
          8.451911526208278e-8 8.420946784326588e-8 8.374337312488933e-8 8.315782196177679e-8 8.330023604230519e-8 8.344144930561015e-8
          8.447410948519973e-8 8.454579614181057e-8 8.460745704041983e-8 8.466265200013368e-8 8.470574641705753e-8 8.473800505726103e-8
          8.475449675415803e-8 8.695005959680202e-8 8.695482733855897e-8 8.695935349578576e-8 8.69628493660457e-8 8.69661178626302e-8
          8.696908793126568e-8 8.697122666490031e-8 8.697088560438715e-8 8.679914031972658e-8 8.679947427481238e-8 8.679941032596616e-8
          8.679897689489735e-8 8.67988347863502e-8 8.679885610263227e-8 8.679867136152097e-8 8.679817398160594e-8 8.679817398160594e-8
          8.679830898472574e-8 8.679728580318624e-8 8.679548813006477e-8 8.679443652681584e-8 8.679543839207327e-8 8.679611340767224e-8
          8.67965397333137e-8 8.679662499844198e-8 8.679668184186085e-8 8.679680973955328e-8 8.679716501092116e-8 8.679798213506729e-8
          0 0 0 0 0 0
          0 0 0 2.1617941214913117e-8 0 4.332996894618191e-8
          8.588985167534702e-8 8.570390974682596e-8 8.594783196258504e-8 8.620881430942973e-8 8.638153303763829e-8 8.642157922622573e-8
          8.633778492139754e-8 8.615768365416443e-8 8.591520384015894e-8 8.564026643398392e-8 8.535275952681332e-8 8.507638682431207e-8
          8.481304547558466e-8 8.469602619243233e-8 8.463254630441952e-8 8.45555945261367e-8 8.444161636589342e-8 8.428845887920033e-8
          8.410266616465378e-8 8.417072194788489e-8 8.428176556662947e-8 8.438534138122122e-8 8.447398869293465e-8 8.454570377125492e-8
          8.460739309157361e-8 8.466261647299689e-8 8.470572510077545e-8 8.473799795183368e-8 8.475448964873067e-8 8.475450385958538e-8
          8.68344471882665e-8 8.683783647711607e-8 8.684089181087984e-8 8.684336449960028e-8 8.684486374477274e-8 8.684494900990103e-8
          8.684486374477274e-8 8.684427399430206e-8 8.664799366897569e-8 8.664525807944301e-8 8.664310513495366e-8 8.664108008815674e-8
          8.663928241503527e-8 8.663757000704209e-8 8.66359428641772e-8 8.663445782985946e-8 8.663284489784928e-8 8.663129591468532e-8
          8.662990325092323e-8 8.662889428023846e-8 8.662782136070746e-8 8.662681239002268e-8 8.662571815420961e-8 8.662465944553333e-8
          8.662367179113062e-8 8.662273387471942e-8 8.66218812234365e-8 8.662193806685536e-8
        </DataArray>
        <DataArray type="Float32" Name="MOISTURE_Solids_mass_fractions_1_2" format="ascii" RangeMin="0" RangeMax="0">
          0 0 0 0 0 0
          0 0 0 0 0 0
          0 0 0 0 0 0
          0 0 0 0 0 0
          0 0 0 0 0 0
          0 0 0 0 0 0
          0 0 0 0 0 0
          0 0 0 0 0 0
          0 0 0 0 0 0
          0 0 0 0 0 0
          0 0 0 0 0 0
          0 0 0 0 0 0
          0 0 0 0 0 0
          0 0 0 0 0 0
          0 0 0 0 0 0
          0 0 0 0 0 0
          0 0 0 0 0 0
          0 0 0 0 0 0
          0 0 0 0 0 0
          0 0 0 0 0 0
          0 0 0 0 0 0
          0 0 0 0 0 0
          0 0 0 0 0 0
          0 0 0 0 0 0
          0 0 0 0 0 0
          0 0 0 0 0 0
          0 0 0 0 0 0
          0 0 0 0 0 0
          0 0 0 0 0 0
          0 0 0 0 0 0
          0 0 0 0 0 0
          0 0 0 0 0 0
          0 0 0 0 0 0
          0 0 0 0 0 0
          0 0 0 0 0 0
          0 0 0 0 0 0
          0 0 0 0 0 0
          0 0 0 0 0 0
          0 0 0 0 0 0
          0 0 0 0 0 0
          0 0 0 0 0 0
          0 0 0 0 0 0
          0 0 0 0 0 0
          0 0 0 0 0 0
          0 0 0 0 0 0
          0 0 0 0 0 0
          0 0 0 0 0 0
          0 0 0 0 0 0
          0 0 0 0 0 0
          0 0 0 0 0 0
          0 0 0 0 0 0
          0 0 0 0 0 0
          0 0 0 0 0 0
          0 0 0 0 0 0
          0 0 0 0 0 0
          0 0 0 0 0 0
          0 0 0 0 0 0
          0 0 0 0 0 0
          0 0 0 0 0 0
          0 0 0 0 0 0
          0 0 0 0 0 0
          0 0 0 0 0 0
          0 0 0 0 0 0
          0 0 0 0 0 0
          0 0 0 0 0 0
          0 0 0 0 0 0
          0 0 0 0 0 0
          0 0 0 0 0 0
          0 0 0 0 0 0
          0 0 0 0 0 0
          0 0 0 0 0 0
          0 0 0 0 0 0
          0 0 0 0 0 0
          0 0 0 0 0 0
          0 0 0 0 0 0
          0 0 0 0 0 0
          0 0 0 0 0 0
          0 0 0 0 0 0
          0 0 0 0 0 0
          0 0 0 0 0 0
          0 0 0 0 0 0
          0 0 0 0 0 0
          0 0 0 0 0 0
          0 0 0 0 0 0
          0 0 0 0 0 0
          0 0 0 0 0 0
          0 0 0 0 0 0
          0 0 0 0 0 0
          0 0 0 0 0 0
          0 0 0 0 0 0
          0 0 0 0 0 0
          0 0 0 0 0 0
          0 0 0 0 0 0
          0 0 0 0 0 0
          0 0 0 0 0 0
          0 0 0 0 0 0
          0 0 0 0 0 0
          0 0 0 0 0 0
          0 0 0 0 0 0
          0 0 0 0 0 0
          0 0 0 0 0 0
          0 0 0 0 0 0
          0 0 0 0 0 0
          0 0 0 0 0 0
          0 0 0 0 0 0
          0 0 0 0 0 0
          0 0 0 0 0 0
          0 0 0 0 0 0
          0 0 0 0 0 0
          0 0 0 0 0 0
          0 0 0 0 0 0
          0 0 0 0 0 0
          0 0 0 0 0 0
          0 0 0 0 0 0
          0 0 0 0 0 0
          0 0 0 0 0 0
          0 0 0 0
        </DataArray>
        <DataArray type="Float32" Name="CHAR_Solids_mass_fractions_1_3" format="ascii" RangeMin="0" RangeMax="0.7642212510108948">
          0 0 0 0 0.7421677112579346 0.7302182912826538
          0.7642212510108948 0.7614842057228088 0.7597823739051819 0.7580238580703735 0.7568839192390442 0.7550581097602844
          0.7530057430267334 0.7513715028762817 0.7504583597183228 0.7501782774925232 0.7502899765968323 0.750583291053772
          0.7509826421737671 0.7515074610710144 0.7521061897277832 0.7527357935905457 0.7533583045005798 0.7539455890655518
          0.754486083984375 0.7549691200256348 0.7553654313087463 0.7555992007255554 0.7555081844329834 0.754906952381134
          0.7540068030357361 0.7536565065383911 0.7543189525604248 0.7551950812339783 0.7551946640014648 0.756753146648407
          0.7567393183708191 0.756080150604248 0.7545381784439087 0.754323422908783 0.7535242438316345 0.7406021952629089
          0.7510483860969543 0.7502924799919128 0.7439419031143188 0 0 0
          0 0 0 0 0 0
          0 0 0 0 0 0
          0 0 0 0 0 0
          0 0 0 0 0 0
          0 0 0.747814416885376 0.6448942422866821 0.7606861591339111 0.7415292263031006
          0.7226889729499817 0.532718300819397 0.6606586575508118 0.7121977210044861 0.7330698370933533 0.7425249814987183
          0.7471826076507568 0.7496011853218079 0.7508478760719299 0.7514200806617737 0.7515596151351929 0.7517001628875732
          0.7521094679832458 0.7527014017105103 0.7533276081085205 0.7538592219352722 0.7542515397071838 0.7544992566108704
          0.7545674443244934 0.7543911337852478 0.7539365887641907 0.7533468008041382 0.7530179619789124 0.7533169388771057
          0.7543585300445557 0.7556118965148926 0.7556111812591553 0.756729245185852 0.7566871643066406 0.7560951709747314
          0.7536256909370422 0.7535151243209839 0.7433884143829346 0.7271480560302734 0.7458267211914062 0.7397974729537964
          0 0 0 0 0 0
          0 0 0 0 0 0
          0 0 0 0 0 0
          0 0 0 0 0 0
          0 0 0 0 0 0
          0 0 0 0 0.4468534290790558 0.17070147395133972
          0.6716123223304749 0.7322102189064026 0.7471765875816345 0.751723051071167 0.753259539604187 0.7537615895271301
          0.7537755370140076 0.7534546852111816 0.7528098821640015 0.7516592144966125 0.7518429756164551 0.7522687315940857
          0.7526804804801941 0.753028392791748 0.7532719969749451 0.7533783912658691 0.7533225417137146 0.7531063556671143
          0.7528036236763 0.7525994777679443 0.752743124961853 0.7534140348434448 0.75481116771698 0.7558478713035583
          0.7558468580245972 0.7566863894462585 0.7565860152244568 0.7559390664100647 0.7529521584510803 0.7526487708091736
          0.6667662858963013 0.7080978155136108 0.7423397302627563 0.7376229166984558 0 0
          0 0 0 0 0 0
          0 0 0 0 0 0
          0 0 0 0 0 0
          0 0 0 0 0 0
          0 0 0 0 0 0
          0 0 0 0.30949142575263977 0.7206969261169434 0.7487561702728271
          0.7538302540779114 0.7550092339515686 0.755301296710968 0.7553151249885559 0.7551828026771545 0.7549350261688232
          0.7545329928398132 0.7536261677742004 0.7530859112739563 0.752939760684967 0.7529019713401794 0.7529087662696838
          0.7529087662696838 0.752862274646759 0.7527468204498291 0.7525766491889954 0.7524328231811523 0.7524944543838501
          0.7530654072761536 0.754155695438385 0.7551058530807495 0.7560780048370361 0.7560769319534302 0.7566487193107605
          0.7564653754234314 0.7556150555610657 0.7514283657073975 0.6907789707183838 0.6709670424461365 0.5687403082847595
          0.7396055459976196 0 0 0 0 0
          0 0 0 0 0 0
          0 0 0 0 0 0
          0 0 0 0 0 0
          0 0 0 0 0 0
          0 0 0 0 0 0
          5.144330295081545e-9 0.6485481858253479 0.7447195649147034 0.7540867924690247 0.7555099725723267 0.7557151317596436
          0.755689263343811 0.7555721402168274 0.7553974986076355 0.7551960349082947 0.754987359046936 0.7547546625137329
          0.7542750239372253 0.7538609504699707 0.7535439729690552 0.7532973289489746 0.7530902624130249 0.7528886198997498
          0.7526838779449463 0.7525206208229065 0.7525709867477417 0.7530012130737305 0.7537156939506531 0.7545818090438843
          0.7553961873054504 0.7563066482543945 0.7563057541847229 0.7566143870353699 0.756347119808197 0.7550798654556274
          0.7471396327018738 0.6724321842193604 0.6586803197860718 0.5925129652023315 0 0
          0 0 0 0 0 0
          0 0 0 0 0 0
          0 0 0 0 0 0
          0 0 0 0 0 0
          0 0 0 0 0 0
          0 0 0 7.772700705288571e-9 0.17085067927837372 0.70569908618927
          0.7486192584037781 0.754927396774292 0.7557586431503296 0.7558321356773376 0.7557481527328491 0.7555820345878601
          0.7553589940071106 0.7551090717315674 0.7548638582229614 0.7546521425247192 0.7544488906860352 0.754182755947113
          0.7538824081420898 0.7535823583602905 0.7532747983932495 0.7529976963996887 0.7528033256530762 0.7527903914451599
          0.7530426979064941 0.7535569667816162 0.7542033195495605 0.7549368739128113 0.7556912302970886 0.7559987306594849
          0.756627082824707 0.7565948963165283 0.7563384771347046 0.7556118369102478 0.6779383420944214 0.6673407554626465
          0.600702166557312 0.6161773204803467 0 0 0 0
          0 0 0 0 0 0
          0 0 0 0 0 0
          0 0 0 0 0 0
          0 0 0 0 0 0
          0 0 0 0 0 0
          0 0 0.38882938027381897 0.7056294679641724 0.747371256351471 0.7548852562904358
          0.7558444738388062 0.7559208273887634 0.7558192014694214 0.7556337714195251 0.7553924918174744 0.7551246881484985
          0.7548533082008362 0.7545931339263916 0.7543388605117798 0.7541183829307556 0.7539246082305908 0.7536605000495911
          0.7533731460571289 0.7531555891036987 0.7530832886695862 0.7532118558883667 0.7535387873649597 0.7540343403816223
          0.7546294331550598 0.7553166151046753 0.7560369968414307 0.7562359571456909 0.7566220164299011 0.7565559148788452
          0.7565268278121948 0.7563846111297607 0.6719176769256592 0.7317852973937988 0.5731027722358704 0.6038359999656677
          0.006881533190608025 0.0008458395022898912 1.375437341333361e-14 0.0003247546264901757 0.0005784905515611172 0.000005715990482713096
          0.0002518871915526688 0.000056354616390308365 0.00002022433363890741 0 9.998280603440435e-8 4.6882544069148935e-8
          7.793182987825276e-9 1.051490841064151e-7 0.0000955106079345569 1.889120682108114e-7 2.1622456358727504e-7 2.1803708705192548e-7
          0 0 0 0 0 0.0000018044016769636073
          0 1.2991699734733618e-18 4.425051542966685e-7 0 0 0
          0 0 0 0 0 0
          0.5116076469421387 0.6699779629707336 0.7387115359306335 0.7539910078048706 0.7558501362800598 0.7560346126556396
          0.7559565901756287 0.7557914853096008 0.7555735111236572 0.7553388476371765 0.7551099061965942 0.7548755407333374
          0.7546088099479675 0.7542759776115417 0.753959059715271 0.753730833530426 0.7535324692726135 0.75342857837677
          0.7534680366516113 0.7536683678627014 0.7540121078491211 0.7544873356819153 0.755056619644165 0.755703866481781
          0.7563115954399109 0.756435215473175 0.7564351558685303 0.7566066384315491 0.7566081285476685 0.7564839124679565
          0.7329730987548828 0.7374652028083801 0.7447652220726013 0.7456408739089966 0.7472062110900879 0.7481886148452759
          0.7497526407241821 0.7505565881729126 0.7504047751426697 0.33627551794052124 0.469779908657074 0.4703940153121948
          0.35155418515205383 0.4543995261192322 0.158634215593338 0.44116437435150146 0.5323318243026733 0.11144742369651794
          1.9713081655936548e-7 0.6153601408004761 0.6416594386100769 0.2466966062784195 0 0.17819887399673462
          0.7240690588951111 0.7360904812812805 0.7416561245918274 0.7443422675132751 0.7462227940559387 0.7475522756576538
          0.7482016682624817 0.7487555146217346 0 0 0 0
          0 0 0 0 0 0.08802960067987442
          0.6933761239051819 0.7485321164131165 0.7554951906204224 0.756155252456665 0.7561629414558411 0.756061851978302
          0.7558939456939697 0.7557041645050049 0.7555453777313232 0.7554172873497009 0.7552642822265625 0.7550226449966431
          0.7546179890632629 0.7540536522865295 0.7538526654243469 0.7538247108459473 0.753923237323761 0.7541484236717224
          0.7544888854026794 0.7549394965171814 0.7554527521133423 0.7559916973114014 0.7561824321746826 0.7563683390617371
          0.7563390731811523 0.7563649415969849 0.7563822269439697 0.7563934922218323 0.7564001083374023 0.7564040422439575
          0.7564058899879456 0.7565160989761353 0.7565103769302368 0.7565047740936279 0.756500780582428 0.7564969062805176
          0.7564927339553833 0.7564891576766968 0.7564904689788818 0.7552021741867065 0.7551904916763306 0.7551811933517456
          0.7551721334457397 0.7551645040512085 0.7551568150520325 0.7551510334014893 0.7551462650299072 0.7551409602165222
          0.7551357746124268 0.755134105682373 0.7551354765892029 0.7551352977752686 0.7551301121711731 0.7551257014274597
          0.7551223039627075 0.755119800567627 0.7551175951957703 0.7551155090332031 0.7551129460334778 0.7551091909408569
          0 0 0 0 0 0
          0 0 0 0.0959947258234024 0 0.5229437351226807
          0.7505473494529724 0.7559605836868286 0.7563120722770691 0.756417453289032 0.7563777565956116 0.7561560869216919
          0.7559096813201904 0.7557893395423889 0.7557689547538757 0.755734384059906 0.7556105256080627 0.7553666234016418
          0.7550519108772278 0.7549323439598083 0.7549785375595093 0.7551189064979553 0.7553472518920898 0.7556517720222473
          0.7559818029403687 0.7561537623405457 0.7562441825866699 0.7563015818595886 0.756339430809021 0.756365180015564
          0.756382405757904 0.7563936114311218 0.7564001679420471 0.7564041018486023 0.7564058899879456 0.7564058899879456
          0.7568545341491699 0.7568508386611938 0.7568475008010864 0.7568447589874268 0.7568429708480835 0.7568430304527283
          0.7568432688713074 0.7568449378013611 0.7556082010269165 0.7556057572364807 0.7556037306785583 0.7556018829345703
          0.75560063123703 0.7555993795394897 0.7555986046791077 0.7555980086326599 0.7555980086326599 0.7555987238883972
          0.7555994391441345 0.7555999755859375 0.7556005120277405 0.755601167678833 0.7556019425392151 0.7556029558181763
          0.7556040287017822 0.7556050419807434 0.7556060552597046 0.755605936050415
        </DataArray>
        <DataArray type="Float32" Name="ASH_Solids_mass_fractions_1_4" format="ascii" RangeMin="0.22737343609333038" RangeMax="1">
          1 1 1 1 0.25783222913742065 0.22737343609333038
          0.23570381104946136 0.23850592970848083 0.24021370708942413 0.24197342991828918 0.2431161254644394 0.24494178593158722
          0.24699418246746063 0.2486283928155899 0.24954158067703247 0.24982160329818726 0.24970990419387817 0.24941658973693848
          0.24901728332042694 0.24849246442317963 0.24789372086524963 0.24726411700248718 0.246641606092453 0.24605430662631989
          0.24551381170749664 0.24503077566623688 0.2446345090866089 0.24440069496631622 0.24449174106121063 0.2450929433107376
          0.24599309265613556 0.24634341895580292 0.24568098783493042 0.24480482935905457 0.2448052316904068 0.24324676394462585
          0.24326059222221375 0.24391980469226837 0.24546173214912415 0.24567647278308868 0.24647566676139832 0.2593977153301239
          0.24895153939723969 0.24970746040344238 0.256058007478714 1 1 1
          1 1 1 1 1 1
          1 1 1 1 1 1
          1 1 1 1 1 1
          1 1 1 1 1 1
          1 1 0.25218552350997925 0.3551057279109955 0.23931385576725006 0.25847068428993225
          0.27731093764305115 0.46728163957595825 0.33934125304222107 0.28780221939086914 0.2669300436973572 0.25747495889663696
          0.252817302942276 0.25039875507354736 0.2491520643234253 0.24857981503009796 0.24844031035900116 0.24829977750778198
          0.24789047241210938 0.2472984939813614 0.24667231738567352 0.24614070355892181 0.2457484006881714 0.24550065398216248
          0.24543245136737823 0.24560876190662384 0.24606333673000336 0.24665312469005585 0.24698197841644287 0.24668295681476593
          0.24564136564731598 0.24438804388046265 0.24438874423503876 0.24327069520950317 0.2433127462863922 0.2439047247171402
          0.246374249458313 0.24648478627204895 0.25661149621009827 0.2728518545627594 0.2541731894016266 0.26020240783691406
          1 1 1 1 1 1
          1 1 1 1 1 1
          1 1 1 1 1 1
          1 1 1 1 1 1
          1 1 1 1 1 1
          1 1 0.9999999403953552 1 0.553145170211792 0.8292984366416931
          0.328387588262558 0.26778969168663025 0.2528233528137207 0.24827684462070465 0.24674038589000702 0.2462383508682251
          0.24622438848018646 0.2465452402830124 0.24719004333019257 0.24834072589874268 0.24815693497657776 0.24773120880126953
          0.24731943011283875 0.2469715178012848 0.24672789871692657 0.2466215193271637 0.24667738378047943 0.24689354002475739
          0.2471962571144104 0.2474004477262497 0.2472568154335022 0.2465859055519104 0.24518871307373047 0.24415205419063568
          0.24415306746959686 0.24331353604793549 0.24341388046741486 0.24406087398529053 0.24704772233963013 0.24735112488269806
          0.33323371410369873 0.2919021546840668 0.2576601505279541 0.26237696409225464 1 1
          1 1 1 1 1 1
          1 1 1 1 1 1
          1 1 1 1 1 1
          1 1 1 1 1 1
          1 1 1 1 1 1
          1 1 1 0.6905084848403931 0.2793029546737671 0.2512437105178833
          0.24616968631744385 0.24499070644378662 0.244698628783226 0.24468477070331573 0.2448171079158783 0.24506491422653198
          0.2454669326543808 0.2463737577199936 0.24691402912139893 0.2470601499080658 0.2470979541540146 0.247091144323349
          0.2470911294221878 0.2471376359462738 0.24725307524204254 0.24742329120635986 0.24756711721420288 0.24750547111034393
          0.24693448841571808 0.24584420025348663 0.24489407241344452 0.2439219206571579 0.24392297863960266 0.24335122108459473
          0.24353452026844025 0.24438486993312836 0.248571515083313 0.3092209994792938 0.32903292775154114 0.4312596619129181
          0.2603943645954132 1 1 1 1 1
          1 1 1 1 1 1
          1 1 1 1 1 1
          1 1 1 1 1 1
          1 1 1 1 1 1
          1 1 1 1 1 1
          1 0.3514517545700073 0.2552803158760071 0.24591311812400818 0.24448996782302856 0.24428477883338928
          0.244310662150383 0.24442780017852783 0.24460238218307495 0.24480387568473816 0.2450125813484192 0.24524524807929993
          0.2457248717546463 0.24613896012306213 0.24645593762397766 0.24670258164405823 0.24690967798233032 0.2471112757921219
          0.24731603264808655 0.24747930467128754 0.24742892384529114 0.24699868261814117 0.24628418684005737 0.24541808664798737
          0.2446037381887436 0.2436932623386383 0.24369414150714874 0.24338550865650177 0.24365277588367462 0.2449200600385666
          0.25286024808883667 0.32756781578063965 0.3413197100162506 0.40748703479766846 1 1
          1 1 1 1 1 1
          1 1 1 1 1 1
          1 1 1 1 1 1
          1 1 1 1 1 1
          1 1 1 1 1 1
          1 1 1 0.9999999403953552 0.8291492462158203 0.2943008244037628
          0.25138065218925476 0.24507252871990204 0.24424125254154205 0.244167760014534 0.24425174295902252 0.24441787600517273
          0.24464093148708344 0.24489086866378784 0.2451360523700714 0.245347797870636 0.24555104970932007 0.2458171546459198
          0.24611753225326538 0.2464175820350647 0.24672512710094452 0.24700221419334412 0.24719661474227905 0.24720950424671173
          0.2469571977853775 0.24644295871257782 0.2457965612411499 0.24506303668022156 0.24430866539478302 0.24400117993354797
          0.2433728128671646 0.2434050291776657 0.24366143345832825 0.24438810348510742 0.3220616579055786 0.3326592445373535
          0.399297833442688 0.3838226795196533 1 1 1 1
          1 1 1 1 1 1
          1 1 1 1 1 1
          1 1 1 1 1 1
          1 1 1 1 1 1
          1 1 1 1 1 1
          1 1 0.6111705303192139 0.2943704128265381 0.2526286542415619 0.24511466920375824
          0.24415543675422668 0.2440790981054306 0.24418073892593384 0.2443661242723465 0.24460743367671967 0.2448752224445343
          0.24514660239219666 0.24540679156780243 0.24566105008125305 0.24588152766227722 0.2460753172636032 0.24633942544460297
          0.24662674963474274 0.2468443363904953 0.24691665172576904 0.24678806960582733 0.24646112322807312 0.2459656000137329
          0.24537046253681183 0.24468329548835754 0.24396292865276337 0.2437639832496643 0.2433779090642929 0.24344401061534882
          0.24347306787967682 0.2436152845621109 0.32808229327201843 0.268214613199234 0.426897257566452 0.39616402983665466
          0.9931184649467468 0.9991541504859924 1 0.9996752738952637 0.9994215369224548 0.9999942779541016
          0.9997481107711792 0.9999436736106873 0.9999797940254211 1 0.9999998807907104 0.9999999403953552
          1 0.9999998807907104 0.9999045133590698 0.9999998211860657 0.9999997615814209 0.9999997615814209
          1 1 1 1 1 0.9999982118606567
          1 1 0.9999995827674866 1 1 1
          1 1 1 1 1 1
          0.4883922338485718 0.3300219476222992 0.2612884044647217 0.24600890278816223 0.24414974451065063 0.24396531283855438
          0.24404335021972656 0.2442084103822708 0.244426429271698 0.24466104805469513 0.2448899894952774 0.24512438476085663
          0.2453911304473877 0.24572396278381348 0.24604086577892303 0.2462690770626068 0.2464674562215805 0.24657133221626282
          0.24653185904026031 0.2463315725326538 0.24598778784275055 0.24551258981227875 0.2449432909488678 0.24429604411125183
          0.24368833005428314 0.24356472492218018 0.24356476962566376 0.24339330196380615 0.24339176714420319 0.2435159981250763
          0.26702678203582764 0.2625347077846527 0.25523465871810913 0.25435900688171387 0.25279372930526733 0.25181129574775696
          0.2502472400665283 0.24944333732128143 0.24959512054920197 0.663724422454834 0.5302200317382812 0.5296059250831604
          0.6484457850456238 0.545600414276123 0.8413657546043396 0.5588355660438538 0.4676681160926819 0.8885525465011597
          0.9999998211860657 0.38463976979255676 0.3583405017852783 0.7533033490180969 1 0.8218011260032654
          0.27593085169792175 0.26390939950942993 0.25834375619888306 0.2556576430797577 0.2537771463394165 0.2524476647377014
          0.25179827213287354 0.25124436616897583 1 1 1 1
          1 1 1 1 1 0.9119703769683838
          0.30662378668785095 0.2514677941799164 0.24450474977493286 0.243844673037529 0.24383698403835297 0.24393804371356964
          0.2441059798002243 0.24429574608802795 0.2444545328617096 0.2445826232433319 0.24473562836647034 0.24497729539871216
          0.2453819066286087 0.2459462583065033 0.2461472749710083 0.24617516994476318 0.24607665836811066 0.24585148692131042
          0.2455110400915146 0.24506041407585144 0.24454714357852936 0.24400821328163147 0.2438175082206726 0.24363160133361816
          0.2436608374118805 0.24363496899604797 0.24361766874790192 0.24360643327236176 0.2435997873544693 0.24359583854675293
          0.24359403550624847 0.24348381161689758 0.24348954856395721 0.2434951514005661 0.24349911510944366 0.24350303411483765
          0.24350717663764954 0.24351075291633606 0.2435094714164734 0.2447977215051651 0.24480940401554108 0.24481874704360962
          0.2448277622461319 0.24483543634414673 0.24484308063983917 0.24484889209270477 0.24485361576080322 0.24485896527767181
          0.24486413598060608 0.2448657900094986 0.24486443400382996 0.24486462771892548 0.24486978352069855 0.24487420916557312
          0.24487759172916412 0.24488013982772827 0.24488230049610138 0.24488438665866852 0.24488697946071625 0.24489068984985352
          1 1 1 1 1 1
          1 1 1 0.904005229473114 1 0.47705620527267456
          0.24945256114006042 0.24403934180736542 0.24368783831596375 0.24358247220516205 0.24362215399742126 0.24384385347366333
          0.2440902143716812 0.24421054124832153 0.2442309409379959 0.24426551163196564 0.2443893700838089 0.24463331699371338
          0.24494799971580505 0.24506759643554688 0.24502138793468475 0.24488100409507751 0.2446526437997818 0.24434813857078552
          0.244018092751503 0.24384617805480957 0.2437557578086853 0.2436983287334442 0.24366049468517303 0.24363471567630768
          0.2436174899339676 0.2436063289642334 0.24359972774982452 0.24359580874443054 0.2435940057039261 0.24359405040740967
          0.2431454062461853 0.243149071931839 0.24315239489078522 0.24315515160560608 0.24315695464611053 0.24315686523914337
          0.24315662682056427 0.24315495789051056 0.24439167976379395 0.2443941831588745 0.2443961650133133 0.24439802765846252
          0.244399294257164 0.24440054595470428 0.24440132081508636 0.24440190196037292 0.24440188705921173 0.244401216506958
          0.24440045654773712 0.24439992010593414 0.24439939856529236 0.24439874291419983 0.24439795315265656 0.24439698457717896
          0.2443958967924118 0.24439485371112823 0.24439384043216705 0.24439400434494019
        </DataArray>
      </CellData>
      <Points>
        <DataArray type="Float32" Name="Points" NumberOfComponents="3" format="ascii" RangeMin="0" RangeMax="5.727128342051162">
          0 0 0 0 0.07999999821186066 0
          0 0.1599999964237213 0 0 0.23999999463558197 0
          0 0.3199999928474426 0 0 0.4000000059604645 0
          0 0.47999998927116394 0 0 0.5600000023841858 0
          0 0.6399999856948853 0 0 0.7200000286102295 0
          0 0.800000011920929 0 0 0.8799999952316284 0
          0 0.9599999785423279 0 0 1.0399999618530273 0
          0 1.1200000047683716 0 0 1.2000000476837158 0
          0 1.2799999713897705 0 0 1.3600000143051147 0
          0 1.440000057220459 0 0 1.5199999809265137 0
          0 1.600000023841858 0 0 1.6799999475479126 0
          0 1.7599999904632568 0 0 1.840000033378601 0
          0 1.9199999570846558 0 0 2 0
          0 2.0799999237060547 0 0 2.1600000858306885 0
          0 2.240000009536743 0 0 2.319999933242798 0
          0 2.4000000953674316 0 0 2.4800000190734863 0
          0 2.559999942779541 0 0 2.640000104904175 0
          0 2.7200000286102295 0 0 2.799999952316284 0
          0 2.880000114440918 0 0 2.9600000381469727 0
          0 3.0399999618530273 0 0 3.119999885559082 0
          0 3.200000047683716 0 0 3.2799999713897705 0
          0 3.359999895095825 0 0 3.440000057220459 0
          0 3.5199999809265137 0 0 3.5999999046325684 0
          0 3.680000066757202 0 0 3.759999990463257 0
          0 3.8399999141693115 0 0 3.9200000762939453 0
          0 4 0 0 4.079999923706055 0
          0 4.159999847412109 0 0 4.239999771118164 0
          0 4.320000171661377 0 0 4.400000095367432 0
          0 4.480000019073486 0 0 4.559999942779541 0
          0 4.639999866485596 0 0 4.71999979019165 0
          0 4.800000190734863 0 0 4.880000114440918 0
          0 4.960000038146973 0 0 5.039999961853027 0
          0 5.119999885559082 0 0 5.199999809265137 0
          0 5.28000020980835 0 0 5.360000133514404 0
          0 5.440000057220459 0 0 5.519999980926514 0
          0 5.599999904632568 0 0.11999999731779099 0 0
          0.11999999731779099 0.07999999821186066 0 0.11999999731779099 0.1599999964237213 0
          0.11999999731779099 0.23999999463558197 0 0.11999999731779099 0.3199999928474426 0
          0.11999999731779099 0.4000000059604645 0 0.11999999731779099 0.47999998927116394 0
          0.11999999731779099 0.5600000023841858 0 0.11999999731779099 0.6399999856948853 0
          0.11999999731779099 0.7200000286102295 0 0.11999999731779099 0.800000011920929 0
          0.11999999731779099 0.8799999952316284 0 0.11999999731779099 0.9599999785423279 0
          0.11999999731779099 1.0399999618530273 0 0.11999999731779099 1.1200000047683716 0
          0.11999999731779099 1.2000000476837158 0 0.11999999731779099 1.2799999713897705 0
          0.11999999731779099 1.3600000143051147 0 0.11999999731779099 1.440000057220459 0
          0.11999999731779099 1.5199999809265137 0 0.11999999731779099 1.600000023841858 0
          0.11999999731779099 1.6799999475479126 0 0.11999999731779099 1.7599999904632568 0
          0.11999999731779099 1.840000033378601 0 0.11999999731779099 1.9199999570846558 0
          0.11999999731779099 2 0 0.11999999731779099 2.0799999237060547 0
          0.11999999731779099 2.1600000858306885 0 0.11999999731779099 2.240000009536743 0
          0.11999999731779099 2.319999933242798 0 0.11999999731779099 2.4000000953674316 0
          0.11999999731779099 2.4800000190734863 0 0.11999999731779099 2.559999942779541 0
          0.11999999731779099 2.640000104904175 0 0.11999999731779099 2.7200000286102295 0
          0.11999999731779099 2.799999952316284 0 0.11999999731779099 2.880000114440918 0
          0.11999999731779099 2.9600000381469727 0 0.11999999731779099 3.0399999618530273 0
          0.11999999731779099 3.119999885559082 0 0.11999999731779099 3.200000047683716 0
          0.11999999731779099 3.2799999713897705 0 0.11999999731779099 3.359999895095825 0
          0.11999999731779099 3.440000057220459 0 0.11999999731779099 3.5199999809265137 0
          0.11999999731779099 3.5999999046325684 0 0.11999999731779099 3.680000066757202 0
          0.11999999731779099 3.759999990463257 0 0.11999999731779099 3.8399999141693115 0
          0.11999999731779099 3.9200000762939453 0 0.11999999731779099 4 0
          0.11999999731779099 4.079999923706055 0 0.11999999731779099 4.159999847412109 0
          0.11999999731779099 4.239999771118164 0 0.11999999731779099 4.320000171661377 0
          0.11999999731779099 4.400000095367432 0 0.11999999731779099 4.480000019073486 0
          0.11999999731779099 4.559999942779541 0 0.11999999731779099 4.639999866485596 0
          0.11999999731779099 4.71999979019165 0 0.11999999731779099 4.800000190734863 0
          0.11999999731779099 4.880000114440918 0 0.11999999731779099 4.960000038146973 0
          0.11999999731779099 5.039999961853027 0 0.11999999731779099 5.119999885559082 0
          0.11999999731779099 5.199999809265137 0 0.11999999731779099 5.28000020980835 0
          0.11999999731779099 5.360000133514404 0 0.11999999731779099 5.440000057220459 0
          0.11999999731779099 5.519999980926514 0 0.11999999731779099 5.599999904632568 0
          0.23999999463558197 0 0 0.23999999463558197 0.07999999821186066 0
          0.23999999463558197 0.1599999964237213 0 0.23999999463558197 0.23999999463558197 0
          0.23999999463558197 0.3199999928474426 0 0.23999999463558197 0.4000000059604645 0
          0.23999999463558197 0.47999998927116394 0 0.23999999463558197 0.5600000023841858 0
          0.23999999463558197 0.6399999856948853 0 0.23999999463558197 0.7200000286102295 0
          0.23999999463558197 0.800000011920929 0 0.23999999463558197 0.8799999952316284 0
          0.23999999463558197 0.9599999785423279 0 0.23999999463558197 1.0399999618530273 0
          0.23999999463558197 1.1200000047683716 0 0.23999999463558197 1.2000000476837158 0
          0.23999999463558197 1.2799999713897705 0 0.23999999463558197 1.3600000143051147 0
          0.23999999463558197 1.440000057220459 0 0.23999999463558197 1.5199999809265137 0
          0.23999999463558197 1.600000023841858 0 0.23999999463558197 1.6799999475479126 0
          0.23999999463558197 1.7599999904632568 0 0.23999999463558197 1.840000033378601 0
          0.23999999463558197 1.9199999570846558 0 0.23999999463558197 2 0
          0.23999999463558197 2.0799999237060547 0 0.23999999463558197 2.1600000858306885 0
          0.23999999463558197 2.240000009536743 0 0.23999999463558197 2.319999933242798 0
          0.23999999463558197 2.4000000953674316 0 0.23999999463558197 2.4800000190734863 0
          0.23999999463558197 2.559999942779541 0 0.23999999463558197 2.640000104904175 0
          0.23999999463558197 2.7200000286102295 0 0.23999999463558197 2.799999952316284 0
          0.23999999463558197 2.880000114440918 0 0.23999999463558197 2.9600000381469727 0
          0.23999999463558197 3.0399999618530273 0 0.23999999463558197 3.119999885559082 0
          0.23999999463558197 3.200000047683716 0 0.23999999463558197 3.2799999713897705 0
          0.23999999463558197 3.359999895095825 0 0.23999999463558197 3.440000057220459 0
          0.23999999463558197 3.5199999809265137 0 0.23999999463558197 3.5999999046325684 0
          0.23999999463558197 3.680000066757202 0 0.23999999463558197 3.759999990463257 0
          0.23999999463558197 3.8399999141693115 0 0.23999999463558197 3.9200000762939453 0
          0.23999999463558197 4 0 0.23999999463558197 4.079999923706055 0
          0.23999999463558197 4.159999847412109 0 0.23999999463558197 4.239999771118164 0
          0.23999999463558197 4.320000171661377 0 0.23999999463558197 4.400000095367432 0
          0.23999999463558197 4.480000019073486 0 0.23999999463558197 4.559999942779541 0
          0.23999999463558197 4.639999866485596 0 0.23999999463558197 4.71999979019165 0
          0.23999999463558197 4.800000190734863 0 0.23999999463558197 4.880000114440918 0
          0.23999999463558197 4.960000038146973 0 0.23999999463558197 5.039999961853027 0
          0.23999999463558197 5.119999885559082 0 0.23999999463558197 5.199999809265137 0
          0.23999999463558197 5.28000020980835 0 0.23999999463558197 5.360000133514404 0
          0.23999999463558197 5.440000057220459 0 0.23999999463558197 5.519999980926514 0
          0.23999999463558197 5.599999904632568 0 0.36000001430511475 0 0
          0.36000001430511475 0.07999999821186066 0 0.36000001430511475 0.1599999964237213 0
          0.36000001430511475 0.23999999463558197 0 0.36000001430511475 0.3199999928474426 0
          0.36000001430511475 0.4000000059604645 0 0.36000001430511475 0.47999998927116394 0
          0.36000001430511475 0.5600000023841858 0 0.36000001430511475 0.6399999856948853 0
          0.36000001430511475 0.7200000286102295 0 0.36000001430511475 0.800000011920929 0
          0.36000001430511475 0.8799999952316284 0 0.36000001430511475 0.9599999785423279 0
          0.36000001430511475 1.0399999618530273 0 0.36000001430511475 1.1200000047683716 0
          0.36000001430511475 1.2000000476837158 0 0.36000001430511475 1.2799999713897705 0
          0.36000001430511475 1.3600000143051147 0 0.36000001430511475 1.440000057220459 0
          0.36000001430511475 1.5199999809265137 0 0.36000001430511475 1.600000023841858 0
          0.36000001430511475 1.6799999475479126 0 0.36000001430511475 1.7599999904632568 0
          0.36000001430511475 1.840000033378601 0 0.36000001430511475 1.9199999570846558 0
          0.36000001430511475 2 0 0.36000001430511475 2.0799999237060547 0
          0.36000001430511475 2.1600000858306885 0 0.36000001430511475 2.240000009536743 0
          0.36000001430511475 2.319999933242798 0 0.36000001430511475 2.4000000953674316 0
          0.36000001430511475 2.4800000190734863 0 0.36000001430511475 2.559999942779541 0
          0.36000001430511475 2.640000104904175 0 0.36000001430511475 2.7200000286102295 0
          0.36000001430511475 2.799999952316284 0 0.36000001430511475 2.880000114440918 0
          0.36000001430511475 2.9600000381469727 0 0.36000001430511475 3.0399999618530273 0
          0.36000001430511475 3.119999885559082 0 0.36000001430511475 3.200000047683716 0
          0.36000001430511475 3.2799999713897705 0 0.36000001430511475 3.359999895095825 0
          0.36000001430511475 3.440000057220459 0 0.36000001430511475 3.5199999809265137 0
          0.36000001430511475 3.5999999046325684 0 0.36000001430511475 3.680000066757202 0
          0.36000001430511475 3.759999990463257 0 0.36000001430511475 3.8399999141693115 0
          0.36000001430511475 3.9200000762939453 0 0.36000001430511475 4 0
          0.36000001430511475 4.079999923706055 0 0.36000001430511475 4.159999847412109 0
          0.36000001430511475 4.239999771118164 0 0.36000001430511475 4.320000171661377 0
          0.36000001430511475 4.400000095367432 0 0.36000001430511475 4.480000019073486 0
          0.36000001430511475 4.559999942779541 0 0.36000001430511475 4.639999866485596 0
          0.36000001430511475 4.71999979019165 0 0.36000001430511475 4.800000190734863 0
          0.36000001430511475 4.880000114440918 0 0.36000001430511475 4.960000038146973 0
          0.36000001430511475 5.039999961853027 0 0.36000001430511475 5.119999885559082 0
          0.36000001430511475 5.199999809265137 0 0.36000001430511475 5.28000020980835 0
          0.36000001430511475 5.360000133514404 0 0.36000001430511475 5.440000057220459 0
          0.36000001430511475 5.519999980926514 0 0.36000001430511475 5.599999904632568 0
          0.47999998927116394 0 0 0.47999998927116394 0.07999999821186066 0
          0.47999998927116394 0.1599999964237213 0 0.47999998927116394 0.23999999463558197 0
          0.47999998927116394 0.3199999928474426 0 0.47999998927116394 0.4000000059604645 0
          0.47999998927116394 0.47999998927116394 0 0.47999998927116394 0.5600000023841858 0
          0.47999998927116394 0.6399999856948853 0 0.47999998927116394 0.7200000286102295 0
          0.47999998927116394 0.800000011920929 0 0.47999998927116394 0.8799999952316284 0
          0.47999998927116394 0.9599999785423279 0 0.47999998927116394 1.0399999618530273 0
          0.47999998927116394 1.1200000047683716 0 0.47999998927116394 1.2000000476837158 0
          0.47999998927116394 1.2799999713897705 0 0.47999998927116394 1.3600000143051147 0
          0.47999998927116394 1.440000057220459 0 0.47999998927116394 1.5199999809265137 0
          0.47999998927116394 1.600000023841858 0 0.47999998927116394 1.6799999475479126 0
          0.47999998927116394 1.7599999904632568 0 0.47999998927116394 1.840000033378601 0
          0.47999998927116394 1.9199999570846558 0 0.47999998927116394 2 0
          0.47999998927116394 2.0799999237060547 0 0.47999998927116394 2.1600000858306885 0
          0.47999998927116394 2.240000009536743 0 0.47999998927116394 2.319999933242798 0
          0.47999998927116394 2.4000000953674316 0 0.47999998927116394 2.4800000190734863 0
          0.47999998927116394 2.559999942779541 0 0.47999998927116394 2.640000104904175 0
          0.47999998927116394 2.7200000286102295 0 0.47999998927116394 2.799999952316284 0
          0.47999998927116394 2.880000114440918 0 0.47999998927116394 2.9600000381469727 0
          0.47999998927116394 3.0399999618530273 0 0.47999998927116394 3.119999885559082 0
          0.47999998927116394 3.200000047683716 0 0.47999998927116394 3.2799999713897705 0
          0.47999998927116394 3.359999895095825 0 0.47999998927116394 3.440000057220459 0
          0.47999998927116394 3.5199999809265137 0 0.47999998927116394 3.5999999046325684 0
          0.47999998927116394 3.680000066757202 0 0.47999998927116394 3.759999990463257 0
          0.47999998927116394 3.8399999141693115 0 0.47999998927116394 3.9200000762939453 0
          0.47999998927116394 4 0 0.47999998927116394 4.079999923706055 0
          0.47999998927116394 4.159999847412109 0 0.47999998927116394 4.239999771118164 0
          0.47999998927116394 4.320000171661377 0 0.47999998927116394 4.400000095367432 0
          0.47999998927116394 4.480000019073486 0 0.47999998927116394 4.559999942779541 0
          0.47999998927116394 4.639999866485596 0 0.47999998927116394 4.71999979019165 0
          0.47999998927116394 4.800000190734863 0 0.47999998927116394 4.880000114440918 0
          0.47999998927116394 4.960000038146973 0 0.47999998927116394 5.039999961853027 0
          0.47999998927116394 5.119999885559082 0 0.47999998927116394 5.199999809265137 0
          0.47999998927116394 5.28000020980835 0 0.47999998927116394 5.360000133514404 0
          0.47999998927116394 5.440000057220459 0 0.47999998927116394 5.519999980926514 0
          0.47999998927116394 5.599999904632568 0 0.6000000238418579 0 0
          0.6000000238418579 0.07999999821186066 0 0.6000000238418579 0.1599999964237213 0
          0.6000000238418579 0.23999999463558197 0 0.6000000238418579 0.3199999928474426 0
          0.6000000238418579 0.4000000059604645 0 0.6000000238418579 0.47999998927116394 0
          0.6000000238418579 0.5600000023841858 0 0.6000000238418579 0.6399999856948853 0
          0.6000000238418579 0.7200000286102295 0 0.6000000238418579 0.800000011920929 0
          0.6000000238418579 0.8799999952316284 0 0.6000000238418579 0.9599999785423279 0
          0.6000000238418579 1.0399999618530273 0 0.6000000238418579 1.1200000047683716 0
          0.6000000238418579 1.2000000476837158 0 0.6000000238418579 1.2799999713897705 0
          0.6000000238418579 1.3600000143051147 0 0.6000000238418579 1.440000057220459 0
          0.6000000238418579 1.5199999809265137 0 0.6000000238418579 1.600000023841858 0
          0.6000000238418579 1.6799999475479126 0 0.6000000238418579 1.7599999904632568 0
          0.6000000238418579 1.840000033378601 0 0.6000000238418579 1.9199999570846558 0
          0.6000000238418579 2 0 0.6000000238418579 2.0799999237060547 0
          0.6000000238418579 2.1600000858306885 0 0.6000000238418579 2.240000009536743 0
          0.6000000238418579 2.319999933242798 0 0.6000000238418579 2.4000000953674316 0
          0.6000000238418579 2.4800000190734863 0 0.6000000238418579 2.559999942779541 0
          0.6000000238418579 2.640000104904175 0 0.6000000238418579 2.7200000286102295 0
          0.6000000238418579 2.799999952316284 0 0.6000000238418579 2.880000114440918 0
          0.6000000238418579 2.9600000381469727 0 0.6000000238418579 3.0399999618530273 0
          0.6000000238418579 3.119999885559082 0 0.6000000238418579 3.200000047683716 0
          0.6000000238418579 3.2799999713897705 0 0.6000000238418579 3.359999895095825 0
          0.6000000238418579 3.440000057220459 0 0.6000000238418579 3.5199999809265137 0
          0.6000000238418579 3.5999999046325684 0 0.6000000238418579 3.680000066757202 0
          0.6000000238418579 3.759999990463257 0 0.6000000238418579 3.8399999141693115 0
          0.6000000238418579 3.9200000762939453 0 0.6000000238418579 4 0
          0.6000000238418579 4.079999923706055 0 0.6000000238418579 4.159999847412109 0
          0.6000000238418579 4.239999771118164 0 0.6000000238418579 4.320000171661377 0
          0.6000000238418579 4.400000095367432 0 0.6000000238418579 4.480000019073486 0
          0.6000000238418579 4.559999942779541 0 0.6000000238418579 4.639999866485596 0
          0.6000000238418579 4.71999979019165 0 0.6000000238418579 4.800000190734863 0
          0.6000000238418579 4.880000114440918 0 0.6000000238418579 4.960000038146973 0
          0.6000000238418579 5.039999961853027 0 0.6000000238418579 5.119999885559082 0
          0.6000000238418579 5.199999809265137 0 0.6000000238418579 5.28000020980835 0
          0.6000000238418579 5.360000133514404 0 0.6000000238418579 5.440000057220459 0
          0.6000000238418579 5.519999980926514 0 0.6000000238418579 5.599999904632568 0
          0.7200000286102295 0 0 0.7200000286102295 0.07999999821186066 0
          0.7200000286102295 0.1599999964237213 0 0.7200000286102295 0.23999999463558197 0
          0.7200000286102295 0.3199999928474426 0 0.7200000286102295 0.4000000059604645 0
          0.7200000286102295 0.47999998927116394 0 0.7200000286102295 0.5600000023841858 0
          0.7200000286102295 0.6399999856948853 0 0.7200000286102295 0.7200000286102295 0
          0.7200000286102295 0.800000011920929 0 0.7200000286102295 0.8799999952316284 0
          0.7200000286102295 0.9599999785423279 0 0.7200000286102295 1.0399999618530273 0
          0.7200000286102295 1.1200000047683716 0 0.7200000286102295 1.2000000476837158 0
          0.7200000286102295 1.2799999713897705 0 0.7200000286102295 1.3600000143051147 0
          0.7200000286102295 1.440000057220459 0 0.7200000286102295 1.5199999809265137 0
          0.7200000286102295 1.600000023841858 0 0.7200000286102295 1.6799999475479126 0
          0.7200000286102295 1.7599999904632568 0 0.7200000286102295 1.840000033378601 0
          0.7200000286102295 1.9199999570846558 0 0.7200000286102295 2 0
          0.7200000286102295 2.0799999237060547 0 0.7200000286102295 2.1600000858306885 0
          0.7200000286102295 2.240000009536743 0 0.7200000286102295 2.319999933242798 0
          0.7200000286102295 2.4000000953674316 0 0.7200000286102295 2.4800000190734863 0
          0.7200000286102295 2.559999942779541 0 0.7200000286102295 2.640000104904175 0
          0.7200000286102295 2.7200000286102295 0 0.7200000286102295 2.799999952316284 0
          0.7200000286102295 2.880000114440918 0 0.7200000286102295 2.9600000381469727 0
          0.7200000286102295 3.0399999618530273 0 0.7200000286102295 3.119999885559082 0
          0.7200000286102295 3.200000047683716 0 0.7200000286102295 3.2799999713897705 0
          0.7200000286102295 3.359999895095825 0 0.7200000286102295 3.440000057220459 0
          0.7200000286102295 3.5199999809265137 0 0.7200000286102295 3.5999999046325684 0
          0.7200000286102295 3.680000066757202 0 0.7200000286102295 3.759999990463257 0
          0.7200000286102295 3.8399999141693115 0 0.7200000286102295 3.9200000762939453 0
          0.7200000286102295 4 0 0.7200000286102295 4.079999923706055 0
          0.7200000286102295 4.159999847412109 0 0.7200000286102295 4.239999771118164 0
          0.7200000286102295 4.320000171661377 0 0.7200000286102295 4.400000095367432 0
          0.7200000286102295 4.480000019073486 0 0.7200000286102295 4.559999942779541 0
          0.7200000286102295 4.639999866485596 0 0.7200000286102295 4.71999979019165 0
          0.7200000286102295 4.800000190734863 0 0.7200000286102295 4.880000114440918 0
          0.7200000286102295 4.960000038146973 0 0.7200000286102295 5.039999961853027 0
          0.7200000286102295 5.119999885559082 0 0.7200000286102295 5.199999809265137 0
          0.7200000286102295 5.28000020980835 0 0.7200000286102295 5.360000133514404 0
          0.7200000286102295 5.440000057220459 0 0.7200000286102295 5.519999980926514 0
          0.7200000286102295 5.599999904632568 0 0.8399999737739563 0 0
          0.8399999737739563 0.07999999821186066 0 0.8399999737739563 0.1599999964237213 0
          0.8399999737739563 0.23999999463558197 0 0.8399999737739563 0.3199999928474426 0
          0.8399999737739563 0.4000000059604645 0 0.8399999737739563 0.47999998927116394 0
          0.8399999737739563 0.5600000023841858 0 0.8399999737739563 0.6399999856948853 0
          0.8399999737739563 0.7200000286102295 0 0.8399999737739563 0.800000011920929 0
          0.8399999737739563 0.8799999952316284 0 0.8399999737739563 0.9599999785423279 0
          0.8399999737739563 1.0399999618530273 0 0.8399999737739563 1.1200000047683716 0
          0.8399999737739563 1.2000000476837158 0 0.8399999737739563 1.2799999713897705 0
          0.8399999737739563 1.3600000143051147 0 0.8399999737739563 1.440000057220459 0
          0.8399999737739563 1.5199999809265137 0 0.8399999737739563 1.600000023841858 0
          0.8399999737739563 1.6799999475479126 0 0.8399999737739563 1.7599999904632568 0
          0.8399999737739563 1.840000033378601 0 0.8399999737739563 1.9199999570846558 0
          0.8399999737739563 2 0 0.8399999737739563 2.0799999237060547 0
          0.8399999737739563 2.1600000858306885 0 0.8399999737739563 2.240000009536743 0
          0.8399999737739563 2.319999933242798 0 0.8399999737739563 2.4000000953674316 0
          0.8399999737739563 2.4800000190734863 0 0.8399999737739563 2.559999942779541 0
          0.8399999737739563 2.640000104904175 0 0.8399999737739563 2.7200000286102295 0
          0.8399999737739563 2.799999952316284 0 0.8399999737739563 2.880000114440918 0
          0.8399999737739563 2.9600000381469727 0 0.8399999737739563 3.0399999618530273 0
          0.8399999737739563 3.119999885559082 0 0.8399999737739563 3.200000047683716 0
          0.8399999737739563 3.2799999713897705 0 0.8399999737739563 3.359999895095825 0
          0.8399999737739563 3.440000057220459 0 0.8399999737739563 3.5199999809265137 0
          0.8399999737739563 3.5999999046325684 0 0.8399999737739563 3.680000066757202 0
          0.8399999737739563 3.759999990463257 0 0.8399999737739563 3.8399999141693115 0
          0.8399999737739563 3.9200000762939453 0 0.8399999737739563 4 0
          0.8399999737739563 4.079999923706055 0 0.8399999737739563 4.159999847412109 0
          0.8399999737739563 4.239999771118164 0 0.8399999737739563 4.320000171661377 0
          0.8399999737739563 4.400000095367432 0 0.8399999737739563 4.480000019073486 0
          0.8399999737739563 4.559999942779541 0 0.8399999737739563 4.639999866485596 0
          0.8399999737739563 4.71999979019165 0 0.8399999737739563 4.800000190734863 0
          0.8399999737739563 4.880000114440918 0 0.8399999737739563 4.960000038146973 0
          0.8399999737739563 5.039999961853027 0 0.8399999737739563 5.119999885559082 0
          0.8399999737739563 5.199999809265137 0 0.8399999737739563 5.28000020980835 0
          0.8399999737739563 5.360000133514404 0 0.8399999737739563 5.440000057220459 0
          0.8399999737739563 5.519999980926514 0 0.8399999737739563 5.599999904632568 0
          0.9599999785423279 0 0 0.9599999785423279 0.07999999821186066 0
          0.9599999785423279 0.1599999964237213 0 0.9599999785423279 0.23999999463558197 0
          0.9599999785423279 0.3199999928474426 0 0.9599999785423279 0.4000000059604645 0
          0.9599999785423279 0.47999998927116394 0 0.9599999785423279 0.5600000023841858 0
          0.9599999785423279 0.6399999856948853 0 0.9599999785423279 0.7200000286102295 0
          0.9599999785423279 0.800000011920929 0 0.9599999785423279 0.8799999952316284 0
          0.9599999785423279 0.9599999785423279 0 0.9599999785423279 1.0399999618530273 0
          0.9599999785423279 1.1200000047683716 0 0.9599999785423279 1.2000000476837158 0
          0.9599999785423279 1.2799999713897705 0 0.9599999785423279 1.3600000143051147 0
          0.9599999785423279 1.440000057220459 0 0.9599999785423279 1.5199999809265137 0
          0.9599999785423279 1.600000023841858 0 0.9599999785423279 1.6799999475479126 0
          0.9599999785423279 1.7599999904632568 0 0.9599999785423279 1.840000033378601 0
          0.9599999785423279 1.9199999570846558 0 0.9599999785423279 2 0
          0.9599999785423279 2.0799999237060547 0 0.9599999785423279 2.1600000858306885 0
          0.9599999785423279 2.240000009536743 0 0.9599999785423279 2.319999933242798 0
          0.9599999785423279 2.4000000953674316 0 0.9599999785423279 2.4800000190734863 0
          0.9599999785423279 2.559999942779541 0 0.9599999785423279 2.640000104904175 0
          0.9599999785423279 2.7200000286102295 0 0.9599999785423279 2.799999952316284 0
          0.9599999785423279 2.880000114440918 0 0.9599999785423279 2.9600000381469727 0
          0.9599999785423279 3.0399999618530273 0 0.9599999785423279 3.119999885559082 0
          0.9599999785423279 3.200000047683716 0 0.9599999785423279 3.2799999713897705 0
          0.9599999785423279 3.359999895095825 0 0.9599999785423279 3.440000057220459 0
          0.9599999785423279 3.5199999809265137 0 0.9599999785423279 3.5999999046325684 0
          0.9599999785423279 3.680000066757202 0 0.9599999785423279 3.759999990463257 0
          0.9599999785423279 3.8399999141693115 0 0.9599999785423279 3.9200000762939453 0
          0.9599999785423279 4 0 0.9599999785423279 4.079999923706055 0
          0.9599999785423279 4.159999847412109 0 0.9599999785423279 4.239999771118164 0
          0.9599999785423279 4.320000171661377 0 0.9599999785423279 4.400000095367432 0
          0.9599999785423279 4.480000019073486 0 0.9599999785423279 4.559999942779541 0
          0.9599999785423279 4.639999866485596 0 0.9599999785423279 4.71999979019165 0
          0.9599999785423279 4.800000190734863 0 0.9599999785423279 4.880000114440918 0
          0.9599999785423279 4.960000038146973 0 0.9599999785423279 5.039999961853027 0
          0.9599999785423279 5.119999885559082 0 0.9599999785423279 5.199999809265137 0
          0.9599999785423279 5.28000020980835 0 0.9599999785423279 5.360000133514404 0
          0.9599999785423279 5.440000057220459 0 0.9599999785423279 5.519999980926514 0
          0.9599999785423279 5.599999904632568 0 1.0800000429153442 0 0
          1.0800000429153442 0.07999999821186066 0 1.0800000429153442 0.1599999964237213 0
          1.0800000429153442 0.23999999463558197 0 1.0800000429153442 0.3199999928474426 0
          1.0800000429153442 0.4000000059604645 0 1.0800000429153442 0.47999998927116394 0
          1.0800000429153442 0.5600000023841858 0 1.0800000429153442 0.6399999856948853 0
          1.0800000429153442 0.7200000286102295 0 1.0800000429153442 0.800000011920929 0
          1.0800000429153442 0.8799999952316284 0 1.0800000429153442 0.9599999785423279 0
          1.0800000429153442 1.0399999618530273 0 1.0800000429153442 1.1200000047683716 0
          1.0800000429153442 1.2000000476837158 0 1.0800000429153442 1.2799999713897705 0
          1.0800000429153442 1.3600000143051147 0 1.0800000429153442 1.440000057220459 0
          1.0800000429153442 1.5199999809265137 0 1.0800000429153442 1.600000023841858 0
          1.0800000429153442 1.6799999475479126 0 1.0800000429153442 1.7599999904632568 0
          1.0800000429153442 1.840000033378601 0 1.0800000429153442 1.9199999570846558 0
          1.0800000429153442 2 0 1.0800000429153442 2.0799999237060547 0
          1.0800000429153442 2.1600000858306885 0 1.0800000429153442 2.240000009536743 0
          1.0800000429153442 2.319999933242798 0 1.0800000429153442 2.4000000953674316 0
          1.0800000429153442 2.4800000190734863 0 1.0800000429153442 2.559999942779541 0
          1.0800000429153442 2.640000104904175 0 1.0800000429153442 2.7200000286102295 0
          1.0800000429153442 2.799999952316284 0 1.0800000429153442 2.880000114440918 0
          1.0800000429153442 2.9600000381469727 0 1.0800000429153442 3.0399999618530273 0
          1.0800000429153442 3.119999885559082 0 1.0800000429153442 3.200000047683716 0
          1.0800000429153442 3.2799999713897705 0 1.0800000429153442 3.359999895095825 0
          1.0800000429153442 3.440000057220459 0 1.0800000429153442 3.5199999809265137 0
          1.0800000429153442 3.5999999046325684 0 1.0800000429153442 3.680000066757202 0
          1.0800000429153442 3.759999990463257 0 1.0800000429153442 3.8399999141693115 0
          1.0800000429153442 3.9200000762939453 0 1.0800000429153442 4 0
          1.0800000429153442 4.079999923706055 0 1.0800000429153442 4.159999847412109 0
          1.0800000429153442 4.239999771118164 0 1.0800000429153442 4.320000171661377 0
          1.0800000429153442 4.400000095367432 0 1.0800000429153442 4.480000019073486 0
          1.0800000429153442 4.559999942779541 0 1.0800000429153442 4.639999866485596 0
          1.0800000429153442 4.71999979019165 0 1.0800000429153442 4.800000190734863 0
          1.0800000429153442 4.880000114440918 0 1.0800000429153442 4.960000038146973 0
          1.0800000429153442 5.039999961853027 0 1.0800000429153442 5.119999885559082 0
          1.0800000429153442 5.199999809265137 0 1.0800000429153442 5.28000020980835 0
          1.0800000429153442 5.360000133514404 0 1.0800000429153442 5.440000057220459 0
          1.0800000429153442 5.519999980926514 0 1.0800000429153442 5.599999904632568 0
          1.2000000476837158 0 0 1.2000000476837158 0.07999999821186066 0
          1.2000000476837158 0.1599999964237213 0 1.2000000476837158 0.23999999463558197 0
          1.2000000476837158 0.3199999928474426 0 1.2000000476837158 0.4000000059604645 0
          1.2000000476837158 0.47999998927116394 0 1.2000000476837158 0.5600000023841858 0
          1.2000000476837158 0.6399999856948853 0 1.2000000476837158 0.7200000286102295 0
          1.2000000476837158 0.800000011920929 0 1.2000000476837158 0.8799999952316284 0
          1.2000000476837158 0.9599999785423279 0 1.2000000476837158 1.0399999618530273 0
          1.2000000476837158 1.1200000047683716 0 1.2000000476837158 1.2000000476837158 0
          1.2000000476837158 1.2799999713897705 0 1.2000000476837158 1.3600000143051147 0
          1.2000000476837158 1.440000057220459 0 1.2000000476837158 1.5199999809265137 0
          1.2000000476837158 1.600000023841858 0 1.2000000476837158 1.6799999475479126 0
          1.2000000476837158 1.7599999904632568 0 1.2000000476837158 1.840000033378601 0
          1.2000000476837158 1.9199999570846558 0 1.2000000476837158 2 0
          1.2000000476837158 2.0799999237060547 0 1.2000000476837158 2.1600000858306885 0
          1.2000000476837158 2.240000009536743 0 1.2000000476837158 2.319999933242798 0
          1.2000000476837158 2.4000000953674316 0 1.2000000476837158 2.4800000190734863 0
          1.2000000476837158 2.559999942779541 0 1.2000000476837158 2.640000104904175 0
          1.2000000476837158 2.7200000286102295 0 1.2000000476837158 2.799999952316284 0
          1.2000000476837158 2.880000114440918 0 1.2000000476837158 2.9600000381469727 0
          1.2000000476837158 3.0399999618530273 0 1.2000000476837158 3.119999885559082 0
          1.2000000476837158 3.200000047683716 0 1.2000000476837158 3.2799999713897705 0
          1.2000000476837158 3.359999895095825 0 1.2000000476837158 3.440000057220459 0
          1.2000000476837158 3.5199999809265137 0 1.2000000476837158 3.5999999046325684 0
          1.2000000476837158 3.680000066757202 0 1.2000000476837158 3.759999990463257 0
          1.2000000476837158 3.8399999141693115 0 1.2000000476837158 3.9200000762939453 0
          1.2000000476837158 4 0 1.2000000476837158 4.079999923706055 0
          1.2000000476837158 4.159999847412109 0 1.2000000476837158 4.239999771118164 0
          1.2000000476837158 4.320000171661377 0 1.2000000476837158 4.400000095367432 0
          1.2000000476837158 4.480000019073486 0 1.2000000476837158 4.559999942779541 0
          1.2000000476837158 4.639999866485596 0 1.2000000476837158 4.71999979019165 0
          1.2000000476837158 4.800000190734863 0 1.2000000476837158 4.880000114440918 0
          1.2000000476837158 4.960000038146973 0 1.2000000476837158 5.039999961853027 0
          1.2000000476837158 5.119999885559082 0 1.2000000476837158 5.199999809265137 0
          1.2000000476837158 5.28000020980835 0 1.2000000476837158 5.360000133514404 0
          1.2000000476837158 5.440000057220459 0 1.2000000476837158 5.519999980926514 0
          1.2000000476837158 5.599999904632568 0
          <InformationKey name="L2_NORM_RANGE" location="vtkDataArray" length="2">
            <Value index="0">
              0
            </Value>
            <Value index="1">
              5.7271283421
            </Value>
          </InformationKey>
        </DataArray>
      </Points>
      <Cells>
        <DataArray type="Int64" Name="connectivity" format="ascii" RangeMin="0" RangeMax="780">
          0 71 72 1 1 72
          73 2 2 73 74 3
          3 74 75 4 4 75
          76 5 5 76 77 6
          6 77 78 7 7 78
          79 8 8 79 80 9
          9 80 81 10 10 81
          82 11 11 82 83 12
          12 83 84 13 13 84
          85 14 14 85 86 15
          15 86 87 16 16 87
          88 17 17 88 89 18
          18 89 90 19 19 90
          91 20 20 91 92 21
          21 92 93 22 22 93
          94 23 23 94 95 24
          24 95 96 25 25 96
          97 26 26 97 98 27
          27 98 99 28 28 99
          100 29 29 100 101 30
          30 101 102 31 31 102
          103 32 32 103 104 33
          33 104 105 34 34 105
          106 35 35 106 107 36
          36 107 108 37 37 108
          109 38 38 109 110 39
          39 110 111 40 40 111
          112 41 41 112 113 42
          42 113 114 43 43 114
          115 44 44 115 116 45
          45 116 117 46 46 117
          118 47 47 118 119 48
          48 119 120 49 49 120
          121 50 50 121 122 51
          51 122 123 52 52 123
          124 53 53 124 125 54
          54 125 126 55 55 126
          127 56 56 127 128 57
          57 128 129 58 58 129
          130 59 59 130 131 60
          60 131 132 61 61 132
          133 62 62 133 134 63
          63 134 135 64 64 135
          136 65 65 136 137 66
          66 137 138 67 67 138
          139 68 68 139 140 69
          69 140 141 70 71 142
          143 72 72 143 144 73
          73 144 145 74 74 145
          146 75 75 146 147 76
          76 147 148 77 77 148
          149 78 78 149 150 79
          79 150 151 80 80 151
          152 81 81 152 153 82
          82 153 154 83 83 154
          155 84 84 155 156 85
          85 156 157 86 86 157
          158 87 87 158 159 88
          88 159 160 89 89 160
          161 90 90 161 162 91
          91 162 163 92 92 163
          164 93 93 164 165 94
          94 165 166 95 95 166
          167 96 96 167 168 97
          97 168 169 98 98 169
          170 99 99 170 171 100
          100 171 172 101 101 172
          173 102 102 173 174 103
          103 174 175 104 104 175
          176 105 105 176 177 106
          106 177 178 107 107 178
          179 108 108 179 180 109
          109 180 181 110 110 181
          182 111 111 182 183 112
          112 183 184 113 113 184
          185 114 114 185 186 115
          115 186 187 116 116 187
          188 117 117 188 189 118
          118 189 190 119 119 190
          191 120 120 191 192 121
          121 192 193 122 122 193
          194 123 123 194 195 124
          124 195 196 125 125 196
          197 126 126 197 198 127
          127 198 199 128 128 199
          200 129 129 200 201 130
          130 201 202 131 131 202
          203 132 132 203 204 133
          133 204 205 134 134 205
          206 135 135 206 207 136
          136 207 208 137 137 208
          209 138 138 209 210 139
          139 210 211 140 140 211
          212 141 142 213 214 143
          143 214 215 144 144 215
          216 145 145 216 217 146
          146 217 218 147 147 218
          219 148 148 219 220 149
          149 220 221 150 150 221
          222 151 151 222 223 152
          152 223 224 153 153 224
          225 154 154 225 226 155
          155 226 227 156 156 227
          228 157 157 228 229 158
          158 229 230 159 159 230
          231 160 160 231 232 161
          161 232 233 162 162 233
          234 163 163 234 235 164
          164 235 236 165 165 236
          237 166 166 237 238 167
          167 238 239 168 168 239
          240 169 169 240 241 170
          170 241 242 171 171 242
          243 172 172 243 244 173
          173 244 245 174 174 245
          246 175 175 246 247 176
          176 247 248 177 177 248
          249 178 178 249 250 179
          179 250 251 180 180 251
          252 181 181 252 253 182
          182 253 254 183 183 254
          255 184 184 255 256 185
          185 256 257 186 186 257
          258 187 187 258 259 188
          188 259 260 189 189 260
          261 190 190 261 262 191
          191 262 263 192 192 263
          264 193 193 264 265 194
          194 265 266 195 195 266
          267 196 196 267 268 197
          197 268 269 198 198 269
          270 199 199 270 271 200
          200 271 272 201 201 272
          273 202 202 273 274 203
          203 274 275 204 204 275
          276 205 205 276 277 206
          206 277 278 207 207 278
          279 208 208 279 280 209
          209 280 281 210 210 281
          282 211 211 282 283 212
          213 284 285 214 214 285
          286 215 215 286 287 216
          216 287 288 217 217 288
          289 218 218 289 290 219
          219 290 291 220 220 291
          292 221 221 292 293 222
          222 293 294 223 223 294
          295 224 224 295 296 225
          225 296 297 226 226 297
          298 227 227 298 299 228
          228 299 300 229 229 300
          301 230 230 301 302 231
          231 302 303 232 232 303
          304 233 233 304 305 234
          234 305 306 235 235 306
          307 236 236 307 308 237
          237 308 309 238 238 309
          310 239 239 310 311 240
          240 311 312 241 241 312
          313 242 242 313 314 243
          243 314 315 244 244 315
          316 245 245 316 317 246
          246 317 318 247 247 318
          319 248 248 319 320 249
          249 320 321 250 250 321
          322 251 251 322 323 252
          252 323 324 253 253 324
          325 254 254 325 326 255
          255 326 327 256 256 327
          328 257 257 328 329 258
          258 329 330 259 259 330
          331 260 260 331 332 261
          261 332 333 262 262 333
          334 263 263 334 335 264
          264 335 336 265 265 336
          337 266 266 337 338 267
          267 338 339 268 268 339
          340 269 269 340 341 270
          270 341 342 271 271 342
          343 272 272 343 344 273
          273 344 345 274 274 345
          346 275 275 346 347 276
          276 347 348 277 277 348
          349 278 278 349 350 279
          279 350 351 280 280 351
          352 281 281 352 353 282
          282 353 354 283 284 355
          356 285 285 356 357 286
          286 357 358 287 287 358
          359 288 288 359 360 289
          289 360 361 290 290 361
          362 291 291 362 363 292
          292 363 364 293 293 364
          365 294 294 365 366 295
          295 366 367 296 296 367
          368 297 297 368 369 298
          298 369 370 299 299 370
          371 300 300 371 372 301
          301 372 373 302 302 373
          374 303 303 374 375 304
          304 375 376 305 305 376
          377 306 306 377 378 307
          307 378 379 308 308 379
          380 309 309 380 381 310
          310 381 382 311 311 382
          383 312 312 383 384 313
          313 384 385 314 314 385
          386 315 315 386 387 316
          316 387 388 317 317 388
          389 318 318 389 390 319
          319 390 391 320 320 391
          392 321 321 392 393 322
          322 393 394 323 323 394
          395 324 324 395 396 325
          325 396 397 326 326 397
          398 327 327 398 399 328
          328 399 400 329 329 400
          401 330 330 401 402 331
          331 402 403 332 332 403
          404 333 333 404 405 334
          334 405 406 335 335 406
          407 336 336 407 408 337
          337 408 409 338 338 409
          410 339 339 410 411 340
          340 411 412 341 341 412
          413 342 342 413 414 343
          343 414 415 344 344 415
          416 345 345 416 417 346
          346 417 418 347 347 418
          419 348 348 419 420 349
          349 420 421 350 350 421
          422 351 351 422 423 352
          352 423 424 353 353 424
          425 354 355 426 427 356
          356 427 428 357 357 428
          429 358 358 429 430 359
          359 430 431 360 360 431
          432 361 361 432 433 362
          362 433 434 363 363 434
          435 364 364 435 436 365
          365 436 437 366 366 437
          438 367 367 438 439 368
          368 439 440 369 369 440
          441 370 370 441 442 371
          371 442 443 372 372 443
          444 373 373 444 445 374
          374 445 446 375 375 446
          447 376 376 447 448 377
          377 448 449 378 378 449
          450 379 379 450 451 380
          380 451 452 381 381 452
          453 382 382 453 454 383
          383 454 455 384 384 455
          456 385 385 456 457 386
          386 457 458 387 387 458
          459 388 388 459 460 389
          389 460 461 390 390 461
          462 391 391 462 463 392
          392 463 464 393 393 464
          465 394 394 465 466 395
          395 466 467 396 396 467
          468 397 397 468 469 398
          398 469 470 399 399 470
          471 400 400 471 472 401
          401 472 473 402 402 473
          474 403 403 474 475 404
          404 475 476 405 405 476
          477 406 406 477 478 407
          407 478 479 408 408 479
          480 409 409 480 481 410
          410 481 482 411 411 482
          483 412 412 483 484 413
          413 484 485 414 414 485
          486 415 415 486 487 416
          416 487 488 417 417 488
          489 418 418 489 490 419
          419 490 491 420 420 491
          492 421 421 492 493 422
          422 493 494 423 423 494
          495 424 424 495 496 425
          426 497 498 427 427 498
          499 428 428 499 500 429
          429 500 501 430 430 501
          502 431 431 502 503 432
          432 503 504 433 433 504
          505 434 434 505 506 435
          435 506 507 436 436 507
          508 437 437 508 509 438
          438 509 510 439 439 510
          511 440 440 511 512 441
          441 512 513 442 442 513
          514 443 443 514 515 444
          444 515 516 445 445 516
          517 446 446 517 518 447
          447 518 519 448 448 519
          520 449 449 520 521 450
          450 521 522 451 451 522
          523 452 452 523 524 453
          453 524 525 454 454 525
          526 455 455 526 527 456
          456 527 528 457 457 528
          529 458 458 529 530 459
          459 530 531 460 460 531
          532 461 461 532 533 462
          462 533 534 463 463 534
          535 464 464 535 536 465
          465 536 537 466 466 537
          538 467 467 538 539 468
          468 539 540 469 469 540
          541 470 470 541 542 471
          471 542 543 472 472 543
          544 473 473 544 545 474
          474 545 546 475 475 546
          547 476 476 547 548 477
          477 548 549 478 478 549
          550 479 479 550 551 480
          480 551 552 481 481 552
          553 482 482 553 554 483
          483 554 555 484 484 555
          556 485 485 556 557 486
          486 557 558 487 487 558
          559 488 488 559 560 489
          489 560 561 490 490 561
          562 491 491 562 563 492
          492 563 564 493 493 564
          565 494 494 565 566 495
          495 566 567 496 497 568
          569 498 498 569 570 499
          499 570 571 500 500 571
          572 501 501 572 573 502
          502 573 574 503 503 574
          575 504 504 575 576 505
          505 576 577 506 506 577
          578 507 507 578 579 508
          508 579 580 509 509 580
          581 510 510 581 582 511
          511 582 583 512 512 583
          584 513 513 584 585 514
          514 585 586 515 515 586
          587 516 516 587 588 517
          517 588 589 518 518 589
          590 519 519 590 591 520
          520 591 592 521 521 592
          593 522 522 593 594 523
          523 594 595 524 524 595
          596 525 525 596 597 526
          526 597 598 527 527 598
          599 528 528 599 600 529
          529 600 601 530 530 601
          602 531 531 602 603 532
          532 603 604 533 533 604
          605 534 534 605 606 535
          535 606 607 536 536 607
          608 537 537 608 609 538
          538 609 610 539 539 610
          611 540 540 611 612 541
          541 612 613 542 542 613
          614 543 543 614 615 544
          544 615 616 545 545 616
          617 546 546 617 618 547
          547 618 619 548 548 619
          620 549 549 620 621 550
          550 621 622 551 551 622
          623 552 552 623 624 553
          553 624 625 554 554 625
          626 555 555 626 627 556
          556 627 628 557 557 628
          629 558 558 629 630 559
          559 630 631 560 560 631
          632 561 561 632 633 562
          562 633 634 563 563 634
          635 564 564 635 636 565
          565 636 637 566 566 637
          638 567 568 639 640 569
          569 640 641 570 570 641
          642 571 571 642 643 572
          572 643 644 573 573 644
          645 574 574 645 646 575
          575 646 647 576 576 647
          648 577 577 648 649 578
          578 649 650 579 579 650
          651 580 580 651 652 581
          581 652 653 582 582 653
          654 583 583 654 655 584
          584 655 656 585 585 656
          657 586 586 657 658 587
          587 658 659 588 588 659
          660 589 589 660 661 590
          590 661 662 591 591 662
          663 592 592 663 664 593
          593 664 665 594 594 665
          666 595 595 666 667 596
          596 667 668 597 597 668
          669 598 598 669 670 599
          599 670 671 600 600 671
          672 601 601 672 673 602
          602 673 674 603 603 674
          675 604 604 675 676 605
          605 676 677 606 606 677
          678 607 607 678 679 608
          608 679 680 609 609 680
          681 610 610 681 682 611
          611 682 683 612 612 683
          684 613 613 684 685 614
          614 685 686 615 615 686
          687 616 616 687 688 617
          617 688 689 618 618 689
          690 619 619 690 691 620
          620 691 692 621 621 692
          693 622 622 693 694 623
          623 694 695 624 624 695
          696 625 625 696 697 626
          626 697 698 627 627 698
          699 628 628 699 700 629
          629 700 701 630 630 701
          702 631 631 702 703 632
          632 703 704 633 633 704
          705 634 634 705 706 635
          635 706 707 636 636 707
          708 637 637 708 709 638
          639 710 711 640 640 711
          712 641 641 712 713 642
          642 713 714 643 643 714
          715 644 644 715 716 645
          645 716 717 646 646 717
          718 647 647 718 719 648
          648 719 720 649 649 720
          721 650 650 721 722 651
          651 722 723 652 652 723
          724 653 653 724 725 654
          654 725 726 655 655 726
          727 656 656 727 728 657
          657 728 729 658 658 729
          730 659 659 730 731 660
          660 731 732 661 661 732
          733 662 662 733 734 663
          663 734 735 664 664 735
          736 665 665 736 737 666
          666 737 738 667 667 738
          739 668 668 739 740 669
          669 740 741 670 670 741
          742 671 671 742 743 672
          672 743 744 673 673 744
          745 674 674 745 746 675
          675 746 747 676 676 747
          748 677 677 748 749 678
          678 749 750 679 679 750
          751 680 680 751 752 681
          681 752 753 682 682 753
          754 683 683 754 755 684
          684 755 756 685 685 756
          757 686 686 757 758 687
          687 758 759 688 688 759
          760 689 689 760 761 690
          690 761 762 691 691 762
          763 692 692 763 764 693
          693 764 765 694 694 765
          766 695 695 766 767 696
          696 767 768 697 697 768
          769 698 698 769 770 699
          699 770 771 700 700 771
          772 701 701 772 773 702
          702 773 774 703 703 774
          775 704 704 775 776 705
          705 776 777 706 706 777
          778 707 707 778 779 708
          708 779 780 709
        </DataArray>
        <DataArray type="Int64" Name="offsets" format="ascii" RangeMin="4" RangeMax="2800">
          4 8 12 16 20 24
          28 32 36 40 44 48
          52 56 60 64 68 72
          76 80 84 88 92 96
          100 104 108 112 116 120
          124 128 132 136 140 144
          148 152 156 160 164 168
          172 176 180 184 188 192
          196 200 204 208 212 216
          220 224 228 232 236 240
          244 248 252 256 260 264
          268 272 276 280 284 288
          292 296 300 304 308 312
          316 320 324 328 332 336
          340 344 348 352 356 360
          364 368 372 376 380 384
          388 392 396 400 404 408
          412 416 420 424 428 432
          436 440 444 448 452 456
          460 464 468 472 476 480
          484 488 492 496 500 504
          508 512 516 520 524 528
          532 536 540 544 548 552
          556 560 564 568 572 576
          580 584 588 592 596 600
          604 608 612 616 620 624
          628 632 636 640 644 648
          652 656 660 664 668 672
          676 680 684 688 692 696
          700 704 708 712 716 720
          724 728 732 736 740 744
          748 752 756 760 764 768
          772 776 780 784 788 792
          796 800 804 808 812 816
          820 824 828 832 836 840
          844 848 852 856 860 864
          868 872 876 880 884 888
          892 896 900 904 908 912
          916 920 924 928 932 936
          940 944 948 952 956 960
          964 968 972 976 980 984
          988 992 996 1000 1004 1008
          1012 1016 1020 1024 1028 1032
          1036 1040 1044 1048 1052 1056
          1060 1064 1068 1072 1076 1080
          1084 1088 1092 1096 1100 1104
          1108 1112 1116 1120 1124 1128
          1132 1136 1140 1144 1148 1152
          1156 1160 1164 1168 1172 1176
          1180 1184 1188 1192 1196 1200
          1204 1208 1212 1216 1220 1224
          1228 1232 1236 1240 1244 1248
          1252 1256 1260 1264 1268 1272
          1276 1280 1284 1288 1292 1296
          1300 1304 1308 1312 1316 1320
          1324 1328 1332 1336 1340 1344
          1348 1352 1356 1360 1364 1368
          1372 1376 1380 1384 1388 1392
          1396 1400 1404 1408 1412 1416
          1420 1424 1428 1432 1436 1440
          1444 1448 1452 1456 1460 1464
          1468 1472 1476 1480 1484 1488
          1492 1496 1500 1504 1508 1512
          1516 1520 1524 1528 1532 1536
          1540 1544 1548 1552 1556 1560
          1564 1568 1572 1576 1580 1584
          1588 1592 1596 1600 1604 1608
          1612 1616 1620 1624 1628 1632
          1636 1640 1644 1648 1652 1656
          1660 1664 1668 1672 1676 1680
          1684 1688 1692 1696 1700 1704
          1708 1712 1716 1720 1724 1728
          1732 1736 1740 1744 1748 1752
          1756 1760 1764 1768 1772 1776
          1780 1784 1788 1792 1796 1800
          1804 1808 1812 1816 1820 1824
          1828 1832 1836 1840 1844 1848
          1852 1856 1860 1864 1868 1872
          1876 1880 1884 1888 1892 1896
          1900 1904 1908 1912 1916 1920
          1924 1928 1932 1936 1940 1944
          1948 1952 1956 1960 1964 1968
          1972 1976 1980 1984 1988 1992
          1996 2000 2004 2008 2012 2016
          2020 2024 2028 2032 2036 2040
          2044 2048 2052 2056 2060 2064
          2068 2072 2076 2080 2084 2088
          2092 2096 2100 2104 2108 2112
          2116 2120 2124 2128 2132 2136
          2140 2144 2148 2152 2156 2160
          2164 2168 2172 2176 2180 2184
          2188 2192 2196 2200 2204 2208
          2212 2216 2220 2224 2228 2232
          2236 2240 2244 2248 2252 2256
          2260 2264 2268 2272 2276 2280
          2284 2288 2292 2296 2300 2304
          2308 2312 2316 2320 2324 2328
          2332 2336 2340 2344 2348 2352
          2356 2360 2364 2368 2372 2376
          2380 2384 2388 2392 2396 2400
          2404 2408 2412 2416 2420 2424
          2428 2432 2436 2440 2444 2448
          2452 2456 2460 2464 2468 2472
          2476 2480 2484 2488 2492 2496
          2500 2504 2508 2512 2516 2520
          2524 2528 2532 2536 2540 2544
          2548 2552 2556 2560 2564 2568
          2572 2576 2580 2584 2588 2592
          2596 2600 2604 2608 2612 2616
          2620 2624 2628 2632 2636 2640
          2644 2648 2652 2656 2660 2664
          2668 2672 2676 2680 2684 2688
          2692 2696 2700 2704 2708 2712
          2716 2720 2724 2728 2732 2736
          2740 2744 2748 2752 2756 2760
          2764 2768 2772 2776 2780 2784
          2788 2792 2796 2800
        </DataArray>
        <DataArray type="UInt8" Name="types" format="ascii" RangeMin="7" RangeMax="7">
          7 7 7 7 7 7
          7 7 7 7 7 7
          7 7 7 7 7 7
          7 7 7 7 7 7
          7 7 7 7 7 7
          7 7 7 7 7 7
          7 7 7 7 7 7
          7 7 7 7 7 7
          7 7 7 7 7 7
          7 7 7 7 7 7
          7 7 7 7 7 7
          7 7 7 7 7 7
          7 7 7 7 7 7
          7 7 7 7 7 7
          7 7 7 7 7 7
          7 7 7 7 7 7
          7 7 7 7 7 7
          7 7 7 7 7 7
          7 7 7 7 7 7
          7 7 7 7 7 7
          7 7 7 7 7 7
          7 7 7 7 7 7
          7 7 7 7 7 7
          7 7 7 7 7 7
          7 7 7 7 7 7
          7 7 7 7 7 7
          7 7 7 7 7 7
          7 7 7 7 7 7
          7 7 7 7 7 7
          7 7 7 7 7 7
          7 7 7 7 7 7
          7 7 7 7 7 7
          7 7 7 7 7 7
          7 7 7 7 7 7
          7 7 7 7 7 7
          7 7 7 7 7 7
          7 7 7 7 7 7
          7 7 7 7 7 7
          7 7 7 7 7 7
          7 7 7 7 7 7
          7 7 7 7 7 7
          7 7 7 7 7 7
          7 7 7 7 7 7
          7 7 7 7 7 7
          7 7 7 7 7 7
          7 7 7 7 7 7
          7 7 7 7 7 7
          7 7 7 7 7 7
          7 7 7 7 7 7
          7 7 7 7 7 7
          7 7 7 7 7 7
          7 7 7 7 7 7
          7 7 7 7 7 7
          7 7 7 7 7 7
          7 7 7 7 7 7
          7 7 7 7 7 7
          7 7 7 7 7 7
          7 7 7 7 7 7
          7 7 7 7 7 7
          7 7 7 7 7 7
          7 7 7 7 7 7
          7 7 7 7 7 7
          7 7 7 7 7 7
          7 7 7 7 7 7
          7 7 7 7 7 7
          7 7 7 7 7 7
          7 7 7 7 7 7
          7 7 7 7 7 7
          7 7 7 7 7 7
          7 7 7 7 7 7
          7 7 7 7 7 7
          7 7 7 7 7 7
          7 7 7 7 7 7
          7 7 7 7 7 7
          7 7 7 7 7 7
          7 7 7 7 7 7
          7 7 7 7 7 7
          7 7 7 7 7 7
          7 7 7 7 7 7
          7 7 7 7 7 7
          7 7 7 7 7 7
          7 7 7 7 7 7
          7 7 7 7 7 7
          7 7 7 7 7 7
          7 7 7 7 7 7
          7 7 7 7 7 7
          7 7 7 7 7 7
          7 7 7 7 7 7
          7 7 7 7 7 7
          7 7 7 7 7 7
          7 7 7 7 7 7
          7 7 7 7 7 7
          7 7 7 7 7 7
          7 7 7 7 7 7
          7 7 7 7 7 7
          7 7 7 7 7 7
          7 7 7 7 7 7
          7 7 7 7 7 7
          7 7 7 7 7 7
          7 7 7 7 7 7
          7 7 7 7 7 7
          7 7 7 7 7 7
          7 7 7 7 7 7
          7 7 7 7 7 7
          7 7 7 7 7 7
          7 7 7 7 7 7
          7 7 7 7 7 7
          7 7 7 7 7 7
          7 7 7 7 7 7
          7 7 7 7 7 7
          7 7 7 7 7 7
          7 7 7 7 7 7
          7 7 7 7 7 7
          7 7 7 7 7 7
          7 7 7 7 7 7
          7 7 7 7 7 7
          7 7 7 7
        </DataArray>
      </Cells>
    </Piece>
  </UnstructuredGrid>
</VTKFile>
