<?xml version="1.0"?>
<VTKFile type="UnstructuredGrid" version="0.1" byte_order="LittleEndian" header_type="UInt32" compressor="vtkZLibDataCompressor">
  <UnstructuredGrid>
    <Piece NumberOfPoints="781" NumberOfCells="700">
      <PointData>
      </PointData>
      <CellData>
        <DataArray type="Float32" Name="EP_G" format="ascii" RangeMin="0.39061158895492554" RangeMax="1">
          0.3906473219394684 0.39076870679855347 0.39091312885284424 0.39109817147254944 0.3913680613040924 0.3918820023536682
          0.4387351870536804 0.4858649671077728 0.5448648929595947 0.6175280213356018 0.6807157397270203 0.7703059911727905
          0.8358066082000732 0.8647305369377136 0.8779312372207642 0.8846790194511414 0.8887670636177063 0.8912880420684814
          0.8918445706367493 0.8894123435020447 0.8829624056816101 0.8717343807220459 0.8552130460739136 0.8329242467880249
          0.8042442798614502 0.768325686454773 0.7236852645874023 0.6676185131072998 0.5984359979629517 0.5238916277885437
          0.4485927224159241 0.40127214789390564 0.6774265170097351 0.9892932176589966 0.9997928738594055 1
          1 1 1 1 1 1
          1 1 1 1 1 1
          1 1 1 1 1 1
          1 1 1 1 1 1
          1 1 1 1 1 1
          1 1 1 1 0.3906479477882385 0.3907676637172699
          0.3909074664115906 0.391075074672699 0.39128369092941284 0.3915430009365082 0.3921491503715515 0.392863929271698
          0.40218639373779297 0.4671143889427185 0.43796035647392273 0.4880560040473938 0.6114158034324646 0.692126989364624
          0.7290675640106201 0.7447354197502136 0.7512773871421814 0.751973032951355 0.7484577894210815 0.7413424849510193
          0.730927050113678 0.7174615263938904 0.7011650800704956 0.6822654008865356 0.6606943011283875 0.634575366973877
          0.5991161465644836 0.5500961542129517 0.4886772036552429 0.41235095262527466 0.396319180727005 0.6326227784156799
          0.9140332937240601 0.9936085939407349 0.9998352527618408 1 1 1
          1 1 1 1 1 1
          1 1 1 1 1 1
          1 1 1 1 1 1
          1 1 1 1 1 1
          1 1 1 1 1 1
          1 1 0.3906415104866028 0.39075908064842224 0.3908904790878296 0.3910428285598755
          0.39122021198272705 0.39142942428588867 0.3916768729686737 0.39189496636390686 0.39227813482284546 0.3928115963935852
          0.3943513333797455 0.39552104473114014 0.4028523862361908 0.42367056012153625 0.4559897482395172 0.488198459148407
          0.5115553736686707 0.5262294411659241 0.5348474979400635 0.5392518639564514 0.5410705804824829 0.5414596199989319
          0.5416415929794312 0.541833758354187 0.5379834175109863 0.5220062732696533 0.49143484234809875 0.4526357650756836
          0.4276541471481323 0.4760681092739105 0.709560751914978 0.8774464130401611 0.9695941805839539 0.9966497421264648
          0.9998936057090759 1 1 1 1 1
          1 1 1 1 1 1
          1 1 1 1 1 1
          1 1 1 1 1 1
          1 1 1 1 1 1
          1 1 1 1 1 1
          0.39063286781311035 0.3907454013824463 0.39087235927581787 0.3910115659236908 0.3911697268486023 0.3913480341434479
          0.39154869318008423 0.3917662799358368 0.3919948637485504 0.39318719506263733 0.3948795199394226 0.3961504101753235
          0.4113169312477112 0.41356804966926575 0.40959668159484863 0.405862420797348 0.4034727215766907 0.4058130085468292
          0.4130426049232483 0.4235667884349823 0.43405666947364807 0.4467952847480774 0.45769596099853516 0.46539488434791565
          0.45641693472862244 0.4518391191959381 0.47427424788475037 0.5248163938522339 0.6325101852416992 0.7549635171890259
          0.8780297636985779 0.9509174227714539 0.9874550700187683 0.9984806776046753 0.9999454021453857 1
          1 1 1 1 1 1
          1 1 1 1 1 1
          1 1 1 1 1 1
          1 1 1 1 1 1
          1 1 1 1 1 1
          1 1 1 1 0.3906223773956299 0.3907356262207031
          0.39085355401039124 0.3909865617752075 0.3911307752132416 0.3912909924983978 0.3914681673049927 0.39166828989982605
          0.39192309975624084 0.3940751850605011 0.3955782651901245 0.3966516852378845 0.39762774109840393 0.4088771343231201
          0.408598393201828 0.40701279044151306 0.4071263372898102 0.4084569215774536 0.4112662374973297 0.416045218706131
          0.43035125732421875 0.43564116954803467 0.4400802254676819 0.432626336812973 0.4331287443637848 0.5900440216064453
          0.6633588671684265 0.7289925813674927 0.8063021898269653 0.8798606395721436 0.9409217834472656 0.9779810309410095
          0.9948323369026184 0.999400794506073 0.999978244304657 1 1 1
          1 1 1 1 1 1
          1 1 1 1 1 1
          1 1 1 1 1 1
          1 1 1 1 1 1
          1 1 1 1 1 1
          1 1 0.3906172215938568 0.39072325825691223 0.39084333181381226 0.39096638560295105
          0.3911028206348419 0.39124926924705505 0.39140865206718445 0.39157557487487793 0.3921428918838501 0.39449065923690796
          0.39579954743385315 0.3968627154827118 0.39785757660865784 0.3990851044654846 0.40551304817199707 0.4064136743545532
          0.407064288854599 0.4093344509601593 0.41437843441963196 0.4219256341457367 0.42941418290138245 0.4277624189853668
          0.4128884971141815 0.4022810459136963 0.6096779704093933 0.7469490766525269 0.7905939221382141 0.8349705338478088
          0.8854376673698425 0.9335397481918335 0.9700329303741455 0.9902193546295166 0.9979904294013977 0.9997869729995728
          0.9999922513961792 1 1 1 1 1
          1 1 1 1 1 1
          1 1 1 1 1 1
          1 1 1 1 1 1
          1 1 1 1 1 1
          1 1 1 1 1 1
          0.39061158895492554 0.39072316884994507 0.3908329904079437 0.39095693826675415 0.3910848796367645 0.39122292399406433
          0.3913700580596924 0.39152395725250244 0.3923799693584442 0.39440885186195374 0.3957027792930603 0.3967335522174835
          0.3974751830101013 0.39817678928375244 0.39880600571632385 0.4028189778327942 0.40364277362823486 0.4057132601737976
          0.4095669388771057 0.4128366708755493 0.4079436957836151 0.4047456681728363 0.40008544921875 0.401108056306839
          0.7121156454086304 0.8160052299499512 0.8488197326660156 0.8866579532623291 0.9278155565261841 0.9628248810768127
          0.9853490591049194 0.9958703517913818 0.9992556571960449 0.999923050403595 0.9999938011169434 1
          1 1 1 0.9999997615814209 0.9999969005584717 0.9999961853027344
          0.999999463558197 1 1 1 1 1
          1 1 1 1 0.9999998807907104 0.9999986886978149
          0.9999909400939941 0.9999859929084778 0.9999980926513672 1 1 1
          1 1 1 1 1 1
          1 1 1 1 0.39061444997787476 0.3907184600830078
          0.3908355236053467 0.390951931476593 0.3910786807537079 0.39121052622795105 0.3913494050502777 0.39150023460388184
          0.39233967661857605 0.39378058910369873 0.3951777517795563 0.3963242471218109 0.3971591293811798 0.39774250984191895
          0.3982439935207367 0.39874720573425293 0.39922478795051575 0.3996991813182831 0.40018969774246216 0.4003540575504303
          0.40017250180244446 0.39890390634536743 0.3975568115711212 0.39774051308631897 0.61928790807724 0.837425947189331
          0.8821422457695007 0.9203857779502869 0.955414891242981 0.9800540804862976 0.9931775331497192 0.9983235001564026
          0.9997238516807556 0.9999598860740662 0.999987781047821 0.999994158744812 0.9999986290931702 0.9999994039535522
          0.9999995827674866 0.9999998211860657 0.9999998211860657 0.9999998211860657 0.9999998807907104 0.9999998807907104
          0.9999998807907104 0.9999998807907104 0.9999998807907104 0.9999997019767761 0.9999997615814209 0.9999998807907104
          0.9999998807907104 0.9999996423721313 0.9999994039535522 0.9999995231628418 0.9999995231628418 0.9999989867210388
          0.9999985098838806 0.9999992847442627 0.9999992847442627 0.9999983310699463 0.9999972581863403 0.9999976754188538
          0.9999989867210388 0.9999989867210388 0.9999988675117493 0.9999988079071045 0.9999992847442627 0.9999987483024597
          0.9999986886978149 0.9999992847442627 0.3906155824661255 0.390725702047348 0.3908357620239258 0.3909563422203064
          0.39108002185821533 0.3912104070186615 0.39134547114372253 0.3914848566055298 0.39162397384643555 0.39209142327308655
          0.39391398429870605 0.3952566385269165 0.39643585681915283 0.39731356501579285 0.39802467823028564 0.3985551595687866
          0.39888110756874084 0.39919668436050415 0.3994014263153076 0.3993592858314514 0.3990541696548462 0.3984393775463104
          0.3977645933628082 0.3970681130886078 0.39805954694747925 0.6308581233024597 0.8878812789916992 0.9443725943565369
          0.9730342030525208 0.9894878268241882 0.9968462586402893 0.9993107318878174 0.9998864531517029 0.999975860118866
          0.9999827146530151 0.999982476234436 0.999984622001648 0.9999874234199524 0.999988853931427 0.9999898672103882
          0.9999911785125732 0.9999921321868896 0.9999927878379822 0.9999932646751404 0.999993622303009 0.9999938607215881
          0.9999942183494568 0.9999943971633911 0.9999945759773254 0.9999942183494568 0.9999943971633911 0.9999944567680359
          0.9999945759773254 0.9999945759773254 0.9999946355819702 0.9999946355819702 0.9999945759773254 0.9999945163726807
          0.9999943971633911 0.9999942779541016 0.999994158744812 0.9999939203262329 0.9999936819076538 0.9999934434890747
          0.999993085861206 0.9999927282333374 0.999992311000824 0.9999918937683105 0.9999914765357971 0.9999909996986389
          0.3906210958957672 0.3907283842563629 0.3908430337905884 0.3909619450569153 0.39108777046203613 0.39121881127357483
          0.39135509729385376 0.39149588346481323 0.39164140820503235 0.39179322123527527 0.39203935861587524 0.39327171444892883
          0.39465761184692383 0.3961043059825897 0.3975176513195038 0.4031236171722412 0.40119466185569763 0.4005354642868042
          0.4003410041332245 0.40042564272880554 0.40042686462402344 0.40010130405426025 0.3993895649909973 0.3988950848579407
          0.39870598912239075 0.3988737463951111 0.5069209337234497 0.8935651779174805 0.9683913588523865 0.9898238182067871
          0.9974199533462524 0.9995033740997314 0.9999170303344727 0.9999712705612183 0.9999744892120361 0.9999746084213257
          0.9999748468399048 0.9999765157699585 0.9999796152114868 0.999980628490448 0.999981164932251 0.9999825954437256
          0.9999833106994629 0.9999836087226868 0.9999837875366211 0.9999839067459106 0.9999838471412659 0.9999839663505554
          0.9999839067459106 0.9999838471412659 0.9999838471412659 0.9999837279319763 0.999983549118042 0.9999834299087524
          0.9999833106994629 0.9999831318855286 0.9999829530715942 0.9999828338623047 0.9999826550483704 0.9999824166297913
          0.9999822378158569 0.9999819993972778 0.9999817609786987 0.9999815225601196 0.9999812841415405 0.9999809861183167
          0.9999806880950928 0.9999803304672241 0.9999799728393555 0.9999796152114868
        </DataArray>
        <DataArray type="Float32" Name="P_G" format="ascii" RangeMin="100274.5" RangeMax="122532.6953125">
          122532.6953125 121884.9453125 121254.53125 120660.125 120139.1796875 119771.2109375
          122433.3125 119530.359375 117595.890625 114963.7890625 111553.171875 109976.828125
          109129.90625 108610.1953125 108210.359375 107861.3671875 107539.1953125 107236.4296875
          106948.75 106670.4765625 106394.21875 106112.375 105818.484375 105511.8671875
          105195.3828125 104870.015625 104532.9296875 104170.53125 103749.1953125 103216.8046875
          102440.359375 101101.671875 101089.3046875 101365.15625 101350.40625 101347.6875
          101344.3125 101341.1171875 101338.3671875 101336.1484375 101334.4453125 101333.1953125
          101332.28125 101331.625 101331.125 101330.734375 101330.40625 101330.1015625
          101329.8125 101329.53125 101329.2578125 101328.9765625 101328.7109375 101328.4453125
          101328.1875 101327.9375 101327.6953125 101327.46875 101327.25 101327.046875
          101326.84375 101326.6484375 101326.4609375 101326.28125 101326.09375 101325.9140625
          101325.734375 101325.5546875 101325.375 101325.1953125 122491.6015625 121832.3203125
          121173.5390625 120519.375 119873.265625 119228.34375 118602.109375 117576.5859375
          116077.21875 116171.46875 112246.4296875 110189.515625 109063.625 108488.59375
          108098.125 107758.2109375 107434.9375 107118.5 106807.25 106497.6015625
          106183.9921875 105860.609375 105523.671875 105174.1484375 104816.9375 104455.3515625
          104082.78125 103675.4921875 103187.796875 102492.3359375 101576.3359375 101157.53125
          101303.5078125 101366.15625 101347.265625 101344.7109375 101341.875 101339.140625
          101336.796875 101334.9375 101333.546875 101332.546875 101331.84375 101331.34375
          101330.9609375 101330.6484375 101330.359375 101330.0859375 101329.8125 101329.5390625
          101329.2578125 101328.9765625 101328.703125 101328.4375 101328.171875 101327.921875
          101327.6875 101327.453125 101327.2421875 101327.0390625 101326.84375 101326.6484375
          101326.4609375 101326.28125 101326.09375 101325.9140625 101325.734375 101325.5546875
          101325.3671875 101325.1875 122431.3984375 121759.140625 121071.5234375 120365.859375
          119633.9453125 118859.3359375 117999.7421875 117055.328125 115996.28125 115981.4453125
          112513.9453125 110835.9609375 109578.5390625 108621.5390625 107975.53125 107490.7734375
          107084.9453125 106719.125 106353.359375 105981.40625 105601.953125 105212.890625
          104815.9765625 104418.46875 104023.4921875 103615.9140625 103180.875 102693.5390625
          102149.0546875 101604.7578125 101312.0078125 101281.671875 101337.5 101364.0390625
          101346.0234375 101341.5859375 101339.328125 101337.1875 101335.3359375 101333.890625
          101332.8359375 101332.09375 101331.578125 101331.203125 101330.90625 101330.6328125
          101330.375 101330.109375 101329.8359375 101329.5546875 101329.2734375 101328.984375
          101328.703125 101328.4296875 101328.1640625 101327.9140625 101327.671875 101327.4453125
          101327.234375 101327.03125 101326.8359375 101326.640625 101326.4609375 101326.2734375
          101326.09375 101325.9140625 101325.734375 101325.5546875 101325.3671875 101325.1875
          122374.7109375 121693.921875 120988.359375 120255.375 119487.0234375 118672.6953125
          117795.9765625 117287.59375 116897.359375 115593.3203125 112752.6796875 111348.5625
          110252.359375 109209.9765625 108301.390625 107518.03125 106831.71875 106232.7734375
          105711.7421875 105230.4296875 104757.9921875 104300.7578125 103841.453125 103385.9453125
          102891.9921875 102405.9921875 102081.5234375 101813.3046875 101549.84375 101359.984375
          101311.3125 101319.78125 101347.890625 101362.0234375 101347.484375 101341.4453125
          101338.4921875 101336.3359375 101334.671875 101333.4296875 101332.53125 101331.9140625
          101331.4921875 101331.1796875 101330.921875 101330.671875 101330.421875 101330.15625
          101329.875 101329.59375 101329.3046875 101329.0078125 101328.7265625 101328.4453125
          101328.171875 101327.9140625 101327.6640625 101327.4375 101327.2265625 101327.0234375
          101326.828125 101326.640625 101326.453125 101326.2734375 101326.09375 101325.9140625
          101325.734375 101325.5546875 101325.3671875 101325.1875 122334.390625 121649.4140625
          120936.8984375 120194.703125 119418.640625 118603.4296875 117744.109375 118846.2109375
          118153.59375 114580.7890625 112913.8671875 111712.0859375 110623.4921875 109648.96875
          108717.96875 107857.5546875 107058.2734375 106298.28125 105567.3828125 104867.7890625
          104249.78125 103649.734375 103048.1796875 102403.515625 101821.7265625 101831.1953125
          101696.0625 101531.234375 101401.90625 101331.640625 101321.4609375 101336.3359375
          101353.5625 101360.0859375 101350.5 101343.921875 101340.078125 101337.421875
          101335.4375 101333.9609375 101332.890625 101332.1328125 101331.6171875 101331.2578125
          101330.9765625 101330.7265625 101330.46875 101330.203125 101329.9140625 101329.625
          101329.328125 101329.0390625 101328.7578125 101328.484375 101328.2109375 101327.9609375
          101327.71875 101327.4921875 101327.28125 101327.0859375 101326.890625 101326.6953125
          101326.5078125 101326.3203125 101326.125 101325.9375 101325.75 101325.5625
          101325.3828125 101325.1953125 122312.5078125 121627.2578125 120913.6953125 120172.609375
          119401.2890625 118598.2109375 118026.359375 117506.3203125 117537.3515625 114348.5234375
          113069.6796875 111933.03125 110905.2421875 109947.09375 109023.109375 108114.421875
          107231.734375 106374.625 105546.109375 104753.8515625 104014.1171875 103293.3125
          102489.9375 101664.4140625 101831.21875 101755.96875 101593.25 101450.0546875
          101360.84375 101328.71875 101332.46875 101346.4921875 101356.1015625 101357
          101352.859375 101347.390625 101343.25 101340.125 101337.6796875 101335.7890625
          101334.3359375 101333.25 101332.4453125 101331.84375 101331.3828125 101330.9921875
          101330.6484375 101330.3203125 101330.0078125 101329.6953125 101329.3828125 101329.0703125
          101328.765625 101328.46875 101328.1875 101327.921875 101327.6875 101327.4765625
          101327.28125 101327.1015625 101326.9375 101326.78125 101326.625 101326.46875
          101326.3046875 101326.140625 101325.9609375 101325.7734375 101325.5859375 101325.3828125
          122305.90625 121621.09375 120910.53125 120174.046875 119411.6484375 118622.9609375
          118160.9921875 118175.484375 117112.8828125 114474.015625 113249.984375 112130.71875
          111111.328125 110162.75 109233.015625 108315.796875 107389.8203125 106489.9296875
          105628.3203125 104813.4140625 104005.0703125 103252.0703125 102518.921875 101647.8984375
          101931.4609375 101723.9375 101536.25 101407.15625 101346.859375 101333.9921875
          101341.859375 101351.953125 101355.8359375 101354.578125 101352.9140625 101349.875
          101346.2578125 101343.171875 101340.5546875 101338.328125 101336.21875 101334.6328125
          101334.0234375 101333.1171875 101332.390625 101331.78125 101331.265625 101330.796875
          101330.375 101329.9765625 101329.6015625 101329.2421875 101328.8984375 101328.5703125
          101328.265625 101327.96875 101327.7109375 101327.46875 101327.265625 101327.0703125
          101326.890625 101326.7265625 101326.5703125 101326.4375 101326.3046875 101326.171875
          101326.046875 101325.921875 101325.796875 101325.6640625 122307.7265625 121624.890625
          120916.9453125 120186.296875 119432.296875 118655.9453125 117858.7421875 119465.109375
          116856.265625 114763.8046875 113522.546875 112374.765625 111320.8515625 110343.078125
          109401.96875 108467.5625 107545.7734375 106642.3125 105767.2890625 104948.2109375
          104193.125 103476.8984375 102747.75 101944.15625 101885.28125 101696.3828125
          101493.953125 101385.171875 101344.5390625 101340.265625 101347.734375 101354.9921875
          101356.1953125 101354.2109375 101353.578125 101351.203125 101348.8828125 101346.0234375
          101343.421875 101341.109375 101339.109375 101337.4296875 101336.0234375 101334.859375
          101333.875 101333.046875 101332.3359375 101331.734375 101331.1640625 101330.6484375
          101330.1796875 101329.75 101329.359375 101328.953125 101328.5859375 101328.2890625
          101328.0078125 101327.640625 101327.375 101327.203125 101327.046875 101326.8125
          101326.4765625 101326.296875 101326.125 101325.9765625 101325.9296875 101325.7265625
          101325.6171875 101325.6171875 122312.859375 121630.796875 120925.9375 120199.2734375
          119451.6015625 118683.46875 117896.2578125 117267.1328125 116922.328125 116797.25
          114018.453125 112792.2421875 111644.578125 110582.8671875 109590 108625
          107686.265625 106770.1015625 105880.40625 105044.890625 104274.53125 103558.359375
          102861.4296875 102158.5859375 101427.5703125 101407.9296875 101451.2578125 101371.6328125
          101344.9296875 101342.8125 101350.59375 101356.0546875 101356.2421875 101357.15625
          101355.765625 101353.546875 101351.4921875 101349.390625 101346.9453125 101344.6015625
          101342.6015625 101340.8046875 101339.1875 101337.7421875 101336.5 101335.375
          101334.421875 101333.5390625 101332.7421875 101331.8515625 101331.1796875 101330.5546875
          101329.9765625 101329.4296875 101328.921875 101328.4453125 101328 101327.59375
          101327.2109375 101326.84375 101326.5 101326.171875 101325.859375 101325.5546875
          101325.2578125 101324.9765625 101324.703125 101324.4375 101324.1796875 101323.9375
          122316.359375 121635.234375 120931.53125 120207.296875 119462.84375 118699.1171875
          117917.3828125 117119.2734375 117293.0234375 115971.671875 115507.78125 113493.453125
          112288.453125 111121.78125 109979.5859375 108885.578125 107853.1953125 106870.0859375
          105893.9609375 104932.765625 104023.609375 103213.203125 102522.0078125 101867.0703125
          101220.59375 100581.65625 100274.5 101250.9296875 101299.125 101324.359375
          101351.890625 101352.984375 101353.359375 101353.59375 101352.734375 101351.6953125
          101350.4921875 101349.484375 101348.703125 101347.2109375 101345.6015625 101344.3046875
          101342.90625 101341.546875 101340.265625 101339.109375 101338 101337.03125
          101336.0859375 101335.203125 101334.3125 101333.5078125 101332.734375 101331.9921875
          101331.2890625 101330.625 101329.984375 101329.3828125 101328.8125 101328.265625
          101327.7421875 101327.2421875 101326.7578125 101326.296875 101325.84375 101325.3984375
          101324.9609375 101324.53125 101324.1015625 101323.6796875
        </DataArray>
        <DataArray type="Float32" Name="Gas_Velocity" NumberOfComponents="3" format="ascii" RangeMin="0.0016259392723441124" RangeMax="11.562625885562928">
          -0.009145863354206085 0.5378450751304626 0 -0.011143211275339127 0.5495648384094238 0
          -0.014439468272030354 0.5611650347709656 0 -0.015672901645302773 0.5699903964996338 0
          0.0015977326547726989 0.5649808049201965 0 0.09451745450496674 0.49915045499801636 0
          0.2463306486606598 1.9448176622390747 0 0.09162257611751556 3.294494867324829 0
          -0.27740558981895447 4.810250282287598 0 -0.6514984965324402 6.294215679168701 0
          -1.2025142908096313 6.941972732543945 0 -1.090736985206604 7.15351676940918 0
          -0.5940141081809998 7.240473747253418 0 -0.2218645215034485 7.375227928161621 0
          -0.05884912610054016 7.513967990875244 0 0.03409663960337639 7.631487846374512 0
          0.12521155178546906 7.698989391326904 0 0.24009108543395996 7.692324161529541 0
          0.3824860751628876 7.593130588531494 0 0.5454955697059631 7.390772819519043 0
          0.7131472229957581 7.084185600280762 0 0.8660314083099365 6.682069778442383 0
          0.9845502376556396 6.202999591827393 0 1.0664242506027222 5.664988994598389 0
          1.1065281629562378 5.08888053894043 0 1.0943371057510376 4.503344535827637 0
          1.0308154821395874 3.939868927001953 0 0.9361491203308105 3.42399263381958 0
          0.8373411893844604 2.972728729248047 0 0.7719204425811768 2.5912132263183594 0
          0.9001365303993225 2.3864383697509766 0 1.1375144720077515 1.9481815099716187 0
          1.2944297790527344 0.9300440549850464 0 1.7970045804977417 -0.5515578985214233 0
          4.016238212585449 -3.228815793991089 0 3.321908950805664 -5.444096088409424 0
          2.5678818225860596 -7.156742572784424 0 1.9477360248565674 -8.455957412719727 0
          1.4429781436920166 -9.418636322021484 0 1.0388363599777222 -10.111839294433594 0
          0.7234736680984497 -10.594751358032227 0 0.48578864336013794 -10.919160842895508 0
          0.3141246438026428 -11.129088401794434 0 0.19612139463424683 -11.26031494140625 0
          0.11942119151353836 -11.340381622314453 0 0.07263338565826416 -11.38923454284668 0
          0.04611716419458389 -11.420390129089355 0 0.0323675274848938 -11.442360877990723 0
          0.025977982208132744 -11.460053443908691 0 0.02332727238535881 -11.475960731506348 0
          0.02216864749789238 -11.491077423095703 0 0.02123412862420082 -11.505553245544434 0
          0.01990550197660923 -11.519123077392578 0 0.017964281141757965 -11.531379699707031 0
          0.015417365357279778 -11.541919708251953 0 0.012386506423354149 -11.55041790008545 0
          0.00905605684965849 -11.556676864624023 0 0.005708159413188696 -11.560684204101562 0
          0.0025081844069063663 -11.562539100646973 0 -0.00011310193804092705 -11.562625885009766 0
          -0.0018606482772156596 -11.561530113220215 0 -0.0029301010072231293 -11.559701919555664 0
          -0.0035521485842764378 -11.557440757751465 0 -0.003850555280223489 -11.554963111877441 0
          -0.00391555717214942 -11.552423477172852 0 -0.003824919927865267 -11.549927711486816 0
          -0.003653925843536854 -11.547528266906738 0 -0.0034872840624302626 -11.545222282409668 0
          -0.003434844082221389 -11.54293441772461 0 -0.00364872463978827 -11.540488243103027 0
          -0.0377175398170948 0.5519264936447144 0 -0.04240645468235016 0.5784501433372498 0
          -0.051126062870025635 0.6069639921188354 0 -0.0621212013065815 0.639388918876648 0
          -0.07050000131130219 0.6866518259048462 0 -0.07526939362287521 0.8007735013961792 0
          -0.1340610831975937 1.0835485458374023 0 -0.2533252537250519 1.3424574136734009 0
          -0.4859175682067871 1.843271017074585 0 -0.821213960647583 1.806476354598999 0
          -1.0273003578186035 1.9072068929672241 0 -1.2773905992507935 2.066413640975952 0
          -1.400984764099121 2.1566624641418457 0 -1.106304407119751 2.356994152069092 0
          -0.7102541327476501 2.5695247650146484 0 -0.3434624671936035 2.7497074604034424 0
          -0.04876532033085823 2.889932632446289 0 0.17652082443237305 2.9886081218719482 0
          0.3797128200531006 3.0656676292419434 0 0.5813347697257996 3.1354973316192627 0
          0.7801559567451477 3.2018675804138184 0 0.9724288582801819 3.2556188106536865 0
          1.1522830724716187 3.2752559185028076 0 1.3104854822158813 3.24265193939209 0
          1.4287925958633423 3.1471660137176514 0 1.494069218635559 2.982234477996826 0
          1.4992262125015259 2.757422685623169 0 1.4683547019958496 2.4944655895233154 0
          1.4792851209640503 2.21185040473938 0 1.6732977628707886 1.9972541332244873 0
          2.134913682937622 2.012626886367798 0 1.8331857919692993 1.3201700448989868 0
          1.6491466760635376 0.5257072448730469 0 2.585075855255127 -0.040088824927806854 0
          5.886179447174072 -1.2862834930419922 0 5.237992286682129 -2.564164400100708 0
          4.134362697601318 -3.609060287475586 0 3.1373770236968994 -4.402759552001953 0
          2.281126022338867 -4.96213436126709 0 1.5767229795455933 -5.321325302124023 0
          1.0269148349761963 -5.524202346801758 0 0.6238626837730408 -5.616816997528076 0
          0.3496071398258209 -5.641019821166992 0 0.17878420650959015 -5.629992961883545 0
          0.08348620682954788 -5.606551647186279 0 0.037907153367996216 -5.5839009284973145 0
          0.021407468244433403 -5.5679121017456055 0 0.01956012099981308 -5.559842109680176 0
          0.023395901545882225 -5.558572292327881 0 0.027920333668589592 -5.562068462371826 0
          0.030740587040781975 -5.568200588226318 0 0.031033921986818314 -5.575132846832275 0
          0.028830790892243385 -5.5814642906188965 0 0.024556899443268776 -5.586221694946289 0
          0.018774205818772316 -5.588803768157959 0 0.012016812339425087 -5.588881969451904 0
          0.004545039497315884 -5.586180686950684 0 -0.002464346820488572 -5.581018924713135 0
          -0.0076737054623663425 -5.574498653411865 0 -0.011468746699392796 -5.5671772956848145 0
          -0.014201058074831963 -5.55918025970459 0 -0.01590382121503353 -5.550743103027344 0
          -0.01668810285627842 -5.542179107666016 0 -0.01675536297261715 -5.533751487731934 0
          -0.01631266064941883 -5.525644302368164 0 -0.015546442940831184 -5.517969608306885 0
          -0.014625167474150658 -5.510777950286865 0 -0.0137324882671237 -5.504053115844727 0
          -0.01311956811696291 -5.497684478759766 0 -0.013117359951138496 -5.491443157196045 0
          -0.06376151740550995 0.5522220134735107 0 -0.07058534771203995 0.57855623960495 0
          -0.08388163894414902 0.6072823405265808 0 -0.1042061299085617 0.6407405734062195 0
          -0.13207049667835236 0.685799777507782 0 -0.17204628884792328 0.7553560137748718 0
          -0.24010002613067627 0.8355488181114197 0 -0.34155914187431335 0.9129498600959778 0
          -0.49283403158187866 0.9490607976913452 0 -0.6496783494949341 0.8855080008506775 0
          -0.788092851638794 0.7724588513374329 0 -0.9163122773170471 0.5572303533554077 0
          -0.9809408783912659 0.4429529905319214 0 -0.9345446825027466 0.41955089569091797 0
          -0.8017184734344482 0.53962641954422 0 -0.6165255308151245 0.6995409727096558 0
          -0.3890882730484009 0.8659349679946899 0 -0.14220356941223145 1.063336968421936 0
          0.10151664912700653 1.2783304452896118 0 0.33303096890449524 1.4954261779785156 0
          0.5609837770462036 1.71073579788208 0 0.7898716330528259 1.9136911630630493 0
          1.0213574171066284 2.0848214626312256 0 1.253975510597229 2.1961517333984375 0
          1.4634957313537598 2.2295970916748047 0 1.6878465414047241 2.1599481105804443 0
          1.8775073289871216 2.0108628273010254 0 2.084360122680664 1.818467140197754 0
          2.416033983230591 1.6666018962860107 0 2.4703316688537598 1.7905209064483643 0
          2.197011947631836 1.0877801179885864 0 1.928500771522522 0.5862988829612732 0
          1.8601410388946533 0.3283759355545044 0 2.700679063796997 0.24863135814666748 0
          6.271810054779053 -0.007240461651235819 0 6.119312286376953 -0.5950564742088318 0
          5.05029821395874 -1.2061406373977661 0 3.884200096130371 -1.7045329809188843 0
          2.84562349319458 -2.0813982486724854 0 1.9341357946395874 -2.3202106952667236 0
          1.2022736072540283 -2.4376447200775146 0 0.6708926558494568 -2.469514846801758 0
          0.32872143387794495 -2.4560959339141846 0 0.13881011307239532 -2.4299376010894775 0
          0.05332532897591591 -2.410306930541992 0 0.028038742020726204 -2.404189348220825 0
          0.03074241615831852 -2.410858392715454 0 0.04246245697140694 -2.42655611038208 0
          0.05351986363530159 -2.447052001953125 0 0.059476401656866074 -2.4684853553771973 0
          0.05898508056998253 -2.4876937866210938 0 0.05250359699130058 -2.5023679733276367 0
          0.04131824150681496 -2.511035919189453 0 0.026917241513729095 -2.5129342079162598 0
          0.01076460350304842 -2.5079007148742676 0 -0.005789704155176878 -2.4963173866271973 0
          -0.02160702645778656 -2.479151487350464 0 -0.03649771958589554 -2.4567129611968994 0
          -0.04882796108722687 -2.429508924484253 0 -0.05737093463540077 -2.3991217613220215 0
          -0.062124475836753845 -2.3673691749572754 0 -0.06352207064628601 -2.3358023166656494 0
          -0.0621483251452446 -2.305656671524048 0 -0.05863247811794281 -2.2778823375701904 0
          -0.053602688014507294 -2.2531490325927734 0 -0.047652121633291245 -2.2318544387817383 0
          -0.041317954659461975 -2.214151382446289 0 -0.03517904132604599 -2.1999292373657227 0
          -0.03014511615037918 -2.1886372566223145 0 -0.0276210755109787 -2.1790096759796143 0
          -0.07946328073740005 0.5473962426185608 0 -0.0870327278971672 0.5683813095092773 0
          -0.10256435722112656 0.5903061628341675 0 -0.12650185823440552 0.614234983921051 0
          -0.16029472649097443 0.6412522792816162 0 -0.20626141130924225 0.6723266839981079 0
          -0.2685668170452118 0.7014302015304565 0 -0.3489203453063965 0.7217508554458618 0
          -0.4435053765773773 0.7115497589111328 0 -0.5425502061843872 0.6723262667655945 0
          -0.6384647488594055 0.6050036549568176 0 -0.7241417765617371 0.4915100038051605 0
          -0.7805604338645935 0.429385781288147 0 -0.7729913592338562 0.3355201482772827 0
          -0.7083043456077576 0.3013458549976349 0 -0.6074241995811462 0.33076024055480957 0
          -0.48054811358451843 0.4307926595211029 0 -0.3294600546360016 0.5840884447097778 0
          -0.15104900300502777 0.774100124835968 0 0.05828390270471573 0.9830994606018066 0
          0.3022169768810272 1.1888270378112793 0 0.5376256704330444 1.3844611644744873 0
          0.8105503916740417 1.5392354726791382 0 1.1146005392074585 1.6264698505401611 0
          1.4625012874603271 1.6542195081710815 0 2.1017990112304688 1.5077325105667114 0
          2.4214560985565186 1.3668583631515503 0 2.5964033603668213 1.305148959159851 0
          2.5824105739593506 1.0695520639419556 0 2.369835376739502 0.7085850238800049 0
          2.1982080936431885 0.41440168023109436 0 1.999119758605957 0.23765163123607635 0
          1.9076064825057983 0.17854973673820496 0 2.321429967880249 0.44029393792152405 0
          5.721977233886719 0.8103911280632019 0 6.016050338745117 0.8798521757125854 0
          5.272093296051025 0.731835663318634 0 4.264642238616943 0.4778258800506592 0
          3.279157876968384 0.18834000825881958 0 2.3917951583862305 -0.11726107448339462 0
          1.6433414220809937 -0.41182196140289307 0 1.046788215637207 -0.6629199981689453 0
          0.5928542613983154 -0.8394894599914551 0 0.28900018334388733 -0.9400765299797058 0
          0.13500337302684784 -0.9949707984924316 0 0.08590775728225708 -1.0339757204055786 0
          0.091034896671772 -1.0745797157287598 0 0.11399783194065094 -1.1226619482040405 0
          0.13492991030216217 -1.1773089170455933 0 0.1438465714454651 -1.2339102029800415 0
          0.13861903548240662 -1.28733491897583 0 0.12181125581264496 -1.3338570594787598 0
          0.09714394807815552 -1.3713730573654175 0 0.06772717088460922 -1.398860216140747 0
          0.03578697144985199 -1.4158042669296265 0 0.003399644745513797 -1.4221746921539307 0
          -0.02450120449066162 -1.42047119140625 0 -0.04991371929645538 -1.4117355346679688 0
          -0.06885222345590591 -1.398577332496643 0 -0.08093468844890594 -1.383042812347412 0
          -0.08729888498783112 -1.3664182424545288 0 -0.0890713706612587 -1.3495277166366577 0
          -0.08730553090572357 -1.3328824043273926 0 -0.08293157815933228 -1.3167930841445923 0
          -0.07676306366920471 -1.3014464378356934 0 -0.0694083720445633 -1.2870193719863892 0
          -0.06105061247944832 -1.2739245891571045 0 -0.0515538789331913 -1.2630515098571777 0
          -0.041604988276958466 -1.255438208580017 0 -0.03538500517606735 -1.2502717971801758 0
          -0.08230265974998474 0.5412190556526184 0 -0.08977974206209183 0.554755449295044 0
          -0.10442302376031876 0.5682827234268188 0 -0.12737657129764557 0.5806863903999329 0
          -0.15903231501579285 0.5913648009300232 0 -0.2003984898328781 0.5986160635948181 0
          -0.25195837020874023 0.5988633632659912 0 -0.3124540150165558 0.5917238593101501 0
          -0.3810200095176697 0.5659564733505249 0 -0.45096156001091003 0.5236014127731323 0
          -0.5174986720085144 0.46791937947273254 0 -0.5741081833839417 0.4019065201282501 0
          -0.6232244372367859 0.3738522529602051 0 -0.6850339770317078 0.3307110071182251 0
          -0.6674349904060364 0.3121389150619507 0 -0.6250327825546265 0.33445554971694946 0
          -0.5564675331115723 0.39485910534858704 0 -0.459016889333725 0.4886173903942108 0
          -0.33330416679382324 0.6121217608451843 0 -0.17782098054885864 0.7685728669166565 0
          0.010815340094268322 0.9242016077041626 0 0.268543004989624 1.0708568096160889 0
          0.5746833086013794 1.1708738803863525 0 1.0397615432739258 1.1727173328399658 0
          1.7807773351669312 1.1430132389068604 0 2.2953600883483887 0.8487456440925598 0
          2.464991807937622 0.6672108173370361 0 2.513662338256836 0.5164031982421875 0
          2.4629626274108887 0.35564684867858887 0 2.321171760559082 0.18669255077838898 0
          2.1696135997772217 0.09098534286022186 0 1.9938530921936035 0.05119817331433296 0
          1.8092918395996094 0.11637690663337708 0 1.7093991041183472 0.5363596677780151 0
          4.520628929138184 1.3432939052581787 0 5.198734283447266 1.8905010223388672 0
          4.866436004638672 2.161756753921509 0 4.16495418548584 2.2283880710601807 0
          3.3779304027557373 2.162407636642456 0 2.622659921646118 2.0082101821899414 0
          1.9558789730072021 1.7994775772094727 0 1.4018661975860596 1.5623388290405273 0
          0.9678255915641785 1.311915636062622 0 0.6534013152122498 1.068530559539795 0
          0.44321316480636597 0.8626079559326172 0 0.31005480885505676 0.7127386927604675 0
          0.2299414724111557 0.6197153925895691 0 0.1863587498664856 0.5710760354995728 0
          0.16695387661457062 0.5493447780609131 0 0.16107729077339172 0.5374919772148132 0
          0.16065433621406555 0.5224577784538269 0 0.16053760051727295 0.49632424116134644 0
          0.1563054323196411 0.4565984904766083 0 0.1417057067155838 0.40702560544013977 0
          0.10994206368923187 0.35736337304115295 0 0.05936228483915329 0.31985458731651306 0
          -0.001077565597370267 0.30406084656715393 0 -0.04521526023745537 0.3007715046405792 0
          -0.07036713510751724 0.30164358019828796 0 -0.08625160902738571 0.30506765842437744 0
          -0.09566289931535721 0.3105386793613434 0 -0.09966279566287994 0.31750839948654175 0
          -0.09948859363794327 0.32555150985717773 0 -0.09616634249687195 0.3343069851398468 0
          -0.09060182422399521 0.3434756398200989 0 -0.08364434540271759 0.352919340133667 0
          -0.07603191584348679 0.3628702163696289 0 -0.0684150978922844 0.3740849494934082 0
          -0.061431802809238434 0.38728782534599304 0 -0.05699470639228821 0.40169039368629456 0
          -0.07391515374183655 0.5352027416229248 0 -0.07980194687843323 0.5428169369697571 0
          -0.09230557829141617 0.5485394597053528 0 -0.11107555031776428 0.5519989132881165 0
          -0.13700225949287415 0.5513057112693787 0 -0.170197993516922 0.5450193285942078 0
          -0.2107546031475067 0.5317948460578918 0 -0.25721797347068787 0.5093293190002441 0
          -0.3077767789363861 0.47591379284858704 0 -0.3605898916721344 0.4313811957836151 0
          -0.41187429428100586 0.3788131773471832 0 -0.46140897274017334 0.32192519307136536 0
          -0.5088109374046326 0.27053549885749817 0 -0.5569199919700623 0.25521329045295715 0
          -0.6119483113288879 0.22891615331172943 0 -0.6126857399940491 0.2275325059890747 0
          -0.5877096056938171 0.2522581219673157 0 -0.5391080975532532 0.3028533160686493 0
          -0.4632936716079712 0.3738233149051666 0 -0.3529701828956604 0.453813374042511 0
          -0.1871093511581421 0.5263260006904602 0 0.029424551874399185 0.6181458830833435 0
          0.37244346737861633 0.6777055859565735 0 1.034023642539978 0.7326498627662659 0
          1.706477403640747 0.5141428709030151 0 2.170386791229248 0.40760883688926697 0
          2.3628809452056885 0.3421861231327057 0 2.422314405441284 0.2518637776374817 0
          2.3762073516845703 0.16226275265216827 0 2.267583131790161 0.08758414536714554 0
          2.127821207046509 0.06006074324250221 0 1.9385349750518799 0.08435506373643875 0
          1.6604297161102295 0.19154931604862213 0 1.3467553853988647 0.4443708658218384 0
          2.782085418701172 1.610925555229187 0 3.8481876850128174 2.5154948234558105 0
          3.9528822898864746 3.126884698867798 0 3.610116720199585 3.4980974197387695 0
          3.0908377170562744 3.6902079582214355 0 2.530667304992676 3.751877546310425 0
          2.000626802444458 3.722144603729248 0 1.5395125150680542 3.630317449569702 0
          1.1630078554153442 3.500023603439331 0 0.8705025315284729 3.355041980743408 0
          0.6544106006622314 3.2139461040496826 0 0.5007655620574951 3.0864760875701904 0
          0.394868403673172 2.976177215576172 0 0.3239056169986725 2.884124755859375 0
          0.2772676348686218 2.810230016708374 0 0.24641872942447662 2.7529919147491455 0
          0.22479557991027832 2.709900379180908 0 0.20719343423843384 2.6784822940826416 0
          0.1887509524822235 2.656557559967041 0 0.1646016240119934 2.641021251678467 0
          0.13335411250591278 2.6251657009124756 0 0.10033353418111801 2.597630739212036 0
          0.06905842572450638 2.5506818294525146 0 0.03384814038872719 2.4978132247924805 0
          -0.005308021325618029 2.454314947128296 0 -0.03810087591409683 2.422124147415161 0
          -0.06055910885334015 2.3986666202545166 0 -0.07469481974840164 2.3820011615753174 0
          -0.08373193442821503 2.371509313583374 0 -0.08886318653821945 2.3666832447052 0
          -0.09076627343893051 2.3668620586395264 0 -0.09024052321910858 2.3713507652282715 0
          -0.08817081153392792 2.379551887512207 0 -0.08555585145950317 2.3911001682281494 0
          -0.08334125578403473 2.4058358669281006 0 -0.08338174223899841 2.423562526702881 0
          -0.057203780859708786 0.5315374135971069 0 -0.0617639534175396 0.5342956781387329 0
          -0.07037724554538727 0.5356853008270264 0 -0.08402588218450546 0.5333496332168579 0
          -0.10244093090295792 0.5263203978538513 0 -0.1260356903076172 0.5127987265586853 0
          -0.15488210320472717 0.49211153388023376 0 -0.18864211440086365 0.46305933594703674 0
          -0.22425219416618347 0.4240756034851074 0 -0.26353538036346436 0.376392662525177 0
          -0.30402833223342896 0.32265031337738037 0 -0.3458809554576874 0.2640226483345032 0
          -0.3895084857940674 0.20269417762756348 0 -0.4340505003929138 0.14831238985061646 0
          -0.47703129053115845 0.10682955384254456 0 -0.5152043104171753 0.06674712151288986 0
          -0.527314305305481 0.03538098931312561 0 -0.5123343467712402 0.018457040190696716 0
          -0.46062713861465454 0.0051086037419736385 0 -0.3622170686721802 -0.00802846159785986 0
          -0.2173149138689041 -0.0137480478733778 0 -0.045667216181755066 -0.0073960269801318645 0
          0.2146296352148056 0.10847079753875732 0 0.6721509695053101 0.34688252210617065 0
          1.110864281654358 0.5763670206069946 0 1.9676278829574585 0.577021598815918 0
          2.2656285762786865 0.5298730731010437 0 2.335995674133301 0.45888465642929077 0
          2.300541877746582 0.3944432735443115 0 2.2021079063415527 0.364115834236145 0
          2.0512027740478516 0.3854302763938904 0 1.8173097372055054 0.4651546776294708 0
          1.5044468641281128 0.5789383053779602 0 1.2296756505966187 0.6670900583267212 0
          1.2966278791427612 1.665095567703247 0 2.231187582015991 2.748490810394287 0
          2.670173406600952 3.6073668003082275 0 2.671093463897705 4.235986709594727 0
          2.439495801925659 4.672046184539795 0 2.107619285583496 4.955371856689453 0
          1.7515863180160522 5.1223344802856445 0 1.4152274131774902 5.205827713012695 0
          1.1233954429626465 5.232591152191162 0 0.8847422003746033 5.223327159881592 0
          0.6981000900268555 5.19430685043335 0 0.557284951210022 5.1566362380981445 0
          0.45405009388923645 5.117117404937744 0 0.3798881769180298 5.079677104949951 0
          0.32700949907302856 5.046357154846191 0 0.28874894976615906 5.017951011657715 0
          0.25975316762924194 4.994442939758301 0 0.23564720153808594 4.975261688232422 0
          0.21311093866825104 4.958807468414307 0 0.1900620460510254 4.941627502441406 0
          0.16500727832317352 4.920356273651123 0 0.13690567016601562 4.895813941955566 0
          0.10815121978521347 4.869521617889404 0 0.08206064999103546 4.837214946746826 0
          0.05956286936998367 4.793835639953613 0 0.03839004412293434 4.742736339569092 0
          0.016389453783631325 4.69136381149292 0 -0.00592889916151762 4.645483016967773 0
          -0.025265322998166084 4.606508731842041 0 -0.040466539561748505 4.574291229248047 0
          -0.05205955728888512 4.548579692840576 0 -0.061220791190862656 4.5293731689453125 0
          -0.06894267350435257 4.516741752624512 0 -0.07630595564842224 4.510807514190674 0
          -0.08319121599197388 4.510982990264893 0 -0.09059634804725647 4.516101837158203 0
          -0.03653775900602341 0.529339611530304 0 -0.038917332887649536 0.5308092832565308 0
          -0.04427313432097435 0.5297008752822876 0 -0.0520889051258564 0.5255900025367737 0
          -0.06291096657514572 0.5164515972137451 0 -0.07655975967645645 0.5009031891822815 0
          -0.09289314597845078 0.4768814742565155 0 -0.11198748648166656 0.44896090030670166 0
          -0.13641417026519775 0.407914400100708 0 -0.16232165694236755 0.35895201563835144 0
          -0.19049230217933655 0.3026025593280792 0 -0.22240179777145386 0.2396630197763443 0
          -0.256907194852829 0.17025607824325562 0 -0.29331305623054504 0.09516865015029907 0
          -0.32633674144744873 0.020015306770801544 0 -0.3516739010810852 -0.06883129477500916 0
          -0.36302557587623596 -0.15601126849651337 0 -0.3514586091041565 -0.2400716096162796 0
          -0.3136335611343384 -0.32481637597084045 0 -0.2544439435005188 -0.39412227272987366 0
          -0.17102757096290588 -0.4226982593536377 0 -0.05402963608503342 -0.4148423373699188 0
          0.08156244456768036 -0.3207082450389862 0 0.15383529663085938 0.031079305335879326 0
          0.318651020526886 0.6402585506439209 0 0.8787083625793457 1.154841423034668 0
          2.099414825439453 1.1228443384170532 0 2.2235162258148193 1.0646758079528809 0
          2.143632650375366 1.0671230554580688 0 2.0252864360809326 1.1283845901489258 0
          1.8349918127059937 1.254116415977478 0 1.5435876846313477 1.439692497253418 0
          1.2432899475097656 1.6244889497756958 0 1.0257751941680908 1.7715297937393188 0
          0.8766788840293884 2.060816526412964 0 1.056047797203064 2.8513667583465576 0
          1.3487324714660645 3.7376527786254883 0 1.5127911567687988 4.513937473297119 0
          1.5132429599761963 5.134613513946533 0 1.3995507955551147 5.609157562255859 0
          1.2272948026657104 5.960667610168457 0 1.0374159812927246 6.214127540588379 0
          0.8560279607772827 6.39365291595459 0 0.6970015168190002 6.5198445320129395 0
          0.5656108856201172 6.608999252319336 0 0.46161141991615295 6.673445224761963 0
          0.382079541683197 6.721953868865967 0 0.32257044315338135 6.760584831237793 0
          0.27844977378845215 6.793285846710205 0 0.24519363045692444 6.822575569152832 0
          0.21987633407115936 6.849353313446045 0 0.19920283555984497 6.8737969398498535 0
          0.1807209700345993 6.895500183105469 0 0.16280139982700348 6.913755416870117 0
          0.14448986947536469 6.927494049072266 0 0.12556025385856628 6.93510627746582 0
          0.1067517027258873 6.936082363128662 0 0.08906448632478714 6.931454181671143 0
          0.07304360717535019 6.922513008117676 0 0.058716461062431335 6.909019947052002 0
          0.0461951419711113 6.889224052429199 0 0.03539632260799408 6.8617658615112305 0
          0.025066670030355453 6.828330993652344 0 0.014144854620099068 6.792076110839844 0
          0.0021895873360335827 6.756103992462158 0 -0.010332326404750347 6.722419261932373 0
          -0.023063790053129196 6.692116737365723 0 -0.03543373569846153 6.665225505828857 0
          -0.04766346514225006 6.641946315765381 0 -0.05978427827358246 6.621846675872803 0
          -0.014901098795235157 0.5296551585197449 0 -0.015997596085071564 0.5308414101600647 0
          -0.017926165834069252 0.5307334661483765 0 -0.021090272814035416 0.5275887846946716 0
          -0.025325125083327293 0.5206406116485596 0 -0.030788764357566833 0.5085518956184387 0
          -0.03745812922716141 0.4902920722961426 0 -0.04547129198908806 0.4651634395122528 0
          -0.0551290363073349 0.4308675527572632 0 -0.06715447455644608 0.3875851035118103 0
          -0.082802914083004 0.3358219861984253 0 -0.10136698186397552 0.27572768926620483 0
          -0.11967440694570541 0.20446431636810303 0 -0.14117370545864105 0.1219278872013092 0
          -0.15282313525676727 0.0314522422850132 0 -0.15455399453639984 -0.08051513880491257 0
          -0.16349893808364868 -0.19388678669929504 0 -0.1677924543619156 -0.29817500710487366 0
          -0.16137774288654327 -0.3873137831687927 0 -0.12580785155296326 -0.4647940695285797 0
          -0.06967757642269135 -0.5265398621559143 0 -9.61409909905342e-7 -0.5584942698478699 0
          0.06727201491594315 -0.5462439060211182 0 0.03939514607191086 -0.4649503827095032 0
          -0.04998483881354332 -0.06046932563185692 0 -0.20269247889518738 0.6860088109970093 0
          0.32257625460624695 1.6259452104568481 0 1.2780739068984985 2.0966551303863525 0
          1.6468582153320312 2.3303799629211426 0 1.524375081062317 2.615070343017578 0
          1.3299514055252075 2.937390089035034 0 1.0621263980865479 3.2626309394836426 0
          0.8254407048225403 3.552445411682129 0 0.6577163934707642 3.8102004528045654 0
          0.5657771229743958 4.029374122619629 0 0.569633960723877 4.3645710945129395 0
          0.6270427107810974 4.855327129364014 0 0.6813828945159912 5.41793966293335 0
          0.6991900205612183 5.967868804931641 0 0.6723737716674805 6.458930492401123 0
          0.6130751371383667 6.873889923095703 0 0.5372902750968933 7.212140083312988 0
          0.45744872093200684 7.4821577072143555 0 0.38248422741889954 7.695679187774658 0
          0.3172032833099365 7.864732265472412 0 0.2634669840335846 7.999936580657959 0
          0.22074586153030396 8.110292434692383 0 0.18796037137508392 8.202564239501953 0
          0.16307233273983002 8.28177261352539 0 0.1444818675518036 8.351004600524902 0
          0.12967711687088013 8.413016319274902 0 0.11750276386737823 8.469188690185547 0
          0.10683618485927582 8.519998550415039 0 0.09685544669628143 8.56538200378418 0
          0.08705933392047882 8.604971885681152 0 0.0772990807890892 8.638347625732422 0
          0.06775233149528503 8.665464401245117 0 0.05871504917740822 8.68674373626709 0
          0.05038868635892868 8.702834129333496 0 0.042817916721105576 8.714374542236328 0
          0.03591981530189514 8.722131729125977 0 0.029415493831038475 8.727002143859863 0
          0.022739574313163757 8.729423522949219 0 0.01526827085763216 8.72954273223877 0
          0.006482722237706184 8.727557182312012 0 -0.0038556531071662903 8.724136352539062 0
          -0.01493303757160902 8.719642639160156 0 -0.026046907529234886 8.714348793029785 0
          -0.03664854168891907 8.708011627197266 0 -0.04618868976831436 8.699990272521973 0
          0 0.5341523885726929 0 0 0.5406655073165894 0
          0 0.5460880994796753 0 0 0.5499542355537415 0
          0 0.5514354705810547 0 0 0.5498998165130615 0
          0 0.5446363687515259 0 0 0.5348783135414124 0
          0 0.5194759368896484 0 0 0.4961845278739929 0
          0 0.4621540307998657 0 0 0.4163166880607605 0
          0 0.3597499430179596 0 0 0.29231059551239014 0
          0 0.2668437063694 0 0 0.18785065412521362 0
          0 0.10081843286752701 0 0 0.0031886198557913303 0
          0 -0.09407547116279602 0 0 -0.17063449323177338 0
          0 -0.21007521450519562 0 0 -0.20375925302505493 0
          0 -0.15383397042751312 0 0 -0.1232379898428917 0
          0 -0.1520872712135315 0 0 -0.22159665822982788 0
          0 -0.0016259392723441124 0 0 0.856656551361084 0
          0 1.8788307905197144 0 0 2.855569362640381 0
          0 3.7280285358428955 0 0 4.439428329467773 0
          0 4.999668121337891 0 0 5.449661731719971 0
          0 5.838488578796387 0 0 6.22963809967041 0
          0 6.6587114334106445 0 0 7.123533725738525 0
          0 7.599727630615234 0 0 8.057631492614746 0
          0 8.475556373596191 0 0 8.84249210357666 0
          0 9.155814170837402 0 0 9.41878890991211 0
          0 9.63789176940918 0 0 9.820834159851074 0
          0 9.97498607635498 0 0 10.106972694396973 0
          0 10.222086906433105 0 0 10.324533462524414 0
          0 10.416852951049805 0 0 10.50080394744873 0
          0 10.577407836914062 0 0 10.647132873535156 0
          0 10.710114479064941 0 0 10.766388893127441 0
          0 10.81611156463623 0 0 10.859634399414062 0
          0 10.897443771362305 0 0 10.9300537109375 0
          0 10.957925796508789 0 0 10.981331825256348 0
          0 11.000168800354004 0 0 11.013916969299316 0
          0 11.021707534790039 0 0 11.02251148223877 0
          0 11.015840530395508 0 0 11.00167465209961 0
          0 10.98035717010498 0 0 10.952601432800293 0
          <InformationKey name="L2_NORM_RANGE" location="vtkDataArray" length="2">
            <Value index="0">
              0.0016259392723
            </Value>
            <Value index="1">
              11.562625886
            </Value>
          </InformationKey>
        </DataArray>
        <DataArray type="Float32" Name="Solids_Velocity_1" NumberOfComponents="3" format="ascii" RangeMin="0" RangeMax="10.701632499694824">
          -0.031047668308019638 0.02021653577685356 0 -0.039096321910619736 0.0457448810338974 0
          -0.05751871317625046 0.08345974236726761 0 -0.08996980637311935 0.1426638811826706 0
          -0.13618893921375275 0.23287475109100342 0 -0.2518026828765869 0.45026180148124695 0
          -0.36056703329086304 0.80377596616745 0 -0.4024503827095032 1.2755722999572754 0
          -0.48122575879096985 1.6640775203704834 0 -0.5839539766311646 2.04109525680542 0
          -0.6379469037055969 2.294278144836426 0 -0.42649954557418823 2.631618022918701 0
          -0.13334737718105316 2.977869749069214 0 0.06687179207801819 3.192566156387329 0
          0.16274452209472656 3.3327746391296387 0 0.21600313484668732 3.4281113147735596 0
          0.26195383071899414 3.492271661758423 0 0.3121633231639862 3.5336408615112305 0
          0.3677132725715637 3.556546688079834 0 0.4256446063518524 3.562323808670044 0
          0.48118916153907776 3.550244092941284 0 0.5299220085144043 3.519380807876587 0
          0.5689038038253784 3.463926076889038 0 0.5986116528511047 3.382192373275757 0
          0.6197174787521362 3.275193452835083 0 0.6322389841079712 3.137009620666504 0
          0.6379246115684509 2.9578747749328613 0 0.6381651163101196 2.725257396697998 0
          0.6272279024124146 2.4357151985168457 0 0.6075581312179565 2.0797665119171143 0
          0.5627095699310303 1.552619218826294 0 0.7184193730354309 1.009721040725708 0
          0.6950619220733643 -0.39221110939979553 0 1.0792546272277832 -0.7074809670448303 0
          1.079534888267517 -0.7095528841018677 0 0 0 0
          0 0 0 0 0 0
          0 0 0 0 0 0
          0 0 0 0 0 0
          0 0 0 0 0 0
          0 0 0 0 0 0
          0 0 0 0 0 0
          0 0 0 0 0 0
          0 0 0 0 0 0
          0 0 0 0 0 0
          0 0 0 0 0 0
          0 0 0 0 0 0
          0 0 0 0 0 0
          0 0 0 0 0 0
          0 0 0 0 0 0
          0 0 0 0 0 0
          0 0 0 0 0 0
          0 0 0 0 0 0
          -0.06979022920131683 0.025357704609632492 0 -0.08121632784605026 0.052874814718961716 0
          -0.10523445904254913 0.08405765891075134 0 -0.14348557591438293 0.1188647449016571 0
          -0.19572342932224274 0.15790459513664246 0 -0.2641679346561432 0.2188882976770401 0
          -0.3772421181201935 0.6047959923744202 0 -0.49681976437568665 0.7109605073928833 0
          -0.6054567098617554 0.26180386543273926 0 -0.6582738161087036 0.2548448443412781 0
          -0.7129054069519043 0.2900044918060303 0 -0.6998082399368286 0.30604153871536255 0
          -0.5326499342918396 0.45622944831848145 0 -0.3051671087741852 0.6883994936943054 0
          -0.09213454276323318 0.8871456980705261 0 0.06934791803359985 1.0614415407180786 0
          0.19127322733402252 1.2279351949691772 0 0.28712189197540283 1.390157699584961 0
          0.37498608231544495 1.5527483224868774 0 0.4598340690135956 1.7164753675460815 0
          0.5417130589485168 1.8782477378845215 0 0.6207293272018433 2.031259775161743 0
          0.6977085471153259 2.1652181148529053 0 0.7739008665084839 2.268815040588379 0
          0.8494554758071899 2.330502986907959 0 0.9235073328018188 2.3365066051483154 0
          0.9846363663673401 2.273153305053711 0 1.0213103294372559 2.1277310848236084 0
          1.0429073572158813 1.887014389038086 0 1.1034324169158936 1.3143253326416016 0
          1.165490984916687 0.9175893068313599 0 0.9528162479400635 -0.31390702724456787 0
          0.9306997060775757 -1.1723204851150513 0 1.680734395980835 -1.0191572904586792 0
          1.6811246871948242 -1.021208643913269 0 2.3828237560169496e-12 0 0
          0 0 0 0 0 0
          0 0 0 0 0 0
          0 0 0 0 0 0
          0 0 0 0 0 0
          0 0 0 0 0 0
          0 0 0 0 0 0
          0 0 0 0 0 0
          0 0 0 0 0 0
          0 0 0 0 0 0
          0 0 0 0 0 0
          0 0 0 0 0 0
          0 0 0 0 0 0
          0 0 0 0 0 0
          0 0 0 0 0 0
          0 0 0 0 0 0
          0 0 0 0 0 0
          0 0 0 0 0 0
          -0.09395714104175568 0.015616840682923794 0 -0.10511007905006409 0.031047916039824486 0
          -0.12787498533725739 0.04548964276909828 0 -0.16265229880809784 0.05760403349995613 0
          -0.2090495377779007 0.0656377449631691 0 -0.26706981658935547 0.06654026359319687 0
          -0.3392661511898041 0.029451657086610794 0 -0.4403539001941681 -0.0046822926960885525 0
          -0.47996464371681213 -0.04983310028910637 0 -0.5166153311729431 -0.09734047949314117 0
          -0.5429012775421143 -0.15537215769290924 0 -0.5603633522987366 -0.19724178314208984 0
          -0.5579864382743835 -0.2820780277252197 0 -0.4933375418186188 -0.20231784880161285 0
          -0.38909947872161865 -0.048092782497406006 0 -0.2657802104949951 0.14139440655708313 0
          -0.12938641011714935 0.3362700045108795 0 0.00805054884403944 0.538957953453064 0
          0.14124725759029388 0.7458965182304382 0 0.26381534337997437 0.952010452747345 0
          0.3834882378578186 1.1535266637802124 0 0.5039924383163452 1.3442937135696411 0
          0.6310151219367981 1.515310287475586 0 0.7727736234664917 1.6544703245162964 0
          0.9288453459739685 1.7472333908081055 0 1.0938268899917603 1.761710286140442 0
          1.2366057634353638 1.6746143102645874 0 1.3388094902038574 1.4551148414611816 0
          1.4036866426467896 1.0392884016036987 0 1.3375473022460938 0.33494478464126587 0
          1.2276371717453003 -0.48063376545906067 0 1.1304872035980225 -1.0690298080444336 0
          1.1816291809082031 -1.3057196140289307 0 1.992038369178772 -1.1735016107559204 0
          1.9923981428146362 -1.1750646829605103 0 1.2443981400878101e-9 -1.6506925221235896e-13 0
          2.4017391033868895e-21 0 0 2.802596928649634e-45 0 0
          0 0 0 0 0 0
          0 0 0 0 0 0
          0 0 0 0 0 0
          0 0 0 0 0 0
          0 0 0 0 0 0
          0 0 0 0 0 0
          0 0 0 0 0 0
          0 0 0 0 0 0
          0 0 0 0 0 0
          0 0 0 0 0 0
          0 0 0 0 0 0
          0 0 0 0 0 0
          0 0 0 0 0 0
          0 0 0 0 0 0
          0 0 0 0 0 0
          0 0 0 0 -4.3102441373274546e-39 0
          -0.10092148929834366 0.004230122081935406 0 -0.11055515706539154 0.007262776140123606 0
          -0.12979674339294434 0.007965478114783764 0 -0.15855619311332703 0.004553775303065777 0
          -0.19618573784828186 -0.00480334646999836 0 -0.24155227839946747 -0.022784868255257607 0
          -0.2926671802997589 -0.05508369952440262 0 -0.369913250207901 -0.08837862312793732 0
          -0.4041846990585327 -0.1091061607003212 0 -0.435687392950058 -0.13355372846126556 0
          -0.46030059456825256 -0.15622347593307495 0 -0.47751227021217346 -0.17945481836795807 0
          -0.5096247792243958 -0.29193833470344543 0 -0.48399829864501953 -0.2783172130584717 0
          -0.4479913115501404 -0.22534920275211334 0 -0.3929988741874695 -0.128071129322052 0
          -0.3251402974128723 0.01332091074436903 0 -0.23922303318977356 0.1864008754491806 0
          -0.13267993927001953 0.3755159378051758 0 -0.002314857440069318 0.5706167221069336 0
          0.15267524123191833 0.7527611255645752 0 0.30938848853111267 0.9235416054725647 0
          0.49760618805885315 1.0722296237945557 0 0.7226165533065796 1.187068223953247 0
          0.9879899024963379 1.2246474027633667 0 1.2969691753387451 1.104471206665039 0
          1.4650802612304688 0.8389742374420166 0 1.535753607749939 0.38061338663101196 0
          1.5182485580444336 -0.210614413022995 0 1.4349316358566284 -0.8061046600341797 0
          1.3528423309326172 -1.23371160030365 0 1.2936168909072876 -1.4023232460021973 0
          1.3666795492172241 -1.210161566734314 0 1.6794511079788208 -1.1924667358398438 0
          1.6795542240142822 -1.1912835836410522 0 4.865837013312557e-7 1.8692013215027004e-10 0
          1.0363297761308227e-15 3.555783588307745e-22 0 2.549514452806097e-33 0 0
          0 0 0 0 0 0
          0 0 0 0 0 0
          0 0 0 0 0 0
          0 0 0 0 0 0
          0 0 0 0 0 0
          0 0 0 0 0 0
          0 0 0 0 0 0
          0 0 0 0 0 0
          0 0 0 0 0 0
          -3.6433760072445244e-44 0 0 0 0 0
          0 0 0 -4.90454462513686e-44 0 0
          -3.4191682529525537e-43 0 0 -2.550363205071167e-43 0 0
          -1.9478048654114957e-43 0 0 -2.1047502934158752e-42 0 0
          -2.814507965596395e-41 0 0 -4.0745555447172706e-41 0 0
          -5.647232811229013e-43 0 0 -2.2420775429197073e-43 0 0
          -8.875824473033391e-42 0 0 -5.249264047360765e-42 -2.4501703511835194e-17 0
          -0.09393034130334854 -0.0051763616502285 0 -0.10144978016614914 -0.011616320349276066 0
          -0.11668439954519272 -0.02099451795220375 0 -0.13902808725833893 -0.03455199673771858 0
          -0.16812554001808167 -0.05392613634467125 0 -0.20284835994243622 -0.08044464886188507 0
          -0.24151675403118134 -0.11527885496616364 0 -0.2759406268596649 -0.1422954797744751 0
          -0.33550596237182617 -0.14636513590812683 0 -0.3695365786552429 -0.1609015315771103 0
          -0.39512577652931213 -0.18774548172950745 0 -0.4196197986602783 -0.2280070185661316 0
          -0.44597962498664856 -0.27382463216781616 0 -0.4783090353012085 -0.30589908361434937 0
          -0.47630900144577026 -0.27148935198783875 0 -0.46296194195747375 -0.21320368349552155 0
          -0.4323960542678833 -0.1301049441099167 0 -0.3803253769874573 -0.024952242150902748 0
          -0.30479666590690613 0.1002981960773468 0 -0.20057861506938934 0.2417120784521103 0
          -0.060174960643053055 0.4022665023803711 0 0.14380186796188354 0.5401971936225891 0
          0.39313048124313354 0.6556912660598755 0 0.7797839045524597 0.6713753342628479 0
          1.245694637298584 0.4291025996208191 0 1.5078638792037964 0.06198735907673836 0
          1.6189336776733398 -0.33224257826805115 0 1.642814040184021 -0.7715437412261963 0
          1.6019697189331055 -1.1631063222885132 0 1.5227519273757935 -1.4594043493270874 0
          1.4557313919067383 -1.5710068941116333 0 1.4263087511062622 -1.4545623064041138 0
          1.4716691970825195 -0.9953922033309937 0 1.5752406120300293 -1.094198226928711 0
          1.473691463470459 0.014825711026787758 0 0.0000013852821894033696 1.5680717524446663e-7 0
          4.976405385996108e-15 4.262262379045351e-16 0 1.5368268556845436e-31 1.3327366485474347e-33 0
          0 0 0 0 0 0
          0 0 0 0 0 0
          0 0 0 0 0 0
          0 0 0 0 0 0
          0 0 0 0 0 0
          0 0 0 0 0 0
          0 0 0 0 0 0
          1.8098565701674119e-10 0 0 2.299953116846609e-9 0 0
          5.8257216828394576e-9 0 0 2.747871929997814e-10 4.736388809417882e-43 0
          -7.208252493514273e-22 4.498168070482663e-43 0 -5.111502395332992e-40 0 0
          -2.6850051578780485e-23 1.821688003622262e-43 0 -4.060591256828383e-21 1.3802789873599448e-42 0
          -1.0854860957366802e-20 2.1061515918802e-42 0 -9.42677078829808e-21 1.615697129366514e-42 0
          -8.286139614582172e-21 8.986527051715052e-42 0 -2.742568373472994e-20 1.3107325445755041e-40 0
          -1.0097943037060332e-19 3.2761797576528493e-40 0 -1.2255069808354946e-19 2.104736280431232e-40 0
          -1.464184001227018e-20 4.9297679974947065e-42 0 -9.49958287704192e-21 8.143225635884377e-41 0
          -6.30401001045654e-20 1.4009201137394494e-40 0 -5.056631017131951e-20 1.193724122804382e-40 0
          -0.07739508152008057 -0.011371929198503494 0 -0.08301573246717453 -0.024356499314308167 0
          -0.09395673871040344 -0.03987778723239899 0 -0.1102914959192276 -0.05964028462767601 0
          -0.13149020075798035 -0.08458394557237625 0 -0.15706102550029755 -0.11549502611160278 0
          -0.2013309746980667 -0.14896990358829498 0 -0.23085062205791473 -0.16632398962974548 0
          -0.2646713852882385 -0.1776990294456482 0 -0.29642462730407715 -0.1956496238708496 0
          -0.32308316230773926 -0.22905859351158142 0 -0.3542730212211609 -0.2676340937614441 0
          -0.39060866832733154 -0.314617782831192 0 -0.4357271194458008 -0.37925466895103455 0
          -0.4689447283744812 -0.3899869918823242 0 -0.4725053310394287 -0.3742689788341522 0
          -0.4673629701137543 -0.34264203906059265 0 -0.4389581084251404 -0.2942853271961212 0
          -0.38242194056510925 -0.22993111610412598 0 -0.28740206360816956 -0.15066224336624146 0
          -0.1407630443572998 -0.06304960697889328 0 0.045912839472293854 0.047219567000865936 0
          0.37269410490989685 0.11233225464820862 0 0.9934003949165344 -0.11437050998210907 0
          1.4374675750732422 -0.6027402281761169 0 1.647618055343628 -0.922927737236023 0
          1.720219373703003 -1.2068758010864258 0 1.7149759531021118 -1.4563907384872437 0
          1.6591614484786987 -1.6348587274551392 0 1.5893995761871338 -1.7082992792129517 0
          1.5415947437286377 -1.6148772239685059 0 1.5273330211639404 -1.2845057249069214 0
          1.517567753791809 -0.8691200613975525 0 1.5175108909606934 -0.8692639470100403 0
          1.2157450914382935 0.040454261004924774 0 0.0000034276058613613714 4.790596221937449e-7 0
          5.0765696578110656e-14 2.8287247608708597e-15 0 3.0376212454175123e-29 1.2703662664378878e-31 0
          0.000004222684310661862 0 0 0.00007960743096191436 0 0
          0.0005867729778401554 0 0 0.000619111699052155 0 0
          0.0000305527173622977 0 0 7.611436481091971e-10 0 0
          4.0420313110548677e-20 0 0 7.424639783378611e-41 0 0
          0 0 0 0 0 0
          0 0 0 0 0 0
          0 0 0 6.833886321416793e-12 3.0378184412427345e-9 0
          -0.02521786093711853 4.515569784757645e-8 0 -0.03113347664475441 1.7782592465209746e-7 0
          -0.014903886243700981 1.4661110014912992e-7 0 -0.0007931276923045516 1.1401209754069441e-8 0
          0.000006340534127957653 1.964741311222184e-18 0 8.995800770961182e-10 9.530943240846301e-22 0
          -1.668194922477273e-11 1.1649289256630565e-19 0 -4.702130906863999e-10 3.8882674178457243e-19 0
          -9.190464500541395e-10 4.98865906588254e-19 0 -9.30984234148724e-10 4.233410337891065e-19 0
          -9.239187193088583e-10 8.725602579455696e-19 0 -1.759059897743498e-9 3.3061087662715963e-18 0
          -3.509660562173167e-9 6.091166952118996e-18 0 -4.006533327327588e-9 3.9205718192956405e-18 0
          -1.4337310227929834e-9 7.86106028658518e-19 0 -1.1975793690055525e-9 2.7755534670188592e-18 0
          -3.209223553568563e-9 4.5866416367611024e-18 0 -2.9812288193653558e-9 4.288103468294283e-18 0
          -0.05620609596371651 -0.014723614789545536 0 -0.05969899892807007 -0.030576316639780998 0
          -0.06692539900541306 -0.04928161948919296 0 -0.07752092182636261 -0.07159825414419174 0
          -0.0915001928806305 -0.0988609716296196 0 -0.10858102887868881 -0.13168247044086456 0
          -0.14075525104999542 -0.16722525656223297 0 -0.1652614027261734 -0.183961883187294 0
          -0.20108658075332642 -0.19975294172763824 0 -0.2218746542930603 -0.2232450395822525 0
          -0.24293096363544464 -0.2634865641593933 0 -0.27094459533691406 -0.3151662051677704 0
          -0.3055523633956909 -0.3689853847026825 0 -0.3469073176383972 -0.4371369481086731 0
          -0.3848242461681366 -0.49423372745513916 0 -0.4227900207042694 -0.5550351142883301 0
          -0.42688873410224915 -0.5800762176513672 0 -0.40832313895225525 -0.5984383225440979 0
          -0.3583795130252838 -0.6048726439476013 0 -0.2669338881969452 -0.5977044701576233 0
          -0.13047531247138977 -0.5832746624946594 0 0.02715020440518856 -0.5530903935432434 0
          0.23052756488323212 -0.5017945766448975 0 0.7287459373474121 -0.8142638206481934 0
          1.4084540605545044 -1.2387338876724243 0 1.7162827253341675 -1.4380203485488892 0
          1.775734543800354 -1.5894287824630737 0 1.7523003816604614 -1.7083210945129395 0
          1.694738745689392 -1.7508676052093506 0 1.6377109289169312 -1.6667789220809937 0
          1.6032849550247192 -1.377897024154663 0 1.5726728439331055 -0.8033773303031921 0
          1.4837145805358887 -0.3272389769554138 0 1.4835898876190186 -0.32735681533813477 0
          0.7995324730873108 0.06569433957338333 0 0.001540375524200499 0.0000019833923943224363 0
          0.0004440252960193902 4.380387518638715e-14 0 0.0001811374822864309 0.0000058597324823495 0
          0.8567298650741577 1.2497994899749756 0 0.4793047606945038 1.0400971174240112 0
          0.23499596118927002 0.6040517091751099 0 0.047013476490974426 0.1385384500026703 0
          0.0010466740932315588 0.002191148465499282 0 0.000010391083378635813 4.5759978029025206e-9 0
          0.000007756197192065883 3.210972966263071e-19 0 0.000006169188054627739 7.646507369235159e-40 0
          0.000005041959866503021 0 0 0.0000045763595153403 0 0
          0.0000043834183998114895 0 0 0.0000032845334771991475 0 0
          0.0000027624762424238725 1.6152902626576093e-10 0 -0.00011279136379016563 0.000025649811504990794 0
          -0.020491715520620346 1.3104745149612427 0 -0.027613550424575806 1.1830558776855469 0
          -0.014295930974185467 0.7547157406806946 0 -0.010155705735087395 0.22227399051189423 0
          -0.021116886287927628 0.010307417251169682 0 -0.013497726060450077 1.544723744473231e-7 0
          -0.009062206372618675 1.0120250948375542e-7 0 -0.012933037243783474 1.381333589733913e-7 0
          -0.01236728671938181 1.341212936267766e-7 0 -0.009977322071790695 1.115134011797636e-7 0
          -0.007989802397787571 1.4363162392783124e-7 0 -0.013444011099636555 2.68442988726747e-7 0
          -0.02379559352993965 3.7695787113989354e-7 0 -0.02541104145348072 2.727518619849434e-7 0
          -0.013557212427258492 1.3467202109040954e-7 0 -0.007394011598080397 2.3191520881482575e-7 0
          -0.01948326826095581 3.275501399002678e-7 0 -0.02882879041135311 3.15976336651147e-7 0
          -0.033780232071876526 -0.015364495106041431 0 -0.035762984305620193 -0.03210636228322983 0
          -0.03946872055530548 -0.05086484178900719 0 -0.04520184546709061 -0.07308946549892426 0
          -0.05268504470586777 -0.09956707060337067 0 -0.06199636682868004 -0.1312781125307083 0
          -0.07308082282543182 -0.16882367432117462 0 -0.1208539754152298 -0.2001689374446869 0
          -0.1363094449043274 -0.2111234813928604 0 -0.155355766415596 -0.23414133489131927 0
          -0.16361293196678162 -0.2740095853805542 0 -0.1789310723543167 -0.3307182490825653 0
          -0.20153610408306122 -0.399361789226532 0 -0.2283608466386795 -0.4767342805862427 0
          -0.2553379535675049 -0.5669187903404236 0 -0.2798596918582916 -0.6610615253448486 0
          -0.2933597266674042 -0.7506142854690552 0 -0.2843245267868042 -0.8367241621017456 0
          -0.24788987636566162 -0.9151502847671509 0 -0.18820829689502716 -0.9652131795883179 0
          -0.10144247114658356 -0.9875361323356628 0 0.026144899427890778 -0.9872440695762634 0
          0.15136592090129852 -0.9224786162376404 0 0.22614018619060516 -0.9183671474456787 0
          0.619209349155426 -1.527566909790039 0 1.4578778743743896 -1.5234936475753784 0
          1.781095027923584 -1.6368188858032227 0 1.7571648359298706 -1.6685988903045654 0
          1.6910759210586548 -1.5830928087234497 0 1.6342405080795288 -1.298075795173645 0
          1.5809146165847778 -0.7280341386795044 0 1.4752190113067627 0.2012273520231247 0
          1.3468554019927979 0.6909908652305603 0 1.3466991186141968 0.6914222836494446 0
          1.0436350107192993 0.8047091960906982 0 0.6294627785682678 0.9038234353065491 0
          1.5183616876602173 2.0943238735198975 0 1.585820198059082 2.993446111679077 0
          1.547582983970642 3.5689585208892822 0 1.4487619400024414 4.148576259613037 0
          1.2807495594024658 4.371468544006348 0 1.0795259475708008 4.647902965545654 0
          0.8799180388450623 4.809173107147217 0 0.6969920992851257 4.962533950805664 0
          0.5382383465766907 4.998680114746094 0 0.40689149498939514 5.049110412597656 0
          0.3016712963581085 5.205340385437012 0 0.21986223757266998 5.240443229675293 0
          0.1552191525697708 5.191626071929932 0 0.10474752634763718 6.138204097747803 0
          0.06560765951871872 6.367123603820801 0 0.036960478872060776 5.347431659698486 0
          0.015085849910974503 5.250063419342041 0 -0.0016567398561164737 5.30722713470459 0
          -0.012911866419017315 5.491578578948975 0 -0.019449926912784576 5.333547115325928 0
          -0.02333099953830242 5.045912742614746 0 -0.025715401396155357 5.45195198059082 0
          -0.024980319663882256 5.644896507263184 0 -0.02249268628656864 5.427530288696289 0
          -0.019512441009283066 5.027900218963623 0 -0.016325952485203743 5.6122660636901855 0
          -0.01443019974976778 5.675790309906006 0 -0.010677967220544815 5.849802017211914 0
          -0.007682297378778458 5.750977993011475 0 -0.005051176529377699 5.728895664215088 0
          0.0009145827498286963 8.677613258361816 0 -0.000011533612450875808 5.748347282409668 0
          0.0011349678970873356 5.708763122558594 0 0.00996317621320486 9.217700958251953 0
          -0.013026421889662743 -0.014485221356153488 0 -0.013626417145133018 -0.02971465513110161 0
          -0.01494603045284748 -0.04685356095433235 0 -0.01681874692440033 -0.0663633719086647 0
          -0.019344529137015343 -0.08924698829650879 0 -0.022467873990535736 -0.11620941758155823 0
          -0.026226352900266647 -0.14788608253002167 0 -0.03834157809615135 -0.18427659571170807 0
          -0.05126643180847168 -0.20952190458774567 0 -0.07512210309505463 -0.2310929298400879 0
          -0.0972491130232811 -0.25315043330192566 0 -0.09652353823184967 -0.29572436213493347 0
          -0.09696879982948303 -0.3620404601097107 0 -0.10013604164123535 -0.44224414229393005 0
          -0.09527259320020676 -0.5564312934875488 0 -0.09412357956171036 -0.677179217338562 0
          -0.11055191606283188 -0.7883127331733704 0 -0.12298686802387238 -0.8909785747528076 0
          -0.12044468522071838 -0.9707973003387451 0 -0.0863187313079834 -1.0317991971969604 0
          -0.029560044407844543 -1.0757150650024414 0 0.04471495375037193 -1.0823752880096436 0
          0.11791817843914032 -1.0456587076187134 0 0.11490833759307861 -0.9175752997398376 0
          0.0017056461656466126 -0.990943968296051 0 -0.0060631525702774525 -1.6055961847305298 0
          1.0587602853775024 -1.4968732595443726 0 1.5081182718276978 -1.3685142993927002 0
          1.5463812351226807 -1.0551888942718506 0 1.4564224481582642 -0.4385836720466614 0
          1.3363738059997559 0.616924524307251 0 1.158590316772461 1.8513749837875366 0
          0.9639186263084412 2.1986162662506104 0 0.4820408225059509 3.515076160430908 0
          0.000303616194287315 4.860482215881348 0 0.003981359768658876 4.912686347961426 0
          0.04138698801398277 5.415236949920654 0 0.11317207664251328 6.293999195098877 0
          0.1546928584575653 6.780878067016602 0 0.1917792409658432 7.182536602020264 0
          0.2667137086391449 7.877597808837891 0 0.23751024901866913 8.538407325744629 0
          0.18881863355636597 8.989194869995117 0 0.14961883425712585 9.249900817871094 0
          0.11880828440189362 9.53068733215332 0 0.09348160028457642 9.586462020874023 0
          0.07428847253322601 9.803263664245605 0 0.057320736348629 9.854888916015625 0
          0.04267057403922081 9.914791107177734 0 0.04863446578383446 9.015318870544434 0
          0.02795013226568699 9.050190925598145 0 0.011632988229393959 9.066609382629395 0
          -0.0012308710720390081 9.075764656066895 0 -0.011179733090102673 9.076942443847656 0
          -0.018445413559675217 9.082220077514648 0 -0.02351769059896469 9.077498435974121 0
          -0.026602422818541527 9.070887565612793 0 -0.027997268363833427 9.065113067626953 0
          -0.028023382648825645 9.059118270874023 0 -0.026951370760798454 9.052096366882324 0
          -0.025108912959694862 9.046685218811035 0 -0.022746048867702484 9.042122840881348 0
          -0.020054850727319717 9.0390043258667 0 -0.017238371074199677 9.037925720214844 0
          -0.014384064823389053 9.038848876953125 0 -0.011647355742752552 9.040070533752441 0
          -0.008895562030375004 9.047188758850098 0 -0.006363015156239271 9.051351547241211 0
          -0.003918088041245937 9.056366920471191 0 -0.0017285593785345554 9.06307315826416 0
          0 -0.009257910773158073 0 0 -0.01904471218585968 0
          0 -0.02965204417705536 0 0 -0.041578907519578934 0
          0 -0.0551484152674675 0 0 -0.07076869159936905 0
          0 -0.08883868157863617 0 0 -0.10979665815830231 0
          0 -0.1671830117702484 0 0 -0.1541174054145813 0
          0 -0.1470203995704651 0 0 -0.15515004098415375 0
          0 -0.1907987743616104 0 0 -0.25388938188552856 0
          0 -0.3314773738384247 0 0 -0.43242108821868896 0
          0 -0.5114108920097351 0 0 -0.597626268863678 0
          0 -0.6760854125022888 0 0 -0.731452465057373 0
          0 -0.750377357006073 0 0 -0.7220598459243774 0
          0 -0.6359391212463379 0 0 -0.5494557023048401 0
          0 -0.5309072136878967 0 0 -0.529483437538147 0
          0 -1.5238163471221924 0 0 -1.6595900058746338 0
          0 -1.1370984315872192 0 0 -0.21327412128448486 0
          0 1.436755895614624 0 0 2.9612300395965576 0
          0 4.052525520324707 0 0 4.831136226654053 0
          0 4.848711013793945 0 0 4.861863613128662 0
          0 4.930593490600586 0 0 5.587990760803223 0
          0 6.723620414733887 0 0 7.356657028198242 0
          0 7.884991645812988 0 0 8.79394817352295 0
          0 9.377182960510254 0 0 9.760769844055176 0
          0 10.010513305664062 0 0 10.250226020812988 0
          0 10.334723472595215 0 0 10.523529052734375 0
          0 10.597814559936523 0 0 10.668364524841309 0
          0 10.659767150878906 0 0 10.684640884399414 0
          0 10.697164535522461 0 0 10.701632499694824 0
          0 10.698481559753418 0 0 10.689863204956055 0
          0 10.67774486541748 0 0 10.663284301757812 0
          0 10.646797180175781 0 0 10.630284309387207 0
          0 10.613905906677246 0 0 10.59825611114502 0
          0 10.58404541015625 0 0 10.571006774902344 0
          0 10.55974006652832 0 0 10.550034523010254 0
          0 10.541999816894531 0 0 10.534934043884277 0
          0 10.530951499938965 0 0 10.529888153076172 0
          <InformationKey name="L2_NORM_RANGE" location="vtkDataArray" length="2">
            <Value index="0">
              0
            </Value>
            <Value index="1">
              10.7016325
            </Value>
          </InformationKey>
        </DataArray>
        <DataArray type="Float32" Name="Solids_Velocity_2" NumberOfComponents="3" format="ascii" RangeMin="0" RangeMax="3.0703396860661605">
          -0.03105969727039337 0.020225265994668007 0 -0.03911575675010681 0.045771524310112 0
          -0.05755850300192833 0.08353186398744583 0 -0.09006650745868683 0.14288181066513062 0
          -0.13619668781757355 0.23289664089679718 0 -0.17130513489246368 0.3462713658809662 0
          -0.3736402988433838 0.6372949481010437 0 -0.4439467191696167 1.0111640691757202 0
          -0.5121803283691406 1.2720065116882324 0 -0.5770428776741028 1.5087591409683228 0
          -0.5641839504241943 1.6660672426223755 0 -0.33848151564598083 1.9024066925048828 0
          -0.05717134475708008 2.186760425567627 0 0.12149731814861298 2.371274709701538 0
          0.2064952403306961 2.492310047149658 0 0.25246551632881165 2.5736639499664307 0
          0.2897892892360687 2.631267786026001 0 0.3272818624973297 2.677961826324463 0
          0.36546581983566284 2.723830223083496 0 0.4022744297981262 2.7739200592041016 0
          0.43549907207489014 2.826620101928711 0 0.4639350473880768 2.8747100830078125 0
          0.48753640055656433 2.9087979793548584 0 0.5070086717605591 2.9211270809173584 0
          0.5230137705802917 2.9037158489227295 0 0.5370326042175293 2.8460586071014404 0
          0.5517194867134094 2.73504638671875 0 0.5672215819358826 2.5559847354888916 0
          0.5752967596054077 2.300736665725708 0 0.5647958517074585 1.9703541994094849 0
          0.5681165456771851 1.4134010076522827 0 0.6611068248748779 0.8782261610031128 0
          0.5655450224876404 -0.6447513103485107 0 0.459494948387146 -2.2290091514587402 0
          0.6699963808059692 -0.017142517492175102 0 0.6699963808059692 -0.017142517492175102 0
          0 0 0 0 0 0
          0 0 0 0 0 0
          0 0 0 0 0 0
          0 0 0 0 0 0
          0 0 0 0 0 0
          0 0 0 0 0 0
          0 0 0 0 0 0
          0 0 0 0 0 0
          0 0 0 0 0 0
          0 0 0 0 0 0
          0 0 0 0 0 0
          0 0 0 0 0 0
          0 0 0 0 0 0
          0 0 0 0 0 0
          0 0 0 0 0 0
          0 0 0 0 0 0
          0 0 0 0 0 0
          -0.06981697678565979 0.0253688283264637 0 -0.08125659078359604 0.052905235439538956 0
          -0.10530515015125275 0.08412768691778183 0 -0.1434868723154068 0.11900795996189117 0
          -0.1957358717918396 0.1578466147184372 0 -0.2642117738723755 0.2188359946012497 0
          -0.3931533694267273 0.23068974912166595 0 -0.47604718804359436 0.25089022517204285 0
          -0.6040553450584412 0.07351530343294144 0 -0.6251317262649536 0.06264755129814148 0
          -0.6562687158584595 0.08633049577474594 0 -0.6189365983009338 0.06902530789375305 0
          -0.42109450697898865 0.1782451570034027 0 -0.1932959109544754 0.3824702203273773 0
          0.0037793691735714674 0.5638135671615601 0 0.14157375693321228 0.7300919890403748 0
          0.2376800775527954 0.8966875672340393 0 0.30989521741867065 1.0668530464172363 0
          0.37400588393211365 1.2426258325576782 0 0.43414801359176636 1.422956943511963 0
          0.49207091331481934 1.6034876108169556 0 0.5493395328521729 1.776948094367981 0
          0.6074490547180176 1.9338889122009277 0 0.6681662201881409 2.0633022785186768 0
          0.7336467504501343 2.1531119346618652 0 0.8063578009605408 2.188772201538086 0
          0.8777723908424377 2.154046058654785 0 0.9303792715072632 2.0337636470794678 0
          0.9608058333396912 1.8004474639892578 0 0.9930259585380554 1.3683468103408813 0
          0.9984599351882935 0.6155914664268494 0 0.8210145831108093 -0.5456085205078125 0
          0.6791342496871948 -1.7314187288284302 0 0.6666953563690186 -2.297226667404175 0
          1.0191642045974731 -1.4026967287063599 0 1.0191642045974731 -1.4026967287063599 0
          0 0 0 0 0 0
          0 0 0 0 0 0
          0 0 0 0 0 0
          0 0 0 0 0 0
          0 0 0 0 0 0
          0 0 0 0 0 0
          0 0 0 0 0 0
          0 0 0 0 0 0
          0 0 0 0 0 0
          0 0 0 0 0 0
          0 0 0 0 0 0
          0 0 0 0 0 0
          0 0 0 0 0 0
          0 0 0 0 0 0
          0 0 0 0 0 0
          0 0 0 0 0 0
          0 0 0 0 0 0
          -0.09399290382862091 0.015623270533978939 0 -0.10516046732664108 0.03106558881700039 0
          -0.1279577761888504 0.04551401361823082 0 -0.1626557856798172 0.0575542151927948 0
          -0.2090620994567871 0.06550849229097366 0 -0.2671023905277252 0.06626401096582413 0
          -0.3393230736255646 0.028808359056711197 0 -0.4060710370540619 -0.020338384434580803 0
          -0.4795384109020233 -0.10863053053617477 0 -0.5096054673194885 -0.19499707221984863 0
          -0.520779550075531 -0.28932663798332214 0 -0.5258941054344177 -0.3441706895828247 0
          -0.4962610900402069 -0.39083871245384216 0 -0.4189038872718811 -0.30871129035949707 0
          -0.3148063123226166 -0.16140620410442352 0 -0.19811689853668213 0.02057432197034359 0
          -0.07598906010389328 0.2110385149717331 0 0.04091929644346237 0.4091489017009735 0
          0.15032626688480377 0.6133745908737183 0 0.24806693196296692 0.8196833729743958 0
          0.34416791796684265 1.0231529474258423 0 0.44286030530929565 1.217066764831543 0
          0.5506277084350586 1.3928354978561401 0 0.6758049130439758 1.5400036573410034 0
          0.8234564661979675 1.6448827981948853 0 0.9857122898101807 1.677616000175476 0
          1.117891788482666 1.6073094606399536 0 1.2058488130569458 1.391119122505188 0
          1.2520899772644043 0.9437801241874695 0 1.1940242052078247 0.14012490212917328 0
          1.0457357168197632 -0.7811901569366455 0 0.905937910079956 -1.5311064720153809 0
          0.8092576265335083 -2.1675355434417725 0 0.7866604328155518 -2.3932459354400635 0
          0.9054778814315796 -1.8963427543640137 0 0.9054778814315796 -1.8963427543640137 0
          0 0 0 0 0 0
          0 0 0 0 0 0
          0 0 0 0 0 0
          0 0 0 0 0 0
          0 0 0 0 0 0
          0 0 0 0 0 0
          0 0 0 0 0 0
          0 0 0 0 0 0
          0 0 0 0 0 0
          0 0 0 0 0 0
          0 0 0 0 0 0
          0 0 0 0 0 0
          0 0 0 0 0 0
          0 0 0 0 0 0
          0 0 0 0 0 0
          0 0 0 0 0 0
          0 0 0 0 0 0
          -0.10095873475074768 0.004232330713421106 0 -0.11060770601034164 0.007266136817634106 0
          -0.12979651987552643 0.007948665879666805 0 -0.15855970978736877 0.00447128526866436 0
          -0.19619376957416534 -0.0049880496226251125 0 -0.24156774580478668 -0.023141097277402878 0
          -0.29267895221710205 -0.05574359744787216 0 -0.3440034091472626 -0.0994189977645874 0
          -0.3914625644683838 -0.16225364804267883 0 -0.42399635910987854 -0.2259368747472763 0
          -0.4407723546028137 -0.2827674448490143 0 -0.44722384214401245 -0.3343532383441925 0
          -0.4592525064945221 -0.40873971581459045 0 -0.4349297881126404 -0.38771480321884155 0
          -0.39993298053741455 -0.3249087631702423 0 -0.35137227177619934 -0.22173839807510376 0
          -0.29314249753952026 -0.07880809158086777 0 -0.2196858823299408 0.09311572462320328 0
          -0.12852375209331512 0.27959108352661133 0 -0.015654897317290306 0.4730798602104187 0
          0.11991240084171295 0.6540353298187256 0 0.26083818078041077 0.8240100741386414 0
          0.4329722821712494 0.974991500377655 0 0.6436693668365479 1.0980221033096313 0
          0.9013634324073792 1.1448456048965454 0 1.1584076881408691 1.0350629091262817 0
          1.3103084564208984 0.750761091709137 0 1.3701138496398926 0.22905787825584412 0
          1.335608720779419 -0.43922796845436096 0 1.2402925491333008 -1.125303864479065 0
          1.120556116104126 -1.6934878826141357 0 1.0014842748641968 -2.0896902084350586 0
          0.9013660550117493 -2.406132698059082 0 0.8468927145004272 -2.5122604370117188 0
          0.8772440552711487 -2.202556610107422 0 0 0 0
          0 0 0 0 0 0
          0 0 0 0 0 0
          0 0 0 0 0 0
          0 0 0 0 0 0
          0 0 0 0 0 0
          0 0 0 0 0 0
          0 0 0 0 0 0
          0 0 0 0 0 0
          0 0 0 0 0 0
          0 0 0 0 0 0
          0 0 0 0 0 0
          0 0 0 0 0 0
          0 0 0 0 0 0
          0 0 0 0 0 0
          0 0 0 0 0 0
          0 0 0 0 0 0
          0 0 0 0 0 0
          -0.09396514296531677 -0.005179262720048428 0 -0.10149560868740082 -0.01161642000079155 0
          -0.11668530851602554 -0.02102798782289028 0 -0.13902956247329712 -0.03466004878282547 0
          -0.16812852025032043 -0.05415743961930275 0 -0.20285062491893768 -0.08088114857673645 0
          -0.2415129393339157 -0.1160907968878746 0 -0.28140297532081604 -0.15951111912727356 0
          -0.31950801610946655 -0.2101525068283081 0 -0.35247093439102173 -0.26154226064682007 0
          -0.3799596130847931 -0.30793291330337524 0 -0.4025111198425293 -0.34855422377586365 0
          -0.4266524910926819 -0.41453734040260315 0 -0.4403647482395172 -0.41785869002342224 0
          -0.44129040837287903 -0.3819637894630432 0 -0.43220824003219604 -0.3203328251838684 0
          -0.40828296542167664 -0.23628731071949005 0 -0.3647398352622986 -0.13133558630943298 0
          -0.29905521869659424 -0.006457025185227394 0 -0.205114483833313 0.13142867386341095 0
          -0.07465332746505737 0.2928454875946045 0 0.11845709383487701 0.430410236120224 0
          0.35658887028694153 0.5507392883300781 0 0.7317582368850708 0.5779240727424622 0
          1.1573554277420044 0.31013166904449463 0 1.359905481338501 -0.09221644699573517 0
          1.4526084661483765 -0.5344823002815247 0 1.4636059999465942 -1.0418827533721924 0
          1.4060407876968384 -1.5142422914505005 0 1.3059618473052979 -1.9134880304336548 0
          1.19029700756073 -2.203296661376953 0 1.0713036060333252 -2.4132726192474365 0
          0.9605633616447449 -2.592043399810791 0 0.8740323781967163 -2.6535565853118896 0
          0.8745770454406738 -2.653000831604004 0 0 0 0
          0 0 0 0 0 0
          0 0 0 0 0 0
          0 0 0 0 0 0
          0 0 0 0 0 0
          0 0 0 0 0 0
          0 0 0 0 0 0
          0 0 0 0 0 0
          0 0 0 0 0 0
          0 0 0 0 0 0
          0 0 0 0 0 0
          0 0 0 0 0 0
          0 0 0 0 0 0
          0 0 0 0 0 0
          0 0 0 0 0 0
          0 0 0 0 0 0
          0 0 0 0 0 0
          0 0 0 0 0 0
          -0.0774226114153862 -0.01137551013380289 0 -0.08305437862873077 -0.024366142228245735 0
          -0.09395624697208405 -0.039923045784235 0 -0.1102919802069664 -0.05976089462637901 0
          -0.13148924708366394 -0.0848350077867508 0 -0.1570560485124588 -0.11610367894172668 0
          -0.1860833615064621 -0.1538946032524109 0 -0.2169589251279831 -0.19788749516010284 0
          -0.24836626648902893 -0.24705392122268677 0 -0.27866071462631226 -0.29823440313339233 0
          -0.3075820207595825 -0.34912553429603577 0 -0.33788394927978516 -0.3952006995677948 0
          -0.37272322177886963 -0.4390539526939392 0 -0.4108468294143677 -0.4999738931655884 0
          -0.43625128269195557 -0.5038787126541138 0 -0.4471949636936188 -0.4879817068576813 0
          -0.44469571113586426 -0.45620933175086975 0 -0.420048326253891 -0.409218430519104 0
          -0.36701926589012146 -0.3470335900783539 0 -0.2747090458869934 -0.26963698863983154 0
          -0.1316755712032318 -0.18085701763629913 0 0.04926839843392372 -0.06732964515686035 0
          0.3750790059566498 0.006848519202321768 0 0.9867569208145142 -0.24949154257774353 0
          1.3820821046829224 -0.831680178642273 0 1.5351402759552002 -1.2160093784332275 0
          1.5800247192382812 -1.5508935451507568 0 1.5503506660461426 -1.8610697984695435 0
          1.4687726497650146 -2.120544195175171 0 1.3590742349624634 -2.3309860229492188 0
          1.2399004697799683 -2.4942777156829834 0 1.1190698146820068 -2.628436803817749 0
          1.0011162757873535 -2.7476279735565186 0 0.8942185044288635 -2.7962348461151123 0
          0.8942948579788208 -2.795999526977539 0 7.589932238261099e-9 0 0
          7.492036403761492e-19 0 0 3.7006470754814797e-39 0 0
          0 0 0 0 0 0
          0 0 0 0 0 0
          0 0 0 0 0 0
          0 0 0 0 0 0
          0 0 0 0 0 0
          0 0 0 0 0 0
          0 0 0 0 0 0
          0 0 0 0 0 0
          0 0 0 0 0 0
          0 0 0 0 0 0
          0 0 0 0 0 0
          0 0 0 0 0 0
          0 0 0 0 0 0
          0 0 0 0 0 0
          0 0 0 0 0 0
          0 0 0 0 0 0
          -0.0562269389629364 -0.01473073661327362 0 -0.05972493812441826 -0.030582794919610023 0
          -0.06696493178606033 -0.04932238161563873 0 -0.07752016931772232 -0.07169079035520554 0
          -0.09149899333715439 -0.09901521354913712 0 -0.10857830196619034 -0.13198673725128174 0
          -0.12850908935070038 -0.17111167311668396 0 -0.150518000125885 -0.21643498539924622 0
          -0.17423738539218903 -0.2672902047634125 0 -0.1992516666650772 -0.32185614109039307 0
          -0.22595569491386414 -0.37827372550964355 0 -0.25577080249786377 -0.43518221378326416 0
          -0.2907232344150543 -0.4922366440296173 0 -0.3312883675098419 -0.5540456771850586 0
          -0.3683623671531677 -0.6243612170219421 0 -0.3952232897281647 -0.6675083637237549 0
          -0.40093865990638733 -0.6951794624328613 0 -0.3847796320915222 -0.7140836119651794 0
          -0.33691802620887756 -0.7208741307258606 0 -0.247251957654953 -0.7111936211585999 0
          -0.11181320995092392 -0.6947731375694275 0 0.05473954230546951 -0.657263457775116 0
          0.30087223649024963 -0.6097727417945862 0 0.7805824875831604 -0.9668756127357483 0
          1.4594687223434448 -1.6232266426086426 0 1.6598228216171265 -1.8776452541351318 0
          1.6661289930343628 -2.0756430625915527 0 1.606492280960083 -2.259826421737671 0
          1.5090404748916626 -2.4215919971466064 0 1.393894076347351 -2.5593583583831787 0
          1.2733080387115479 -2.6737725734710693 0 1.1514358520507812 -2.771271228790283 0
          1.0320128202438354 -2.8521435260772705 0 0.9631677865982056 -2.823674201965332 0
          0.9654940962791443 0.0020524170249700546 0 6.832337806628175e-9 5.548822734624537e-9 0
          6.690362939372302e-19 6.85313243838319e-19 0 3.0441723761084467e-39 4.34347032521506e-39 0
          0.0000011309535921100178 0 0 4.0946854795720355e-9 0 0
          6.058808990724417e-19 0 0 7.768044787642979e-39 0 0
          0 0 0 0 0 0
          0 0 0 0 0 0
          0 0 0 0 0 0
          0 0 0 0 0 0
          0 0 0 0 0 0
          0 0 0 0 0 0
          0 0 0 0 0 0
          0 0 0 0 0 0
          0 0 0 0 0 0
          0 0 0 0 0 0
          0 0 0 0 0 0
          0 0 0 0 0 0
          0 0 0 0 0 0
          0 0 0 0 0 0
          -0.03379207104444504 -0.01536957174539566 0 -0.03578001633286476 -0.03212401270866394 0
          -0.03949107229709625 -0.05088527873158455 0 -0.0452018640935421 -0.07314984500408173 0
          -0.05268429219722748 -0.09965124726295471 0 -0.06199625879526138 -0.13137471675872803 0
          -0.07308658957481384 -0.16899529099464417 0 -0.08604516834020615 -0.21308571100234985 0
          -0.10035374015569687 -0.2635912299156189 0 -0.1167735755443573 -0.320050448179245 0
          -0.13634422421455383 -0.3814800977706909 0 -0.15962889790534973 -0.4472820460796356 0
          -0.18611562252044678 -0.5186566114425659 0 -0.21554945409297943 -0.5977863669395447 0
          -0.2424136847257614 -0.6887109875679016 0 -0.26642554998397827 -0.7791041135787964 0
          -0.278438538312912 -0.8675284385681152 0 -0.2681830823421478 -0.9531394839286804 0
          -0.2293238341808319 -1.0268326997756958 0 -0.16852469742298126 -1.0747792720794678 0
          -0.08500922471284866 -1.087639570236206 0 0.03659626096487045 -1.0716962814331055 0
          0.18947316706180573 -0.9981889128684998 0 0.3166423439979553 -1.0907351970672607 0
          0.7279546856880188 -1.864325761795044 0 1.5428311824798584 -2.1178839206695557 0
          1.7050739526748657 -2.274731397628784 0 1.6311476230621338 -2.426234722137451 0
          1.5270954370498657 -2.559227228164673 0 1.4114803075790405 -2.6696949005126953 0
          1.2908766269683838 -2.758540391921997 0 1.1669093370437622 -2.8303136825561523 0
          1.0484483242034912 -2.8857827186584473 0 1.048446536064148 -2.885324239730835 0
          0.9488655924797058 0.004494727123528719 0 2.536228116412076e-9 3.1812417145005156e-9 0
          2.603131183849784e-19 2.290419430683233e-19 0 1.1861290851277414e-39 0.0000021259227196424035 0
          0.07458518445491791 0.25777554512023926 0 2.6991837653866924e-9 1.099399149495639e-8 0
          4.2401800357229873e-19 2.0651265027955475e-18 0 5.693691460515238e-39 3.41217156972018e-38 0
          0 0 0 0 0 0
          0 0 0 0 0 0
          0 0 0 0 0 0
          0 0 0 0 0 0
          0 0 0 0 0 0
          0 0 0 0 0 0
          0 0 0 0 0 0
          0 0 0 0 0 0
          0 0 0 0 0 0
          0 0 0 0 0 0
          0 0 0 0 0 0
          0 0 0 0 0 0
          0 0 0 0 0 0
          0 0 0 0 0 0
          -0.013031424954533577 -0.014491867274045944 0 -0.013632199726998806 -0.02972901239991188 0
          -0.014955172315239906 -0.04686301201581955 0 -0.016831643879413605 -0.06639929115772247 0
          -0.019365062937140465 -0.08931557089090347 0 -0.022501740604639053 -0.11631645262241364 0
          -0.026284851133823395 -0.1481901854276657 0 -0.030834611505270004 -0.18571361899375916 0
          -0.03627951443195343 -0.22933712601661682 0 -0.04349097982048988 -0.2796124219894409 0
          -0.053808897733688354 -0.33619752526283264 0 -0.06664614379405975 -0.40002667903900146 0
          -0.07715614140033722 -0.4746779799461365 0 -0.08740545809268951 -0.5621969103813171 0
          -0.08390386402606964 -0.6752428412437439 0 -0.09917058050632477 -0.7910956144332886 0
          -0.11431033164262772 -0.9059835076332092 0 -0.12418528646230698 -1.0073186159133911 0
          -0.11877471208572388 -1.0833449363708496 0 -0.08262777328491211 -1.1409730911254883 0
          -0.0241689532995224 -1.180925726890564 0 0.050650596618652344 -1.1892566680908203 0
          0.12715981900691986 -1.146292805671692 0 0.11187665909528732 -1.0117143392562866 0
          0.030902301892638206 -1.178451418876648 0 0.11908134818077087 -1.9365805387496948 0
          1.142217993736267 -2.2944178581237793 0 1.5657566785812378 -2.4320008754730225 0
          1.5018421411514282 -2.5483508110046387 0 1.39475417137146 -2.637312889099121 0
          1.2780218124389648 -2.701458692550659 0 1.157848834991455 -2.7507524490356445 0
          1.1030360460281372 -2.816574811935425 0 1.1031302213668823 -2.7787632942199707 0
          0.9842042922973633 0.01854882389307022 0 1.1041468850336855e-9 5.9927987017260875e-9 0
          1.0330672241106687e-19 6.42756662478844e-19 0 4.933117100824443e-40 2.0030825886863113e-9 0
          2.4804439058279115e-10 2.2012163203299906e-9 0 4.463833323615531e-20 4.37485227727698e-19 0
          5.883659888129896e-40 6.683787298274723e-39 0 0 0 0
          0 0 0 0 0 0
          0 0 0 0 0 0
          0 0 0 0 0 0
          0 0 0 0 0 0
          0 0 0 0 0 0
          0 0 0 0 0 0
          0 0 0 0 0 0
          0 0 0 0 0 0
          0 0 0 0 0 0
          0 0 0 0 0 0
          0 0 0 0 0 0
          0 0 0 0 0 0
          0 0 0 0 0 0
          0 0 0 0 0 0
          0 -0.00926144514232874 0 0 -0.019054925069212914 0
          0 -0.029671987518668175 0 0 -0.041617054492235184 0
          0 -0.05521862208843231 0 0 -0.07089731842279434 0
          0 -0.08906935155391693 0 0 -0.1102660670876503 0
          0 -0.13513484597206116 0 0 -0.16502034664154053 0
          0 -0.2023531049489975 0 0 -0.24909698963165283 0
          0 -0.3047109842300415 0 0 -0.37082770466804504 0
          0 -0.4708152115345001 0 0 -0.5447104573249817 0
          0 -0.6253098249435425 0 0 -0.708491325378418 0
          0 -0.7870269417762756 0 0 -0.840312123298645 0
          0 -0.8551763892173767 0 0 -0.8202682137489319 0
          0 -0.7345035672187805 0 0 -0.6590530872344971 0
          0 -0.6379526257514954 0 0 -0.7165404558181763 0
          0 -1.7033262252807617 0 0 -2.4147398471832275 0
          0 -2.476803779602051 0 0 -2.4789319038391113 0
          0 -2.463554859161377 0 0 -2.456515312194824 0
          0 -2.4538991451263428 0 0 -2.378136396408081 0
          0 0.016705768182873726 0 0 3.7852068146548845e-9 0
          0 2.425963572301645e-19 0 0 7.157272338581704e-21 0
          0 7.660388790295744e-21 0 0 1.3087707267254494e-40 0
          0 0 0 0 0 0
          0 0 0 0 0 0
          0 0 0 0 0 0
          0 0 0 0 0 0
          0 0 0 0 0 0
          0 0 0 0 0 0
          0 0 0 0 0 0
          0 0 0 0 0 0
          0 0 0 0 0 0
          0 0 0 0 0 0
          0 0 0 0 0 0
          0 0 0 0 0 0
          0 0 0 0 0 0
          0 0 0 0 0 0
          0 0 0 0 0 0
          <InformationKey name="L2_NORM_RANGE" location="vtkDataArray" length="2">
            <Value index="0">
              0
            </Value>
            <Value index="1">
              3.0703396861
            </Value>
          </InformationKey>
        </DataArray>
        <DataArray type="Float32" Name="Gas_temperature" format="ascii" RangeMin="1072.271240234375" RangeMax="1099.013427734375">
          1073.150390625 1073.1558837890625 1073.1910400390625 1073.3253173828125 1073.6378173828125 1074.2066650390625
          1086.4674072265625 1073.2413330078125 1074.49169921875 1072.271240234375 1073.114990234375 1073.0616455078125
          1072.913330078125 1072.8463134765625 1072.882080078125 1072.988037109375 1073.12744140625 1073.2698974609375
          1073.393798828125 1073.486328125 1073.5439453125 1073.5706787109375 1073.57470703125 1073.564697265625
          1073.5472412109375 1073.5262451171875 1073.50390625 1073.4808349609375 1073.45751953125 1073.4342041015625
          1073.4110107421875 1073.3900146484375 1073.3966064453125 1073.370849609375 1073.162109375 1073.1387939453125
          1073.1387939453125 1073.1387939453125 1073.1387939453125 1073.1387939453125 1073.1387939453125 1073.1387939453125
          1073.1387939453125 1073.1387939453125 1073.1387939453125 1073.138916015625 1073.138916015625 1073.138916015625
          1073.138916015625 1073.138916015625 1073.138916015625 1073.138916015625 1073.138916015625 1073.138916015625
          1073.138916015625 1073.138916015625 1073.138916015625 1073.138916015625 1073.138916015625 1073.138916015625
          1073.138916015625 1073.138916015625 1073.138916015625 1073.138916015625 1073.138916015625 1073.138916015625
          1073.138916015625 1073.138916015625 1073.138916015625 1073.138916015625 1073.1512451171875 1073.1646728515625
          1073.23583984375 1073.448486328125 1073.833740234375 1074.301025390625 1075.3939208984375 1076.0172119140625
          1074.77001953125 1095.1727294921875 1075.7847900390625 1073.7608642578125 1073.6185302734375 1073.5784912109375
          1073.5535888671875 1073.535400390625 1073.5244140625 1073.515869140625 1073.507080078125 1073.496826171875
          1073.4852294921875 1073.4727783203125 1073.46044921875 1073.44873046875 1073.4384765625 1073.4298095703125
          1073.4228515625 1073.4168701171875 1073.4107666015625 1073.4039306640625 1073.3983154296875 1073.3919677734375
          1073.399169921875 1073.380126953125 1073.177490234375 1073.1356201171875 1073.132568359375 1073.12939453125
          1073.126220703125 1073.1236572265625 1073.1214599609375 1073.1197509765625 1073.1185302734375 1073.11767578125
          1073.1171875 1073.1168212890625 1073.11669921875 1073.1165771484375 1073.116455078125 1073.116455078125
          1073.116455078125 1073.1163330078125 1073.1163330078125 1073.1163330078125 1073.1163330078125 1073.1163330078125
          1073.1163330078125 1073.1163330078125 1073.1163330078125 1073.1163330078125 1073.1163330078125 1073.116455078125
          1073.116455078125 1073.116455078125 1073.116455078125 1073.116455078125 1073.116455078125 1073.116455078125
          1073.116455078125 1073.116455078125 1073.153564453125 1073.1873779296875 1073.3387451171875 1073.7060546875
          1074.2205810546875 1074.6634521484375 1074.8819580078125 1075.5572509765625 1076.5662841796875 1090.74609375
          1074.1851806640625 1073.448974609375 1073.4058837890625 1073.3974609375 1073.39599609375 1073.3956298828125
          1073.3939208984375 1073.3905029296875 1073.38623046875 1073.3819580078125 1073.3779296875 1073.37451171875
          1073.372314453125 1073.371826171875 1073.373046875 1073.3760986328125 1073.380615234375 1073.3863525390625
          1073.3922119140625 1073.3966064453125 1073.396240234375 1073.3931884765625 1073.39404296875 1073.3797607421875
          1073.2127685546875 1073.1361083984375 1073.1309814453125 1073.1263427734375 1073.12158203125 1073.117431640625
          1073.1138916015625 1073.1112060546875 1073.109619140625 1073.10888671875 1073.108642578125 1073.1085205078125
          1073.1085205078125 1073.1085205078125 1073.1085205078125 1073.1085205078125 1073.1085205078125 1073.1085205078125
          1073.1083984375 1073.1083984375 1073.1082763671875 1073.1082763671875 1073.108154296875 1073.1080322265625
          1073.1077880859375 1073.107666015625 1073.107421875 1073.1072998046875 1073.1070556640625 1073.10693359375
          1073.1068115234375 1073.106689453125 1073.1065673828125 1073.1065673828125 1073.1064453125 1073.1064453125
          1073.1591796875 1073.2337646484375 1073.5052490234375 1074.01953125 1074.557373046875 1074.87548828125
          1074.978759765625 1079.2618408203125 1085.361328125 1086.145751953125 1073.6290283203125 1073.35400390625
          1073.344970703125 1073.3463134765625 1073.3472900390625 1073.34716796875 1073.345947265625 1073.344482421875
          1073.3426513671875 1073.34033203125 1073.33837890625 1073.337646484375 1073.3392333984375 1073.3436279296875
          1073.3507080078125 1073.3602294921875 1073.3726806640625 1073.3856201171875 1073.393798828125 1073.3956298828125
          1073.3939208984375 1073.39111328125 1073.38818359375 1073.376708984375 1073.24755859375 1073.157958984375
          1073.1378173828125 1073.1295166015625 1073.123779296875 1073.11865234375 1073.113525390625 1073.111572265625
          1073.1119384765625 1073.1134033203125 1073.1143798828125 1073.115234375 1073.115966796875 1073.1165771484375
          1073.1173095703125 1073.117919921875 1073.1185302734375 1073.1190185546875 1073.1195068359375 1073.1197509765625
          1073.119873046875 1073.1199951171875 1073.1199951171875 1073.119873046875 1073.11962890625 1073.119384765625
          1073.119140625 1073.1190185546875 1073.1187744140625 1073.11865234375 1073.1185302734375 1073.118408203125
          1073.118408203125 1073.1182861328125 1073.1182861328125 1073.1182861328125 1073.1710205078125 1073.3104248046875
          1073.699462890625 1074.25927734375 1074.717529296875 1074.9466552734375 1075.0230712890625 1094.2838134765625
          1096.9166259765625 1076.44775390625 1073.378173828125 1073.3468017578125 1073.351318359375 1073.353759765625
          1073.3533935546875 1073.3509521484375 1073.3470458984375 1073.3421630859375 1073.3363037109375 1073.3299560546875
          1073.324951171875 1073.32470703125 1073.3306884765625 1073.341796875 1073.355224609375 1073.37060546875
          1073.3828125 1073.3902587890625 1073.392822265625 1073.39208984375 1073.389892578125 1073.3870849609375
          1073.3829345703125 1073.3729248046875 1073.2813720703125 1073.19384765625 1073.1593017578125 1073.1431884765625
          1073.1337890625 1073.1273193359375 1073.1220703125 1073.1185302734375 1073.1163330078125 1073.114990234375
          1073.1142578125 1073.1142578125 1073.1151123046875 1073.1158447265625 1073.1160888671875 1073.1162109375
          1073.1171875 1073.119140625 1073.1217041015625 1073.124267578125 1073.1260986328125 1073.1273193359375
          1073.1280517578125 1073.12841796875 1073.1285400390625 1073.12841796875 1073.1279296875 1073.1273193359375
          1073.12646484375 1073.1256103515625 1073.12451171875 1073.1236572265625 1073.122802734375 1073.1220703125
          1073.12158203125 1073.1214599609375 1073.184814453125 1073.373779296875 1073.80517578125 1074.3419189453125
          1074.7564697265625 1074.9788818359375 1077.554443359375 1080.705078125 1090.6033935546875 1073.763427734375
          1073.3551025390625 1073.3536376953125 1073.357177734375 1073.3580322265625 1073.35595703125 1073.351806640625
          1073.346435546875 1073.34033203125 1073.3336181640625 1073.326904296875 1073.321533203125 1073.325439453125
          1073.340576171875 1073.359130859375 1073.3704833984375 1073.3812255859375 1073.3868408203125 1073.3890380859375
          1073.388916015625 1073.3876953125 1073.3856201171875 1073.3828125 1073.3778076171875 1073.3682861328125
          1073.311279296875 1073.2366943359375 1073.195068359375 1073.171142578125 1073.1561279296875 1073.1461181640625
          1073.138916015625 1073.133544921875 1073.129638671875 1073.12646484375 1073.1240234375 1073.1219482421875
          1073.1202392578125 1073.1190185546875 1073.1180419921875 1073.1175537109375 1073.1173095703125 1073.1175537109375
          1073.1182861328125 1073.119140625 1073.120361328125 1073.121826171875 1073.1236572265625 1073.1258544921875
          1073.1282958984375 1073.1307373046875 1073.1334228515625 1073.135986328125 1073.1383056640625 1073.140380859375
          1073.1419677734375 1073.1429443359375 1073.1431884765625 1073.142822265625 1073.1416015625 1073.139892578125
          1073.1861572265625 1073.369384765625 1073.7725830078125 1074.284912109375 1074.724853515625 1075.017822265625
          1078.510498046875 1086.595703125 1086.1357421875 1073.5848388671875 1073.3638916015625 1073.358642578125
          1073.36083984375 1073.36083984375 1073.35791015625 1073.3531494140625 1073.3472900390625 1073.341064453125
          1073.3355712890625 1073.3328857421875 1073.3350830078125 1073.3433837890625 1073.3555908203125 1073.368408203125
          1073.378173828125 1073.38330078125 1073.385009765625 1073.3853759765625 1073.3846435546875 1073.3834228515625
          1073.381591796875 1073.37841796875 1073.3731689453125 1073.3648681640625 1073.33837890625 1073.279052734375
          1073.2376708984375 1073.209716796875 1073.190185546875 1073.1761474609375 1073.166015625 1073.158203125
          1073.1522216796875 1073.1473388671875 1073.1431884765625 1073.1396484375 1073.136474609375 1073.1337890625
          1073.13134765625 1073.1292724609375 1073.1275634765625 1073.1260986328125 1073.125 1073.1241455078125
          1073.123779296875 1073.1236572265625 1073.123779296875 1073.1241455078125 1073.1248779296875 1073.1259765625
          1073.1275634765625 1073.1295166015625 1073.1318359375 1073.134521484375 1073.137451171875 1073.140625
          1073.143798828125 1073.1470947265625 1073.1502685546875 1073.1534423828125 1073.1734619140625 1073.3006591796875
          1073.61181640625 1074.0777587890625 1074.579833984375 1075.0216064453125 1075.3931884765625 1099.013427734375
          1082.67236328125 1073.7392578125 1073.386962890625 1073.3631591796875 1073.36328125 1073.3643798828125
          1073.362060546875 1073.357666015625 1073.35205078125 1073.3460693359375 1073.341552734375 1073.34033203125
          1073.343505859375 1073.3507080078125 1073.35986328125 1073.369140625 1073.377197265625 1073.3807373046875
          1073.3814697265625 1073.38134765625 1073.3807373046875 1073.379638671875 1073.377685546875 1073.3746337890625
          1073.3701171875 1073.3643798828125 1073.355224609375 1073.3209228515625 1073.2840576171875 1073.2548828125
          1073.23291015625 1073.2159423828125 1073.202880859375 1073.1925048828125 1073.1842041015625 1073.1771240234375
          1073.1712646484375 1073.166015625 1073.1614990234375 1073.157470703125 1073.1539306640625 1073.1505126953125
          1073.1474609375 1073.1448974609375 1073.1427001953125 1073.1407470703125 1073.1390380859375 1073.1376953125
          1073.13671875 1073.1358642578125 1073.1353759765625 1073.13525390625 1073.135498046875 1073.1358642578125
          1073.1365966796875 1073.1376953125 1073.1392822265625 1073.141357421875 1073.1436767578125 1073.146484375
          1073.1495361328125 1073.152587890625 1073.1580810546875 1073.2105712890625 1073.3756103515625 1073.710693359375
          1074.2080078125 1074.77685546875 1075.2515869140625 1077.109130859375 1081.4354248046875 1088.8253173828125
          1073.7698974609375 1073.3773193359375 1073.362548828125 1073.36767578125 1073.3685302734375 1073.365966796875
          1073.361328125 1073.35546875 1073.35009765625 1073.3466796875 1073.3465576171875 1073.35009765625
          1073.356201171875 1073.3631591796875 1073.369384765625 1073.3743896484375 1073.37744140625 1073.377685546875
          1073.377197265625 1073.3760986328125 1073.374267578125 1073.371826171875 1073.3687744140625 1073.365478515625
          1073.36181640625 1073.35400390625 1073.3399658203125 1073.3223876953125 1073.3045654296875 1073.28857421875
          1073.274658203125 1073.2628173828125 1073.252685546875 1073.243896484375 1073.236083984375 1073.22900390625
          1073.2225341796875 1073.216552734375 1073.2109375 1073.2056884765625 1073.2008056640625 1073.1961669921875
          1073.1920166015625 1073.1881103515625 1073.1846923828125 1073.1815185546875 1073.178955078125 1073.1766357421875
          1073.1748046875 1073.17333984375 1073.1722412109375 1073.1715087890625 1073.17138671875 1073.171630859375
          1073.17236328125 1073.173583984375 1073.1754150390625 1073.177734375 1073.1802978515625 1073.18310546875
          1073.150634765625 1073.156005859375 1073.1793212890625 1073.25830078125 1073.4813232421875 1073.9735107421875
          1074.7904052734375 1075.899658203125 1086.683349609375 1080.953369140625 1083.0826416015625 1073.775634765625
          1073.346923828125 1073.3582763671875 1073.3717041015625 1073.3778076171875 1073.377685546875 1073.3729248046875
          1073.365966796875 1073.3594970703125 1073.3544921875 1073.3515625 1073.351318359375 1073.3536376953125
          1073.3577880859375 1073.363037109375 1073.367919921875 1073.3712158203125 1073.3717041015625 1073.3709716796875
          1073.369384765625 1073.367431640625 1073.3653564453125 1073.3634033203125 1073.361572265625 1073.359375
          1073.356689453125 1073.3531494140625 1073.3487548828125 1073.343994140625 1073.339111328125 1073.3343505859375
          1073.329833984375 1073.32568359375 1073.3218994140625 1073.3182373046875 1073.314697265625 1073.3114013671875
          1073.3082275390625 1073.3050537109375 1073.3018798828125 1073.2989501953125 1073.2960205078125 1073.293212890625
          1073.29052734375 1073.2879638671875 1073.28564453125 1073.2835693359375 1073.2816162109375 1073.2799072265625
          1073.2784423828125 1073.2772216796875 1073.2763671875 1073.275634765625 1073.275146484375 1073.27490234375
          1073.274658203125 1073.2745361328125 1073.2745361328125 1073.274658203125
        </DataArray>
        <DataArray type="Float32" Name="Solids_temperature_1" format="ascii" RangeMin="903.4486694335938" RangeMax="1075.65234375">
          1073.1500244140625 1073.1500244140625 1073.1500244140625 1073.2347412109375 1073.637451171875 903.4486694335938
          903.5376586914062 949.4761962890625 963.4539184570312 965.3084106445312 1050.4248046875 1067.1375732421875
          1071.08203125 1072.22998046875 1072.6605224609375 1072.8970947265625 1073.079345703125 1073.236572265625
          1073.3675537109375 1073.4666748046875 1073.5311279296875 1073.5643310546875 1073.572998046875 1073.5654296875
          1073.548583984375 1073.5274658203125 1073.5047607421875 1073.4814453125 1073.457763671875 1073.434326171875
          1073.410888671875 1073.39013671875 1073.396728515625 1073.3751220703125 1073.3612060546875 1073.3392333984375
          1073.1392822265625 1073.139404296875 1073.1392822265625 1073.1397705078125 1073.139404296875 1073.1422119140625
          1073.098876953125 1073.1182861328125 1073.12890625 1073.144287109375 1073.1500244140625 1073.1500244140625
          1073.1500244140625 1073.1500244140625 1073.1500244140625 1073.1500244140625 1073.1500244140625 1073.1500244140625
          1073.1500244140625 1073.1500244140625 1073.1500244140625 1073.1500244140625 1073.1500244140625 1073.1500244140625
          1073.1500244140625 1073.1500244140625 1073.1500244140625 1073.1500244140625 1073.1500244140625 1073.1500244140625
          1073.1500244140625 1073.1500244140625 1073.1500244140625 1073.1500244140625 1073.1500244140625 1073.1500244140625
          1073.1500244140625 1073.2637939453125 1073.8330078125 1074.299072265625 903.8251953125 1012.1394653320312
          1074.6983642578125 1075.65234375 1073.968505859375 1073.6929931640625 1073.613525390625 1073.5657958984375
          1073.540283203125 1073.5255126953125 1073.5172119140625 1073.51123046875 1073.5048828125 1073.4967041015625
          1073.4862060546875 1073.4742431640625 1073.4617919921875 1073.449951171875 1073.4393310546875 1073.430419921875
          1073.423095703125 1073.4169921875 1073.410888671875 1073.404052734375 1073.3983154296875 1073.39208984375
          1073.399169921875 1073.3807373046875 1073.3634033203125 1073.3499755859375 1073.1351318359375 1073.1368408203125
          1073.140869140625 1073.130126953125 1073.138916015625 1072.9537353515625 1073.0361328125 1073.046630859375
          1073.0594482421875 1073.1494140625 1073.1500244140625 1073.1500244140625 1073.1500244140625 1073.1500244140625
          1073.1500244140625 1073.1500244140625 1073.1500244140625 1073.1500244140625 1073.1500244140625 1073.1500244140625
          1073.1500244140625 1073.1500244140625 1073.1500244140625 1073.1500244140625 1073.1500244140625 1073.1500244140625
          1073.1500244140625 1073.1500244140625 1073.1500244140625 1073.1500244140625 1073.1500244140625 1073.1500244140625
          1073.1500244140625 1073.1500244140625 1073.1500244140625 1073.1500244140625 1073.1524658203125 1073.705810546875
          1074.2203369140625 1074.6624755859375 1074.8797607421875 1074.8116455078125 1074.739990234375 1074.915771484375
          1073.6134033203125 1073.439208984375 1073.4052734375 1073.3968505859375 1073.395263671875 1073.394775390625
          1073.3934326171875 1073.390380859375 1073.38623046875 1073.3819580078125 1073.3779296875 1073.3746337890625
          1073.3724365234375 1073.371826171875 1073.373046875 1073.3760986328125 1073.380615234375 1073.38623046875
          1073.3922119140625 1073.396728515625 1073.3963623046875 1073.393310546875 1073.394287109375 1073.380126953125
          1073.364501953125 1073.360107421875 1073.1341552734375 1073.1378173828125 1073.133056640625 1073.12939453125
          1073.139404296875 1072.9111328125 1072.997802734375 1073.009521484375 1073.146728515625 1073.1500244140625
          1073.1500244140625 1073.1500244140625 1073.1500244140625 1073.1500244140625 1073.1500244140625 1073.1500244140625
          1073.1500244140625 1073.1500244140625 1073.1500244140625 1073.1500244140625 1073.1500244140625 1073.1500244140625
          1073.1500244140625 1073.1500244140625 1073.1500244140625 1073.1500244140625 1073.1500244140625 1073.1500244140625
          1073.1500244140625 1073.1500244140625 1073.1500244140625 1073.1500244140625 1073.1500244140625 1073.1500244140625
          1073.1500244140625 1073.1500244140625 1073.1846923828125 1074.0194091796875 1074.5572509765625 1074.8751220703125
          1074.9779052734375 1075.0875244140625 1075.0531005859375 1074.4873046875 1073.425048828125 1073.3515625
          1073.3450927734375 1073.346435546875 1073.3475341796875 1073.3472900390625 1073.3460693359375 1073.3446044921875
          1073.3426513671875 1073.3404541015625 1073.33837890625 1073.337646484375 1073.3392333984375 1073.34375
          1073.3507080078125 1073.3602294921875 1073.37255859375 1073.385498046875 1073.3936767578125 1073.395751953125
          1073.39404296875 1073.391357421875 1073.388427734375 1073.37744140625 1073.3651123046875 1073.190185546875
          1073.1409912109375 1073.1539306640625 1073.1337890625 1073.1376953125 1073.138427734375 1073.13671875
          1073.0118408203125 1073.045654296875 1073.1475830078125 1073.1500244140625 1073.1500244140625 1073.1500244140625
          1073.1500244140625 1073.1500244140625 1073.1500244140625 1073.1500244140625 1073.1500244140625 1073.1500244140625
          1073.1500244140625 1073.1500244140625 1073.1500244140625 1073.1500244140625 1073.1500244140625 1073.1500244140625
          1073.1500244140625 1073.1500244140625 1073.1500244140625 1073.1500244140625 1073.1500244140625 1073.1500244140625
          1073.1500244140625 1073.1500244140625 1073.1500244140625 1073.1500244140625 1073.1500244140625 1073.150146484375
          1073.6650390625 1074.2591552734375 1074.717529296875 1074.946533203125 1075.0228271484375 1075.4532470703125
          1075.4886474609375 1073.685302734375 1073.3482666015625 1073.3465576171875 1073.3514404296875 1073.3538818359375
          1073.3536376953125 1073.3511962890625 1073.3472900390625 1073.3424072265625 1073.3365478515625 1073.3302001953125
          1073.3251953125 1073.324951171875 1073.3306884765625 1073.341796875 1073.3551025390625 1073.3701171875
          1073.382568359375 1073.39013671875 1073.3929443359375 1073.392333984375 1073.39013671875 1073.3873291015625
          1073.3834228515625 1073.37841796875 1073.2821044921875 1073.1444091796875 1073.1422119140625 1073.154296875
          1073.1541748046875 1073.164794921875 1073.1365966796875 1073.1343994140625 1073.01953125 1073.1317138671875
          1073.1500244140625 1073.1500244140625 1073.1500244140625 1073.1500244140625 1073.1500244140625 1073.1500244140625
          1073.14990234375 1073.14990234375 1073.1500244140625 1073.1500244140625 1073.1500244140625 1073.1497802734375
          1073.1494140625 1073.1490478515625 1073.149169921875 1073.1490478515625 1073.14892578125 1073.14892578125
          1073.14892578125 1073.14892578125 1073.1488037109375 1073.148681640625 1073.148681640625 1073.148681640625
          1073.148681640625 1073.1488037109375 1073.1500244140625 1073.1689453125 1073.804931640625 1074.3419189453125
          1074.7564697265625 1074.9788818359375 1075.10302734375 1075.0477294921875 1075.0810546875 1073.410400390625
          1073.35205078125 1073.353759765625 1073.357421875 1073.3582763671875 1073.3560791015625 1073.35205078125
          1073.3466796875 1073.340576171875 1073.3338623046875 1073.3271484375 1073.321533203125 1073.3255615234375
          1073.3406982421875 1073.35888671875 1073.3701171875 1073.3807373046875 1073.38671875 1073.3892822265625
          1073.38916015625 1073.3878173828125 1073.3857421875 1073.383056640625 1073.378662109375 1073.375
          1073.3121337890625 1073.17236328125 1073.139892578125 1073.1513671875 1073.1904296875 1073.1646728515625
          1073.14697265625 1073.1361083984375 1073.133056640625 1073.130615234375 1073.127197265625 1073.1236572265625
          1073.1253662109375 1073.1236572265625 1073.1285400390625 1073.1318359375 1073.121826171875 1073.1256103515625
          1073.1373291015625 1073.1480712890625 1073.145751953125 1073.124267578125 1073.1265869140625 1073.1287841796875
          1073.1278076171875 1073.1282958984375 1073.1318359375 1073.1329345703125 1073.130615234375 1073.1285400390625
          1073.12646484375 1073.12451171875 1073.1234130859375 1073.1239013671875 1073.1256103515625 1073.127685546875
          1073.1500244140625 1073.1705322265625 1073.772216796875 1074.2847900390625 1074.724853515625 1075.017822265625
          1075.36474609375 1075.410888671875 1074.7626953125 1073.4345703125 1073.36279296875 1073.3587646484375
          1073.3609619140625 1073.361083984375 1073.358154296875 1073.3533935546875 1073.3475341796875 1073.3411865234375
          1073.3358154296875 1073.3330078125 1073.3350830078125 1073.34326171875 1073.3555908203125 1073.368408203125
          1073.3779296875 1073.38330078125 1073.3851318359375 1073.385498046875 1073.384765625 1073.383544921875
          1073.3817138671875 1073.3787841796875 1073.3739013671875 1073.3707275390625 1073.3385009765625 1073.2030029296875
          1073.1632080078125 1073.1693115234375 1073.17333984375 1073.1746826171875 1073.1658935546875 1073.1580810546875
          1073.150146484375 1073.1409912109375 1073.1326904296875 1073.1265869140625 1073.125 1073.1348876953125
          1073.1546630859375 1073.162841796875 1073.14794921875 1073.1280517578125 1073.1239013671875 1073.1240234375
          1073.123779296875 1073.1236572265625 1073.123779296875 1073.1412353515625 1073.140380859375 1073.1402587890625
          1073.1395263671875 1073.1387939453125 1073.1383056640625 1073.138916015625 1073.1400146484375 1073.1400146484375
          1073.1380615234375 1073.1378173828125 1073.1407470703125 1073.156494140625 1073.1500244140625 1073.1500244140625
          1073.40869140625 1074.07763671875 1074.579833984375 1075.0216064453125 1075.3931884765625 1075.1705322265625
          1074.57275390625 1073.5819091796875 1073.38525390625 1073.36328125 1073.3634033203125 1073.364501953125
          1073.3623046875 1073.35791015625 1073.352294921875 1073.3463134765625 1073.341796875 1073.3404541015625
          1073.343505859375 1073.3507080078125 1073.3599853515625 1073.369140625 1073.377197265625 1073.3807373046875
          1073.381591796875 1073.3814697265625 1073.380859375 1073.3797607421875 1073.3779296875 1073.3751220703125
          1073.3712158203125 1073.3682861328125 1073.3553466796875 1073.3209228515625 1073.2840576171875 1073.2537841796875
          1073.2291259765625 1073.2093505859375 1073.1973876953125 1073.186279296875 1073.1771240234375 1073.169921875
          1073.164306640625 1073.15966796875 1073.1556396484375 1073.152587890625 1073.1497802734375 1073.1463623046875
          1073.1436767578125 1073.1424560546875 1073.1409912109375 1073.139404296875 1073.1380615234375 1073.1370849609375
          1073.1363525390625 1073.1357421875 1073.13525390625 1073.13525390625 1073.135498046875 1073.1361083984375
          1073.1368408203125 1073.1380615234375 1073.1396484375 1073.1417236328125 1073.1446533203125 1073.1470947265625
          1073.1500244140625 1073.1536865234375 1073.1500244140625 1073.1500244140625 1073.1748046875 1073.710205078125
          1074.207763671875 1074.7767333984375 1075.2515869140625 1075.41748046875 1075.3623046875 1075.0865478515625
          1073.5013427734375 1073.3753662109375 1073.36279296875 1073.3677978515625 1073.36865234375 1073.3662109375
          1073.3614501953125 1073.355712890625 1073.3502197265625 1073.3468017578125 1073.3465576171875 1073.35009765625
          1073.3563232421875 1073.36328125 1073.369384765625 1073.3743896484375 1073.37744140625 1073.377685546875
          1073.3773193359375 1073.376220703125 1073.3746337890625 1073.3724365234375 1073.3697509765625 1073.3668212890625
          1073.3626708984375 1073.3541259765625 1073.340087890625 1073.322509765625 1073.3046875 1073.2886962890625
          1073.2747802734375 1073.262939453125 1073.2528076171875 1073.243896484375 1073.236083984375 1073.2291259765625
          1073.22265625 1073.2166748046875 1073.2110595703125 1073.205810546875 1073.2008056640625 1073.1962890625
          1073.1920166015625 1073.1881103515625 1073.1846923828125 1073.181640625 1073.178955078125 1073.1766357421875
          1073.1748046875 1073.17333984375 1073.1722412109375 1073.171630859375 1073.17138671875 1073.171630859375
          1073.17236328125 1073.1737060546875 1073.175537109375 1073.177734375 1073.1802978515625 1073.1832275390625
          1073.1500244140625 1073.1500244140625 1073.1500244140625 1073.1514892578125 1073.17431640625 1073.23388671875
          1073.3167724609375 1073.5977783203125 1075.362548828125 1074.755615234375 1074.640869140625 1073.5052490234375
          1073.3450927734375 1073.3583984375 1073.371826171875 1073.3779296875 1073.3779296875 1073.373046875
          1073.3662109375 1073.359619140625 1073.3546142578125 1073.3516845703125 1073.351318359375 1073.353759765625
          1073.35791015625 1073.363037109375 1073.367919921875 1073.371337890625 1073.3717041015625 1073.37109375
          1073.369873046875 1073.3681640625 1073.366455078125 1073.36474609375 1073.363037109375 1073.361328125
          1073.3568115234375 1073.353271484375 1073.348876953125 1073.3441162109375 1073.3392333984375 1073.33447265625
          1073.3299560546875 1073.3258056640625 1073.322021484375 1073.318359375 1073.3148193359375 1073.3115234375
          1073.308349609375 1073.30517578125 1073.302001953125 1073.299072265625 1073.296142578125 1073.2933349609375
          1073.2906494140625 1073.2880859375 1073.2857666015625 1073.28369140625 1073.28173828125 1073.280029296875
          1073.278564453125 1073.27734375 1073.2764892578125 1073.2757568359375 1073.2752685546875 1073.2750244140625
          1073.2747802734375 1073.274658203125 1073.274658203125 1073.274658203125
        </DataArray>
        <DataArray type="Float32" Name="Solids_temperature_2" format="ascii" RangeMin="1072.7144775390625" RangeMax="1077.1103515625">
          1073.150390625 1073.1558837890625 1073.1910400390625 1073.3250732421875 1073.636474609375 1074.0390625
          1074.0792236328125 1073.8968505859375 1073.7340087890625 1073.5208740234375 1073.35400390625 1073.1527099609375
          1072.9464111328125 1072.8585205078125 1072.8887939453125 1072.9949951171875 1073.1351318359375 1073.277587890625
          1073.400390625 1073.4910888671875 1073.546630859375 1073.5716552734375 1073.57470703125 1073.5643310546875
          1073.5467529296875 1073.52587890625 1073.503662109375 1073.480712890625 1073.4573974609375 1073.4342041015625
          1073.4110107421875 1073.39013671875 1073.396728515625 1073.3843994140625 1073.3406982421875 1073.3406982421875
          1073.182861328125 1073.273193359375 1073.212158203125 1073.139404296875 1073.140380859375 1073.1429443359375
          1073.1204833984375 1072.8233642578125 1072.7523193359375 1073.1500244140625 1073.1500244140625 1073.1500244140625
          1073.1500244140625 1073.1500244140625 1073.1500244140625 1073.1500244140625 1073.1500244140625 1073.1500244140625
          1073.1500244140625 1073.1500244140625 1073.1500244140625 1073.1500244140625 1073.1500244140625 1073.1500244140625
          1073.1500244140625 1073.1500244140625 1073.1500244140625 1073.1500244140625 1073.1500244140625 1073.1500244140625
          1073.1500244140625 1073.1500244140625 1073.1500244140625 1073.1500244140625 1073.1512451171875 1073.1646728515625
          1073.23583984375 1073.448486328125 1073.833251953125 1074.299072265625 1074.6962890625 1074.8397216796875
          1074.7196044921875 1074.613525390625 1073.89208984375 1073.689208984375 1073.6158447265625 1073.5784912109375
          1073.5535888671875 1073.535400390625 1073.5244140625 1073.5159912109375 1073.507080078125 1073.4967041015625
          1073.4849853515625 1073.4725341796875 1073.4600830078125 1073.448486328125 1073.438232421875 1073.4296875
          1073.4227294921875 1073.4168701171875 1073.410888671875 1073.404052734375 1073.3983154296875 1073.39208984375
          1073.3994140625 1073.3824462890625 1073.3409423828125 1073.3409423828125 1073.166748046875 1073.2469482421875
          1073.1907958984375 1073.3052978515625 1073.1295166015625 1072.953125 1073.0430908203125 1072.83740234375
          1072.7396240234375 1073.1500244140625 1073.1500244140625 1073.1500244140625 1073.1500244140625 1073.1500244140625
          1073.1500244140625 1073.1500244140625 1073.1500244140625 1073.1500244140625 1073.1500244140625 1073.1500244140625
          1073.1500244140625 1073.1500244140625 1073.1500244140625 1073.1500244140625 1073.1500244140625 1073.1500244140625
          1073.1500244140625 1073.1500244140625 1073.1500244140625 1073.1500244140625 1073.1500244140625 1073.1500244140625
          1073.1500244140625 1073.1500244140625 1073.153564453125 1073.1873779296875 1073.3387451171875 1073.7061767578125
          1074.2205810546875 1074.66259765625 1074.8797607421875 1074.8984375 1074.6502685546875 1074.3209228515625
          1073.5936279296875 1073.439453125 1073.4058837890625 1073.3975830078125 1073.3961181640625 1073.395751953125
          1073.39404296875 1073.3905029296875 1073.38623046875 1073.3819580078125 1073.3779296875 1073.37451171875
          1073.372314453125 1073.3717041015625 1073.373046875 1073.3760986328125 1073.380615234375 1073.3863525390625
          1073.392333984375 1073.396728515625 1073.3963623046875 1073.393310546875 1073.3944091796875 1073.380126953125
          1073.3443603515625 1073.3443603515625 1073.14697265625 1073.1944580078125 1073.1551513671875 1073.309326171875
          1073.1312255859375 1072.9202880859375 1072.9990234375 1072.83837890625 1073.1500244140625 1073.1500244140625
          1073.1500244140625 1073.1500244140625 1073.1500244140625 1073.1500244140625 1073.1500244140625 1073.1500244140625
          1073.1500244140625 1073.1500244140625 1073.1500244140625 1073.1500244140625 1073.1500244140625 1073.1500244140625
          1073.1500244140625 1073.1500244140625 1073.1500244140625 1073.1500244140625 1073.1500244140625 1073.1500244140625
          1073.1500244140625 1073.1500244140625 1073.1500244140625 1073.1500244140625 1073.1500244140625 1073.1500244140625
          1073.1591796875 1073.2337646484375 1073.50537109375 1074.019775390625 1074.5574951171875 1074.875244140625
          1074.9779052734375 1074.96484375 1074.6392822265625 1074.01416015625 1073.4161376953125 1073.3514404296875
          1073.3450927734375 1073.346435546875 1073.347412109375 1073.3472900390625 1073.3460693359375 1073.3446044921875
          1073.3427734375 1073.3404541015625 1073.33837890625 1073.337646484375 1073.33935546875 1073.34375
          1073.350830078125 1073.3603515625 1073.3726806640625 1073.3857421875 1073.3939208984375 1073.395751953125
          1073.39404296875 1073.3914794921875 1073.388671875 1073.3773193359375 1073.33349609375 1073.35595703125
          1073.1468505859375 1073.16064453125 1073.1370849609375 1073.3177490234375 1072.92529296875 1072.9205322265625
          1072.991943359375 1072.888427734375 1073.1500244140625 1073.1500244140625 1073.1500244140625 1073.1500244140625
          1073.1500244140625 1073.1500244140625 1073.1500244140625 1073.1500244140625 1073.1500244140625 1073.1500244140625
          1073.1500244140625 1073.1500244140625 1073.1500244140625 1073.1500244140625 1073.1500244140625 1073.1500244140625
          1073.1500244140625 1073.1500244140625 1073.1500244140625 1073.1500244140625 1073.1500244140625 1073.1500244140625
          1073.1500244140625 1073.1500244140625 1073.1500244140625 1073.1500244140625 1073.1710205078125 1073.3104248046875
          1073.6995849609375 1074.259521484375 1074.7177734375 1074.9466552734375 1075.0228271484375 1075.0166015625
          1074.6087646484375 1073.5396728515625 1073.346435546875 1073.3465576171875 1073.3514404296875 1073.3538818359375
          1073.353515625 1073.35107421875 1073.34716796875 1073.34228515625 1073.3365478515625 1073.3302001953125
          1073.3251953125 1073.3248291015625 1073.330810546875 1073.3419189453125 1073.3553466796875 1073.3707275390625
          1073.3829345703125 1073.390380859375 1073.3929443359375 1073.392333984375 1073.3902587890625 1073.3875732421875
          1073.384033203125 1073.37548828125 1073.3572998046875 1073.361572265625 1073.1763916015625 1073.1866455078125
          1073.17626953125 1073.133544921875 1072.885009765625 1072.9061279296875 1072.9444580078125 1072.935546875
          1073.1500244140625 1073.1500244140625 1073.1500244140625 1073.1500244140625 1073.1500244140625 1073.1500244140625
          1073.1500244140625 1073.1500244140625 1073.1500244140625 1073.1500244140625 1073.1500244140625 1073.1500244140625
          1073.1500244140625 1073.1500244140625 1073.1500244140625 1073.1500244140625 1073.1500244140625 1073.1500244140625
          1073.1500244140625 1073.1500244140625 1073.1500244140625 1073.1500244140625 1073.1500244140625 1073.1500244140625
          1073.1500244140625 1073.1500244140625 1073.184814453125 1073.373779296875 1073.805419921875 1074.3421630859375
          1074.756591796875 1074.97900390625 1075.04248046875 1074.8114013671875 1074.4317626953125 1073.3922119140625
          1073.351806640625 1073.353759765625 1073.357421875 1073.3582763671875 1073.3560791015625 1073.3519287109375
          1073.3466796875 1073.3404541015625 1073.3338623046875 1073.3271484375 1073.3216552734375 1073.32568359375
          1073.3408203125 1073.3592529296875 1073.37060546875 1073.38134765625 1073.3870849609375 1073.3892822265625
          1073.38916015625 1073.387939453125 1073.385986328125 1073.3836669921875 1073.3802490234375 1073.37353515625
          1073.3695068359375 1073.16552734375 1073.2249755859375 1073.232421875 1073.2012939453125 1073.1317138671875
          1072.882568359375 1072.8155517578125 1072.817626953125 1073.1322021484375 1073.1500244140625 1073.1500244140625
          1073.1500244140625 1073.1500244140625 1073.1500244140625 1073.1500244140625 1073.1500244140625 1073.1500244140625
          1073.1500244140625 1073.1500244140625 1073.1500244140625 1073.1500244140625 1073.1500244140625 1073.1500244140625
          1073.1500244140625 1073.1500244140625 1073.1500244140625 1073.1500244140625 1073.1500244140625 1073.1500244140625
          1073.1500244140625 1073.1500244140625 1073.1500244140625 1073.1500244140625 1073.1500244140625 1073.1500244140625
          1073.1861572265625 1073.3695068359375 1073.772705078125 1074.2850341796875 1074.72509765625 1075.0179443359375
          1075.1600341796875 1074.98291015625 1074.2587890625 1073.426513671875 1073.3626708984375 1073.3587646484375
          1073.3609619140625 1073.361083984375 1073.358154296875 1073.3533935546875 1073.347412109375 1073.3411865234375
          1073.335693359375 1073.3330078125 1073.335205078125 1073.343505859375 1073.3558349609375 1073.3685302734375
          1073.37841796875 1073.383544921875 1073.38525390625 1073.385498046875 1073.3848876953125 1073.3837890625
          1073.3822021484375 1073.380126953125 1073.376953125 1073.3726806640625 1073.3404541015625 1073.2237548828125
          1073.278076171875 1073.2696533203125 1073.2403564453125 1073.1319580078125 1072.760498046875 1072.7412109375
          1072.735107421875 1073.142822265625 1073.1500244140625 1073.1500244140625 1073.1500244140625 1073.1500244140625
          1073.1500244140625 1073.1500244140625 1073.1500244140625 1073.1500244140625 1073.1500244140625 1073.1500244140625
          1073.1500244140625 1073.1500244140625 1073.1500244140625 1073.1500244140625 1073.1500244140625 1073.1500244140625
          1073.1500244140625 1073.1500244140625 1073.1500244140625 1073.1500244140625 1073.1500244140625 1073.1500244140625
          1073.1500244140625 1073.1500244140625 1073.1500244140625 1073.1500244140625 1073.1734619140625 1073.3006591796875
          1073.6119384765625 1074.0780029296875 1074.580078125 1075.0218505859375 1075.3934326171875 1075.716552734375
          1074.2117919921875 1073.5777587890625 1073.3851318359375 1073.36328125 1073.3634033203125 1073.364501953125
          1073.3623046875 1073.35791015625 1073.3521728515625 1073.34619140625 1073.3416748046875 1073.3404541015625
          1073.3436279296875 1073.350830078125 1073.360107421875 1073.3692626953125 1073.3773193359375 1073.380859375
          1073.3817138671875 1073.381591796875 1073.381103515625 1073.3802490234375 1073.3787841796875 1073.3768310546875
          1073.3741455078125 1073.372314453125 1073.355712890625 1073.302978515625 1073.3233642578125 1073.3436279296875
          1073.1846923828125 1073.0093994140625 1072.7220458984375 1072.7144775390625 1073.0950927734375 1073.1212158203125
          1073.1500244140625 1073.1500244140625 1073.1500244140625 1073.1500244140625 1073.1500244140625 1073.1500244140625
          1073.1500244140625 1073.1500244140625 1073.1500244140625 1073.1500244140625 1073.1500244140625 1073.1500244140625
          1073.1500244140625 1073.1500244140625 1073.1500244140625 1073.1500244140625 1073.1500244140625 1073.1500244140625
          1073.1500244140625 1073.1500244140625 1073.1500244140625 1073.1500244140625 1073.1500244140625 1073.1500244140625
          1073.1500244140625 1073.1500244140625 1073.1580810546875 1073.210693359375 1073.375732421875 1073.7108154296875
          1074.208251953125 1074.777099609375 1075.2518310546875 1075.428955078125 1075.13037109375 1074.5279541015625
          1073.489990234375 1073.3753662109375 1073.36279296875 1073.3677978515625 1073.36865234375 1073.3662109375
          1073.3614501953125 1073.3555908203125 1073.3502197265625 1073.3468017578125 1073.3466796875 1073.3502197265625
          1073.3564453125 1073.3634033203125 1073.3695068359375 1073.37451171875 1073.377685546875 1073.3780517578125
          1073.377685546875 1073.376953125 1073.3756103515625 1073.3739013671875 1073.3721923828125 1073.3656005859375
          1073.3603515625 1073.3421630859375 1073.3685302734375 1073.36181640625 1073.2994384765625 1073.29150390625
          1073.23779296875 1073.0567626953125 1072.9041748046875 1072.947998046875 1073.0400390625 1073.0535888671875
          1073.14697265625 1073.1495361328125 1073.1500244140625 1073.1500244140625 1073.1500244140625 1073.1497802734375
          1073.1488037109375 1073.1492919921875 1073.14892578125 1073.1495361328125 1073.149658203125 1073.14990234375
          1073.1483154296875 1073.1419677734375 1073.1380615234375 1073.1407470703125 1073.1470947265625 1073.14990234375
          1073.1500244140625 1073.14990234375 1073.1485595703125 1073.1478271484375 1073.149658203125 1073.1500244140625
          1073.150634765625 1073.156005859375 1073.1793212890625 1073.25830078125 1073.4814453125 1073.9737548828125
          1074.790771484375 1075.900146484375 1077.1103515625 1076.1737060546875 1074.3223876953125 1073.49267578125
          1073.344970703125 1073.3585205078125 1073.371826171875 1073.3779296875 1073.3778076171875 1073.373046875
          1073.3660888671875 1073.359619140625 1073.3546142578125 1073.3516845703125 1073.3514404296875 1073.353759765625
          1073.3580322265625 1073.3631591796875 1073.3680419921875 1073.3714599609375 1073.3721923828125 1073.371826171875
          1073.370849609375 1073.3695068359375 1073.367919921875 1073.363525390625 1073.3590087890625 1073.3489990234375
          1073.37353515625 1073.189208984375 1073.2078857421875 1072.984375 1072.8912353515625 1072.8709716796875
          1072.8701171875 1072.8695068359375 1072.868896484375 1072.8670654296875 1072.868408203125 1072.8719482421875
          1072.883056640625 1072.9105224609375 1072.9425048828125 1072.9766845703125 1072.9886474609375 1072.9923095703125
          1072.989013671875 1072.971435546875 1072.954833984375 1072.9539794921875 1072.962646484375 1072.968994140625
          1072.9747314453125 1072.9814453125 1072.993408203125 1073.0211181640625 1073.044921875 1073.05419921875
          1073.057861328125 1073.056640625 1073.0543212890625 1073.0545654296875
        </DataArray>
        <DataArray type="Float32" Name="O2_Gas_mass_fractions_1" format="ascii" RangeMin="0" RangeMax="0.23999999463558197">
          0.23999999463558197 0.23999986052513123 0.2399711012840271 0.23674987256526947 0.2205001264810562 0.18520043790340424
          0.000675144896376878 0.00002290373231517151 0.0000722458862583153 0.00001888909173430875 0.000001999874712055316 1.9221063496388524e-7
          0 9.239231957280936e-8 9.167203529614198e-8 9.509968634802135e-8 9.604959672060431e-8 9.531869693546469e-8
          9.383511923033439e-8 9.240026344059515e-8 9.158235059203435e-8 9.162111069827006e-8 9.24516214695359e-8 9.381580667877643e-8
          9.538926803998038e-8 9.687695268212337e-8 9.80711405418333e-8 9.88774573329465e-8 9.929494382276971e-8 9.932855249417116e-8
          9.891641639114823e-8 9.818080570767052e-8 9.701827963226606e-8 6.649467820807331e-8 6.462898660686278e-9 5.76970649035502e-9
          5.767595290251393e-9 5.7659108598784314e-9 5.764154931142684e-9 5.7623386062743975e-9 5.7604667702548795e-9 5.7585447521546484e-9
          5.756582766025531e-9 5.754591914097773e-9 5.75258773949372e-9 5.750587561692555e-9 5.7486104765303025e-9 5.746675579842986e-9
          5.744804187912678e-9 5.743014952486192e-9 5.741328301667181e-9 5.7397606667564105e-9 5.738328034965434e-9 5.7370446171489675e-9
          5.7359219596264666e-9 5.734968944182128e-9 5.73419400851094e-9 5.73360070532658e-9 5.733184149647741e-9 5.7329248015491885e-9
          5.73277336712863e-9 5.732289309889893e-9 5.731678243137139e-9 5.731068952741225e-9 5.730544927473602e-9 5.730155905325773e-9
          5.729922314401392e-9 5.72983926971915e-9 5.729873020499099e-9 5.729952068378452e-9 0.23999999463558197 0.2399999499320984
          0.2399914711713791 0.23904086649417877 0.23162871599197388 0.2109680026769638 0.17096976935863495 0.14065445959568024
          0.10834957659244537 0.005149785429239273 0.00008681468170834705 0.000002346525661778287 9.167511194618783e-8 8.274803775520922e-8
          8.6213091776699e-8 8.659826278289984e-8 8.845534438250979e-8 9.063083439286856e-8 9.235728981593638e-8 9.355144925393688e-8
          9.442018722438661e-8 9.518247878759212e-8 9.595192551614673e-8 9.673241407881505e-8 9.746778317776261e-8 9.808150025492068e-8
          9.851184046283379e-8 9.872832151813782e-8 9.869732764400396e-8 9.836855952016776e-8 9.765669517491915e-8 9.680564971858985e-8
          9.630698372120605e-8 8.419410590931875e-8 7.800267098900804e-9 6.738736235689657e-9 7.698785609022707e-9 8.735006495896869e-9
          9.72093872064761e-9 1.0585209153646247e-8 1.1294531532257679e-8 1.1842637981374082e-8 1.2242072244816882e-8 1.2516953695751454e-8
          1.269621385802111e-8 1.2807952920468324e-8 1.2875743138351936e-8 1.2917145575386257e-8 1.2943933036524413e-8 1.2963232265406077e-8
          1.2978875751912256e-8 1.2992601661210301e-8 1.3004950005779392e-8 1.3015876376698543e-8 1.3025118761333943e-8 1.3032415147051779e-8
          1.3037600332665988e-8 1.3040632573790845e-8 1.304135821555974e-8 1.3039968216332909e-8 1.3037310786501166e-8 1.3034766155328725e-8
          1.3032461332329603e-8 1.3030491352594709e-8 1.3028910395007642e-8 1.3027735334958379e-8 1.3026945744343266e-8 1.3026494549706058e-8
          1.3026308032237921e-8 1.3026285827777428e-8 0.23999999463558197 0.23999997973442078 0.23999768495559692 0.23974722623825073
          0.23707230389118195 0.22681190073490143 0.20770888030529022 0.17753061652183533 0.12958769500255585 0.0028734777588397264
          0.0000196613727894146 2.4586935865045234e-7 8.378261640018536e-8 9.289454538929931e-8 9.424101676813734e-8 9.550889501497295e-8
          9.607787632148757e-8 9.616748997132163e-8 9.631174435753564e-8 9.652210053445742e-8 9.67666764495334e-8 9.703343550881982e-8
          9.731272854196504e-8 9.758566932305257e-8 9.782490195675564e-8 9.800054812103554e-8 9.807405376704992e-8 9.798096556323799e-8
          9.764551833768564e-8 9.705626524691979e-8 9.644051601753745e-8 9.59592867388892e-8 9.580805482301002e-8 9.070504347619135e-8
          1.3491945338728328e-8 6.9474945796343945e-9 8.130010442641833e-9 9.562858060974122e-9 1.0902337699292275e-8 1.1995181736779159e-8
          1.2789053371875525e-8 1.3306339141649914e-8 1.360878343348304e-8 1.3766775275314558e-8 1.3839947854421553e-8 1.3869732917726196e-8
          1.388067882857058e-8 1.388556558623577e-8 1.3890330663457462e-8 1.389732862122628e-8 1.3907162532689199e-8 1.3919648544913343e-8
          1.393431858787153e-8 1.395064064269036e-8 1.3968040946110705e-8 1.3985965274798673e-8 1.4006620752127219e-8 1.4031305006767525e-8
          1.4059757802442618e-8 1.409106165084495e-8 1.4123843428137661e-8 1.4156790406616437e-8 1.4188686670024708e-8 1.4218414001732071e-8
          1.4244950108377452e-8 1.4267380166188559e-8 1.4284936789010771e-8 1.4297093287041207e-8 1.4303834561246731e-8 1.4306098528038547e-8
          0.23999999463558197 0.23999999463558197 0.2399994432926178 0.23994377255439758 0.239207923412323 0.23552578687667847
          0.22730150818824768 0.19675396382808685 0.11240487545728683 0.0007637456874363124 0.0000049510804274177644 8.555434760637581e-8
          7.444963756597645e-8 9.190478778009492e-8 9.355809282851624e-8 9.502473119482602e-8 9.581613369391562e-8 9.616169904802518e-8
          9.63277386745176e-8 9.638939957312687e-8 9.639585840659493e-8 9.643651566193512e-8 9.652991650455078e-8 9.667446931871382e-8
          9.684494273187738e-8 9.696902480982317e-8 9.693356162188138e-8 9.672571366081684e-8 9.641492226819537e-8 9.60163006880066e-8
          9.564043779164422e-8 9.541465573192909e-8 9.50959417878039e-8 9.046682691860042e-8 2.1561175955753242e-8 9.737751049954113e-9
          8.516030547411901e-9 9.217422380913831e-9 1.0373596204260593e-8 1.1614835315754135e-8 1.28047643599416e-8 1.3202257953537355e-8
          1.318219311485791e-8 1.3030761358834297e-8 1.2898621726264992e-8 1.280571382267226e-8 1.2735067222990892e-8 1.2674115090760552e-8
          1.2618933453723002e-8 1.2570263940858695e-8 1.2530251503051204e-8 1.2500723123309854e-8 1.248248970853183e-8 1.2475292798797e-8
          1.2478125199777423e-8 1.2489935308224176e-8 1.2505422475328487e-8 1.2523436510036845e-8 1.2542914262780869e-8 1.2563091011941196e-8
          1.2583778463692852e-8 1.260508053491094e-8 1.2626984791097584e-8 1.2649106650997055e-8 1.267068405752525e-8 1.2690800410553038e-8
          1.2708590624299632e-8 1.2723129216851703e-8 1.2733186061097967e-8 1.2737696231113205e-8 0.23999999463558197 0.23999999463558197
          0.23999987542629242 0.2399895191192627 0.23983466625213623 0.2389107644557953 0.23558001220226288 0.17299018800258636
          0.028531497344374657 0.0000756051522330381 5.808827268083405e-7 8.372024495884034e-8 9.980712434298766e-8 9.399449396596538e-8
          9.294716107888235e-8 9.347790097535835e-8 9.401570366662781e-8 9.433966852157027e-8 9.451467519738799e-8 9.467436257182271e-8
          9.487730068258315e-8 9.506150888682896e-8 9.525993505121733e-8 9.548809742909725e-8 9.570494796662388e-8 9.583968108017871e-8
          9.587053284576541e-8 9.578294424272826e-8 9.560033475963792e-8 9.533508915637867e-8 9.511088450153693e-8 9.4867203870308e-8
          9.259548505724524e-8 8.309113042059835e-8 3.075491861181945e-8 1.5634284977750212e-8 1.1288941337284086e-8 1.0167595654309025e-8
          1.021156492697628e-8 1.0713056219913142e-8 1.1382177866892107e-8 1.188295506437953e-8 1.2222303169551196e-8 1.2483548417208112e-8
          1.2672119353851485e-8 1.2717729980238346e-8 1.2614582267644892e-8 1.2480779965073907e-8 1.2429199891528242e-8 1.242820069080608e-8
          1.238033675576844e-8 1.2261915038891402e-8 1.21244916329033e-8 1.2027147278104167e-8 1.1992894677348431e-8 1.2009703453941256e-8
          1.2051044606664618e-8 1.2094780288407492e-8 1.2131146753802113e-8 1.2153265949166325e-8 1.2157721940297961e-8 1.2145719985312553e-8
          1.2123229531368906e-8 1.2099566681911256e-8 1.2084918843413561e-8 1.20873506759267e-8 1.2110524139075096e-8 1.2153297035411015e-8
          1.2210987776484217e-8 1.2276960781321122e-8 0.23999999463558197 0.23999999463558197 0.23999997973442078 0.23999835550785065
          0.23997284471988678 0.23978614807128906 0.23031599819660187 0.19742126762866974 0.0029594795778393745 0.000006984511855989695
          9.339824202925229e-8 9.851043358821698e-8 9.239387566140067e-8 9.284263313702468e-8 9.300156023073214e-8 9.328284278353749e-8
          9.364844544279549e-8 9.398252842629518e-8 9.421524538311132e-8 9.436163139753262e-8 9.447106208426703e-8 9.462820571570774e-8
          9.478687701403032e-8 9.49638163660893e-8 9.51073531041402e-8 9.522577215648198e-8 9.523841271175115e-8 9.51631093926153e-8
          9.503099818175542e-8 9.487230556715076e-8 9.472138629007532e-8 9.384576316051607e-8 8.806839701946956e-8 7.215533770477123e-8
          3.9839573418021246e-8 2.4236523898935047e-8 1.7279958797189465e-8 1.4003365578219018e-8 1.2445663166715804e-8 1.1751260409198494e-8
          1.1503357377762313e-8 1.1441514402577013e-8 1.1454750037387385e-8 1.1507583330683246e-8 1.158623863517505e-8 1.1679227363003974e-8
          1.1777282260538868e-8 1.1873335203915758e-8 1.1960747059447385e-8 1.2031744489604534e-8 1.207799193991832e-8 1.2094834467291093e-8
          1.2084927725197758e-8 1.2057226328465731e-8 1.202233779196149e-8 1.1989237158616106e-8 1.1967198787488087e-8 1.1967980384497423e-8
          1.200128263434408e-8 1.207479272125056e-8 1.2189719456046078e-8 1.2336544230606705e-8 1.24983943194934e-8 1.2654770564779483e-8
          1.2785259961844986e-8 1.2873070609487058e-8 1.2907930724281869e-8 1.2887857003818226e-8 1.281931094609945e-8 1.2716458108741335e-8
          0.23999999463558197 0.23999999463558197 0.23999999463558197 0.23999978601932526 0.23999632894992828 0.2399452030658722
          0.2280082255601883 0.15660177171230316 0.0010045947274193168 0.000003060474455196527 8.097424597508507e-8 9.941508949395939e-8
          9.151059288114993e-8 9.193318817324325e-8 9.294060987485864e-8 9.376165621688415e-8 9.433574632566888e-8 9.459846950221618e-8
          9.458300098685868e-8 9.44458449225749e-8 9.43106712725239e-8 9.424561397963771e-8 9.441311021873844e-8 9.464923778068624e-8
          9.475574103134932e-8 9.480890383883889e-8 9.478604567902948e-8 9.470845441228448e-8 9.461876970817684e-8 9.454410587750317e-8
          9.436716652544419e-8 9.282866386683963e-8 8.564929032672808e-8 7.04712661558915e-8 5.466825925282137e-8 3.722231411984467e-8
          2.7506398936338883e-8 2.1882289757968465e-8 1.847027064627582e-8 1.6323319584898854e-8 1.4928593472518514e-8 1.398410720554466e-8
          1.3315750280185057e-8 1.2824515671638892e-8 1.2453154063507554e-8 1.2168071883422726e-8 1.1948939615535892e-8 1.17825766920987e-8
          1.1659354370863184e-8 1.1571143154753827e-8 1.1510365105493747e-8 1.1469846405987028e-8 1.1443120229159831e-8 1.1424900137058103e-8
          1.1411867006927423e-8 1.1403513688890143e-8 1.1402147670480645e-8 1.141305983054508e-8 1.1446581460461402e-8 1.1515546738394278e-8
          1.163161567063753e-8 1.1806040589590339e-8 1.2047043362883869e-8 1.2358144729773812e-8 1.2736455445860884e-8 1.3171546520140964e-8
          1.3645879093360236e-8 1.413673178518593e-8 1.4618670718391513e-8 1.5066500935745353e-8 0.23999999463558197 0.23999999463558197
          0.23999999463558197 0.23999997973442078 0.23999959230422974 0.23998890817165375 0.23880718648433685 0.0728805735707283
          0.0005010138265788555 0.0000037129839256522246 1.0276087181182447e-7 9.976874792982926e-8 9.17119677978917e-8 9.286860347401671e-8
          9.325512451141549e-8 9.374583243015877e-8 9.422277003068302e-8 9.436188719291749e-8 9.421343349913514e-8 9.405034973042348e-8
          9.400936562542483e-8 9.410180723534722e-8 9.427792235783272e-8 9.440296366847178e-8 9.442498338785299e-8 9.446532800438945e-8
          9.443992610158602e-8 9.437113845933709e-8 9.430697645029795e-8 9.426824476577167e-8 9.410105406004732e-8 9.285324864549693e-8
          8.829101716401055e-8 8.017617858513404e-8 7.466462648153538e-8 5.96292011323385e-8 4.6313779478168726e-8 3.724073494026925e-8
          3.114116609026496e-8 2.6924389828764106e-8 2.3911434610113247e-8 2.168401280755461e-8 1.9979367493760947e-8 1.8631295617410615e-8
          1.7533608343001106e-8 1.6617821785303022e-8 1.5839411560136796e-8 1.5169156597494293e-8 1.458758269734517e-8 1.4081356525252886e-8
          1.3640933715919346e-8 1.3259096043327645e-8 1.293005347235976e-8 1.2648952107952027e-8 1.2411776495468985e-8 1.2215425115869039e-8
          1.2057769005480168e-8 1.1938173116732287e-8 1.1858280579701841e-8 1.1822844925291065e-8 1.1840785241190588e-8 1.192646426062538e-8
          1.2100219493049735e-8 1.2385557468519437e-8 1.2803742954758945e-8 1.336520494277238e-8 1.405785976515972e-8 1.486089828972581e-8
          1.574811214766214e-8 1.668917981589857e-8 0.23999999463558197 0.23999999463558197 0.23999999463558197 0.23999999463558197
          0.23999996483325958 0.23999857902526855 0.23985923826694489 0.2302677184343338 0.19218069314956665 0.002270891796797514
          0.000005902409156988142 1.0808221162506015e-7 8.110463056709705e-8 9.183378324451041e-8 9.270315359799497e-8 9.328353200999118e-8
          9.376881848766061e-8 9.39203346206341e-8 9.388639909957419e-8 9.389772515078221e-8 9.39680120382036e-8 9.412028845190434e-8
          9.425932745443788e-8 9.418930346782872e-8 9.40636510904369e-8 9.407854406617844e-8 9.412504908823394e-8 9.409114909431082e-8
          9.405002998619238e-8 9.401742318004835e-8 9.392532973606649e-8 9.345407647742832e-8 9.206711837350667e-8 8.978396692782553e-8
          8.789687910848443e-8 8.416795083121542e-8 7.772010945927832e-8 7.0130113272171e-8 6.301893051841034e-8 5.701780381173194e-8
          5.2150394225236596e-8 4.822948795890625e-8 4.503530348642926e-8 4.237672612816823e-8 4.0104627174741836e-8 3.810973225881753e-8
          3.6315526585894986e-8 3.467189912953472e-8 3.31486411653259e-8 3.173027351976998e-8 3.040994300818056e-8 2.918759989256614e-8
          2.8066738266829816e-8 2.7052083240164393e-8 2.614820182600397e-8 2.535860588182004e-8 2.468514281872558e-8 2.4128482323249045e-8
          2.368934914898091e-8 2.3369601365175185e-8 2.317315583866275e-8 2.310791380466526e-8 2.3187176623196137e-8 2.342882154948711e-8
          2.385370301283274e-8 2.448605229687928e-8 2.532878262684335e-8 2.6355429838531563e-8 2.753167116509303e-8 2.8817238373335385e-8
          0.23999999463558197 0.23999999463558197 0.23999999463558197 0.23999999463558197 0.23999999463558197 0.2399999052286148
          0.23999078571796417 0.23949207365512848 0.19549007713794708 0.1064194068312645 0.0026778492610901594 0.00000651472328172531
          1.1199031746400578e-7 7.69750982954065e-8 9.36584996225065e-8 9.53021697114309e-8 9.45797964391204e-8 9.363623831859513e-8
          9.332881489854117e-8 9.351931851142581e-8 9.372389797590586e-8 9.383342813862328e-8 9.407190759702644e-8 9.428391933852254e-8
          9.415877855190047e-8 9.38195654498486e-8 9.36995903089155e-8 9.377028931112363e-8 9.376856269227574e-8 9.374750220558781e-8
          9.370025821908712e-8 9.357125918540987e-8 9.331068184792457e-8 9.294438996221288e-8 9.257630750880708e-8 9.209642826135678e-8
          9.129822586828595e-8 9.006502210695544e-8 8.846760835012901e-8 8.66933902443634e-8 8.49182484330413e-8 8.325162070832448e-8
          8.174083632184193e-8 8.038922061359699e-8 7.917660127532145e-8 7.80734978889086e-8 7.70511476844149e-8 7.608449692497743e-8
          7.51558815181852e-8 7.42538901477019e-8 7.337625618220045e-8 7.252539546698245e-8 7.170800131461874e-8 7.093364473576003e-8
          7.021327519396436e-8 6.955762188454173e-8 6.897602844446737e-8 6.847621136785165e-8 6.80648994944022e-8 6.774865823899745e-8
          6.7534593028995e-8 6.743073299730895e-8 6.744473779463078e-8 6.757914405852716e-8 6.782335049138055e-8 6.814386921405458e-8
          6.85200092220839e-8 6.895018600516778e-8 6.943093922018306e-8 6.995647083840595e-8
        </DataArray>
        <DataArray type="Float32" Name="N2_Gas_mass_fractions_2" format="ascii" RangeMin="0.21533872187137604" RangeMax="0.9532928466796875">
          0.7599999904632568 0.759999692440033 0.7599369287490845 0.7526994347572327 0.7113779783248901 0.6143146753311157
          0.3229885697364807 0.29349485039711 0.2844545245170593 0.279954731464386 0.28390246629714966 0.28175443410873413
          0.2764643430709839 0.2693853974342346 0.2618638873100281 0.2544889748096466 0.24743306636810303 0.24076122045516968
          0.23455888032913208 0.22892996668815613 0.22400307655334473 0.21994464099407196 0.2169695645570755 0.21533872187137604
          0.21534079313278198 0.21726952493190765 0.22140413522720337 0.2280697375535965 0.2381073534488678 0.254253625869751
          0.2806573212146759 0.31245043873786926 0.35079091787338257 0.5515534281730652 0.947978675365448 0.9529668688774109
          0.952983558177948 0.9529973864555359 0.9530117511749268 0.9530266523361206 0.9530419707298279 0.9530577063560486
          0.9530737996101379 0.9530900716781616 0.9531065225601196 0.9531229138374329 0.953139066696167 0.9531549215316772
          0.9531702399253845 0.9531849026679993 0.9531987309455872 0.9532115459442139 0.9532232880592346 0.9532338380813599
          0.9532430171966553 0.9532508254051208 0.953257143497467 0.9532620310783386 0.9532654285430908 0.9532675743103027
          0.953268826007843 0.9532727599143982 0.9532777667045593 0.9532827734947205 0.9532870650291443 0.9532902240753174
          0.9532921314239502 0.9532928466796875 0.9532925486564636 0.9532918930053711 0.7599999904632568 0.7599999308586121
          0.7599821090698242 0.7579100131988525 0.739955484867096 0.684032678604126 0.5933216214179993 0.5156359672546387
          0.43686720728874207 0.37765467166900635 0.36059194803237915 0.3557851314544678 0.34281009435653687 0.32027605175971985
          0.29544663429260254 0.2724137306213379 0.2547611594200134 0.2444092184305191 0.2380760759115219 0.23377780616283417
          0.23074543476104736 0.22881412506103516 0.22808746993541718 0.22880610823631287 0.23135492205619812 0.23621392250061035
          0.2439206838607788 0.25548553466796875 0.2734113335609436 0.2998681366443634 0.33651700615882874 0.3685464859008789
          0.37484386563301086 0.4332430958747864 0.9380069971084595 0.9450315833091736 0.9371662139892578 0.9286790490150452
          0.9206037521362305 0.9135249257087708 0.9077152013778687 0.9032259583473206 0.8999543786048889 0.8977029919624329
          0.8962348699569702 0.8953197598457336 0.8947646617889404 0.8944256901741028 0.8942064642906189 0.8940485715866089
          0.8939206600189209 0.8938085436820984 0.8937076926231384 0.8936184644699097 0.8935430645942688 0.8934836387634277
          0.8934414982795715 0.8934170007705688 0.89341139793396 0.8934231400489807 0.8934452533721924 0.8934664726257324
          0.8934856653213501 0.8935021162033081 0.8935152888298035 0.8935251235961914 0.8935317397117615 0.8935354948043823
          0.8935370445251465 0.8935372829437256 0.7599999904632568 0.7599999904632568 0.7599953413009644 0.7594660520553589
          0.7532585859298706 0.7268773913383484 0.6799203157424927 0.6220329403877258 0.5695606470108032 0.5209214091300964
          0.5122406482696533 0.5098311901092529 0.5005509257316589 0.4773949682712555 0.4452831745147705 0.40804293751716614
          0.3666953146457672 0.32654353976249695 0.30478841066360474 0.2954719066619873 0.2907278537750244 0.28867629170417786
          0.28882986307144165 0.2909923195838928 0.29494157433509827 0.3005940616130829 0.30965253710746765 0.3253656029701233
          0.3494027554988861 0.37745213508605957 0.3950514495372772 0.3975294530391693 0.37883567810058594 0.37922292947769165
          0.8979196548461914 0.9434201121330261 0.9336317777633667 0.9218881726264954 0.9109025597572327 0.9019314050674438
          0.895407497882843 0.8911519646644592 0.8886621594429016 0.887362003326416 0.8867617845535278 0.8865198493003845
          0.8864333629608154 0.8863962292671204 0.8863593339920044 0.8863030672073364 0.8862224221229553 0.8861188888549805
          0.8859963417053223 0.8858593106269836 0.8857125043869019 0.8855605721473694 0.8853846192359924 0.8851731419563293
          0.8849284648895264 0.8846584558486938 0.8843748569488525 0.8840890526771545 0.8838115930557251 0.8835523724555969
          0.8833204507827759 0.8831239938735962 0.8829699754714966 0.8828631639480591 0.8828038573265076 0.8827839493751526
          0.7599999904632568 0.7599999904632568 0.7599989175796509 0.7598854303359985 0.7582494616508484 0.7492789626121521
          0.730588436126709 0.7014395594596863 0.6615551710128784 0.6219462752342224 0.6138603687286377 0.6093366742134094
          0.6071062088012695 0.6049987077713013 0.6026943325996399 0.5993083119392395 0.5935825109481812 0.581445038318634
          0.553153932094574 0.5238296985626221 0.503976583480835 0.4885224401950836 0.47451266646385193 0.4596524238586426
          0.4435626268386841 0.4300810694694519 0.42565464973449707 0.4275660812854767 0.42844054102897644 0.4264813959598541
          0.4176146388053894 0.39778488874435425 0.36490505933761597 0.3617938458919525 0.8393179178237915 0.9232442378997803
          0.9311181902885437 0.9248809814453125 0.9152714610099792 0.9050548076629639 0.8952996730804443 0.8921056985855103
          0.892371654510498 0.8937007188796997 0.8948386311531067 0.8956308960914612 0.8962299227714539 0.8967471718788147
          0.8972181677818298 0.897637665271759 0.8979876041412354 0.8982522487640381 0.8984242081642151 0.8985048532485962
          0.8985019326210022 0.8984235525131226 0.898314893245697 0.8981876969337463 0.8980499505996704 0.897907018661499
          0.897759735584259 0.8976068496704102 0.8974480032920837 0.8972859978675842 0.8971264958381653 0.8969765305519104
          0.8968427181243896 0.8967323899269104 0.8966554999351501 0.8966208696365356 0.7599999904632568 0.7599999904632568
          0.7599998116493225 0.7599795460700989 0.7596507668495178 0.7575270533561707 0.7521839737892151 0.7295559048652649
          0.6860343813896179 0.6735875606536865 0.6702693700790405 0.6693181991577148 0.6706236600875854 0.6735559701919556
          0.6772359013557434 0.6809353828430176 0.6837401390075684 0.6849550008773804 0.6842226982116699 0.6774178147315979
          0.6632144451141357 0.6466925740242004 0.6269789338111877 0.6019190549850464 0.5712586045265198 0.5379598140716553
          0.5064016580581665 0.4795108735561371 0.4567338526248932 0.43573305010795593 0.4108530282974243 0.37791576981544495
          0.3536550998687744 0.39233118295669556 0.7696366310119629 0.8794229030609131 0.9107204675674438 0.918289840221405
          0.9172260165214539 0.9127787947654724 0.9071261286735535 0.9029513001441956 0.9001563787460327 0.8980320692062378
          0.8965249061584473 0.8961954712867737 0.897065281867981 0.8981637358665466 0.8985844850540161 0.8985913395881653
          0.8989740014076233 0.8999250531196594 0.9010312557220459 0.9018198847770691 0.902107834815979 0.9019919633865356
          0.9016827940940857 0.9013551473617554 0.9010871648788452 0.9009332656860352 0.9009202122688293 0.9010387063026428
          0.9012425541877747 0.9014599323272705 0.9016131162643433 0.9016410112380981 0.9015166163444519 0.9012494087219238
          0.9008756875991821 0.9004449844360352 0.7599999904632568 0.7599999904632568 0.7599999904632568 0.7599969506263733
          0.7599457502365112 0.7595787644386292 0.7562472820281982 0.7462695837020874 0.6940999031066895 0.6920647025108337
          0.6913958787918091 0.6915299892425537 0.6924222707748413 0.693623960018158 0.6946896910667419 0.6952443718910217
          0.6943473219871521 0.6902487874031067 0.6819915175437927 0.6711402535438538 0.6617862582206726 0.6575561165809631
          0.651231050491333 0.6375516653060913 0.6093756556510925 0.5705845355987549 0.5296338796615601 0.4904978573322296
          0.45493245124816895 0.4217383563518524 0.3876112401485443 0.35517460107803345 0.3607670068740845 0.456287682056427
          0.6987096071243286 0.8144168853759766 0.8658291697502136 0.8898494243621826 0.9010552167892456 0.9058290123939514
          0.9072936773300171 0.9074369668960571 0.9070867896080017 0.906485378742218 0.9057180285453796 0.904863715171814
          0.9039897918701172 0.903150200843811 0.902397096157074 0.9017913341522217 0.9013971090316772 0.9012484550476074
          0.9013211131095886 0.9015411734580994 0.9018228650093079 0.9020954966545105 0.9022884964942932 0.9023122191429138
          0.9020914435386658 0.9015631675720215 0.900714099407196 0.8996168971061707 0.89840167760849 0.8972263932228088
          0.8962478041648865 0.8955942988395691 0.8953437805175781 0.895510196685791 0.8960426449775696 0.8968315124511719
          0.7599999904632568 0.7599999904632568 0.7599999904632568 0.7599996328353882 0.759993314743042 0.759939968585968
          0.7566998600959778 0.7378240823745728 0.6969172358512878 0.6964511275291443 0.6963666677474976 0.6964341402053833
          0.6966030597686768 0.6967858672142029 0.6969023942947388 0.6965513825416565 0.693706214427948 0.6841556429862976
          0.6648210883140564 0.6381207704544067 0.6129643321037292 0.6012517213821411 0.6133902668952942 0.6221470832824707
          0.6038445830345154 0.5745773315429688 0.5328373908996582 0.4859269857406616 0.4407076835632324 0.3999944031238556
          0.36376824975013733 0.3398338854312897 0.36470067501068115 0.46334463357925415 0.5847861766815186 0.7164093852043152
          0.789258599281311 0.8312515616416931 0.8566198348999023 0.8725035786628723 0.8827627897262573 0.889671802520752
          0.8945348262786865 0.8980856537818909 0.9007435441017151 0.9027525782585144 0.9042606353759766 0.9053653478622437
          0.9061406850814819 0.9066517949104309 0.9069610238075256 0.9071277379989624 0.9072055816650391 0.9072379469871521
          0.9072515964508057 0.9072497487068176 0.9072132706642151 0.9071000814437866 0.906828761100769 0.9063016772270203
          0.9054351449012756 0.9041485786437988 0.9023783802986145 0.9000920057296753 0.8973044753074646 0.894085168838501
          0.8905552625656128 0.8868753910064697 0.8832291960716248 0.8798040747642517 0.7599999904632568 0.7599999904632568
          0.7599999904632568 0.7599999904632568 0.7599993348121643 0.759992778301239 0.7596715688705444 0.7162654399871826
          0.6973122358322144 0.6971560120582581 0.6971426010131836 0.6971474885940552 0.6971625685691833 0.6971785426139832
          0.6971607804298401 0.6965609788894653 0.692253053188324 0.6779076457023621 0.6491755247116089 0.6100884079933167
          0.5761738419532776 0.568317711353302 0.5876001119613647 0.5975816249847412 0.5809172987937927 0.559884786605835
          0.5286591649055481 0.48328736424446106 0.43401286005973816 0.38971126079559326 0.3538528382778168 0.3328911364078522
          0.3449583351612091 0.39362719655036926 0.4328397810459137 0.5476162433624268 0.6488498449325562 0.7174877524375916
          0.7634576559066772 0.7951492667198181 0.8177464604377747 0.8344252109527588 0.8471692204475403 0.8572262525558472
          0.8653894066810608 0.8721686601638794 0.8778952956199646 0.882787823677063 0.8869938254356384 0.8906165957450867
          0.8937325477600098 0.8964015245437622 0.8986729383468628 0.900588870048523 0.9021844267845154 0.9034868478775024
          0.9045143127441406 0.9052726626396179 0.9057514071464539 0.9059191942214966 0.9057173132896423 0.9050511121749878
          0.9037919640541077 0.9017956852912903 0.898932695388794 0.8951390385627747 0.8904839158058167 0.8850858807563782
          0.8790932893753052 0.8726783990859985 0.7599999904632568 0.7599999904632568 0.7599999904632568 0.7599999904632568
          0.7599999308586121 0.7599993348121643 0.7599620223045349 0.7574522495269775 0.7474910020828247 0.6978331804275513
          0.6972382664680481 0.6972353458404541 0.6972349286079407 0.6972346305847168 0.6972213983535767 0.6968793272972107
          0.6939170360565186 0.6831284165382385 0.6602004766464233 0.6229016184806824 0.5772046446800232 0.5511877536773682
          0.5620273947715759 0.5644927620887756 0.5451125502586365 0.5229849815368652 0.503869891166687 0.47599488496780396
          0.4420110285282135 0.4069349467754364 0.3762814402580261 0.3543124794960022 0.34548115730285645 0.34930187463760376
          0.3555547297000885 0.3788706064224243 0.42463621497154236 0.4802772104740143 0.533069372177124 0.5779414176940918
          0.6145401000976562 0.6441755294799805 0.6684386730194092 0.6887219548225403 0.7061116099357605 0.721401572227478
          0.735146164894104 0.747708261013031 0.7593082785606384 0.7700629830360413 0.7800294160842896 0.7892186641693115
          0.7976189255714417 0.805211067199707 0.8119779825210571 0.8179099559783936 0.8230077028274536 0.8272789716720581
          0.8307301998138428 0.8333603739738464 0.8351564407348633 0.8360834121704102 0.8360782265663147 0.8350569009780884
          0.8329237103462219 0.8295657634735107 0.8249791264533997 0.8193140029907227 0.8127552270889282 0.8055112957954407
          0.7599999904632568 0.7599999904632568 0.7599999904632568 0.7599999904632568 0.7599999904632568 0.7599999904632568
          0.759997546672821 0.7598670721054077 0.7483617663383484 0.7250708937644958 0.6979467868804932 0.6972473859786987
          0.6972448229789734 0.6972440481185913 0.6972432732582092 0.6972414255142212 0.6972312927246094 0.697148323059082
          0.6959208846092224 0.6865286827087402 0.6539108157157898 0.5942346453666687 0.5389125347137451 0.5281208753585815
          0.5331577062606812 0.5089263916015625 0.47022122144699097 0.44725024700164795 0.42763328552246094 0.40950512886047363
          0.3943071663379669 0.3830373287200928 0.3758648633956909 0.37208253145217896 0.37035438418388367 0.3707704246044159
          0.3743622899055481 0.38179537653923035 0.39250606298446655 0.4051089584827423 0.4182690382003784 0.43111076951026917
          0.443205863237381 0.4544488787651062 0.464912474155426 0.4747455418109894 0.4841022789478302 0.4931184649467468
          0.5018868446350098 0.5104631781578064 0.5188489556312561 0.5270194411277771 0.5349267721176147 0.5425086617469788
          0.5496980547904968 0.5564321875572205 0.5626595616340637 0.5683404803276062 0.5734432935714722 0.5779388546943665
          0.5817962884902954 0.5849806070327759 0.5874596238136292 0.5892293453216553 0.5903562903404236 0.5910284519195557
          0.591357409954071 0.5913453102111816 0.5909997224807739 0.5903344750404358
        </DataArray>
        <DataArray type="Float32" Name="H2O_Gas_mass_fractions_3" format="ascii" RangeMin="2.448587789235583e-17" RangeMax="0.04159696027636528">
          6.66673938276574e-11 1.9740628687259232e-8 0.000004340914983913535 0.0005033403285779059 0.0033774878829717636 0.01014358177781105
          0.03226327523589134 0.035467568784952164 0.03642192482948303 0.03678269311785698 0.03625376895070076 0.036240238696336746
          0.036567848175764084 0.03708314895629883 0.03764856979250908 0.038208723068237305 0.0387498140335083 0.039268169552087784
          0.03975856676697731 0.040214527398347855 0.04062801972031593 0.040988557040691376 0.041282303631305695 0.04149186611175537
          0.04159696027636528 0.04157433658838272 0.041395701467990875 0.04101742431521416 0.04033634439110756 0.03906683996319771
          0.03678229823708534 0.033898282796144485 0.030296195298433304 0.020786423236131668 0.002686981577426195 0.0024458179250359535
          0.0024449722841382027 0.002444259589537978 0.002443516394123435 0.00244274758733809 0.002441955264657736 0.002441141987219453
          0.0024403114803135395 0.002439468866214156 0.0024386208970099688 0.0024377743247896433 0.0024369372986257076 0.0024361186660826206
          0.0024353263434022665 0.002434569178149104 0.0024338553193956614 0.002433191752061248 0.002432585693895817 0.0024320425000041723
          0.002431567059829831 0.0024311637971550226 0.0024308357387781143 0.002430584980174899 0.0024304084945470095 0.0024302988313138485
          0.0024302348028868437 0.0024300299119204283 0.002429771237075329 0.0024295132607221603 0.002429291605949402 0.002429126761853695
          0.002429027808830142 0.002428992884233594 0.002429007086902857 0.002429040614515543 2.2035014438093192e-11 5.877802244924624e-9
          0.000001230166049026593 0.00014383923553396016 0.0013890847330912948 0.0052994233556091785 0.011699617840349674 0.017213191837072372
          0.023002060130238533 0.02586810104548931 0.027539430186152458 0.028454769402742386 0.030003491789102554 0.03223840519785881
          0.03458718582987785 0.036726947873830795 0.03835735842585564 0.039319414645433426 0.03989749774336815 0.04027419164776802
          0.04053318127989769 0.040704548358917236 0.04079003259539604 0.04077448695898056 0.04062720388174057 0.04030434042215347
          0.03974885120987892 0.038852572441101074 0.037364788353443146 0.035055726766586304 0.03174502030014992 0.02876574732363224
          0.028057819232344627 0.02611180953681469 0.003178850980475545 0.002855841536074877 0.0032623435836285353 0.0037009138613939285
          0.004118196666240692 0.004483986645936966 0.004784198012202978 0.0050161792896687984 0.005185241810977459 0.00530159380286932
          0.005377481691539288 0.005424797534942627 0.005453519057482481 0.005471078213304281 0.005482457112520933 0.005490671377629042
          0.005497343838214874 0.005503207910805941 0.005508492235094309 0.005513176321983337 0.005517149344086647 0.005520298611372709
          0.005522552877664566 0.00552389258518815 0.005524259060621262 0.0055237337946891785 0.005522670689970255 0.005521650891751051
          0.005520724691450596 0.005519931670278311 0.0055192941799759865 0.005518818739801645 0.005518499296158552 0.005518315825611353
          0.005518240388482809 0.00551823154091835 6.982595925075774e-12 1.6439166694581786e-9 3.180130079272203e-7 0.00003667832424980588
          0.00046612322330474854 0.0023068885784596205 0.005638672970235348 0.009746459312736988 0.013203749433159828 0.014750835485756397
          0.015688864514231682 0.01612037420272827 0.017080526798963547 0.019197342917323112 0.022072209045290947 0.0253819078207016
          0.029029522091150284 0.03254098445177078 0.03442605957388878 0.03521696478128433 0.035611629486083984 0.035779889672994614
          0.03576819971203804 0.03559607267379761 0.0352831594645977 0.034832995384931564 0.034086961299180984 0.03273959085345268
          0.030615251511335373 0.028073225170373917 0.026412280276417732 0.026064645498991013 0.027590978890657425 0.02888971008360386
          0.005085271317511797 0.002936715492978692 0.003444490022957325 0.004049967043101788 0.004614870995283127 0.005074354354292154
          0.005406670738011599 0.005621892865747213 0.005746702663600445 0.00581114599481225 0.005840453784912825 0.005851968191564083
          0.005855894647538662 0.005857481155544519 0.005859143100678921 0.005861830897629261 0.005865784361958504 0.005870926659554243
          0.005877066403627396 0.005883986596018076 0.005891446955502033 0.0058992113918066025 0.005908268969506025 0.005919215269386768
          0.005931915249675512 0.005945955403149128 0.0059607261791825294 0.005975637119263411 0.00599013501778245 0.006003702990710735
          0.006015860475599766 0.00602616835385561 0.006034255959093571 0.006039867643266916 0.006042984779924154 0.006044032517820597
          2.061814694670483e-12 4.1982620158087514e-10 7.206189422959142e-8 0.000007852867383917328 0.00012074816913809627 0.0007450415869243443
          0.0020760693587362766 0.0038459168281406164 0.005404485389590263 0.0063593764789402485 0.007095122244209051 0.0075260126031935215
          0.0077409991063177586 0.007934494875371456 0.008141114376485348 0.008441555313766003 0.00894783716648817 0.010019801557064056
          0.012517583556473255 0.01510896347463131 0.016867725178599358 0.018237704411149025 0.01948051154613495 0.020800631493330002
          0.022232361137866974 0.023434225469827652 0.023826271295547485 0.0236348994076252 0.023506879806518555 0.023597242310643196
          0.024277135729789734 0.025913752615451813 0.02881612628698349 0.03033513016998768 0.007929707877337933 0.003914731554687023
          0.0035593193024396896 0.003892139997333288 0.004389445297420025 0.004914125427603722 0.0054107001051306725 0.005568725988268852
          0.005550254136323929 0.005479348823428154 0.005419769324362278 0.005378722678869963 0.005347896832972765 0.005321335047483444
          0.005297101102769375 0.0052754259668290615 0.005257222801446915 0.00524330185726285 0.005234053824096918 0.005229418631643057
          0.0052290186285972595 0.00523245707154274 0.005237400531768799 0.0052431742660701275 0.0052494024857878685 0.005255844909697771
          0.005262487102299929 0.005269418004900217 0.005276673007756472 0.005284130573272705 0.00529151875525713 0.005298498552292585
          0.005304744932800531 0.0053099081851542 0.00531351612880826 0.0053151375614106655 5.510519883282494e-13 9.683644858204943e-11
          1.4278914939325205e-8 0.000001396711013512686 0.000024024455342441797 0.00017135555390268564 0.0005343711818568408 0.0010616015642881393
          0.0015589954564347863 0.0019939152989536524 0.002281936351209879 0.0023659025318920612 0.002254124963656068 0.002002307213842869
          0.0016869339160621166 0.001370754325762391 0.0011314204894006252 0.001027559512294829 0.0010899570770561695 0.001680699991993606
          0.002920908387750387 0.004364698193967342 0.006089983507990837 0.008286727592349052 0.010971592739224434 0.013879425823688507
          0.01662624254822731 0.018948014825582504 0.020889589563012123 0.02265085093677044 0.02474469691514969 0.02761342003941536
          0.030346624553203583 0.029596414417028427 0.011405536904931068 0.006075546145439148 0.004560575354844332 0.004206607583910227
          0.004276355262845755 0.0045114317908883095 0.004803428426384926 0.005016917362809181 0.005158647429198027 0.005265639629215002
          0.005340686067938805 0.0053557539358735085 0.005310717970132828 0.005255018826574087 0.005234007257968187 0.005234058480709791
          0.00521534588187933 0.0051681664772331715 0.00511322682723403 0.005074155051261187 0.0050600250251591206 0.005065916106104851
          0.0050813197158277035 0.005097601562738419 0.005110853351652622 0.005118353758007288 0.005118768662214279 0.005112573970109224
          0.005102071911096573 0.005090805701911449 0.0050825802609324455 0.005080336704850197 0.005085337441414595 0.005097072571516037
          0.005113756749778986 0.005133009981364012 1.2853911999458761e-13 1.9643538531899374e-11 2.456344461165827e-9 2.060167645367983e-7
          0.0000037159350085858023 0.000028731332349707372 0.00009846324246609583 0.00021398707758635283 0.0003263326361775398 0.00043348222970962524
          0.0004898841725662351 0.00047807276132516563 0.00040217911009676754 0.00030056474497541785 0.0002109069173457101 0.00016466433589812368
          0.00024114821280818433 0.0005884294514544308 0.001288113184273243 0.002208139281719923 0.003001181175932288 0.0033641704358160496
          0.003915442619472742 0.0051144566386938095 0.0075707039795815945 0.010951874777674675 0.014507516287267208 0.017888108268380165
          0.020939674228429794 0.02376955933868885 0.026701927185058594 0.029750606045126915 0.030871573835611343 0.026984399184584618
          0.014990481548011303 0.009303124621510506 0.0067794229835271835 0.005604619160294533 0.005061369854956865 0.004834861494600773
          0.004770589526742697 0.004769699182361364 0.004791634622961283 0.004825074225664139 0.0048662410117685795 0.004911432974040508
          0.004957374185323715 0.005001348908990622 0.005040674936026335 0.0050722649320960045 0.005092923995107412 0.005101011134684086
          0.0050978148356080055 0.005087083671241999 0.005073125474154949 0.005059471819549799 0.005049638915807009 0.005048072896897793
          0.005058493930846453 0.005084095988422632 0.0051256222650408745 0.005179490894079208 0.005239251535385847 0.005297091323882341
          0.005345262121409178 0.005377422086894512 0.005389722529798746 0.005381465889513493 0.005355162546038628 0.005316226277500391
          2.5121738524602928e-14 3.3622646767456077e-12 3.5815272969585976e-10 2.5293218186561717e-8 4.520365166627016e-7 0.000003611202828324167
          0.000013317343473318033 0.000030444578442256898 0.00004905918467557058 0.00006601900531677529 0.00007282584556378424 0.00006696314812870696
          0.00005268352833809331 0.00003734812344191596 0.000027651849450194277 0.00005744797454099171 0.0002980581484735012 0.0011063420679420233
          0.002745002740994096 0.005011247470974922 0.0071485103107988834 0.008142014034092426 0.007113796193152666 0.006394963711500168
          0.008002426475286484 0.010551000013947487 0.014168608002364635 0.01821836084127426 0.02210657112300396 0.02559989131987095
          0.028758279979228973 0.0312652625143528 0.031107507646083832 0.02676941081881523 0.020650845021009445 0.01413153950124979
          0.010536872781813145 0.008469171822071075 0.007222484797239304 0.006443557795137167 0.005941593553870916 0.0056042117066681385
          0.0053672450594604015 0.00519477529451251 0.005066427402198315 0.0049703833647072315 0.004899465013295412 0.004848862998187542
          0.00481483805924654 0.004794024396687746 0.00478316331282258 0.004779134877026081 0.004779133014380932 0.004780891817063093
          0.004783029668033123 0.004785385448485613 0.0047889347188174725 0.0047957818023860455 0.004809980746358633 0.004836292937397957
          0.004878640174865723 0.004940767772495747 0.005025798920542002 0.0051354761235415936 0.005269290413707495 0.005424175877124071
          0.005594642832875252 0.005773287266492844 0.005951513536274433 0.006120343692600727 3.882817241422079e-15 4.566109317906408e-13
          4.1869726435939114e-11 2.4967963252464642e-9 4.2762426488707206e-8 3.4107608826161595e-7 0.0000013377888308241381 0.0000031257677619578317
          0.000005416728072304977 0.000007513016043958487 0.000008451381290797144 0.00000794819698057836 0.0000066059938035323285 0.000005199533461563988
          0.0000066421976043784525 0.00005725232040276751 0.00042145405313931406 0.001636203844100237 0.0040739234536886215 0.007396646775305271
          0.010285765863955021 0.010959647595882416 0.009323487989604473 0.008497849106788635 0.00996155384927988 0.011792807839810848
          0.014496677555143833 0.018413159996271133 0.02265617437660694 0.026469558477401733 0.02960583195090294 0.0317683219909668
          0.03199125826358795 0.030028225854039192 0.028149573132395744 0.022420674562454224 0.017389316111803055 0.013990502804517746
          0.01171988993883133 0.010157167911529541 0.009044167585670948 0.008223372511565685 0.007596803829073906 0.0071030654944479465
          0.006703255232423544 0.006372414063662291 0.006094312760978937 0.005858215503394604 0.005656757857650518 0.0054847062565386295
          0.005338134244084358 0.005213893484324217 0.005109317600727081 0.00502211507409811 0.0049503822810947895 0.004892646335065365
          0.004847911186516285 0.0048158192075788975 0.00479681184515357 0.004792240913957357 0.004804633092135191 0.004838063847273588
          0.004897878505289555 0.004989911336451769 0.005119339097291231 0.005288713611662388 0.005495390854775906 0.005734939128160477
          0.0060018510557711124 0.006289727985858917 4.2422311086339707e-16 4.40074036510852e-14 3.5132758247763407e-12 1.7980586464183546e-10
          2.945719002056535e-9 2.3249523195545407e-8 9.571056835966374e-8 2.5128281322395196e-7 4.702829983216361e-7 6.514326855722175e-7
          7.94715106167132e-7 8.29988664463599e-7 7.844290053071745e-7 7.260380812112999e-7 0.0000017535920733280363 0.000030554048862541094
          0.000281025655567646 0.0011949815088883042 0.003140930784866214 0.006311153061687946 0.010202857665717602 0.012433027848601341
          0.011529991403222084 0.011358202435076237 0.013054221868515015 0.014973800629377365 0.016626877710223198 0.019031809642910957
          0.021959882229566574 0.024982590228319168 0.027646686881780624 0.02967020310461521 0.030812298879027367 0.031107880175113678
          0.031079363077878952 0.030093783512711525 0.027933811768889427 0.025244196876883507 0.02266915887594223 0.020469073206186295
          0.018667258322238922 0.017202649265527725 0.015999194234609604 0.014990038238465786 0.01412305049598217 0.013360200449824333
          0.012674989178776741 0.01205005869269371 0.01147477701306343 0.010943344794213772 0.010452705435454845 0.010001868940889835
          0.009590839967131615 0.009219905361533165 0.00888923741877079 0.008598677814006805 0.008347617462277412 0.00813518650829792
          0.007960603572428226 0.007823423482477665 0.007723656482994556 0.0076620914041996 0.007640422321856022 0.007660881616175175
          0.0077258688397705555 0.007838333025574684 0.007997790351510048 0.008198677562177181 0.008434629067778587 0.008698894642293453
          2.448587789235583e-17 2.261373198953983e-15 1.593625269724272e-13 7.153307460261438e-12 1.1361897533923582e-10 8.989783917279226e-10
          3.921656777094995e-9 1.1195175453337924e-8 2.5299065953277022e-8 1.6721256201890355e-7 6.8929168151044e-8 8.302746579147424e-8
          9.11062159048015e-8 9.190391381252994e-8 9.433885139742415e-8 1.816749204408552e-7 9.56466806201206e-7 0.000007869640285207424
          0.00011132986401207745 0.0009044032194651663 0.0036659473553299904 0.008741240948438644 0.013477708213031292 0.014430331066250801
          0.014045818708837032 0.016184000298380852 0.01953906938433647 0.021515946835279465 0.023205982521176338 0.024769794195890427
          0.026088772341609 0.02709132432937622 0.02777610905468464 0.028197024017572403 0.02844071015715599 0.028530772775411606
          0.028436345979571342 0.028132840991020203 0.027649154886603355 0.027052398771047592 0.026408502832055092 0.025762343779206276
          0.02513757534325123 0.024542324244976044 0.02397593855857849 0.023433787748217583 0.022910602390766144 0.022401651367545128
          0.021903859451413155 0.021415583789348602 0.020937301218509674 0.020470434799790382 0.020017217844724655 0.019580306485295296
          0.01916240155696869 0.018765883520245552 0.01839256100356579 0.018043672665953636 0.017720062285661697 0.017422394827008247
          0.01715133711695671 0.016907649114727974 0.016691969707608223 0.016503939405083656 0.016340777277946472 0.016195643693208694
          0.016064701601862907 0.015948185697197914 0.01584639772772789 0.01575973443686962
        </DataArray>
        <DataArray type="Float32" Name="CO_Gas_mass_fractions_4" format="ascii" RangeMin="1.7564807083671159e-16" RangeMax="0.27550527453422546">
          4.198057457216464e-10 1.2845235630720708e-7 0.000031552841392112896 0.0036019328981637955 0.023160867393016815 0.0639834776520729
          0.07414419203996658 0.07866016030311584 0.08446746319532394 0.09056790173053741 0.10624036192893982 0.11924634128808975
          0.12946447730064392 0.13761505484580994 0.14479118585586548 0.1516641229391098 0.15849588811397552 0.16528058052062988
          0.17201930284500122 0.17872917652130127 0.18544088304042816 0.19219045341014862 0.19900961220264435 0.20592211186885834
          0.21295547485351562 0.2201423943042755 0.22748707234859467 0.2348594218492508 0.24178408086299896 0.24700358510017395
          0.2480865716934204 0.2444852888584137 0.23740838468074799 0.1709655076265335 0.02525029517710209 0.023249484598636627
          0.023241586983203888 0.023234806954860687 0.023227738216519356 0.023220425471663475 0.023212889209389687 0.02320515364408493
          0.023197254166007042 0.0231892392039299 0.023181172087788582 0.023173118010163307 0.023165158927440643 0.02315736934542656
          0.02314983494579792 0.023142633959650993 0.023135840892791748 0.023129530251026154 0.023123763501644135 0.023118596524000168
          0.023114075884222984 0.023110240697860718 0.023107120767235756 0.023104732856154442 0.023103054612874985 0.023102011531591415
          0.023101402446627617 0.02309945411980152 0.023096993565559387 0.02309454046189785 0.02309243008494377 0.023090863600373268
          0.023089922964572906 0.023089589551091194 0.023089725524187088 0.023090042173862457 1.465461363370224e-10 3.99045205767834e-8
          0.00000912369887373643 0.001045293640345335 0.009719484485685825 0.0352458655834198 0.07052268832921982 0.10560277849435806
          0.1387123018503189 0.15684647858142853 0.16939501464366913 0.17902764678001404 0.18976829946041107 0.2011198103427887
          0.21118296682834625 0.2186831533908844 0.22291241586208344 0.2240149825811386 0.22353307902812958 0.22271773219108582
          0.2224084585905075 0.2230069488286972 0.22456148266792297 0.22692462801933289 0.22991760075092316 0.23329304158687592
          0.23664230108261108 0.23925018310546875 0.23972322046756744 0.23632939159870148 0.22842223942279816 0.2212216556072235
          0.22590495645999908 0.21579715609550476 0.029481494799256325 0.027149014174938202 0.03101646900177002 0.03518817573785782
          0.03915739804506302 0.04263681918382645 0.04549245163798332 0.04769907519221306 0.0493072010576725 0.05041394382715225
          0.05113578215241432 0.051585834473371506 0.051859017461538315 0.05202601104974747 0.05213421955704689 0.05221232771873474
          0.052275754511356354 0.05233149230480194 0.052381716668605804 0.052426230162382126 0.05246397480368614 0.05249388515949249
          0.05251528322696686 0.052527982741594315 0.05253142863512039 0.05252638831734657 0.05251622572541237 0.05250648409128189
          0.052497636526823044 0.05249005928635597 0.05248396843671799 0.05247943103313446 0.05247637629508972 0.052474625408649445
          0.05247390642762184 0.05247381702065468 4.802248529389708e-11 1.1358308960041086e-8 0.000002244492861791514 0.00027145136846229434
          0.003331237006932497 0.015826979652047157 0.038027483969926834 0.06471509486436844 0.08806534856557846 0.10150479525327682
          0.1113331988453865 0.11736986041069031 0.12538689374923706 0.13943997025489807 0.15711545944213867 0.17634747922420502
          0.1959550678730011 0.2127254158258438 0.21968981623649597 0.2207852303981781 0.22042740881443024 0.2197643667459488
          0.21915067732334137 0.21874083578586578 0.21865397691726685 0.21887019276618958 0.21864572167396545 0.21646472811698914
          0.2113960087299347 0.20482490956783295 0.2031170129776001 0.2090516835451126 0.22686073184013367 0.2403976321220398
          0.04525115340948105 0.02787037193775177 0.03274940699338913 0.03850965201854706 0.04388470575213432 0.04825785383582115
          0.05142185464501381 0.053471893072128296 0.05466091260313988 0.05527478829026222 0.055553730577230453 0.05566325783729553
          0.0557003878057003 0.05571518838405609 0.05573073402047157 0.0557561069726944 0.055793605744838715 0.05584251508116722
          0.05590100586414337 0.055966999381780624 0.056038208305835724 0.05611236020922661 0.05619893968105316 0.056303638964891434
          0.05642513930797577 0.05655943974852562 0.056700702756643295 0.05684325471520424 0.05698179081082344 0.05711137875914574
          0.05722744017839432 0.05732586607336998 0.057403113692998886 0.05745672434568405 0.05748650059103966 0.05749651417136192
          1.4292765755652415e-11 2.8737749957485903e-9 4.918611580251309e-7 0.00005947051613475196 0.0008847319986671209 0.005269784014672041
          0.014640260487794876 0.02729407139122486 0.03905656188726425 0.04729108139872551 0.05380763113498688 0.05792994797229767
          0.06012554466724396 0.06187523901462555 0.06350379437208176 0.06566505134105682 0.06914911419153214 0.07626433670520782
          0.09199780225753784 0.10744144022464752 0.11712067574262619 0.12452901154756546 0.13157516717910767 0.13971078395843506
          0.1493431031703949 0.1589163839817047 0.16557089984416962 0.17029638588428497 0.17638437449932098 0.18427525460720062
          0.19577111303806305 0.2137642204761505 0.2402060329914093 0.25450262427330017 0.0689791738986969 0.035928331315517426
          0.03350396826863289 0.03691422566771507 0.04171799123287201 0.04673056676983833 0.05146037042140961 0.052964162081480026
          0.052785616368055344 0.05210667848587036 0.05153614282608032 0.05114200338721275 0.050844889134168625 0.05058801919221878
          0.05035305395722389 0.05014241486787796 0.049965061247348785 0.04982897266745567 0.0497380793094635 0.04969194903969765
          0.04968705773353577 0.04971962794661522 0.04976732283830643 0.049824025481939316 0.04988599568605423 0.04995059594511986
          0.050017278641462326 0.05008653178811073 0.05015840753912926 0.05023162066936493 0.05030355229973793 0.05037105455994606
          0.05043116584420204 0.0504806824028492 0.05051521211862564 0.05053070932626724 3.8905788313226e-12 6.85192291793868e-10
          1.0142649387034908e-7 0.000010868357094295789 0.0001813154958654195 0.0012532166438177228 0.0039311861619353294 0.007958251982927322
          0.01195872575044632 0.01559360884130001 0.018127376213669777 0.01905774138867855 0.01838734932243824 0.016529126092791557
          0.014096463099122047 0.011608620174229145 0.009745122864842415 0.009049877524375916 0.009768202900886536 0.014332551509141922
          0.0231632050126791 0.03337690234184265 0.04546234384179115 0.060860224068164825 0.08055462688207626 0.1034802794456482
          0.12646730244159698 0.14757944643497467 0.16671644151210785 0.18502430617809296 0.20545189082622528 0.23132066428661346
          0.255546897649765 0.2509572505950928 0.09831883013248444 0.05397634953260422 0.04167579486966133 0.039162345230579376
          0.0402226559817791 0.04266049340367317 0.045548319816589355 0.047642406076192856 0.0490267388522625 0.050063904374837875
          0.05078582465648651 0.050929564982652664 0.05049804970622063 0.04996568709611893 0.04976537078619003 0.04976378008723259
          0.049576323479413986 0.04910917952656746 0.048562295734882355 0.048165224492549896 0.04800854250788689 0.048047877848148346
          0.0481833778321743 0.048331402242183685 0.048454649746418 0.048527792096138 0.04853826388716698 0.048490140587091446
          0.04840425029397011 0.04831281676888466 0.04825041443109512 0.04824361577630043 0.04830349236726761 0.04842473566532135
          0.048590272665023804 0.04877745732665062 9.1582579193894e-13 1.417678752169138e-10 1.781277703116757e-8 0.0000015124140873012948
          0.00002891642361646518 0.00021790953178424388 0.0007541506201960146 0.0016662739217281342 0.002615189179778099 0.003533360082656145
          0.004059697967022657 0.004029147792607546 0.0034524237271398306 0.002635596552863717 0.0018969723023474216 0.001528803026303649
          0.002290847711265087 0.005590256303548813 0.012198800221085548 0.020871587097644806 0.028338585048913956 0.031209245324134827
          0.03505168855190277 0.04344639927148819 0.062427252531051636 0.08885148912668228 0.11792419850826263 0.14672434329986572
          0.17366299033164978 0.1991073489189148 0.22495654225349426 0.25151413679122925 0.2626247704029083 0.23193210363388062
          0.1295740157365799 0.0815681517124176 0.06045704707503319 0.05080052837729454 0.04650061950087547 0.04487479478120804
          0.04460325464606285 0.044823288917541504 0.04519127681851387 0.04562389478087425 0.046098921447992325 0.046589020639657974
          0.04706815257668495 0.04751446470618248 0.047905776649713516 0.048215363174676895 0.048414602875709534 0.04848891496658325
          0.04845132306218147 0.04833824560046196 0.04819118231534958 0.0480433851480484 0.0479268915951252 0.0478830523788929
          0.04794812947511673 0.048153892159461975 0.04850895702838898 0.04898148030042648 0.04951286315917969 0.05003177002072334
          0.05046733096241951 0.05076147988438606 0.05087893083691597 0.05081316828727722 0.05058688670396805 0.05024906247854233
          1.7963336710041106e-13 2.4474497081761193e-11 2.634290563463537e-9 1.8526066014601383e-7 0.0000034769648209476145 0.00002836991370713804
          0.00010583055700408295 0.00024605426006019115 0.00040913053089752793 0.0005644217599183321 0.0006376111414283514 0.0006028975476510823
          0.0004927897825837135 0.000369661400327459 0.0002943947329185903 0.000588497961871326 0.0028705152217298746 0.010501603595912457
          0.025941239669919014 0.04726047441363335 0.0673435777425766 0.07667415589094162 0.06666850298643112 0.058299463242292404
          0.07025595754384995 0.09037712216377258 0.12004049122333527 0.15401624143123627 0.18714100122451782 0.2170705497264862
          0.2441164255142212 0.26622143387794495 0.2670103907585144 0.23258662223815918 0.1811845898628235 0.12463951110839844
          0.09360788762569427 0.07587530463933945 0.06526927649974823 0.05870755389332771 0.05452834442257881 0.051752544939517975
          0.049823660403490067 0.04843385890126228 0.047410547733306885 0.046654827892780304 0.046107251197099686 0.045728135854005814
          0.04548629745841026 0.04535307735204697 0.045300181955099106 0.04530015587806702 0.04532816633582115 0.045364219695329666
          0.04539647325873375 0.045424386858940125 0.04545778036117554 0.045516740530729294 0.04563919082283974 0.04586914926767349
          0.04624273627996445 0.04679474979639053 0.0475551038980484 0.04854133725166321 0.049750059843063354 0.05115412175655365
          0.0527038611471653 0.05433173477649689 0.05595897138118744 0.05750303715467453 2.781983322907352e-14 3.338784110296089e-12
          3.122843372782569e-10 1.8757082997922225e-8 3.186255810305738e-7 0.0000025873569029499777 0.00001085717485693749 0.000026343599529354833
          0.0000495634667458944 0.00007346024358412251 0.00008840119699016213 0.00009094687266042456 0.00008606819756096229 0.00008069084287853912
          0.00010261869465466589 0.0005897071678191423 0.004035983234643936 0.015492483042180538 0.03843403980135918 0.06963823735713959
          0.0966891422867775 0.10285494476556778 0.08706323802471161 0.07804867625236511 0.08918798714876175 0.10357453674077988
          0.12575902044773102 0.15841369330883026 0.19402937591075897 0.2261018455028534 0.2526822090148926 0.2718055844306946
          0.27550527453422546 0.26101499795913696 0.24720202386379242 0.1984369158744812 0.15480633080005646 0.12520462274551392
          0.10541986674070358 0.0918174609541893 0.08214470744132996 0.0750221312046051 0.06959079951047897 0.06531300395727158
          0.061848804354667664 0.05898081511259079 0.05656827241182327 0.05451825261116028 0.0527678057551384 0.05127215385437012
          0.04999743029475212 0.04891640692949295 0.04800613969564438 0.04724682867527008 0.046621859073638916 0.0461183600127697
          0.04572807624936104 0.04544864222407341 0.04528462886810303 0.04524888098239899 0.04536532610654831 0.04567216709256172
          0.046219006180763245 0.04705916345119476 0.04824026674032211 0.049786146730184555 0.051673632115125656 0.05386296287178993
          0.056304652243852615 0.058940887451171875 3.0427413992800516e-15 3.222331255992028e-13 2.636619221563219e-11 1.3782424090891254e-9
          2.2566387869460414e-8 1.754324188141254e-7 7.319578685383021e-7 0.000002065467015199829 0.000004041467946080957 0.00000780002574174432
          0.00001535013143438846 0.00002190850136685185 0.000027783436962636188 0.000033964966860366985 0.00005104327283333987 0.000331229530274868
          0.0027030250057578087 0.011320922523736954 0.029627138748764992 0.05938897654414177 0.09580256044864655 0.11635825037956238
          0.10706740617752075 0.10358693450689316 0.11700893193483353 0.1322101652622223 0.14536495506763458 0.16535097360610962
          0.18981993198394775 0.2151097059249878 0.2375347912311554 0.25495752692222595 0.26539573073387146 0.2689639925956726
          0.2699401080608368 0.2626700699329376 0.24503189325332642 0.2224741280078888 0.20063093304634094 0.1818581521511078
          0.16643185913562775 0.1538662612438202 0.143525630235672 0.1348426789045334 0.12737174332141876 0.12078653275966644
          0.11485935747623444 0.1094413623213768 0.10444207489490509 0.09981314837932587 0.09553011506795883 0.0915866270661354
          0.08798501640558243 0.08472999185323715 0.08182509243488312 0.07927078753709793 0.07706337422132492 0.07519669085741043
          0.07366525381803513 0.07246643304824829 0.07160161435604095 0.07107901573181152 0.07091483473777771 0.07112989574670792
          0.07174630463123322 0.07279091328382492 0.07426031678915024 0.0761057436466217 0.07827100157737732 0.0806962102651596
          1.7564807083671159e-16 1.6549575363009224e-14 1.196694869934345e-12 5.5275645172159216e-11 8.880007840161852e-10 6.970594768063165e-9
          3.072500476264395e-8 9.007420942452882e-8 2.069653106673286e-7 8.852360338096332e-7 0.0000021264470433379756 0.000007341051059484016
          0.000012652674740820657 0.000017703252524370328 0.000022878168238094077 0.000029277241992531344 0.00004292720041121356 0.00011555868695722893
          0.0011019217781722546 0.008594843558967113 0.03459516912698746 0.08215736597776413 0.12615615129470825 0.13429617881774902
          0.12889795005321503 0.14505097270011902 0.17177554965019226 0.18758665025234222 0.2015780508518219 0.2146533578634262
          0.22577543556690216 0.23437806963920593 0.2404307723045349 0.24434447288513184 0.24681909382343292 0.24803224205970764
          0.24769741296768188 0.24557073414325714 0.2418685257434845 0.23714883625507355 0.2319742888212204 0.22673478722572327
          0.22164052724838257 0.21676810085773468 0.2121172547340393 0.20765216648578644 0.20333026349544525 0.19911274313926697
          0.19497455656528473 0.1909026801586151 0.18690237402915955 0.1829870492219925 0.17917726933956146 0.1754973977804184
          0.17197228968143463 0.16862405836582184 0.1654699146747589 0.16252197325229645 0.15978893637657166 0.1572778970003128
          0.15499591827392578 0.15295091271400452 0.15114963054656982 0.14958995580673218 0.14824827015399933 0.14706473052501678
          0.14600609242916107 0.14507535099983215 0.14427606761455536 0.14361265301704407
        </DataArray>
        <DataArray type="Float32" Name="CO2_Gas_mass_fractions_5" format="ascii" RangeMin="4.553055142584857e-16" RangeMax="0.3027418851852417">
          4.742075621066988e-10 1.2834753704282775e-7 0.000027719215722754598 0.0030726431868970394 0.017655910924077034 0.04667281731963158
          0.12113011628389359 0.10629735887050629 0.10528386384248734 0.10755584388971329 0.1191517561674118 0.1263020634651184
          0.12940725684165955 0.13016007840633392 0.13013076782226562 0.1300092190504074 0.12998957931995392 0.13007774949073792
          0.13028593361377716 0.13063329458236694 0.1311430186033249 0.1318391114473343 0.13274294137954712 0.1338709443807602
          0.13523982465267181 0.13688570261001587 0.13891059160232544 0.1415873020887375 0.14563356339931488 0.15287047624588013
          0.16592133045196533 0.1825936883687973 0.204367533326149 0.14611850678920746 0.013864072039723396 0.012372838333249092
          0.012368232943117619 0.012364544905722141 0.01236069854348898 0.012356720864772797 0.01235262118279934 0.012348413467407227
          0.01234411634504795 0.012339756824076176 0.012335368432104588 0.012330988422036171 0.012326658703386784 0.012322423048317432
          0.01231832429766655 0.012314407154917717 0.012310713529586792 0.01230728067457676 0.012304144911468029 0.01230133417993784
          0.012298875488340855 0.012296788394451141 0.012295090593397617 0.012293791398406029 0.012292877770960331 0.012292308732867241
          0.012291976250708103 0.01229091640561819 0.012289579026401043 0.012288245372474194 0.012287098914384842 0.012286247685551643
          0.012285737320780754 0.012285555712878704 0.012285630218684673 0.012285802513360977 1.7483921255223578e-10 4.173771728233078e-8
          0.000008329603588208556 0.0009189325501210988 0.007731365039944649 0.02552139200270176 0.05672562122344971 0.08332037925720215
          0.10807683318853378 0.22837558388710022 0.22572189569473267 0.21676267683506012 0.20521198213100433 0.1918879598379135
          0.1786915361881256 0.1665705293416977 0.15685608983039856 0.15041838586330414 0.14618369936943054 0.1434357762336731
          0.14179572463035583 0.14103452861309052 0.1410021036863327 0.14162054657936096 0.14291666448116302 0.1450139284133911
          0.14814837276935577 0.1528874784708023 0.16060461103916168 0.17264507710933685 0.19042931497097015 0.20760782063007355
          0.21536785364151 0.18745718896389008 0.016745181754231453 0.014494153670966625 0.016596095636487007 0.018864784389734268
          0.021023422479629517 0.022915706038475037 0.02446872740983963 0.025668727234005928 0.02654314413666725 0.027144772931933403
          0.027536945417523384 0.027781175449490547 0.027929076924920082 0.028019098564982414 0.0280770231038332 0.028118455782532692
          0.028151797130703926 0.028180863708257675 0.028206853196024895 0.02822967991232872 0.02824879251420498 0.0282636359333992
          0.028273876756429672 0.028279457241296768 0.028279928490519524 0.02827569469809532 0.028268691152334213 0.028262004256248474
          0.028255965560674667 0.028250815346837044 0.028246695175766945 0.028243638575077057 0.028241589665412903 0.028240421786904335
          0.028239939361810684 0.02823987975716591 6.134037028315831e-11 1.2724404641062392e-8 0.000002235580723208841 0.00024577841395512223
          0.0027557401917874813 0.011901712976396084 0.027872221544384956 0.05433189123868942 0.10322965681552887 0.25583258271217346
          0.253435343503952 0.2496061474084854 0.24464116990566254 0.23591412603855133 0.22437205910682678 0.2109982967376709
          0.196038618683815 0.18126903474330902 0.17286768555641174 0.1689402163028717 0.16679950058460236 0.16579416394233704
          0.16572968661785126 0.16650445759296417 0.16801726818084717 0.17025478184223175 0.17397819459438324 0.18070724606513977
          0.19155456125736237 0.20520104467868805 0.21582713723182678 0.22153320908546448 0.2199869006872177 0.20183007419109344
          0.029179057106375694 0.014946462586522102 0.017547281458973885 0.02070477046072483 0.02367844060063362 0.026131222024559975
          0.027939293533563614 0.029139451682567596 0.029857076704502106 0.030242081731557846 0.030426302924752235 0.030504707247018814
          0.030535617843270302 0.03055034577846527 0.03056381270289421 0.03058205358684063 0.03060665912926197 0.030637195333838463
          0.030672485008835793 0.030711211264133453 0.03075198084115982 0.030793486163020134 0.030840672552585602 0.030896412208676338
          0.030960381031036377 0.03103061579167843 0.03110402636229992 0.031177662312984467 0.031248807907104492 0.03131498768925667
          0.03137395530939102 0.03142372518777847 0.03146262839436531 0.0314895398914814 0.031504448503255844 0.03150945529341698
          1.9887289731679303e-11 3.5433140865848145e-9 5.371205702431325e-7 0.0000556706654606387 0.0007610702887177467 0.004141493234783411
          0.011200950480997562 0.044542096555233 0.14568693935871124 0.2828274965286255 0.28079885244369507 0.2791011333465576
          0.2783527374267578 0.27777135372161865 0.27712804079055786 0.27610400319099426 0.2742840051651001 0.27029305696487427
          0.26067468523979187 0.2503909170627594 0.24312418699264526 0.23742158710956573 0.23234687745571136 0.2271411269903183
          0.22172246873378754 0.2176317274570465 0.21748915314674377 0.22044961154460907 0.22383509576320648 0.22694575786590576
          0.22802399098873138 0.2257285714149475 0.21741347014904022 0.19920916855335236 0.04660683497786522 0.02093878760933876
          0.018348120152950287 0.019926803186535835 0.022500982508063316 0.02527952753007412 0.0279898252338171 0.028942294418811798
          0.028941534459590912 0.028622612357139587 0.028332766145467758 0.028125092387199402 0.02796540968120098 0.027827104553580284
          0.027702059596776962 0.0275922529399395 0.02750263921916485 0.02743736281991005 0.027398226782679558 0.027384577319025993
          0.027394035831093788 0.027424121275544167 0.027462845668196678 0.027508031576871872 0.027557136490941048 0.027608254924416542
          0.027660826221108437 0.027714986354112625 0.027770617976784706 0.02782673016190529 0.027881450951099396 0.027932537719607353
          0.02797785773873329 0.02801506407558918 0.0280409324914217 0.028052566573023796 5.853496073265907e-12 9.078526819195076e-10
          1.1737443372794587e-7 0.000010610321623971686 0.0001626490702619776 0.0010365352500230074 0.004336882382631302 0.081778883934021
          0.26244160532951355 0.2969173491001129 0.2961018979549408 0.295902818441391 0.29633769392967224 0.29718217253685
          0.29818081855773926 0.29914480447769165 0.29987409710884094 0.30023708939552307 0.3001430034637451 0.29825451970100403
          0.29393982887268066 0.2888921797275543 0.28279805183410645 0.2750103771686554 0.2658425569534302 0.25655826926231384
          0.2483367919921875 0.2421785145998001 0.23784023523330688 0.23460397124290466 0.230211079120636 0.22231219708919525
          0.20759719610214233 0.1805398315191269 0.06613126397132874 0.03351077437400818 0.02422012761235237 0.021880505606532097
          0.022051507607102394 0.02321235090494156 0.0247481856495142 0.0259086973965168 0.026701845228672028 0.027313927188515663
          0.027760189026594162 0.02787899412214756 0.02765059284865856 0.02734355628490448 0.02722114510834217 0.027214404195547104
          0.02710052579641342 0.026824986562132835 0.02650619111955166 0.026280082762241364 0.026199715211987495 0.02623741514980793
          0.02633170783519745 0.026430748403072357 0.026511849835515022 0.026559127494692802 0.026564624160528183 0.026531098410487175
          0.026472534984350204 0.026411009952425957 0.026371028274297714 0.026372406631708145 0.026424605399370193 0.026525449007749557
          0.026663905009627342 0.02682407572865486 1.5074616901977755e-12 2.0461694838491695e-10 2.238539664745076e-8 0.0000016546125607419526
          0.00002743343975453172 0.00021515959815587848 0.011993872001767159 0.053174786269664764 0.2981623709201813 0.30157896876335144
          0.30144283175468445 0.30150169134140015 0.30173248052597046 0.3020162284374237 0.30225059390068054 0.30236560106277466
          0.3021901547908783 0.3013950288295746 0.29979345202445984 0.29768359661102295 0.29586291313171387 0.2947711944580078
          0.2928352355957031 0.2885793149471283 0.2806730568408966 0.269877552986145 0.2591266334056854 0.24950355291366577
          0.24137963354587555 0.2342212051153183 0.22635962069034576 0.2151045799255371 0.19409827888011932 0.1556561440229416
          0.08578259497880936 0.052118126302957535 0.03716094419360161 0.030150018632411957 0.026846637949347496 0.025404661893844604
          0.02492702007293701 0.024846043437719345 0.024919018149375916 0.025069663301110268 0.02526937797665596 0.025493815541267395
          0.025723440572619438 0.02594401314854622 0.026142330840229988 0.026302119717001915 0.02640519291162491 0.02644134685397148
          0.02641693502664566 0.026352735236287117 0.026273328810930252 0.026199521496891975 0.026152659207582474 0.02615969069302082
          0.026242950931191444 0.026419874280691147 0.026692884042859077 0.027039669454097748 0.02742072567343712 0.02778797037899494
          0.028093460947275162 0.028297768905758858 0.02837684564292431 0.02832619473338127 0.028161196038126945 0.027915341779589653
          3.2794494658934525e-13 3.909926549194864e-11 3.652266711284824e-9 2.2418139167257323e-7 0.000003774165861614165 0.00006258227222133428
          0.015098768286406994 0.10513299703598022 0.3013645112514496 0.3025814890861511 0.3025679588317871 0.3025833070278168
          0.30261707305908203 0.30264943838119507 0.3026650846004486 0.3025890290737152 0.3020354211330414 0.30019131302833557
          0.29644039273262024 0.2912255525588989 0.2862875759601593 0.28399893641471863 0.28621232509613037 0.2870117425918579
          0.28155431151390076 0.2735307514667511 0.2627173662185669 0.25104740262031555 0.24017512798309326 0.23053696751594543
          0.22126726806163788 0.20944245159626007 0.18785177171230316 0.15282279253005981 0.11977530270814896 0.08151920139789581
          0.06019841507077217 0.04787803441286087 0.04042039066553116 0.03574078157544136 0.0327114574611187 0.03066733293235302
          0.029224295169115067 0.02816370129585266 0.027359191328287125 0.0267369132488966 0.026252703741192818 0.02587859518826008
          0.02559475414454937 0.02538479119539261 0.025233479216694832 0.025126304477453232 0.02505006268620491 0.0249938927590847
          0.02495102398097515 0.024920754134655 0.02490866929292679 0.024927284568548203 0.02500089444220066 0.0251601692289114
          0.025433750823140144 0.02584937773644924 0.026426680386066437 0.027173424139618874 0.028081821277737617 0.02912556193768978
          0.030260857194662094 0.0314314067363739 0.03257470577955246 0.03362969309091568 5.694629609444973e-14 5.98927374709235e-12
          4.839236233955546e-10 2.5224393240819154e-8 4.356989791176602e-7 0.000013326028238225263 0.0015019961865618825 0.21080899238586426
          0.3021056354045868 0.30272427201271057 0.30272260308265686 0.30271947383880615 0.3027176260948181 0.3027150332927704
          0.30270498991012573 0.30258288979530334 0.3017500340938568 0.29897621273994446 0.29337480664253235 0.28568166494369507
          0.2789266109466553 0.2772595286369324 0.2808349132537842 0.2820318043231964 0.277163028717041 0.2713713049888611
          0.26332566142082214 0.2519802749156952 0.23986275494098663 0.2289929986000061 0.21958741545677185 0.20974133908748627
          0.19531522691249847 0.17594113945960999 0.16477805376052856 0.13247248530387878 0.1032908707857132 0.08325722068548203
          0.06974480301141739 0.0603899210691452 0.0537019707262516 0.04875587671995163 0.04496738687157631 0.04196557030081749
          0.03951298072934151 0.03745652735233307 0.035697076469659805 0.034170202910900116 0.032833606004714966 0.0316590741276741
          0.030627090483903885 0.029723389074206352 0.028936805203557014 0.028258098289370537 0.027679696679115295 0.027195846661925316
          0.026802634820342064 0.026499364525079727 0.026290807873010635 0.026189543306827545 0.026218721643090248 0.026415469124913216
          0.026833049952983856 0.02753382734954357 0.028574490919709206 0.02998318523168564 0.031728025525808334 0.03375326469540596
          0.03598808869719505 0.038350336253643036 7.020409390135667e-15 6.575669913091997e-13 4.663377670133251e-11 2.118301756226515e-9
          3.9349426828039213e-8 0.0000017501774891570676 0.00017735701112542301 0.012276433408260345 0.06032149866223335 0.29988452792167664
          0.3027363121509552 0.3027384281158447 0.30273333191871643 0.3027277886867523 0.30271923542022705 0.3026472330093384
          0.30207177996635437 0.29997894167900085 0.2954995930194855 0.2881646752357483 0.27907878160476685 0.27365511655807495
          0.27525463700294495 0.2745263874530792 0.2691231071949005 0.2631402909755707 0.25805386900901794 0.2510712444782257
          0.24265457689762115 0.2339635044336319 0.22611171007156372 0.21902930736541748 0.21175439655780792 0.20417463779449463
          0.19890634715557098 0.19030460715293884 0.1759818196296692 0.1592119336128235 0.14351670444011688 0.13028568029403687
          0.11957371234893799 0.11096624284982681 0.10397283732891083 0.09816437214612961 0.09320411086082458 0.08884421736001968
          0.08491074293851852 0.08129015564918518 0.0779150128364563 0.0747525617480278 0.07179059833288193 0.06903333961963654
          0.06649377942085266 0.06418802589178085 0.062131840735673904 0.06033828854560852 0.05881607532501221 0.05757065862417221
          0.056607335805892944 0.05593416839838028 0.05556461960077286 0.05552304536104202 0.05584888905286789 0.05659494549036026
          0.05782308056950569 0.05960463359951973 0.06195078045129776 0.06479053199291229 0.0680294781923294 0.07155489176511765
          4.553055142584857e-16 3.863592388728132e-14 2.4582963702862726e-12 1.0034265779390594e-10 2.0255643828903658e-9 1.1136739175299226e-7
          0.000011612126399995759 0.0006407030741684139 0.056147776544094086 0.16850678622722626 0.2993728220462799 0.3027382791042328
          0.3027418851852417 0.30273765325546265 0.30273327231407166 0.3027283251285553 0.30272120237350464 0.30269938707351685
          0.3024595081806183 0.30066680908203125 0.29438498616218567 0.28263333439826965 0.27134397625923157 0.2685929536819458
          0.26831290125846863 0.2609557509422302 0.25053349137306213 0.24454648792743683 0.23962998390197754 0.23511788249015808
          0.23126783967018127 0.22813451290130615 0.22555671632289886 0.2234409749507904 0.2218567430973053 0.2203618586063385
          0.21835675835609436 0.21551302075386047 0.21196429431438446 0.2081240564584732 0.20437924563884735 0.20096345245838165
          0.19796884059906006 0.1953873485326767 0.1931583285331726 0.19120100140571594 0.18943814933300018 0.18780264258384705
          0.18624652922153473 0.18473811447620392 0.1832696497440338 0.18184597790241241 0.18048372864723206 0.17920778691768646
          0.17804735898971558 0.17703187465667725 0.17618772387504578 0.17553754150867462 0.17510169744491577 0.17490045726299286
          0.1749558299779892 0.1752924919128418 0.17593418061733246 0.17689062654972076 0.17813509702682495 0.17957720160484314
          0.18116022646427155 0.1828790158033371 0.1847221702337265 0.18667057156562805
        </DataArray>
        <DataArray type="Float32" Name="H2_Gas_mass_fractions_6" format="ascii" RangeMin="2.9865676962304735e-17" RangeMax="0.04723352938890457">
          7.08841041419106e-11 2.172944491007911e-8 0.000005368633082980523 0.000612387026194483 0.00392915727570653 0.010804954916238785
          0.011266726069152355 0.011877172626554966 0.012855803593993187 0.013923079706728458 0.01675395853817463 0.019077155739068985
          0.020881686359643936 0.02230556681752205 0.023552386090159416 0.024745384231209755 0.0259321890771389 0.027111973613500595
          0.028285257518291473 0.02945549041032791 0.030628640204668045 0.03181178867816925 0.033011436462402344 0.03423289582133293
          0.03548230603337288 0.036766935139894485 0.03808925300836563 0.039428673684597015 0.040706586092710495 0.04171581193804741
          0.04204811155796051 0.041580379009246826 0.0405355840921402 0.029253875836730003 0.004344293847680092 0.004001818131655455
          0.0040004621259868145 0.003999295178800821 0.003998078405857086 0.003996819723397493 0.003995522856712341 0.003994191065430641
          0.003992831334471703 0.003991452045738697 0.003990062978118658 0.00398867717012763 0.0039873067289590836 0.003985966090112925
          0.0039846692234277725 0.003983429633080959 0.00398226035758853 0.003981174435466528 0.003980181645601988 0.00397929223254323
          0.003978514112532139 0.0039778538048267365 0.003977316897362471 0.003976906184107065 0.003976617008447647 0.003976437728852034
          0.003976332489401102 0.003975997678935528 0.003975573927164078 0.00397515157237649 0.00397478835657239 0.003974518738687038
          0.003974356688559055 0.0039742994122207165 0.003974322695285082 0.003974377643316984 2.4819741747950097e-11 6.765905169459074e-9
          0.0000015538915931756492 0.00017785225645639002 0.0016505924286320806 0.005969590973109007 0.011877471581101418 0.017804479226469994
          0.02336280420422554 0.02642565593123436 0.028563853353261948 0.030227448791265488 0.03205031156539917 0.03394053503870964
          0.03559388965368271 0.036802444607019424 0.03745806962251663 0.037596188485622406 0.03747481852769852 0.03730620816349983
          0.03723514452576637 0.03733151778578758 0.037603843957185745 0.03802671656012535 0.03857007995247841 0.03919243812561035
          0.03982428461313248 0.040344491600990295 0.04051947221159935 0.04005388915538788 0.03884323686361313 0.03773850202560425
          0.0386175662279129 0.03693245351314545 0.005069685634225607 0.004673027899116278 0.005338731687515974 0.006056796293705702
          0.006740008480846882 0.007338911760598421 0.007830443792045116 0.008210264146327972 0.008487067185342312 0.008677568286657333
          0.008801816031336784 0.008879282511770725 0.008926304057240486 0.008955048397183418 0.008973673917353153 0.008987118490040302
          0.008998035453259945 0.009007629938423634 0.009016274474561214 0.009023936465382576 0.009030433371663094 0.009035581722855568
          0.009039265103638172 0.009041450917720795 0.00904204323887825 0.009041176177561283 0.009039427153766155 0.009037749841809273
          0.009036227129399776 0.00903492234647274 0.009033874608576298 0.009033093228936195 0.009032567031681538 0.009032266214489937
          0.009032142348587513 0.009032126516103745 8.147833970018059e-12 1.9275971929744173e-9 3.81327367904305e-7 0.0000462272328149993
          0.0005663259653374553 0.0026850446593016386 0.006445525214076042 0.010959813371300697 0.014917946420609951 0.01722298562526703
          0.018919967114925385 0.01997072622179985 0.021342888474464417 0.02372242510318756 0.02670273929834366 0.02993464097380638
          0.033213138580322266 0.035993438214063644 0.03712198883295059 0.03726929426193237 0.037181273102760315 0.03705256059765816
          0.036943621933460236 0.03688086196780205 0.03688434511423111 0.03695029765367508 0.03695555031299591 0.036647990345954895
          0.03587199002504349 0.03485305607318878 0.03464888781309128 0.03572949022054672 0.03881639242172241 0.041154954582452774
          0.007768691051751375 0.0047968789003789425 0.005637013353407383 0.006628512404859066 0.007553709205240011 0.008306448347866535
          0.008851057849824429 0.009203922934830189 0.009408589452505112 0.009514261037111282 0.00956228282302618 0.009581131860613823
          0.00958751980215311 0.009590065106749535 0.009592738933861256 0.009597104042768478 0.009603558108210564 0.009611975401639938
          0.009622042998671532 0.009633403271436691 0.00964566133916378 0.009658426977694035 0.00967333186417818 0.009691357612609863
          0.009712276048958302 0.00973539799451828 0.009759717620909214 0.009784259833395481 0.009808110073208809 0.009830419905483723
          0.009850399568676949 0.009867344051599503 0.009880642406642437 0.009889871813356876 0.00989499781280756 0.009896721690893173
          2.4260103474726957e-12 4.874641801322355e-10 8.341950064050252e-8 0.00001013870132737793 0.000150593594298698 0.0008954202639870346
          0.00248724059201777 0.00463850749656558 0.00664352485910058 0.008055001497268677 0.009172741323709488 0.009881602600216866
          0.010259686037898064 0.010559529066085815 0.010837012901902199 0.011203985661268234 0.011794705875217915 0.012999449856579304
          0.015656335279345512 0.018255818635225296 0.01987667940557003 0.021115748211741447 0.0222979374229908 0.023670004680752754
          0.025302568450570107 0.02693856693804264 0.02810262329876423 0.028957726433873177 0.03005230613052845 0.03145556151866913
          0.03346671909093857 0.03657982125878334 0.04112452641129494 0.043585244566202164 0.011831293813884258 0.00617578299716115
          0.00576469860970974 0.006353280041366816 0.007180607412010431 0.008043532259762287 0.008857672102749348 0.009116490371525288
          0.00908573530614376 0.008968865498900414 0.00887063518166542 0.008802767843008041 0.008751600980758667 0.008707359433174133
          0.008666886016726494 0.008630599826574326 0.008600044064223766 0.008576595224440098 0.00856092944741249 0.0085529750213027
          0.008552124723792076 0.008557729423046112 0.008565941825509071 0.008575713261961937 0.008586396463215351 0.008597536012530327
          0.008609035983681679 0.008620976470410824 0.008633366785943508 0.00864598248153925 0.008658373728394508 0.008669999428093433
          0.008680349215865135 0.008688874542713165 0.008694819174706936 0.008697486482560635 6.609960517302282e-13 1.164247170892807e-10
          1.7237287153193392e-8 0.0000018551938865130069 0.000030906165193300694 0.00021329530864022672 0.0006692749448120594 0.0013561046216636896
          0.002039941493421793 0.00266145053319633 0.0030952380038797855 0.0032552513293921947 0.0031414104159921408 0.0028240142855793238
          0.0024078942369669676 0.0019819363951683044 0.0016627301229164004 0.0015438286354765296 0.0016672317869961262 0.00244545703753829
          0.003946386277675629 0.005681837908923626 0.0077345110476017 0.010350136086344719 0.01370326243340969 0.017619814723730087
          0.021557223051786423 0.025185709819197655 0.028484614565968513 0.03164641186594963 0.03516649082303047 0.039610978215932846
          0.04377055913209915 0.04299766942858696 0.01685725338757038 0.009266064502298832 0.007162514142692089 0.006735420320183039
          0.006920498330146074 0.0073414151556789875 0.007839187979698181 0.008200028911232948 0.008438537828624249 0.008617185987532139
          0.008741497993469238 0.008766244165599346 0.008691951632499695 0.008600306697189808 0.008565826341509819 0.008565540425479412
          0.00853321235626936 0.008452685549855232 0.008358393795788288 0.0082898810505867 0.008262764662504196 0.008269423618912697
          0.008292672224342823 0.008318102918565273 0.008339297026395798 0.00835189688950777 0.008353741839528084 0.008345529437065125
          0.008330839686095715 0.00831520650535822 0.008304571732878685 0.008303498849272728 0.008313886821269989 0.008334820158779621
          0.008363358676433563 0.0083956029266119 1.55667254260472e-13 2.411244467981355e-11 3.030382611513005e-9 2.5745248422026634e-7
          0.000004935950528306421 0.00003715239290613681 0.00012863815936725587 0.00028443807968869805 0.00044672004878520966 0.0006029805517755449
          0.0006924226181581616 0.000686630723066628 0.000587196322157979 0.0004464015946723521 0.00031877297442406416 0.0002545209426898509
          0.00038437932380475104 0.0009504974586889148 0.002085780957713723 0.00357625400647521 0.0048595452681183815 0.005349696148186922
          0.006002556066960096 0.007429462857544422 0.010670243762433529 0.015183857642114162 0.020159393548965454 0.025096656754612923
          0.029721353203058243 0.03409259393811226 0.03852981701493263 0.04308640584349632 0.045002538710832596 0.03976050391793251
          0.02221839874982834 0.013995040208101273 0.010380101390182972 0.008727834559977055 0.007993344217538834 0.0077169290743768215
          0.007672391831874847 0.007711742073297501 0.007776116020977497 0.00785132311284542 0.007933628745377064 0.008018379099667072
          0.008101125247776508 0.008178130723536015 0.008245598524808884 0.008298947475850582 0.00833326019346714 0.00834603514522314
          0.00833951961249113 0.008319984190165997 0.008294576779007912 0.008269019424915314 0.00824881624430418 0.008241076953709126
          0.00825205072760582 0.008287213742733002 0.00834805890917778 0.008429122157394886 0.008520334027707577 0.008609437383711338
          0.008684253320097923 0.008734801784157753 0.00875501986593008 0.008743785321712494 0.008704997599124908 0.008647069334983826
          3.053860400778659e-14 4.164481693519351e-12 4.484679017036086e-10 3.1532675137668775e-8 5.931853479523852e-7 0.000004844751856580842
          0.000018082135284203105 0.00004206405355944298 0.00006954198761377484 0.00009511342068435624 0.00010667153401300311 0.00009973495616577566
          0.00007980373629834503 0.00005753181903855875 0.00004335003177402541 0.00009250205039279535 0.00048331203288398683 0.0017939667450264096
          0.0044476850889623165 0.008112908340990543 0.011565892957150936 0.013169827871024609 0.011447271332144737 0.009999770671129227
          0.012039165943861008 0.015478492714464664 0.020556364208459854 0.026377614587545395 0.03205636888742447 0.0371883288025856
          0.0418255478143692 0.04562007263302803 0.04577113315463066 0.039890214800834656 0.031086457893252373 0.021389532834291458
          0.016068967059254646 0.013029429130256176 0.011212052777409554 0.010088146664202213 0.009372689761221409 0.008897732011973858
          0.008567851968109608 0.008330274373292923 0.008155430667102337 0.008026388473808765 0.00793297216296196 0.007868391461670399
          0.007827307097613811 0.007804807275533676 0.007796039804816246 0.007796292193233967 0.007801302708685398 0.007807640358805656
          0.007813273929059505 0.00781811773777008 0.007823865860700607 0.007833974435925484 0.007854966446757317 0.00789441168308258
          0.007958516478538513 0.008053264580667019 0.008183805271983147 0.008353165350854397 0.008560771122574806 0.008801964111626148
          0.00906821247190237 0.009347913786768913 0.009627529419958591 0.009892872534692287 4.729981902299677e-15 5.6823914063725e-13
          5.319982995799499e-11 3.196494402502026e-9 5.427731153417881e-8 4.4112715613664477e-7 0.0000018566126982477726 0.000004476106823858572
          0.00000790631656855112 0.000011131509381812066 0.000012712956049654167 0.000012129688911954872 0.000010216274858976249 0.000008131859431159683
          0.000010606093383103143 0.00009284076804760844 0.0006837135879322886 0.0026521170511841774 0.006595918443053961 0.011961114592850208
          0.016612371429800987 0.01767149567604065 0.01495283655822277 0.013396190479397774 0.01529853418469429 0.017757736146450043
          0.021555796265602112 0.02714959718286991 0.03325195237994194 0.038747381418943405 0.0433029942214489 0.04658615216612816
          0.04723352938890457 0.04476640000939369 0.04241465404629707 0.034058135002851486 0.026575922966003418 0.021498672664165497
          0.018105175346136093 0.015772175043821335 0.014113271608948708 0.012891807593405247 0.011960419826209545 0.011226862668991089
          0.010632820427417755 0.010141010396182537 0.009727289900183678 0.0093757389113307 0.00907555129379034 0.00881904922425747
          0.008600435219705105 0.008415046148002148 0.008258942514657974 0.008128723129630089 0.008021540008485317 0.007935192435979843
          0.007868259213864803 0.00782033521682024 0.007792216259986162 0.00778611795976758 0.007806152570992708 0.007858888246119022
          0.007952844724059105 0.008097192272543907 0.008300114423036575 0.008565708063542843 0.008889995515346527 0.009266159497201443
          0.009685700759291649 0.01013868860900402 5.173592538534541e-16 5.484557645822792e-14 4.492987579207686e-12 2.3509635904694903e-10
          3.849193852545341e-9 2.990249114986909e-8 1.248302936573964e-7 3.520240738907887e-7 6.766673550373525e-7 9.667089670983842e-7
          0.0000012044087043250329 0.0000012760541494571953 0.0000012173429695394589 0.0000011356676168361446 0.0000028140736958448542 0.000049567752284929156
          0.00045578766730614007 0.001936105196364224 0.005082639865577221 0.01019938662648201 0.016460349783301353 0.01999356783926487
          0.01839093118906021 0.0177821833640337 0.020077411085367203 0.022676697000861168 0.02492627128958702 0.02834952063858509
          0.032541338354349136 0.03687381371855736 0.04071636125445366 0.043704476207494736 0.045499008148908615 0.04611837863922119
          0.04629448428750038 0.04505670443177223 0.042039573192596436 0.03817649558186531 0.034434013068675995 0.0312168151140213
          0.028572745621204376 0.026418812572956085 0.024646155536174774 0.02315758354961872 0.021876713261008263 0.02074761502444744
          0.01973125897347927 0.018802130594849586 0.01794472709298134 0.017150769010186195 0.016416076570749283 0.015739576891064644
          0.015121682547032833 0.014563214965164661 0.014064796268939972 0.013626516796648502 0.01324775256216526 0.012927455827593803
          0.012664692476391792 0.012459021992981434 0.012310687452554703 0.012221108190715313 0.012193068861961365 0.01223014760762453
          0.012336141429841518 0.012515658512711525 0.01276811957359314 0.013085161335766315 0.013457144610583782 0.013873795047402382
          2.9865676962304735e-17 2.816735221260712e-15 2.0393081212426167e-13 9.432270936526876e-12 1.5160782351753e-10 1.1896472695838156e-9
          5.245468504000428e-9 1.5318786239504334e-8 3.388547398230912e-8 8.138298568383107e-8 9.326937799869484e-8 1.1730135440757294e-7
          1.3019659661495098e-7 1.329690633156133e-7 1.3700240231173666e-7 2.785743902222748e-7 0.0000015363697229986428 0.00001275770046049729
          0.00018071100930683315 0.0014670657692477107 0.005936319939792156 0.014114645309746265 0.02168024703860283 0.02307632565498352
          0.022137710824608803 0.02489425614476204 0.029464242979884148 0.032168321311473846 0.03456433489918709 0.03680426999926567
          0.03871021047234535 0.04018542170524597 0.041224587708711624 0.04189782962203026 0.04232485964894295 0.04253598675131798
          0.042481984943151474 0.04212082549929619 0.0414893701672554 0.04068315401673317 0.039798591285943985 0.03890255093574524
          0.03803112357854843 0.03719748184084892 0.03640162944793701 0.03563745319843292 0.03489767760038376 0.03417566791176796
          0.033467140048742294 0.03276987001299858 0.03208477050065994 0.03141414746642113 0.030761536210775375 0.030131123960018158
          0.02952718175947666 0.028953511267900467 0.028413068503141403 0.027907945215702057 0.02743963897228241 0.027009377256035805
          0.02661837264895439 0.026267996057868004 0.025959407910704613 0.025692254304885864 0.02546248398721218 0.0252598375082016
          0.02507861889898777 0.02491934597492218 0.024782635271549225 0.024669254198670387
        </DataArray>
        <DataArray type="Float32" Name="CH4_Gas_mass_fractions_7" format="ascii" RangeMin="3.746560067220514e-17" RangeMax="0.058773741126060486">
          8.947650953494701e-11 2.7383181944173884e-8 0.000006730607765348395 0.0007682376890443265 0.004938208498060703 0.01363470871001482
          0.015638841316103935 0.016581494361162186 0.01781849004328251 0.019122904166579247 0.022485198453068733 0.025272011756896973
          0.027458781376481056 0.029201090335845947 0.030734220519661903 0.03220241889357567 0.03366192802786827 0.03511151298880577
          0.03655146062374115 0.037985485047101974 0.03942021727561951 0.04086346924304962 0.04232213273644447 0.0438014380633831
          0.045307423919439316 0.046847276389598846 0.04842209443449974 0.050004322081804276 0.051492854952812195 0.052620355039834976
          0.05286896228790283 0.052118267863988876 0.05062795802950859 0.03646619990468025 0.005388356279581785 0.004961586557328701
          0.004959905985742807 0.004958459176123142 0.0049569508992135525 0.004955390468239784 0.004953782539814711 0.004952131770551205
          0.004950446542352438 0.004948736168444157 0.00494701461866498 0.004945296794176102 0.004943598061800003 0.004941936116665602
          0.004940328653901815 0.0049387919716537 0.004937342368066311 0.004935996141284704 0.00493476539850235 0.0049336631782352924
          0.004932698328047991 0.004931880161166191 0.004931214265525341 0.004930704832077026 0.004930346738547087 0.004930124152451754
          0.004929994232952595 0.004929578863084316 0.004929053597152233 0.004928530193865299 0.004928079899400473 0.004927745554596186
          0.004927544854581356 0.004927473608404398 0.004927502479404211 0.004927570465952158 3.124561373524237e-11 8.509196014472309e-9
          0.0000019464937395241577 0.00022297227405942976 0.0020726772490888834 0.0075134821236133575 0.015024187974631786 0.022499220445752144
          0.029549364000558853 0.03341187164187431 0.03608633205294609 0.0381416492164135 0.04042983800172806 0.042844124138355255
          0.044981811195611954 0.04657214879989624 0.04746566712856293 0.04769442230463028 0.04758666455745697 0.04740903154015541
          0.04734073579311371 0.04746759682893753 0.04779994115233421 0.048306290060281754 0.048948559910058975 0.04967407509684563
          0.05039570480585098 0.050960998982191086 0.051073212176561356 0.05036289244890213 0.048692766577005386 0.047171451151371
          0.048179544508457184 0.04602937772870064 0.006290977355092764 0.005793639458715916 0.006618859712034464 0.007508991286158562
          0.00835591834038496 0.009098334237933159 0.009707649238407612 0.010178484953939915 0.010521616786718369 0.010757766664028168
          0.010911788791418076 0.011007819324731827 0.011066109873354435 0.011101745069026947 0.011124835349619389 0.011141504161059856
          0.011155040934681892 0.011166936717927456 0.01117765624076128 0.011187157593667507 0.011195214465260506 0.01120159961283207
          0.011206168681383133 0.011208881624042988 0.011209619231522083 0.0112085472792387 0.01120638195425272 0.011204306036233902
          0.01120242103934288 0.011200806125998497 0.011199507862329483 0.011198540218174458 0.011197889223694801 0.011197516694664955
          0.011197363026440144 0.011197344399988651 1.024116035031053e-11 2.4223372196985338e-9 4.787278271578543e-7 0.000057911423937184736
          0.0007105041295289993 0.0033746801782399416 0.008107231929898262 0.013795227743685246 0.018772779032588005 0.021639494225382805
          0.02373640052974224 0.025024719536304474 0.026733573526144028 0.02972731739282608 0.0334918275475502 0.03758683055639267
          0.04175996035337448 0.04532640427350998 0.04680420458316803 0.047032810747623444 0.04695305973291397 0.04680962860584259
          0.04667811468243599 0.04659147933125496 0.04657508060336113 0.046624623239040375 0.046581897884607315 0.046124331653118134
          0.045053642243146896 0.04366399720311165 0.043309807777404785 0.04458339512348175 0.048387277871370316 0.05127812922000885
          0.009654704481363297 0.005947529338300228 0.006988593842834234 0.008217627182602882 0.009364414028823376 0.010297360830008984
          0.010972270742058754 0.011409493163228035 0.01166305411607027 0.011793950572609901 0.011853426694869995 0.011876769363880157
          0.011884680949151516 0.011887836270034313 0.011891152709722519 0.011896566487848759 0.011904568411409855 0.011915002949535847
          0.011927482672035694 0.01194156426936388 0.011956757865846157 0.011972581967711449 0.01199105754494667 0.01201340090483427
          0.01203932799398899 0.012067987583577633 0.012098131701350212 0.012128552421927452 0.01215811725705862 0.012185773812234402
          0.012210546992719173 0.012231552042067051 0.012248036451637745 0.012259474955499172 0.012265828438103199 0.012267964892089367
          3.0481615495570047e-12 6.128435536822963e-10 1.0488988522183718e-7 0.000012689622053585481 0.00018873557564802468 0.001123896217904985
          0.003122213762253523 0.005820888560265303 0.008329997770488262 0.01008603349328041 0.011475124396383762 0.012353610247373581
          0.01282108947634697 0.013193358667194843 0.013539724051952362 0.013999679125845432 0.014741661958396435 0.016257578507065773
          0.019609544426202774 0.022898737341165543 0.024958966299891472 0.02653556317090988 0.02803557924926281 0.029768522828817368
          0.031821370124816895 0.033863238990306854 0.035285625606775284 0.0362989641726017 0.03760378807783127 0.03929330036044121
          0.04175093024969101 0.04559352621436119 0.051236867904663086 0.05428873375058174 0.014716164208948612 0.007666340563446283
          0.0071494546718895435 0.007877174764871597 0.008902112022042274 0.009971505962312222 0.010980423539876938 0.011301036924123764
          0.011262821964919567 0.01111795473843813 0.010996222496032715 0.010912138968706131 0.010848762467503548 0.010793973691761494
          0.01074385829269886 0.010698932223021984 0.010661107487976551 0.01063208281993866 0.010612700134515762 0.010602864436805248
          0.010601825080811977 0.010608777403831482 0.010618953965604305 0.010631049983203411 0.010644268244504929 0.01065804623067379
          0.010672269389033318 0.010687042027711868 0.010702375322580338 0.010717995464801788 0.010733344592154026 0.010747750289738178
          0.010760579258203506 0.010771149769425392 0.010778521187603474 0.010781831108033657 8.298118052071923e-13 1.4614826016057236e-10
          2.163478818317799e-8 0.000002319530040040263 0.00003868755811708979 0.0002673403359949589 0.0008386229164898396 0.001697855070233345
          0.0025513763539493084 0.0033256816677749157 0.0038650333881378174 0.00406245281919837 0.0039183939807116985 0.0035208777990192175
          0.003000729251652956 0.002468730788677931 0.002069879090413451 0.0019202681723982096 0.002072317758575082 0.003044855548068881
          0.0049273292534053326 0.007104553747922182 0.009680910967290401 0.012963732704520226 0.017163515090942383 0.02205394022166729
          0.026958754286170006 0.031464915722608566 0.03555058687925339 0.03945985808968544 0.04382084310054779 0.049341775476932526
          0.054511792957782745 0.05353472754359245 0.02097494527697563 0.011516266502439976 0.00889255478978157 0.00835658423602581
          0.00858293566852808 0.009103095158934593 0.009719171561300755 0.010165857151150703 0.010461128316819668 0.01068233884871006
          0.010836290195584297 0.010866907425224781 0.010774835012853146 0.010661269538104534 0.01061853114515543 0.010618183761835098
          0.010578202083706856 0.010478585958480835 0.010361980646848679 0.0102773392572999 0.010243967175483704 0.01025239285081625
          0.010281316004693508 0.010312898084521294 0.010339186526834965 0.010354774072766304 0.010356984101235867 0.010346686467528343
          0.010328328236937523 0.010308786295354366 0.010295440442860126 0.010293961502611637 0.010306714102625847 0.010332567617297173
          0.010367878712713718 0.01040781568735838 1.953432126342372e-13 3.0241715381906786e-11 3.800024295230742e-9 3.2267874416902487e-7
          0.000006171347649797099 0.00004649735274142586 0.00016092535224743187 0.0003555840812623501 0.0005577392876148224 0.0007523074164055288
          0.0008633420220576227 0.0008555957465432584 0.0007312508532777429 0.0005555777461268008 0.00039649324025958776 0.00031631148885935545
          0.0004770782252307981 0.0011790156131610274 0.002586926333606243 0.004435432143509388 0.006027048919349909 0.006639037746936083
          0.007458759471774101 0.00924993772059679 0.013300159946084023 0.018938302993774414 0.02514197863638401 0.03128809481859207
          0.03703746199607849 0.04246809333562851 0.04798456281423569 0.053651731461286545 0.056023940443992615 0.04947855323553085
          0.027642909437417984 0.01740238256752491 0.01289905235171318 0.010839222930371761 0.009922062046825886 0.009575321339070797
          0.009517449885606766 0.009564410895109177 0.00964292325079441 0.009735210798680782 0.009836537763476372 0.00994107499718666
          0.010043272748589516 0.010138468816876411 0.01022193394601345 0.010287967510521412 0.01033046469092369 0.01034632045775652
          0.01033831387758255 0.01031421311199665 0.010282871313393116 0.010251381434500217 0.010226577520370483 0.010217281058430672
          0.010231226682662964 0.010275186039507389 0.010350998491048813 0.010451866313815117 0.010565285570919514 0.010676034726202488
          0.010768989101052284 0.010831758379936218 0.010856812819838524 0.010842761024832726 0.010794444940984249 0.010722316801548004
          3.831583013651392e-14 5.221074874522946e-12 5.62016433391932e-10 3.952524352257569e-8 7.420305792038562e-7 0.000006055120593373431
          0.000022588870706385933 0.00005251250331639312 0.00008671863179188222 0.00011852568422909826 0.00013284431770443916 0.00012413060176186264
          0.00009926581697072834 0.00007152171747293323 0.00005385647091316059 0.00011476840154500678 0.0005994074163027108 0.002224852330982685
          0.005516095086932182 0.010062060318887234 0.01434494461864233 0.016334407031536102 0.014200476929545403 0.012417268007993698
          0.014970446936786175 0.0192649494856596 0.025595568120479584 0.0328463651239872 0.03991544246673584 0.04630241543054581
          0.05207366496324539 0.05679082125425339 0.05696119740605354 0.0496196486055851 0.03865449130535126 0.026591546833515167
          0.01997155137360096 0.01618868112564087 0.01392611674964428 0.01252632588148117 0.011634801514446735 0.011042652651667595
          0.010631179437041283 0.010334699414670467 0.010116396471858025 0.009955174289643764 0.009838351979851723 0.009757466614246368
          0.009705865755677223 0.009677436202764511 0.009666143916547298 0.009666130878031254 0.009672101587057114 0.009679792448878288
          0.009686676785349846 0.009692639112472534 0.009699774906039238 0.009712370112538338 0.009738516062498093 0.00978760700672865
          0.009867345914244652 0.00998515821993351 0.010147425346076488 0.010357890278100967 0.010615827515721321 0.010915445163846016
          0.011246145702898502 0.01159351784735918 0.011940755881369114 0.012270246632397175 5.933996885174302e-15 7.122658040627228e-13
          6.662936175017009e-11 4.0023477865247514e-9 6.798553897624515e-8 5.521323487300833e-7 0.0000023176562535809353 0.000005580766810453497
          0.000009849455636867788 0.000013859201317245606 0.000015819479813217185 0.000015086194252944551 0.000012700770639639813 0.000010105592082254589
          0.000013166451935830992 0.0001151429969468154 0.0008479177486151457 0.003289159620180726 0.008180603384971619 0.01483544334769249
          0.020605366677045822 0.02192039228975773 0.018551554530858994 0.01663030870258808 0.019009530544281006 0.02208087407052517
          0.02681584469974041 0.03378501534461975 0.0413857102394104 0.04822985827922821 0.05390176177024841 0.05798277631402016
          0.058773741126060486 0.055684227496385574 0.0527387298643589 0.042335882782936096 0.03302799165248871 0.026712873950600624
          0.022492069751024246 0.019590169191360474 0.01752660423517227 0.016007088124752045 0.014848371036350727 0.013935745693743229
          0.013196687214076519 0.01258482038974762 0.01207011565566063 0.011632765643298626 0.011259317398071289 0.010940216481685638
          0.010668250732123852 0.01043761894106865 0.01024341955780983 0.010081421583890915 0.009948084130883217 0.00984067004173994
          0.009757410734891891 0.00969779398292303 0.009662803262472153 0.009655188769102097 0.009680048562586308 0.009745527990162373
          0.009862200357019901 0.010041452944278717 0.010293443687260151 0.01062325481325388 0.011025940999388695 0.011493029072880745
          0.012013958767056465 0.012576393783092499 6.490182964659591e-16 6.874218533813037e-14 5.625661395058934e-12 2.9411617585850536e-10
          4.8157491328026936e-9 3.74351074583501e-8 1.561901825652967e-7 4.392925632146216e-7 8.436024927505059e-7 0.0000012037528449582169
          0.000001498573169556039 0.0000015869079561525723 0.0000015133898614294594 0.000001411411062690604 0.0000034922575196105754 0.00006147287058411166
          0.0005652580293826759 0.0024012066423892975 0.006303895264863968 0.012650652788579464 0.020417584106326103 0.0248031597584486
          0.022821644321084023 0.022080780938267708 0.024946531280875206 0.028191661462187767 0.03099961020052433 0.03526507690548897
          0.04048702120780945 0.045883893966674805 0.050669293850660324 0.05438733845949173 0.05661529675126076 0.05737762898206711
          0.05758681520819664 0.056036725640296936 0.05227461829781532 0.04746277630329132 0.04280319809913635 0.03879852592945099
          0.0355076864361763 0.03282708674669266 0.0306211169809103 0.028768764808773994 0.027174964547157288 0.02577010728418827
          0.024505624547600746 0.023349760100245476 0.022283216938376427 0.02129567787051201 0.020381929352879524 0.019540615379810333
          0.01877223514020443 0.01807779259979725 0.01745804212987423 0.01691308617591858 0.016442134976387024 0.016043873503804207
          0.01571713015437126 0.015461346134543419 0.015276816673576832 0.015165292657911777 0.01513022743165493 0.015176062472164631
          0.01530750934034586 0.015530291013419628 0.015843680128455162 0.016237275674939156 0.01669909432530403 0.017216363921761513
          3.746560067220514e-17 3.5304837226162854e-15 2.553323492308218e-13 1.1796155198473546e-11 1.8952182878617663e-10 1.4876575527011937e-9
          6.556867937490551e-9 1.9132636808194547e-8 4.235664263774197e-8 1.0869329258866856e-7 1.1652434750430984e-7 1.463027672343742e-7
          1.6231194877036614e-7 1.6568743888001336e-7 1.706780921040263e-7 3.462482993654703e-7 0.0000019060837530560093 0.000015822066416149028
          0.0002241043548565358 0.0018193807918578386 0.007362383883446455 0.017507238313555717 0.026895226910710335 0.028633352369070053
          0.027482856065034866 0.030931496992707253 0.03663555532693863 0.040010035037994385 0.042995937168598175 0.045786235481500626
          0.048159677535295486 0.04999550059437752 0.05128724128007889 0.05212259292602539 0.05265088379383087 0.052910033613443375
          0.05283895134925842 0.0523856021463871 0.051596108824014664 0.050589513033628464 0.04948582872748375 0.04836823418736458
          0.04728158190846443 0.04624221473932266 0.04525008797645569 0.044297561049461365 0.043375562876462936 0.04247581958770752
          0.04159298911690712 0.040724292397499084 0.03987085446715355 0.03903554007411003 0.03822273388504982 0.03743763640522957
          0.03668554499745369 0.035971179604530334 0.03529821336269379 0.03466922417283058 0.03408607468008995 0.03355027362704277
          0.03306332603096962 0.032626923173666 0.03224249929189682 0.031909603625535965 0.031623199582099915 0.03137052059173584
          0.031144484877586365 0.030945725739002228 0.030775004997849464 0.030633265152573586
        </DataArray>
        <DataArray type="Float32" Name="TAR_Gas_mass_fractions_8" format="ascii" RangeMin="9.675397290901286e-17" RangeMax="0.4586256742477417">
          3.706463191921472e-10 1.0186683851998168e-7 0.000016258352843578905 0.001992124365642667 0.015060252510011196 0.05524532124400139
          0.4218931198120117 0.457598477602005 0.4586256742477417 0.45207393169403076 0.415210485458374 0.3921075463294983
          0.3797557055950165 0.3742496371269226 0.37127894163131714 0.3686811029911041 0.3657374680042267 0.3623887300491333
          0.35854053497314453 0.35405197739601135 0.34873610734939575 0.3423618972301483 0.33466193079948425 0.32534193992614746
          0.31407713890075684 0.30051374435424805 0.2842910587787628 0.2650330364704132 0.24193911254405975 0.2124692052602768
          0.17363528907299042 0.1328735500574112 0.0859733447432518 0.044856008142232895 0.00048730781418271363 0.0000016066882153609185
          0.0000012519506071839714 0.0000012517714367277222 0.000001251751882591634 0.0000012517316463345196 0.0000012517109553300543 0.000001251689809578238
          0.0000012516683227659087 0.0000012516467222667416 0.0000012516251217675745 0.0000012516035212684073 0.0000012515822618297534 0.0000012515614571384504
          0.000001251541220881336 0.0000012515218941189232 0.00000125150359053805 0.0000012514866511992295 0.0000012514711897892994 0.000001251457433681935
          0.0000012514453828771366 0.0000012514351510617416 0.0000012514267382357502 0.0000012514203717728378 0.0000012514157106124912 0.0000012514128684415482
          0.00000125141127682582 0.0000012514059335444472 0.0000012513991123341839 0.000001251392518497596 0.00000125138683415571 0.000001251382741429552
          0.000001251380240319122 0.0000012513793308244203 0.0000012513796718849335 0.0000012513804676927975 1.0837115232975592e-10 2.7312042405469583e-8
          0.00000427101213062997 0.0005402384558692575 0.005852615926414728 0.02544957958161831 0.06985900551080704 0.09726953506469727
          0.1320798695087433 0.1462678462266922 0.15201470255851746 0.15159834921360016 0.1597258746623993 0.17769303917884827
          0.19951589405536652 0.2222309559583664 0.24218915402889252 0.25654730200767517 0.26724809408187866 0.2750791609287262
          0.27994123101234436 0.2816406488418579 0.2801550328731537 0.27554112672805786 0.2676648795604706 0.2563081681728363
          0.2413196861743927 0.22221866250038147 0.19730326533317566 0.1656847894191742 0.12535031139850616 0.08894824236631393
          0.06902831792831421 0.05442887917160988 0.0012267850106582046 0.000002750542307694559 0.0000012725885198960896 0.0000012840496310673188
          0.0000012946600236318773 0.000001303820909015485 0.0000013111573480273364 0.0000013166496728445054 0.0000013205557252149447 0.0000013232918263383908
          0.0000013253065844764933 0.0000013269290093376185 0.0000013282974578032736 0.000001329381575487787 0.0000013298219982971204 0.0000013262712172945612
          0.000001330451482317585 0.000001330185682490992 0.000001329947963313316 0.000001329840529251669 0.0000013299544434630661 0.0000013303205150805297
          0.0000013308404049894307 0.000001331298449258611 0.0000013311137081473134 0.0000013306865866979933 0.0000013305659649631707 0.0000013307039807841647
          0.0000013300303862706642 0.00000132978459532751 0.0000013297420764502021 0.0000013297240002430044 0.0000013297129726197454 0.0000013297061514094821
          0.0000013297026271175127 0.0000013297010355017846 3.147256760760442e-11 7.284373992888504e-9 0.000001317856231253245 0.00012865755707025528
          0.0018392109777778387 0.010215395130217075 0.026279684156179428 0.04688793793320656 0.06266215443611145 0.06525442004203796
          0.06462591886520386 0.06207675859332085 0.06426391005516052 0.07460375130176544 0.09096243977546692 0.11170779913663864
          0.1373082846403122 0.16560108959674835 0.18430176377296448 0.19528347253799438 0.20229919254779816 0.2061230093240738
          0.2068997621536255 0.20469386875629425 0.19964447617530823 0.19187293946743011 0.1800990253686905 0.16195042431354523
          0.1361057013273239 0.10593154281377792 0.0816333219408989 0.06550803780555725 0.05952197685837746 0.057226501405239105
          0.005141465924680233 0.00008191546658053994 0.0000014542871440426097 0.0000012918486618218594 0.0000013055196177447215 0.000001318443082709564
          0.0000013257986211101525 0.0000013549330333262333 0.0000015150161516430671 0.0000017429679246561136 0.000002004513135034358 0.0000022760266347177094
          0.000002542743914091261 0.00000281481288766372 0.0000030592666462325724 0.0000032633784030622337 0.0000034173365293099778 0.000003514008085403475
          0.000003549587063389481 0.00000352457573171705 0.0000034455667901056586 0.0000033241410619666567 0.0000031201677757053403 0.000002820348527166061
          0.0000024723931346670724 0.000002130659822796588 0.0000018155315046897158 0.0000015750775901324232 0.0000014198417375155259 0.0000013451440281642135
          0.0000013399682075032615 0.000001341280949418433 0.0000013405402796706767 0.000001340183189313393 0.0000013427844578473014 0.000001341827783107874
          9.100326395228286e-12 1.915348546432938e-9 3.303526341369434e-7 0.000024984012270579115 0.00043670792365446687 0.0030195871368050575
          0.008583315648138523 0.01566498912870884 0.02091841772198677 0.022670961916446686 0.02378520555794239 0.023870939388871193
          0.023593662306666374 0.023667234927415848 0.024155881255865097 0.02527732402086258 0.027500055730342865 0.03272063285112381
          0.04639005661010742 0.06207430362701416 0.07407508790493011 0.08363784849643707 0.09175115078687668 0.09925642609596252
          0.10601538419723511 0.10913470387458801 0.10407069325447083 0.09279623627662659 0.0801769271492958 0.06795140355825424
          0.05909540131688118 0.05463515222072601 0.056297849863767624 0.05628518387675285 0.010618891566991806 0.0021317624486982822
          0.0005562343867495656 0.00015536944556515664 0.00003736812504939735 0.000005907888407818973 0.0000013296483984959195 0.0000015773377981531667
          0.0000023909708488645265 0.000003786807610595133 0.000005798937309009489 0.000008382475243706722 0.000011499624633870553 0.000015052750313770957
          0.00001886627978819888 0.000022703841750626452 0.00002630231756484136 0.000029408894988591783 0.00003181340071023442 0.000033371627068845555
          0.000034018667065538466 0.00003374749576323666 0.00003263616599724628 0.00003026793092431035 0.000026828709451365285 0.0000227112541324459
          0.00001836508272390347 0.00001420236822013976 0.000010534690773056354 0.00000754011898607132 0.000005263779712549876 0.000003645021706688567
          0.000002562600229794043 0.0000018892452544605476 0.0000015099960819497937 0.0000013620397112390492 2.3014552503336505e-12 4.008906817620783e-10
          5.8140223302416416e-8 0.000003881237716996111 0.00007700370042584836 0.0006204271921887994 0.0019256820669397712 0.0036012069322168827
          0.004883504938334227 0.005844826810061932 0.006258582696318626 0.006037566345185041 0.005337274633347988 0.0043854243122041225
          0.0033911862410604954 0.002489692997187376 0.0017765066586434841 0.0012662914814427495 0.001036498579196632 0.0028240028768777847
          0.007887826301157475 0.013887176290154457 0.021255191415548325 0.030609669163823128 0.0405057892203331 0.0484483502805233
          0.05365193635225296 0.0551324300467968 0.05378458648920059 0.050881460309028625 0.04975191876292229 0.051885128021240234
          0.05457178130745888 0.05004289746284485 0.016675543040037155 0.006232086569070816 0.0027679342310875654 0.0013686957536265254
          0.0007200233521871269 0.0003923865151591599 0.00021556642604991794 0.00011478120723040774 0.000056680702982703224 0.00002492655949026812
          0.00001056331348081585 0.0000070424493969767354 0.00000858537259773584 0.000010387172551418189 0.000010598380868032109 0.000012688455171883106
          0.000022386024284060113 0.000041349696402903646 0.00006667233537882566 0.00009345015132566914 0.00011712541891029105 0.00013498091720975935
          0.0001467945403419435 0.00015411441563628614 0.0001569746236782521 0.0001547872816445306 0.00014739584003109485 0.00013525276153814048
          0.00011942227865802124 0.0001014075314742513 0.0000828423144412227 0.0000651548762107268 0.00004934065873385407 0.00003593533983803354
          0.000025119288693531416 0.00001705426439002622 5.207785157973488e-13 7.617183273023187e-11 9.33246457890391e-9 7.434038593601144e-7
          0.000010240423762297723 0.00008961299317888916 0.0003006705373991281 0.0006140522891655564 0.000832249061204493 0.0010272294748574495
          0.0010558575158938766 0.0009187918622046709 0.0006721247336827219 0.00042156834388151765 0.00023646422778256238 0.00012565679207909852
          0.000068980451032985 0.00004791088213096373 0.000055325173889286816 0.00008462578989565372 0.00012436896213330328 0.001110484590753913
          0.003505207598209381 0.008628671988844872 0.01598282903432846 0.025612300261855125 0.033506326377391815 0.03900128975510597
          0.04232636094093323 0.04460277408361435 0.047856222838163376 0.05171787366271019 0.050611838698387146 0.03990055248141289
          0.021081961691379547 0.011196286417543888 0.006494252942502499 0.00402832543477416 0.0026207363698631525 0.00176439736969769
          0.0012156094890087843 0.0008478526724502444 0.0005922297714278102 0.00040946522494778037 0.00027723293169401586 0.00018254868336953223
          0.00011681376054184511 0.00007335797272389755 0.00004658647230826318 0.000032002542866393924 0.000026442376110935584 0.00002788788333418779
          0.00003496646604617126 0.00004658420948544517 0.00006206386751728132 0.00008170714863808826 0.00010691805800888687 0.00013856886653229594
          0.00017566948372405022 0.00021657394245266914 0.0002593663812149316 0.0003014776448253542 0.0003398458648007363 0.000371277128579095
          0.0003928686201106757 0.0004024365625809878 0.0003988802491221577 0.00038242098526097834 0.0003546385560184717 0.00031844887416809797
          1.0039457329705237e-13 1.2635928761661752e-11 1.2929143311524172e-9 9.227405683986944e-8 0.0000013204687547840877 0.00000938788889470743
          0.000033317126508336514 0.00007005858788033947 0.00009917125862557441 0.00012026122567476705 0.00011536554666236043 0.00008872374019119889
          0.000055248430726351216 0.000028559601560118608 0.000013165218661015388 0.0000062845651882526 0.000006964310614421265 0.000026211098884232342
          0.00008839595102472231 0.00020690629025921226 0.0003450961667113006 0.00042883038986474276 0.0009672901360318065 0.003729582764208317
          0.009332994930446148 0.01622028276324272 0.02408415824174881 0.03156694769859314 0.037897739559412 0.04330737888813019
          0.04819050803780556 0.05082603543996811 0.04659726843237877 0.03496663644909859 0.02386208437383175 0.01531926728785038
          0.010357698425650597 0.007307825610041618 0.005329825449734926 0.0039900559931993484 0.003048313083127141 0.0023636992555111647
          0.0018509112996980548 0.0014570221537724137 0.001148449257016182 0.0009037069976329803 0.0007085843826644123 0.0005531884380616248
          0.00043022874160669744 0.00033402862027287483 0.00025997706688940525 0.00020425065304152668 0.0001636714005144313 0.0001356082793790847
          0.00011790710414061323 0.00010893298895098269 0.00010767913772724569 0.00011378354975022376 0.0001277095143450424 0.00015066727064549923
          0.00018386516603641212 0.00022807790082879364 0.0002828152501024306 0.0003466815687716007 0.0004177700902801007 0.0004935612087137997
          0.0005709952674806118 0.0006467162165790796 0.0007173314807005227 0.0007797307334840298 1.5386746510161892e-14 1.68456188668481e-12
          1.4294018746419113e-10 8.239507742757723e-9 1.4483320853742043e-7 0.000001061534817381471 0.0000028785814265575027 0.0000054830584303999785
          0.00000834548791317502 0.000010023833965533413 0.000009281056918553077 0.000006803453743486898 0.000004106710093765287 0.000002205333885285654
          0.0000011002049404851277 0.0000011172420499860891 0.000007752652891213074 0.00004608510425896384 0.00016510610294062644 0.00039839051896706223
          0.0007067719125188887 0.0010162070393562317 0.0016737815458327532 0.0038134397473186255 0.008461978286504745 0.013537829741835594
          0.019387787207961082 0.026970818638801575 0.034801095724105835 0.04174702614545822 0.047066912055015564 0.04922464117407799
          0.046222586184740067 0.0389377623796463 0.03187715634703636 0.02265963703393936 0.016059674322605133 0.011848334223031998
          0.009060514159500599 0.007123828399926424 0.0057227895595133305 0.004674479831010103 0.0038669833447784185 0.0032295160926878452
          0.0027160143945366144 0.0022957331966608763 0.0019476442830637097 0.001656989217735827 0.0014131282223388553 0.0012081675231456757
          0.0010360737796872854 0.0008921066764742136 0.0007724501192569733 0.0006739550153724849 0.0005940058617852628 0.0005304349469952285
          0.0004813832347281277 0.0004453427973203361 0.0004213033535052091 0.0004087972629349679 0.00040780060226097703 0.00041873910231515765
          0.00044304245966486633 0.0004827826051041484 0.0005396627238951623 0.0006139511242508888 0.0007030727574601769 0.0008037535008043051
          0.0009124704520218074 0.0010255584493279457 1.6742013837087112e-15 1.61221079889029e-13 1.1665618124268029e-11 5.415339288106225e-10
          8.821586128249237e-9 7.433567361658788e-8 2.9190317718530423e-7 5.086110945740074e-7 7.632439746885211e-7 7.742320917714096e-7
          6.886007213324774e-7 5.197248356125783e-7 3.6003581271870644e-7 2.3671049120821408e-7 1.6440942829376581e-7 4.921619733977423e-7
          0.000006018503427185351 0.000039308477425947785 0.00014524295693263412 0.000383444014005363 0.0008331377757713199 0.001568991458043456
          0.0029078852385282516 0.006172668654471636 0.01067719329148531 0.015822287648916245 0.02015843614935875 0.024936391040682793
          0.030526157468557358 0.036251459270715714 0.04103965312242508 0.04393860325217247 0.04444205015897751 0.042955562472343445
          0.04063810408115387 0.03696746751666069 0.03210201486945152 0.02715321071445942 0.022876571863889694 0.019430266693234444
          0.01670660451054573 0.01454339548945427 0.012796357274055481 0.011354592628777027 0.01013779267668724 0.009089737199246883
          0.008171837776899338 0.00735824927687645 0.006631866097450256 0.0059814597479999065 0.005399115849286318 0.004879262298345566
          0.004417518153786659 0.004009997472167015 0.003652969840914011 0.0033426922746002674 0.0030753398314118385 0.002847165334969759
          0.0026547550223767757 0.0024951882660388947 0.0023661197628825903 0.0022660165559500456 0.0021942961029708385 0.00215115025639534
          0.0021373475901782513 0.002154377056285739 0.0022001718170940876 0.0022686077281832695 0.002353416755795479 0.0024485457688570023
          9.675397290901286e-17 8.297663500311109e-15 5.268018551767006e-13 2.0669667366579603e-11 3.069246801157277e-10 2.5222521848888846e-9
          1.0519200621672553e-8 2.6314618040146343e-8 6.292283671882615e-8 0.0000016860194591572508 1.4161389572109329e-7 1.206523876362553e-7
          1.1643462016763806e-7 1.0071595824001633e-7 9.981157944594088e-8 9.964798408645947e-8 9.965317104843052e-8 1.7360652293518797e-7
          0.0000014509968195852707 0.000018707500203163363 0.0001443131041014567 0.0006114354473538697 0.0015340460231527686 0.002849894342944026
          0.005964925978332758 0.013057056814432144 0.021830756217241287 0.026922233402729034 0.030392339453101158 0.03336326777935028
          0.03569081798195839 0.03717777505517006 0.03785964846611023 0.03791450709104538 0.037553247064352036 0.03685861825942993
          0.0358261875808239 0.03448154404759407 0.03292642906308174 0.031293027102947235 0.029684456065297127 0.028157807886600494
          0.026734430342912674 0.025413574650883675 0.02418424002826214 0.023032421246170998 0.021945426240563393 0.02091294899582863
          0.019928019493818283 0.018986202776432037 0.018086060881614685 0.01722734607756138 0.01641068421304226 0.015637006610631943
          0.01490710023790598 0.014221224933862686 0.013578922487795353 0.012979085557162762 0.012420219369232655 0.011900688521564007
          0.011418895795941353 0.010973380878567696 0.010562615469098091 0.010184233076870441 0.009833821095526218 0.009503544308245182
          0.009188396856188774 0.008886982686817646 0.008597937412559986 0.008320012129843235
        </DataArray>
        <DataArray type="Float32" Name="TAR0_Gas_mass_fractions_9" format="ascii" RangeMin="0" RangeMax="3.6633269659934464e-13">
          0 0 0 0 0 1.2911807040216772e-13
          0 0 0 0 0 0
          0 0 0 0 0 0
          0 0 0 0 0 0
          0 0 0 0 0 0
          0 0 0 0 0 0
          0 0 0 0 0 0
          0 0 0 0 0 0
          0 0 0 0 0 0
          0 0 0 0 0 0
          0 0 0 0 0 0
          0 0 0 0 0 0
          0 0 0 0 0 0
          0 0 0 0 0 0
          0 0 0 0 0 0
          0 0 0 0 0 0
          0 0 0 0 0 0
          0 0 0 0 0 0
          0 0 0 0 0 0
          0 0 0 0 0 0
          0 0 0 0 0 0
          0 0 0 0 0 0
          0 0 0 0 0 0
          0 0 0 0 0 0
          0 0 0 3.053035051874854e-14 5.8504172643567e-14 8.742432369398048e-14
          0 0 0 0 0 0
          0 0 0 0 0 0
          0 0 0 0 0 0
          0 0 0 0 0 0
          0 0 0 0 0 0
          0 0 0 0 0 0
          0 0 0 0 0 0
          0 0 0 0 0 0
          0 0 0 0 0 0
          0 0 0 0 0 0
          0 0 0 0 0 0
          0 0 0 0 0 0
          0 0 0 0 0 0
          0 0 0 0 0 0
          0 0 0 0 0 0
          0 0 0 0 0 0
          0 0 0 0 0 0
          0 0 0 0 0 0
          0 0 0 0 0 0
          0 0 0 0 0 0
          0 0 0 0 0 0
          0 0 0 0 0 0
          0 0 0 0 0 0
          0 0 0 0 0 0
          0 0 0 0 0 0
          0 0 0 0 0 0
          0 0 0 0 0 0
          0 0 0 0 0 0
          0 0 0 0 0 0
          0 0 0 0 0 0
          0 0 0 0 0 0
          0 0 0 0 0 0
          0 0 0 0 0 0
          0 0 0 0 0 0
          0 0 0 0 8.022357463662727e-14 8.637422645608323e-14
          3.730349023927347e-14 0 0 0 0 0
          0 0 0 0 0 0
          0 0 0 0 0 0
          0 0 0 0 0 0
          0 0 0 0 0 0
          0 0 0 0 0 0
          0 0 0 0 0 0
          0 0 0 0 0 0
          0 0 0 0 0 0
          0 0 0 0 0 0
          0 0 0 0 0 0
          0 0 3.6633269659934464e-13 3.270698870159322e-13 1.4266364511180546e-13 1.7430501486614958e-14
          0 0 0 0 0 0
          0 0 0 0 0 0
          0 0 0 0 0 0
          0 0 0 0 0 0
          0 0 0 0 0 0
          0 0 0 0 0 0
          0 0 0 0 0 0
          0 0 0 0 0 0
          0 0 0 0 0 0
          0 0 0 0 0 0
          0 0 0 0 0 0
          0 1.011407483372112e-13 1.2823074579167842e-13 8.837375276016246e-14 0 0
          0 0 0 0 0 0
          0 0 0 0 0 0
          0 0 0 0 0 0
          0 0 0 0 0 0
          0 0 0 0 0 0
          0 0 0 0 0 0
          0 0 0 0 0 0
          0 0 0 0 0 0
          0 0 0 0 0 0
          0 0 0 0 0 0
          0 0 0 0 1.853674006825623e-14 3.8838442688706246e-14
          4.0300702770605656e-14 1.3544720053393963e-14 0 0 0 0
          0 0 0 0 0 0
          0 0 0 0 0 0
          0 0 0 0 0 0
          0 0 0 0 0 0
          0 0 0 0 0 0
          0 0 0 0 0 0
          0 0 0 0 0 0
          0 0 0 0 0 0
          0 0 0 0 0 0
          0 0 0 0 0 0
          0 0 0 2.97601515913265e-13 0 0
          0 0 0 0 0 0
          0 0 0 0 0 0
          0 0 0 0 0 0
          0 0 0 0 0 0
          0 0 0 0 0 0
          0 0 0 0 0 0
          0 0 0 0 0 0
          0 0 0 0 0 0
          0 0 0 0 0 0
          0 0 0 0
        </DataArray>
        <DataArray type="Float32" Name="BIOMASS_Solids_mass_fractions_1_1" format="ascii" RangeMin="0" RangeMax="0.0005060319090262055">
          0 0 0 0 0 0
          0.0005060319090262055 0.000005763962690252811 6.66471521526546e-7 2.2270215538355842e-7 2.2061000137796327e-8 9.412693913191106e-8
          4.271508657893719e-8 8.320618860579998e-8 5.689527071695011e-8 8.496598979945702e-8 8.733117340398167e-8 8.859214517542569e-8
          8.860363465146293e-8 8.78518875424561e-8 8.719081989738697e-8 8.719037225546344e-8 8.793266914608466e-8 8.910268434192403e-8
          9.025374936300068e-8 9.106561549288017e-8 9.143199974914751e-8 9.139264278701376e-8 9.10417625732407e-8 9.047766980074812e-8
          8.97373837460691e-8 8.849998067717024e-8 8.782195948242588e-8 8.929556116754611e-8 8.929571748694798e-8 8.916072147258092e-8
          9.215651886052001e-8 9.203136386304323e-8 8.945678331429008e-8 9.021194102842856e-8 8.815604957135292e-8 9.178319970715165e-8
          8.824947173025066e-8 8.878244983634431e-8 9.125997024739263e-8 0 0 0
          0 0 0 0 0 0
          0 0 0 0 0 0
          0 0 0 0 0 0
          0 0 0 0 0 0
          0 0 0 1.947368932775362e-9 0 0
          9.331518668886929e-8 8.401969608939908e-8 8.71648566658223e-8 9.375096254871096e-8 7.824171177617245e-8 9.641904341606278e-8
          8.772944681822992e-8 8.64792681909421e-8 8.696741815583664e-8 8.734904355378603e-8 8.751022306796585e-8 8.76006112093819e-8
          8.770977188987672e-8 8.785197991301175e-8 8.800284945209569e-8 8.813417906594623e-8 8.823192843010474e-8 8.829744757576918e-8
          8.83400943507695e-8 8.836327936023736e-8 8.833712428213403e-8 8.815027996433855e-8 8.79012063137452e-8 8.766775039248387e-8
          8.795012718110229e-8 8.926889449867303e-8 8.926902950179283e-8 8.915137073017831e-8 9.178710058677098e-8 9.224184793765744e-8
          8.987596089582439e-8 8.992917344130547e-8 9.207278850453804e-8 9.66421112025273e-8 9.018270930027938e-8 9.256803679136283e-8
          0 0 0 0 0 0
          0 0 0 0 0 0
          0 0 0 0 0 0
          0 0 0 0 0 0
          0 0 0 0 0 0
          0 0 1.947368932775362e-9 3.097443723731885e-8 3.09142826893094e-8 9.957172153463034e-8
          9.222111430062796e-8 9.278322465888778e-8 8.853089639160316e-8 8.728005695957108e-8 8.702652820602452e-8 8.699035447534698e-8
          8.699510090082185e-8 8.698968656517536e-8 8.697001163682216e-8 8.694984643398129e-8 8.693199049503164e-8 8.691719699527312e-8
          8.690485486795296e-8 8.689494279678911e-8 8.688991925964729e-8 8.689966080055456e-8 8.693837116879877e-8 8.701279341494228e-8
          8.714403776366453e-8 8.731564093977795e-8 8.75828121138511e-8 8.7783931235208e-8 8.838605225491847e-8 8.923789351911182e-8
          8.923811378735991e-8 8.913006155353287e-8 9.203996143014592e-8 9.208572748775623e-8 9.017273328026931e-8 8.916198623865057e-8
          0 0 9.151318636213546e-8 9.343403206685252e-8 0 0
          0 0 0 0 0 0
          0 0 0 0 0 0
          0 0 0 0 0 0
          0 0 0 0 0 0
          0 0 0 0 0 0
          0 9.542821288732739e-8 9.428453751070265e-8 9.723971317043834e-8 8.749038471478343e-8 8.673102058764925e-8
          8.659250738674018e-8 8.659178973857706e-8 8.662085093646965e-8 8.664850525974543e-8 8.666533091172823e-8 8.66682015043807e-8
          8.665505646376914e-8 8.662567552164546e-8 8.65901412794301e-8 8.654936323182483e-8 8.650359717421452e-8 8.645400839668582e-8
          8.64065512473644e-8 8.639117510256256e-8 8.645496052395174e-8 8.66687059897231e-8 8.707659304718618e-8 8.745846713509309e-8
          8.785355021245778e-8 8.81879458347612e-8 8.869712075920688e-8 8.919996474787695e-8 8.920033423009954e-8 9.031624870203814e-8
          9.19427165513298e-8 9.219105834290531e-8 9.051505145407646e-8 0 0 0
          9.262558364753204e-8 0 0 0 0 0
          0 0 0 0 0 0
          0 0 0 0 0 0
          0 0 0 0 0 0
          0 0 0 0 0 0
          0 0 0 0 0 9.724892180429379e-8
          8.874472712250281e-8 9.305942683113244e-8 8.674182083723281e-8 8.655787553379923e-8 8.662733108621978e-8 8.671669604609633e-8
          8.679015905954657e-8 8.684214947152213e-8 8.687021590958466e-8 8.686318153650063e-8 8.680772367597456e-8 8.670479445527235e-8
          8.656878236479315e-8 8.645662319395342e-8 8.637017856472085e-8 8.630511416640729e-8 8.627117153992003e-8 8.634140158392256e-8
          8.660729378107135e-8 8.702100018354031e-8 8.750379976163458e-8 8.790065209041131e-8 8.824678587870949e-8 8.85182203091972e-8
          8.884008195764181e-8 8.902009085431928e-8 8.911759863394764e-8 9.190377170398278e-8 9.222180352708165e-8 9.335214201655617e-8
          9.137689005456195e-8 0 0 0 0 0
          0 0 0 0 0 0
          0 0 0 0 0 0
          0 0 0 0 0 0
          0 0 0 0 0 0
          0 0 0 0 0 0
          0 0 9.70546878420464e-8 9.677682299980006e-8 9.794689503905829e-8 8.734650691621937e-8
          8.658098948899351e-8 8.663886319482117e-8 8.675977625216547e-8 8.687779740057522e-8 8.697146114400311e-8 8.704118670266325e-8
          8.707743148761438e-8 8.70562786303708e-8 8.695717923501434e-8 8.678104990167412e-8 8.653399419245034e-8 8.637210413553476e-8
          8.63678408791202e-8 8.640993343078662e-8 8.648182614479083e-8 8.676642693217218e-8 8.718127730844571e-8 8.762962266928298e-8
          8.801344364428587e-8 8.829499620333081e-8 8.852175170659393e-8 8.870386380976925e-8 8.889048075388928e-8 8.889058022987228e-8
          8.890418712326209e-8 9.233583853074379e-8 9.245286491932347e-8 5.0988997912782e-8 0 0
          0 0 0 0 0 0
          0 0 0 0 0 0
          0 0 0 0 0 0
          0 0 0 0 0 0
          0 0 0 0 0 0
          0 0 0 0 0 0
          9.31121562075532e-8 9.246085141967342e-8 7.09672320908794e-8 8.71266649937752e-8 8.666617645758379e-8 8.674739149228117e-8
          8.688159169878418e-8 8.702000542371024e-8 8.71391492296425e-8 8.72286562980662e-8 8.726372158207596e-8 8.721417543711141e-8
          8.707424825615817e-8 8.687893426895243e-8 8.670077278338795e-8 8.663072037506936e-8 8.67007301508238e-8 8.680176932784889e-8
          8.704013509941433e-8 8.743980117742467e-8 8.780560989407604e-8 8.811664997665503e-8 8.835165488108032e-8 8.852592259245284e-8
          8.866781087135678e-8 8.878344459617438e-8 8.888316926913831e-8 8.888324032341188e-8 8.87095197299459e-8 0
          9.922754173885551e-8 0 0 0 0 0
          1.1321317217038995e-9 1.2078268940562964e-10 1.931254886448388e-21 4.5816708066359624e-11 7.778081650977597e-11 7.791486097800948e-13
          3.318472233115877e-11 7.543315798386185e-12 2.5742142792384293e-12 4.239950510991448e-36 1.2136526084517794e-14 5.370608166901155e-15
          8.927443508022995e-16 1.317721786856874e-14 1.1959126397509401e-11 2.2995470680626032e-14 2.6266086812607066e-14 2.6386699222098395e-14
          1.2469610610490042e-27 3.784427908066532e-39 4.697700394365152e-28 0 2.8372335310113675e-28 2.389716571328526e-13
          0 1.0232980980789508e-28 6.241711249417581e-14 0 0 0
          0 0 0 0 0 0
          9.728366734407246e-8 8.726441080852965e-8 8.683039709467266e-8 8.684180130558161e-8 8.696466835544925e-8 8.712431309731983e-8
          8.727287337251255e-8 8.738975765254509e-8 8.744694923734642e-8 8.741955781488286e-8 8.731098688485872e-8 8.716881438886048e-8
          8.707075949132559e-8 8.708406085133902e-8 8.720461863731543e-8 8.735421630490237e-8 8.77027375167927e-8 8.79460699820811e-8
          8.818803109988949e-8 8.837918841209103e-8 8.852520494428973e-8 8.86368880514965e-8 8.872581247487688e-8 8.879339929990238e-8
          8.884452995516767e-8 8.884455127144975e-8 8.872023471440116e-8 8.995039735282262e-8 9.171204595759264e-8 9.321050953303711e-8
          0 6.990357093172861e-8 0 2.713182567504191e-9 0 0
          2.6894886318018507e-8 1.8514354493959218e-8 0 4.032192535419199e-8 5.794127133640359e-8 0
          0 5.574803907393289e-8 1.8450389660529254e-8 5.381793144465519e-8 6.703743338221102e-8 1.2902171775408533e-8
          2.2995468986560137e-14 8.017345720645608e-8 8.546125940256388e-8 2.9041830273968117e-8 1.2469611573455014e-27 2.0824044710821e-8
          0 0 0 0 9.547234469664545e-8 0
          9.85957981924912e-8 9.570018022486693e-8 0 0 0 0
          0 0 0 9.04256367562084e-8 9.016781632453785e-8 8.558951947179594e-8
          8.734534873156008e-8 8.69642917677993e-8 8.69700400585316e-8 8.714100374618283e-8 8.732301637337514e-8 8.748229163302312e-8
          8.760519421002755e-8 8.767356973748974e-8 8.767243997453988e-8 8.760255099105052e-8 8.750534874479854e-8 8.746911106527477e-8
          8.755819891348438e-8 8.775608506539356e-8 8.798926387498796e-8 8.820535413178732e-8 8.836680365220673e-8 8.849698929225269e-8
          8.859775135761083e-8 8.867284861935332e-8 8.873111312368565e-8 8.876211410324686e-8 8.877236723492388e-8 8.873235657347323e-8
          8.868795475791558e-8 8.868748579970998e-8 8.866356893122429e-8 8.862199507575497e-8 8.860053668513501e-8 8.859629474500252e-8
          8.866665268669749e-8 8.881023205731253e-8 8.886473068514533e-8 8.887737834584186e-8 8.89631408540481e-8 8.896763858956547e-8
          8.902799919496829e-8 8.911636939501477e-8 8.91219613663452e-8 8.815058549771493e-8 8.815847252208187e-8 8.816512320208858e-8
          8.817166019525757e-8 8.817731611543422e-8 8.818371810548342e-8 8.8188180313864e-8 8.819284857963794e-8 8.81972113120355e-8
          8.820096297768032e-8 8.820448726964969e-8 8.820767760653325e-8 8.821100294653661e-8 8.821420749427489e-8 8.821719177376508e-8
          8.822019736953735e-8 8.822285479936909e-8 8.822615171766302e-8 8.822878072578533e-8 8.823143105018971e-8 8.823406005831202e-8
          0 0 0 0 0 0
          0 0 8.982947719005097e-8 0 7.317449046695401e-8 8.781523774814559e-8
          8.68642757723137e-8 8.690149400081282e-8 8.712519417031217e-8 8.731102951742287e-8 8.746280855120858e-8 8.766324555153915e-8
          8.790250660695165e-8 8.808316209751865e-8 8.814853202920858e-8 8.811052509827277e-8 8.80319745988345e-8 8.800515161055955e-8
          8.80838086914082e-8 8.825051622807223e-8 8.841933407666147e-8 8.85432243080686e-8 8.860621392159373e-8 8.86508644271089e-8
          8.870481593703516e-8 8.870684808925944e-8 8.870311063446934e-8 8.869223933061221e-8 8.868790501992407e-8 8.868789791449672e-8
          8.868738632372697e-8 8.866224732173578e-8 8.861540834459447e-8 8.858987854409861e-8 8.858367550601542e-8 8.864876122061105e-8
          8.879142399109696e-8 8.884630631200707e-8 8.88598421511233e-8 8.895235481531927e-8 8.895188585711367e-8 8.901285752926924e-8
          8.910219406743636e-8 8.910873816603271e-8 8.810024354488633e-8 8.810683738147418e-8 8.81126496210527e-8 8.811879581571702e-8
          8.812324381324288e-8 8.81279333952989e-8 8.813226770598703e-8 8.813594831735827e-8 8.813948682018236e-8 8.814262031364706e-8
          8.814591723194098e-8 8.81490649362604e-8 8.815192131805816e-8 8.815477769985591e-8 8.815722196686693e-8 8.816007834866468e-8
          8.81623876125559e-8 8.816482477413956e-8 8.816685692636383e-8 8.816688534807327e-8
        </DataArray>
        <DataArray type="Float32" Name="MOISTURE_Solids_mass_fractions_1_2" format="ascii" RangeMin="0" RangeMax="0">
          0 0 0 0 0 0
          0 0 0 0 0 0
          0 0 0 0 0 0
          0 0 0 0 0 0
          0 0 0 0 0 0
          0 0 0 0 0 0
          0 0 0 0 0 0
          0 0 0 0 0 0
          0 0 0 0 0 0
          0 0 0 0 0 0
          0 0 0 0 0 0
          0 0 0 0 0 0
          0 0 0 0 0 0
          0 0 0 0 0 0
          0 0 0 0 0 0
          0 0 0 0 0 0
          0 0 0 0 0 0
          0 0 0 0 0 0
          0 0 0 0 0 0
          0 0 0 0 0 0
          0 0 0 0 0 0
          0 0 0 0 0 0
          0 0 0 0 0 0
          0 0 0 0 0 0
          0 0 0 0 0 0
          0 0 0 0 0 0
          0 0 0 0 0 0
          0 0 0 0 0 0
          0 0 0 0 0 0
          0 0 0 0 0 0
          0 0 0 0 0 0
          0 0 0 0 0 0
          0 0 0 0 0 0
          0 0 0 0 0 0
          0 0 0 0 0 0
          0 0 0 0 0 0
          0 0 0 0 0 0
          0 0 0 0 0 0
          0 0 0 0 0 0
          0 0 0 0 0 0
          0 0 0 0 0 0
          0 0 0 0 0 0
          0 0 0 0 0 0
          0 0 0 0 0 0
          0 0 0 0 0 0
          0 0 0 0 0 0
          0 0 0 0 0 0
          0 0 0 0 0 0
          0 0 0 0 0 0
          0 0 0 0 0 0
          0 0 0 0 0 0
          0 0 0 0 0 0
          0 0 0 0 0 0
          0 0 0 0 0 0
          0 0 0 0 0 0
          0 0 0 0 0 0
          0 0 0 0 0 0
          0 0 0 0 0 0
          0 0 0 0 0 0
          0 0 0 0 0 0
          0 0 0 0 0 0
          0 0 0 0 0 0
          0 0 0 0 0 0
          0 0 0 0 0 0
          0 0 0 0 0 0
          0 0 0 0 0 0
          0 0 0 0 0 0
          0 0 0 0 0 0
          0 0 0 0 0 0
          0 0 0 0 0 0
          0 0 0 0 0 0
          0 0 0 0 0 0
          0 0 0 0 0 0
          0 0 0 0 0 0
          0 0 0 0 0 0
          0 0 0 0 0 0
          0 0 0 0 0 0
          0 0 0 0 0 0
          0 0 0 0 0 0
          0 0 0 0 0 0
          0 0 0 0 0 0
          0 0 0 0 0 0
          0 0 0 0 0 0
          0 0 0 0 0 0
          0 0 0 0 0 0
          0 0 0 0 0 0
          0 0 0 0 0 0
          0 0 0 0 0 0
          0 0 0 0 0 0
          0 0 0 0 0 0
          0 0 0 0 0 0
          0 0 0 0 0 0
          0 0 0 0 0 0
          0 0 0 0 0 0
          0 0 0 0 0 0
          0 0 0 0 0 0
          0 0 0 0 0 0
          0 0 0 0 0 0
          0 0 0 0 0 0
          0 0 0 0 0 0
          0 0 0 0 0 0
          0 0 0 0 0 0
          0 0 0 0 0 0
          0 0 0 0 0 0
          0 0 0 0 0 0
          0 0 0 0 0 0
          0 0 0 0 0 0
          0 0 0 0 0 0
          0 0 0 0 0 0
          0 0 0 0 0 0
          0 0 0 0 0 0
          0 0 0 0 0 0
          0 0 0 0 0 0
          0 0 0 0 0 0
          0 0 0 0 0 0
          0 0 0 0 0 0
          0 0 0 0
        </DataArray>
        <DataArray type="Float32" Name="CHAR_Solids_mass_fractions_1_3" format="ascii" RangeMin="0" RangeMax="0.7535032033920288">
          0 0 0 0 0 0
          0.7351270914077759 0.7425187826156616 0.7397162914276123 0.7365273237228394 0.736128568649292 0.7392844557762146
          0.74315345287323 0.7459520697593689 0.7476445436477661 0.7485591173171997 0.7489013671875 0.748785674571991
          0.7482567429542542 0.7473223805427551 0.7460086941719055 0.7444312572479248 0.7428336143493652 0.7415216565132141
          0.7407193183898926 0.7404726147651672 0.7406802773475647 0.7411866784095764 0.7418439984321594 0.7425395250320435
          0.7432568073272705 0.7443376779556274 0.7456070780754089 0.7460086941719055 0.7460082173347473 0.7454754114151001
          0.742520272731781 0.743505597114563 0.7489120364189148 0.7495625615119934 0.7535032033920288 0.7406021952629089
          0.7510483860969543 0.7502924799919128 0.7439419031143188 0 0 0
          0 0 0 0 0 0
          0 0 0 0 0 0
          0 0 0 0 0 0
          0 0 0 0 0 0
          0 0 0 0 0 0
          0.0000531901532667689 0.3604269027709961 0.6676235795021057 0.7096744775772095 0.7231487035751343 0.7288456559181213
          0.7321350574493408 0.7348844408988953 0.7369918823242188 0.7385125160217285 0.7396325469017029 0.740501344203949
          0.7412291169166565 0.7418884634971619 0.7425145506858826 0.743109941482544 0.7436553835868835 0.744122326374054
          0.7444790005683899 0.7447043061256409 0.7448261380195618 0.74497389793396 0.7452046871185303 0.745647132396698
          0.7463628649711609 0.7459343075752258 0.7459338903427124 0.7454717755317688 0.743606448173523 0.742888867855072
          0.7478929162025452 0.7502170205116272 0.7433884143829346 0.7271480560302734 0.7458267211914062 0.7397974729537964
          0 0 0 0 0 0
          0 0 0 0 0 0
          0 0 0 0 0 0
          0 0 0 0 0 0
          0 0 0 0 0 0
          0 0 0 0.000018146922229789197 0.001960188616067171 0.4254315495491028
          0.6982826590538025 0.7309589982032776 0.739779531955719 0.7428232431411743 0.7441037893295288 0.7447066307067871
          0.7451686263084412 0.7456976175308228 0.7462592720985413 0.7467177510261536 0.7470805048942566 0.747351884841919
          0.7475301623344421 0.7476101517677307 0.747588574886322 0.7474585175514221 0.7472137212753296 0.7468651533126831
          0.7464385628700256 0.7460827231407166 0.7460227608680725 0.7462072372436523 0.7463690042495728 0.7458642721176147
          0.745863676071167 0.7454673647880554 0.7429546117782593 0.743241012096405 0.747336208820343 0.7492123246192932
          0.6667662858963013 0.7080978155136108 0.7423397302627563 0.7376229166984558 0 0
          0 0 0 0 0 0
          0 0 0 0 0 0
          0 0 0 0 0 0
          0 0 0 0 0 0
          0 0 0 0 0 0
          0 0.00009724409028422087 0.012080722488462925 0.5930376052856445 0.7292990684509277 0.7448453307151794
          0.7485236525535583 0.7495750188827515 0.7499299049377441 0.7500454187393188 0.7500568628311157 0.7499838471412659
          0.7498887777328491 0.7498322129249573 0.7497897148132324 0.7497256994247437 0.7496023178100586 0.7493906021118164
          0.7490832209587097 0.7486581206321716 0.748065710067749 0.747333824634552 0.7466665506362915 0.7464001178741455
          0.7463549971580505 0.7463002800941467 0.7461713552474976 0.7457968592643738 0.7457958459854126 0.7414416074752808
          0.7432757019996643 0.7428069114685059 0.74711674451828 0.6781213879585266 0.6709670424461365 0.5687403082847595
          0.7396055459976196 0 0 0 0 0
          0 0 0 0 0 0
          0 0 0 0 0 0
          0 0 0 0 0 0
          0 0 0 0 0 0
          0 0 0 0 0 0.0015719198854640126
          0.09228844940662384 0.7049698233604431 0.7451360821723938 0.7490953803062439 0.7499352097511292 0.7501271367073059
          0.7501690983772278 0.7501410841941833 0.7500660419464111 0.7499800324440002 0.7499303221702576 0.7499517202377319
          0.7500328421592712 0.7500478029251099 0.7499001622200012 0.7495880722999573 0.7491633892059326 0.7485044002532959
          0.7477073073387146 0.7470710277557373 0.7466511726379395 0.7464646100997925 0.7463329434394836 0.7461839914321899
          0.746015727519989 0.7459061145782471 0.7456048727035522 0.7412434816360474 0.7424818277359009 0.7381162643432617
          0.7460031509399414 0.6521105170249939 0.6586803197860718 0.589950442314148 0 0
          0 0 0 0 0 0
          0 0 0 0 0 0
          0 0 0 0 0 0
          0 0 0 0 0 0
          0 0 0 0 0 0
          0 0 0.00016496944590471685 0.003027532948181033 0.37898850440979004 0.7354068756103516
          0.7474517822265625 0.749523401260376 0.7500843405723572 0.7501617670059204 0.7501150369644165 0.7499842047691345
          0.7498041391372681 0.7496374845504761 0.7495502829551697 0.7495884299278259 0.7497785687446594 0.7498205900192261
          0.7494922876358032 0.7490153908729553 0.7485385537147522 0.7478286623954773 0.7472134232521057 0.7467791438102722
          0.7465114593505859 0.7463420629501343 0.7461918592453003 0.7460422515869141 0.7458977699279785 0.7458974719047546
          0.7453079223632812 0.7407785654067993 0.7414239048957825 0.7157654166221619 0.6458616256713867 0.6504495739936829
          0.5795096755027771 0.6161773204803467 0 0 0 0
          0 0 0 0 0 0
          0 0 0 0 0 0
          0 0 0 0 0 0
          0 0 0 0 0 0
          0 0 0 0 0 0
          0.000014664093214378227 0.007009364664554596 0.5264256000518799 0.735691487789154 0.7467533946037292 0.7493876814842224
          0.7500910758972168 0.7501170039176941 0.7499863505363464 0.7497653961181641 0.7495143413543701 0.749308168888092
          0.7491987943649292 0.7491816878318787 0.7491748929023743 0.7490265965461731 0.7486861944198608 0.7482973337173462
          0.747760534286499 0.7471793293952942 0.7467913031578064 0.7465245723724365 0.746338963508606 0.7461925148963928
          0.7460561990737915 0.7459226846694946 0.7457936406135559 0.7457934021949768 0.7455431818962097 0.676620602607727
          0.7216286063194275 0.6092743277549744 0.6235479116439819 0.6863253116607666 0.5477519035339355 0.5787338614463806
          0.00656151631847024 0.0007210941985249519 1.375437341333361e-14 0.0002639183367136866 0.0004695395764429122 0.0000043749150790972635
          0.0001752235257299617 0.000033350097510265186 0.000012275036169739906 0 9.998280603440435e-8 4.6882544069148935e-8
          7.793182987825276e-9 9.998824879176027e-8 0.00006629186100326478 1.3611206384211982e-7 1.560761262453525e-7 1.58255147653108e-7
          0 0 0 0 0 0.000001467477318328747
          0 1.2991699734733618e-18 3.742076444268605e-7 0 0 0
          0 0 0 0 0 0.000013887754903407767
          0.5878195762634277 0.7177411317825317 0.7432517409324646 0.7486630082130432 0.7500078082084656 0.7500696778297424
          0.7499093413352966 0.749653160572052 0.7493592500686646 0.7490902543067932 0.7488848567008972 0.7487306594848633
          0.7485634088516235 0.7483102679252625 0.7479766011238098 0.7476369142532349 0.7471036314964294 0.7467800974845886
          0.7465369701385498 0.7463544011116028 0.7462078332901001 0.7460809946060181 0.745963454246521 0.7458521723747253
          0.7457942366600037 0.7457941770553589 0.7456806302070618 0.7448599338531494 0.7425116300582886 0.7385087013244629
          0.6483675241470337 0.6975391507148743 0.703955352306366 0.6987292766571045 0.6965227127075195 0.693714439868927
          0.6942048668861389 0.6933578252792358 0.6898561716079712 0.30951979756355286 0.4342118799686432 0.6845028400421143
          0.6819048523902893 0.4204392433166504 0.14731724560260773 0.40885064005851746 0.49104246497154236 0.10333365947008133
          1.8411748214930412e-7 0.5679280161857605 0.5896070599555969 0.22820687294006348 0 0.1640060544013977
          0.6659979820251465 0.6750606894493103 0.6820240020751953 0.6849696636199951 0.7310701012611389 0.6887444257736206
          0.6901222467422485 0.7301815152168274 0 0 0 0
          0 0 0 0.00000895033372216858 0.0028600834775716066 0.40585964918136597
          0.7250375151634216 0.7453551888465881 0.7496818900108337 0.7500836253166199 0.7499861121177673 0.7497737407684326
          0.7494721412658691 0.7491241693496704 0.7487874031066895 0.7484933733940125 0.7482360601425171 0.7479722499847412
          0.7476586699485779 0.747292697429657 0.7469397783279419 0.7466375827789307 0.7464153170585632 0.7462647557258606
          0.7461373805999756 0.7460274696350098 0.7459222078323364 0.7458488345146179 0.7458377480506897 0.7458643913269043
          0.745891809463501 0.7458917498588562 0.7458927035331726 0.7459297776222229 0.7460062503814697 0.7460944652557373
          0.7463626861572266 0.746638298034668 0.746727705001831 0.7467523217201233 0.7468812465667725 0.746894896030426
          0.7469802498817444 0.7470986247062683 0.7471109628677368 0.7501614093780518 0.7501587271690369 0.7501572370529175
          0.750156044960022 0.750155508518219 0.7501536011695862 0.7501533031463623 0.7501531839370728 0.7501530051231384
          0.7501528859138489 0.7501533031463623 0.7501534819602966 0.750153660774231 0.7501538991928101 0.7501538991928101
          0.7501538991928101 0.7501537203788757 0.7501528263092041 0.7501524090766907 0.7501523494720459 0.7501509189605713
          0 0 0 0 0 0
          0 0 0.006601694971323013 1.6550815828964005e-8 0.2846055328845978 0.7160820960998535
          0.7468003034591675 0.7499181032180786 0.7501018047332764 0.7501941323280334 0.7501661777496338 0.7498714923858643
          0.7493686079978943 0.7488475441932678 0.7484264969825745 0.7480979561805725 0.7477984428405762 0.7474675178527832
          0.747098445892334 0.7467557787895203 0.7464600205421448 0.746243953704834 0.7461355924606323 0.7460473775863647
          0.7459179759025574 0.7458966970443726 0.7458906173706055 0.745891273021698 0.7458919286727905 0.7458919286727905
          0.7458920478820801 0.7458964586257935 0.7459486126899719 0.7460367679595947 0.746130645275116 0.7464138865470886
          0.7466919422149658 0.7467802166938782 0.7468022704124451 0.7469383478164673 0.7469397187232971 0.7470232248306274
          0.7471388578414917 0.7471485137939453 0.7503411173820496 0.750339686870575 0.7503387331962585 0.750337541103363
          0.7503372430801392 0.7503370642662048 0.7503369450569153 0.7503370642662048 0.7503374218940735 0.7503377199172974
          0.7503380179405212 0.7503383755683899 0.7503387331962585 0.750339150428772 0.7503396272659302 0.750339925289154
          0.7503404021263123 0.75034099817276 0.7503412365913391 0.7503411769866943
        </DataArray>
        <DataArray type="Float32" Name="ASH_Solids_mass_fractions_1_4" format="ascii" RangeMin="0.24649670720100403" RangeMax="1">
          1 1 1 1 1 1
          0.26436689496040344 0.25747543573379517 0.26028308272361755 0.26347246766090393 0.2638714015483856 0.26071542501449585
          0.25684651732444763 0.25404787063598633 0.2523553967475891 0.25144079327583313 0.25109854340553284 0.25121423602104187
          0.2517431974411011 0.2526775300502777 0.2539912164211273 0.25556865334510803 0.2571662962436676 0.2584782540798187
          0.25928059220314026 0.259527325630188 0.2593196630477905 0.25881320238113403 0.2581559419631958 0.257460355758667
          0.25674307346343994 0.2556622624397278 0.2543928325176239 0.2539912164211273 0.25399166345596313 0.25452449917793274
          0.2574796676635742 0.25649431347846985 0.25108790397644043 0.2504373788833618 0.24649670720100403 0.2593977153301239
          0.24895153939723969 0.24970746040344238 0.256058007478714 1 1 1
          1 1 1 1 1 1
          1 1 1 1 1 1
          1 1 1 1 1 1
          1 1 1 1 1 1
          1 1 1 1 1 1
          0.9999467134475708 0.6395729780197144 0.3323763608932495 0.290325403213501 0.27685123682022095 0.2711542844772339
          0.26786482334136963 0.2651154696941376 0.2630080282688141 0.2614873945713043 0.26036736369132996 0.25949856638908386
          0.25877076387405396 0.25811144709587097 0.2574853301048279 0.2568899393081665 0.2563444972038269 0.2558775842189789
          0.25552091002464294 0.2552955746650696 0.2551737427711487 0.2550260126590729 0.25479522347450256 0.25435274839401245
          0.25363707542419434 0.2540656328201294 0.25406602025032043 0.2545281648635864 0.2563934624195099 0.2571110129356384
          0.2521069645881653 0.24978290498256683 0.25661149621009827 0.2728518545627594 0.2541731894016266 0.26020240783691406
          1 1 1 1 1 1
          1 1 1 1 1 1
          1 1 1 1 1 1
          1 1 1 1 1 1
          1 1 1 1 1 1
          1 1 1 0.9999818205833435 0.9980397820472717 0.5745683312416077
          0.30171722173690796 0.26904091238975525 0.26022037863731384 0.2571766674518585 0.2558961510658264 0.2552932798862457
          0.2548312842845917 0.2543022930622101 0.2537406086921692 0.25328218936920166 0.25291943550109863 0.2526480257511139
          0.2524697780609131 0.2523897886276245 0.2524113357067108 0.2525414228439331 0.25278615951538086 0.25313472747802734
          0.2535613477230072 0.25391721725463867 0.2539771795272827 0.2537926733493805 0.2536308765411377 0.2541356086730957
          0.25413623452186584 0.25453251600265503 0.25704529881477356 0.2567589282989502 0.2526637017726898 0.25078755617141724
          0.33323371410369873 0.2919021546840668 0.2576601505279541 0.26237696409225464 1 1
          1 1 1 1 1 1
          1 1 1 1 1 1
          1 1 1 1 1 1
          1 1 1 1 1 1
          1 1 1 1 1 1
          1 0.9999026656150818 0.9879192113876343 0.4069623053073883 0.2707008123397827 0.2551546096801758
          0.2514762878417969 0.25042492151260376 0.2500700056552887 0.2499544769525528 0.24994304776191711 0.25001606345176697
          0.2501111626625061 0.25016769766807556 0.2502101957798004 0.2502742111682892 0.25039759278297424 0.25060930848121643
          0.2509167194366455 0.2513417899608612 0.2519342303276062 0.25266608595848083 0.25333335995674133 0.25359979271888733
          0.2536449432373047 0.2536996603012085 0.2538285553455353 0.25420305132865906 0.2542040944099426 0.2585583031177521
          0.25672420859336853 0.257192999124527 0.2528831362724304 0.3218786120414734 0.32903292775154114 0.4312596619129181
          0.2603943645954132 1 1 1 1 1
          1 1 1 1 1 1
          1 1 1 1 1 1
          1 1 1 1 1 1
          1 1 1 1 1 1
          1 1 1 1 1 0.9984279870986938
          0.9077114462852478 0.29503005743026733 0.25486382842063904 0.25090453028678894 0.2500647306442261 0.24987277388572693
          0.24983082711696625 0.24985884130001068 0.2499338537454605 0.2500198781490326 0.25006958842277527 0.2500481903553009
          0.2499670535326004 0.24995212256908417 0.250099778175354 0.25041186809539795 0.25083649158477783 0.25149551033973694
          0.25229260325431824 0.25292885303497314 0.25334876775741577 0.25353527069091797 0.2536669969558716 0.2538159489631653
          0.2539842128753662 0.25409382581710815 0.254395067691803 0.2587563991546631 0.25751805305480957 0.2618836760520935
          0.25399675965309143 0.3478895127773285 0.3413197100162506 0.41004955768585205 1 1
          1 1 1 1 1 1
          1 1 1 1 1 1
          1 1 1 1 1 1
          1 1 1 1 1 1
          1 1 1 1 1 1
          1 1 0.9998349547386169 0.996972382068634 0.6210113763809204 0.2645930349826813
          0.2525481581687927 0.25047650933265686 0.24991557002067566 0.24983815848827362 0.24988484382629395 0.2500156760215759
          0.25019577145576477 0.25036242604255676 0.25044959783554077 0.2504114508628845 0.250221312046051 0.25017932057380676
          0.250507652759552 0.2509845197200775 0.251461386680603 0.25217121839523315 0.2527864873409271 0.2532207667827606
          0.2534884512424469 0.25365787744522095 0.25380808115005493 0.2539576292037964 0.2541021406650543 0.2541024386882782
          0.254692018032074 0.2592213451862335 0.25857600569725037 0.28423449397087097 0.35413840413093567 0.3495504558086395
          0.4204902946949005 0.3838226795196533 1 1 1 1
          1 1 1 1 1 1
          1 1 1 1 1 1
          1 1 1 1 1 1
          1 1 1 1 1 1
          1 1 1 1 1 1
          0.9999852180480957 0.9929905533790588 0.47357431054115295 0.2643084228038788 0.2532465159893036 0.2506122589111328
          0.24990883469581604 0.24988292157649994 0.2500135600566864 0.2502345144748688 0.2504855990409851 0.2506917715072632
          0.25080108642578125 0.2508182227611542 0.25082504749298096 0.25097331404685974 0.2513137459754944 0.25170260667800903
          0.2522393763065338 0.25282058119773865 0.25320863723754883 0.2534753382205963 0.2536609172821045 0.25380739569664
          0.25394371151924133 0.2540772259235382 0.25420626997947693 0.25420647859573364 0.2544567286968231 0.32337942719459534
          0.27837127447128296 0.39072564244270325 0.3764520585536957 0.3136747181415558 0.45224806666374207 0.4212661683559418
          0.9934384822845459 0.9992789030075073 1 0.9997360706329346 0.9995304346084595 0.9999956488609314
          0.9998247623443604 0.9999666213989258 0.9999877214431763 1 0.9999998807907104 0.9999999403953552
          1 0.9999998807907104 0.9999337196350098 0.9999998807907104 0.9999998211860657 0.9999998211860657
          1 1 1 1 1 0.9999985098838806
          1 1 0.9999996423721313 1 1 1
          1 1 1 1 1 0.9999869465827942
          0.4121803343296051 0.2822587788105011 0.25674816966056824 0.251336932182312 0.24999213218688965 0.2499302625656128
          0.2500905990600586 0.25034675002098083 0.2506406903266907 0.250909686088562 0.25111502408981323 0.25126925110816956
          0.2514365017414093 0.2516896724700928 0.2520233392715454 0.252362996339798 0.2528963088989258 0.2532198131084442
          0.25346291065216064 0.25364550948143005 0.25379207730293274 0.25391891598701477 0.25403645634651184 0.2541477680206299
          0.2542056739330292 0.25420573353767395 0.2543192505836487 0.2551399767398834 0.25748828053474426 0.26149120926856995
          0.3516325056552887 0.30246075987815857 0.2960446774959564 0.3012707233428955 0.30347728729248047 0.3062855899333954
          0.3057951033115387 0.3066421449184418 0.3101438283920288 0.6904801726341248 0.5657880306243896 0.31549715995788574
          0.3180951178073883 0.5795606970787048 0.8526827692985535 0.5911493301391602 0.5089575052261353 0.8966663479804993
          0.9999998211860657 0.43207189440727234 0.4103928804397583 0.7717931270599365 1 0.8359939455986023
          0.3340020477771759 0.3249393403530121 0.3179760277271271 0.3150303363800049 0.26892977952957153 0.3112555742263794
          0.3098776340484619 0.26981836557388306 1 1 1 1
          1 1 1 0.9999909400939941 0.9971398115158081 0.5941402912139893
          0.2749623954296112 0.2546446919441223 0.2503180205821991 0.24991627037525177 0.2500137984752655 0.25022614002227783
          0.2505277991294861 0.2508757412433624 0.2512125074863434 0.2515065371990204 0.25176388025283813 0.2520276606082916
          0.25234121084213257 0.25270721316337585 0.25306016206741333 0.2533623278141022 0.2535845935344696 0.25373515486717224
          0.25386252999305725 0.25397244095802307 0.2540777027606964 0.2541511058807373 0.25416216254234314 0.2541355490684509
          0.25410810112953186 0.25410816073417664 0.25410720705986023 0.2540701627731323 0.2539936900138855 0.25390544533729553
          0.2536371946334839 0.25336161255836487 0.2532721757888794 0.25324758887290955 0.2531186640262604 0.2531050145626068
          0.25301969051361084 0.2529013156890869 0.25288891792297363 0.24983848631381989 0.24984119832515717 0.24984268844127655
          0.24984388053417206 0.24984437227249146 0.24984630942344666 0.24984662234783173 0.24984672665596008 0.2498469054698944
          0.24984703958034515 0.24984662234783173 0.2498464435338974 0.24984623491764069 0.24984601140022278 0.24984601140022278
          0.24984602630138397 0.2498461753129959 0.24984709918498993 0.24984753131866455 0.24984754621982574 0.24984897673130035
          1 1 1 1 1 1
          1 1 0.9933981895446777 1 0.7153943777084351 0.2839178144931793
          0.25319963693618774 0.25008177757263184 0.24989810585975647 0.2498057782649994 0.24983376264572144 0.2501283884048462
          0.25063133239746094 0.2511523962020874 0.2515734136104584 0.2519019544124603 0.2522014379501343 0.25253239274024963
          0.25290146470069885 0.2532441318035126 0.2535398602485657 0.25375595688819885 0.2538642883300781 0.2539525032043457
          0.25408196449279785 0.2541032135486603 0.25410929322242737 0.25410863757133484 0.2541079521179199 0.2541079521179199
          0.25410786271095276 0.254103422164917 0.2540512681007385 0.2539631426334381 0.25386926531791687 0.2535860240459442
          0.25330793857574463 0.2532196640968323 0.2531976103782654 0.25306153297424316 0.2530602216720581 0.252976655960083
          0.2528610825538635 0.2528513967990875 0.24965882301330566 0.2496601939201355 0.2496611624956131 0.2496623694896698
          0.24966265261173248 0.2496628314256668 0.24966293573379517 0.2496628761291504 0.24966251850128174 0.24966219067573547
          0.2496618777513504 0.24966152012348175 0.2496611624956131 0.24966074526309967 0.24966031312942505 0.24965998530387878
          0.24965952336788177 0.24965894222259521 0.24965868890285492 0.2496587485074997
        </DataArray>
      </CellData>
      <Points>
        <DataArray type="Float32" Name="Points" NumberOfComponents="3" format="ascii" RangeMin="0" RangeMax="5.727128342051162">
          0 0 0 0 0.07999999821186066 0
          0 0.1599999964237213 0 0 0.23999999463558197 0
          0 0.3199999928474426 0 0 0.4000000059604645 0
          0 0.47999998927116394 0 0 0.5600000023841858 0
          0 0.6399999856948853 0 0 0.7200000286102295 0
          0 0.800000011920929 0 0 0.8799999952316284 0
          0 0.9599999785423279 0 0 1.0399999618530273 0
          0 1.1200000047683716 0 0 1.2000000476837158 0
          0 1.2799999713897705 0 0 1.3600000143051147 0
          0 1.440000057220459 0 0 1.5199999809265137 0
          0 1.600000023841858 0 0 1.6799999475479126 0
          0 1.7599999904632568 0 0 1.840000033378601 0
          0 1.9199999570846558 0 0 2 0
          0 2.0799999237060547 0 0 2.1600000858306885 0
          0 2.240000009536743 0 0 2.319999933242798 0
          0 2.4000000953674316 0 0 2.4800000190734863 0
          0 2.559999942779541 0 0 2.640000104904175 0
          0 2.7200000286102295 0 0 2.799999952316284 0
          0 2.880000114440918 0 0 2.9600000381469727 0
          0 3.0399999618530273 0 0 3.119999885559082 0
          0 3.200000047683716 0 0 3.2799999713897705 0
          0 3.359999895095825 0 0 3.440000057220459 0
          0 3.5199999809265137 0 0 3.5999999046325684 0
          0 3.680000066757202 0 0 3.759999990463257 0
          0 3.8399999141693115 0 0 3.9200000762939453 0
          0 4 0 0 4.079999923706055 0
          0 4.159999847412109 0 0 4.239999771118164 0
          0 4.320000171661377 0 0 4.400000095367432 0
          0 4.480000019073486 0 0 4.559999942779541 0
          0 4.639999866485596 0 0 4.71999979019165 0
          0 4.800000190734863 0 0 4.880000114440918 0
          0 4.960000038146973 0 0 5.039999961853027 0
          0 5.119999885559082 0 0 5.199999809265137 0
          0 5.28000020980835 0 0 5.360000133514404 0
          0 5.440000057220459 0 0 5.519999980926514 0
          0 5.599999904632568 0 0.11999999731779099 0 0
          0.11999999731779099 0.07999999821186066 0 0.11999999731779099 0.1599999964237213 0
          0.11999999731779099 0.23999999463558197 0 0.11999999731779099 0.3199999928474426 0
          0.11999999731779099 0.4000000059604645 0 0.11999999731779099 0.47999998927116394 0
          0.11999999731779099 0.5600000023841858 0 0.11999999731779099 0.6399999856948853 0
          0.11999999731779099 0.7200000286102295 0 0.11999999731779099 0.800000011920929 0
          0.11999999731779099 0.8799999952316284 0 0.11999999731779099 0.9599999785423279 0
          0.11999999731779099 1.0399999618530273 0 0.11999999731779099 1.1200000047683716 0
          0.11999999731779099 1.2000000476837158 0 0.11999999731779099 1.2799999713897705 0
          0.11999999731779099 1.3600000143051147 0 0.11999999731779099 1.440000057220459 0
          0.11999999731779099 1.5199999809265137 0 0.11999999731779099 1.600000023841858 0
          0.11999999731779099 1.6799999475479126 0 0.11999999731779099 1.7599999904632568 0
          0.11999999731779099 1.840000033378601 0 0.11999999731779099 1.9199999570846558 0
          0.11999999731779099 2 0 0.11999999731779099 2.0799999237060547 0
          0.11999999731779099 2.1600000858306885 0 0.11999999731779099 2.240000009536743 0
          0.11999999731779099 2.319999933242798 0 0.11999999731779099 2.4000000953674316 0
          0.11999999731779099 2.4800000190734863 0 0.11999999731779099 2.559999942779541 0
          0.11999999731779099 2.640000104904175 0 0.11999999731779099 2.7200000286102295 0
          0.11999999731779099 2.799999952316284 0 0.11999999731779099 2.880000114440918 0
          0.11999999731779099 2.9600000381469727 0 0.11999999731779099 3.0399999618530273 0
          0.11999999731779099 3.119999885559082 0 0.11999999731779099 3.200000047683716 0
          0.11999999731779099 3.2799999713897705 0 0.11999999731779099 3.359999895095825 0
          0.11999999731779099 3.440000057220459 0 0.11999999731779099 3.5199999809265137 0
          0.11999999731779099 3.5999999046325684 0 0.11999999731779099 3.680000066757202 0
          0.11999999731779099 3.759999990463257 0 0.11999999731779099 3.8399999141693115 0
          0.11999999731779099 3.9200000762939453 0 0.11999999731779099 4 0
          0.11999999731779099 4.079999923706055 0 0.11999999731779099 4.159999847412109 0
          0.11999999731779099 4.239999771118164 0 0.11999999731779099 4.320000171661377 0
          0.11999999731779099 4.400000095367432 0 0.11999999731779099 4.480000019073486 0
          0.11999999731779099 4.559999942779541 0 0.11999999731779099 4.639999866485596 0
          0.11999999731779099 4.71999979019165 0 0.11999999731779099 4.800000190734863 0
          0.11999999731779099 4.880000114440918 0 0.11999999731779099 4.960000038146973 0
          0.11999999731779099 5.039999961853027 0 0.11999999731779099 5.119999885559082 0
          0.11999999731779099 5.199999809265137 0 0.11999999731779099 5.28000020980835 0
          0.11999999731779099 5.360000133514404 0 0.11999999731779099 5.440000057220459 0
          0.11999999731779099 5.519999980926514 0 0.11999999731779099 5.599999904632568 0
          0.23999999463558197 0 0 0.23999999463558197 0.07999999821186066 0
          0.23999999463558197 0.1599999964237213 0 0.23999999463558197 0.23999999463558197 0
          0.23999999463558197 0.3199999928474426 0 0.23999999463558197 0.4000000059604645 0
          0.23999999463558197 0.47999998927116394 0 0.23999999463558197 0.5600000023841858 0
          0.23999999463558197 0.6399999856948853 0 0.23999999463558197 0.7200000286102295 0
          0.23999999463558197 0.800000011920929 0 0.23999999463558197 0.8799999952316284 0
          0.23999999463558197 0.9599999785423279 0 0.23999999463558197 1.0399999618530273 0
          0.23999999463558197 1.1200000047683716 0 0.23999999463558197 1.2000000476837158 0
          0.23999999463558197 1.2799999713897705 0 0.23999999463558197 1.3600000143051147 0
          0.23999999463558197 1.440000057220459 0 0.23999999463558197 1.5199999809265137 0
          0.23999999463558197 1.600000023841858 0 0.23999999463558197 1.6799999475479126 0
          0.23999999463558197 1.7599999904632568 0 0.23999999463558197 1.840000033378601 0
          0.23999999463558197 1.9199999570846558 0 0.23999999463558197 2 0
          0.23999999463558197 2.0799999237060547 0 0.23999999463558197 2.1600000858306885 0
          0.23999999463558197 2.240000009536743 0 0.23999999463558197 2.319999933242798 0
          0.23999999463558197 2.4000000953674316 0 0.23999999463558197 2.4800000190734863 0
          0.23999999463558197 2.559999942779541 0 0.23999999463558197 2.640000104904175 0
          0.23999999463558197 2.7200000286102295 0 0.23999999463558197 2.799999952316284 0
          0.23999999463558197 2.880000114440918 0 0.23999999463558197 2.9600000381469727 0
          0.23999999463558197 3.0399999618530273 0 0.23999999463558197 3.119999885559082 0
          0.23999999463558197 3.200000047683716 0 0.23999999463558197 3.2799999713897705 0
          0.23999999463558197 3.359999895095825 0 0.23999999463558197 3.440000057220459 0
          0.23999999463558197 3.5199999809265137 0 0.23999999463558197 3.5999999046325684 0
          0.23999999463558197 3.680000066757202 0 0.23999999463558197 3.759999990463257 0
          0.23999999463558197 3.8399999141693115 0 0.23999999463558197 3.9200000762939453 0
          0.23999999463558197 4 0 0.23999999463558197 4.079999923706055 0
          0.23999999463558197 4.159999847412109 0 0.23999999463558197 4.239999771118164 0
          0.23999999463558197 4.320000171661377 0 0.23999999463558197 4.400000095367432 0
          0.23999999463558197 4.480000019073486 0 0.23999999463558197 4.559999942779541 0
          0.23999999463558197 4.639999866485596 0 0.23999999463558197 4.71999979019165 0
          0.23999999463558197 4.800000190734863 0 0.23999999463558197 4.880000114440918 0
          0.23999999463558197 4.960000038146973 0 0.23999999463558197 5.039999961853027 0
          0.23999999463558197 5.119999885559082 0 0.23999999463558197 5.199999809265137 0
          0.23999999463558197 5.28000020980835 0 0.23999999463558197 5.360000133514404 0
          0.23999999463558197 5.440000057220459 0 0.23999999463558197 5.519999980926514 0
          0.23999999463558197 5.599999904632568 0 0.36000001430511475 0 0
          0.36000001430511475 0.07999999821186066 0 0.36000001430511475 0.1599999964237213 0
          0.36000001430511475 0.23999999463558197 0 0.36000001430511475 0.3199999928474426 0
          0.36000001430511475 0.4000000059604645 0 0.36000001430511475 0.47999998927116394 0
          0.36000001430511475 0.5600000023841858 0 0.36000001430511475 0.6399999856948853 0
          0.36000001430511475 0.7200000286102295 0 0.36000001430511475 0.800000011920929 0
          0.36000001430511475 0.8799999952316284 0 0.36000001430511475 0.9599999785423279 0
          0.36000001430511475 1.0399999618530273 0 0.36000001430511475 1.1200000047683716 0
          0.36000001430511475 1.2000000476837158 0 0.36000001430511475 1.2799999713897705 0
          0.36000001430511475 1.3600000143051147 0 0.36000001430511475 1.440000057220459 0
          0.36000001430511475 1.5199999809265137 0 0.36000001430511475 1.600000023841858 0
          0.36000001430511475 1.6799999475479126 0 0.36000001430511475 1.7599999904632568 0
          0.36000001430511475 1.840000033378601 0 0.36000001430511475 1.9199999570846558 0
          0.36000001430511475 2 0 0.36000001430511475 2.0799999237060547 0
          0.36000001430511475 2.1600000858306885 0 0.36000001430511475 2.240000009536743 0
          0.36000001430511475 2.319999933242798 0 0.36000001430511475 2.4000000953674316 0
          0.36000001430511475 2.4800000190734863 0 0.36000001430511475 2.559999942779541 0
          0.36000001430511475 2.640000104904175 0 0.36000001430511475 2.7200000286102295 0
          0.36000001430511475 2.799999952316284 0 0.36000001430511475 2.880000114440918 0
          0.36000001430511475 2.9600000381469727 0 0.36000001430511475 3.0399999618530273 0
          0.36000001430511475 3.119999885559082 0 0.36000001430511475 3.200000047683716 0
          0.36000001430511475 3.2799999713897705 0 0.36000001430511475 3.359999895095825 0
          0.36000001430511475 3.440000057220459 0 0.36000001430511475 3.5199999809265137 0
          0.36000001430511475 3.5999999046325684 0 0.36000001430511475 3.680000066757202 0
          0.36000001430511475 3.759999990463257 0 0.36000001430511475 3.8399999141693115 0
          0.36000001430511475 3.9200000762939453 0 0.36000001430511475 4 0
          0.36000001430511475 4.079999923706055 0 0.36000001430511475 4.159999847412109 0
          0.36000001430511475 4.239999771118164 0 0.36000001430511475 4.320000171661377 0
          0.36000001430511475 4.400000095367432 0 0.36000001430511475 4.480000019073486 0
          0.36000001430511475 4.559999942779541 0 0.36000001430511475 4.639999866485596 0
          0.36000001430511475 4.71999979019165 0 0.36000001430511475 4.800000190734863 0
          0.36000001430511475 4.880000114440918 0 0.36000001430511475 4.960000038146973 0
          0.36000001430511475 5.039999961853027 0 0.36000001430511475 5.119999885559082 0
          0.36000001430511475 5.199999809265137 0 0.36000001430511475 5.28000020980835 0
          0.36000001430511475 5.360000133514404 0 0.36000001430511475 5.440000057220459 0
          0.36000001430511475 5.519999980926514 0 0.36000001430511475 5.599999904632568 0
          0.47999998927116394 0 0 0.47999998927116394 0.07999999821186066 0
          0.47999998927116394 0.1599999964237213 0 0.47999998927116394 0.23999999463558197 0
          0.47999998927116394 0.3199999928474426 0 0.47999998927116394 0.4000000059604645 0
          0.47999998927116394 0.47999998927116394 0 0.47999998927116394 0.5600000023841858 0
          0.47999998927116394 0.6399999856948853 0 0.47999998927116394 0.7200000286102295 0
          0.47999998927116394 0.800000011920929 0 0.47999998927116394 0.8799999952316284 0
          0.47999998927116394 0.9599999785423279 0 0.47999998927116394 1.0399999618530273 0
          0.47999998927116394 1.1200000047683716 0 0.47999998927116394 1.2000000476837158 0
          0.47999998927116394 1.2799999713897705 0 0.47999998927116394 1.3600000143051147 0
          0.47999998927116394 1.440000057220459 0 0.47999998927116394 1.5199999809265137 0
          0.47999998927116394 1.600000023841858 0 0.47999998927116394 1.6799999475479126 0
          0.47999998927116394 1.7599999904632568 0 0.47999998927116394 1.840000033378601 0
          0.47999998927116394 1.9199999570846558 0 0.47999998927116394 2 0
          0.47999998927116394 2.0799999237060547 0 0.47999998927116394 2.1600000858306885 0
          0.47999998927116394 2.240000009536743 0 0.47999998927116394 2.319999933242798 0
          0.47999998927116394 2.4000000953674316 0 0.47999998927116394 2.4800000190734863 0
          0.47999998927116394 2.559999942779541 0 0.47999998927116394 2.640000104904175 0
          0.47999998927116394 2.7200000286102295 0 0.47999998927116394 2.799999952316284 0
          0.47999998927116394 2.880000114440918 0 0.47999998927116394 2.9600000381469727 0
          0.47999998927116394 3.0399999618530273 0 0.47999998927116394 3.119999885559082 0
          0.47999998927116394 3.200000047683716 0 0.47999998927116394 3.2799999713897705 0
          0.47999998927116394 3.359999895095825 0 0.47999998927116394 3.440000057220459 0
          0.47999998927116394 3.5199999809265137 0 0.47999998927116394 3.5999999046325684 0
          0.47999998927116394 3.680000066757202 0 0.47999998927116394 3.759999990463257 0
          0.47999998927116394 3.8399999141693115 0 0.47999998927116394 3.9200000762939453 0
          0.47999998927116394 4 0 0.47999998927116394 4.079999923706055 0
          0.47999998927116394 4.159999847412109 0 0.47999998927116394 4.239999771118164 0
          0.47999998927116394 4.320000171661377 0 0.47999998927116394 4.400000095367432 0
          0.47999998927116394 4.480000019073486 0 0.47999998927116394 4.559999942779541 0
          0.47999998927116394 4.639999866485596 0 0.47999998927116394 4.71999979019165 0
          0.47999998927116394 4.800000190734863 0 0.47999998927116394 4.880000114440918 0
          0.47999998927116394 4.960000038146973 0 0.47999998927116394 5.039999961853027 0
          0.47999998927116394 5.119999885559082 0 0.47999998927116394 5.199999809265137 0
          0.47999998927116394 5.28000020980835 0 0.47999998927116394 5.360000133514404 0
          0.47999998927116394 5.440000057220459 0 0.47999998927116394 5.519999980926514 0
          0.47999998927116394 5.599999904632568 0 0.6000000238418579 0 0
          0.6000000238418579 0.07999999821186066 0 0.6000000238418579 0.1599999964237213 0
          0.6000000238418579 0.23999999463558197 0 0.6000000238418579 0.3199999928474426 0
          0.6000000238418579 0.4000000059604645 0 0.6000000238418579 0.47999998927116394 0
          0.6000000238418579 0.5600000023841858 0 0.6000000238418579 0.6399999856948853 0
          0.6000000238418579 0.7200000286102295 0 0.6000000238418579 0.800000011920929 0
          0.6000000238418579 0.8799999952316284 0 0.6000000238418579 0.9599999785423279 0
          0.6000000238418579 1.0399999618530273 0 0.6000000238418579 1.1200000047683716 0
          0.6000000238418579 1.2000000476837158 0 0.6000000238418579 1.2799999713897705 0
          0.6000000238418579 1.3600000143051147 0 0.6000000238418579 1.440000057220459 0
          0.6000000238418579 1.5199999809265137 0 0.6000000238418579 1.600000023841858 0
          0.6000000238418579 1.6799999475479126 0 0.6000000238418579 1.7599999904632568 0
          0.6000000238418579 1.840000033378601 0 0.6000000238418579 1.9199999570846558 0
          0.6000000238418579 2 0 0.6000000238418579 2.0799999237060547 0
          0.6000000238418579 2.1600000858306885 0 0.6000000238418579 2.240000009536743 0
          0.6000000238418579 2.319999933242798 0 0.6000000238418579 2.4000000953674316 0
          0.6000000238418579 2.4800000190734863 0 0.6000000238418579 2.559999942779541 0
          0.6000000238418579 2.640000104904175 0 0.6000000238418579 2.7200000286102295 0
          0.6000000238418579 2.799999952316284 0 0.6000000238418579 2.880000114440918 0
          0.6000000238418579 2.9600000381469727 0 0.6000000238418579 3.0399999618530273 0
          0.6000000238418579 3.119999885559082 0 0.6000000238418579 3.200000047683716 0
          0.6000000238418579 3.2799999713897705 0 0.6000000238418579 3.359999895095825 0
          0.6000000238418579 3.440000057220459 0 0.6000000238418579 3.5199999809265137 0
          0.6000000238418579 3.5999999046325684 0 0.6000000238418579 3.680000066757202 0
          0.6000000238418579 3.759999990463257 0 0.6000000238418579 3.8399999141693115 0
          0.6000000238418579 3.9200000762939453 0 0.6000000238418579 4 0
          0.6000000238418579 4.079999923706055 0 0.6000000238418579 4.159999847412109 0
          0.6000000238418579 4.239999771118164 0 0.6000000238418579 4.320000171661377 0
          0.6000000238418579 4.400000095367432 0 0.6000000238418579 4.480000019073486 0
          0.6000000238418579 4.559999942779541 0 0.6000000238418579 4.639999866485596 0
          0.6000000238418579 4.71999979019165 0 0.6000000238418579 4.800000190734863 0
          0.6000000238418579 4.880000114440918 0 0.6000000238418579 4.960000038146973 0
          0.6000000238418579 5.039999961853027 0 0.6000000238418579 5.119999885559082 0
          0.6000000238418579 5.199999809265137 0 0.6000000238418579 5.28000020980835 0
          0.6000000238418579 5.360000133514404 0 0.6000000238418579 5.440000057220459 0
          0.6000000238418579 5.519999980926514 0 0.6000000238418579 5.599999904632568 0
          0.7200000286102295 0 0 0.7200000286102295 0.07999999821186066 0
          0.7200000286102295 0.1599999964237213 0 0.7200000286102295 0.23999999463558197 0
          0.7200000286102295 0.3199999928474426 0 0.7200000286102295 0.4000000059604645 0
          0.7200000286102295 0.47999998927116394 0 0.7200000286102295 0.5600000023841858 0
          0.7200000286102295 0.6399999856948853 0 0.7200000286102295 0.7200000286102295 0
          0.7200000286102295 0.800000011920929 0 0.7200000286102295 0.8799999952316284 0
          0.7200000286102295 0.9599999785423279 0 0.7200000286102295 1.0399999618530273 0
          0.7200000286102295 1.1200000047683716 0 0.7200000286102295 1.2000000476837158 0
          0.7200000286102295 1.2799999713897705 0 0.7200000286102295 1.3600000143051147 0
          0.7200000286102295 1.440000057220459 0 0.7200000286102295 1.5199999809265137 0
          0.7200000286102295 1.600000023841858 0 0.7200000286102295 1.6799999475479126 0
          0.7200000286102295 1.7599999904632568 0 0.7200000286102295 1.840000033378601 0
          0.7200000286102295 1.9199999570846558 0 0.7200000286102295 2 0
          0.7200000286102295 2.0799999237060547 0 0.7200000286102295 2.1600000858306885 0
          0.7200000286102295 2.240000009536743 0 0.7200000286102295 2.319999933242798 0
          0.7200000286102295 2.4000000953674316 0 0.7200000286102295 2.4800000190734863 0
          0.7200000286102295 2.559999942779541 0 0.7200000286102295 2.640000104904175 0
          0.7200000286102295 2.7200000286102295 0 0.7200000286102295 2.799999952316284 0
          0.7200000286102295 2.880000114440918 0 0.7200000286102295 2.9600000381469727 0
          0.7200000286102295 3.0399999618530273 0 0.7200000286102295 3.119999885559082 0
          0.7200000286102295 3.200000047683716 0 0.7200000286102295 3.2799999713897705 0
          0.7200000286102295 3.359999895095825 0 0.7200000286102295 3.440000057220459 0
          0.7200000286102295 3.5199999809265137 0 0.7200000286102295 3.5999999046325684 0
          0.7200000286102295 3.680000066757202 0 0.7200000286102295 3.759999990463257 0
          0.7200000286102295 3.8399999141693115 0 0.7200000286102295 3.9200000762939453 0
          0.7200000286102295 4 0 0.7200000286102295 4.079999923706055 0
          0.7200000286102295 4.159999847412109 0 0.7200000286102295 4.239999771118164 0
          0.7200000286102295 4.320000171661377 0 0.7200000286102295 4.400000095367432 0
          0.7200000286102295 4.480000019073486 0 0.7200000286102295 4.559999942779541 0
          0.7200000286102295 4.639999866485596 0 0.7200000286102295 4.71999979019165 0
          0.7200000286102295 4.800000190734863 0 0.7200000286102295 4.880000114440918 0
          0.7200000286102295 4.960000038146973 0 0.7200000286102295 5.039999961853027 0
          0.7200000286102295 5.119999885559082 0 0.7200000286102295 5.199999809265137 0
          0.7200000286102295 5.28000020980835 0 0.7200000286102295 5.360000133514404 0
          0.7200000286102295 5.440000057220459 0 0.7200000286102295 5.519999980926514 0
          0.7200000286102295 5.599999904632568 0 0.8399999737739563 0 0
          0.8399999737739563 0.07999999821186066 0 0.8399999737739563 0.1599999964237213 0
          0.8399999737739563 0.23999999463558197 0 0.8399999737739563 0.3199999928474426 0
          0.8399999737739563 0.4000000059604645 0 0.8399999737739563 0.47999998927116394 0
          0.8399999737739563 0.5600000023841858 0 0.8399999737739563 0.6399999856948853 0
          0.8399999737739563 0.7200000286102295 0 0.8399999737739563 0.800000011920929 0
          0.8399999737739563 0.8799999952316284 0 0.8399999737739563 0.9599999785423279 0
          0.8399999737739563 1.0399999618530273 0 0.8399999737739563 1.1200000047683716 0
          0.8399999737739563 1.2000000476837158 0 0.8399999737739563 1.2799999713897705 0
          0.8399999737739563 1.3600000143051147 0 0.8399999737739563 1.440000057220459 0
          0.8399999737739563 1.5199999809265137 0 0.8399999737739563 1.600000023841858 0
          0.8399999737739563 1.6799999475479126 0 0.8399999737739563 1.7599999904632568 0
          0.8399999737739563 1.840000033378601 0 0.8399999737739563 1.9199999570846558 0
          0.8399999737739563 2 0 0.8399999737739563 2.0799999237060547 0
          0.8399999737739563 2.1600000858306885 0 0.8399999737739563 2.240000009536743 0
          0.8399999737739563 2.319999933242798 0 0.8399999737739563 2.4000000953674316 0
          0.8399999737739563 2.4800000190734863 0 0.8399999737739563 2.559999942779541 0
          0.8399999737739563 2.640000104904175 0 0.8399999737739563 2.7200000286102295 0
          0.8399999737739563 2.799999952316284 0 0.8399999737739563 2.880000114440918 0
          0.8399999737739563 2.9600000381469727 0 0.8399999737739563 3.0399999618530273 0
          0.8399999737739563 3.119999885559082 0 0.8399999737739563 3.200000047683716 0
          0.8399999737739563 3.2799999713897705 0 0.8399999737739563 3.359999895095825 0
          0.8399999737739563 3.440000057220459 0 0.8399999737739563 3.5199999809265137 0
          0.8399999737739563 3.5999999046325684 0 0.8399999737739563 3.680000066757202 0
          0.8399999737739563 3.759999990463257 0 0.8399999737739563 3.8399999141693115 0
          0.8399999737739563 3.9200000762939453 0 0.8399999737739563 4 0
          0.8399999737739563 4.079999923706055 0 0.8399999737739563 4.159999847412109 0
          0.8399999737739563 4.239999771118164 0 0.8399999737739563 4.320000171661377 0
          0.8399999737739563 4.400000095367432 0 0.8399999737739563 4.480000019073486 0
          0.8399999737739563 4.559999942779541 0 0.8399999737739563 4.639999866485596 0
          0.8399999737739563 4.71999979019165 0 0.8399999737739563 4.800000190734863 0
          0.8399999737739563 4.880000114440918 0 0.8399999737739563 4.960000038146973 0
          0.8399999737739563 5.039999961853027 0 0.8399999737739563 5.119999885559082 0
          0.8399999737739563 5.199999809265137 0 0.8399999737739563 5.28000020980835 0
          0.8399999737739563 5.360000133514404 0 0.8399999737739563 5.440000057220459 0
          0.8399999737739563 5.519999980926514 0 0.8399999737739563 5.599999904632568 0
          0.9599999785423279 0 0 0.9599999785423279 0.07999999821186066 0
          0.9599999785423279 0.1599999964237213 0 0.9599999785423279 0.23999999463558197 0
          0.9599999785423279 0.3199999928474426 0 0.9599999785423279 0.4000000059604645 0
          0.9599999785423279 0.47999998927116394 0 0.9599999785423279 0.5600000023841858 0
          0.9599999785423279 0.6399999856948853 0 0.9599999785423279 0.7200000286102295 0
          0.9599999785423279 0.800000011920929 0 0.9599999785423279 0.8799999952316284 0
          0.9599999785423279 0.9599999785423279 0 0.9599999785423279 1.0399999618530273 0
          0.9599999785423279 1.1200000047683716 0 0.9599999785423279 1.2000000476837158 0
          0.9599999785423279 1.2799999713897705 0 0.9599999785423279 1.3600000143051147 0
          0.9599999785423279 1.440000057220459 0 0.9599999785423279 1.5199999809265137 0
          0.9599999785423279 1.600000023841858 0 0.9599999785423279 1.6799999475479126 0
          0.9599999785423279 1.7599999904632568 0 0.9599999785423279 1.840000033378601 0
          0.9599999785423279 1.9199999570846558 0 0.9599999785423279 2 0
          0.9599999785423279 2.0799999237060547 0 0.9599999785423279 2.1600000858306885 0
          0.9599999785423279 2.240000009536743 0 0.9599999785423279 2.319999933242798 0
          0.9599999785423279 2.4000000953674316 0 0.9599999785423279 2.4800000190734863 0
          0.9599999785423279 2.559999942779541 0 0.9599999785423279 2.640000104904175 0
          0.9599999785423279 2.7200000286102295 0 0.9599999785423279 2.799999952316284 0
          0.9599999785423279 2.880000114440918 0 0.9599999785423279 2.9600000381469727 0
          0.9599999785423279 3.0399999618530273 0 0.9599999785423279 3.119999885559082 0
          0.9599999785423279 3.200000047683716 0 0.9599999785423279 3.2799999713897705 0
          0.9599999785423279 3.359999895095825 0 0.9599999785423279 3.440000057220459 0
          0.9599999785423279 3.5199999809265137 0 0.9599999785423279 3.5999999046325684 0
          0.9599999785423279 3.680000066757202 0 0.9599999785423279 3.759999990463257 0
          0.9599999785423279 3.8399999141693115 0 0.9599999785423279 3.9200000762939453 0
          0.9599999785423279 4 0 0.9599999785423279 4.079999923706055 0
          0.9599999785423279 4.159999847412109 0 0.9599999785423279 4.239999771118164 0
          0.9599999785423279 4.320000171661377 0 0.9599999785423279 4.400000095367432 0
          0.9599999785423279 4.480000019073486 0 0.9599999785423279 4.559999942779541 0
          0.9599999785423279 4.639999866485596 0 0.9599999785423279 4.71999979019165 0
          0.9599999785423279 4.800000190734863 0 0.9599999785423279 4.880000114440918 0
          0.9599999785423279 4.960000038146973 0 0.9599999785423279 5.039999961853027 0
          0.9599999785423279 5.119999885559082 0 0.9599999785423279 5.199999809265137 0
          0.9599999785423279 5.28000020980835 0 0.9599999785423279 5.360000133514404 0
          0.9599999785423279 5.440000057220459 0 0.9599999785423279 5.519999980926514 0
          0.9599999785423279 5.599999904632568 0 1.0800000429153442 0 0
          1.0800000429153442 0.07999999821186066 0 1.0800000429153442 0.1599999964237213 0
          1.0800000429153442 0.23999999463558197 0 1.0800000429153442 0.3199999928474426 0
          1.0800000429153442 0.4000000059604645 0 1.0800000429153442 0.47999998927116394 0
          1.0800000429153442 0.5600000023841858 0 1.0800000429153442 0.6399999856948853 0
          1.0800000429153442 0.7200000286102295 0 1.0800000429153442 0.800000011920929 0
          1.0800000429153442 0.8799999952316284 0 1.0800000429153442 0.9599999785423279 0
          1.0800000429153442 1.0399999618530273 0 1.0800000429153442 1.1200000047683716 0
          1.0800000429153442 1.2000000476837158 0 1.0800000429153442 1.2799999713897705 0
          1.0800000429153442 1.3600000143051147 0 1.0800000429153442 1.440000057220459 0
          1.0800000429153442 1.5199999809265137 0 1.0800000429153442 1.600000023841858 0
          1.0800000429153442 1.6799999475479126 0 1.0800000429153442 1.7599999904632568 0
          1.0800000429153442 1.840000033378601 0 1.0800000429153442 1.9199999570846558 0
          1.0800000429153442 2 0 1.0800000429153442 2.0799999237060547 0
          1.0800000429153442 2.1600000858306885 0 1.0800000429153442 2.240000009536743 0
          1.0800000429153442 2.319999933242798 0 1.0800000429153442 2.4000000953674316 0
          1.0800000429153442 2.4800000190734863 0 1.0800000429153442 2.559999942779541 0
          1.0800000429153442 2.640000104904175 0 1.0800000429153442 2.7200000286102295 0
          1.0800000429153442 2.799999952316284 0 1.0800000429153442 2.880000114440918 0
          1.0800000429153442 2.9600000381469727 0 1.0800000429153442 3.0399999618530273 0
          1.0800000429153442 3.119999885559082 0 1.0800000429153442 3.200000047683716 0
          1.0800000429153442 3.2799999713897705 0 1.0800000429153442 3.359999895095825 0
          1.0800000429153442 3.440000057220459 0 1.0800000429153442 3.5199999809265137 0
          1.0800000429153442 3.5999999046325684 0 1.0800000429153442 3.680000066757202 0
          1.0800000429153442 3.759999990463257 0 1.0800000429153442 3.8399999141693115 0
          1.0800000429153442 3.9200000762939453 0 1.0800000429153442 4 0
          1.0800000429153442 4.079999923706055 0 1.0800000429153442 4.159999847412109 0
          1.0800000429153442 4.239999771118164 0 1.0800000429153442 4.320000171661377 0
          1.0800000429153442 4.400000095367432 0 1.0800000429153442 4.480000019073486 0
          1.0800000429153442 4.559999942779541 0 1.0800000429153442 4.639999866485596 0
          1.0800000429153442 4.71999979019165 0 1.0800000429153442 4.800000190734863 0
          1.0800000429153442 4.880000114440918 0 1.0800000429153442 4.960000038146973 0
          1.0800000429153442 5.039999961853027 0 1.0800000429153442 5.119999885559082 0
          1.0800000429153442 5.199999809265137 0 1.0800000429153442 5.28000020980835 0
          1.0800000429153442 5.360000133514404 0 1.0800000429153442 5.440000057220459 0
          1.0800000429153442 5.519999980926514 0 1.0800000429153442 5.599999904632568 0
          1.2000000476837158 0 0 1.2000000476837158 0.07999999821186066 0
          1.2000000476837158 0.1599999964237213 0 1.2000000476837158 0.23999999463558197 0
          1.2000000476837158 0.3199999928474426 0 1.2000000476837158 0.4000000059604645 0
          1.2000000476837158 0.47999998927116394 0 1.2000000476837158 0.5600000023841858 0
          1.2000000476837158 0.6399999856948853 0 1.2000000476837158 0.7200000286102295 0
          1.2000000476837158 0.800000011920929 0 1.2000000476837158 0.8799999952316284 0
          1.2000000476837158 0.9599999785423279 0 1.2000000476837158 1.0399999618530273 0
          1.2000000476837158 1.1200000047683716 0 1.2000000476837158 1.2000000476837158 0
          1.2000000476837158 1.2799999713897705 0 1.2000000476837158 1.3600000143051147 0
          1.2000000476837158 1.440000057220459 0 1.2000000476837158 1.5199999809265137 0
          1.2000000476837158 1.600000023841858 0 1.2000000476837158 1.6799999475479126 0
          1.2000000476837158 1.7599999904632568 0 1.2000000476837158 1.840000033378601 0
          1.2000000476837158 1.9199999570846558 0 1.2000000476837158 2 0
          1.2000000476837158 2.0799999237060547 0 1.2000000476837158 2.1600000858306885 0
          1.2000000476837158 2.240000009536743 0 1.2000000476837158 2.319999933242798 0
          1.2000000476837158 2.4000000953674316 0 1.2000000476837158 2.4800000190734863 0
          1.2000000476837158 2.559999942779541 0 1.2000000476837158 2.640000104904175 0
          1.2000000476837158 2.7200000286102295 0 1.2000000476837158 2.799999952316284 0
          1.2000000476837158 2.880000114440918 0 1.2000000476837158 2.9600000381469727 0
          1.2000000476837158 3.0399999618530273 0 1.2000000476837158 3.119999885559082 0
          1.2000000476837158 3.200000047683716 0 1.2000000476837158 3.2799999713897705 0
          1.2000000476837158 3.359999895095825 0 1.2000000476837158 3.440000057220459 0
          1.2000000476837158 3.5199999809265137 0 1.2000000476837158 3.5999999046325684 0
          1.2000000476837158 3.680000066757202 0 1.2000000476837158 3.759999990463257 0
          1.2000000476837158 3.8399999141693115 0 1.2000000476837158 3.9200000762939453 0
          1.2000000476837158 4 0 1.2000000476837158 4.079999923706055 0
          1.2000000476837158 4.159999847412109 0 1.2000000476837158 4.239999771118164 0
          1.2000000476837158 4.320000171661377 0 1.2000000476837158 4.400000095367432 0
          1.2000000476837158 4.480000019073486 0 1.2000000476837158 4.559999942779541 0
          1.2000000476837158 4.639999866485596 0 1.2000000476837158 4.71999979019165 0
          1.2000000476837158 4.800000190734863 0 1.2000000476837158 4.880000114440918 0
          1.2000000476837158 4.960000038146973 0 1.2000000476837158 5.039999961853027 0
          1.2000000476837158 5.119999885559082 0 1.2000000476837158 5.199999809265137 0
          1.2000000476837158 5.28000020980835 0 1.2000000476837158 5.360000133514404 0
          1.2000000476837158 5.440000057220459 0 1.2000000476837158 5.519999980926514 0
          1.2000000476837158 5.599999904632568 0
          <InformationKey name="L2_NORM_RANGE" location="vtkDataArray" length="2">
            <Value index="0">
              0
            </Value>
            <Value index="1">
              5.7271283421
            </Value>
          </InformationKey>
        </DataArray>
      </Points>
      <Cells>
        <DataArray type="Int64" Name="connectivity" format="ascii" RangeMin="0" RangeMax="780">
          0 71 72 1 1 72
          73 2 2 73 74 3
          3 74 75 4 4 75
          76 5 5 76 77 6
          6 77 78 7 7 78
          79 8 8 79 80 9
          9 80 81 10 10 81
          82 11 11 82 83 12
          12 83 84 13 13 84
          85 14 14 85 86 15
          15 86 87 16 16 87
          88 17 17 88 89 18
          18 89 90 19 19 90
          91 20 20 91 92 21
          21 92 93 22 22 93
          94 23 23 94 95 24
          24 95 96 25 25 96
          97 26 26 97 98 27
          27 98 99 28 28 99
          100 29 29 100 101 30
          30 101 102 31 31 102
          103 32 32 103 104 33
          33 104 105 34 34 105
          106 35 35 106 107 36
          36 107 108 37 37 108
          109 38 38 109 110 39
          39 110 111 40 40 111
          112 41 41 112 113 42
          42 113 114 43 43 114
          115 44 44 115 116 45
          45 116 117 46 46 117
          118 47 47 118 119 48
          48 119 120 49 49 120
          121 50 50 121 122 51
          51 122 123 52 52 123
          124 53 53 124 125 54
          54 125 126 55 55 126
          127 56 56 127 128 57
          57 128 129 58 58 129
          130 59 59 130 131 60
          60 131 132 61 61 132
          133 62 62 133 134 63
          63 134 135 64 64 135
          136 65 65 136 137 66
          66 137 138 67 67 138
          139 68 68 139 140 69
          69 140 141 70 71 142
          143 72 72 143 144 73
          73 144 145 74 74 145
          146 75 75 146 147 76
          76 147 148 77 77 148
          149 78 78 149 150 79
          79 150 151 80 80 151
          152 81 81 152 153 82
          82 153 154 83 83 154
          155 84 84 155 156 85
          85 156 157 86 86 157
          158 87 87 158 159 88
          88 159 160 89 89 160
          161 90 90 161 162 91
          91 162 163 92 92 163
          164 93 93 164 165 94
          94 165 166 95 95 166
          167 96 96 167 168 97
          97 168 169 98 98 169
          170 99 99 170 171 100
          100 171 172 101 101 172
          173 102 102 173 174 103
          103 174 175 104 104 175
          176 105 105 176 177 106
          106 177 178 107 107 178
          179 108 108 179 180 109
          109 180 181 110 110 181
          182 111 111 182 183 112
          112 183 184 113 113 184
          185 114 114 185 186 115
          115 186 187 116 116 187
          188 117 117 188 189 118
          118 189 190 119 119 190
          191 120 120 191 192 121
          121 192 193 122 122 193
          194 123 123 194 195 124
          124 195 196 125 125 196
          197 126 126 197 198 127
          127 198 199 128 128 199
          200 129 129 200 201 130
          130 201 202 131 131 202
          203 132 132 203 204 133
          133 204 205 134 134 205
          206 135 135 206 207 136
          136 207 208 137 137 208
          209 138 138 209 210 139
          139 210 211 140 140 211
          212 141 142 213 214 143
          143 214 215 144 144 215
          216 145 145 216 217 146
          146 217 218 147 147 218
          219 148 148 219 220 149
          149 220 221 150 150 221
          222 151 151 222 223 152
          152 223 224 153 153 224
          225 154 154 225 226 155
          155 226 227 156 156 227
          228 157 157 228 229 158
          158 229 230 159 159 230
          231 160 160 231 232 161
          161 232 233 162 162 233
          234 163 163 234 235 164
          164 235 236 165 165 236
          237 166 166 237 238 167
          167 238 239 168 168 239
          240 169 169 240 241 170
          170 241 242 171 171 242
          243 172 172 243 244 173
          173 244 245 174 174 245
          246 175 175 246 247 176
          176 247 248 177 177 248
          249 178 178 249 250 179
          179 250 251 180 180 251
          252 181 181 252 253 182
          182 253 254 183 183 254
          255 184 184 255 256 185
          185 256 257 186 186 257
          258 187 187 258 259 188
          188 259 260 189 189 260
          261 190 190 261 262 191
          191 262 263 192 192 263
          264 193 193 264 265 194
          194 265 266 195 195 266
          267 196 196 267 268 197
          197 268 269 198 198 269
          270 199 199 270 271 200
          200 271 272 201 201 272
          273 202 202 273 274 203
          203 274 275 204 204 275
          276 205 205 276 277 206
          206 277 278 207 207 278
          279 208 208 279 280 209
          209 280 281 210 210 281
          282 211 211 282 283 212
          213 284 285 214 214 285
          286 215 215 286 287 216
          216 287 288 217 217 288
          289 218 218 289 290 219
          219 290 291 220 220 291
          292 221 221 292 293 222
          222 293 294 223 223 294
          295 224 224 295 296 225
          225 296 297 226 226 297
          298 227 227 298 299 228
          228 299 300 229 229 300
          301 230 230 301 302 231
          231 302 303 232 232 303
          304 233 233 304 305 234
          234 305 306 235 235 306
          307 236 236 307 308 237
          237 308 309 238 238 309
          310 239 239 310 311 240
          240 311 312 241 241 312
          313 242 242 313 314 243
          243 314 315 244 244 315
          316 245 245 316 317 246
          246 317 318 247 247 318
          319 248 248 319 320 249
          249 320 321 250 250 321
          322 251 251 322 323 252
          252 323 324 253 253 324
          325 254 254 325 326 255
          255 326 327 256 256 327
          328 257 257 328 329 258
          258 329 330 259 259 330
          331 260 260 331 332 261
          261 332 333 262 262 333
          334 263 263 334 335 264
          264 335 336 265 265 336
          337 266 266 337 338 267
          267 338 339 268 268 339
          340 269 269 340 341 270
          270 341 342 271 271 342
          343 272 272 343 344 273
          273 344 345 274 274 345
          346 275 275 346 347 276
          276 347 348 277 277 348
          349 278 278 349 350 279
          279 350 351 280 280 351
          352 281 281 352 353 282
          282 353 354 283 284 355
          356 285 285 356 357 286
          286 357 358 287 287 358
          359 288 288 359 360 289
          289 360 361 290 290 361
          362 291 291 362 363 292
          292 363 364 293 293 364
          365 294 294 365 366 295
          295 366 367 296 296 367
          368 297 297 368 369 298
          298 369 370 299 299 370
          371 300 300 371 372 301
          301 372 373 302 302 373
          374 303 303 374 375 304
          304 375 376 305 305 376
          377 306 306 377 378 307
          307 378 379 308 308 379
          380 309 309 380 381 310
          310 381 382 311 311 382
          383 312 312 383 384 313
          313 384 385 314 314 385
          386 315 315 386 387 316
          316 387 388 317 317 388
          389 318 318 389 390 319
          319 390 391 320 320 391
          392 321 321 392 393 322
          322 393 394 323 323 394
          395 324 324 395 396 325
          325 396 397 326 326 397
          398 327 327 398 399 328
          328 399 400 329 329 400
          401 330 330 401 402 331
          331 402 403 332 332 403
          404 333 333 404 405 334
          334 405 406 335 335 406
          407 336 336 407 408 337
          337 408 409 338 338 409
          410 339 339 410 411 340
          340 411 412 341 341 412
          413 342 342 413 414 343
          343 414 415 344 344 415
          416 345 345 416 417 346
          346 417 418 347 347 418
          419 348 348 419 420 349
          349 420 421 350 350 421
          422 351 351 422 423 352
          352 423 424 353 353 424
          425 354 355 426 427 356
          356 427 428 357 357 428
          429 358 358 429 430 359
          359 430 431 360 360 431
          432 361 361 432 433 362
          362 433 434 363 363 434
          435 364 364 435 436 365
          365 436 437 366 366 437
          438 367 367 438 439 368
          368 439 440 369 369 440
          441 370 370 441 442 371
          371 442 443 372 372 443
          444 373 373 444 445 374
          374 445 446 375 375 446
          447 376 376 447 448 377
          377 448 449 378 378 449
          450 379 379 450 451 380
          380 451 452 381 381 452
          453 382 382 453 454 383
          383 454 455 384 384 455
          456 385 385 456 457 386
          386 457 458 387 387 458
          459 388 388 459 460 389
          389 460 461 390 390 461
          462 391 391 462 463 392
          392 463 464 393 393 464
          465 394 394 465 466 395
          395 466 467 396 396 467
          468 397 397 468 469 398
          398 469 470 399 399 470
          471 400 400 471 472 401
          401 472 473 402 402 473
          474 403 403 474 475 404
          404 475 476 405 405 476
          477 406 406 477 478 407
          407 478 479 408 408 479
          480 409 409 480 481 410
          410 481 482 411 411 482
          483 412 412 483 484 413
          413 484 485 414 414 485
          486 415 415 486 487 416
          416 487 488 417 417 488
          489 418 418 489 490 419
          419 490 491 420 420 491
          492 421 421 492 493 422
          422 493 494 423 423 494
          495 424 424 495 496 425
          426 497 498 427 427 498
          499 428 428 499 500 429
          429 500 501 430 430 501
          502 431 431 502 503 432
          432 503 504 433 433 504
          505 434 434 505 506 435
          435 506 507 436 436 507
          508 437 437 508 509 438
          438 509 510 439 439 510
          511 440 440 511 512 441
          441 512 513 442 442 513
          514 443 443 514 515 444
          444 515 516 445 445 516
          517 446 446 517 518 447
          447 518 519 448 448 519
          520 449 449 520 521 450
          450 521 522 451 451 522
          523 452 452 523 524 453
          453 524 525 454 454 525
          526 455 455 526 527 456
          456 527 528 457 457 528
          529 458 458 529 530 459
          459 530 531 460 460 531
          532 461 461 532 533 462
          462 533 534 463 463 534
          535 464 464 535 536 465
          465 536 537 466 466 537
          538 467 467 538 539 468
          468 539 540 469 469 540
          541 470 470 541 542 471
          471 542 543 472 472 543
          544 473 473 544 545 474
          474 545 546 475 475 546
          547 476 476 547 548 477
          477 548 549 478 478 549
          550 479 479 550 551 480
          480 551 552 481 481 552
          553 482 482 553 554 483
          483 554 555 484 484 555
          556 485 485 556 557 486
          486 557 558 487 487 558
          559 488 488 559 560 489
          489 560 561 490 490 561
          562 491 491 562 563 492
          492 563 564 493 493 564
          565 494 494 565 566 495
          495 566 567 496 497 568
          569 498 498 569 570 499
          499 570 571 500 500 571
          572 501 501 572 573 502
          502 573 574 503 503 574
          575 504 504 575 576 505
          505 576 577 506 506 577
          578 507 507 578 579 508
          508 579 580 509 509 580
          581 510 510 581 582 511
          511 582 583 512 512 583
          584 513 513 584 585 514
          514 585 586 515 515 586
          587 516 516 587 588 517
          517 588 589 518 518 589
          590 519 519 590 591 520
          520 591 592 521 521 592
          593 522 522 593 594 523
          523 594 595 524 524 595
          596 525 525 596 597 526
          526 597 598 527 527 598
          599 528 528 599 600 529
          529 600 601 530 530 601
          602 531 531 602 603 532
          532 603 604 533 533 604
          605 534 534 605 606 535
          535 606 607 536 536 607
          608 537 537 608 609 538
          538 609 610 539 539 610
          611 540 540 611 612 541
          541 612 613 542 542 613
          614 543 543 614 615 544
          544 615 616 545 545 616
          617 546 546 617 618 547
          547 618 619 548 548 619
          620 549 549 620 621 550
          550 621 622 551 551 622
          623 552 552 623 624 553
          553 624 625 554 554 625
          626 555 555 626 627 556
          556 627 628 557 557 628
          629 558 558 629 630 559
          559 630 631 560 560 631
          632 561 561 632 633 562
          562 633 634 563 563 634
          635 564 564 635 636 565
          565 636 637 566 566 637
          638 567 568 639 640 569
          569 640 641 570 570 641
          642 571 571 642 643 572
          572 643 644 573 573 644
          645 574 574 645 646 575
          575 646 647 576 576 647
          648 577 577 648 649 578
          578 649 650 579 579 650
          651 580 580 651 652 581
          581 652 653 582 582 653
          654 583 583 654 655 584
          584 655 656 585 585 656
          657 586 586 657 658 587
          587 658 659 588 588 659
          660 589 589 660 661 590
          590 661 662 591 591 662
          663 592 592 663 664 593
          593 664 665 594 594 665
          666 595 595 666 667 596
          596 667 668 597 597 668
          669 598 598 669 670 599
          599 670 671 600 600 671
          672 601 601 672 673 602
          602 673 674 603 603 674
          675 604 604 675 676 605
          605 676 677 606 606 677
          678 607 607 678 679 608
          608 679 680 609 609 680
          681 610 610 681 682 611
          611 682 683 612 612 683
          684 613 613 684 685 614
          614 685 686 615 615 686
          687 616 616 687 688 617
          617 688 689 618 618 689
          690 619 619 690 691 620
          620 691 692 621 621 692
          693 622 622 693 694 623
          623 694 695 624 624 695
          696 625 625 696 697 626
          626 697 698 627 627 698
          699 628 628 699 700 629
          629 700 701 630 630 701
          702 631 631 702 703 632
          632 703 704 633 633 704
          705 634 634 705 706 635
          635 706 707 636 636 707
          708 637 637 708 709 638
          639 710 711 640 640 711
          712 641 641 712 713 642
          642 713 714 643 643 714
          715 644 644 715 716 645
          645 716 717 646 646 717
          718 647 647 718 719 648
          648 719 720 649 649 720
          721 650 650 721 722 651
          651 722 723 652 652 723
          724 653 653 724 725 654
          654 725 726 655 655 726
          727 656 656 727 728 657
          657 728 729 658 658 729
          730 659 659 730 731 660
          660 731 732 661 661 732
          733 662 662 733 734 663
          663 734 735 664 664 735
          736 665 665 736 737 666
          666 737 738 667 667 738
          739 668 668 739 740 669
          669 740 741 670 670 741
          742 671 671 742 743 672
          672 743 744 673 673 744
          745 674 674 745 746 675
          675 746 747 676 676 747
          748 677 677 748 749 678
          678 749 750 679 679 750
          751 680 680 751 752 681
          681 752 753 682 682 753
          754 683 683 754 755 684
          684 755 756 685 685 756
          757 686 686 757 758 687
          687 758 759 688 688 759
          760 689 689 760 761 690
          690 761 762 691 691 762
          763 692 692 763 764 693
          693 764 765 694 694 765
          766 695 695 766 767 696
          696 767 768 697 697 768
          769 698 698 769 770 699
          699 770 771 700 700 771
          772 701 701 772 773 702
          702 773 774 703 703 774
          775 704 704 775 776 705
          705 776 777 706 706 777
          778 707 707 778 779 708
          708 779 780 709
        </DataArray>
        <DataArray type="Int64" Name="offsets" format="ascii" RangeMin="4" RangeMax="2800">
          4 8 12 16 20 24
          28 32 36 40 44 48
          52 56 60 64 68 72
          76 80 84 88 92 96
          100 104 108 112 116 120
          124 128 132 136 140 144
          148 152 156 160 164 168
          172 176 180 184 188 192
          196 200 204 208 212 216
          220 224 228 232 236 240
          244 248 252 256 260 264
          268 272 276 280 284 288
          292 296 300 304 308 312
          316 320 324 328 332 336
          340 344 348 352 356 360
          364 368 372 376 380 384
          388 392 396 400 404 408
          412 416 420 424 428 432
          436 440 444 448 452 456
          460 464 468 472 476 480
          484 488 492 496 500 504
          508 512 516 520 524 528
          532 536 540 544 548 552
          556 560 564 568 572 576
          580 584 588 592 596 600
          604 608 612 616 620 624
          628 632 636 640 644 648
          652 656 660 664 668 672
          676 680 684 688 692 696
          700 704 708 712 716 720
          724 728 732 736 740 744
          748 752 756 760 764 768
          772 776 780 784 788 792
          796 800 804 808 812 816
          820 824 828 832 836 840
          844 848 852 856 860 864
          868 872 876 880 884 888
          892 896 900 904 908 912
          916 920 924 928 932 936
          940 944 948 952 956 960
          964 968 972 976 980 984
          988 992 996 1000 1004 1008
          1012 1016 1020 1024 1028 1032
          1036 1040 1044 1048 1052 1056
          1060 1064 1068 1072 1076 1080
          1084 1088 1092 1096 1100 1104
          1108 1112 1116 1120 1124 1128
          1132 1136 1140 1144 1148 1152
          1156 1160 1164 1168 1172 1176
          1180 1184 1188 1192 1196 1200
          1204 1208 1212 1216 1220 1224
          1228 1232 1236 1240 1244 1248
          1252 1256 1260 1264 1268 1272
          1276 1280 1284 1288 1292 1296
          1300 1304 1308 1312 1316 1320
          1324 1328 1332 1336 1340 1344
          1348 1352 1356 1360 1364 1368
          1372 1376 1380 1384 1388 1392
          1396 1400 1404 1408 1412 1416
          1420 1424 1428 1432 1436 1440
          1444 1448 1452 1456 1460 1464
          1468 1472 1476 1480 1484 1488
          1492 1496 1500 1504 1508 1512
          1516 1520 1524 1528 1532 1536
          1540 1544 1548 1552 1556 1560
          1564 1568 1572 1576 1580 1584
          1588 1592 1596 1600 1604 1608
          1612 1616 1620 1624 1628 1632
          1636 1640 1644 1648 1652 1656
          1660 1664 1668 1672 1676 1680
          1684 1688 1692 1696 1700 1704
          1708 1712 1716 1720 1724 1728
          1732 1736 1740 1744 1748 1752
          1756 1760 1764 1768 1772 1776
          1780 1784 1788 1792 1796 1800
          1804 1808 1812 1816 1820 1824
          1828 1832 1836 1840 1844 1848
          1852 1856 1860 1864 1868 1872
          1876 1880 1884 1888 1892 1896
          1900 1904 1908 1912 1916 1920
          1924 1928 1932 1936 1940 1944
          1948 1952 1956 1960 1964 1968
          1972 1976 1980 1984 1988 1992
          1996 2000 2004 2008 2012 2016
          2020 2024 2028 2032 2036 2040
          2044 2048 2052 2056 2060 2064
          2068 2072 2076 2080 2084 2088
          2092 2096 2100 2104 2108 2112
          2116 2120 2124 2128 2132 2136
          2140 2144 2148 2152 2156 2160
          2164 2168 2172 2176 2180 2184
          2188 2192 2196 2200 2204 2208
          2212 2216 2220 2224 2228 2232
          2236 2240 2244 2248 2252 2256
          2260 2264 2268 2272 2276 2280
          2284 2288 2292 2296 2300 2304
          2308 2312 2316 2320 2324 2328
          2332 2336 2340 2344 2348 2352
          2356 2360 2364 2368 2372 2376
          2380 2384 2388 2392 2396 2400
          2404 2408 2412 2416 2420 2424
          2428 2432 2436 2440 2444 2448
          2452 2456 2460 2464 2468 2472
          2476 2480 2484 2488 2492 2496
          2500 2504 2508 2512 2516 2520
          2524 2528 2532 2536 2540 2544
          2548 2552 2556 2560 2564 2568
          2572 2576 2580 2584 2588 2592
          2596 2600 2604 2608 2612 2616
          2620 2624 2628 2632 2636 2640
          2644 2648 2652 2656 2660 2664
          2668 2672 2676 2680 2684 2688
          2692 2696 2700 2704 2708 2712
          2716 2720 2724 2728 2732 2736
          2740 2744 2748 2752 2756 2760
          2764 2768 2772 2776 2780 2784
          2788 2792 2796 2800
        </DataArray>
        <DataArray type="UInt8" Name="types" format="ascii" RangeMin="7" RangeMax="7">
          7 7 7 7 7 7
          7 7 7 7 7 7
          7 7 7 7 7 7
          7 7 7 7 7 7
          7 7 7 7 7 7
          7 7 7 7 7 7
          7 7 7 7 7 7
          7 7 7 7 7 7
          7 7 7 7 7 7
          7 7 7 7 7 7
          7 7 7 7 7 7
          7 7 7 7 7 7
          7 7 7 7 7 7
          7 7 7 7 7 7
          7 7 7 7 7 7
          7 7 7 7 7 7
          7 7 7 7 7 7
          7 7 7 7 7 7
          7 7 7 7 7 7
          7 7 7 7 7 7
          7 7 7 7 7 7
          7 7 7 7 7 7
          7 7 7 7 7 7
          7 7 7 7 7 7
          7 7 7 7 7 7
          7 7 7 7 7 7
          7 7 7 7 7 7
          7 7 7 7 7 7
          7 7 7 7 7 7
          7 7 7 7 7 7
          7 7 7 7 7 7
          7 7 7 7 7 7
          7 7 7 7 7 7
          7 7 7 7 7 7
          7 7 7 7 7 7
          7 7 7 7 7 7
          7 7 7 7 7 7
          7 7 7 7 7 7
          7 7 7 7 7 7
          7 7 7 7 7 7
          7 7 7 7 7 7
          7 7 7 7 7 7
          7 7 7 7 7 7
          7 7 7 7 7 7
          7 7 7 7 7 7
          7 7 7 7 7 7
          7 7 7 7 7 7
          7 7 7 7 7 7
          7 7 7 7 7 7
          7 7 7 7 7 7
          7 7 7 7 7 7
          7 7 7 7 7 7
          7 7 7 7 7 7
          7 7 7 7 7 7
          7 7 7 7 7 7
          7 7 7 7 7 7
          7 7 7 7 7 7
          7 7 7 7 7 7
          7 7 7 7 7 7
          7 7 7 7 7 7
          7 7 7 7 7 7
          7 7 7 7 7 7
          7 7 7 7 7 7
          7 7 7 7 7 7
          7 7 7 7 7 7
          7 7 7 7 7 7
          7 7 7 7 7 7
          7 7 7 7 7 7
          7 7 7 7 7 7
          7 7 7 7 7 7
          7 7 7 7 7 7
          7 7 7 7 7 7
          7 7 7 7 7 7
          7 7 7 7 7 7
          7 7 7 7 7 7
          7 7 7 7 7 7
          7 7 7 7 7 7
          7 7 7 7 7 7
          7 7 7 7 7 7
          7 7 7 7 7 7
          7 7 7 7 7 7
          7 7 7 7 7 7
          7 7 7 7 7 7
          7 7 7 7 7 7
          7 7 7 7 7 7
          7 7 7 7 7 7
          7 7 7 7 7 7
          7 7 7 7 7 7
          7 7 7 7 7 7
          7 7 7 7 7 7
          7 7 7 7 7 7
          7 7 7 7 7 7
          7 7 7 7 7 7
          7 7 7 7 7 7
          7 7 7 7 7 7
          7 7 7 7 7 7
          7 7 7 7 7 7
          7 7 7 7 7 7
          7 7 7 7 7 7
          7 7 7 7 7 7
          7 7 7 7 7 7
          7 7 7 7 7 7
          7 7 7 7 7 7
          7 7 7 7 7 7
          7 7 7 7 7 7
          7 7 7 7 7 7
          7 7 7 7 7 7
          7 7 7 7 7 7
          7 7 7 7 7 7
          7 7 7 7 7 7
          7 7 7 7 7 7
          7 7 7 7 7 7
          7 7 7 7 7 7
          7 7 7 7 7 7
          7 7 7 7 7 7
          7 7 7 7 7 7
          7 7 7 7
        </DataArray>
      </Cells>
    </Piece>
  </UnstructuredGrid>
</VTKFile>
