<?xml version="1.0"?>
<VTKFile type="UnstructuredGrid" version="0.1" byte_order="LittleEndian" header_type="UInt32" compressor="vtkZLibDataCompressor">
  <UnstructuredGrid>
    <Piece NumberOfPoints="781" NumberOfCells="700">
      <PointData>
      </PointData>
      <CellData>
        <DataArray type="Float32" Name="EP_G" format="ascii" RangeMin="0.39000043272972107" RangeMax="1">
          0.39035725593566895 0.3904723823070526 0.3906312882900238 0.39086687564849854 0.391270250082016 0.39228755235671997
          0.41842928528785706 0.5168488621711731 0.5829834342002869 0.623974084854126 0.5921579599380493 0.5383709669113159
          0.43730226159095764 0.3955584764480591 0.3940241038799286 0.39452460408210754 0.3958738446235657 0.46878573298454285
          0.6458430886268616 0.7909319996833801 0.873203456401825 0.9128261208534241 0.9306415915489197 0.9379810094833374
          0.9397013187408447 0.9374147057533264 0.9309141039848328 0.9180692434310913 0.8929877877235413 0.8425351977348328
          0.7455999255180359 0.5641681551933289 0.4131602644920349 0.5085014700889587 0.956739068031311 0.9938731789588928
          0.9994593262672424 0.9999890327453613 0.9999999403953552 0.9999999403953552 0.9999997019767761 1
          1 1 1 1 1 1
          1 1 1 1 1 1
          1 1 1 1 1 1
          1 1 1 1 1 1
          1 1 1 1 0.3903203308582306 0.3904247581958771
          0.39055904746055603 0.39073601365089417 0.39097481966018677 0.39129242300987244 0.39167967438697815 0.3920767307281494
          0.39245736598968506 0.39334219694137573 0.39502716064453125 0.3957037031650543 0.39532971382141113 0.39465606212615967
          0.39419496059417725 0.3945631980895996 0.3952098786830902 0.5250838994979858 0.7434569597244263 0.8178771734237671
          0.8393756151199341 0.8532887101173401 0.8634436726570129 0.870139479637146 0.8735252618789673 0.8730272054672241
          0.8666714429855347 0.8498820066452026 0.8128154873847961 0.7345099449157715 0.5858732461929321 0.42060530185699463
          0.3979966640472412 0.7744917869567871 0.9751662015914917 0.9957611560821533 0.9995922446250916 0.9999900460243225
          1 1 1 1 1 1
          1 1 1 1 1 1
          1 1 1 1 1 1
          1 1 1 1 1 1
          1 1 1 1 1 1
          1 1 0.39026349782943726 0.3903552293777466 0.3904643952846527 0.3905947208404541
          0.39074864983558655 0.3909253180027008 0.3911162316799164 0.3913060426712036 0.3914734125137329 0.39250630140304565
          0.39405566453933716 0.3949927091598511 0.39547809958457947 0.39543479681015015 0.3949909210205078 0.3948912024497986
          0.395114928483963 0.3957067131996155 0.3979049026966095 0.5818480253219604 0.6648517847061157 0.7126391530036926
          0.7461792230606079 0.7711195349693298 0.7873086333274841 0.7933847904205322 0.7870644330978394 0.7620705366134644
          0.7041844725608826 0.579380989074707 0.4132953882217407 0.40207329392433167 0.6480624079704285 0.9267787337303162
          0.9882806539535522 0.9977806210517883 0.9997649192810059 0.9999929666519165 1 1
          1 1 1 1 1 1
          1 1 1 1 1 1
          1 1 1 1 1 1
          1 1 1 1 1 1
          1 1 1 1 1 1
          0.39020147919654846 0.39028269052505493 0.3903734087944031 0.3904746472835541 0.3905864357948303 0.39070752263069153
          0.3908347189426422 0.3909635543823242 0.3910882771015167 0.39303937554359436 0.39433324337005615 0.3950762152671814
          0.39548468589782715 0.39566317200660706 0.39567187428474426 0.3956523835659027 0.3958488404750824 0.39647406339645386
          0.39721783995628357 0.4254149794578552 0.5055629014968872 0.5776960849761963 0.6404104232788086 0.6838665008544922
          0.709560751914978 0.7205544710159302 0.7069170475006104 0.6597763299942017 0.5543255805969238 0.4356212913990021
          0.45505571365356445 0.6388009190559387 0.873059093952179 0.976603627204895 0.9951026439666748 0.9990277290344238
          0.9998874068260193 0.9999958872795105 1 1 1 1
          1 1 1 1 1 1
          1 1 1 1 1 1
          1 1 1 1 1 1
          1 1 1 1 1 1
          1 1 1 1 0.39014357328414917 0.3902170956134796
          0.39029571413993835 0.39037975668907166 0.39046916365623474 0.3905634880065918 0.3906613290309906 0.39076247811317444
          0.39145177602767944 0.3934928774833679 0.39447906613349915 0.39508724212646484 0.3954032361507416 0.3955777585506439
          0.3957154154777527 0.3958740532398224 0.3961249589920044 0.3965228199958801 0.3971902132034302 0.4458395838737488
          0.5011656880378723 0.5391324162483215 0.5785363912582397 0.6272473931312561 0.6840373277664185 0.6668236255645752
          0.632482647895813 0.5785066485404968 0.527603805065155 0.5503137707710266 0.6954165101051331 0.8602263331413269
          0.962637186050415 0.9922645688056946 0.9981483221054077 0.9996299147605896 0.999954879283905 0.9999979138374329
          1 1 1 1 1 1
          1 1 1 1 1 1
          1 1 1 1 1 1
          1 1 1 1 1 1
          1 1 1 1 1 1
          1 1 0.3900943994522095 0.3901626467704773 0.39023375511169434 0.39030739665031433
          0.39038437604904175 0.39046382904052734 0.39054596424102783 0.390625536441803 0.3917737901210785 0.3935405910015106
          0.3944777250289917 0.3950347304344177 0.39531368017196655 0.39548301696777344 0.3956466615200043 0.39586013555526733
          0.39617055654525757 0.39664968848228455 0.3973352015018463 0.39825740456581116 0.4272685647010803 0.4846559762954712
          0.5585402846336365 0.6498335599899292 0.6932331919670105 0.6685149073600769 0.6477681994438171 0.6434168815612793
          0.6793156266212463 0.7695587277412415 0.8818482160568237 0.9574409127235413 0.989263117313385 0.9974082708358765
          0.9993540644645691 0.9998717308044434 0.9999831914901733 0.9999988079071045 1 1
          1 1 1 1 1 1
          1 1 1 1 1 0.9999995231628418
          1 1 1 1 1 1
          1 1 1 1 1 1
          1 0.9999999403953552 0.9999999403953552 0.9999998807907104 0.9999997615814209 0.9999995827674866
          0.39005565643310547 0.3901207149028778 0.390186607837677 0.3902549147605896 0.39032402634620667 0.3903956711292267
          0.390468567609787 0.3905423879623413 0.39173686504364014 0.3933660686016083 0.39431166648864746 0.3949017822742462
          0.39521971344947815 0.395414799451828 0.39560627937316895 0.3958439528942108 0.396129310131073 0.3964530825614929
          0.39680835604667664 0.3970649242401123 0.3971122205257416 0.39886438846588135 0.5837154388427734 0.7112919092178345
          0.7452366948127747 0.7416291832923889 0.7535273432731628 0.788645327091217 0.8461620211601257 0.9116023182868958
          0.9623134732246399 0.987784743309021 0.9967104196548462 0.9991219639778137 0.9997738003730774 0.9999504089355469
          0.9999934434890747 0.9999964237213135 0.9999980330467224 0.9999990463256836 0.9999992251396179 0.9999995231628418
          0.9999986886978149 0.9999955296516418 0.9999831318855286 0.9999865293502808 0.999999463558197 1
          1 1 1 1 1 1
          1 1 1 1 1 1
          1 1 1 1 1 1
          1 1 1 0.9999998807907104 0.390027791261673 0.3900900185108185
          0.3901543617248535 0.39021798968315125 0.39028453826904297 0.3903505802154541 0.39041897654533386 0.3904896676540375
          0.39122962951660156 0.39281004667282104 0.39383628964424133 0.3945649266242981 0.39503368735313416 0.39532020688056946
          0.3955623507499695 0.39581918716430664 0.39607080817222595 0.3962653875350952 0.3963683545589447 0.39641493558883667
          0.39647501707077026 0.3970845639705658 0.5434243083000183 0.7722104787826538 0.818635880947113 0.8354077935218811
          0.8630264401435852 0.90022873878479 0.9389505982398987 0.9699051976203918 0.9882582426071167 0.9961863160133362
          0.9988800883293152 0.9996885657310486 0.9999125003814697 0.9999699592590332 0.9999815225601196 0.9999849796295166
          0.9999862313270569 0.9999940991401672 0.9999954700469971 0.9999963641166687 0.9999969005584717 0.9999971985816956
          0.9999973177909851 0.9999974966049194 0.9999976754188538 0.9999948143959045 0.9999959468841553 0.9999982714653015
          0.9999983906745911 0.9999964237213135 0.9999947547912598 0.9999966025352478 0.9999973773956299 0.9999952912330627
          0.9999945163726807 0.9999979734420776 0.999998152256012 0.9999961256980896 0.9999940991401672 0.9999955296516418
          0.9999982118606567 0.9999982118606567 0.9999980926513672 0.9999979734420776 0.9999978542327881 0.9999977350234985
          0.999997615814209 0.9999974966049194 0.39000940322875977 0.390071302652359 0.39013269543647766 0.39019691944122314
          0.390259712934494 0.3903253674507141 0.3903905749320984 0.39045774936676025 0.3905419707298279 0.3917284607887268
          0.39273378252983093 0.39364027976989746 0.3944956660270691 0.3950485587120056 0.39543816447257996 0.3957720994949341
          0.39606866240501404 0.3962853252887726 0.3963847756385803 0.3963909149169922 0.39638084173202515 0.39641234278678894
          0.397880882024765 0.7102835774421692 0.8697173595428467 0.9025989174842834 0.9293798804283142 0.9551542401313782
          0.9757042527198792 0.9889411330223083 0.9957345128059387 0.9985498189926147 0.9995459914207458 0.99986332654953
          0.999953031539917 0.9999753832817078 0.999980092048645 0.9999807476997375 0.9999813437461853 0.9999814629554749
          0.9999815225601196 0.999982476234436 0.9999829530715942 0.9999831318855286 0.999983012676239 0.9999830722808838
          0.9999840259552002 0.9999845623970032 0.9999849796295166 0.9999852180480957 0.9999854564666748 0.9999855756759644
          0.9999856948852539 0.9999857544898987 0.9999858140945435 0.9999858140945435 0.9999858736991882 0.999985933303833
          0.9999859929084778 0.9999861121177673 0.9999861717224121 0.9999837279319763 0.9999865293502808 0.9999866485595703
          0.9999868273735046 0.999987006187439 0.9999847412109375 0.9999876022338867 0.999987781047821 0.9999855756759644
          0.39000043272972107 0.3900611400604248 0.39012324810028076 0.39018550515174866 0.390249639749527 0.39031392335891724
          0.3903799057006836 0.39044666290283203 0.39051514863967896 0.3905854821205139 0.390652596950531 0.39115241169929504
          0.39284443855285645 0.39395302534103394 0.39475566148757935 0.3952939510345459 0.395740270614624 0.39619892835617065
          0.3966766595840454 0.3970951735973358 0.3974037170410156 0.3976818323135376 0.39809027314186096 0.3997211158275604
          0.6789596080780029 0.8693797588348389 0.9242355227470398 0.9577811360359192 0.9789726734161377 0.9906498193740845
          0.9962841272354126 0.9986674189567566 0.9995651245117188 0.9998622536659241 0.9999461770057678 0.9999624490737915
          0.9999657869338989 0.9999670386314392 0.9999685883522034 0.9999704360961914 0.9999719858169556 0.9999733567237854
          0.9999745488166809 0.9999750852584839 0.9999750852584839 0.9999750852584839 0.9999756217002869 0.9999800324440002
          0.9999803304672241 0.9999803304672241 0.9999801516532898 0.9999799728393555 0.9999798536300659 0.9999797344207764
          0.9999796748161316 0.9999796152114868 0.999979555606842 0.9999794960021973 0.9999793767929077 0.9999792575836182
          0.9999791383743286 0.9999790191650391 0.9999788999557495 0.9999787211418152 0.9999785423278809 0.9999784231185913
          0.999978244304657 0.9999781250953674 0.9999780058860779 0.9999779462814331
        </DataArray>
        <DataArray type="Float32" Name="P_G" format="ascii" RangeMin="100946.828125" RangeMax="130945.5078125">
          128143.1875 127673.96875 127383.1015625 127330.2578125 127721.5859375 130945.5078125
          128600.5546875 127282.6875 126167.828125 125144.34375 123184.328125 121961.8203125
          120287.3984375 117879.3359375 114510.6875 111202.296875 107950.1015625 105527.4921875
          103891.109375 103345.0703125 103136.578125 103032.1015625 102965.1640625 102916.4609375
          102880.6171875 102854.7109375 102835.6640625 102819.078125 102797.0625 102755.53125
          102659.2421875 102344.5078125 101616.328125 101140.0078125 101344.5859375 101344.1015625
          101344.515625 101342.8671875 101340.390625 101338.03125 101336.015625 101334.390625
          101333.1328125 101332.1796875 101331.4765625 101330.9453125 101330.53125 101330.1953125
          101329.90625 101329.640625 101329.3984375 101329.1640625 101328.9375 101328.7109375
          101328.484375 101328.265625 101328.046875 101327.828125 101327.609375 101327.390625
          101327.1640625 101326.9453125 101326.71875 101326.5 101326.28125 101326.0625
          101325.8515625 101325.640625 101325.4296875 101325.21875 127842.265625 127328.9765625
          126938.4609375 126678.0859375 126553.28125 126601.234375 126275.0625 125692.390625
          124876.4375 124287.15625 122243.1328125 120490.21875 118456.15625 116116.765625
          113425.4140625 110568.953125 107517.734375 105364.4296875 103990.9140625 103518.28125
          103241.7421875 103064.546875 102957.6328125 102889.203125 102841.6328125 102806.6640625
          102778.3828125 102749.5234375 102707.46875 102624.1328125 102406.078125 101836.4453125
          101058.0546875 101280.8046875 101343.078125 101342.0078125 101342.0234375 101340.7734375
          101338.6796875 101336.65625 101334.921875 101333.546875 101332.5 101331.7265625
          101331.1640625 101330.734375 101330.3984375 101330.1171875 101329.859375 101329.6171875
          101329.3828125 101329.15625 101328.9296875 101328.703125 101328.484375 101328.265625
          101328.046875 101327.828125 101327.609375 101327.390625 101327.1640625 101326.9375
          101326.71875 101326.5 101326.28125 101326.0625 101325.84375 101325.6328125
          101325.421875 101325.21875 127340.0859375 126775.40625 126278.2578125 125838.234375
          125428.5625 125014.9453125 124494.2109375 123815.265625 122977.484375 123060.3125
          119970.4296875 118229.7421875 116435.5546875 114527.9609375 112455.2578125 110240.6953125
          108019.5234375 105996.1484375 104314.28125 103479.2265625 103139.09375 102942.15625
          102820.390625 102744.9296875 102695.2890625 102658.828125 102624.9609375 102580.421875
          102499.390625 102293.9609375 101791.953125 101130.1171875 101191.546875 101320.5703125
          101341.59375 101340.1875 101339.6171875 101338.59375 101336.9375 101335.3125
          101333.9140625 101332.8203125 101332 101331.40625 101330.96875 101330.625
          101330.34375 101330.0859375 101329.8515625 101329.6171875 101329.3828125 101329.1484375
          101328.921875 101328.703125 101328.484375 101328.265625 101328.0546875 101327.8359375
          101327.609375 101327.390625 101327.1640625 101326.9375 101326.71875 101326.4921875
          101326.2734375 101326.0546875 101325.84375 101325.6328125 101325.421875 101325.2109375
          126739.6640625 126131.8515625 125550.828125 124985.2890625 124412.3125 123802.09375
          123118.765625 122335.859375 122475.9765625 120607.484375 118190.296875 116627.8046875
          115047.7734375 113411.0078125 111699.7890625 109923.3125 108140.6484375 106451.515625
          104912.4765625 103763.46875 103057.734375 102728 102574.9140625 102493.6171875
          102446.703125 102414.1171875 102365.453125 102275.0546875 102066.0625 101600.5703125
          101216.875 101174.65625 101284.40625 101335.8125 101341.3359375 101339.984375
          101338.859375 101337.6171875 101336.1328125 101334.6796875 101333.453125 101332.5
          101331.796875 101331.3046875 101330.921875 101330.609375 101330.34375 101330.09375
          101329.8671875 101329.6328125 101329.390625 101329.1484375 101328.921875 101328.703125
          101328.484375 101328.2734375 101328.0625 101327.84375 101327.625 101327.3984375
          101327.171875 101326.9453125 101326.71875 101326.4921875 101326.2734375 101326.0546875
          101325.84375 101325.6328125 101325.421875 101325.21875 126125.828125 125487.3671875
          124849.3203125 124203.859375 123535.1796875 122824.0625 122050.28125 121723.3359375
          121566.4609375 118413.265625 116937.7578125 115517.7890625 114099.203125 112649.921875
          111156.1015625 109626.0546875 108085.6015625 106582.1171875 105144.03125 104180.234375
          103282.4453125 102686.1484375 102355.65625 102214.7578125 102210.1640625 102123.4609375
          102004.15625 101810.171875 101511.75 101237.1328125 101208.6796875 101269.0703125
          101324.0625 101341.0234375 101341.8984375 101341.109375 101339.5859375 101337.9375
          101336.3828125 101334.921875 101333.671875 101332.671875 101331.921875 101331.3671875
          101330.9609375 101330.6328125 101330.34375 101330.1015625 101329.875 101329.640625
          101329.390625 101329.1484375 101328.9140625 101328.6953125 101328.4921875 101328.28125
          101328.0703125 101327.8515625 101327.625 101327.40625 101327.1796875 101326.953125
          101326.7265625 101326.5078125 101326.2890625 101326.078125 101325.8671875 101325.65625
          101325.453125 101325.25 125558.8125 124900.5390625 124226.75 123533.0546875
          122809.140625 122042.953125 121399.9375 121099.6484375 120073.9609375 117477.265625
          116082.1015625 114749.8515625 113441.75 112118.8828125 110765.3125 109382.9453125
          107987.8359375 106610.59375 105302.5234375 104127.5234375 103305.8984375 102625.8203125
          102231.75 102113.7421875 102030.078125 101860.09375 101668.8046875 101462.2734375
          101299.7734375 101248.8515625 101280.953125 101318.40625 101338.578125 101343.5234375
          101342.9765625 101342.4375 101341.1484375 101339.046875 101337.4609375 101335.9140625
          101334.5703125 101333.453125 101332.5703125 101331.875 101331.34375 101330.90625
          101330.5546875 101330.25 101329.984375 101329.71875 101329.453125 101329.203125
          101328.9765625 101328.75 101328.53125 101328.3203125 101328.1015625 101327.875
          101327.6484375 101327.421875 101327.1875 101326.9609375 101326.734375 101326.515625
          101326.296875 101326.09375 101325.8828125 101325.6875 101325.4921875 101325.296875
          125076.921875 124406.5625 123711.703125 122990.3046875 122235.8515625 121440.6875
          120823.421875 120776.015625 119120.9453125 116884.6640625 115531.0703125 114245.5078125
          112999.1953125 111756.9375 110495.2734375 109213.03125 107929.0625 106676.578125
          105490.40625 104417.3203125 103435.125 102507.75 102281.2421875 102104.265625
          101918.65625 101706.8203125 101517.7109375 101380.296875 101314.65625 101307.8125
          101324.5703125 101338.1484375 101344.5625 101345.4609375 101343.1171875 101343.7890625
          101344.4765625 101341.1171875 101339.28125 101337.6640625 101336.25 101334.953125
          101333.921875 101333.015625 101332.28125 101331.671875 101331.171875 101330.75
          101330.3828125 101330.046875 101329.7421875 101329.46875 101329.2109375 101328.9765625
          101328.75 101328.5234375 101328.3046875 101328.078125 101327.8515625 101327.6171875
          101327.375 101327.140625 101326.8984375 101326.6640625 101326.4296875 101326.203125
          101325.9765625 101325.765625 101325.5546875 101325.359375 124702.53125 124025.1953125
          123318.5703125 122582.2734375 121811.890625 121002.796875 120149.953125 120480.90625
          118881.1953125 116621.953125 115272.421875 113986.84375 112747.8828125 111539.6640625
          110331.078125 109116.0078125 107914.8203125 106761.8359375 105682.09375 104667.2890625
          103680.390625 102691.484375 102256.6484375 102107.9921875 101860.015625 101649.71875
          101490.765625 101394.34375 101351.5703125 101340.8046875 101342.3828125 101345.5390625
          101347.5703125 101348.859375 101346.78125 101346.2734375 101345.0234375 101342.9765625
          101342.71875 101341.0390625 101339.28125 101337.7421875 101336.3515625 101335.15625
          101334.1015625 101333.2421875 101332.5390625 101332.234375 101331.59375 101331.0390625
          101330.65625 101330.3828125 101330.2265625 101329.7734375 101329.46875 101329.40625
          101329.203125 101328.6640625 101328.40625 101328.3203125 101328.1953125 101327.8671875
          101327.34375 101327.109375 101326.8515625 101326.6015625 101326.34375 101326.078125
          101325.8125 101325.546875 124447.9453125 123766.765625 123054.2578125 122310.4140625
          121532.671875 120717.6640625 119862.4296875 118964.25 120074.59375 116707.859375
          115365.9765625 114052.328125 112731.5703125 111484.3671875 110276.7734375 109086.515625
          107919.9296875 106803.6484375 105758.390625 104779.6796875 103838.6953125 102910.109375
          101944.625 102018.2265625 101826.578125 101631.484375 101494.6953125 101410.7578125
          101368.4375 101351.328125 101347.421875 101347.921875 101347.3359375 101347.046875
          101346.890625 101346.9375 101346.4296875 101345.25 101343.8828125 101342.2265625
          101340.59375 101339.0546875 101337.6484375 101336.296875 101335.0390625 101333.96875
          101333.3359375 101332.6875 101332.0859375 101331.5390625 101331.046875 101330.59375
          101330.1875 101329.8046875 101329.453125 101329.1171875 101328.8046875 101328.5
          101328.2109375 101327.9375 101327.671875 101326.625 101327.1875 101326.9296875
          101326.6875 101326.4453125 101325.4453125 101325.9921875 101325.7265625 101324.7421875
          124319.328125 123636.53125 122921.4921875 122174.7109375 121394 120577.1015625
          119721.5859375 118825.4609375 117887.4453125 116986.0859375 116130.0625 115923.921875
          113177.15625 111756.8984375 110450.515625 109226.6171875 108043.2421875 106879.9453125
          105745.3359375 104671.8671875 103677.5 102744.78125 101847.4140625 100946.828125
          101427.2265625 101504.9765625 101412.421875 101361.7578125 101336.7578125 101329.2578125
          101335.3984375 101337.4921875 101338.5859375 101339.140625 101339.34375 101339.28125
          101339.03125 101338.6171875 101338.2265625 101337.8203125 101337.234375 101336.5625
          101335.8671875 101335.0234375 101334.09375 101333.2578125 101332.65625 101333.3515625
          101332.8359375 101332.3046875 101331.765625 101331.265625 101330.8125 101330.390625
          101330 101329.6328125 101329.265625 101328.9140625 101328.5546875 101328.203125
          101327.859375 101327.515625 101327.171875 101326.828125 101326.5 101326.171875
          101325.84375 101325.5234375 101325.2109375 101324.9140625
        </DataArray>
        <DataArray type="Float32" Name="Gas_Velocity" NumberOfComponents="3" format="ascii" RangeMin="0.014499325988815894" RangeMax="10.725117689037374">
          0.1628628820180893 0.3717552125453949 0 0.18344072997570038 0.22509299218654633 0
          0.2254440039396286 0.05083101987838745 0 0.3184923827648163 -0.17733027040958405 0
          0.5133587121963501 -0.4470653831958771 0 0.8498905301094055 0.45889055728912354 0
          0.7218889594078064 1.4308561086654663 0 0.5524685382843018 2.132401704788208 0
          0.4789714515209198 2.782546281814575 0 0.538428008556366 3.343437671661377 0
          0.5682680010795593 3.2898874282836914 0 0.6350440979003906 3.224094867706299 0
          0.5386372208595276 3.5108163356781006 0 0.3323737382888794 4.056025981903076 0
          -0.02140934206545353 4.345956325531006 0 -0.31797459721565247 4.764279365539551 0
          -0.4759886562824249 5.201853275299072 0 -0.36097195744514465 5.994809627532959 0
          -0.21264412999153137 5.6678056716918945 0 -0.5849242210388184 5.665227890014648 0
          -0.5993123054504395 5.836514472961426 0 -0.17962047457695007 5.868911266326904 0
          0.32853832840919495 5.647282600402832 0 0.7332592606544495 5.195143222808838 0
          1.0036190748214722 4.581873893737793 0 1.1478745937347412 3.88161301612854 0
          1.1778022050857544 3.1653432846069336 0 1.1022895574569702 2.5003654956817627 0
          0.939024806022644 1.9444500207901 0 0.7369165420532227 1.5284327268600464 0
          0.6078961491584778 1.2263551950454712 0 0.6243817806243896 1.0149787664413452 0
          0.7308095097541809 0.8612639307975769 0 1.1399978399276733 -0.06576994061470032 0
          1.0069990158081055 -0.7628434300422668 0 1.8038966655731201 -1.9691392183303833 0
          3.0492560863494873 -4.001609802246094 0 2.7128663063049316 -5.810335636138916 0
          2.0897483825683594 -7.203691005706787 0 1.5777794122695923 -8.255724906921387 0
          1.1667579412460327 -9.033714294433594 0 0.841196596622467 -9.594633102416992 0
          0.588766872882843 -9.987234115600586 0 0.3990419805049896 -10.253324508666992 0
          0.26181715726852417 -10.427908897399902 0 0.1666601598262787 -10.53903865814209 0
          0.10337011516094208 -10.607962608337402 0 0.06294161081314087 -10.649925231933594 0
          0.03815390542149544 -10.67535400390625 0 0.02356773614883423 -10.69105339050293 0
          0.01516506727784872 -10.70114517211914 0 0.010126813314855099 -10.707874298095703 0
          0.006766655948013067 -10.712359428405762 0 0.004285389091819525 -10.71518611907959 0
          0.002470996929332614 -10.716800689697266 0 0.0013787358766421676 -10.717683792114258 0
          0.0009505480411462486 -10.718280792236328 0 0.0010151120368391275 -10.718918800354004 0
          0.0013390898238867521 -10.719771385192871 0 0.0016920133493840694 -10.720858573913574 0
          0.0018979572923853993 -10.72208309173584 0 0.001860233722254634 -10.723281860351562 0
          0.0015584648353978992 -10.72428035736084 0 0.001029962208122015 -10.724925994873047 0
          0.00034741140552796423 -10.725117683410645 0 -0.0003979283501394093 -10.724813461303711 0
          -0.0011007143184542656 -10.724040985107422 0 -0.0017879802035167813 -10.72281265258789 0
          -0.0024516177363693714 -10.721141815185547 0 -0.0030786048155277967 -10.719057083129883 0
          0.264219731092453 0.4139922857284546 0 0.2860797047615051 0.32143881916999817 0
          0.33300599455833435 0.22606591880321503 0 0.4116429090499878 0.142448291182518 0
          0.5248934626579285 0.12720002233982086 0 0.6422132849693298 0.3566724956035614 0
          0.6587718725204468 0.544386625289917 0 0.6514528393745422 0.7209298610687256 0
          0.6453936100006104 0.8895995020866394 0 0.6229285597801208 1.1633739471435547 0
          0.5423338413238525 1.4653488397598267 0 0.42121607065200806 1.8535345792770386 0
          0.21667379140853882 2.2105729579925537 0 -0.04269297048449516 2.596947193145752 0
          -0.3532496988773346 2.912904977798462 0 -0.6940121054649353 3.2076480388641357 0
          -1.1515297889709473 3.6781177520751953 0 -1.65317702293396 4.69253396987915 0
          -1.624836802482605 4.181111812591553 0 -0.6426655054092407 3.7488644123077393 0
          -0.059243444353342056 3.2871978282928467 0 0.38450729846954346 2.861379384994507 0
          0.7988035082817078 2.537020444869995 0 1.1636543273925781 2.2751870155334473 0
          1.4400385618209839 2.031416654586792 0 1.6043728590011597 1.7859313488006592 0
          1.646030306816101 1.537467360496521 0 1.5615055561065674 1.29569411277771 0
          1.375317096710205 1.0697604417800903 0 1.171667456626892 0.8579122424125671 0
          1.083882212638855 0.690909206867218 0 1.2882513999938965 0.5713536143302917 0
          1.3233659267425537 0.2582705020904541 0 1.5917128324508667 -0.3240586519241333 0
          1.6237767934799194 -0.76313316822052 0 2.6448357105255127 -1.3295396566390991 0
          4.399184703826904 -2.2299249172210693 0 4.2471818923950195 -3.2528789043426514 0
          3.347987413406372 -4.0918192863464355 0 2.5345845222473145 -4.729817867279053 0
          1.8479949235916138 -5.18410587310791 0 1.2895275354385376 -5.483116626739502 0
          0.8546198606491089 -5.66046667098999 0 0.5345270037651062 -5.750896453857422 0
          0.3150572180747986 -5.7864885330200195 0 0.17535129189491272 -5.792374610900879 0
          0.0920826643705368 -5.784935474395752 0 0.04539274051785469 -5.773317337036133 0
          0.021215355023741722 -5.762101173400879 0 0.010374811477959156 -5.753377437591553 0
          0.006095812655985355 -5.747398853302002 0 0.0034321467392146587 -5.742999076843262 0
          0.0003319658280815929 -5.738769054412842 0 -0.0027269660495221615 -5.734150409698486 0
          -0.004687245935201645 -5.729431629180908 0 -0.005407118238508701 -5.724958896636963 0
          -0.005069558974355459 -5.720994472503662 0 -0.004103698767721653 -5.717629432678223 0
          -0.0029918751679360867 -5.71478796005249 0 -0.002130282111465931 -5.71228551864624 0
          -0.0017524583963677287 -5.709897041320801 0 -0.0019206356955692172 -5.70742130279541 0
          -0.0025744580198079348 -5.704711437225342 0 -0.003591901855543256 -5.701675891876221 0
          -0.0048470101319253445 -5.698259353637695 0 -0.006260335445404053 -5.694398403167725 0
          -0.007792927790433168 -5.689985752105713 0 -0.009360084310173988 -5.684987545013428 0
          -0.010879666544497013 -5.679419994354248 0 -0.012196583673357964 -5.673395156860352 0
          0.30760639905929565 0.4548965096473694 0 0.32239678502082825 0.4070107638835907 0
          0.35425668954849243 0.36968520283699036 0 0.3992871940135956 0.3562116324901581 0
          0.45117974281311035 0.3872591555118561 0 0.4943455457687378 0.48503127694129944 0
          0.5060071349143982 0.6046655774116516 0 0.4932650327682495 0.7389846444129944 0
          0.4589391052722931 0.8958988785743713 0 0.3927474915981293 1.0818696022033691 0
          0.2855090796947479 1.2708786725997925 0 0.1408047378063202 1.4610404968261719 0
          -0.038503024727106094 1.6242502927780151 0 -0.23846220970153809 1.7742818593978882 0
          -0.4622271955013275 1.897992491722107 0 -0.7096534967422485 1.9270485639572144 0
          -0.947045087814331 1.7876273393630981 0 -1.0721776485443115 1.419941782951355 0
          -0.9287801384925842 1.596946120262146 0 -0.9133589267730713 1.246437430381775 0
          -0.2930695414543152 1.1652475595474243 0 0.2962978780269623 1.1309006214141846 0
          0.8131847977638245 1.0867087841033936 0 1.256237506866455 1.0278007984161377 0
          1.6019859313964844 0.9471951127052307 0 1.815541386604309 0.8496474623680115 0
          1.8827826976776123 0.7441155910491943 0 1.811724305152893 0.6352398991584778 0
          1.6482433080673218 0.5230149030685425 0 1.600919485092163 0.3492905795574188 0
          1.7052955627441406 0.27903714776039124 0 1.6782662868499756 0.1102764680981636 0
          1.6487953662872314 -0.29343146085739136 0 1.7967106103897095 -0.5637759566307068 0
          1.927079439163208 -0.7845128774642944 0 2.7824349403381348 -0.8806992769241333 0
          4.608124256134033 -1.020528793334961 0 4.960021495819092 -1.49576997756958 0
          4.028863906860352 -1.9497370719909668 0 3.091289520263672 -2.320943832397461 0
          2.2503082752227783 -2.589231252670288 0 1.5246140956878662 -2.7460334300994873 0
          0.9341744184494019 -2.7991440296173096 0 0.5004579424858093 -2.7765016555786133 0
          0.23082339763641357 -2.7204129695892334 0 0.09046755731105804 -2.6638875007629395 0
          0.02430395968258381 -2.6187615394592285 0 -0.006554902996867895 -2.5841848850250244 0
          -0.014704321511089802 -2.560288906097412 0 -0.00978067982941866 -2.546898365020752 0
          -0.0030997470021247864 -2.5408103466033936 0 -0.003774452256038785 -2.5360443592071533 0
          -0.01162139605730772 -2.5281097888946533 0 -0.021488169208168983 -2.5156333446502686 0
          -0.028520017862319946 -2.4997730255126953 0 -0.030992120504379272 -2.4827423095703125 0
          -0.029582420364022255 -2.4664244651794434 0 -0.02583802491426468 -2.4519574642181396 0
          -0.021404465660452843 -2.439703941345215 0 -0.017650995403528214 -2.429377555847168 0
          -0.015341430902481079 -2.4203386306762695 0 -0.014572635293006897 -2.411924362182617 0
          -0.01506589911878109 -2.4036171436309814 0 -0.016389811411499977 -2.395106315612793 0
          -0.018133731558918953 -2.38627028465271 0 -0.020068125799298286 -2.3770880699157715 0
          -0.02220739796757698 -2.367502212524414 0 -0.024714557453989983 -2.3572912216186523 0
          -0.027624040842056274 -2.3461551666259766 0 -0.030336804687976837 -2.334089994430542 0
          0.3096044659614563 0.485182523727417 0 0.3165014088153839 0.46581366658210754 0
          0.33293458819389343 0.45719030499458313 0 0.3528563380241394 0.46630021929740906 0
          0.3707832992076874 0.49954095482826233 0 0.37879428267478943 0.5591471195220947 0
          0.3690564036369324 0.6374222636222839 0 0.3383216857910156 0.7307551503181458 0
          0.28300634026527405 0.8394996523857117 0 0.2023216038942337 0.9540488719940186 0
          0.09304222464561462 1.0660630464553833 0 -0.04266313090920448 1.1662826538085938 0
          -0.19830943644046783 1.2459872961044312 0 -0.36278247833251953 1.3062595129013062 0
          -0.5266947150230408 1.3438328504562378 0 -0.6787592768669128 1.3301615715026855 0
          -0.7906782627105713 1.2298895120620728 0 -0.8136169910430908 1.0684243440628052 0
          -0.7119489908218384 0.9185850024223328 0 -0.5179543495178223 0.8498035669326782 0
          -0.24231243133544922 0.6577417850494385 0 0.23659278452396393 0.5633715987205505 0
          0.7834650278091431 0.5021265149116516 0 1.3009364604949951 0.4330562949180603 0
          1.737862467765808 0.33938756585121155 0 1.9371696710586548 0.277721643447876 0
          2.054556369781494 0.20670825242996216 0 2.0863404273986816 0.10268481075763702 0
          2.0563066005706787 0.02067532204091549 0 2.012871742248535 -0.028279984369874 0
          1.9941227436065674 -0.10408375412225723 0 1.8425647020339966 -0.36477571725845337 0
          1.8425102233886719 -0.6482251286506653 0 1.9114859104156494 -0.7715117931365967 0
          1.9138901233673096 -0.769504964351654 0 2.406855583190918 -0.5200681686401367 0
          3.9506521224975586 -0.08171498030424118 0 4.9767303466796875 -0.0928301140666008 0
          4.2483625411987305 -0.23919375240802765 0 3.3756256103515625 -0.4288002550601959 0
          2.555387258529663 -0.6322458386421204 0 1.8359489440917969 -0.8398674130439758 0
          1.2415801286697388 -1.0448681116104126 0 0.7662581205368042 -1.2221206426620483 0
          0.4720344841480255 -1.3829643726348877 0 0.2850632667541504 -1.5127190351486206 0
          0.13364815711975098 -1.585632085800171 0 0.012479064986109734 -1.5983326435089111 0
          -0.028226200491189957 -1.5893232822418213 0 -0.0053012738935649395 -1.5923086404800415 0
          0.0053217168897390366 -1.5979173183441162 0 -0.003531981259584427 -1.5980699062347412 0
          -0.027483876794576645 -1.5874826908111572 0 -0.04931174963712692 -1.568917989730835 0
          -0.06006686016917229 -1.5478678941726685 0 -0.061089567840099335 -1.5277811288833618 0
          -0.055792588740587234 -1.5102832317352295 0 -0.0473913811147213 -1.4958878755569458 0
          -0.038724493235349655 -1.4843130111694336 0 -0.03220338374376297 -1.4745820760726929 0
          -0.028809107840061188 -1.4655734300613403 0 -0.028147835284471512 -1.4564926624298096 0
          -0.029623616486787796 -1.4467568397521973 0 -0.03231322765350342 -1.4361110925674438 0
          -0.035306092351675034 -1.424633264541626 0 -0.03806012496352196 -1.4126100540161133 0
          -0.04060465842485428 -1.400317907333374 0 -0.043512869626283646 -1.387759804725647 0
          -0.0475202314555645 -1.3744711875915527 0 -0.05253949016332626 -1.3596466779708862 0
          0.28579476475715637 0.5051469802856445 0 0.28729352355003357 0.5016302466392517 0
          0.2933516502380371 0.505429208278656 0 0.298495352268219 0.5197579860687256 0
          0.2988491952419281 0.5465992093086243 0 0.28968408703804016 0.5857574939727783 0
          0.2665661573410034 0.6347764134407043 0 0.2248653918504715 0.6899058818817139 0
          0.16232270002365112 0.7510631680488586 0 0.08093328773975372 0.8108171224594116 0
          -0.02190721593797207 0.8649205565452576 0 -0.14471644163131714 0.9071877598762512 0
          -0.28125569224357605 0.9343044757843018 0 -0.42159581184387207 0.9449583888053894 0
          -0.5530383586883545 0.9379242658615112 0 -0.6603646278381348 0.9084853529930115 0
          -0.7250363230705261 0.8524928689002991 0 -0.7289496064186096 0.7823300957679749 0
          -0.6694039702415466 0.7335115671157837 0 -0.46386829018592834 0.8529658317565918 0
          -0.17905400693416595 0.6432589292526245 0 0.3849107325077057 0.405826598405838 0
          0.9491602778434753 0.17347940802574158 0 1.4260562658309937 0.0043388777412474155 0
          1.8889976739883423 -0.10585508495569229 0 2.123661756515503 -0.1872950792312622 0
          2.2869086265563965 -0.24992093443870544 0 2.350064516067505 -0.27760884165763855 0
          2.296477794647217 -0.28675252199172974 0 2.145824670791626 -0.3741720914840698 0
          2.030829668045044 -0.5402562022209167 0 1.9373586177825928 -0.7488992214202881 0
          1.9305845499038696 -0.8761194348335266 0 1.8419606685638428 -0.8412030935287476 0
          1.6497364044189453 -0.6642260551452637 0 1.7537277936935425 -0.22685043513774872 0
          2.7972288131713867 0.5430508255958557 0 4.322607517242432 0.9793133735656738 0
          3.959491729736328 1.1719200611114502 0 3.294022560119629 1.226313829421997 0
          2.6090807914733887 1.1904964447021484 0 1.985856294631958 1.0905284881591797 0
          1.4562002420425415 0.9474135637283325 0 1.0295099020004272 0.771875262260437 0
          0.7156966924667358 0.6093965172767639 0 0.48799434304237366 0.47407498955726624 0
          0.31788042187690735 0.3512243628501892 0 0.201686829328537 0.22506119310855865 0
          0.14051832258701324 0.11253923177719116 0 0.10592178255319595 0.038361988961696625 0
          0.06930331885814667 -0.004315625876188278 0 0.008057004772126675 -0.012054672464728355 0
          -0.04842761531472206 0.0019028267124667764 0 -0.07404962927103043 0.018393779173493385 0
          -0.07939153164625168 0.031278856098651886 0 -0.07344510406255722 0.03952055051922798 0
          -0.06135863438248634 0.043238889425992966 0 -0.04716065526008606 0.04309621825814247 0
          -0.0342654250562191 0.040138740092515945 0 -0.025204326957464218 0.03549257293343544 0
          -0.021263543516397476 0.03048688918352127 0 -0.022430192679166794 0.02670430950820446 0
          -0.02760876528918743 0.025393977761268616 0 -0.035222284495830536 0.027369003742933273 0
          -0.04381027817726135 0.03307585418224335 0 -0.05242273211479187 0.042689111083745956 0
          -0.06070183590054512 0.056125394999980927 0 -0.06870552152395248 0.07295800745487213 0
          -0.07675283402204514 0.09248285740613937 0 -0.08665406703948975 0.1152607724070549 0
          0.24651528894901276 0.5180163979530334 0 0.24549758434295654 0.523155927658081 0
          0.24622367322444916 0.5321732759475708 0 0.2445526421070099 0.5462731719017029 0
          0.2377280592918396 0.5656969547271729 0 0.22260291874408722 0.5896714329719543 0
          0.1956060230731964 0.6161646842956543 0 0.15352614223957062 0.6431652307510376 0
          0.09482034295797348 0.666869044303894 0 0.02111341990530491 0.6850912570953369 0
          -0.06953631341457367 0.6942717432975769 0 -0.17614780366420746 0.6911125779151917 0
          -0.2939257323741913 0.6740748882293701 0 -0.41405269503593445 0.643358588218689 0
          -0.5243287682533264 0.6004243493080139 0 -0.6103612184524536 0.5464999079704285 0
          -0.6570358276367188 0.48089948296546936 0 -0.6498288512229919 0.4016841650009155 0
          -0.5734713077545166 0.30391550064086914 0 -0.4138191342353821 0.23713789880275726 0
          -0.11403430253267288 0.3377528190612793 0 0.4269668161869049 0.14870500564575195 0
          1.0545790195465088 -0.07859250158071518 0 1.5891274213790894 -0.2593095302581787 0
          2.0674445629119873 -0.3677463233470917 0 2.2995831966400146 -0.44023898243904114 0
          2.418958902359009 -0.4708433747291565 0 2.404512405395508 -0.4912176728248596 0
          2.2728660106658936 -0.5589299201965332 0 2.1193580627441406 -0.6890162229537964 0
          2.0205793380737305 -0.8101387023925781 0 1.935300588607788 -0.8793829083442688 0
          1.8112483024597168 -0.8181064128875732 0 1.5622888803482056 -0.6300266981124878 0
          1.2718095779418945 -0.3733145594596863 0 1.1347401142120361 0.0432220920920372 0
          1.5645384788513184 0.8671098351478577 0 3.141918420791626 1.6549599170684814 0
          3.164891481399536 2.1850152015686035 0 2.7989041805267334 2.5152928829193115 0
          2.3336918354034424 2.699028968811035 0 1.8715742826461792 2.775327205657959 0
          1.456214189529419 2.775404691696167 0 1.1048128604888916 2.725270986557007 0
          0.8232498168945312 2.653622627258301 0 0.6075095534324646 2.5739893913269043 0
          0.4439988434314728 2.48994779586792 0 0.3224344551563263 2.409484624862671 0
          0.23530972003936768 2.346327543258667 0 0.16917948424816132 2.30419659614563 0
          0.11256784945726395 2.2753987312316895 0 0.06410257518291473 2.2380847930908203 0
          0.026461420580744743 2.188208818435669 0 -0.003616569796577096 2.141305685043335 0
          -0.023081665858626366 2.103818893432617 0 -0.03102933242917061 2.075594663619995 0
          -0.03041120246052742 2.0550143718719482 0 -0.025225957855582237 2.040440082550049 0
          -0.018919670954346657 2.0302555561065674 0 -0.01381066907197237 2.022703170776367 0
          -0.011212198995053768 2.016044855117798 0 -0.011642939411103725 2.0088961124420166 0
          -0.01500494685024023 2.0005381107330322 0 -0.020923390984535217 1.9910533428192139 0
          -0.028726914897561073 1.981049656867981 0 -0.03767433762550354 1.9712737798690796 0
          -0.04714503884315491 1.9622972011566162 0 -0.056554634124040604 1.9542628526687622 0
          -0.06558288633823395 1.9468870162963867 0 -0.07447468489408493 1.9388412237167358 0
          0.1970667690038681 0.5269601941108704 0 0.19562406837940216 0.537607729434967 0
          0.19475694000720978 0.5496872067451477 0 0.19157542288303375 0.563148021697998 0
          0.18433983623981476 0.5774937868118286 0 0.17074251174926758 0.5913386940956116 0
          0.14818380773067474 0.6021856069564819 0 0.11424273997545242 0.6082878708839417 0
          0.06683467328548431 0.6062196493148804 0 0.008595769293606281 0.5940825343132019 0
          -0.06298158317804337 0.5690602660179138 0 -0.14787016808986664 0.5287179350852966 0
          -0.24297086894512177 0.47247639298439026 0 -0.3415069282054901 0.4017876386642456 0
          -0.43313291668891907 0.32007360458374023 0 -0.5054182410240173 0.23200467228889465 0
          -0.5456809401512146 0.14171762764453888 0 -0.5420060157775879 0.05193893983960152 0
          -0.48059260845184326 -0.03254410997033119 0 -0.3458960950374603 -0.10062341392040253 0
          -0.11363957822322845 -0.11552242189645767 0 0.31750720739364624 0.05392676964402199 0
          0.9212948679924011 -0.03215331584215164 0 1.6847424507141113 -0.15858379006385803 0
          2.1779158115386963 -0.2383067011833191 0 2.354867696762085 -0.3026160001754761 0
          2.3910086154937744 -0.3570322096347809 0 2.316480875015259 -0.4247922897338867 0
          2.167118549346924 -0.5006083250045776 0 2.021073579788208 -0.5534247756004333 0
          1.8846830129623413 -0.5288772583007812 0 1.6908490657806396 -0.3880045711994171 0
          1.4171215295791626 -0.12443242222070694 0 1.1349351406097412 0.16737334430217743 0
          0.9125707149505615 0.41392090916633606 0 0.7966787815093994 0.6450218558311462 0
          0.8629822731018066 1.1167691946029663 0 1.7164603471755981 2.06937575340271 0
          2.0173261165618896 2.835880994796753 0 1.9660252332687378 3.392207384109497 0
          1.7566584348678589 3.7777459621429443 0 1.4926691055297852 4.03104829788208 0
          1.2269001007080078 4.184511661529541 0 0.9854450821876526 4.264599800109863 0
          0.7775576710700989 4.2955427169799805 0 0.6051033139228821 4.297516822814941 0
          0.46769580245018005 4.281991004943848 0 0.3610972464084625 4.256504535675049 0
          0.27844467759132385 4.228015422821045 0 0.21285700798034668 4.199148178100586 0
          0.15880908071994781 4.168562889099121 0 0.11410033702850342 4.135469913482666 0
          0.07862041890621185 4.100936412811279 0 0.05230366438627243 4.063899040222168 0
          0.03334909677505493 4.026525497436523 0 0.019597942009568214 3.993025541305542 0
          0.009827437810599804 3.9664556980133057 0 0.0035827679093927145 3.9475085735321045 0
          0.000206387834623456 3.9350173473358154 0 -0.0014635645784437656 3.9270436763763428 0
          -0.0029149458277970552 3.9217653274536133 0 -0.005210898816585541 3.9177236557006836 0
          -0.008783798664808273 3.9138143062591553 0 -0.014481132850050926 3.909748077392578 0
          -0.02185538038611412 3.9053847789764404 0 -0.02999977022409439 3.900475263595581 0
          -0.03832156956195831 3.894788980484009 0 -0.04577777162194252 3.8877902030944824 0
          -0.052653729915618896 3.879347562789917 0 -0.0592641644179821 3.8693742752075195 0
          0.13927917182445526 0.5341113209724426 0 0.1385304480791092 0.5497012734413147 0
          0.13803187012672424 0.5651803612709045 0 0.13634103536605835 0.5802558064460754 0
          0.13217823207378387 0.593696117401123 0 0.12434273213148117 0.6041155457496643 0
          0.11110173910856247 0.6090666055679321 0 0.08917819708585739 0.6033209562301636 0
          0.05948036164045334 0.5886131525039673 0 0.022661078721284866 0.5600873231887817 0
          -0.02336021512746811 0.5151053071022034 0 -0.0794462338089943 0.45076483488082886 0
          -0.14444246888160706 0.3660498261451721 0 -0.21477514505386353 0.2624885141849518 0
          -0.2832161486148834 0.14422282576560974 0 -0.34019583463668823 0.017635028809309006 0
          -0.3757801055908203 -0.1107499822974205 0 -0.3819415867328644 -0.23085807263851166 0
          -0.3536505699157715 -0.3279445469379425 0 -0.2886984646320343 -0.37634485960006714 0
          -0.18702910840511322 -0.33250874280929565 0 -0.053526896983385086 -0.061680395156145096 0
          0.3924799859523773 0.2472064346075058 0 1.1205041408538818 0.4871518909931183 0
          2.099241018295288 0.4557107388973236 0 2.2275547981262207 0.440607488155365 0
          2.1801466941833496 0.44744688272476196 0 2.064771890640259 0.47312870621681213 0
          1.9081028699874878 0.5296342372894287 0 1.7166410684585571 0.6607548594474792 0
          1.4706506729125977 0.9059419631958008 0 1.1804728507995605 1.2403714656829834 0
          0.914057195186615 1.5809096097946167 0 0.7181337475776672 1.8673851490020752 0
          0.6073436141014099 2.0799560546875 0 0.5790131688117981 2.233654022216797 0
          0.6385279893875122 2.3907034397125244 0 0.8675575256347656 2.9626410007476807 0
          1.0429028272628784 3.617016553878784 0 1.1011143922805786 4.197526454925537 0
          1.0616949796676636 4.664134979248047 0 0.9629402160644531 5.020106792449951 0
          0.8376163244247437 5.282076358795166 0 0.7076104283332825 5.46944522857666 0
          0.5858278274536133 5.599164962768555 0 0.4792787432670593 5.684750556945801 0
          0.39118799567222595 5.737300872802734 0 0.31995171308517456 5.766147136688232 0
          0.2621668577194214 5.778309345245361 0 0.21496638655662537 5.778119087219238 0
          0.1764102727174759 5.767540454864502 0 0.14516177773475647 5.747945785522461 0
          0.12018135190010071 5.721304893493652 0 0.10078586637973785 5.690016746520996 0
          0.0860786959528923 5.655872344970703 0 0.0751429870724678 5.6198344230651855 0
          0.06696796417236328 5.5827178955078125 0 0.06021841615438461 5.545917510986328 0
          0.053453780710697174 5.51136589050293 0 0.044984884560108185 5.481341361999512 0
          0.03327391296625137 5.458153247833252 0 0.01698187179863453 5.444286823272705 0
          0.0018131693359464407 5.4381561279296875 0 -0.014013293199241161 5.438779354095459 0
          -0.02838936448097229 5.444069862365723 0 -0.041245244443416595 5.452494144439697 0
          -0.053508300334215164 5.4635329246521 0 -0.06093066558241844 5.47452974319458 0
          -0.06839561462402344 5.485894680023193 0 -0.07660569250583649 5.498299598693848 0
          0.07318069785833359 0.5407432913780212 0 0.07312344759702682 0.5617376565933228 0
          0.07348927110433578 0.582513153553009 0 0.07354941964149475 0.6023455858230591 0
          0.07293781638145447 0.6205883622169495 0 0.07094666361808777 0.6355776786804199 0
          0.06703361123800278 0.6453754305839539 0 0.06044171005487442 0.6457961201667786 0
          0.04884506016969681 0.6337791681289673 0 0.03288590908050537 0.6084226965904236 0
          0.014103434048593044 0.5667284727096558 0 -0.009454051032662392 0.5040851831436157 0
          -0.03744450584053993 0.4171358048915863 0 -0.07039830088615417 0.305562287569046 0
          -0.1054161861538887 0.17217199504375458 0 -0.13813669979572296 0.0235661081969738 0
          -0.16306842863559723 -0.13199248909950256 0 -0.1750563383102417 -0.2821342945098877 0
          -0.17405104637145996 -0.41240042448043823 0 -0.16605734825134277 -0.5029615163803101 0
          -0.1613234430551529 -0.5270181894302368 0 -0.18144948780536652 -0.44567716121673584 0
          -0.26898008584976196 0.09255453199148178 0 -0.21444456279277802 0.9155054688453674 0
          0.5307960510253906 1.7368441820144653 0 1.4646470546722412 2.107038974761963 0
          1.5573958158493042 2.3890483379364014 0 1.445054054260254 2.681934118270874 0
          1.2715485095977783 3.0174577236175537 0 1.0581458806991577 3.404667854309082 0
          0.8405314087867737 3.803116798400879 0 0.657468855381012 4.148436546325684 0
          0.5228356719017029 4.414485931396484 0 0.4323938488960266 4.613392353057861 0
          0.3846855163574219 4.771104335784912 0 0.3763206899166107 4.9155707359313965 0
          0.4079951047897339 5.078283309936523 0 0.4738428592681885 5.349352836608887 0
          0.5266692042350769 5.70156717300415 0 0.5454155206680298 6.079578399658203 0
          0.5320579409599304 6.439704895019531 0 0.49432075023651123 6.758673667907715 0
          0.4425060451030731 7.028212070465088 0 0.38517704606056213 7.248924732208252 0
          0.3286309540271759 7.425821304321289 0 0.27758023142814636 7.565428256988525 0
          0.23537848889827728 7.674159049987793 0 0.20242001116275787 7.7571611404418945 0
          0.17263033986091614 7.821310520172119 0 0.14674995839595795 7.871082782745361 0
          0.12474603205919266 7.909678936004639 0 0.10644953697919846 7.939520835876465 0
          0.09148931503295898 7.962578296661377 0 0.07948131114244461 7.980620861053467 0
          0.06995889544487 7.995129108428955 0 0.06236866116523743 8.00733757019043 0
          0.056053437292575836 8.018242835998535 0 0.050368957221508026 8.02838134765625 0
          0.04464927315711975 8.03777027130127 0 0.038578521460294724 8.045512199401855 0
          0.03233172371983528 8.04956340789795 0 0.026985159143805504 8.046351432800293 0
          0.019721196964383125 8.037649154663086 0 0.013176905922591686 8.022788047790527 0
          0.0062382882460951805 8.002901077270508 0 -0.0011463196715340018 7.979296684265137 0
          -0.00764917116612196 7.951857566833496 0 -0.015874085947871208 7.924710750579834 0
          -0.02195287123322487 7.896639823913574 0 -0.025850072503089905 7.865688800811768 0
          0 0.5459228157997131 0 0 0.5720997452735901 0
          0 0.5986483693122864 0 0 0.6256495714187622 0
          0 0.652715802192688 0 0 0.6793705224990845 0
          0 0.7045587301254272 0 0 0.7267342805862427 0
          0 0.7423394918441772 0 0 0.7480556964874268 0
          0 0.7414378523826599 0 0 0.7216013073921204 0
          0 0.683847963809967 0 0 0.626002311706543 0
          0 0.54581218957901 0 0 0.4448433518409729 0
          0 0.32843613624572754 0 0 0.20536915957927704 0
          0 0.0841752290725708 0 0 -0.031312283128499985 0
          0 -0.1438562124967575 0 0 -0.2689770460128784 0
          0 -0.4514920711517334 0 0 -0.34633955359458923 0
          0 -0.01747875101864338 0 0 0.9598103761672974 0
          0 1.931225061416626 0 0 2.8167107105255127 0
          0 3.5982308387756348 0 0 4.261186599731445 0
          0 4.800609588623047 0 0 5.2329487800598145 0
          0 5.583291053771973 0 0 5.87677526473999 0
          0 6.139761924743652 0 0 6.397615432739258 0
          0 6.6766767501831055 0 0 6.999643325805664 0
          0 7.357793807983398 0 0 7.728365898132324 0
          0 8.089956283569336 0 0 8.426294326782227 0
          0 8.727980613708496 0 0 8.991344451904297 0
          0 9.216913223266602 0 0 9.408329010009766 0
          0 9.571497917175293 0 0 9.712428092956543 0
          0 9.833545684814453 0 0 9.937313079833984 0
          0 10.026324272155762 0 0 10.103055000305176 0
          0 10.169734954833984 0 0 10.228338241577148 0
          0 10.280524253845215 0 0 10.327585220336914 0
          0 10.370375633239746 0 0 10.409317016601562 0
          0 10.444389343261719 0 0 10.475358963012695 0
          0 10.502111434936523 0 0 10.525247573852539 0
          0 10.543488502502441 0 0 10.557315826416016 0
          0 10.566463470458984 0 0 10.570631980895996 0
          0 10.57041072845459 0 0 10.564644813537598 0
          0 10.554762840270996 0 0 10.542214393615723 0
          <InformationKey name="L2_NORM_RANGE" location="vtkDataArray" length="2">
            <Value index="0">
              0.014499325989
            </Value>
            <Value index="1">
              10.725117689
            </Value>
          </InformationKey>
        </DataArray>
        <DataArray type="Float32" Name="Solids_Velocity_1" NumberOfComponents="3" format="ascii" RangeMin="0" RangeMax="10.358725547790527">
          0.0027649891562759876 -0.0018148927483707666 0 -0.0000992993445834145 -0.0016420225147157907 0
          -0.00646323012188077 0.0029138356912881136 0 -0.01743432693183422 0.014908425509929657 0
          -0.034057214856147766 0.03776397556066513 0 -0.0850670263171196 0.1647544652223587 0
          -0.12943881750106812 0.42725667357444763 0 -0.17826125025749207 0.7228204011917114 0
          -0.15493334829807281 1.059997320175171 0 -0.08699622750282288 1.4441015720367432 0
          -0.08552391082048416 1.6631736755371094 0 -0.1433364897966385 1.8787143230438232 0
          -0.2824932634830475 2.011368751525879 0 -0.39558738470077515 1.7424513101577759 0
          -0.3910597562789917 2.128693103790283 0 -0.469074547290802 2.7588584423065186 0
          -0.6202065944671631 3.377041816711426 0 -0.5801603198051453 3.1767075061798096 0
          -0.3706744611263275 3.043233633041382 0 -0.2268097847700119 3.0654215812683105 0
          -0.0543980598449707 3.175049304962158 0 0.1564333140850067 3.2769436836242676 0
          0.3554944694042206 3.3028788566589355 0 0.5161147117614746 3.2279553413391113 0
          0.6343892216682434 3.0640242099761963 0 0.712164044380188 2.8313846588134766 0
          0.7509238719940186 2.5475869178771973 0 0.749902606010437 2.221938133239746 0
          0.7081047296524048 1.8537015914916992 0 0.6341530084609985 1.4628574848175049 0
          0.5620485544204712 1.0590343475341797 0 0.5300132036209106 0.6475763916969299 0
          0.5298945307731628 0.2711305320262909 0 0.7060601115226746 -1.396622657775879 0
          0.6162760853767395 -2.0268938541412354 0 0.6169301271438599 -2.0268778800964355 0
          0.6165770292282104 -1.996057391166687 0 0.5621249079704285 -1.9547560214996338 0
          0.5121573209762573 -1.6547770500183105 0 1.9835867881774902 -0.33840709924697876 0
          0.06679097563028336 -0.00015338804223574698 0 0 0 0
          0 0 0 0 0 0
          0 0 0 0 0 0
          0 0 0 0 0 0
          0 0 0 0 0 0
          0 0 0 0 0 0
          0 0 0 0 0 0
          0 0 0 0 0 0
          0 0 0 0 0 0
          0 0 0 0 0 0
          0 0 0 0 0 0
          0 0 0 0 0 0
          0 0 0 0 0 0
          0 0 0 0 0 0
          0 0 0 0 0 0
          -0.003113346640020609 0.003960947040468454 0 -0.008003532886505127 0.009347529150545597 0
          -0.018157513812184334 0.017406076192855835 0 -0.03438069298863411 0.029160136356949806 0
          -0.058564431965351105 0.046258069574832916 0 -0.0956512838602066 0.07551724463701248 0
          -0.1516563445329666 0.2493746429681778 0 -0.21457836031913757 0.3783217966556549 0
          -0.2503708302974701 0.23270556330680847 0 -0.2905617654323578 0.3833187520503998 0
          -0.35463011264801025 0.5357063412666321 0 -0.4380567669868469 0.6882959604263306 0
          -0.5345098376274109 0.7524480819702148 0 -0.6017876863479614 0.8774552941322327 0
          -0.6561208367347717 1.1228023767471313 0 -0.7495085597038269 1.3356486558914185 0
          -0.8684604167938232 1.6214219331741333 0 -1.065829873085022 1.0777487754821777 0
          -0.4779116213321686 1.0441738367080688 0 0.008319872431457043 1.0932070016860962 0
          0.2611779570579529 1.148091197013855 0 0.46190086007118225 1.201339602470398 0
          0.6503914594650269 1.2577252388000488 0 0.821632981300354 1.305673360824585 0
          0.9625037908554077 1.3327049016952515 0 1.0637707710266113 1.3300210237503052 0
          1.1203631162643433 1.288981556892395 0 1.1277409791946411 1.1989524364471436 0
          1.088059425354004 1.0451241731643677 0 1.0146565437316895 0.8191409707069397 0
          0.9563587307929993 0.5047045946121216 0 1.0254549980163574 0.11899036169052124 0
          0.979560136795044 -0.5658328533172607 0 0.8791508674621582 -1.8329716920852661 0
          0.9856615662574768 -2.029311180114746 0 0.9865185618400574 -2.029062032699585 0
          0.9658382534980774 -2.0050508975982666 0 0.9364323019981384 -0.00007992957398528233 0
          1.3433698597964394e-7 -1.6411229372024536 0 1.0097097158432007 -0.0000048071728997456376 0
          1.3863393988344797e-8 -3.874167120443417e-8 0 0 0 0
          0 0 0 0 0 0
          0 0 0 0 0 0
          0 0 0 0 0 0
          0 0 0 0 0 0
          0 0 0 0 0 0
          0 0 0 0 0 0
          0 0 0 0 0 0
          0 0 0 0 0 0
          0 0 0 0 0 0
          0 0 0 0 0 0
          0 0 0 0 0 0
          0 0 0 0 0 0
          0 0 0 0 0 0
          0 0 0 0 0 0
          -0.011389183811843395 0.005610726773738861 0 -0.01750851795077324 0.012106715701520443 0
          -0.03015005588531494 0.020392220467329025 0 -0.05023469403386116 0.03144354000687599 0
          -0.07945814728736877 0.04618925228714943 0 -0.12051419913768768 0.06390814483165741 0
          -0.1747848242521286 0.07357031852006912 0 -0.2511105537414551 0.10625839978456497 0
          -0.3050202429294586 0.166253462433815 0 -0.3613775670528412 0.23520192503929138 0
          -0.42440465092658997 0.30335184931755066 0 -0.5081772804260254 0.3624059855937958 0
          -0.5997843146324158 0.38685476779937744 0 -0.6686604022979736 0.39499273896217346 0
          -0.7081761956214905 0.4474104642868042 0 -0.751262903213501 0.48742368817329407 0
          -0.7887585759162903 0.4675654172897339 0 -0.7884217500686646 0.4000852108001709 0
          -0.6295932531356812 0.06224115565419197 0 -0.23880545794963837 0.08307264000177383 0
          0.12366148084402084 0.19400139153003693 0 0.43401673436164856 0.31834444403648376 0
          0.7130458950996399 0.429686039686203 0 0.9596718549728394 0.5216434001922607 0
          1.161543607711792 0.5876972675323486 0 1.3050514459609985 0.6252877712249756 0
          1.3841220140457153 0.6286402940750122 0 1.4019691944122314 0.5836318135261536 0
          1.3676918745040894 0.46825549006462097 0 1.3564242124557495 0.24181853234767914 0
          1.3863388299942017 -0.09835235029459 0 1.2785634994506836 -0.5142712593078613 0
          1.1162383556365967 -1.3137506246566772 0 1.0441116094589233 -2.0607399940490723 0
          1.2802907228469849 -1.9234213829040527 0 1.2809181213378906 -1.9230701923370361 0
          1.3082512617111206 -1.9650112390518188 0 1.2456578016281128 -0.00004240586349624209 0
          5.3058197835298415e-8 -1.6517784595489502 0 0.23527933657169342 -0.0000012718037396552972 0
          1.6141568352159514e-18 -1.8546911345765978e-18 0 0 0 0
          0 0 0 0 0 0
          0 0 0 0 0 0
          0 0 0 0 0 0
          0 0 0 0 0 0
          0 0 0 -1.1192265019376915e-28 0 0
          -3.4051552683093055e-43 0 0 0 0 0
          0 0 0 0 0 0
          0 0 0 0 0 0
          0 0 0 0 0 0
          0 0 0 0 0 0
          0 0 0 0 0 0
          -5.2733417880360474e-27 0 0 -5.55376442943542e-26 0 0
          -2.8285470573314464e-25 0 0 -1.1198914943474234e-24 0 0
          -4.6692945192739464e-24 0 0 -1.8368930678380675e-23 -4.310238532133597e-39 0
          -0.01611809991300106 0.0033378298394382 0 -0.022618846967816353 0.006988884881138802 0
          -0.036011915653944016 0.011257250793278217 0 -0.057057078927755356 0.016363080590963364 0
          -0.08684124797582626 0.022069798782467842 0 -0.12651437520980835 0.027126837521791458 0
          -0.17605923116207123 0.02932741306722164 0 -0.2534216344356537 0.05450399965047836 0
          -0.32477954030036926 0.08592893183231354 0 -0.37497901916503906 0.11336904019117355 0
          -0.4328155815601349 0.14219264686107635 0 -0.510980486869812 0.1644597202539444 0
          -0.5979486107826233 0.17371974885463715 0 -0.6750571727752686 0.17096950113773346 0
          -0.7284468412399292 0.16780607402324677 0 -0.7555906772613525 0.1629553884267807 0
          -0.752636730670929 0.14360783994197845 0 -0.7043832540512085 0.07317853718996048 0
          -0.5863906741142273 0.025514554232358932 0 -0.25603941082954407 -0.1576744168996811 0
          0.03800565376877785 -0.12957467138767242 0 0.3917659819126129 -0.06304948776960373 0
          0.7489439249038696 0.012591018341481686 0 1.078338623046875 0.07095584273338318 0
          1.34932541847229 0.09823118895292282 0 1.4965708255767822 0.12257720530033112 0
          1.5932165384292603 0.10681555420160294 0 1.6398301124572754 0.01614249125123024 0
          1.6429274082183838 -0.1522001028060913 0 1.5964902639389038 -0.358157753944397 0
          1.4918228387832642 -0.698595404624939 0 1.3331679105758667 -1.174310564994812 0
          1.194533109664917 -1.824264407157898 0 1.2579505443572998 -2.064864158630371 0
          1.4679481983184814 -1.9711769819259644 0 1.4682250022888184 -1.9708225727081299 0
          1.4383736848831177 -1.8705601692199707 0 1.341701626777649 -0.0000022772030661144527 0
          0.000006259911970118992 -2.479091376628162e-10 0 4.493017069506777e-9 -4.724921565113505e-10 0
          1.0347347887216265e-21 -2.6918761330879374e-39 0 1.401298464324817e-45 0 0
          0 0 0 0 0 0
          0 0 0 0 0 0
          0 0 0 0 0 0
          0 0 0 0 0 0
          0 -4.606646316973011e-26 0 -8.440267256805412e-14 -4.607500197273155e-26 0
          -1.0886485267719184e-20 -4.647686616626121e-41 0 -1.9098177659913464e-38 0 0
          0 0 0 -5.605193857299268e-45 0 0
          -2.284116496849452e-43 0 0 -4.203895392974451e-45 0 0
          0 0 0 0 0 0
          0 0 0 0 0 0
          0 0 0 -1.5414283107572988e-44 -4.16229292523511e-25 0
          -8.716831510074963e-13 -4.345374032093905e-24 0 -2.8117438932717675e-12 -2.1857049564770907e-23 0
          -6.280934539831806e-12 -8.116638447650752e-23 0 -1.2374375829571349e-11 -2.971468383576534e-22 0
          -2.5215303803283184e-11 -1.0639066378047588e-21 0 -5.070223407788177e-11 -2.442208241479329e-17 0
          -0.015148461796343327 -0.0003685110423248261 0 -0.02117786929011345 -0.0010009858524426818 0
          -0.03357577696442604 -0.0021992323454469442 0 -0.052943598479032516 -0.004364573396742344 0
          -0.08008185774087906 -0.008120574057102203 0 -0.1157798320055008 -0.014289863407611847 0
          -0.16038085520267487 -0.023481721058487892 0 -0.20997199416160583 -0.01579713448882103 0
          -0.30592697858810425 -0.00820500124245882 0 -0.34859779477119446 -0.0017115180380642414 0
          -0.4017852246761322 -0.0005850195302627981 0 -0.4742227792739868 -0.007409959100186825 0
          -0.5570213794708252 -0.022517813369631767 0 -0.6358550190925598 -0.044432733207941055 0
          -0.6960930824279785 -0.06990724802017212 0 -0.7254815697669983 -0.09571675211191177 0
          -0.7149229645729065 -0.12074561417102814 0 -0.6607838273048401 -0.13672874867916107 0
          -0.5749614238739014 -0.12547098100185394 0 -0.34297975897789 -0.3000746965408325 0
          0.09513648599386215 -0.31962233781814575 0 0.5083791017532349 -0.33892303705215454 0
          0.911425769329071 -0.3646163046360016 0 1.23251211643219 -0.3751583695411682 0
          1.504654049873352 -0.3668634295463562 0 1.6540497541427612 -0.4005618095397949 0
          1.7470189332962036 -0.464698851108551 0 1.773012399673462 -0.5592454671859741 0
          1.721808910369873 -0.700933039188385 0 1.6103614568710327 -0.9378479719161987 0
          1.4864170551300049 -1.2822779417037964 0 1.3552206754684448 -1.720119595527649 0
          1.3157010078430176 -2.064913034439087 0 1.4074773788452148 -1.8809882402420044 0
          1.4376670122146606 -1.9257956743240356 0 1.4375382661819458 -1.9254703521728516 0
          1.4158658981323242 -1.654770851135254 0 1.2345951795578003 -1.3282541036605835 0
          0.9391928315162659 0.008985212072730064 0 5.477375775164717e-10 2.0805313027949524e-10 0
          0.000006544605639646761 4.834324914843779e-22 0 9.02271590774717e-9 1.401298464324817e-45 0
          1.0365695972970978e-18 0 0 8.559896129057504e-39 0 0
          0 0 0 0 0 0
          0 0 0 0 0 0
          0 0 0 0 0 0
          0 3.0204449510094766e-14 0 -0.0003066503850277513 -1.4125872238417159e-13 0
          -2.0603958539311407e-9 9.772293783294604e-22 0 -3.580804901147647e-18 7.147513393879878e-39 0
          -2.00581595554975e-23 2.802596928649634e-45 0 -1.7765900853078363e-21 1.6675451725465323e-43 0
          -1.0456721318645271e-20 1.807675018979014e-43 0 -1.2788908992021299e-21 2.802596928649634e-45 0
          -1.3652235085033809e-22 1.401298464324817e-45 0 -4.829882050225574e-22 1.401298464324817e-45 0
          -3.567091436067545e-22 0 0 -2.287551979605353e-22 0 0
          -2.6299065053097265e-22 1.1210387714598537e-44 0 -2.667564175326532e-21 7.110198389261024e-13 0
          -0.01429862529039383 3.3958981460191495e-12 0 -0.014682206325232983 1.0057331703561267e-11 0
          -0.01496005430817604 2.5195063049765487e-11 0 -0.014899710193276405 6.047453510182876e-11 0
          -0.01547110453248024 1.402425398033813e-10 0 -0.015268472023308277 2.2621808593026316e-10 0
          -0.009489207528531551 -0.0034451098181307316 0 -0.014352105557918549 -0.007634436711668968 0
          -0.02434270828962326 -0.013351179659366608 0 -0.03997737169265747 -0.021468229591846466 0
          -0.061908554285764694 -0.03291937708854675 0 -0.09096485376358032 -0.04861638322472572 0
          -0.137869730591774 -0.07201943546533585 0 -0.18874762952327728 -0.0872807428240776 0
          -0.252206414937973 -0.08988026529550552 0 -0.2934996485710144 -0.09900486469268799 0
          -0.3402101993560791 -0.12037808448076248 0 -0.40349018573760986 -0.15469048917293549 0
          -0.4781912863254547 -0.1995670199394226 0 -0.5527412295341492 -0.2510184049606323 0
          -0.613093912601471 -0.3043241500854492 0 -0.6455121040344238 -0.3531801700592041 0
          -0.6392809152603149 -0.391438364982605 0 -0.588814377784729 -0.41982102394104004 0
          -0.4902838170528412 -0.47138795256614685 0 -0.3472360670566559 -0.48307693004608154 0
          -0.059657420963048935 -0.6204335689544678 0 0.6034087538719177 -0.7009153962135315 0
          1.0531599521636963 -0.797355592250824 0 1.376185655593872 -0.8373439311981201 0
          1.6181397438049316 -0.8589956164360046 0 1.7329853773117065 -0.91119784116745 0
          1.7804151773452759 -0.9802478551864624 0 1.758100152015686 -1.0784090757369995 0
          1.6798853874206543 -1.2356606721878052 0 1.5745737552642822 -1.4743579626083374 0
          1.4712718725204468 -1.7672004699707031 0 1.4010227918624878 -2.0117790699005127 0
          1.4038118124008179 -1.9266109466552734 0 1.3831942081451416 -1.4645988941192627 0
          1.2753304243087769 -1.3210270404815674 0 1.31028151512146 -1.383178949356079 0
          1.3535062074661255 -1.0662016868591309 0 0.9741111993789673 0.003569201799109578 0
          0.0005430325982160866 3.392778324950996e-8 0 0.00027464437880553305 0.000006377032605087152 0
          1.3867708444595337 0.1359461098909378 0 0.00007573999027954414 1.2719154618423545e-8 0
          0.00006887681956868619 1.9776035561570773e-18 0 0.00017756715533323586 2.2662834324626078e-38 0
          0.0005191727541387081 0 0 0.00032121321419253945 0 0
          0.000010032424142991658 0 0 1.3062155523879682e-10 0 0
          2.068003028222462e-21 0 0 3.3210773604498165e-43 0 0
          0 0.00003489304071990773 0 0.004699137061834335 0.2196604460477829 0
          1.0375820203023522e-9 9.168357451017073e-8 0 -4.431307317614985e-12 1.0333404909808439e-16 0
          -2.97818714134479e-11 5.1289841175710523e-20 0 -3.373953894048043e-10 4.0268147420755865e-19 0
          -8.871196000015402e-10 4.0459231312134443e-19 0 -3.228519118714246e-10 6.317686924897222e-20 0
          -1.0751750878501554e-10 4.662144705596291e-20 0 -2.0247017951113833e-10 7.204168632552059e-20 0
          -1.7145102004789692e-10 5.3883640469781e-20 0 -1.3602394210998625e-10 3.93451527976402e-20 0
          -1.4840616235911597e-10 1.6991164783830905e-19 0 -4.920083784831775e-10 6.868705213491921e-7 0
          -1.1888160678097393e-8 0.5760304927825928 0 -3.885407551251774e-8 0.6160192489624023 0
          -9.295952452248457e-8 0.6417636275291443 0 -1.9828210895411758e-7 0.6573554277420044 0
          -4.056816464981239e-7 0.6629488468170166 0 -0.04227522760629654 0.6546410322189331 0
          -0.0019909683614969254 -0.004686335567384958 0 -0.005253673531115055 -0.01039789617061615 0
          -0.012013164348900318 -0.01827068440616131 0 -0.022601619362831116 -0.02941167913377285 0
          -0.037647947669029236 -0.0451410710811615 0 -0.05783902108669281 -0.06664841622114182 0
          -0.09081000834703445 -0.0986815094947815 0 -0.12714023888111115 -0.12092620134353638 0
          -0.19446873664855957 -0.14131365716457367 0 -0.22411400079727173 -0.16460397839546204 0
          -0.25771161913871765 -0.20339764654636383 0 -0.3050573468208313 -0.26062124967575073 0
          -0.3645918369293213 -0.3339206874370575 0 -0.42847782373428345 -0.4176589250564575 0
          -0.48431989550590515 -0.5049842000007629 0 -0.5187261700630188 -0.5881086587905884 0
          -0.5195776224136353 -0.6604806780815125 0 -0.4776347875595093 -0.7224100828170776 0
          -0.3891666829586029 -0.779041588306427 0 -0.2785292863845825 -0.8036789298057556 0
          -0.11757276952266693 -0.7486061453819275 0 0.3250545859336853 -1.0235005617141724 0
          1.079744577407837 -1.1910454034805298 0 1.4677525758743286 -1.2540576457977295 0
          1.6661477088928223 -1.2857298851013184 0 1.7351539134979248 -1.3377853631973267 0
          1.7410308122634888 -1.412075161933899 0 1.6965237855911255 -1.5167537927627563 0
          1.6173194646835327 -1.6599258184432983 0 1.5268776416778564 -1.826312780380249 0
          1.4487910270690918 -1.9194046258926392 0 1.3800127506256104 -1.7696832418441772 0
          1.2967532873153687 -1.2494338750839233 0 1.16669499874115 -0.5739773511886597 0
          1.0054172277450562 -0.5733381509780884 0 1.005294680595398 -0.5727919340133667 0
          1.104248046875 1.138494610786438 0 1.1182903051376343 1.4912070035934448 0
          1.7273659706115723 1.689155101776123 0 1.6170474290847778 1.6931551694869995 0
          1.4029450416564941 1.6348562240600586 0 0.9679147005081177 1.4797565937042236 0
          0.5736019015312195 1.3508918285369873 0 0.3041831851005554 1.1592955589294434 0
          0.15491852164268494 0.6657328605651855 0 0.0439358651638031 0.14509455859661102 0
          0.003454433288425207 0.0014682308537885547 0 0.00006636682519456372 1.736392696294331e-9 0
          0.000048651992983650416 3.7211980013662386e-20 0 0.000023825366952223703 8.253647954873173e-42 0
          0.000017253509213333018 3.137800019814563e-9 0 0.00001241362224391196 3.112268442961863e-9 0
          0.000010772457244456746 3.3547224997931835e-9 0 -0.00041899518691934645 8.167376996937037e-9 0
          -0.0006757397786714137 4.5894417155523115e-8 0 -0.005832063965499401 1.4958828842281946e-7 0
          -0.015048454515635967 1.5475997372504935e-7 0 -0.0073619140312075615 6.645352357281809e-8 0
          -0.003295938717201352 6.94903761200294e-8 0 -0.007524531334638596 9.953416935104542e-8 0
          -0.006561708636581898 8.881135471483503e-8 0 -0.005614487919956446 7.306977067855769e-8 0
          -0.0047771502286195755 1.1957855861055577e-7 0 -0.011602218262851238 2.7367249799681304e-7 0
          -0.023608051240444183 4.087596892077272e-7 0 -0.02594253607094288 3.4661019299164764e-7 0
          -0.013937998563051224 1.9717003851837944e-7 0 -0.007387715857475996 2.7896911092284427e-7 0
          -0.02040572464466095 0.000018316028217668645 0 -0.030889127403497696 1.4776852130889893 0
          0.0038674091920256615 -0.003627234138548374 0 0.002222216920927167 -0.008370683528482914 0
          -0.0011501539265736938 -0.015304266475141048 0 -0.0065511539578437805 -0.02579890750348568 0
          -0.014240645803511143 -0.041134610772132874 0 -0.02480851300060749 -0.06298651546239853 0
          -0.038885049521923065 -0.09293395280838013 0 -0.07523612678050995 -0.144637793302536 0
          -0.11729273200035095 -0.16653820872306824 0 -0.15522927045822144 -0.19152836501598358 0
          -0.17293678224086761 -0.2345372885465622 0 -0.1975211203098297 -0.30002227425575256 0
          -0.23123596608638763 -0.38918542861938477 0 -0.27443206310272217 -0.49760332703590393 0
          -0.3182007074356079 -0.6165421009063721 0 -0.35125651955604553 -0.7362765073776245 0
          -0.3634970784187317 -0.8467855453491211 0 -0.3477801978588104 -0.937899649143219 0
          -0.30187633633613586 -0.994968831539154 0 -0.2302951067686081 -1.0185306072235107 0
          -0.13508795201778412 -1.009912133216858 0 -0.018113572150468826 -1.0047283172607422 0
          0.5790802836418152 -1.5088731050491333 0 1.3308217525482178 -1.5075541734695435 0
          1.6479390859603882 -1.55104398727417 0 1.6846734285354614 -1.5892900228500366 0
          1.6614394187927246 -1.6430474519729614 0 1.6046092510223389 -1.6966742277145386 0
          1.5264713764190674 -1.7173956632614136 0 1.4328371286392212 -1.6276775598526 0
          1.3175195455551147 -1.2862745523452759 0 1.169268012046814 -0.6130121946334839 0
          1.007509469985962 0.25719860196113586 0 0.8645397424697876 1.0594755411148071 0
          0.7625351548194885 1.916990041732788 0 0.855590283870697 1.1305898427963257 0
          1.021530270576477 1.533358097076416 0 0.9857891201972961 1.572495698928833 0
          0.8442612886428833 2.6143085956573486 0 1.1089149713516235 3.5212786197662354 0
          1.1900970935821533 3.8066070079803467 0 1.1249855756759644 4.1837477684021 0
          0.9867454171180725 4.397244930267334 0 0.8191317319869995 4.592934608459473 0
          0.6570730805397034 4.631446838378906 0 0.5122237205505371 4.698297500610352 0
          0.38947805762290955 4.896503448486328 0 0.2923106849193573 4.933110237121582 0
          0.21454307436943054 4.915083408355713 0 0.1496753841638565 6.0831475257873535 0
          0.10411575436592102 6.346573829650879 0 0.07452508807182312 5.080704689025879 0
          0.049900732934474945 4.9329986572265625 0 0.029530059546232224 5.020106315612793 0
          0.015148099511861801 5.2510528564453125 0 0.005896858870983124 5.021091461181641 0
          -0.001493775867857039 4.6559648513793945 0 -0.0095923887565732 5.214847087860107 0
          -0.014000573195517063 5.460287094116211 0 -0.016515888273715973 5.153719902038574 0
          -0.018861349672079086 4.63762903213501 0 -0.02134341187775135 5.428684711456299 0
          -0.023028073832392693 5.528987884521484 0 -0.02520006336271763 5.748703479766846 0
          -0.025628022849559784 5.63016414642334 0 -0.025952287018299103 5.625765800476074 0
          -0.02593093365430832 5.63115930557251 0 -0.02353227511048317 5.633666515350342 0
          -0.024871977046132088 5.606025218963623 0 -0.024762973189353943 5.616610050201416 0
          0.004765248391777277 -0.0004030499840155244 0 0.004371663089841604 -0.0016054942971095443 0
          0.0035092835314571857 -0.004605557769536972 0 0.002159988274797797 -0.010260854847729206 0
          0.00013292497897055 -0.019876938313245773 0 -0.002666051499545574 -0.03469548746943474 0
          -0.006557735614478588 -0.056466080248355865 0 -0.011928596533834934 -0.08707890659570694 0
          -0.04163743928074837 -0.15052439272403717 0 -0.07785097509622574 -0.1770990639925003 0
          -0.09113466739654541 -0.21236160397529602 0 -0.10877382010221481 -0.25787776708602905 0
          -0.11308087408542633 -0.3249611258506775 0 -0.12254095077514648 -0.42514073848724365 0
          -0.13861234486103058 -0.5508069396018982 0 -0.1561703085899353 -0.6895484328269958 0
          -0.1677841693162918 -0.8282468914985657 0 -0.16830338537693024 -0.9532430768013 0
          -0.1567154824733734 -1.0490096807479858 0 -0.13495908677577972 -1.1022363901138306 0
          -0.10813171416521072 -1.106953501701355 0 -0.09492893517017365 -1.022837519645691 0
          -0.1814941018819809 -1.287561297416687 0 0.28094708919525146 -1.7320915460586548 0
          1.1373624801635742 -1.5424524545669556 0 1.4520673751831055 -1.5004900693893433 0
          1.4631084203720093 -1.4247978925704956 0 1.402247667312622 -1.272767186164856 0
          1.3044681549072266 -0.9552129507064819 0 1.1708754301071167 -0.36835604906082153 0
          1.005407691001892 0.5767043828964233 0 0.8445876240730286 1.7160135507583618 0
          0.7023493647575378 2.7519946098327637 0 0.5907659530639648 3.4946115016937256 0
          0.5196470618247986 4.406897068023682 0 0.4848596453666687 5.090305805206299 0
          0.4802989363670349 6.145053863525391 0 0.4978921413421631 6.485764503479004 0
          0.40752744674682617 6.826179027557373 0 0.00035298860166221857 7.172426223754883 0
          0.00033064201124943793 7.516547203063965 0 0.0002952778886537999 7.849072456359863 0
          0.00025442836340516806 8.16610336303711 0 0.0004163603880442679 8.349780082702637 0
          0.0002145706966985017 8.361995697021484 0 0.009772040881216526 8.311594009399414 0
          0.11918047815561295 8.638669967651367 0 0.0850205346941948 8.77672290802002 0
          0.06194259598851204 8.876529693603516 0 0.043382395058870316 8.95393180847168 0
          0.029036546126008034 9.02841854095459 0 0.017916854470968246 9.069228172302246 0
          0.009598448872566223 9.111673355102539 0 0.0033320379443466663 9.143390655517578 0
          -0.0015602915082126856 9.160202980041504 0 -0.005345180165022612 9.173956871032715 0
          -0.008070322684943676 9.198127746582031 0 -0.010352510958909988 9.20470905303955 0
          -0.012511921115219593 9.218231201171875 0 -0.013883635401725769 9.221991539001465 0
          -0.015567046590149403 9.216157913208008 0 -0.034200411289930344 7.782800674438477 0
          -0.016863007098436356 9.312613487243652 0 -0.01972942240536213 9.26846981048584 0
          -0.02120506763458252 9.257283210754395 0 -0.022169342264533043 9.250636100769043 0
          -0.03964725509285927 7.744735240936279 0 -0.021042687818408012 9.331524848937988 0
          -0.02274336665868759 9.27166748046875 0 -0.03887413069605827 7.719017505645752 0
          0 0.003350943559780717 0 0 0.006399158854037523 0
          0 0.008854289539158344 0 0 0.010269945487380028 0
          0 0.010254418477416039 0 0 0.008178853429853916 0
          0 0.0033683835063129663 0 0 -0.0052068643271923065 0
          0 -0.01899092085659504 0 0 -0.04274614155292511 0
          0 -0.06893181055784225 0 0 -0.09299678355455399 0
          0 -0.11403510719537735 0 0 -0.14984075725078583 0
          0 -0.20674563944339752 0 0 -0.2845025956630707 0
          0 -0.37591955065727234 0 0 -0.47142109274864197 0
          0 -0.562154233455658 0 0 -0.6411001086235046 0
          0 -0.7021235227584839 0 0 -0.751889169216156 0
          0 -0.8329786658287048 0 0 -1.4033786058425903 0
          0 -2.1665382385253906 0 0 -1.9447144269943237 0
          0 -1.6768370866775513 0 0 -1.2558956146240234 0
          0 -0.6361790895462036 0 0 0.24659760296344757 0
          0 1.4241424798965454 0 0 2.683718681335449 0
          0 3.820578098297119 0 0 4.690285682678223 0
          0 5.3188652992248535 0 0 5.77358865737915 0
          0 6.145543575286865 0 0 6.486313819885254 0
          0 6.826715469360352 0 0 7.172937393188477 0
          0 7.517038345336914 0 0 7.849560737609863 0
          0 8.16659927368164 0 0 8.365046501159668 0
          0 8.360586166381836 0 0 8.363329887390137 0
          0 8.378671646118164 0 0 10.085653305053711 0
          0 10.169489860534668 0 0 10.237460136413574 0
          0 10.27890396118164 0 0 10.31279468536377 0
          0 10.334383010864258 0 0 10.34548568725586 0
          0 10.350492477416992 0 0 10.358725547790527 0
          0 10.350197792053223 0 0 10.352941513061523 0
          0 10.330872535705566 0 0 10.325078010559082 0
          0 10.317926406860352 0 0 10.299671173095703 0
          0 10.295670509338379 0 0 10.267876625061035 0
          0 10.25532341003418 0 0 10.24262809753418 0
          0 10.196246147155762 0 0 10.18150520324707 0
          0 10.166433334350586 0 0 10.1510648727417 0
          <InformationKey name="L2_NORM_RANGE" location="vtkDataArray" length="2">
            <Value index="0">
              0
            </Value>
            <Value index="1">
              10.358725548
            </Value>
          </InformationKey>
        </DataArray>
        <DataArray type="Float32" Name="Solids_Velocity_2" NumberOfComponents="3" format="ascii" RangeMin="0" RangeMax="3.6409734732850447">
          0.0027660655323415995 -0.001815645839087665 0 -0.00009935509297065437 -0.0016427206574007869 0
          -0.006467277184128761 0.0029177414253354073 0 -0.017450422048568726 0.01493921596556902 0
          -0.03407613933086395 0.03805845230817795 0 -0.053549956530332565 0.07351884990930557 0
          -0.1456027328968048 0.2634410560131073 0 -0.19071337580680847 0.49406957626342773 0
          -0.1806509643793106 0.7822976112365723 0 -0.14921453595161438 1.139926552772522 0
          -0.17531618475914001 1.4055894613265991 0 -0.2444489598274231 1.679061770439148 0
          -0.36108291149139404 1.8661357164382935 0 -0.43793055415153503 1.8971006870269775 0
          -0.45407360792160034 2.2324867248535156 0 -0.5545486211776733 2.6480584144592285 0
          -0.6375548839569092 3.1233086585998535 0 -0.6034882068634033 2.867865800857544 0
          -0.39241716265678406 2.643615245819092 0 -0.1584264189004898 2.553114652633667 0
          0.0656302347779274 2.5470783710479736 0 0.24053341150283813 2.5790822505950928 0
          0.3651617467403412 2.600447416305542 0 0.4538660943508148 2.581470012664795 0
          0.5173534750938416 2.5156548023223877 0 0.5607139468193054 2.4056453704833984 0
          0.5862469673156738 2.2527995109558105 0 0.5951613187789917 2.0494625568389893 0
          0.5876447558403015 1.7743916511535645 0 0.562960147857666 1.4101202487945557 0
          0.5280449390411377 0.9822246432304382 0 0.5015110969543457 0.5590251088142395 0
          0.4928356409072876 0.15122409164905548 0 0.6320353150367737 -1.5735139846801758 0
          0.4124223589897156 -2.7438764572143555 0 0.4245976209640503 -3.154066562652588 0
          0.5097342133522034 -3.6051156520843506 0 0.5099350214004517 -3.6049840450286865 0
          0 0 0 0 0 0
          0 0 0 0 0 0
          0 0 0 0 0 0
          0 0 0 0 0 0
          0 0 0 0 0 0
          0 0 0 0 0 0
          0 0 0 0 0 0
          0 0 0 0 0 0
          0 0 0 0 0 0
          0 0 0 0 0 0
          0 0 0 0 0 0
          0 0 0 0 0 0
          0 0 0 0 0 0
          0 0 0 0 0 0
          0 0 0 0 0 0
          0 0 0 0 0 0
          -0.0031144446693360806 0.003962550777941942 0 -0.008006826974451542 0.009352180175483227 0
          -0.01816674880683422 0.01741774007678032 0 -0.034403976052999496 0.029188096523284912 0
          -0.058595698326826096 0.04625380039215088 0 -0.09573855251073837 0.07548808306455612 0
          -0.1628042459487915 0.08899478614330292 0 -0.21504558622837067 0.1088051050901413 0
          -0.24391405284404755 0.15740041434764862 0 -0.2859605848789215 0.26088747382164 0
          -0.36936795711517334 0.4033038020133972 0 -0.47023841738700867 0.5553725361824036 0
          -0.5829524397850037 0.6822056174278259 0 -0.6733942627906799 0.797744870185852 0
          -0.723543643951416 0.9826424717903137 0 -0.7914389371871948 1.1628718376159668 0
          -0.8876575231552124 1.3437230587005615 0 -0.9661588072776794 0.6891206502914429 0
          -0.369655579328537 0.5166746973991394 0 0.11240465193986893 0.5805094838142395 0
          0.3239469826221466 0.685603141784668 0 0.4796956181526184 0.7917464375495911 0
          0.6104231476783752 0.8989989757537842 0 0.7210559248924255 1.0008089542388916 0
          0.813305139541626 1.0881972312927246 0 0.8864939212799072 1.1517785787582397 0
          0.938097357749939 1.178830862045288 0 0.964371919631958 1.1487367153167725 0
          0.9618825912475586 1.0292270183563232 0 0.9350011348724365 0.7918910980224609 0
          0.9151483774185181 0.44460251927375793 0 0.9672759771347046 0.028883054852485657 0
          0.9206976890563965 -0.6875019669532776 0 0.7050148248672485 -2.1753485202789307 0
          0.5867587327957153 -2.9003384113311768 0 0.6165258884429932 -3.213235855102539 0
          0.7581800818443298 -3.5489397048950195 0 0.7584773302078247 -3.5486996173858643 0
          0 0 0 0 0 0
          0 0 0 0 0 0
          0 0 0 0 0 0
          0 0 0 0 0 0
          0 0 0 0 0 0
          0 0 0 0 0 0
          0 0 0 0 0 0
          0 0 0 0 0 0
          0 0 0 0 0 0
          0 0 0 0 0 0
          0 0 0 0 0 0
          0 0 0 0 0 0
          0 0 0 0 0 0
          0 0 0 0 0 0
          0 0 0 0 0 0
          0 0 0 0 0 0
          -0.011392910964787006 0.005612798500806093 0 -0.017515035346150398 0.012111914344131947 0
          -0.030163148418068886 0.020402992144227028 0 -0.05024112015962601 0.03145575150847435 0
          -0.07949615269899368 0.04615861177444458 0 -0.12058158218860626 0.06385346502065659 0
          -0.174860879778862 0.07349333167076111 0 -0.23069965839385986 0.08602141588926315 0
          -0.2859874963760376 0.11654678732156754 0 -0.3536719083786011 0.1641274392604828 0
          -0.4407555162906647 0.21435412764549255 0 -0.5391173362731934 0.262567400932312 0
          -0.6388483643531799 0.29814231395721436 0 -0.7235042452812195 0.31126725673675537 0
          -0.7790412902832031 0.32461217045783997 0 -0.8139616847038269 0.34513676166534424 0
          -0.8375502228736877 0.3223837912082672 0 -0.7915932536125183 0.19616159796714783 0
          -0.5783239006996155 -0.11685722321271896 0 -0.14609070122241974 -0.13010011613368988 0
          0.1964876800775528 -0.021607672795653343 0 0.464249849319458 0.10760608315467834 0
          0.6846327185630798 0.2385057657957077 0 0.8683156967163086 0.3632464110851288 0
          1.0239343643188477 0.46993640065193176 0 1.1419450044631958 0.5484628677368164 0
          1.2215890884399414 0.5862178206443787 0 1.2634910345077515 0.5620422959327698 0
          1.2734249830245972 0.4422667920589447 0 1.2885009050369263 0.20858576893806458 0
          1.3097227811813354 -0.1834574043750763 0 1.209669589996338 -0.6197106242179871 0
          0.9972594976425171 -1.525763750076294 0 0.7541089057922363 -2.6152868270874023 0
          0.6973942518234253 -3.047306776046753 0 0.7282723188400269 -3.2740225791931152 0
          0.8818106651306152 -3.503702163696289 0 0.8820609450340271 -3.503401756286621 0
          0 0 0 0 0 0
          0 0 0 0 0 0
          0 0 0 0 0 0
          0 0 0 0 0 0
          0 0 0 0 0 0
          0 0 0 0 0 0
          0 0 0 0 0 0
          0 0 0 0 0 0
          0 0 0 0 0 0
          0 0 0 0 0 0
          0 0 0 0 0 0
          0 0 0 0 0 0
          0 0 0 0 0 0
          0 0 0 0 0 0
          0 0 0 0 0 0
          0 0 0 0 0 0
          -0.01612299680709839 0.0033389232121407986 0 -0.02262643352150917 0.006991568487137556 0
          -0.03602564334869385 0.011256235651671886 0 -0.05707158148288727 0.016339337453246117 0
          -0.0868767499923706 0.02202669158577919 0 -0.12655951082706451 0.027074014768004417 0
          -0.17611096799373627 0.02929842472076416 0 -0.23319469392299652 0.03266941383481026 0
          -0.29719477891921997 0.0418977364897728 0 -0.3707786500453949 0.05515898019075394 0
          -0.4550207853317261 0.06690748780965805 0 -0.5461065173149109 0.07393458485603333 0
          -0.6368354558944702 0.07409066706895828 0 -0.7171859741210938 0.06708483397960663 0
          -0.7762119770050049 0.053866688162088394 0 -0.8033317923545837 0.0330309122800827 0
          -0.7871137857437134 -0.011150202713906765 0 -0.7048037648200989 -0.08735017478466034 0
          -0.5257561206817627 -0.13438279926776886 0 -0.2180061638355255 -0.3089875876903534 0
          0.08699187636375427 -0.2837582528591156 0 0.4242013096809387 -0.21851500868797302 0
          0.7397031784057617 -0.13242608308792114 0 1.010425090789795 -0.042928554117679596 0
          1.2260867357254028 0.021780950948596 0 1.3600221872329712 0.07235746830701828 0
          1.4577275514602661 0.07352211326360703 0 1.5168260335922241 -0.012328535318374634 0
          1.5340203046798706 -0.19735626876354218 0 1.5004971027374268 -0.43158668279647827 0
          1.3989180326461792 -0.8143993020057678 0 1.2167911529541016 -1.3541070222854614 0
          0.9847373962402344 -2.1912033557891846 0 0.8079051375389099 -2.932241201400757 0
          0.7642542719841003 -3.178917646408081 0 0.7785085439682007 -3.329167604446411 0
          0.8314934372901917 -3.4153504371643066 0 0.8316283226013184 -3.415043354034424 0
          1.1519623477340701e-8 0 0 3.514136728715287e-19 0 0
          1.9025008860598744e-40 0 0 0 0 0
          0 0 0 0 0 0
          0 0 0 0 0 0
          0 0 0 0 0 0
          0 0 0 0 0 0
          0 0 0 0 0 0
          0 0 0 0 0 0
          0 0 0 0 0 0
          0 0 0 0 0 0
          0 0 0 0 0 0
          0 0 0 0 0 0
          0 0 0 0 0 0
          0 0 0 0 0 0
          0 0 0 0 0 0
          0 0 0 0 0 0
          -0.015152745880186558 -0.0003685808915179223 0 -0.021184401586651802 -0.0010013135615736246 0
          -0.033587437123060226 -0.0022097527980804443 0 -0.05295860022306442 -0.004395530093461275 0
          -0.08010935038328171 -0.008163906633853912 0 -0.11581264436244965 -0.014341124333441257 0
          -0.16043487191200256 -0.023529013618826866 0 -0.21363967657089233 -0.03516445681452751 0
          -0.27598103880882263 -0.04793958738446236 0 -0.3461207449436188 -0.06244127079844475 0
          -0.4247289001941681 -0.08036685734987259 0 -0.5095475316047668 -0.10220224410295486 0
          -0.5950986742973328 -0.1276434063911438 0 -0.6728300452232361 -0.15591774880886078 0
          -0.7319039702415466 -0.18654926121234894 0 -0.7600367069244385 -0.2190379649400711 0
          -0.7441719770431519 -0.25125035643577576 0 -0.6716436147689819 -0.2734467089176178 0
          -0.5380406379699707 -0.28136661648750305 0 -0.2992936968803406 -0.47732728719711304 0
          0.13643163442611694 -0.4912761151790619 0 0.531286358833313 -0.4983566105365753 0
          0.9027137160301208 -0.5058528184890747 0 1.1774017810821533 -0.48866143822669983 0
          1.391221523284912 -0.4473555386066437 0 1.5229382514953613 -0.4627847671508789 0
          1.6069175004959106 -0.521612286567688 0 1.633821725845337 -0.6256216168403625 0
          1.5964075326919556 -0.7939717173576355 0 1.49796724319458 -1.063167929649353 0
          1.3514243364334106 -1.467471957206726 0 1.16706383228302 -2.0253143310546875 0
          0.9700497388839722 -2.715798854827881 0 0.8489241600036621 -3.1522581577301025 0
          0.7985745072364807 -3.2908923625946045 0 0.7888810634613037 -3.379849433898926 0
          0.8104894757270813 -3.397106885910034 0 0.800325334072113 0.0032141769770532846 0
          1.519220660384235e-8 3.2494975599206555e-9 0 4.572561885362108e-19 1.2806639010684134e-19 0
          2.4081033849729116e-40 8.868257461326037e-41 0 0 0 0
          0 0 0 0 0 0
          0 0 0 0 0 0
          0 0 0 0 0 0
          0 0 0 0 0 0
          0 0 0 0 0 0
          0 0 0 0 0 0
          0 0 0 0 0 0
          0 0 0 0 0 0
          0 0 0 0 0 0
          0 0 0 0 0 0
          0 0 0 0 0 0
          0 0 0 0 0 0
          0 0 0 0 0 0
          0 0 0 0 0 0
          -0.009491685777902603 -0.00344600947573781 0 -0.014356570318341255 -0.007637010887265205 0
          -0.024349944666028023 -0.013362445868551731 0 -0.03998985514044762 -0.02150055021047592 0
          -0.06192759424448013 -0.0329640731215477 0 -0.09099013358354568 -0.048690564930438995 0
          -0.1280086636543274 -0.06928393989801407 0 -0.17306581139564514 -0.09518194198608398 0
          -0.22669991850852966 -0.12682627141475677 0 -0.2877373993396759 -0.1640331745147705 0
          -0.3568771779537201 -0.20714615285396576 0 -0.4330297112464905 -0.2556914687156677 0
          -0.5120339393615723 -0.3085595667362213 0 -0.5862365365028381 -0.36420223116874695 0
          -0.6448793411254883 -0.42087987065315247 0 -0.6751633286476135 -0.4762320816516876 0
          -0.6639197468757629 -0.5261215567588806 0 -0.5998331904411316 -0.5653238892555237 0
          -0.47388195991516113 -0.5956616401672363 0 -0.28074926137924194 -0.6258541345596313 0
          0.03006603755056858 -0.7692731618881226 0 0.637563943862915 -0.8614489436149597 0
          1.0528948307037354 -0.9596362709999084 0 1.3234822750091553 -0.9919736981391907 0
          1.5051367282867432 -0.9887570142745972 0 1.5974054336547852 -1.027278184890747 0
          1.6348258256912231 -1.0991028547286987 0 1.6147953271865845 -1.2149744033813477 0
          1.542251467704773 -1.4009456634521484 0 1.4291236400604248 -1.6871103048324585 0
          1.2841529846191406 -2.0879173278808594 0 1.1193242073059082 -2.596191883087158 0
          0.9667194485664368 -3.0811140537261963 0 0.8735830783843994 -3.2997803688049316 0
          0.8154215216636658 -3.3700830936431885 0 0.8022721409797668 -3.373896598815918 0
          0.8023425340652466 -3.3735599517822266 0 0.7445789575576782 0.003747997572645545 0
          3.9619689751191345e-9 2.4946160692707053e-9 0 9.883925563198722e-20 8.745971902039814e-20 0
          4.1667609836698436e-41 4.818224639734451e-41 0 0 0 0
          0 0 0 0 0 0
          0 0 0 0 0 0
          0 0 0 0 0 0
          0 0 0 0 0 0
          0 0 0 0 0 0
          0 0 0 0 0 0
          0 0 0 0 0 0
          0 0 0 0 0 0
          0 0 0 0 0 0
          0 0 0 0 0 0
          0 0 0 0 0 0
          0 0 0 0 0 0
          0 0 0 0 0 0
          0 0 0 0 0 0
          -0.0019917371682822704 -0.0046880473382771015 0 -0.00525438180193305 -0.010399948805570602 0
          -0.012018115259706974 -0.018282929435372353 0 -0.02260730229318142 -0.02944038435816765 0
          -0.037663061171770096 -0.04518483206629753 0 -0.05785394459962845 -0.06670394539833069 0
          -0.08420761674642563 -0.09526980668306351 0 -0.11717410385608673 -0.13189645111560822 0
          -0.15727251768112183 -0.17737041413784027 0 -0.20365408062934875 -0.23220866918563843 0
          -0.2576417624950409 -0.2967364192008972 0 -0.3193197250366211 -0.3704897463321686 0
          -0.3861726224422455 -0.45212453603744507 0 -0.4522634446620941 -0.5392886996269226 0
          -0.5082083344459534 -0.6286537051200867 0 -0.5423511266708374 -0.7156213521957397 0
          -0.542595386505127 -0.7937660217285156 0 -0.4983966052532196 -0.8554450869560242 0
          -0.4013787806034088 -0.894432008266449 0 -0.24295638501644135 -0.9100262522697449 0
          -0.004196082707494497 -0.8843690156936646 0 0.41028210520744324 -1.1807072162628174 0
          1.105705738067627 -1.4194958209991455 0 1.4194046258926392 -1.502191185951233 0
          1.554970622062683 -1.5212823152542114 0 1.6012811660766602 -1.5680986642837524 0
          1.5979390144348145 -1.653096079826355 0 1.5506025552749634 -1.7847386598587036 0
          1.4675929546356201 -1.9813152551651 0 1.3574005365371704 -2.262331962585449 0
          1.225642204284668 -2.623230218887329 0 1.0862257480621338 -3.0094411373138428 0
          0.9684309363365173 -3.277358055114746 0 0.8860101699829102 -3.3682243824005127 0
          0.8261430263519287 -3.397840976715088 0 0.814205527305603 -3.385476589202881 0
          0.8039079904556274 -3.1170804500579834 0 0.7037588357925415 0.0013914394658058882 0
          0.00019194369087927043 3.636425327524506e-10 0 1.76307850097146e-7 2.049439730105644e-21 0
          7.981537993022477e-16 2.942726775082116e-44 0 9.007957208409165e-33 0 0
          0 0 0 0 0 0
          0 0 0 0 0 0
          0 0 0 0 0 0
          0 0 0 0 0 0
          0 0 0 0 0 0
          0 0 0 0 0 0
          0 0 0 0 0 0
          0 0 0 0 0 0
          0 0 0 0 0 0
          0 0 0 0 0 0
          0 0 0 0 0 0
          0 0 0 0 0 0
          0 0 0 0 0 0
          0 0 0 0 0 0
          0.003868699073791504 -0.0036271412391215563 0 0.0022216623183339834 -0.008375108242034912 0
          -0.0011486546136438847 -0.015309604816138744 0 -0.0065576666966080666 -0.02582842856645584 0
          -0.014245585538446903 -0.04117045924067497 0 -0.024819914251565933 -0.06302497535943985 0
          -0.03889380767941475 -0.09298166632652283 0 -0.057587869465351105 -0.1326667070388794 0
          -0.08105960488319397 -0.18335479497909546 0 -0.10892275720834732 -0.24613863229751587 0
          -0.14207211136817932 -0.3225114643573761 0 -0.18199342489242554 -0.4129904508590698 0
          -0.22809985280036926 -0.516960620880127 0 -0.2771494388580322 -0.6321659684181213 0
          -0.32248353958129883 -0.7545894384384155 0 -0.35509324073791504 -0.878308117389679 0
          -0.3657567501068115 -0.9950902462005615 0 -0.3474007546901703 -1.0940027236938477 0
          -0.29630622267723083 -1.1615082025527954 0 -0.21085615456104279 -1.1808464527130127 0
          -0.08757410943508148 -1.1260254383087158 0 0.08473788946866989 -1.2032060623168945 0
          0.6720668077468872 -1.7538061141967773 0 1.3685314655303955 -1.933800458908081 0
          1.5523693561553955 -1.973254919052124 0 1.5684765577316284 -2.034700870513916 0
          1.5413951873779297 -2.1337854862213135 0 1.482740044593811 -2.2738819122314453 0
          1.3991186618804932 -2.4629757404327393 0 1.2960277795791626 -2.703317880630493 0
          1.179582953453064 -2.9660396575927734 0 1.064074158668518 -3.182225227355957 0
          0.9672257304191589 -3.2878522872924805 0 0.8941586017608643 -3.3194217681884766 0
          0.8600925207138062 -3.3575704097747803 0 0.8674470782279968 -3.1793580055236816 0
          0.8138203024864197 -2.6928675174713135 0 0.07941016554832458 0.23134303092956543 0
          0.014908332377672195 0.0697234719991684 0 0.000005190595857129665 3.819269807081582e-7 0
          0.000019490908016450703 2.1236301833791466e-15 0 6.688220111072951e-8 3.032788061685773e-32 0
          3.574143135910002e-16 0 0 5.5706996872994835e-33 0 0
          0 0 0 0 0 0
          0 0 0 0 0 0
          0 0 0 0 0 0
          0 0 0 0 0 0
          0 0 0 0 0 0
          0 0 0 0 0 0
          0 0 0 0 0 0
          0 0 0 0 0 0
          0 0 0 0 0 0
          0 0 0 0 0 0
          0 0 0 0 0 0
          0 0 0 0 0 0
          0 0 0 0 0 0
          0.004766135010868311 -0.00040432659443467855 0 0.0043736654333770275 -0.0016035487642511725 0
          0.0035088416188955307 -0.004610190633684397 0 0.0021623759530484676 -0.010268599726259708 0
          0.00012977636652067304 -0.019911741837859154 0 -0.0026681998278945684 -0.03473473712801933 0
          -0.006564488168805838 -0.0565112940967083 0 -0.011938604526221752 -0.0871930718421936 0
          -0.019550800323486328 -0.12889163196086884 0 -0.029199926182627678 -0.1824660748243332 0
          -0.04070034995675087 -0.25051039457321167 0 -0.05554865673184395 -0.33520814776420593 0
          -0.07413680851459503 -0.43800386786460876 0 -0.09606358408927917 -0.5586217641830444 0
          -0.11905860900878906 -0.6940683722496033 0 -0.1388699859380722 -0.8381996154785156 0
          -0.1507067233324051 -0.9818133115768433 0 -0.15143458545207977 -1.1129275560379028 0
          -0.14082226157188416 -1.2172185182571411 0 -0.12157793343067169 -1.2776429653167725 0
          -0.10045497864484787 -1.270133376121521 0 -0.09441407024860382 -1.1541543006896973 0
          -0.13231907784938812 -1.510612964630127 0 0.39371415972709656 -2.1860175132751465 0
          1.2323567867279053 -2.262510299682617 0 1.448868751525879 -2.3208301067352295 0
          1.4398207664489746 -2.4159820079803467 0 1.3887020349502563 -2.5378153324127197 0
          1.3145277500152588 -2.6795716285705566 0 1.224975824356079 -2.8260440826416016 0
          1.128519892692566 -2.945755958557129 0 1.0347460508346558 -3.0102319717407227 0
          0.9513534903526306 -3.0271456241607666 0 0.889464259147644 -3.170055627822876 0
          0.889339804649353 -3.1687510013580322 0 0.8797509074211121 -2.58324933052063 0
          0.7887768149375916 0.008395192213356495 0 1.4471776665914149e-8 0.000012543451703095343 0
          0.03355293720960617 0.65172278881073 0 0.03357672691345215 0.5854775905609131 0
          0.027759533375501633 0.2874656915664673 0 3.379044244411489e-8 4.740332997243968e-7 0
          1.8192614669286245e-16 3.0016327727674322e-15 0 2.9115507334830302e-33 5.70690282182972e-32 0
          0 0 0 0 0 0
          0 0 0 0 0 0
          0 0 0 0 0 0
          0 0 0 0 0 0
          0 0 0 0 0 0
          0 0 0 0 0 0
          0 0 0 0 0 0
          0 0 0 0 0 0
          0 0 0 0 0 0
          0 0 0 0 0 0
          0 0 0 0 0 0
          0 0 0 0 0 0
          0 0 0 0 0 0
          0 0.003352281404659152 0 0 0.006399912294000387 0
          0 0.0088583305478096 0 0 0.010271766223013401 0
          0 0.010259585455060005 0 0 0.008181416429579258 0
          0 0.003371390514075756 0 0 -0.0052070231176912785 0
          0 -0.01899470016360283 0 0 -0.039341509342193604 0
          0 -0.06745380908250809 0 0 -0.10577984154224396 0
          0 -0.1564474105834961 0 0 -0.22179393470287323 0
          0 -0.30247512459754944 0 0 -0.3964434862136841 0
          0 -0.4985073208808899 0 0 -0.6012907028198242 0
          0 -0.697094738483429 0 0 -0.7799035906791687 0
          0 -0.8482638597488403 0 0 -0.9123135209083557 0
          0 -1.0026406049728394 0 0 -1.6393742561340332 0
          0 -2.525048017501831 0 0 -2.6358726024627686 0
          0 -2.6306979656219482 0 0 -2.625683546066284 0
          0 -2.6113240718841553 0 0 -2.5760042667388916 0
          0 -2.515674114227295 0 0 -2.4448113441467285 0
          0 -2.4316930770874023 0 0 -2.7974681854248047 0
          0 -2.687401294708252 0 0 -1.9421534538269043 0
          0 0.2381896674633026 0 0 1.8228753617677285e-7 0
          0 1.708650465559458e-8 0 0 5.03901667059381e-8 0
          0 4.016427013198154e-8 0 0 2.0875354625186806e-16 0
          0 3.28385844706325e-33 0 0 0 0
          0 0 0 0 0 0
          0 0 0 0 0 0
          0 0 0 0 0 0
          0 0 0 0 0 0
          0 0 0 0 0 0
          0 0 0 0 0 0
          0 0 0 0 0 0
          0 0 0 0 0 0
          0 0 0 0 0 0
          0 0 0 0 0 0
          0 0 0 0 0 0
          0 0 0 0 0 0
          0 0 0 0 0 0
          <InformationKey name="L2_NORM_RANGE" location="vtkDataArray" length="2">
            <Value index="0">
              0
            </Value>
            <Value index="1">
              3.6409734733
            </Value>
          </InformationKey>
        </DataArray>
        <DataArray type="Float32" Name="Gas_temperature" format="ascii" RangeMin="1071.4212646484375" RangeMax="1095.27734375">
          1073.150146484375 1073.1522216796875 1073.1700439453125 1073.269775390625 1074.456298828125 1074.3203125
          1072.601318359375 1072.2008056640625 1071.7979736328125 1071.4212646484375 1073.3360595703125 1073.5159912109375
          1073.495361328125 1073.450439453125 1073.406982421875 1073.3690185546875 1073.3360595703125 1073.30322265625
          1073.258056640625 1073.1981201171875 1073.1444091796875 1073.128662109375 1073.16162109375 1073.2296142578125
          1073.31005859375 1073.3839111328125 1073.439453125 1073.471923828125 1073.4815673828125 1073.47265625
          1073.453857421875 1073.4366455078125 1073.430908203125 1073.43310546875 1073.423583984375 1073.36474609375
          1073.19140625 1073.1405029296875 1073.1397705078125 1073.1397705078125 1073.1397705078125 1073.1397705078125
          1073.1397705078125 1073.1397705078125 1073.1397705078125 1073.1397705078125 1073.1397705078125 1073.1397705078125
          1073.1397705078125 1073.1397705078125 1073.1397705078125 1073.1397705078125 1073.1396484375 1073.1396484375
          1073.1396484375 1073.1396484375 1073.1396484375 1073.1396484375 1073.1396484375 1073.1396484375
          1073.1396484375 1073.1396484375 1073.1396484375 1073.1396484375 1073.1396484375 1073.1396484375
          1073.1396484375 1073.1396484375 1073.1396484375 1073.1396484375 1073.1502685546875 1073.1544189453125
          1073.186279296875 1073.3194580078125 1073.633544921875 1074.0723876953125 1074.6343994140625 1074.89013671875
          1074.630859375 1078.913330078125 1073.919921875 1073.5167236328125 1073.4090576171875 1073.3643798828125
          1073.345703125 1073.3382568359375 1073.337890625 1073.3475341796875 1073.3765869140625 1073.386474609375
          1073.3770751953125 1073.371826171875 1073.3726806640625 1073.3782958984375 1073.3868408203125 1073.396484375
          1073.4051513671875 1073.411376953125 1073.4140625 1073.4130859375 1073.4105224609375 1073.4114990234375
          1073.42333984375 1073.4288330078125 1073.4183349609375 1073.371337890625 1073.2117919921875 1073.137451171875
          1073.1324462890625 1073.1292724609375 1073.1263427734375 1073.1239013671875 1073.1219482421875 1073.1204833984375
          1073.119384765625 1073.11865234375 1073.1181640625 1073.117919921875 1073.11767578125 1073.1175537109375
          1073.117431640625 1073.117431640625 1073.117431640625 1073.1173095703125 1073.1173095703125 1073.1173095703125
          1073.1173095703125 1073.1173095703125 1073.1173095703125 1073.1173095703125 1073.1173095703125 1073.1173095703125
          1073.1173095703125 1073.1173095703125 1073.1173095703125 1073.1173095703125 1073.1171875 1073.1171875
          1073.1171875 1073.1171875 1073.1510009765625 1073.1640625 1073.243408203125 1073.497314453125
          1073.9456787109375 1074.441162109375 1074.800048828125 1074.890380859375 1074.7369384765625 1087.2174072265625
          1073.7208251953125 1073.2821044921875 1073.265869140625 1073.27099609375 1073.276611328125 1073.28076171875
          1073.283447265625 1073.28564453125 1073.29052734375 1073.3011474609375 1073.3079833984375 1073.3133544921875
          1073.3193359375 1073.3262939453125 1073.3343505859375 1073.3433837890625 1073.3531494140625 1073.36328125
          1073.3736572265625 1073.384033203125 1073.3970947265625 1073.4117431640625 1073.4215087890625 1073.4227294921875
          1073.4127197265625 1073.37353515625 1073.2376708984375 1073.1390380859375 1073.129638671875 1073.1248779296875
          1073.1199951171875 1073.1158447265625 1073.112548828125 1073.1099853515625 1073.1083984375 1073.1072998046875
          1073.1065673828125 1073.106201171875 1073.10595703125 1073.1058349609375 1073.105712890625 1073.105712890625
          1073.105712890625 1073.105712890625 1073.105712890625 1073.1055908203125 1073.1055908203125 1073.10546875
          1073.1053466796875 1073.1053466796875 1073.105224609375 1073.105224609375 1073.105224609375 1073.105224609375
          1073.1051025390625 1073.1051025390625 1073.1051025390625 1073.1051025390625 1073.105224609375 1073.105224609375
          1073.1531982421875 1073.1876220703125 1073.3509521484375 1073.7469482421875 1074.2769775390625 1074.72509765625
          1074.945556640625 1074.986083984375 1084.5211181640625 1081.5155029296875 1073.39697265625 1073.25830078125
          1073.2681884765625 1073.278564453125 1073.2857666015625 1073.289794921875 1073.290283203125 1073.2869873046875
          1073.280517578125 1073.27490234375 1073.275390625 1073.2789306640625 1073.285400390625 1073.2945556640625
          1073.3056640625 1073.31884765625 1073.33349609375 1073.3497314453125 1073.368896484375 1073.3878173828125
          1073.40087890625 1073.412109375 1073.41845703125 1073.4158935546875 1073.406982421875 1073.3773193359375
          1073.27783203125 1073.14892578125 1073.130126953125 1073.12548828125 1073.120361328125 1073.11572265625
          1073.11279296875 1073.112548828125 1073.11376953125 1073.115234375 1073.1163330078125 1073.116943359375
          1073.117431640625 1073.1177978515625 1073.1181640625 1073.118408203125 1073.11865234375 1073.118896484375
          1073.119140625 1073.119384765625 1073.11962890625 1073.1197509765625 1073.119873046875 1073.1199951171875
          1073.1201171875 1073.1201171875 1073.1201171875 1073.1199951171875 1073.1199951171875 1073.1199951171875
          1073.1199951171875 1073.1199951171875 1073.1199951171875 1073.1199951171875 1073.15869140625 1073.2332763671875
          1073.4971923828125 1073.9765625 1074.4879150390625 1074.8466796875 1074.97119140625 1079.9005126953125
          1088.5242919921875 1073.641357421875 1073.261474609375 1073.2691650390625 1073.2818603515625 1073.29248046875
          1073.2999267578125 1073.3040771484375 1073.3043212890625 1073.2998046875 1073.290283203125 1073.27783203125
          1073.269287109375 1073.2728271484375 1073.283447265625 1073.295654296875 1073.3076171875 1073.324951171875
          1073.34375 1073.362060546875 1073.378662109375 1073.392822265625 1073.403076171875 1073.4110107421875
          1073.4136962890625 1073.4091796875 1073.4014892578125 1073.3817138671875 1073.31494140625 1073.18017578125
          1073.144775390625 1073.13330078125 1073.1268310546875 1073.1220703125 1073.1187744140625 1073.1170654296875
          1073.116455078125 1073.116455078125 1073.11669921875 1073.1163330078125 1073.1153564453125 1073.1142578125
          1073.1143798828125 1073.1153564453125 1073.1163330078125 1073.11669921875 1073.116943359375 1073.1170654296875
          1073.117431640625 1073.117919921875 1073.1187744140625 1073.119873046875 1073.12109375 1073.1221923828125
          1073.123291015625 1073.124267578125 1073.125 1073.1258544921875 1073.12646484375 1073.1270751953125
          1073.1275634765625 1073.1279296875 1073.1661376953125 1073.2764892578125 1073.590576171875 1074.07763671875
          1074.5531005859375 1074.8642578125 1076.6416015625 1082.0089111328125 1083.91259765625 1073.4425048828125
          1073.271240234375 1073.27978515625 1073.2921142578125 1073.3031005859375 1073.311279296875 1073.315673828125
          1073.3153076171875 1073.309814453125 1073.299560546875 1073.2889404296875 1073.284912109375 1073.292236328125
          1073.30224609375 1073.313720703125 1073.32763671875 1073.3438720703125 1073.359619140625 1073.3736572265625
          1073.3857421875 1073.39599609375 1073.4034423828125 1073.4080810546875 1073.4072265625 1073.402587890625
          1073.3963623046875 1073.3846435546875 1073.3446044921875 1073.2242431640625 1073.1790771484375 1073.158203125
          1073.1463623046875 1073.138916015625 1073.1337890625 1073.13037109375 1073.1280517578125 1073.126708984375
          1073.1259765625 1073.1258544921875 1073.1260986328125 1073.1263427734375 1073.1268310546875 1073.1273193359375
          1073.1275634765625 1073.1275634765625 1073.127197265625 1073.126708984375 1073.125732421875 1073.124755859375
          1073.12353515625 1073.12255859375 1073.121826171875 1073.1214599609375 1073.121337890625 1073.12158203125
          1073.1221923828125 1073.122802734375 1073.1236572265625 1073.1246337890625 1073.12548828125 1073.12646484375
          1073.1668701171875 1073.2752685546875 1073.5723876953125 1074.0338134765625 1074.5003662109375 1074.833740234375
          1077.1300048828125 1085.1171875 1081.099365234375 1073.4241943359375 1073.282958984375 1073.2879638671875
          1073.298583984375 1073.310791015625 1073.3199462890625 1073.3251953125 1073.326171875 1073.3232421875
          1073.31787109375 1073.3128662109375 1073.3116455078125 1073.31591796875 1073.3248291015625 1073.336181640625
          1073.3487548828125 1073.3604736328125 1073.3714599609375 1073.38134765625 1073.389892578125 1073.3970947265625
          1073.4017333984375 1073.403076171875 1073.4002685546875 1073.3958740234375 1073.390625 1073.3831787109375
          1073.3658447265625 1073.283935546875 1073.237060546875 1073.20849609375 1073.189697265625 1073.1763916015625
          1073.166748046875 1073.15966796875 1073.154296875 1073.150390625 1073.147705078125 1073.14599609375
          1073.1451416015625 1073.1448974609375 1073.1453857421875 1073.146240234375 1073.1473388671875 1073.148681640625
          1073.1497802734375 1073.150634765625 1073.1513671875 1073.151611328125 1073.151611328125 1073.151123046875
          1073.1502685546875 1073.1490478515625 1073.1475830078125 1073.1458740234375 1073.1441650390625 1073.142333984375
          1073.1405029296875 1073.138916015625 1073.137451171875 1073.1363525390625 1073.1600341796875 1073.230224609375
          1073.4466552734375 1073.835205078125 1074.301025390625 1074.7205810546875 1075.0177001953125 1086.8997802734375
          1082.0567626953125 1073.5533447265625 1073.3104248046875 1073.2972412109375 1073.299560546875 1073.3134765625
          1073.3245849609375 1073.3321533203125 1073.3365478515625 1073.33837890625 1073.33837890625 1073.337890625
          1073.338134765625 1073.3389892578125 1073.3448486328125 1073.3551025390625 1073.3641357421875 1073.371826171875
          1073.379150390625 1073.3857421875 1073.3914794921875 1073.395751953125 1073.3974609375 1073.3963623046875
          1073.393310546875 1073.3897705078125 1073.3858642578125 1073.3814697265625 1073.3753662109375 1073.349365234375
          1073.3177490234375 1073.2891845703125 1073.265625 1073.2467041015625 1073.2314453125 1073.21923828125
          1073.20947265625 1073.2017822265625 1073.19580078125 1073.191650390625 1073.188720703125 1073.1866455078125
          1073.185546875 1073.1854248046875 1073.1859130859375 1073.1868896484375 1073.1881103515625 1073.189453125
          1073.1907958984375 1073.1917724609375 1073.1923828125 1073.19287109375 1073.1932373046875 1073.193359375
          1073.19287109375 1073.1922607421875 1073.1912841796875 1073.18994140625 1073.188232421875 1073.1861572265625
          1073.1837158203125 1073.18115234375 1073.1527099609375 1073.176513671875 1073.272705078125 1073.5126953125
          1073.927001953125 1074.4542236328125 1074.9603271484375 1075.3253173828125 1095.27734375 1074.197998046875
          1073.442138671875 1073.3446044921875 1073.29052734375 1073.3062744140625 1073.321044921875 1073.332275390625
          1073.3408203125 1073.34716796875 1073.3516845703125 1073.354736328125 1073.3570556640625 1073.3592529296875
          1073.36181640625 1073.368408203125 1073.37353515625 1073.3782958984375 1073.3829345703125 1073.386962890625
          1073.3900146484375 1073.3916015625 1073.3914794921875 1073.389892578125 1073.3876953125 1073.38525390625
          1073.3828125 1073.380126953125 1073.37744140625 1073.3729248046875 1073.365478515625 1073.3555908203125
          1073.344482421875 1073.333251953125 1073.3223876953125 1073.3125 1073.3038330078125 1073.2960205078125
          1073.289306640625 1073.2838134765625 1073.2791748046875 1073.2755126953125 1073.272705078125 1073.2706298828125
          1073.2691650390625 1073.2681884765625 1073.2677001953125 1073.2674560546875 1073.267578125 1073.2679443359375
          1073.2684326171875 1073.26904296875 1073.2696533203125 1073.270263671875 1073.270751953125 1073.270751953125
          1073.2703857421875 1073.269775390625 1073.268798828125 1073.2674560546875 1073.265625 1073.2635498046875
          1073.150146484375 1073.15185546875 1073.1607666015625 1073.197265625 1073.3251953125 1073.680908203125
          1074.380126953125 1075.26953125 1075.9656982421875 1076.87744140625 1076.72314453125 1085.9249267578125
          1073.5311279296875 1073.2733154296875 1073.295654296875 1073.3143310546875 1073.3282470703125 1073.3394775390625
          1073.348388671875 1073.3551025390625 1073.3604736328125 1073.3648681640625 1073.36865234375 1073.3720703125
          1073.375732421875 1073.379150390625 1073.38134765625 1073.383056640625 1073.3841552734375 1073.3841552734375
          1073.38330078125 1073.3818359375 1073.380126953125 1073.3782958984375 1073.37646484375 1073.374755859375
          1073.373046875 1073.371337890625 1073.369384765625 1073.3673095703125 1073.364990234375 1073.3623046875
          1073.3594970703125 1073.356689453125 1073.3538818359375 1073.3511962890625 1073.3487548828125 1073.3463134765625
          1073.3441162109375 1073.3421630859375 1073.3404541015625 1073.3388671875 1073.3375244140625 1073.3363037109375
          1073.335205078125 1073.334228515625 1073.3333740234375 1073.33251953125 1073.3319091796875 1073.331298828125
          1073.3306884765625 1073.330078125 1073.32958984375 1073.3291015625 1073.32861328125 1073.328125
          1073.327392578125 1073.3267822265625 1073.3260498046875 1073.3251953125
        </DataArray>
        <DataArray type="Float32" Name="Solids_temperature_1" format="ascii" RangeMin="946.9937133789062" RangeMax="1075.965576171875">
          1073.1500244140625 1073.1500244140625 1073.1500244140625 1073.23193359375 1074.587890625 950.2193603515625
          946.9937133789062 954.4334106445312 951.5233154296875 948.710693359375 1052.654541015625 1070.1053466796875
          1073.0216064453125 1073.3802490234375 1073.3963623046875 1073.36669921875 1073.3350830078125 1073.3017578125
          1073.2550048828125 1073.1949462890625 1073.1431884765625 1073.1275634765625 1073.15673828125 1073.21923828125
          1073.2962646484375 1073.3701171875 1073.4288330078125 1073.466064453125 1073.4798583984375 1073.472900390625
          1073.454345703125 1073.4368896484375 1073.4310302734375 1073.4332275390625 1073.42333984375 1073.3994140625
          1073.192138671875 1073.14111328125 1073.1617431640625 1073.139892578125 1073.1397705078125 1073.1422119140625
          1073.098876953125 1073.1182861328125 1073.12890625 1073.144287109375 1073.1500244140625 1073.1500244140625
          1073.1500244140625 1073.1500244140625 1073.1500244140625 1073.1500244140625 1073.1500244140625 1073.1500244140625
          1073.1500244140625 1073.1500244140625 1073.1500244140625 1073.1500244140625 1073.1500244140625 1073.1500244140625
          1073.1500244140625 1073.1500244140625 1073.1500244140625 1073.1500244140625 1073.1500244140625 1073.1500244140625
          1073.1500244140625 1073.1500244140625 1073.1500244140625 1073.1500244140625 1073.1500244140625 1073.1500244140625
          1073.1500244140625 1073.15234375 1073.6329345703125 1074.0701904296875 950.255859375 1014.37158203125
          1074.608154296875 1074.503173828125 1073.7535400390625 1073.5087890625 1073.4075927734375 1073.3638916015625
          1073.3455810546875 1073.33837890625 1073.338134765625 1073.3472900390625 1073.373779296875 1073.3858642578125
          1073.3782958984375 1073.3687744140625 1073.366455078125 1073.3720703125 1073.3828125 1073.39501953125
          1073.40576171875 1073.412841796875 1073.415283203125 1073.4136962890625 1073.41064453125 1073.41162109375
          1073.42333984375 1073.428955078125 1073.4183349609375 1073.3985595703125 1073.21240234375 1073.1385498046875
          1073.14111328125 1073.1328125 1073.1390380859375 1072.9537353515625 1073.0361328125 1073.046630859375
          1073.0594482421875 1073.1494140625 1073.1500244140625 1073.1500244140625 1073.1500244140625 1073.1500244140625
          1073.1500244140625 1073.1500244140625 1073.1500244140625 1073.1500244140625 1073.1500244140625 1073.1500244140625
          1073.1500244140625 1073.1500244140625 1073.1500244140625 1073.1500244140625 1073.1500244140625 1073.1500244140625
          1073.1500244140625 1073.1500244140625 1073.1500244140625 1073.1500244140625 1073.1500244140625 1073.1500244140625
          1073.1500244140625 1073.1500244140625 1073.1500244140625 1073.1500244140625 1073.1500244140625 1073.2978515625
          1073.945556640625 1074.440185546875 1074.798095703125 1074.5946044921875 1074.5455322265625 1074.5947265625
          1073.397216796875 1073.2755126953125 1073.2659912109375 1073.27099609375 1073.2767333984375 1073.2808837890625
          1073.2835693359375 1073.28564453125 1073.2904052734375 1073.300537109375 1073.307861328125 1073.3133544921875
          1073.3194580078125 1073.32666015625 1073.3349609375 1073.34423828125 1073.35400390625 1073.3641357421875
          1073.3741455078125 1073.38427734375 1073.39697265625 1073.411865234375 1073.4215087890625 1073.4227294921875
          1073.4132080078125 1073.397705078125 1073.23828125 1073.1407470703125 1073.133056640625 1073.1297607421875
          1073.139404296875 1072.9111328125 1072.997802734375 1073.009521484375 1073.146728515625 1073.1500244140625
          1073.1500244140625 1073.1500244140625 1073.1500244140625 1073.1500244140625 1073.1500244140625 1073.1500244140625
          1073.1500244140625 1073.1500244140625 1073.1500244140625 1073.1500244140625 1073.1500244140625 1073.1500244140625
          1073.1500244140625 1073.1500244140625 1073.1500244140625 1073.1500244140625 1073.1500244140625 1073.1500244140625
          1073.1500244140625 1073.1500244140625 1073.1500244140625 1073.1500244140625 1073.1500244140625 1073.1500244140625
          1073.1500244140625 1073.1500244140625 1073.155029296875 1073.7469482421875 1074.2769775390625 1074.724853515625
          1074.9449462890625 1075.042236328125 1075.043212890625 1073.8577880859375 1073.26611328125 1073.2564697265625
          1073.2681884765625 1073.278564453125 1073.2857666015625 1073.289794921875 1073.2904052734375 1073.2872314453125
          1073.2808837890625 1073.275146484375 1073.275390625 1073.27880859375 1073.285400390625 1073.2945556640625
          1073.3057861328125 1073.3189697265625 1073.3336181640625 1073.349853515625 1073.3687744140625 1073.3878173828125
          1073.40087890625 1073.4122314453125 1073.41845703125 1073.4158935546875 1073.407958984375 1073.3973388671875
          1073.2783203125 1073.151611328125 1073.1337890625 1073.1376953125 1073.138427734375 1073.13671875
          1073.0118408203125 1073.045654296875 1073.1475830078125 1073.1500244140625 1073.1500244140625 1073.1500244140625
          1073.1500244140625 1073.1500244140625 1073.1500244140625 1073.1500244140625 1073.1500244140625 1073.1500244140625
          1073.1500244140625 1073.1500244140625 1073.1500244140625 1073.1500244140625 1073.1500244140625 1073.1500244140625
          1073.1500244140625 1073.1500244140625 1073.1500244140625 1073.1500244140625 1073.1500244140625 1073.1500244140625
          1073.1500244140625 1073.1500244140625 1073.1500244140625 1073.1500244140625 1073.1500244140625 1073.1500244140625
          1073.243408203125 1073.9764404296875 1074.4879150390625 1074.8465576171875 1074.970947265625 1075.0203857421875
          1074.8798828125 1073.2987060546875 1073.256591796875 1073.2689208984375 1073.2818603515625 1073.29248046875
          1073.2999267578125 1073.30419921875 1073.304443359375 1073.300048828125 1073.2906494140625 1073.2781982421875
          1073.2694091796875 1073.272705078125 1073.2833251953125 1073.2955322265625 1073.307373046875 1073.32470703125
          1073.343505859375 1073.3619384765625 1073.3785400390625 1073.3929443359375 1073.4031982421875 1073.4110107421875
          1073.41357421875 1073.4093017578125 1073.4027099609375 1073.396240234375 1073.3154296875 1073.1822509765625
          1073.1541748046875 1073.164794921875 1073.1365966796875 1073.1343994140625 1073.01953125 1073.1317138671875
          1073.1500244140625 1073.1500244140625 1073.1500244140625 1073.1500244140625 1073.1500244140625 1073.1500244140625
          1073.14990234375 1073.14990234375 1073.1500244140625 1073.1500244140625 1073.1500244140625 1073.1497802734375
          1073.1494140625 1073.1490478515625 1073.149169921875 1073.1490478515625 1073.14892578125 1073.14892578125
          1073.14892578125 1073.14892578125 1073.1488037109375 1073.1488037109375 1073.148681640625 1073.148681640625
          1073.148681640625 1073.1488037109375 1073.1500244140625 1073.1500244140625 1073.363525390625 1074.07763671875
          1074.5531005859375 1074.8642578125 1075.1259765625 1075.14990234375 1074.4559326171875 1073.30078125
          1073.2691650390625 1073.27978515625 1073.2921142578125 1073.3031005859375 1073.311279296875 1073.3157958984375
          1073.3155517578125 1073.31005859375 1073.2999267578125 1073.2891845703125 1073.2850341796875 1073.292236328125
          1073.30224609375 1073.3133544921875 1073.3271484375 1073.343505859375 1073.359375 1073.3736572265625
          1073.3858642578125 1073.3961181640625 1073.403564453125 1073.407958984375 1073.4072265625 1073.403076171875
          1073.3985595703125 1073.3846435546875 1073.3448486328125 1073.225341796875 1073.2003173828125 1073.1646728515625
          1073.148193359375 1073.1361083984375 1073.133056640625 1073.130615234375 1073.127197265625 1073.1236572265625
          1073.1253662109375 1073.1236572265625 1073.1285400390625 1073.1318359375 1073.121826171875 1073.1275634765625
          1073.1383056640625 1073.1497802734375 1073.14697265625 1073.124267578125 1073.1265869140625 1073.1287841796875
          1073.1278076171875 1073.1282958984375 1073.1318359375 1073.1329345703125 1073.130615234375 1073.1285400390625
          1073.1265869140625 1073.125732421875 1073.12548828125 1073.1256103515625 1073.1260986328125 1073.1268310546875
          1073.1500244140625 1073.1500244140625 1073.3602294921875 1074.0338134765625 1074.5003662109375 1074.833740234375
          1075.3055419921875 1075.35595703125 1074.3402099609375 1073.3363037109375 1073.282470703125 1073.2879638671875
          1073.298583984375 1073.310791015625 1073.320068359375 1073.3253173828125 1073.326416015625 1073.323486328125
          1073.3179931640625 1073.31298828125 1073.3118896484375 1073.3160400390625 1073.32470703125 1073.3358154296875
          1073.3482666015625 1073.3602294921875 1073.3714599609375 1073.3814697265625 1073.39013671875 1073.397216796875
          1073.4017333984375 1073.40283203125 1073.400390625 1073.3963623046875 1073.3914794921875 1073.3885498046875
          1073.365966796875 1073.2841796875 1073.2374267578125 1073.2088623046875 1073.1898193359375 1073.1761474609375
          1073.1663818359375 1073.1595458984375 1073.154296875 1073.150390625 1073.1427001953125 1073.129150390625
          1073.1339111328125 1073.1368408203125 1073.1376953125 1073.1373291015625 1073.136962890625 1073.13671875
          1073.1365966796875 1073.138671875 1073.140869140625 1073.140625 1073.14013671875 1073.139404296875
          1073.138671875 1073.13818359375 1073.1376953125 1073.1375732421875 1073.137451171875 1073.1370849609375
          1073.1368408203125 1073.136962890625 1073.138671875 1073.134765625 1073.1500244140625 1073.1500244140625
          1073.2501220703125 1073.8350830078125 1074.301025390625 1074.7205810546875 1075.0177001953125 1075.080322265625
          1074.72509765625 1073.4486083984375 1073.3092041015625 1073.2972412109375 1073.299560546875 1073.3134765625
          1073.3245849609375 1073.332275390625 1073.336669921875 1073.3385009765625 1073.3385009765625 1073.3380126953125
          1073.3382568359375 1073.339111328125 1073.3448486328125 1073.3548583984375 1073.364013671875 1073.371826171875
          1073.3792724609375 1073.385986328125 1073.3916015625 1073.395751953125 1073.3974609375 1073.396484375
          1073.393798828125 1073.3916015625 1073.386962890625 1073.381591796875 1073.37548828125 1073.3494873046875
          1073.3177490234375 1073.2891845703125 1073.2657470703125 1073.2467041015625 1073.2313232421875 1073.2191162109375
          1073.2093505859375 1073.20166015625 1073.1956787109375 1073.191650390625 1073.188720703125 1073.1866455078125
          1073.185546875 1073.1854248046875 1073.18603515625 1073.18701171875 1073.188232421875 1073.1895751953125
          1073.19091796875 1073.19189453125 1073.1925048828125 1073.1929931640625 1073.1932373046875 1073.193359375
          1073.19287109375 1073.1922607421875 1073.191162109375 1073.1898193359375 1073.1881103515625 1073.18603515625
          1073.18359375 1073.1810302734375 1073.1500244140625 1073.1500244140625 1073.1500244140625 1073.3333740234375
          1073.9268798828125 1074.4542236328125 1074.9603271484375 1075.3253173828125 1074.699462890625 1073.8994140625
          1073.4244384765625 1073.34130859375 1073.2906494140625 1073.3062744140625 1073.321044921875 1073.332275390625
          1073.3408203125 1073.34716796875 1073.3516845703125 1073.3548583984375 1073.357177734375 1073.3594970703125
          1073.3619384765625 1073.3685302734375 1073.37353515625 1073.37841796875 1073.3829345703125 1073.386962890625
          1073.3900146484375 1073.3916015625 1073.3914794921875 1073.3902587890625 1073.3883056640625 1073.38623046875
          1073.38330078125 1073.3798828125 1073.375732421875 1073.3729248046875 1073.368896484375 1073.36376953125
          1073.358154296875 1073.3525390625 1073.3470458984375 1073.3232421875 1073.3363037109375 1073.2960205078125
          1073.2894287109375 1073.2838134765625 1073.279296875 1073.275634765625 1073.2728271484375 1073.2706298828125
          1073.2691650390625 1073.268310546875 1073.2677001953125 1073.267578125 1073.2677001953125 1073.26806640625
          1073.2685546875 1073.2691650390625 1073.269775390625 1073.2703857421875 1073.270751953125 1073.2708740234375
          1073.2705078125 1073.2698974609375 1073.2689208984375 1073.2674560546875 1073.2657470703125 1073.263671875
          1073.1500244140625 1073.1500244140625 1073.1500244140625 1073.1500244140625 1073.15625 1073.1844482421875
          1073.24560546875 1073.493408203125 1075.965576171875 1074.2166748046875 1074.522705078125 1074.5087890625
          1073.2772216796875 1073.270263671875 1073.2955322265625 1073.3143310546875 1073.3282470703125 1073.3394775390625
          1073.348388671875 1073.355224609375 1073.3604736328125 1073.3648681640625 1073.3687744140625 1073.3721923828125
          1073.3758544921875 1073.379150390625 1073.38134765625 1073.3829345703125 1073.3839111328125 1073.384033203125
          1073.38330078125 1073.3822021484375 1073.3807373046875 1073.3792724609375 1073.377685546875 1073.3760986328125
          1073.37451171875 1073.3729248046875 1073.3712158203125 1073.3695068359375 1073.3675537109375 1073.3653564453125
          1073.3629150390625 1073.3590087890625 1073.35693359375 1073.354248046875 1073.348876953125 1073.346435546875
          1073.34423828125 1073.34228515625 1073.340576171875 1073.3389892578125 1073.337646484375 1073.33642578125
          1073.3353271484375 1073.3343505859375 1073.33349609375 1073.3326416015625 1073.33203125 1073.3314208984375
          1073.330810546875 1073.3302001953125 1073.3297119140625 1073.3292236328125 1073.3287353515625 1073.3282470703125
          1073.3275146484375 1073.326904296875 1073.326171875 1073.3253173828125
        </DataArray>
        <DataArray type="Float32" Name="Solids_temperature_2" format="ascii" RangeMin="1072.7144775390625" RangeMax="1076.12890625">
          1073.150146484375 1073.1522216796875 1073.1700439453125 1073.269287109375 1074.3951416015625 1074.3082275390625
          1073.8023681640625 1073.7425537109375 1073.6495361328125 1073.5135498046875 1073.564453125 1073.54736328125
          1073.4990234375 1073.45068359375 1073.4068603515625 1073.368896484375 1073.3359375 1073.30322265625
          1073.2581787109375 1073.1978759765625 1073.143310546875 1073.1279296875 1073.1634521484375 1073.23388671875
          1073.3150634765625 1073.387939453125 1073.4417724609375 1073.472900390625 1073.4818115234375 1073.4725341796875
          1073.453857421875 1073.4366455078125 1073.4310302734375 1073.4332275390625 1073.4251708984375 1073.414306640625
          1073.3895263671875 1073.3668212890625 1073.353271484375 1073.306396484375 1073.140380859375 1073.1429443359375
          1073.1204833984375 1072.8233642578125 1072.7523193359375 1073.1500244140625 1073.1500244140625 1073.1500244140625
          1073.1500244140625 1073.1500244140625 1073.1500244140625 1073.1500244140625 1073.1500244140625 1073.1500244140625
          1073.1500244140625 1073.1500244140625 1073.1500244140625 1073.1500244140625 1073.1500244140625 1073.1500244140625
          1073.1500244140625 1073.1500244140625 1073.1500244140625 1073.1500244140625 1073.1500244140625 1073.1500244140625
          1073.1500244140625 1073.1500244140625 1073.1500244140625 1073.1500244140625 1073.1502685546875 1073.1544189453125
          1073.1864013671875 1073.3194580078125 1073.6328125 1074.0699462890625 1074.5433349609375 1074.787109375
          1074.626708984375 1074.2850341796875 1073.75390625 1073.511962890625 1073.40869140625 1073.3642578125
          1073.345703125 1073.33837890625 1073.3380126953125 1073.34765625 1073.376953125 1073.3868408203125
          1073.376953125 1073.37158203125 1073.373046875 1073.379150390625 1073.3875732421875 1073.396728515625
          1073.405029296875 1073.4111328125 1073.4139404296875 1073.4129638671875 1073.4105224609375 1073.41162109375
          1073.4234619140625 1073.428955078125 1073.4202880859375 1073.4105224609375 1073.3861083984375 1073.36328125
          1073.3433837890625 1073.305419921875 1073.1295166015625 1072.953125 1073.0430908203125 1072.83740234375
          1072.7396240234375 1073.1500244140625 1073.1500244140625 1073.1500244140625 1073.1500244140625 1073.1500244140625
          1073.1500244140625 1073.1500244140625 1073.1500244140625 1073.1500244140625 1073.1500244140625 1073.1500244140625
          1073.1500244140625 1073.1500244140625 1073.1500244140625 1073.1500244140625 1073.1500244140625 1073.1500244140625
          1073.1500244140625 1073.1500244140625 1073.1500244140625 1073.1500244140625 1073.1500244140625 1073.1500244140625
          1073.1500244140625 1073.1500244140625 1073.1510009765625 1073.1640625 1073.243408203125 1073.4974365234375
          1073.94580078125 1074.4404296875 1074.7982177734375 1074.865478515625 1074.5242919921875 1073.9666748046875
          1073.3778076171875 1073.2745361328125 1073.265869140625 1073.2711181640625 1073.2767333984375 1073.2808837890625
          1073.2835693359375 1073.2857666015625 1073.2906494140625 1073.3013916015625 1073.30810546875 1073.3134765625
          1073.3193359375 1073.326171875 1073.334228515625 1073.3431396484375 1073.3529052734375 1073.3631591796875
          1073.3736572265625 1073.384033203125 1073.3970947265625 1073.411865234375 1073.421630859375 1073.423095703125
          1073.41552734375 1073.4066162109375 1073.3839111328125 1073.366455078125 1073.3262939453125 1073.309326171875
          1073.1312255859375 1072.9202880859375 1072.9990234375 1072.83837890625 1073.1500244140625 1073.1500244140625
          1073.1500244140625 1073.1500244140625 1073.1500244140625 1073.1500244140625 1073.1500244140625 1073.1500244140625
          1073.1500244140625 1073.1500244140625 1073.1500244140625 1073.1500244140625 1073.1500244140625 1073.1500244140625
          1073.1500244140625 1073.1500244140625 1073.1500244140625 1073.1500244140625 1073.1500244140625 1073.1500244140625
          1073.1500244140625 1073.1500244140625 1073.1500244140625 1073.1500244140625 1073.1500244140625 1073.1500244140625
          1073.1531982421875 1073.1876220703125 1073.35107421875 1073.7470703125 1074.2772216796875 1074.72509765625
          1074.945068359375 1074.9180908203125 1074.5364990234375 1073.491943359375 1073.2569580078125 1073.25634765625
          1073.268310546875 1073.2786865234375 1073.285888671875 1073.2899169921875 1073.2904052734375 1073.287109375
          1073.2806396484375 1073.2750244140625 1073.2755126953125 1073.279052734375 1073.2855224609375 1073.2945556640625
          1073.3056640625 1073.31884765625 1073.33349609375 1073.3497314453125 1073.368896484375 1073.387939453125
          1073.4010009765625 1073.4122314453125 1073.418701171875 1073.416748046875 1073.4110107421875 1073.4029541015625
          1073.3837890625 1073.3734130859375 1073.2735595703125 1073.3177490234375 1072.92529296875 1072.9205322265625
          1072.991943359375 1072.888427734375 1073.1500244140625 1073.1500244140625 1073.1500244140625 1073.1500244140625
          1073.1500244140625 1073.1500244140625 1073.1500244140625 1073.1500244140625 1073.1500244140625 1073.1500244140625
          1073.1500244140625 1073.1500244140625 1073.1500244140625 1073.1500244140625 1073.1500244140625 1073.1500244140625
          1073.1500244140625 1073.1500244140625 1073.1500244140625 1073.1500244140625 1073.1500244140625 1073.1500244140625
          1073.1500244140625 1073.1500244140625 1073.1500244140625 1073.1500244140625 1073.15869140625 1073.2332763671875
          1073.497314453125 1073.9766845703125 1074.4881591796875 1074.8468017578125 1074.9710693359375 1074.9515380859375
          1074.1861572265625 1073.281005859375 1073.2564697265625 1073.26904296875 1073.2821044921875 1073.2926025390625
          1073.300048828125 1073.30419921875 1073.304443359375 1073.2999267578125 1073.2904052734375 1073.2779541015625
          1073.2694091796875 1073.27294921875 1073.2835693359375 1073.2957763671875 1073.3076171875 1073.324951171875
          1073.3438720703125 1073.3621826171875 1073.378662109375 1073.3929443359375 1073.4031982421875 1073.4112548828125
          1073.4144287109375 1073.4110107421875 1073.40673828125 1073.39892578125 1073.3765869140625 1073.1815185546875
          1073.17626953125 1073.133544921875 1072.885009765625 1072.9061279296875 1072.9444580078125 1072.935546875
          1073.1500244140625 1073.1500244140625 1073.1500244140625 1073.1500244140625 1073.1500244140625 1073.1500244140625
          1073.1500244140625 1073.1500244140625 1073.1500244140625 1073.1500244140625 1073.1500244140625 1073.1500244140625
          1073.1500244140625 1073.1500244140625 1073.1500244140625 1073.1500244140625 1073.1500244140625 1073.1500244140625
          1073.1500244140625 1073.1500244140625 1073.1500244140625 1073.1500244140625 1073.1500244140625 1073.1500244140625
          1073.1500244140625 1073.1500244140625 1073.1661376953125 1073.276611328125 1073.5908203125 1074.0777587890625
          1074.5533447265625 1074.8643798828125 1074.9788818359375 1074.7830810546875 1073.9744873046875 1073.2930908203125
          1073.2691650390625 1073.2799072265625 1073.292236328125 1073.30322265625 1073.3114013671875 1073.3157958984375
          1073.3155517578125 1073.3099365234375 1073.2996826171875 1073.2890625 1073.2850341796875 1073.2923583984375
          1073.302490234375 1073.3138427734375 1073.327880859375 1073.343994140625 1073.3597412109375 1073.373779296875
          1073.3858642578125 1073.3961181640625 1073.4036865234375 1073.40869140625 1073.4090576171875 1073.406005859375
          1073.40283203125 1073.397216796875 1073.39013671875 1073.227783203125 1073.201416015625 1073.1317138671875
          1072.882568359375 1072.8155517578125 1072.817626953125 1073.1322021484375 1073.1500244140625 1073.1500244140625
          1073.1500244140625 1073.1500244140625 1073.1500244140625 1073.1500244140625 1073.1500244140625 1073.1500244140625
          1073.1500244140625 1073.1500244140625 1073.1500244140625 1073.1500244140625 1073.1500244140625 1073.1500244140625
          1073.1500244140625 1073.1500244140625 1073.1500244140625 1073.1500244140625 1073.1500244140625 1073.1500244140625
          1073.1500244140625 1073.1500244140625 1073.1500244140625 1073.1500244140625 1073.1500244140625 1073.1500244140625
          1073.1668701171875 1073.2752685546875 1073.572509765625 1074.033935546875 1074.50048828125 1074.8338623046875
          1075.0047607421875 1074.8756103515625 1073.9993896484375 1073.33154296875 1073.2825927734375 1073.2880859375
          1073.2987060546875 1073.3109130859375 1073.320068359375 1073.3253173828125 1073.3262939453125 1073.3233642578125
          1073.3179931640625 1073.31298828125 1073.311767578125 1073.3160400390625 1073.324951171875 1073.33642578125
          1073.348876953125 1073.360595703125 1073.3717041015625 1073.3814697265625 1073.3900146484375 1073.3973388671875
          1073.40234375 1073.4046630859375 1073.403564453125 1073.4012451171875 1073.39892578125 1073.3956298828125
          1073.3660888671875 1073.2998046875 1073.240478515625 1073.1319580078125 1072.760498046875 1072.7412109375
          1072.735107421875 1073.142822265625 1073.1500244140625 1073.1500244140625 1073.1500244140625 1073.1500244140625
          1073.1500244140625 1073.1500244140625 1073.1500244140625 1073.1500244140625 1073.1500244140625 1073.1500244140625
          1073.1500244140625 1073.1500244140625 1073.1500244140625 1073.1500244140625 1073.1500244140625 1073.1500244140625
          1073.1500244140625 1073.1500244140625 1073.1500244140625 1073.1500244140625 1073.1500244140625 1073.1500244140625
          1073.1500244140625 1073.1500244140625 1073.1500244140625 1073.1500244140625 1073.1600341796875 1073.230224609375
          1073.44677734375 1073.8353271484375 1074.30126953125 1074.720703125 1075.017822265625 1075.181640625
          1074.3785400390625 1073.444091796875 1073.3092041015625 1073.29736328125 1073.2998046875 1073.313720703125
          1073.32470703125 1073.332275390625 1073.336669921875 1073.3385009765625 1073.3385009765625 1073.3380126953125
          1073.3382568359375 1073.339111328125 1073.344970703125 1073.3553466796875 1073.3643798828125 1073.3720703125
          1073.37939453125 1073.3861083984375 1073.391845703125 1073.396484375 1073.399169921875 1073.3995361328125
          1073.398193359375 1073.3966064453125 1073.39453125 1073.381591796875 1073.37548828125 1073.3612060546875
          1073.3184814453125 1072.90087890625 1072.7220458984375 1072.7144775390625 1073.0950927734375 1073.1212158203125
          1073.1500244140625 1073.1500244140625 1073.1500244140625 1073.1500244140625 1073.1500244140625 1073.1500244140625
          1073.1500244140625 1073.1500244140625 1073.1500244140625 1073.1500244140625 1073.1500244140625 1073.1500244140625
          1073.1500244140625 1073.1500244140625 1073.1500244140625 1073.1500244140625 1073.1500244140625 1073.1500244140625
          1073.1500244140625 1073.1500244140625 1073.1500244140625 1073.1500244140625 1073.1500244140625 1073.1500244140625
          1073.1500244140625 1073.1500244140625 1073.1527099609375 1073.176513671875 1073.272705078125 1073.5128173828125
          1073.9271240234375 1074.4544677734375 1074.9605712890625 1075.325439453125 1075.484375 1073.8953857421875
          1073.4261474609375 1073.341796875 1073.2906494140625 1073.306396484375 1073.3211669921875 1073.3323974609375
          1073.3409423828125 1073.3472900390625 1073.351806640625 1073.3548583984375 1073.3572998046875 1073.359375
          1073.3619384765625 1073.3685302734375 1073.3739013671875 1073.378662109375 1073.38330078125 1073.3875732421875
          1073.39111328125 1073.3934326171875 1073.3944091796875 1073.3939208984375 1073.3929443359375 1073.3917236328125
          1073.3897705078125 1073.3802490234375 1073.376953125 1073.36181640625 1073.3642578125 1073.35498046875
          1073.34423828125 1073.016357421875 1072.9041748046875 1072.947998046875 1073.0400390625 1073.0535888671875
          1073.14697265625 1073.1495361328125 1073.1500244140625 1073.1500244140625 1073.1500244140625 1073.1497802734375
          1073.1488037109375 1073.1492919921875 1073.14892578125 1073.1495361328125 1073.149658203125 1073.14990234375
          1073.1483154296875 1073.1419677734375 1073.1380615234375 1073.1407470703125 1073.1470947265625 1073.14990234375
          1073.1500244140625 1073.14990234375 1073.1485595703125 1073.1478271484375 1073.149658203125 1073.1500244140625
          1073.150146484375 1073.15185546875 1073.1607666015625 1073.197265625 1073.3251953125 1073.6810302734375
          1074.3804931640625 1075.27001953125 1075.966064453125 1076.12890625 1074.39599609375 1073.9703369140625
          1073.2646484375 1073.270263671875 1073.2957763671875 1073.314453125 1073.328369140625 1073.339599609375
          1073.3485107421875 1073.3553466796875 1073.360595703125 1073.364990234375 1073.368896484375 1073.3721923828125
          1073.3759765625 1073.37939453125 1073.3817138671875 1073.3836669921875 1073.385009765625 1073.3856201171875
          1073.385498046875 1073.385009765625 1073.3841552734375 1073.3841552734375 1073.3765869140625 1073.374755859375
          1073.372314453125 1073.1881103515625 1073.20751953125 1072.9830322265625 1072.8861083984375 1072.8709716796875
          1072.8701171875 1072.8695068359375 1072.868896484375 1072.8670654296875 1072.868408203125 1072.8719482421875
          1072.883056640625 1072.9105224609375 1072.9425048828125 1072.9766845703125 1072.9886474609375 1072.9923095703125
          1072.989013671875 1072.971435546875 1072.954833984375 1072.9539794921875 1072.962646484375 1072.968994140625
          1072.9747314453125 1072.9814453125 1072.993408203125 1073.0211181640625 1073.044921875 1073.05419921875
          1073.057861328125 1073.056640625 1073.0543212890625 1073.0545654296875
        </DataArray>
        <DataArray type="Float32" Name="O2_Gas_mass_fractions_1" format="ascii" RangeMin="5.428787641648114e-9" RangeMax="0.23999999463558197">
          0.23999999463558197 0.23999981582164764 0.23994775116443634 0.20498989522457123 0.00001088079807232134 0.0000024995688363560475
          3.143316575915378e-7 1.9832329201108223e-7 1.546804782037725e-7 9.637145126362157e-8 9.934922928778178e-8 9.990187521680127e-8
          9.982790061258129e-8 9.979618909028432e-8 9.953300406095877e-8 9.886592522434512e-8 9.802684530768602e-8 9.726245053798266e-8
          9.666328537605295e-8 9.620948304700505e-8 9.619093788160171e-8 9.653894039729494e-8 9.696562131011888e-8 9.741957995856865e-8
          9.790117871943949e-8 9.839127557143001e-8 9.88366508636318e-8 9.910464626727844e-8 9.887322249824138e-8 9.759197894254612e-8
          9.496102393313777e-8 9.179209570220337e-8 8.921181660070943e-8 8.967514020241651e-8 5.2268955386125526e-8 1.3014687105794565e-8
          5.660024449127832e-9 5.428787641648114e-9 5.433820060574135e-9 5.437555294918184e-9 5.440217165642025e-9 5.44224576515262e-9
          5.4438769048203994e-9 5.445253137281725e-9 5.446469053538294e-9 5.447591266971585e-9 5.448667295127052e-9 5.449733553319902e-9
          5.450816686902726e-9 5.451936679889968e-9 5.453106410868713e-9 5.454332541177109e-9 5.455615070815156e-9 5.456948670712336e-9
          5.458322682727612e-9 5.459725116452319e-9 5.46114353738858e-9 5.462567287395359e-9 5.463988372866879e-9 5.4654005765542024e-9
          5.46679901347602e-9 5.468179242740234e-9 5.469536823454746e-9 5.470869535173506e-9 5.4721800424317735e-9 5.4734741183892766e-9
          5.4745670219347176e-9 5.47538858697294e-9 5.475935260790266e-9 5.4762052670298544e-9 0.23999999463558197 0.2399999350309372
          0.23998631536960602 0.23631125688552856 0.15849539637565613 0.09136205166578293 0.06611799448728561 0.04884793981909752
          0.0384102389216423 0.0006080060265958309 0.0000073600308496679645 1.5512519269123004e-7 7.367640364464023e-8 9.804303857663399e-8
          9.499660080791728e-8 9.306901205263785e-8 9.22897669397571e-8 9.184767435499452e-8 9.151082736025273e-8 9.13911932798328e-8
          9.180951821008421e-8 9.295811764786777e-8 9.463906280871015e-8 9.610560880446428e-8 9.713384230281008e-8 9.778563736517754e-8
          9.807885703594366e-8 9.785597399059043e-8 9.673541256915996e-8 9.439659010013202e-8 9.13306621441734e-8 8.864130052188557e-8
          8.815575824883126e-8 8.58711857176786e-8 5.012493176081989e-8 1.5315592349907092e-8 6.56972654056176e-9 6.823458242877223e-9
          7.863075524028318e-9 8.933871420424566e-9 9.917724419494789e-9 1.0757569057773253e-8 1.1432899071905922e-8 1.1947126843381284e-8
          1.2318806419386874e-8 1.2574434826717606e-8 1.2742433774803885e-8 1.2848609287630097e-8 1.291376250378562e-8 1.2953222494616057e-8
          1.2977452890083896e-8 1.2992986242466031e-8 1.3003444543358e-8 1.3010632571308633e-8 1.3014944677536278e-8 1.3017112721058766e-8
          1.3017999123121626e-8 1.3018429889655181e-8 1.3019043620943194e-8 1.3020191147461446e-8 1.302192664809354e-8 1.3024081368939733e-8
          1.3026381751046756e-8 1.3028541800963467e-8 1.3030323486873385e-8 1.3031539403129955e-8 1.3032466661400122e-8 1.3033178980492721e-8
          1.303365859683936e-8 1.3033890411406901e-8 0.23999999463558197 0.23999997973442078 0.23999638855457306 0.23945224285125732
          0.22361046075820923 0.19628633558750153 0.1707010567188263 0.14788101613521576 0.1218705028295517 0.0011669615050777793
          0.000012242969205544796 2.357978701184038e-7 9.61572226287899e-8 9.944464096633965e-8 9.758189634112568e-8 9.557869162790666e-8
          9.416807245088421e-8 9.322474880946174e-8 9.222866736990909e-8 9.128717692874488e-8 9.095180075746612e-8 9.19522520348437e-8
          9.342795692646177e-8 9.474798901010217e-8 9.57011394575602e-8 9.621989249808394e-8 9.618885599138594e-8 9.536291400991104e-8
          9.348474350190372e-8 9.089821872976245e-8 8.833215758841106e-8 8.738516044104472e-8 8.893953662436616e-8 8.036582954673577e-8
          4.774588191480689e-8 1.7883520442296685e-8 7.397933821096103e-9 7.225041009917277e-9 8.618353142253454e-9 1.0079502565929488e-8
          1.1383674447529302e-8 1.242707092785622e-8 1.3190378567173866e-8 1.3708792323541275e-8 1.4039944318255948e-8 1.4242067969405525e-8
          1.4363040534703941e-8 1.4435827644376786e-8 1.4482559151929308e-8 1.4518911406469215e-8 1.4543056536808763e-8 1.4556507998975121e-8
          1.4564926154037039e-8 1.4573152462560302e-8 1.4584195184852433e-8 1.45975027621148e-8 1.4611377885387355e-8 1.4624235156190935e-8
          1.4635075373803375e-8 1.4643574353101485e-8 1.4649983448578041e-8 1.465481425100279e-8 1.4658494862374027e-8 1.4661249103653518e-8
          1.4663098291123333e-8 1.4663930514302592e-8 1.4663660508063003e-8 1.466245613812589e-8 1.4660890279571959e-8 1.4659817360040961e-8
          0.23999999463558197 0.23999999463558197 0.2399991899728775 0.2399059534072876 0.23748886585235596 0.23125764727592468
          0.22212879359722137 0.20115546882152557 0.0719878152012825 0.00031020244932733476 0.0000039750834730512 1.3582672409029328e-7
          9.014329549472677e-8 9.029655245740287e-8 9.175635540259464e-8 9.300332948214418e-8 9.38415354312383e-8 9.41489020078734e-8
          9.403514411587821e-8 9.357503927276412e-8 9.258972966108558e-8 9.184993388089424e-8 9.214883078811908e-8 9.291181157777828e-8
          9.361458097600917e-8 9.387483146383602e-8 9.345156826157108e-8 9.217647090054015e-8 9.016100932512927e-8 8.818314967129481e-8
          8.734137679766718e-8 8.904599724246509e-8 8.714658861208591e-8 7.428540982346021e-8 4.639432660269449e-8 2.1377591252758066e-8
          8.99291752176623e-9 7.09873937410066e-9 8.3631430669584e-9 9.86606885078345e-9 1.1262282662016787e-8 1.2366193402613135e-8
          1.3010308386185443e-8 1.3125477593689538e-8 1.2896218315461283e-8 1.2636404811416924e-8 1.2494369983073739e-8 1.2444970387548437e-8
          1.244004455003278e-8 1.2446020214440523e-8 1.2456059295118393e-8 1.2469921983893073e-8 1.2485488198876737e-8 1.25040209297822e-8
          1.2526372827892374e-8 1.2551390149440067e-8 1.2577159758109246e-8 1.2601802268363826e-8 1.2623846856740784e-8 1.2642420443853553e-8
          1.2657241477143089e-8 1.266837212909877e-8 1.2676055760607596e-8 1.2680794192476696e-8 1.2683379679856444e-8 1.2684826522502135e-8
          1.2686155237418006e-8 1.268800886577992e-8 1.2690278161642254e-8 1.2692026984950644e-8 0.23999999463558197 0.23999999463558197
          0.23999984562397003 0.23998509347438812 0.23964816331863403 0.23851990699768066 0.23581723868846893 0.13842427730560303
          0.0018944203620776534 0.000009690723345556762 1.3344212845822767e-7 7.226651632663561e-8 9.114607735227764e-8 9.18810769690026e-8
          9.298027947579612e-8 9.416174151510859e-8 9.489011176810891e-8 9.500322306621456e-8 9.481771456876231e-8 9.465669847941172e-8
          9.449071569633816e-8 9.363494513081605e-8 9.256815758362791e-8 9.198936368193245e-8 9.174684834079017e-8 9.140723733480627e-8
          9.065783501682745e-8 8.94377762961085e-8 8.818104646479696e-8 8.806364348856732e-8 8.901265147187587e-8 8.929858097417309e-8
          8.447308630366024e-8 7.043114180760313e-8 4.759020200140185e-8 2.6830761612472998e-8 1.2440296792703975e-8 7.789355827014788e-9
          8.057754463663969e-9 9.044821780435086e-9 1.0106080416960594e-8 1.1027172952537967e-8 1.1698101154422602e-8 1.207283961690564e-8
          1.2214454336856306e-8 1.2212776567821493e-8 1.2163051010816162e-8 1.2170405128131279e-8 1.2335061860824226e-8 1.2540206206779203e-8
          1.2552216155370388e-8 1.240678670910711e-8 1.227371182466186e-8 1.222332990380437e-8 1.2225593870596185e-8 1.2257048709329865e-8
          1.2304310459398948e-8 1.236084568034812e-8 1.2424744788575026e-8 1.249640835254695e-8 1.2574516539132219e-8 1.2656057535309628e-8
          1.2738188281957719e-8 1.2819063144320353e-8 1.2897416468149459e-8 1.297193374938388e-8 1.3041010937797637e-8 1.3103010232384804e-8
          1.3156850720008606e-8 1.3203115933890786e-8 0.23999999463558197 0.23999999463558197 0.23999997973442078 0.23999802768230438
          0.23995399475097656 0.23974570631980896 0.21709324419498444 0.11238778382539749 0.0006499580922536552 0.0000039469746297982056
          4.550005527903522e-8 9.974550607694255e-8 9.431871461629271e-8 9.373289344694058e-8 9.404482170793926e-8 9.509449228062294e-8
          9.54729557633982e-8 9.508092801979728e-8 9.454657856622362e-8 9.426941005585832e-8 9.439379056175312e-8 9.414583956868228e-8
          9.300973147219338e-8 9.172774184662558e-8 9.068547512924852e-8 8.983055721500932e-8 8.902941317501245e-8 8.839396059556748e-8
          8.848132893035654e-8 8.950002694518844e-8 9.037378845277999e-8 8.962373954091163e-8 8.438006915412188e-8 7.218608999437492e-8
          5.402697311751581e-8 3.642444212914597e-8 1.989876885488684e-8 1.080620926074971e-8 9.358275043780395e-9 9.385989763188718e-9
          9.795127375866741e-9 1.025800511200714e-8 1.0647172032918206e-8 1.091411139242382e-8 1.1062140536921561e-8 1.1113566955600618e-8
          1.1095422358664564e-8 1.103797320212152e-8 1.0971813679816478e-8 1.0909602998765422e-8 1.0844177111835052e-8 1.0776583181382193e-8
          1.0753527845963617e-8 1.0783756110299691e-8 1.0864447119729448e-8 1.0988351561991294e-8 1.1146101819292653e-8 1.132666316294717e-8
          1.1518284992462213e-8 1.1709737179899093e-8 1.1891473583602874e-8 1.2056676546023937e-8 1.2202050925225194e-8 1.2328095877478518e-8
          1.243880198842362e-8 1.2540736449295764e-8 1.2641589997031133e-8 1.2748542665974583e-8 1.2866807175271333e-8 1.2998635945393744e-8
          0.23999999463558197 0.23999999463558197 0.23999999463558197 0.23999978601932526 0.23999479413032532 0.23992428183555603
          0.2122320681810379 0.08340175449848175 0.0004124655679333955 0.000002496358320058789 9.63090869277039e-8 9.984761817349863e-8
          9.75473213316036e-8 9.557577129726269e-8 9.557239621926783e-8 9.612995910401878e-8 9.563049019334358e-8 9.452307381252467e-8
          9.362823050196312e-8 9.3177781934628e-8 9.335946771216186e-8 9.38630364544224e-8 9.336804396298248e-8 9.216150687052505e-8
          9.072728346382064e-8 8.963075970314094e-8 8.891976932545731e-8 8.877210433411165e-8 8.941475471146987e-8 9.058160088670775e-8
          9.15362718956203e-8 9.154184965609602e-8 8.902853920744747e-8 8.111535265697967e-8 6.818252273887992e-8 5.437262373675367e-8
          3.986817631584927e-8 2.3218925448986738e-8 1.7979511213184196e-8 1.571831553803804e-8 1.4549503823957366e-8 1.3854220881626134e-8
          1.3377067453745894e-8 1.3000716947431101e-8 1.2671310223311139e-8 1.23668906226726e-8 1.2082038480798474e-8 1.1818102940708286e-8
          1.1578850767079985e-8 1.1368329388972143e-8 1.1188984849752615e-8 1.1041341174689023e-8 1.092438761673975e-8 1.0836028074834303e-8
          1.0776419756552968e-8 1.0749632295414813e-8 1.0759551472006024e-8 1.0802056138459193e-8 1.0864327215642788e-8 1.0933454142048049e-8
          1.100338042903104e-8 1.1073852057563727e-8 1.11466720298381e-8 1.1224859264302722e-8 1.131147175925662e-8 1.1409662548089727e-8
          1.1522846676825793e-8 1.1653593645633009e-8 1.1805450839119658e-8 1.1982558056899961e-8 0.23999999463558197 0.23999999463558197
          0.23999999463558197 0.23999997973442078 0.23999953269958496 0.23999260365962982 0.23837268352508545 0.09119316935539246
          0.0005857247160747647 0.0000031999788916436955 7.75727713175911e-8 9.985993898453671e-8 9.677739853941603e-8 9.714679549688299e-8
          9.703214232104074e-8 9.636213604835575e-8 9.507350284820859e-8 9.384616816987545e-8 9.295241909512697e-8 9.24698539961355e-8
          9.25905823123685e-8 9.316927673808095e-8 9.349077600973033e-8 9.280893920049493e-8 9.169114889573393e-8 9.062267736226204e-8
          8.988493505057704e-8 8.966019748868348e-8 9.004319423411289e-8 9.08516710751428e-8 9.169124837171694e-8 9.224044106304063e-8
          9.191718675083393e-8 8.973753296004361e-8 8.539994666989514e-8 7.938472634805294e-8 7.175506056000813e-8 5.8058297724983277e-8
          4.750498661110214e-8 4.0321765482076444e-8 3.529092396092892e-8 3.160630157594824e-8 2.8804381102531806e-8 2.6613784953610775e-8
          2.4872161219491318e-8 2.3476660615529e-8 2.2357374618309223e-8 2.1466751931598083e-8 2.077285721213684e-8 2.0253432708727814e-8
          1.98909493320798e-8 1.96672065300163e-8 1.956022721572026e-8 1.9543692886259123e-8 1.958913919963834e-8 1.9666313022526083e-8
          1.9744879509175917e-8 1.9803200856927106e-8 1.9839069054228275e-8 1.9868489076202422e-8 1.991340070617298e-8 1.9994409683476988e-8
          2.0115590970704034e-8 2.0255090049658975e-8 2.035719681714454e-8 2.039359969785437e-8 2.0357331820264335e-8 2.0234658393292193e-8
          2.0038157799717737e-8 1.9787393057413283e-8 0.23999999463558197 0.23999999463558197 0.23999999463558197 0.23999999463558197
          0.23999996483325958 0.23999947309494019 0.23993808031082153 0.23477806150913239 0.0013107659760862589 0.000012170917216280941
          4.893476557299437e-7 8.526911443595964e-8 9.768401554310913e-8 9.968603364995943e-8 9.841254922093867e-8 9.601320982710604e-8
          9.454616645143687e-8 9.369428966010673e-8 9.30200840798534e-8 9.252286758965056e-8 9.24888752251718e-8 9.279102641812642e-8
          9.311155935165516e-8 9.30101293761254e-8 9.241109211188814e-8 9.186695848484305e-8 9.138963719124149e-8 9.109565013432075e-8
          9.105583842483611e-8 9.123772315433598e-8 9.153156810270957e-8 9.183628435494029e-8 9.20453615549377e-8 9.202226181059814e-8
          9.165208325612184e-8 9.082977214802668e-8 8.938793172319492e-8 8.659728223392449e-8 8.269756790468819e-8 7.832345971792165e-8
          7.39777092917393e-8 6.993895595996946e-8 6.632823357222151e-8 6.318033740626561e-8 6.048653489187927e-8 5.821589255106119e-8
          5.6328321562659767e-8 5.4789211390016135e-8 5.357092902613658e-8 5.264947944283449e-8 5.20014609151076e-8 5.160326566056028e-8
          5.143130721307898e-8 5.1461892525139774e-8 5.167264660599358e-8 5.2043056086858996e-8 5.2555780172269806e-8 5.3198792926423266e-8
          5.396368152332798e-8 5.4839620844404635e-8 5.580317363751419e-8 5.680583825551366e-8 5.7750689563818014e-8 5.855966733747664e-8
          5.9221584081115e-8 5.972855632307983e-8 6.005754471516411e-8 6.018169784738348e-8 6.007383035466773e-8 5.971650551828134e-8
          0.23999999463558197 0.23999999463558197 0.23999999463558197 0.23999999463558197 0.23999999463558197 0.23999997973442078
          0.23999789357185364 0.23987840116024017 0.2351757287979126 0.19608648121356964 0.11998966336250305 0.001481871004216373
          0.00000679418008076027 8.984798682831752e-8 9.113516341585637e-8 9.381766119531676e-8 9.335986561609388e-8 9.368292808176193e-8
          9.38077846512897e-8 9.316809723713959e-8 9.254728183805128e-8 9.278949875124454e-8 9.29386061443438e-8 9.28653207665775e-8
          9.274546641790948e-8 9.242386056484975e-8 9.217318819310094e-8 9.203772322052828e-8 9.199085582167754e-8 9.201227868516071e-8
          9.207422380086427e-8 9.21547282928259e-8 9.223722230444764e-8 9.230631548007295e-8 9.234796038981585e-8 9.234745590447346e-8
          9.228393338389651e-8 9.211455420654602e-8 9.180558890875545e-8 9.13485109776957e-8 9.076210716330024e-8 9.008468992988128e-8
          8.93609382046634e-8 8.86331505967064e-8 8.793545447360884e-8 8.728991929274343e-8 8.670636475471838e-8 8.619074520765935e-8
          8.575771914820507e-8 8.541328355704536e-8 8.515724658764157e-8 8.498557235725457e-8 8.489249836429735e-8 8.4871508931883e-8
          8.491603153970573e-8 8.502006210164836e-8 8.517864813484266e-8 8.538795981394287e-8 8.564488496176637e-8 8.594558664754004e-8
          8.628411762856558e-8 8.665160322607335e-8 8.704571285989005e-8 8.745868029791382e-8 8.788048688757044e-8 8.829271536114902e-8
          8.86816664547041e-8 8.904682857746593e-8 8.938781093092985e-8 8.970384612894122e-8
        </DataArray>
        <DataArray type="Float32" Name="N2_Gas_mass_fractions_2" format="ascii" RangeMin="0.10604454576969147" RangeMax="0.9557574391365051">
          0.7599999904632568 0.7599998712539673 0.7599577307701111 0.7323817014694214 0.4938516616821289 0.10604454576969147
          0.24535991251468658 0.2572998106479645 0.259331613779068 0.25965750217437744 0.2625114619731903 0.2639214098453522
          0.2654816210269928 0.2682466506958008 0.2770431637763977 0.2966691255569458 0.3202778398990631 0.33829355239868164
          0.3478436768054962 0.3504059910774231 0.34391748905181885 0.33481165766716003 0.32587766647338867 0.316637247800827
          0.3066864311695099 0.2956445515155792 0.2831857204437256 0.26931139826774597 0.2550487220287323 0.24304011464118958
          0.2364075481891632 0.23630456626415253 0.2430609166622162 0.2629023790359497 0.5971058011054993 0.8962405920028687
          0.9538830518722534 0.9557574391365051 0.9557163119316101 0.9556857347488403 0.9556639790534973 0.955647349357605
          0.9556339979171753 0.9556227326393127 0.9556127786636353 0.9556035995483398 0.9555948376655579 0.9555860757827759
          0.9555771946907043 0.9555680751800537 0.9555584788322449 0.9555484652519226 0.9555379748344421 0.9555270075798035
          0.9555158019065857 0.955504298210144 0.9554926753044128 0.9554810523986816 0.9554694294929504 0.955457866191864
          0.9554464221000671 0.9554350972175598 0.9554240107536316 0.9554131031036377 0.9554023742675781 0.9553917646408081
          0.9553828239440918 0.9553760886192322 0.955371618270874 0.9553694128990173 0.7599999904632568 0.7599999308586121
          0.7599886059761047 0.7572925090789795 0.7025506496429443 0.4726482927799225 0.4253526031970978 0.38074931502342224
          0.35356780886650085 0.330126017332077 0.3279697299003601 0.3357219398021698 0.3591598868370056 0.4023667275905609
          0.45284828543663025 0.49193787574768066 0.5165911316871643 0.5163604617118835 0.48973044753074646 0.4442046880722046
          0.3865277171134949 0.3331911563873291 0.29941269755363464 0.28349220752716064 0.2751936614513397 0.2681625187397003
          0.26010623574256897 0.25107982754707336 0.24287769198417664 0.23847222328186035 0.23980747163295746 0.24781681597232819
          0.2657032012939453 0.3255845904350281 0.6120308637619019 0.8775322437286377 0.9464503526687622 0.9443457722663879
          0.9358395338058472 0.9270776510238647 0.9190270304679871 0.912154495716095 0.9066280126571655 0.9024195671081543
          0.8993774652481079 0.8972849249839783 0.8959093689918518 0.8950397372245789 0.8945057988166809 0.8941821455955505
          0.8939831256866455 0.8938553333282471 0.8937690854072571 0.8937095999717712 0.8936738967895508 0.8936558365821838
          0.8936483263969421 0.8936445116996765 0.8936392068862915 0.8936294317245483 0.8936147689819336 0.8935966491699219
          0.8935773372650146 0.8935592174530029 0.8935441970825195 0.8935338854789734 0.893526017665863 0.893519937992096
          0.8935158848762512 0.8935139179229736 0.7599999904632568 0.7599999904632568 0.7599970102310181 0.7595779299736023
          0.7494059801101685 0.695185124874115 0.6371138095855713 0.5860497355461121 0.5469375848770142 0.505250096321106
          0.5065135359764099 0.5225091576576233 0.5502933263778687 0.5751330852508545 0.5934849977493286 0.6076143980026245
          0.6143737435340881 0.6058513522148132 0.5643893480300903 0.4885988235473633 0.3832852244377136 0.31505557894706726
          0.2854118347167969 0.27179932594299316 0.2640388011932373 0.25784555077552795 0.25194251537323 0.24705396592617035
          0.24535873532295227 0.2483917474746704 0.2579871118068695 0.27600032091140747 0.30538806319236755 0.3795512020587921
          0.626891553401947 0.8563925623893738 0.9396779537200928 0.9410524368286133 0.9296367764472961 0.9176443219184875
          0.9069134593009949 0.8982993960380554 0.891972005367279 0.88765549659729 0.884886622428894 0.8831915855407715
          0.8821766376495361 0.8815677165985107 0.8811790347099304 0.8808780312538147 0.8806795477867126 0.8805709481239319
          0.8805041909217834 0.8804380297660828 0.8803466558456421 0.8802345991134644 0.8801162838935852 0.8800055384635925
          0.8799110651016235 0.8798361420631409 0.8797788619995117 0.8797350525856018 0.8797012567520142 0.8796756863594055
          0.8796584010124207 0.879650354385376 0.8796522617340088 0.8796625137329102 0.879676103591919 0.8796854615211487
          0.7599999904632568 0.7599999904632568 0.7599993348121643 0.7599262595176697 0.7582389116287231 0.7487157583236694
          0.7306307554244995 0.707482635974884 0.660883903503418 0.6351076364517212 0.6338663697242737 0.6386228203773499
          0.6448128819465637 0.6518767476081848 0.6598114371299744 0.6667208075523376 0.6702128648757935 0.6676700115203857
          0.6576876640319824 0.6353521943092346 0.5739789009094238 0.4636373817920685 0.37710607051849365 0.3239307403564453
          0.2926538288593292 0.27478671073913574 0.26568421721458435 0.2627367675304413 0.265653133392334 0.275697261095047
          0.2948739230632782 0.3099568784236908 0.333757221698761 0.4249974489212036 0.6330406069755554 0.8273942470550537
          0.9265929460525513 0.9420785903930664 0.9317283034324646 0.9193949699401855 0.9079079627990723 0.8987966179847717
          0.8934670686721802 0.8925257921218872 0.8944619297981262 0.896664559841156 0.8978902697563171 0.8983451128005981
          0.8984313011169434 0.8984327912330627 0.8983986973762512 0.8983311057090759 0.8982482552528381 0.8981416821479797
          0.8980036377906799 0.8978419899940491 0.8976703882217407 0.8975021243095398 0.8973475694656372 0.8972129821777344
          0.8971007466316223 0.8970109224319458 0.8969427347183228 0.8968940377235413 0.8968610167503357 0.8968384265899658
          0.8968208432197571 0.8968043923377991 0.8967887163162231 0.8967779874801636 0.7599999904632568 0.7599999904632568
          0.7599998712539673 0.7599886059761047 0.7597376704216003 0.7582321166992188 0.7545055747032166 0.7250578999519348
          0.6857467889785767 0.6823714971542358 0.6814031600952148 0.6816818714141846 0.6832802891731262 0.6860399842262268
          0.6890219449996948 0.6911093592643738 0.6899107098579407 0.6825199723243713 0.6714954376220703 0.6663385033607483
          0.6652461886405945 0.615510880947113 0.5164987444877625 0.41707944869995117 0.34982872009277344 0.3141544759273529
          0.2987607419490814 0.2955852448940277 0.3022499084472656 0.31439605355262756 0.3185131847858429 0.3225201368331909
          0.35272282361984253 0.4484781324863434 0.6190892457962036 0.7821997404098511 0.898289680480957 0.9363990426063538
          0.9342199563980103 0.9261307120323181 0.9174134731292725 0.9098300933837891 0.9042955636978149 0.9012030363082886
          0.9000391364097595 0.9000605344772339 0.9004727602005005 0.9003981351852417 0.8990342617034912 0.8973556160926819
          0.8972944617271423 0.8985429406166077 0.8996901512145996 0.900154709815979 0.9001872539520264 0.8999903798103333
          0.8996868133544922 0.8993414640426636 0.8989730477333069 0.8985682725906372 0.8981202840805054 0.8976384997367859
          0.8971390128135681 0.8966359496116638 0.8961412310600281 0.8956658840179443 0.8952219486236572 0.8948207497596741
          0.8944695591926575 0.8941640853881836 0.7599999904632568 0.7599999904632568 0.7599999904632568 0.7599985003471375
          0.7599664330482483 0.7597521543502808 0.7533953189849854 0.7253444194793701 0.6954140663146973 0.6946516036987305
          0.6943351030349731 0.6943977475166321 0.694889485836029 0.6955564618110657 0.6961109638214111 0.6955040693283081
          0.688717246055603 0.6696519255638123 0.6432214379310608 0.6284270286560059 0.6409870982170105 0.638538122177124
          0.5731341242790222 0.483230322599411 0.4070384204387665 0.36230921745300293 0.3409461975097656 0.3337995707988739
          0.3327726423740387 0.3292882740497589 0.32106995582580566 0.3198414742946625 0.34685778617858887 0.42754799127578735
          0.5640513896942139 0.7039740681648254 0.8378310203552246 0.9121499061584473 0.9239733815193176 0.9237218499183655
          0.9203436374664307 0.9165206551551819 0.9132992625236511 0.9110802412033081 0.909837007522583 0.9093868732452393
          0.909508466720581 0.909953236579895 0.9104709625244141 0.9109597206115723 0.9114804267883301 0.912023663520813
          0.9122035503387451 0.9119548797607422 0.9113030433654785 0.9103000164031982 0.9090196490287781 0.9075537919998169
          0.9060025215148926 0.9044627547264099 0.9030166268348694 0.9017219543457031 0.9006056785583496 0.8996624946594238
          0.8988587260246277 0.8981404304504395 0.8974456191062927 0.8967171907424927 0.8959143161773682 0.8950198292732239
          0.7599999904632568 0.7599999904632568 0.7599999904632568 0.7599998116493225 0.7599964141845703 0.7599607110023499
          0.7526702284812927 0.7189011573791504 0.6971027255058289 0.6969053149223328 0.6968450546264648 0.6968618035316467
          0.6969395279884338 0.6970307230949402 0.6970000863075256 0.694575846195221 0.6797040700912476 0.6424382328987122
          0.5921999216079712 0.5606154799461365 0.5750792026519775 0.6146836280822754 0.5956611037254333 0.5311707854270935
          0.4575268626213074 0.4082466959953308 0.37910059094429016 0.3619515001773834 0.3487301170825958 0.33431875705718994
          0.31807371973991394 0.3048008382320404 0.30696043372154236 0.3511296510696411 0.4481870234012604 0.5591402053833008
          0.6775467395782471 0.8134365677833557 0.8560160398483276 0.8742735981941223 0.8836284279823303 0.8891357779502869
          0.8928796648979187 0.8958163261413574 0.8983832001686096 0.9007577300071716 0.9029842019081116 0.9050517678260803
          0.9069296717643738 0.9085862040519714 0.9100032448768616 0.9111765027046204 0.9121119976043701 0.9128220677375793
          0.9133014678955078 0.9135229587554932 0.913461446762085 0.9131492972373962 0.9126803278923035 0.9121477007865906
          0.9115948677062988 0.9110236167907715 0.9104214906692505 0.9097679853439331 0.90904301404953 0.9082260727882385
          0.907295286655426 0.9062343835830688 0.905019998550415 0.9036242365837097 0.7599999904632568 0.7599999904632568
          0.7599999904632568 0.7599999904632568 0.759999692440033 0.7599963545799255 0.7595680952072144 0.7210767865180969
          0.6973748207092285 0.6972104907035828 0.6971995234489441 0.6971973180770874 0.6972020268440247 0.6972081065177917
          0.6969934105873108 0.6917621493339539 0.6675249338150024 0.6178023815155029 0.5536922216415405 0.5085501074790955
          0.5130170583724976 0.5595537424087524 0.593101441860199 0.5612135529518127 0.5106083154678345 0.4631976783275604
          0.42681339383125305 0.3996373414993286 0.37697941064834595 0.35582441091537476 0.3351514935493469 0.31537196040153503
          0.3009254038333893 0.3018139600753784 0.324981153011322 0.3663923740386963 0.4243435561656952 0.5339356660842896
          0.6192500591278076 0.6775042414665222 0.7183330655097961 0.7482350468635559 0.7709735631942749 0.7887609601020813
          0.8029252886772156 0.8143104910850525 0.8234911561012268 0.830859363079071 0.8366804122924805 0.841140866279602
          0.844387948513031 0.8465703725814819 0.8478612303733826 0.8484615087509155 0.8485834002494812 0.8484482765197754
          0.8482748866081238 0.8482170104980469 0.8482877016067505 0.848370373249054 0.8483081459999084 0.8479560017585754
          0.8472902774810791 0.8464758992195129 0.8459216356277466 0.8458319306373596 0.8462538719177246 0.8472797274589539
          0.8488132953643799 0.8507102131843567 0.7599999904632568 0.7599999904632568 0.7599999904632568 0.7599999904632568
          0.7599999904632568 0.7599997520446777 0.7599833607673645 0.7586334347724915 0.6975871324539185 0.6972456574440002
          0.6972410082817078 0.6972395777702332 0.6972385048866272 0.6972373127937317 0.6971543431282043 0.693463921546936
          0.6737040281295776 0.6299874782562256 0.5633893013000488 0.4979316294193268 0.47292453050613403 0.4897545278072357
          0.5282825231552124 0.5454723238945007 0.5296580791473389 0.5077884197235107 0.48455145955085754 0.46230489015579224
          0.4415992796421051 0.4224115312099457 0.4047382175922394 0.38837578892707825 0.37335842847824097 0.3605225086212158
          0.3509853184223175 0.3457172214984894 0.34610873460769653 0.3578336536884308 0.38000714778900146 0.4079391658306122
          0.43740448355674744 0.465794175863266 0.4917925298213959 0.5148575901985168 0.5348717570304871 0.5519508719444275
          0.5663233399391174 0.5782040953636169 0.5877732634544373 0.5951954126358032 0.6006385684013367 0.6042781472206116
          0.6062933206558228 0.6068665981292725 0.6061720848083496 0.6043707132339478 0.6015995740890503 0.5979557633399963
          0.5935091376304626 0.5883474946022034 0.5826516151428223 0.5767852663993835 0.5714632868766785 0.5672519207000732
          0.5642213821411133 0.562412440776825 0.5619494318962097 0.5629719495773315 0.5656135082244873 0.5699430704116821
          0.7599999904632568 0.7599999904632568 0.7599999904632568 0.7599999904632568 0.7599999904632568 0.7599999904632568
          0.7599994540214539 0.7599681615829468 0.7587384581565857 0.748517632484436 0.7286206483840942 0.6976343989372253
          0.6972478032112122 0.6972450613975525 0.6972439289093018 0.6972386837005615 0.6972007155418396 0.6949715614318848
          0.6665253043174744 0.5773234367370605 0.48055535554885864 0.4653139114379883 0.48819151520729065 0.5028875470161438
          0.5125810503959656 0.5126639604568481 0.49897751212120056 0.4869012236595154 0.47567662596702576 0.4652285575866699
          0.4554274380207062 0.4460815489292145 0.4371289908885956 0.4286508858203888 0.42072081565856934 0.41339588165283203
          0.4067363440990448 0.4009966254234314 0.396642804145813 0.39395245909690857 0.39290252327919006 0.39323970675468445
          0.3946022391319275 0.3966168463230133 0.39895954728126526 0.40139099955558777 0.4037632346153259 0.40597325563430786
          0.4078872799873352 0.4094308614730835 0.4105745553970337 0.41131922602653503 0.41168212890625 0.4116896986961365
          0.41137218475341797 0.4107592701911926 0.40987592935562134 0.40874210000038147 0.4073742926120758 0.40579429268836975
          0.40403661131858826 0.4021534323692322 0.40015843510627747 0.39809656143188477 0.39602547883987427 0.39405208826065063
          0.3922562003135681 0.39064034819602966 0.3892063498497009 0.38795801997184753
        </DataArray>
        <DataArray type="Float32" Name="H2O_Gas_mass_fractions_3" format="ascii" RangeMin="5.68677869928489e-17" RangeMax="0.045037657022476196">
          3.116262109470469e-11 8.422857966650099e-9 0.000002191533894801978 0.0014060052344575524 0.015475542284548283 0.045037657022476196
          0.039187174290418625 0.038940902799367905 0.03894446790218353 0.0389864444732666 0.03877720236778259 0.03863993659615517
          0.03849497064948082 0.03823034465312958 0.03736596181988716 0.035452816635370255 0.03316275030374527 0.03137483447790146
          0.030367908999323845 0.03000963293015957 0.030510088428854942 0.03128970414400101 0.03206111118197441 0.03285418823361397
          0.0337003692984581 0.034628186374902725 0.035662371665239334 0.03680635243654251 0.03799286112189293 0.03903542086482048
          0.03969784080982208 0.039864879101514816 0.03950279578566551 0.03819846361875534 0.020751019939780235 0.005381595343351364
          0.002398979850113392 0.002301489468663931 0.0023036329075694084 0.00230521522462368 0.002306342590600252 0.002307201735675335
          0.002307892544195056 0.0023084755521267653 0.0023089905735105276 0.002309465780854225 0.0023099216632544994 0.0023103731218725443
          0.002310832031071186 0.0023113065399229527 0.0023118017707020044 0.002312321215867996 0.0023128644097596407 0.002313429256901145
          0.0023140113335102797 0.0023146052844822407 0.0023152059875428677 0.002315809018909931 0.0023164108861237764 0.0023170090280473232
          0.0023176013492047787 0.00231818575412035 0.002318760845810175 0.002319325227290392 0.0023198802955448627 0.002320428378880024
          0.002320891246199608 0.0023212393280118704 0.0023214707616716623 0.00232158531434834 1.2167567300935822e-11 2.8414379737995432e-9
          5.961870783721679e-7 0.00013310318172443658 0.002752134809270501 0.018922854214906693 0.024607442319393158 0.02850693091750145
          0.030722714960575104 0.03198203817009926 0.03204593062400818 0.031185006722807884 0.028825668618083 0.0247064009308815
          0.02011084370315075 0.016743909567594528 0.014733059331774712 0.014855579473078251 0.01719808019697666 0.0211593359708786
          0.02619856223464012 0.030931249260902405 0.03401413559913635 0.03550790250301361 0.03627984970808029 0.036896806210279465
          0.03757724165916443 0.03833968937397003 0.03906185179948807 0.039517953991889954 0.03953661024570465 0.03901239112019539
          0.037626929581165314 0.03435129299759865 0.01999451033771038 0.006353893782943487 0.0027843646239489317 0.002892186865210533
          0.003332503605633974 0.0037860230077058077 0.004202718380838633 0.0045584216713905334 0.004844446666538715 0.0050622401759028435
          0.005219659302383661 0.005327927879989147 0.005399082321673632 0.005444052629172802 0.0054716491140425205 0.005488364491611719
          0.005498629529029131 0.005505210720002651 0.005509643349796534 0.005512689705938101 0.0055145202204585075 0.0055154431611299515
          0.005515823606401682 0.00551601080223918 0.005516273435205221 0.005516760516911745 0.005517495330423117 0.005518407095223665
          0.005519379861652851 0.005520292557775974 0.005521044600754976 0.005521557293832302 0.005521947517991066 0.0055222478695213795
          0.005522449035197496 0.005522546358406544 4.479846181515423e-12 8.473141077658397e-10 1.5467762182197475e-7 0.000021356885554268956
          0.0004815663560293615 0.004071914590895176 0.008671751245856285 0.012517618015408516 0.015201250091195107 0.015989258885383606
          0.0157134048640728 0.014223979786038399 0.011812189593911171 0.009764041751623154 0.008321015164256096 0.007240205071866512
          0.006766164675354958 0.007565469015389681 0.011158083565533161 0.01769586093723774 0.02678896300494671 0.03269799426198006
          0.03530411422252655 0.03652399405837059 0.03721964731812477 0.03776269033551216 0.03827627748250961 0.038719289004802704
          0.03892708942294121 0.03876784071326256 0.03806797042489052 0.0366164930164814 0.03453752398490906 0.03144368156790733
          0.01925421878695488 0.007454675622284412 0.003136448562145233 0.0030623681377619505 0.003652398008853197 0.004271246027201414
          0.004823530558496714 0.005265261512249708 0.005588239524513483 0.005807370878756046 0.0059471032582223415 0.006032130680978298
          0.0060827904380857944 0.006113061215728521 0.006132332608103752 0.006147284992039204 0.006157067138701677 0.006162285804748535
          0.006165390834212303 0.006168517284095287 0.006172989960759878 0.006178583484143019 0.006184551399201155 0.006190179847180843
          0.006195001769810915 0.006198845338076353 0.0062017980962991714 0.006204067729413509 0.00620582839474082 0.006207164842635393
          0.006208074279129505 0.0062084984965622425 0.006208398845046759 0.006207857746630907 0.00620714295655489 0.006206652149558067
          1.560422581078913e-12 2.259920722780251e-10 3.38313306258442e-8 0.0000037700610846513882 0.00008451886242255569 0.0006882093730382621
          0.001986358081921935 0.0034269019961357117 0.00445652985945344 0.004998838063329458 0.005058652721345425 0.00465575885027647
          0.004158490337431431 0.003602016484364867 0.0029786056838929653 0.0024368097074329853 0.0021703396923840046 0.0023969197645783424
          0.003238145960494876 0.0051278043538331985 0.010376683436334133 0.019895868375897408 0.027399195358157158 0.03202495723962784
          0.034750454127788544 0.03631241247057915 0.03712307661771774 0.03742305189371109 0.03724369779229164 0.03645123913884163
          0.03483946621417999 0.03371456637978554 0.03295794874429703 0.029185237362980843 0.018968604505062103 0.008965961635112762
          0.003818125929683447 0.0030095677357167006 0.0035442893858999014 0.004180909600108862 0.004772264044731855 0.005239527672529221
          0.005511138588190079 0.0055571128614246845 0.005455780308693647 0.005341261625289917 0.00527705904096365 0.005252349656075239
          0.005246403161436319 0.005244554951786995 0.005244613159447908 0.005246465560048819 0.005249119829386473 0.0052529009990394115
          0.005258186254650354 0.005264615174382925 0.005271558649837971 0.005278420634567738 0.0052847545593976974 0.005290298722684383
          0.005294956266880035 0.005298714619129896 0.005301595665514469 0.0053036813624203205 0.005305118393152952 0.0053061130456626415
          0.005306886043399572 0.005307597573846579 0.005308261141180992 0.0053087156265974045 5.059845229436755e-13 5.59696455848524e-11
          6.2973493086815324e-9 5.744574309574091e-7 0.000013061207937425934 0.0001059050700860098 0.0003480435989331454 0.000668933498673141
          0.0009569049580022693 0.0011829622089862823 0.0012553471606224775 0.0012304122792556882 0.0011027188738808036 0.0008843152318149805
          0.0006488969083875418 0.0004859279142692685 0.0005943026044405997 0.0012193789007142186 0.002148642670363188 0.0025805747136473656
          0.0026661569718271494 0.0069064791314303875 0.01540751289576292 0.023979004472494125 0.02979987859725952 0.03290857747197151
          0.03427042439579964 0.03457989543676376 0.03402470797300339 0.03295963257551193 0.032693296670913696 0.03290354833006859
          0.032158263027668 0.02810620702803135 0.019717535004019737 0.011316873133182526 0.005290827713906765 0.0033058933913707733
          0.0034163619857281446 0.003833604045212269 0.004282800480723381 0.004672751296311617 0.0049566286616027355 0.005114766303449869
          0.005173934623599052 0.005172520410269499 0.005151566583663225 0.005156371276825666 0.0052268002182245255 0.005312624387443066
          0.005315083544701338 0.005250479560345411 0.005191247444599867 0.0051671895198524 0.0051652733236551285 0.005174835212528706
          0.0051891920156776905 0.005204628221690655 0.005219944752752781 0.005235915072262287 0.005253385752439499 0.005272434558719397
          0.0052926139906048775 0.005313328467309475 0.005333987530320883 0.005354010965675116 0.0053728180937469006 0.005389879457652569
          0.0054048509337008 0.005417929962277412 1.461602919857613e-13 1.3068415273542744e-11 1.0595548882719186e-9 7.335818708043007e-8
          0.000001652986611588858 0.000013944330930826254 0.00004851113408221863 0.000102801583125256 0.00015958455333020538 0.00020599080016836524
          0.00023009082360658795 0.0002244887873530388 0.00018535938579589128 0.00013269345799926668 0.00008920797699829563 0.00014201602607499808
          0.0007124480907805264 0.002316637197509408 0.004545281175523996 0.005792353767901659 0.004721709992736578 0.004924355074763298
          0.01050307136029005 0.018191078677773476 0.02477458119392395 0.02865489199757576 0.03051164746284485 0.031116291880607605
          0.031161289662122726 0.031444188207387924 0.03232904151082039 0.03311900421977043 0.03261370584368706 0.029262864962220192
          0.022566497325897217 0.015357457101345062 0.008415153250098228 0.004552470985800028 0.0039373235777020454 0.003949250094592571
          0.004123251885175705 0.00432021077722311 0.004486097488552332 0.0046003879979252815 0.004664596635848284 0.004688183311372995
          0.004682525992393494 0.004660378210246563 0.004634512588381767 0.004610083531588316 0.004583919886499643 0.004556511994451284
          0.004547674208879471 0.004560568369925022 0.004593833815306425 0.0046450006775557995 0.004710369743406773 0.004785226657986641
          0.004864351358264685 0.004942664876580238 0.005015846807509661 0.005080863833427429 0.005136305466294289 0.005182433873414993
          0.005220973398536444 0.005254665389657021 0.005286647472530603 0.005319792777299881 0.005356145091354847 0.005396555177867413
          3.53582689115086e-14 2.745747205989968e-12 1.6815515646584345e-10 8.265176099087057e-9 1.7242462035937933e-7 0.0000015004288798081689
          0.000005476184469443979 0.00001224595143867191 0.000020071187464054674 0.000027047510229749605 0.00003158062099828385 0.00003011694388987962
          0.000023901973690954037 0.000016655854778946377 0.000019500865164445713 0.00022280306438915431 0.001472370931878686 0.00461332593113184
          0.008859184570610523 0.011529526673257351 0.010290063917636871 0.006920440588146448 0.008500324562191963 0.01394868828356266
          0.020274387672543526 0.024509353563189507 0.02699873596429825 0.02842809073626995 0.029505878686904907 0.030718142166733742
          0.0321965217590332 0.03368406370282173 0.034479279071092606 0.03310316056013107 0.028442038223147392 0.022764047607779503
          0.016634764149785042 0.009590128436684608 0.007387511432170868 0.006446090992540121 0.0059656728990375996 0.00568407541140914
          0.005493432283401489 0.005344310775399208 0.005214172415435314 0.0050938930362463 0.004981162957847118 0.004876504186540842
          0.004781476221978664 0.004697653464972973 0.004625894594937563 0.004566405899822712 0.004518912639468908 0.004482874181121588
          0.004458624869585037 0.004447351675480604 0.004450113046914339 0.004465250764042139 0.004488232079893351 0.004514608066529036
          0.004542328417301178 0.004571313038468361 0.004602151457220316 0.0046357945539057255 0.004673161543905735 0.004715166985988617
          0.004762785974889994 0.004816732369363308 0.004878053907305002 0.00494801253080368 6.631101189116329e-15 4.70344629129732e-13
          2.3879707239382597e-11 8.521180427933928e-10 1.5293611710376354e-8 1.3112567387452145e-7 5.024992901780934e-7 0.000001194519313685305
          0.000002033124019362731 0.0000029071754852338927 0.000003621649284468731 0.0000037133613659534603 0.0000032679906780685997 0.0000027127182420372264
          0.000020618706912500784 0.00045975734246894717 0.0025012583937495947 0.006702977232635021 0.012134196236729622 0.01596280373632908
          0.01557021401822567 0.011584547348320484 0.008684800006449223 0.01130644604563713 0.015604427084326744 0.01962783746421337
          0.022698890417814255 0.024966483935713768 0.02684212476015091 0.028604794293642044 0.03035968914628029 0.03211233392357826
          0.03361885994672775 0.03430340439081192 0.03364800661802292 0.03187546133995056 0.029127780348062515 0.02365335449576378
          0.019343359395861626 0.01638706959784031 0.01431061327457428 0.012787986546754837 0.011628996580839157 0.010721386410295963
          0.009997561573982239 0.009414463303983212 0.008942713961005211 0.008562229573726654 0.008259279653429985 0.008024151436984539
          0.007849208079278469 0.007726810872554779 0.007648203056305647 0.007603425532579422 0.007582155056297779 0.007573787122964859
          0.007567922584712505 0.007557316217571497 0.007541476283222437 0.007526024244725704 0.007518360856920481 0.007525255437940359
          0.007547663990408182 0.0075776539742946625 0.007595776114612818 0.00759238563477993 0.007565341889858246 0.007510503754019737
          0.00743258697912097 0.007338511757552624 8.539333011591075e-16 5.687930595271729e-14 2.5849756363216514e-12 7.39113284464743e-11
          1.1154770440668926e-9 9.077519180777927e-9 3.6350833454434905e-8 9.50623402218298e-8 2.4571318135713227e-7 3.520264897360903e-7
          4.121810661672498e-7 4.4847487856713997e-7 4.5829119699192233e-7 4.798010877493653e-7 0.000007339516741922125 0.00031750512425787747
          0.0019841587636619806 0.0056821200996637344 0.01132559310644865 0.016877535730600357 0.018989479169249535 0.01752571016550064
          0.014205072075128555 0.01264672726392746 0.013938759453594685 0.015763742849230766 0.017698640003800392 0.019540637731552124
          0.021247221156954765 0.0228269062936306 0.02428336814045906 0.02563798800110817 0.026905003935098648 0.0280492901802063
          0.029009412974119186 0.029736049473285675 0.030162585899233818 0.030017096549272537 0.029295839369297028 0.028210405260324478
          0.026976216584444046 0.025737697258591652 0.024574654176831245 0.023525314405560493 0.022603748366236687 0.021810075268149376
          0.02113712765276432 0.02057707868516445 0.02012292668223381 0.01976785995066166 0.01950451359152794 0.019324902445077896
          0.019220640882849693 0.019183030351996422 0.019203657284379005 0.019274646416306496 0.0193891990929842 0.019542381167411804
          0.01973051019012928 0.01994899846613407 0.020188773050904274 0.020432012155652046 0.020644251257181168 0.020798280835151672
          0.020890584215521812 0.02091924659907818 0.02087978646159172 0.020767685025930405 0.02057921513915062 0.02031349018216133
          5.68677869928489e-17 3.6177370100294245e-15 1.5454669065762677e-13 3.9201363509488996e-12 5.185935014750953e-11 3.9945682872577493e-10
          1.6778828326735606e-9 4.732862990408648e-9 1.1396046772915724e-8 2.8225315418239916e-8 3.470079334988441e-8 3.644263557589511e-8
          4.101547546042639e-8 4.632895311829088e-8 6.072484382002585e-8 4.16746274822799e-7 0.000003504486585370614 0.00019068564870394766
          0.0025868911761790514 0.010127685964107513 0.018331307917833328 0.019587809219956398 0.017574599012732506 0.016262827441096306
          0.015389741398394108 0.015322002582252026 0.016419485211372375 0.017397437244653702 0.018307646736502647 0.01915467530488968
          0.019949136301875114 0.02070736140012741 0.021435976028442383 0.02213100530207157 0.022789720445871353 0.023411618545651436
          0.023998156189918518 0.024540692567825317 0.025008918717503548 0.025380738079547882 0.025651758536696434 0.025831803679466248
          0.025938399136066437 0.025990955531597137 0.02600720524787903 0.026001248508691788 0.025982994586229324 0.025959616526961327
          0.025938302278518677 0.0259237103164196 0.025918476283550262 0.02592376433312893 0.025939829647541046 0.0259663425385952
          0.02600264921784401 0.026047974824905396 0.026101605966687202 0.026162927970290184 0.02623138576745987 0.026306191459298134
          0.026386070996522903 0.026469117030501366 0.02655474841594696 0.026641331613063812 0.026726827025413513 0.026807470247149467
          0.02688039280474186 0.026945386081933975 0.027002252638339996 0.027050718665122986
        </DataArray>
        <DataArray type="Float32" Name="CO_Gas_mass_fractions_4" format="ascii" RangeMin="4.1938117936931587e-16" RangeMax="0.2999427914619446">
          2.1032468822124173e-10 5.878148101601255e-8 0.00001549744774820283 0.005929594859480858 0.04643178731203079 0.08578205853700638
          0.07803011685609818 0.08173222839832306 0.08457057923078537 0.08637913316488266 0.10032016038894653 0.11269156634807587
          0.12295296043157578 0.13220755755901337 0.13968342542648315 0.14426149427890778 0.14709071815013885 0.15172640979290009
          0.15793932974338531 0.16543470323085785 0.17332179844379425 0.17908820509910583 0.184177964925766 0.1896062046289444
          0.19572217762470245 0.2029230296611786 0.21168236434459686 0.22246795892715454 0.23535020649433136 0.24935884773731232
          0.2625918388366699 0.2733891010284424 0.28371331095695496 0.29575908184051514 0.17632542550563812 0.048487111926078796
          0.02272622659802437 0.02187686786055565 0.021897248923778534 0.02191229537129402 0.021923018619418144 0.02193119004368782
          0.021937761455774307 0.02194330468773842 0.021948203444480896 0.02195272408425808 0.02195705845952034 0.021961353719234467
          0.021965717896819115 0.021970229223370552 0.021974941715598106 0.021979881450533867 0.021985048428177834 0.021990420296788216
          0.02199595421552658 0.0220016036182642 0.02200731821358204 0.02201305329799652 0.022018777206540108 0.02202446572482586
          0.022030098363757133 0.022035658359527588 0.02204112708568573 0.022046495229005814 0.022051775828003883 0.02205698750913143
          0.022061390802264214 0.022064700722694397 0.022066902369260788 0.02206799015402794 8.51954756742046e-11 1.9931340133894082e-8
          0.00000435827178080217 0.0008019416709430516 0.012711510062217712 0.05881451070308685 0.08507118374109268 0.10428109019994736
          0.11640407145023346 0.1219436451792717 0.13031211495399475 0.13736745715141296 0.14209651947021484 0.13989870250225067
          0.13032160699367523 0.11852384358644485 0.10999319702386856 0.11367829889059067 0.13143602013587952 0.1591431349515915
          0.19148483872413635 0.21680550277233124 0.2263602763414383 0.22698655724525452 0.22672998905181885 0.22881396114826202
          0.23397281765937805 0.2420540601015091 0.25222983956336975 0.26269736886024475 0.271341472864151 0.2777654528617859
          0.28307801485061646 0.27920499444007874 0.171983540058136 0.05710351839661598 0.02630176767706871 0.027494192123413086
          0.03168254345655441 0.035995837301015854 0.039958931505680084 0.043341949582099915 0.04606229439377785 0.04813370481133461
          0.049630921334028244 0.05066068097949028 0.051337458193302155 0.05176520347595215 0.052027713507413864 0.05218672752380371
          0.05228439345955849 0.05234702304005623 0.05238921195268631 0.05241822078824043 0.052435651421546936 0.052444446831941605
          0.052448075264692307 0.05244986340403557 0.05245238170027733 0.05245703458786011 0.05246404558420181 0.05247274413704872
          0.05248202010989189 0.052490729838609695 0.05249790474772453 0.05250280350446701 0.05250653252005577 0.05250940099358559
          0.05251132696866989 0.05251225829124451 3.2043909192758235e-11 5.849412954006539e-9 0.0000011022523267456563 0.00015744756092317402
          0.0030728583224117756 0.01915670558810234 0.04216454178094864 0.06408790498971939 0.08158232271671295 0.09019540995359421
          0.09546075761318207 0.09454534202814102 0.08633948862552643 0.07579644024372101 0.06617265939712524 0.05819772183895111
          0.054563187062740326 0.060620907694101334 0.08735738694667816 0.1339675635099411 0.1950865536928177 0.22979827225208282
          0.24002106487751007 0.24167482554912567 0.2420239895582199 0.2438906580209732 0.2480933517217636 0.25434648990631104
          0.26141035556793213 0.26746004819869995 0.2716189920902252 0.2736462354660034 0.27742841839790344 0.2634015381336212
          0.1672050654888153 0.0668603926897049 0.02945340797305107 0.029109684750437737 0.03472639620304108 0.0406140461564064
          0.045870110392570496 0.05007556825876236 0.05315167084336281 0.055239662528038025 0.05657162517309189 0.05738255754113197
          0.05786578729748726 0.05815448239445686 0.058338191360235214 0.058480679988861084 0.05857385694980621 0.05862351134419441
          0.05865303426980972 0.058682795614004135 0.05872545763850212 0.05877887085080147 0.05883590877056122 0.05888975039124489
          0.05893591791391373 0.05897275730967522 0.05900109186768532 0.059022895991802216 0.059039827436208725 0.059052690863609314
          0.059061449021101 0.059065546840429306 0.05906461924314499 0.05905945599079132 0.05905262753367424 0.05904793366789818
          1.157638481602552e-11 1.5933284691627136e-9 2.3786357417066029e-7 0.00002960372148663737 0.0006284721894189715 0.004388070665299892
          0.012393214739859104 0.022304896265268326 0.030554909259080887 0.036107566207647324 0.03846799582242966 0.03687048330903053
          0.03361639752984047 0.029427461326122284 0.024570809677243233 0.02031491883099079 0.01834462769329548 0.020589679479599
          0.027857137843966484 0.04261936619877815 0.0806611180305481 0.14562350511550903 0.19307540357112885 0.21980008482933044
          0.23455674946308136 0.2436034381389618 0.2501440942287445 0.2557855248451233 0.2604474127292633 0.2629099190235138
          0.26334673166275024 0.2704678773880005 0.2745000720024109 0.24937766790390015 0.16608017683029175 0.08030419051647186
          0.03544885665178299 0.02858482301235199 0.03369839861989021 0.03975469619035721 0.04538247361779213 0.04983118548989296
          0.05241778492927551 0.052854929119348526 0.05188840627670288 0.050795573741197586 0.05018192529678345 0.04994458705186844
          0.04988602548837662 0.049866341054439545 0.04986489191651344 0.04988061264157295 0.04990400746464729 0.0499381385743618
          0.04998660087585449 0.05004601925611496 0.05011048540472984 0.050174422562122345 0.050233662128448486 0.050285760313272476
          0.05032980814576149 0.05036567151546478 0.05039352923631668 0.0504140630364418 0.05042855069041252 0.0504387728869915
          0.05044666677713394 0.05045365169644356 0.05045989528298378 0.05046406015753746 3.872215482286778e-12 4.147005239207857e-10
          4.494410177358077e-8 0.000004442189492692705 0.000102467522083316 0.0007857843302190304 0.0025345601607114077 0.005038093775510788
          0.0074802301824092865 0.00949579942971468 0.010266851633787155 0.010171104222536087 0.00920205470174551 0.007468745578080416
          0.005567164625972509 0.004272566642612219 0.005441338289529085 0.01139276847243309 0.020149607211351395 0.02416389249265194
          0.023880546912550926 0.05406269058585167 0.11338988691568375 0.17113083600997925 0.20939026772975922 0.2302170693874359
          0.24126200377941132 0.24769704043865204 0.2514321208000183 0.2549106478691101 0.26305800676345825 0.27395913004875183
          0.27366891503334045 0.2436913698911667 0.17392785847187042 0.1013730838894844 0.04851353541016579 0.031138993799686432
          0.03239929676055908 0.03641516715288162 0.04070486128330231 0.04442368447780609 0.04713037982583046 0.04863850399851799
          0.049203112721443176 0.04918985068798065 0.04899025335907936 0.049036655575037 0.04970816522836685 0.050525255501270294
          0.05054589733481407 0.04992667958140373 0.049359288066625595 0.04912823811173439 0.04910827800631523 0.04919685050845146
          0.049329448491334915 0.04947013407945633 0.04960739612579346 0.04974895343184471 0.04990381747484207 0.050073813647031784
          0.05025539919734001 0.05044320225715637 0.05063166096806526 0.05081525072455406 0.05098844692111015 0.05114617943763733
          0.051285069435834885 0.05140665918588638 1.1328029443299914e-12 1.0104261871646258e-10 7.817706482171616e-9 5.454209031086066e-7
          0.000013243376997706946 0.00011000214726664126 0.0003823172301054001 0.0008278559544123709 0.0013172175968065858 0.0017261856701225042
          0.0019506784155964851 0.0019274067599326372 0.001620971946977079 0.001192936790175736 0.0008372378069907427 0.0013697609538212419
          0.006753833964467049 0.021827571094036102 0.04273724555969238 0.05443601310253143 0.04434925317764282 0.04289383441209793
          0.08178380876779556 0.13672864437103271 0.18259279429912567 0.21067464351654053 0.22654250264167786 0.2363876849412918
          0.24492812156677246 0.2557154893875122 0.26917409896850586 0.28144049644470215 0.2815689444541931 0.2563997805118561
          0.20034676790237427 0.13788999617099762 0.07658102363348007 0.042279139161109924 0.03696517273783684 0.03726046532392502
          0.03899748995900154 0.0409175343811512 0.04252701625227928 0.0436379536986351 0.04426763206720352 0.04450679570436478
          0.04446374624967575 0.04426005482673645 0.044017888605594635 0.043786969035863876 0.04353780299425125 0.04327603802084923
          0.043191954493522644 0.043315012007951736 0.04363187029957771 0.04411999508738518 0.04474432393908501 0.04545939341187477
          0.04621452838182449 0.046960342675447464 0.04765496402978897 0.048269204795360565 0.04878976196050644 0.04921954125165939
          0.04957545921206474 0.04988405108451843 0.0501754991710186 0.050477366894483566 0.050809234380722046 0.05117934197187424
          2.7339586215584244e-13 2.1688739346159558e-11 1.2981803410028192e-9 6.04997367759097e-8 0.0000013325986856216332 0.000012129393326176796
          0.000044812630221713334 0.00010211978224106133 0.00017395365284755826 0.00024190309341065586 0.00028992266743443906 0.0002870089083444327
          0.0002426608989480883 0.00018832732166629285 0.0002275905426358804 0.002152092754840851 0.013900800608098507 0.04337066784501076
          0.083151675760746 0.10813746601343155 0.09638681262731552 0.06366375833749771 0.07139964401721954 0.11132760345935822
          0.1571584939956665 0.18944546580314636 0.2108437418937683 0.22658301889896393 0.24095840752124786 0.2560671865940094
          0.27240991592407227 0.2890010476112366 0.299540638923645 0.29137149453163147 0.2529585361480713 0.20421163737773895
          0.15042148530483246 0.0876951590180397 0.0680982768535614 0.059763479977846146 0.05554667115211487 0.05309967324137688
          0.05145284906029701 0.050161805003881454 0.049024879932403564 0.047961972653865814 0.04695453494787216 0.04600977525115013
          0.04514429718255997 0.04437444731593132 0.043709706515073776 0.043153684586286545 0.04270574823021889 0.04236312955617905
          0.04213137552142143 0.04202258586883545 0.04204726591706276 0.04219045117497444 0.042410336434841156 0.042665619403123856
          0.04293691739439964 0.043222907930612564 0.04352840781211853 0.04386155679821968 0.04423019289970398 0.0446421317756176
          0.04510578140616417 0.045627206563949585 0.04621563106775284 0.04688231647014618 5.067777794631745e-14 3.720676544638479e-12
          1.9064329281892611e-10 6.456581491676161e-9 1.1520216958160745e-7 0.0000010094622666656505 0.0000039840801946411375 0.000010012478014687076
          0.000020287952793296427 0.00003413062950130552 0.0000472305400762707 0.00005487982343765907 0.00005798146594315767 0.000060560658312169835
          0.00023831236467231065 0.004376424476504326 0.023540616035461426 0.06291037052869797 0.11371833086013794 0.14943377673625946
          0.14554449915885925 0.10774533450603485 0.07786459475755692 0.09623956680297852 0.12777020037174225 0.15882331132888794
          0.1842508763074875 0.20501694083213806 0.22358494997024536 0.24124720692634583 0.258558452129364 0.2760261297225952
          0.29150867462158203 0.2999427914619446 0.29631873965263367 0.28245699405670166 0.25958484411239624 0.2121402621269226
          0.17445054650306702 0.1484828144311905 0.1301913857460022 0.11675139516592026 0.1065048947930336 0.09847011417150497
          0.09205526858568192 0.08688336610794067 0.08269719779491425 0.07932078838348389 0.07663508504629135 0.07455595582723618
          0.0730166807770729 0.07194986939430237 0.07127773761749268 0.07091074436903 0.0707550197839737 0.0707133561372757
          0.07069042325019836 0.07061970978975296 0.07049615681171417 0.07037108391523361 0.07031302899122238 0.07038488984107971
          0.07059690356254578 0.07087737321853638 0.07104973495006561 0.07102612406015396 0.07078691571950912 0.07029394805431366
          0.06959005445241928 0.0687384307384491 6.417810246184697e-15 4.44870946721479e-13 2.0842988793234873e-11 5.867554220273519e-10
          8.567298870332252e-9 6.871696456300924e-8 2.8182930122966354e-7 7.576016400889785e-7 0.0000033450228329456877 0.000008071565389400348
          0.000014368702977662906 0.000020582079741870984 0.000026820747734745964 0.00003352599378558807 0.00010569939331617206 0.0030289613641798496
          0.01866520568728447 0.05329027399420738 0.10604091733694077 0.15779496729373932 0.1772572249174118 0.1632400006055832
          0.13160619139671326 0.11426065117120743 0.12109208106994629 0.1346304714679718 0.15009984374046326 0.16571179032325745
          0.1808347851037979 0.1951882243156433 0.20859511196613312 0.22121752798557281 0.2331540435552597 0.24408112466335297
          0.25342485308647156 0.26073601841926575 0.2654246985912323 0.2651031017303467 0.25963282585144043 0.25080880522727966
          0.24052147567272186 0.23006679117679596 0.22017802298069 0.21121887862682343 0.20333468914031982 0.1965426802635193
          0.19079165160655975 0.186021625995636 0.18217793107032776 0.1792059987783432 0.17704518139362335 0.17562830448150635
          0.1748838871717453 0.17473679780960083 0.17511385679244995 0.17594605684280396 0.17717355489730835 0.17875279486179352
          0.18065109848976135 0.1828272044658661 0.18519863486289978 0.18760272860527039 0.18972444534301758 0.1913129985332489
          0.19233223795890808 0.19276033341884613 0.19255352020263672 0.19166864454746246 0.19007065892219543 0.18775074183940887
          4.1938117936931587e-16 2.7793537938258957e-14 1.236483354941087e-12 3.187608163535138e-11 4.126871622212036e-10 3.1027889146884036e-9
          1.3203379722881436e-8 3.787512881103794e-8 1.1055960413841603e-7 3.17303772590094e-7 5.604390480584698e-7 0.000002425463435429265
          0.000008201016498787794 0.000014369846212503035 0.000020720966858789325 0.00003082688999711536 0.00006806255260016769 0.0018378302920609713
          0.024317028000950813 0.09484247118234634 0.17116686701774597 0.18236519396305084 0.1631091833114624 0.15011151134967804
          0.14037975668907166 0.13664594292640686 0.1450928896665573 0.15322358906269073 0.16109086573123932 0.16858036816120148
          0.17569531500339508 0.1825360357761383 0.18914510309696198 0.1954832822084427 0.2015213519334793 0.2072506546974182
          0.21268123388290405 0.21773745119571686 0.2221519947052002 0.22572417557239532 0.22840723395347595 0.23028096556663513
          0.2314956933259964 0.2322208136320114 0.23261256515979767 0.23279635608196259 0.23286107182502747 0.23287157714366913
          0.23289251327514648 0.23296639323234558 0.2331177443265915 0.23335804045200348 0.2336905151605606 0.23411308228969574
          0.23462063074111938 0.23520682752132416 0.2358657270669937 0.23659217357635498 0.23738139867782593 0.2382265329360962
          0.2391163557767868 0.24003411829471588 0.2409745305776596 0.2419232428073883 0.24286241829395294 0.24375934898853302
          0.24458904564380646 0.24534951150417328 0.2460387945175171 0.246654212474823
        </DataArray>
        <DataArray type="Float32" Name="CO2_Gas_mass_fractions_5" format="ascii" RangeMin="1.0167529388956445e-15" RangeMax="0.3027417063713074">
          7.296058202044264e-10 2.081723380342737e-7 0.0000616042161709629 0.039842113852500916 0.24826526641845703 0.12749913334846497
          0.08647207170724869 0.08143160492181778 0.08048435300588608 0.08037801831960678 0.0865522101521492 0.09252889454364777
          0.0980401560664177 0.10429755598306656 0.11444984376430511 0.1310264617204666 0.1494092047214508 0.16508080065250397
          0.17585377395153046 0.18251469731330872 0.18323028087615967 0.18090546131134033 0.17828014492988586 0.17565733194351196
          0.1730019599199295 0.17031709849834442 0.1676519513130188 0.16512832045555115 0.16297726333141327 0.16153718531131744
          0.16117966175079346 0.162237748503685 0.16586998105049133 0.17435264587402344 0.1032620221376419 0.026811547577381134
          0.012101322412490845 0.011628378182649612 0.011639431118965149 0.011647568084299564 0.01165336649864912 0.011657786555588245
          0.011661340482532978 0.011664340272545815 0.011666989885270596 0.011669435538351536 0.011671780608594418 0.011674104258418083
          0.011676464229822159 0.011678905226290226 0.011681454256176949 0.01168412622064352 0.011686921119689941 0.011689826846122742
          0.011692821979522705 0.011695877648890018 0.011698968708515167 0.011702070944011211 0.011705168522894382 0.011708245612680912
          0.011711292900145054 0.011714301072061062 0.011717259883880615 0.011720164678990841 0.011723021045327187 0.011725842021405697
          0.011728224344551563 0.011730015277862549 0.011731206439435482 0.011731795966625214 2.864259940338343e-10 7.238811150500624e-8
          0.00001614267603144981 0.004336659796535969 0.09479907155036926 0.12165549397468567 0.09959257394075394 0.09991293400526047
          0.1041015237569809 0.14653509855270386 0.1523272842168808 0.16320885717868805 0.1838344782590866 0.21295581758022308
          0.24024365842342377 0.2563038766384125 0.26406002044677734 0.26355400681495667 0.25543802976608276 0.241313174366951
          0.2220822423696518 0.2015116810798645 0.18486124277114868 0.17503878474235535 0.169840008020401 0.16681784391403198
          0.16471950709819794 0.16315069794654846 0.1622098833322525 0.16227497160434723 0.16370630264282227 0.16742411255836487
          0.17658360302448273 0.1739107072353363 0.09994995594024658 0.03158460184931755 0.014048510231077671 0.014665193855762482
          0.016929715871810913 0.019261954352259636 0.021405015140771866 0.023234598338603973 0.024706020951271057 0.025826681405305862
          0.026636948809027672 0.027194499969482422 0.02756119892001152 0.02779322676360607 0.027935871854424477 0.028022514656186104
          0.028075944632291794 0.028110390529036522 0.028133753687143326 0.02814996801316738 0.0281597301363945 0.028164681047201157
          0.02816678024828434 0.028167903423309326 0.02816949225962162 0.0281723290681839 0.02817652001976967 0.02818167209625244
          0.028187157586216927 0.028192320838570595 0.02819662168622017 0.028199641034007072 0.02820196934044361 0.02820376120507717
          0.028204966336488724 0.028205549344420433 1.0188610372052764e-10 2.1984147835496515e-8 0.000004251444806868676 0.0006513711414299905
          0.019604044035077095 0.04341712221503258 0.05295858159661293 0.06699986010789871 0.09177297353744507 0.2439480870962143
          0.25099337100982666 0.2611328959465027 0.2729552984237671 0.28042247891426086 0.2840721309185028 0.28618505597114563
          0.28656309843063354 0.2833305299282074 0.2713889181613922 0.2491118162870407 0.21659323573112488 0.1934724599123001
          0.18109987676143646 0.17399707436561584 0.16974444687366486 0.16709168255329132 0.16545619070529938 0.1647578626871109
          0.16529610753059387 0.16724736988544464 0.17164821922779083 0.18053258955478668 0.1903109848499298 0.16538240015506744
          0.09623925387859344 0.03695054352283478 0.015781855210661888 0.015544071793556213 0.018595362082123756 0.02181166596710682
          0.02470804750919342 0.027053773403167725 0.028796257451176643 0.030000697821378708 0.03078434243798256 0.031270720064640045
          0.031565435230731964 0.031744010746479034 0.03185879439115524 0.03194738179445267 0.03200685605406761 0.03204137831926346
          0.032064035534858704 0.03208572790026665 0.032113440334796906 0.03214589133858681 0.03217921033501625 0.03220982104539871
          0.032235514372587204 0.0322556234896183 0.032270777970552444 0.03228217363357544 0.03229081258177757 0.032297246158123016
          0.03230155631899834 0.03230353817343712 0.032303035259246826 0.0323004424571991 0.03229702636599541 0.032294679433107376
          3.3136167421066176e-11 5.756399357181863e-9 9.6261055659852e-7 0.00011233692930545658 0.003014875575900078 0.009498156607151031
          0.01659134030342102 0.03899400308728218 0.19974307715892792 0.2896654009819031 0.29099103808403015 0.2927403151988983
          0.29415321350097656 0.2954264283180237 0.29676926136016846 0.297904908657074 0.2984367311000824 0.2978840172290802
          0.2958223223686218 0.29040876030921936 0.27337807416915894 0.23981861770153046 0.21153110265731812 0.19303937256336212
          0.18175289034843445 0.1754399985074997 0.17265160381793976 0.17236889898777008 0.17435643076896667 0.1793917566537857
          0.18940995633602142 0.1977532058954239 0.18897321820259094 0.15433135628700256 0.09458225220441818 0.04430330544710159
          0.01908605732023716 0.015260597690939903 0.018036121502518654 0.021341968327760696 0.02444043941795826 0.026920950040221214
          0.02839500829577446 0.028684033080935478 0.028187358751893044 0.027612239122390747 0.027299940586090088 0.0271976999938488
          0.0271976999938488 0.02722443826496601 0.027259502559900284 0.02730247750878334 0.02734912931919098 0.027403555810451508
          0.02746802754700184 0.027539720758795738 0.0276138037443161 0.02768538147211075 0.027750402688980103 0.027806289494037628
          0.027852145954966545 0.02788808010518551 0.0279146209359169 0.027932913973927498 0.02794479764997959 0.027952656149864197
          0.027958936989307404 0.027965277433395386 0.02797163836658001 0.02797611616551876 9.924064174604563e-12 1.3267341669731536e-9
          1.8076043772907724e-7 0.000017811005818657577 0.0004222463467158377 0.001674828352406621 0.004475020337849855 0.1265973597764969
          0.29824379086494446 0.30022695660591125 0.3001975417137146 0.3003344237804413 0.3006553649902344 0.30112892389297485
          0.30160272121429443 0.3019046187400818 0.3016291856765747 0.30024683475494385 0.29820162057876587 0.2972669005393982
          0.29675212502479553 0.28298237919807434 0.25413110852241516 0.2238238900899887 0.20262587070465088 0.19120770692825317
          0.18671220541000366 0.18692618608474731 0.1917622834444046 0.2003616839647293 0.2045610249042511 0.20119790732860565
          0.18369697034358978 0.14748398959636688 0.09810496866703033 0.05584431439638138 0.026278195902705193 0.016674434766173363
          0.017337443307042122 0.01952204667031765 0.021872028708457947 0.023925067856907845 0.025432681664824486 0.026281950995326042
          0.026606839150190353 0.026605863124132156 0.026491012424230576 0.02649676986038685 0.02686094120144844 0.027321944013237953
          0.027348816394805908 0.0270178634673357 0.026712581515312195 0.02659180574119091 0.02658940851688385 0.026654347777366638
          0.026758914813399315 0.02689111791551113 0.027049146592617035 0.027234375476837158 0.027441073209047318 0.02765836752951145
          0.027876751497387886 0.028090696781873703 0.028297077864408493 0.028492944315075874 0.02867455594241619 0.028837937861680984
          0.02898043394088745 0.029103349894285202 2.6925102772357157e-12 2.7812072089794526e-10 2.8715835043158222e-8 0.0000023612230961589376
          0.00005540144047699869 0.00029785718652419746 0.02879949100315571 0.1607661247253418 0.3016047179698944 0.3023350238800049
          0.3023081421852112 0.3023340404033661 0.3024159371852875 0.30251091718673706 0.30257803201675415 0.30244043469429016
          0.30119478702545166 0.2976803779602051 0.29273322224617004 0.2899634838104248 0.2924656569957733 0.2907896041870117
          0.27237921953201294 0.24728378653526306 0.2244318127632141 0.21121910214424133 0.2058800309896469 0.2063509225845337
          0.2103140652179718 0.21338897943496704 0.21124039590358734 0.20297686755657196 0.18433664739131927 0.15252208709716797
          0.112540103495121 0.07622766494750977 0.04197590425610542 0.023052610456943512 0.02008899673819542 0.020218055695295334
          0.02114928513765335 0.022190282121300697 0.02306649461388588 0.023670224472880363 0.024007542058825493 0.024127183482050896
          0.024088943377137184 0.023960424587130547 0.023810867220163345 0.023669136688113213 0.023519495502114296 0.02336469106376171
          0.023309972137212753 0.0233754925429821 0.023555144667625427 0.023832406848669052 0.02418607659637928 0.02459130808711052
          0.02502177096903324 0.025452453643083572 0.025862272828817368 0.026236366480588913 0.02656780369579792 0.026858162134885788
          0.02711683325469494 0.02735893987119198 0.02760211005806923 0.027862776070833206 0.028152931481599808 0.028477845713496208
          6.291519497221565e-13 5.303803576883759e-11 4.023688049414886e-9 2.595873525024217e-7 0.000006271908659982728 0.00009315669012721628
          0.03501817211508751 0.197519913315773 0.30219078063964844 0.30269184708595276 0.3026842474937439 0.3026840388774872
          0.3026902377605438 0.3026958703994751 0.3026786744594574 0.30223193764686584 0.29951152205467224 0.29255956411361694
          0.2829910218715668 0.276936411857605 0.2799012064933777 0.2873603105545044 0.28149887919425964 0.26503637433052063
          0.2442854642868042 0.2310497760772705 0.2245175540447235 0.2227388173341751 0.22282135486602783 0.2218736708164215
          0.21822530031204224 0.2112215906381607 0.1983436495065689 0.1743854135274887 0.14440175890922546 0.11499104648828506
          0.08449973165988922 0.04960305988788605 0.03861456736922264 0.03387400135397911 0.0314292386174202 0.029979972168803215
          0.028987225145101547 0.02820216305553913 0.027510497719049454 0.02686605602502823 0.02625817432999611 0.025690775364637375
          0.025172976776957512 0.02471444569528103 0.02432131953537464 0.023995446041226387 0.023735210299491882 0.023536577820777893
          0.023400774225592613 0.023338381201028824 0.023359574377536774 0.023455874994397163 0.02359829843044281 0.023757193237543106
          0.023918427526950836 0.024081172421574593 0.024249332025647163 0.024429667741060257 0.02462908811867237 0.02485480345785618
          0.02511470951139927 0.025414790958166122 0.02576342225074768 0.026170523837208748 1.1665076185812112e-13 8.577053997593787e-12
          4.993006008646717e-10 2.3902858359292622e-8 5.653072321365471e-7 0.000009098118425754365 0.0020518251694738865 0.18771283328533173
          0.3020075559616089 0.30273616313934326 0.30273374915122986 0.3027283847332001 0.3027234971523285 0.30271807312965393
          0.302671879529953 0.30171269178390503 0.2972056269645691 0.28773924708366394 0.2752681374549866 0.26634666323661804
          0.2673286199569702 0.2768932580947876 0.28332170844078064 0.27611052989959717 0.2628489136695862 0.2511082887649536
          0.24310830235481262 0.2384233921766281 0.23536139726638794 0.23237137496471405 0.228713259100914 0.22403612732887268
          0.21736139059066772 0.20697830617427826 0.1933913677930832 0.17748858034610748 0.1589585542678833 0.12780310213565826
          0.10423480719327927 0.08833291381597519 0.07725334167480469 0.06916721910238266 0.06303510814905167 0.05825239419937134
          0.054459068924188614 0.05142810568213463 0.04900602251291275 0.04708918556571007 0.04560862109065056 0.0445169061422348
          0.043777141720056534 0.043350640684366226 0.04318958520889282 0.04323549568653107 0.04342400282621384 0.04368564859032631
          0.04395001381635666 0.044166259467601776 0.04432843253016472 0.04447299242019653 0.044650543481111526 0.04490916058421135
          0.04525848478078842 0.045647602528333664 0.04594587907195091 0.04608703777194023 0.046054769307374954 0.0458160899579525
          0.04540000110864639 0.04485204070806503 1.5073283333305598e-14 1.0154479253982052e-12 4.93755904218407e-11 1.7713993605283918e-9
          3.839134521399501e-8 6.533609280268138e-7 0.00007803938206052408 0.00658711651340127 0.30109697580337524 0.3027317225933075
          0.3027417063713074 0.30273738503456116 0.3027322590351105 0.30272671580314636 0.3027055561542511 0.3020203709602356
          0.29830220341682434 0.2898898720741272 0.27684256434440613 0.2638046145439148 0.25877752900123596 0.26248612999916077
          0.2707845866680145 0.2748841941356659 0.27069106698036194 0.2656128704547882 0.2607231140136719 0.2565789520740509
          0.2531237304210663 0.250082403421402 0.24728643894195557 0.24460478127002716 0.24178096652030945 0.2384786456823349
          0.2344619482755661 0.22947056591510773 0.22306977212429047 0.21347713470458984 0.20164532959461212 0.1892501562833786
          0.17744271457195282 0.16676975786685944 0.15740711987018585 0.1493506282567978 0.14251700043678284 0.13678878545761108
          0.13204023241996765 0.12816837430000305 0.12509331107139587 0.122748002409935 0.12106972932815552 0.11999738961458206
          0.11947166174650192 0.11943435668945312 0.11983168125152588 0.12061528861522675 0.12174532562494278 0.12319536507129669
          0.12494827061891556 0.12698207795619965 0.1292460858821869 0.13163161277770996 0.133916974067688 0.1359255313873291
          0.1376381367444992 0.13904207944869995 0.14007729291915894 0.14066848158836365 0.14073479175567627 0.14021942019462585
          1.0167529388956445e-15 6.475020037288379e-14 2.84352294314949e-12 8.280817698214094e-11 1.5803275354997481e-9 3.158701744609971e-8
          0.0000026501750198804075 0.00015338305092882365 0.006085622124373913 0.055395323783159256 0.15138883888721466 0.3008810579776764
          0.30273696780204773 0.302740216255188 0.3027348816394806 0.3027283847332001 0.3027147054672241 0.3022976815700531
          0.296991229057312 0.27983346581459045 0.2604776620864868 0.2575896680355072 0.26318076252937317 0.2670113444328308
          0.2692769169807434 0.2692410945892334 0.2669517993927002 0.26499322056770325 0.26326408982276917 0.26171553134918213
          0.26028701663017273 0.25891777873039246 0.25756725668907166 0.25620919466018677 0.25480812788009644 0.25331366062164307
          0.2516440153121948 0.2496679425239563 0.24735580384731293 0.24474932253360748 0.24193710088729858 0.23903408646583557
          0.2361530065536499 0.23339062929153442 0.23081810772418976 0.2284734696149826 0.22636304795742035 0.22448734939098358
          0.2228778451681137 0.22154249250888824 0.22047311067581177 0.21965211629867554 0.21905851364135742 0.21867042779922485
          0.21846681833267212 0.2184290587902069 0.21854226291179657 0.21879525482654572 0.2191794514656067 0.21968433260917664
          0.22029347717761993 0.22098183631896973 0.2217440903186798 0.22255843877792358 0.2233961969614029 0.2242037057876587
          0.2249419242143631 0.22561143338680267 0.22621344029903412 0.22674834728240967
        </DataArray>
        <DataArray type="Float32" Name="H2_Gas_mass_fractions_6" format="ascii" RangeMin="7.140555905036226e-17" RangeMax="0.051454972475767136">
          3.564904968444971e-11 9.980728243874637e-9 0.0000026331294975534547 0.0009727891301736236 0.007344502955675125 0.012563712894916534
          0.011537217535078526 0.012213355861604214 0.012719979509711266 0.013040363788604736 0.015542521141469479 0.017759976908564568
          0.019601119682192802 0.0212697796523571 0.022657403722405434 0.02359151840209961 0.02423626184463501 0.025172902271151543
          0.02634354867041111 0.027703648433089256 0.029081422835588455 0.0300635676831007 0.030925394967198372 0.03184632956981659
          0.0328868106007576 0.03411601111292839 0.035616979002952576 0.03747301921248436 0.03970079869031906 0.042138438671827316
          0.044460728764534 0.046378277242183685 0.048243481665849686 0.05047318711876869 0.03021407499909401 0.008328369818627834
          0.003911221865564585 0.00376554811373353 0.0037690652534365654 0.003771655261516571 0.0037735006771981716 0.0037749074399471283
          0.003776038531213999 0.0037769926711916924 0.0037778359837830067 0.0037786138709634542 0.003779360093176365 0.003780099330469966
          0.0037808504421263933 0.0037816271651536226 0.003782438114285469 0.003783288411796093 0.0037841778248548508 0.0037851023953408003
          0.003786055138334632 0.003787027671933174 0.0037880109157413244 0.003788998117670417 0.00378998345695436 0.003790962742641568
          0.003791932249441743 0.0037928891833871603 0.003793830517679453 0.003794754622504115 0.003795663360506296 0.0037965604569762945
          0.003797318320721388 0.0037978882901370525 0.0037982671055942774 0.0037984545342624187 1.446797369408781e-11 3.3850893199627308e-9
          7.417360166073195e-7 0.0001350513775832951 0.002101417863741517 0.009345080703496933 0.01368609070777893 0.01687791757285595
          0.018907198682427406 0.01981927827000618 0.021309472620487213 0.02262168936431408 0.023609992116689682 0.023468704894185066
          0.022038578987121582 0.02013670653104782 0.018735317513346672 0.019385142251849174 0.02241281419992447 0.02711864747107029
          0.0325864739716053 0.036819394677877426 0.03833780065178871 0.03835876286029816 0.03826599940657616 0.03860052675008774
          0.03948017954826355 0.0408765934407711 0.04264941066503525 0.044490501284599304 0.04603263735771179 0.04721136391162872
          0.04824383929371834 0.047751713544130325 0.029484981670975685 0.009807348251342773 0.004526069387793541 0.004732429049909115
          0.005453377030789852 0.0061958120204508305 0.006877967156469822 0.0074602761305868626 0.007928520441055298 0.008285067044198513
          0.008542777970433235 0.008720027282834053 0.008836518973112106 0.008910145610570908 0.008955330587923527 0.008982701227068901
          0.008999512530863285 0.009010293520987034 0.00901755504310131 0.009022548794746399 0.009025548584759235 0.00902706291526556
          0.009027687832713127 0.00902799516916275 0.009028428234159946 0.00902923010289669 0.009030437096953392 0.009031933732330799
          0.009033530950546265 0.009035029448568821 0.009036265313625336 0.009037108160555363 0.009037750773131847 0.009038244374096394
          0.009038575924932957 0.00903873611241579 5.4476098111655435e-12 9.926235389201565e-10 1.8735417484094796e-7 0.0000268069670710247
          0.0005192255484871566 0.0031716725789010525 0.0069988020695745945 0.010678380727767944 0.013638170436024666 0.015127700753509998
          0.01608424447476864 0.01601116731762886 0.014692438766360283 0.012933988124132156 0.011302610859274864 0.009943444281816483
          0.0093222139403224 0.010354042053222656 0.01490846462547779 0.02283286303281784 0.03319281339645386 0.03903133422136307
          0.040698159486055374 0.04091927036643028 0.040939316153526306 0.041239555925130844 0.04195864498615265 0.04304809868335724
          0.044296592473983765 0.04538631811738014 0.04617129638791084 0.04662123695015907 0.04742257669568062 0.04510734602808952
          0.028676964342594147 0.01148208323866129 0.005067245103418827 0.005010463297367096 0.005977304186671972 0.00699073588475585
          0.007895451970398426 0.008619335480034351 0.009148831479251385 0.00950824934989214 0.009737533517181873 0.009877122938632965
          0.009960304014384747 0.01000999752432108 0.010041619651019573 0.010066146031022072 0.010082184337079525 0.010090731084346771
          0.010095810517668724 0.010100933723151684 0.010108277201652527 0.01011747121810913 0.010127291083335876 0.010136560536921024
          0.010144508443772793 0.010150850750505924 0.01015572901815176 0.01015948411077261 0.010162399150431156 0.010164613835513592
          0.010166122578084469 0.010166828520596027 0.010166669264435768 0.01016577985137701 0.010164604522287846 0.01016379613429308
          1.971579800461032e-12 2.7067398322699887e-10 4.0402678536111125e-8 0.000005055300334788626 0.00010704823944251984 0.0007414499996230006
          0.0020914869382977486 0.003773249452933669 0.005183412227779627 0.006141084246337414 0.00655806390568614 0.006296447478234768
          0.005744704511016607 0.005029576830565929 0.00419922498986125 0.0034710599575191736 0.003134082304313779 0.003519695717841387
          0.004765011370182037 0.007285567931830883 0.013759384863078594 0.02478000707924366 0.03279635310173035 0.03728679567575455
          0.039755888283252716 0.04127618297934532 0.042394667863845825 0.043383609503507614 0.044226765632629395 0.044714443385601044
          0.04489012807607651 0.04622960835695267 0.04699578881263733 0.04274126514792442 0.028493482619524002 0.01378998626023531
          0.006096003111451864 0.004919951781630516 0.005800341721624136 0.00684281624853611 0.0078115155920386314 0.008577264845371246
          0.009022497572004795 0.009097750298678875 0.008931364864110947 0.008743232116103172 0.008637585677206516 0.00859671551734209
          0.008586619980633259 0.008583215065300465 0.008582950569689274 0.008585641160607338 0.008589653298258781 0.008595513179898262
          0.008603840135037899 0.008614053018391132 0.008625135757029057 0.008636129088699818 0.008646315895020962 0.008655276149511337
          0.008662853389978409 0.008669025264680386 0.008673821575939655 0.008677358739078045 0.008679855614900589 0.00868161953985691
          0.008682981133460999 0.008684183470904827 0.008685258217155933 0.008685973472893238 6.604556853674615e-13 7.062307683103342e-11
          7.639786581137287e-9 7.58035923809075e-7 0.000017497233784524724 0.00013383170880842954 0.0004312852688599378 0.0008586889016442001
          0.0012768208980560303 0.0016219434328377247 0.0017541295383125544 0.0017374396556988358 0.0015710551524534822 0.0012736786156892776
          0.0009471874800510705 0.0007244682055898011 0.0009247322450391948 0.0019472392741590738 0.00345240137539804 0.0041420310735702515
          0.004086834844201803 0.009219151921570301 0.01929609477519989 0.029085202142596245 0.035562824457883835 0.03909255564212799
          0.04098181426525116 0.042111873626708984 0.042812321335077286 0.04349784180521965 0.04496848210692406 0.04690200835466385
          0.04689608886837959 0.041791800409555435 0.02984873577952385 0.017407940700650215 0.008338556624948978 0.005357833579182625
          0.005576155614107847 0.006267734803259373 0.007006220985203981 0.007646385580301285 0.00811232253909111 0.008371940813958645
          0.00846913829445839 0.00846685841679573 0.00843250285834074 0.008440498262643814 0.008556093089282513 0.008696737699210644
          0.008700269274413586 0.008593653328716755 0.008495964109897614 0.008456180803477764 0.008452734909951687 0.008467966690659523
          0.00849076546728611 0.008514940738677979 0.008538509719073772 0.008562803268432617 0.00858937855809927 0.008618558757007122
          0.008649739436805248 0.008681997656822205 0.008714376017451286 0.008745924569666386 0.00877569243311882 0.008802806958556175
          0.008826685138046741 0.008847590535879135 1.9332849394721602e-13 1.7242226743596767e-11 1.3310663682375434e-9 9.289966840242414e-8
          0.000002263537226099288 0.00001878874172689393 0.00006529843813041225 0.00014152590301819146 0.00022481248015537858 0.00029388730763457716
          0.00033133625402115285 0.0003263575490564108 0.00027283854433335364 0.0001983566617127508 0.00013607372238766402 0.0002261586341774091
          0.0011502926936373115 0.0037410538643598557 0.007336071692407131 0.00934741459786892 0.007611744571477175 0.0073418463580310345
          0.01394894253462553 0.023293176665902138 0.031082801520824432 0.035861194133758545 0.038581568747758865 0.04030255600810051
          0.04182448983192444 0.0437331348657608 0.04608222469687462 0.04822438582777977 0.04827861860394478 0.043989941477775574
          0.03439134359359741 0.02368065156042576 0.01315871998667717 0.00727055175229907 0.006359441671520472 0.006411490496248007
          0.00671102711930871 0.007041833363473415 0.007319085765630007 0.007510472554713488 0.007618988398462534 0.007660257630050182
          0.0076529234647750854 0.00761791318655014 0.007576259318739176 0.007536524906754494 0.007493637502193451 0.007448576856404543
          0.007434105966240168 0.007455291226506233 0.007509833201766014 0.007593861315399408 0.007701340597122908 0.007824442349374294
          0.007954436354339123 0.008082815445959568 0.008202367462217808 0.008308065123856068 0.008397620171308517 0.00847153551876545
          0.008532724343240261 0.008585760369896889 0.008635838516056538 0.008687703870236874 0.008744729682803154 0.008808333426713943
          4.665385645082759e-14 3.704676756338676e-12 2.2150806189280559e-10 1.0296785646346507e-8 2.273910126859846e-7 0.00000207397556550859
          0.000007666407327633351 0.000017475051208748482 0.000029132585041224957 0.000039692578866379336 0.000046804227167740464 0.00004519650246948004
          0.00003644930984592065 0.000025886127332341857 0.00003118745007668622 0.00036026566522195935 0.002378659788519144 0.0074452986009418964
          0.014286147430539131 0.018582813441753387 0.016560249030590057 0.010925458744168282 0.012214051559567451 0.01901385933160782
          0.026813875883817673 0.03232180327177048 0.03599133715033531 0.0387146957218647 0.04121580347418785 0.04383965954184532
          0.046667639166116714 0.049539439380168915 0.05137307569384575 0.04999898001551628 0.04342547431588173 0.035068973898887634
          0.025839706882834435 0.015071100555360317 0.011706924065947533 0.010276400484144688 0.00955293606966734 0.0091332932934165
          0.008850960060954094 0.008629600517451763 0.008434590883553028 0.008252187632024288 0.008079223334789276 0.007916951552033424
          0.00776824401691556 0.0076359231024980545 0.0075216288678348064 0.0074259936809539795 0.007348922546952963 0.0072899553924798965
          0.007250061258673668 0.007231329567730427 0.0072355689480900764 0.007260209880769253 0.007298065349459648 0.007342034485191107
          0.007388781290501356 0.007438076194375753 0.007490741088986397 0.007548171561211348 0.007611711043864489 0.007682697381824255
          0.007762573659420013 0.007852377369999886 0.00795369315892458 0.008068452589213848 8.643276659713386e-15 6.355775281075005e-13
          3.257932465472457e-11 1.100708191259514e-9 1.963395312998273e-8 1.7222234305336315e-7 6.806063197473122e-7 0.0000017086805428334628
          0.000002999087655553012 0.00000435920037489268 0.000005499646704265615 0.000005710782261303393 0.000005102828254166525 0.000004308646111894632
          0.000033345007977914065 0.0007428952376358211 0.004036744590848684 0.01080633420497179 0.019543902948498726 0.025686020031571388
          0.02501555345952511 0.018510326743125916 0.01335438247770071 0.01647798903286457 0.021848216652870178 0.027149202302098274
          0.031503189355134964 0.035073429346084595 0.03827488422393799 0.041321393102407455 0.04430561885237694 0.04731782525777817
          0.04999056085944176 0.051454972475767136 0.050848204642534256 0.04848172143101692 0.04456603527069092 0.03642982617020607
          0.02996414713561535 0.02550855651497841 0.02236972749233246 0.02006322517991066 0.01830466464161873 0.016925618052482605
          0.015824556350708008 0.014936806634068489 0.014218238182365894 0.013638682663440704 0.013177694752812386 0.012820839881896973
          0.012556688860058784 0.01237369142472744 0.012258483096957207 0.012195677496492863 0.01216915249824524 0.012162212282419205
          0.012158462777733803 0.012146462686359882 0.012125350534915924 0.012103956192731857 0.012094054371118546 0.01210645493119955
          0.012142905965447426 0.01219111680984497 0.01222075056284666 0.012216714210808277 0.012175636366009712 0.01209095399826765
          0.011970031075179577 0.011823724955320358 1.093717422977604e-15 7.595535528662212e-14 3.563487178948055e-12 1.0024515245676824e-10
          1.4614638388366075e-9 1.1714356595859954e-8 4.809418285844913e-8 1.2877904964625486e-7 2.976264568133047e-7 4.5174124352342915e-7
          5.819458692712942e-7 6.754686978638347e-7 7.120766554180591e-7 7.589115398332069e-7 0.000011859755431942176 0.0005126848700456321
          0.003199863014742732 0.009153192862868309 0.018224334344267845 0.027124570682644844 0.030470656231045723 0.028057383373379707
          0.02261180803179741 0.019611191004514694 0.020754333585500717 0.023061605170369148 0.02570672333240509 0.028382770717144012
          0.030979614704847336 0.03344666212797165 0.03575209900736809 0.037923578172922134 0.03997785970568657 0.041859354823827744
          0.04346936196088791 0.04473070800304413 0.045542147010564804 0.04549401253461838 0.04456179216504097 0.04305298626422882
          0.04129195213317871 0.03950125351548195 0.03780693560838699 0.03627161309123039 0.03492037579417229 0.03375629335641861
          0.03277067095041275 0.03195328637957573 0.031294796615839005 0.030785884708166122 0.030416171997785568 0.030174152925610542
          0.030047576874494553 0.030023567378520966 0.030089568346738815 0.03023374453186989 0.030445823445916176 0.030718334019184113
          0.031045664101839066 0.03142073005437851 0.0318293571472168 0.032243598252534866 0.03260931372642517 0.03288339450955391
          0.033059604465961456 0.03313416242599487 0.03309952840209007 0.03294828161597252 0.0326743945479393 0.03227635473012924
          7.140555905036226e-17 4.741443952141922e-15 2.1132730710759356e-13 5.451776183273971e-12 7.051363659638099e-11 5.295761051904435e-10
          2.254637143650484e-9 6.444719424791856e-9 1.4780476398357223e-8 3.0346637203138016e-8 4.044379764422956e-8 4.741011139230977e-8
          5.6475435883385217e-8 6.563566756767614e-8 8.870782863823479e-8 6.649040074080403e-7 0.000005654066171700833 0.0003077998699154705
          0.0041707297787070274 0.01629784144461155 0.029423395171761513 0.031346745789051056 0.028031013906002045 0.025790324434638023
          0.024106793105602264 0.023445837199687958 0.024888046085834503 0.026280727237462997 0.027630360797047615 0.02891630493104458
          0.030138514935970306 0.0313139334321022 0.032449763268232346 0.03353924676775932 0.03457734361290932 0.03556253761053085
          0.03649655357003212 0.037366416305303574 0.038126252591609955 0.03874156251549721 0.03920426219701767 0.039528001099824905
          0.03973854333162308 0.03986494243144989 0.03993401676416397 0.03996729478240013 0.039980050176382065 0.039983417838811874
          0.03998851031064987 0.040002625435590744 0.04002998769283295 0.040072571486234665 0.04013094678521156 0.04020475968718529
          0.0402931347489357 0.040394995361566544 0.04050932079553604 0.040635231882333755 0.040771909058094025 0.040918175131082535
          0.04107210785150528 0.041230831295251846 0.04139343649148941 0.04155746102333069 0.04171985387802124 0.04187500476837158
          0.042018625885248184 0.04215037450194359 0.04226991534233093 0.04237678647041321
        </DataArray>
        <DataArray type="Float32" Name="CH4_Gas_mass_fractions_7" format="ascii" RangeMin="8.946733889303324e-17" RangeMax="0.06398981064558029">
          4.4845301083729083e-11 1.2535316784578754e-8 0.0000033051778700610157 0.0012598478933796287 0.009829632937908173 0.018033316358923912
          0.01641729660332203 0.01721242628991604 0.0178205706179142 0.018207764253020287 0.021196464076638222 0.02384825050830841
          0.026047980412840843 0.02803288958966732 0.029641233384609222 0.03063657507300377 0.031259916722774506 0.032266438007354736
          0.033604979515075684 0.035213399678468704 0.036899417638778687 0.03812908008694649 0.03921382874250412 0.040370915085077286
          0.04167492315173149 0.0432107076048851 0.0450795441865921 0.04738159477710724 0.050132427364587784 0.053125567734241486
          0.055955301970243454 0.05826684460043907 0.06048073619604111 0.06306975334882736 0.03761482611298561 0.010345675982534885
          0.004849881399422884 0.00466869305819273 0.0046730549074709415 0.004676265642046928 0.004678553435951471 0.004680297337472439
          0.004681699443608522 0.004682882223278284 0.00468392763286829 0.004684892017394304 0.004685817286372185 0.004686733707785606
          0.0046876645646989346 0.004688627552241087 0.004689632914960384 0.004690686706453562 0.0046917893923819065 0.004692935850471258
          0.004694116767495871 0.00469532236456871 0.004696541465818882 0.004697765223681927 0.004698986653238535 0.004700200632214546
          0.0047014025039970875 0.00470258854329586 0.0047037554904818535 0.0047049010172486305 0.004706027451902628 0.004707139916718006
          0.004708079155534506 0.004708785563707352 0.004709255415946245 0.004709487780928612 1.8169934307143976e-11 4.250653606874266e-9
          9.29651264414133e-7 0.00017085990111809224 0.002702822210267186 0.012457543052732944 0.018040215596556664 0.022126490250229836
          0.02470708079636097 0.025883613154292107 0.027675727382302284 0.029193710535764694 0.03022477589547634 0.029784860089421272
          0.027766993269324303 0.025263553485274315 0.023449629545211792 0.024237096309661865 0.02802361734211445 0.033930059522390366
          0.04082157462835312 0.046211253851652145 0.04823562502861023 0.048358939588069916 0.04829837381839752 0.04874029383063316
          0.04984040930867195 0.05156591162085533 0.053740352392196655 0.055979203432798386 0.057830605655908585 0.05921027064323425
          0.06035773456096649 0.05955124273896217 0.03669014945626259 0.012184004299342632 0.005612782668322325 0.005867308005690575
          0.0067610424011945724 0.007681414484977722 0.00852706003934145 0.009248928166925907 0.009829394519329071 0.010271391831338406
          0.010590867139399052 0.010810595005750656 0.010955004952847958 0.011046276427805424 0.011102288961410522 0.011136217974126339
          0.011157057248055935 0.011170419864356518 0.011179421097040176 0.01118561066687107 0.011189328506588936 0.011191205121576786
          0.011191979981958866 0.011192360892891884 0.011192897334694862 0.011193890124559402 0.01119538489729166 0.011197240091860294
          0.011199218221008778 0.011201075278222561 0.011202606372535229 0.011203650385141373 0.011204445734620094 0.011205056682229042
          0.011205467395484447 0.01120566576719284 6.835182593534217e-12 1.247408953908291e-9 2.350888053115341e-7 0.00003358659887453541
          0.000654891598969698 0.004074243362993002 0.008969667367637157 0.013638496398925781 0.01736704632639885 0.01920563355088234
          0.020334985107183456 0.020149143412709236 0.01840793713927269 0.01616290770471096 0.014110149815678596 0.012407914735376835
          0.01163108367472887 0.012921463698148727 0.01862211525440216 0.02855982631444931 0.04158767685294151 0.048981212079524994
          0.051152344793081284 0.051497798413038254 0.05156755447387695 0.05196346715092659 0.052859965711832047 0.05419617518782616
          0.05570772662758827 0.057004645466804504 0.05790036544203758 0.058344632387161255 0.05916891619563103 0.05618696287274361
          0.03567187488079071 0.014265668578445911 0.006285188719630241 0.0062119862996041775 0.007410476915538311 0.00866670347750187
          0.009788095019757748 0.010685273446142673 0.011341470293700695 0.011786844581365585 0.012070936150848866 0.01224388089030981
          0.012346935458481312 0.01240850705653429 0.012447693385183811 0.012478089891374111 0.012497969903051853 0.012508565559983253
          0.012514865025877953 0.012521215714514256 0.012530318461358547 0.012541714124381542 0.012553881853818893 0.012565367855131626
          0.012575216591358185 0.01258307509124279 0.01258911844342947 0.0125937694683671 0.012597381137311459 0.012600124813616276
          0.012601993046700954 0.012602867558598518 0.012602669186890125 0.01260156836360693 0.012600110843777657 0.012599109672009945
          2.4698663253497344e-12 3.398404890830875e-10 5.0729777711922e-8 0.000006317385214060778 0.00013406456855591387 0.0009352588094770908
          0.002641082974150777 0.004754499066621065 0.006514705251902342 0.007699336390942335 0.00820335652679205 0.007862615399062634
          0.00716756796464324 0.006272648461163044 0.0052351271733641624 0.0043256329372525215 0.003903646022081375 0.004381091333925724
          0.005930515006184578 0.009079116396605968 0.017191989347338676 0.031040702015161514 0.04115206003189087 0.04684377461671829
          0.04998534172773361 0.05191204324364662 0.05330725759267807 0.054513465613126755 0.05551323667168617 0.056046172976493835
          0.056150853633880615 0.05768358334898949 0.05855252966284752 0.053199298679828644 0.03543281927704811 0.01713400147855282
          0.007564314175397158 0.0060999589040875435 0.007191102020442486 0.008483340963721275 0.009684042073786259 0.010633086785674095
          0.01118481531739235 0.011277987621724606 0.011071723885834217 0.01083856076002121 0.010707653127610683 0.010657032951712608
          0.010644552297890186 0.010640365071594715 0.010640067979693413 0.010643433779478073 0.010648435913026333 0.010655727237462997
          0.010666076093912125 0.010678761638700962 0.01069252286106348 0.010706170462071896 0.0107188131660223 0.01072993129491806
          0.010739329271018505 0.010746981017291546 0.010752921923995018 0.01075730100274086 0.01076038833707571 0.010762566700577736
          0.010764249600470066 0.01076573971658945 0.010767072439193726 0.010767960920929909 8.262905876015025e-13 8.847908516962377e-11
          9.586717197862527e-9 9.479021514380293e-7 0.000021865713279112242 0.00016763129679020494 0.0005406470154412091 0.0010748576605692506
          0.00159560632891953 0.0020245714113116264 0.0021878669504076242 0.0021661261562258005 0.0019580116495490074 0.0015867496840655804
          0.00117943633813411 0.0009014032548293471 0.0011486897710710764 0.0024164055939763784 0.004283175338059664 0.005138922482728958
          0.00507860304787755 0.011515744030475616 0.02416553534567356 0.03647434711456299 0.044628970324993134 0.04906830936670303
          0.0514245331287384 0.05280065909028053 0.05360444635152817 0.054356712847948074 0.05610337480902672 0.05843654274940491
          0.0583798848092556 0.0519888661801815 0.03710794076323509 0.02162930741906166 0.010351748205721378 0.00664486363530159
          0.006913845427334309 0.00777075719088316 0.00868601631373167 0.009479415602982044 0.01005684956908226 0.010378563776612282
          0.010498982854187489 0.010496129281818867 0.010453538969159126 0.010463438928127289 0.010606672614812851 0.010780940763652325
          0.010785306803882122 0.010653195902705193 0.010532156564295292 0.010482873767614365 0.010478625074028969 0.010497533716261387
          0.01052584033459425 0.010555881075561047 0.010585200972855091 0.010615445673465729 0.010648531839251518 0.010684845969080925
          0.010723628103733063 0.010763732716441154 0.010803972370922565 0.010843169875442982 0.010880145244300365 0.010913818143308163
          0.010943466797471046 0.01096942089498043 2.417418478936617e-13 2.1563254654077824e-11 1.6679460035362581e-9 1.1636682728521919e-7
          0.0000028265640139579773 0.000023475913621950895 0.00008159228309523314 0.0001766863715602085 0.0002803787065204233 0.0003663194365799427
          0.0004128370783291757 0.0004064848180860281 0.000339673541020602 0.00024681343347765505 0.00016919441986829042 0.00028070746338926256
          0.0014268471859395504 0.004640358500182629 0.009099693037569523 0.011594605632126331 0.009442017413675785 0.00913221761584282
          0.017427075654268265 0.029144253581762314 0.03892330825328827 0.04491155967116356 0.04829748347401619 0.0504019632935524
          0.052230753004550934 0.05453905835747719 0.05741529539227486 0.06003687158226967 0.060068171471357346 0.05470189452171326
          0.04274521395564079 0.029420774430036545 0.016340330243110657 0.009021720848977566 0.007887995801866055 0.007951055653393269
          0.008321691304445267 0.00873135682195425 0.009074748493731022 0.009311763569712639 0.0094460966065526 0.009497112594544888
          0.009487920440733433 0.009444457478821278 0.009392785839736462 0.00934351421892643 0.009290351532399654 0.009234504774212837
          0.009216563776135445 0.009242814034223557 0.009310408495366573 0.00941454153507948 0.009547732770442963 0.009700282476842403
          0.009861381724476814 0.010020498186349869 0.010168698616325855 0.01029975712299347 0.010410835966467857 0.010502553544938564
          0.01057851780205965 0.010644390247762203 0.01070660725235939 0.010771048255264759 0.01084189210087061 0.010920893400907516
          5.834142712121335e-14 4.629004644873813e-12 2.770483009673086e-10 1.2907545254847719e-8 2.8438020649446116e-7 0.0000025891390578181017
          0.00000956640906224493 0.000021790165192214772 0.000036297860788181424 0.00004943116073263809 0.00005826467167935334 0.00005623796459985897
          0.00004532906677923165 0.00003217216726625338 0.00003871167791658081 0.00044685768079943955 0.0029504166450351477 0.009235205128788948
          0.01772107370197773 0.0230511836707592 0.020543307065963745 0.013562211766839027 0.015213260427117348 0.0237305648624897
          0.03350532799959183 0.040392257273197174 0.044958584010601044 0.04831991344690323 0.05139140039682388 0.05461892485618591
          0.05810875818133354 0.061651621013879776 0.06390330195426941 0.06216363236308098 0.05397021770477295 0.043570972979068756
          0.03209498152136803 0.018711844459176064 0.014530684798955917 0.012752383947372437 0.011852703988552094 0.011330616660416126
          0.010979261249303818 0.010703804902732372 0.010461228899657726 0.010234441608190536 0.010019490495324135 0.009817912243306637
          0.009633251465857029 0.009468995034694672 0.009327167645096779 0.009208537638187408 0.009112970903515816 0.00903987605124712
          0.008990434929728508 0.008967230096459389 0.008972500450909138 0.009003054350614548 0.009049969725310802 0.00910443440079689
          0.009162313304841518 0.009223324246704578 0.009288495406508446 0.009359563700854778 0.009438203647732735 0.009526083245873451
          0.009624998085200787 0.009736243635416031 0.00986179057508707 0.010004042647778988 1.0813562264860247e-14 7.940900541292262e-13
          4.0692494512883925e-11 1.3778257423879836e-9 2.458225267787384e-8 2.1543183947869693e-7 8.50384026307438e-7 0.0000021307375845935894
          0.000003735203790711239 0.000005425571089290315 0.000006841705271654064 0.000007101234587025829 0.000006342072992993053 0.000005351908839656971
          0.00004136212373850867 0.0009214607998728752 0.005007222760468721 0.013404750265181065 0.024244047701358795 0.031864359974861145
          0.031034333631396294 0.022968264296650887 0.016592757776379585 0.020513610914349556 0.027239903807640076 0.03386480733752251
          0.03929070755839348 0.043723318725824356 0.04768761247396469 0.05145850032567978 0.05515407398343086 0.05888295918703079
          0.0621882826089859 0.06398981064558029 0.06321839988231659 0.06026238203048706 0.055383652448654175 0.04526202380657196
          0.03722124174237251 0.0316811166703701 0.027778664603829384 0.02491123043000698 0.022725116461515427 0.02101086638867855
          0.01964222639799118 0.01853877119719982 0.01764562539756298 0.0169252697378397 0.016352271661162376 0.01590867154300213
          0.0155802546069026 0.015352663584053516 0.015209286473691463 0.015131005086004734 0.015097795985639095 0.015088934451341629
          0.01508406549692154 0.015068981796503067 0.015042618848383427 0.015015942044556141 0.015003561042249203 0.015018890611827374
          0.015064089559018612 0.015123891644179821 0.015160621143877506 0.015155537985265255 0.015104454942047596 0.014999226666986942
          0.014848998747766018 0.014667252078652382 1.3692813811584247e-15 9.493958624904458e-14 4.4490184106238395e-12 1.2524332959618079e-10
          1.8283640157434888e-9 1.466402821392876e-8 6.014689546418595e-8 1.609107300737378e-7 3.7354408277678885e-7 5.656017378896649e-7
          7.259378662638483e-7 8.406499318880378e-7 8.852688324623159e-7 9.428970884073351e-7 0.000014711332369188312 0.0006359323160722852
          0.003969258163124323 0.011354466900229454 0.022607989609241486 0.03365059569478035 0.037803974002599716 0.03481278568506241
          0.028061572462320328 0.024359868839383125 0.025817053392529488 0.028705600649118423 0.032006602734327316 0.035338521003723145
          0.038566432893276215 0.04163021966814995 0.044491950422525406 0.047186218202114105 0.049734070897102356 0.05206651613116264
          0.05406111478805542 0.05562204122543335 0.05662344768643379 0.05655595287680626 0.05538991093635559 0.05350818112492561
          0.05131407827138901 0.049084119498729706 0.046974778175354004 0.04506368190050125 0.04338185861706734 0.041933003813028336
          0.04070620238780975 0.03968866914510727 0.038868747651576996 0.03823480010032654 0.037773892283439636 0.037471696734428406
          0.037312962114810944 0.037281665951013565 0.03736218810081482 0.03753981366753578 0.037801772356033325 0.03813876956701279
          0.03854383900761604 0.03900817409157753 0.039514172822237015 0.040027134120464325 0.04047984257340431 0.04081878066062927
          0.04103624448180199 0.04112756624817848 0.04108341038227081 0.04089457169175148 0.04055357724428177 0.04005855694413185
          8.946733889303324e-17 5.930731573162637e-15 2.639149207332714e-13 6.804613296440554e-12 8.808844625951551e-11 6.622197790129292e-10
          2.817963640211474e-9 8.051018518528963e-9 1.849944553100613e-8 3.829339689787048e-8 5.084516274678208e-8 5.932941604669395e-8
          7.052010886354765e-8 8.18717253991963e-8 1.1051016457486185e-7 8.251849408225098e-7 0.000007013608865236165 0.0003817953693214804
          0.005173584911972284 0.020218010991811752 0.03650423511862755 0.03889482095837593 0.034784767776727676 0.03201049193739891
          0.029933616518974304 0.029136741533875465 0.030939489603042603 0.032674819231033325 0.03435399383306503 0.03595256432890892
          0.037471186369657516 0.03893126919865608 0.04034189134836197 0.04169468954205513 0.04298343136906624 0.04420628398656845
          0.04536538943648338 0.046444639563560486 0.04738698527216911 0.04814959317445755 0.04872248321771622 0.04912266507744789
          0.04938221350312233 0.049537260085344315 0.04962114989757538 0.049660634249448776 0.049674686044454575 0.04967714846134186
          0.04968181252479553 0.04969774931669235 0.04973019286990166 0.04978159815073013 0.049852654337882996 0.049942925572395325
          0.050051312893629074 0.0501764714717865 0.05031713470816612 0.0504721999168396 0.05064065754413605 0.050821032375097275
          0.051010943949222565 0.0512068085372448 0.051407504826784134 0.05160997062921524 0.05181039869785309 0.05200182646512985
          0.05217891186475754 0.05234123021364212 0.05248837545514107 0.05261976271867752
        </DataArray>
        <DataArray type="Float32" Name="TAR_Gas_mass_fractions_8" format="ascii" RangeMin="2.2266299191608615e-16" RangeMax="0.6050370335578918">
          1.530168353136574e-10 3.763495470820999e-8 0.000009309812412539031 0.013218042440712452 0.17879073321819305 0.6050370335578918
          0.5229958891868591 0.5111694931983948 0.5061283111572266 0.5033506751060486 0.4750998914241791 0.45060989260673523
          0.4293811023235321 0.4077151417732239 0.3791588842868805 0.338361918926239 0.2945632040500641 0.25608497858047485
          0.228046715259552 0.20871786773204803 0.20303943753242493 0.20571230351924896 0.20946387946605682 0.21302777528762817
          0.21632736921310425 0.21916048228740692 0.221121147274971 0.2214314341545105 0.21879775822162628 0.2117644101381302
          0.1997070461511612 0.18355850875377655 0.15912872552871704 0.11524442583322525 0.03472679853439331 0.004405084997415543
          0.00012931806850247085 0.0000015956843526510056 0.0000012484085800679168 0.000001248248395313567 0.000001248276589649322 0.0000012482980764616514
          0.000001248315356860985 0.0000012483299087762134 0.0000012483428690757137 0.0000012483546925068367 0.0000012483660611906089 0.0000012483773161875433
          0.0000012483887985581532 0.0000012484006219892763 0.000001248413013854588 0.000001248426087840926 0.0000012484396165746148 0.0000012484537137424923
          0.0000012484683793445583 0.0000012484832723202999 0.0000012484983926697168 0.0000012485137403928093 0.0000012485288607422262 0.0000012485439810916432
          0.0000012485589877542225 0.0000012485737670431263 0.0000012485883189583546 0.0000012486025298130699 0.0000012486166269809473 0.0000012486304967751494
          0.000001248642092832597 0.0000012486509604059393 0.000001248656758434663 0.0000012486597142924438 5.421671445127174e-11 1.2529500992286557e-8
          0.0000022940007511351723 0.0008186475606635213 0.023887014016509056 0.21479417383670807 0.2675319015979767 0.2986973822116852
          0.3131793737411499 0.32310229539871216 0.30835238099098206 0.2807011902332306 0.23224860429763794 0.16681869328022003
          0.10666994005441666 0.07109015434980392 0.052437521517276764 0.0479293093085289 0.05576091632246971 0.07313086092472076
          0.10029850155115128 0.134529709815979 0.1687782108783722 0.1922568380832672 0.20539215207099915 0.2119680941104889
          0.214303657412529 0.2129332572221756 0.20723095536231995 0.19656775891780853 0.18174485862255096 0.16155952215194702
          0.1284065842628479 0.07964541763067245 0.029865961521863937 0.005434371531009674 0.0002761755313258618 0.0000029213786092441296
          0.0000012750286941809463 0.0000012861510185757652 0.0000012968027931492543 0.0000013058794365861104 0.0000013131666491972283 0.0000013187176364226616
          0.0000013227562476458843 0.0000013255789781396743 0.0000013274815273689455 0.000001328719577031734 0.0000013295017424752587 0.0000013299968486535363
          0.0000013303241530593368 0.0000013305103720995248 0.000001330470240645809 0.0000013301731769388425 0.0000013296745464685955 0.0000013297924397193128
          0.0000013292375342643936 0.000001330656118625484 0.0000013300625596457394 0.0000013296590850586654 0.0000013291368077261723 0.000001330962390966306
          0.000001330651571151975 0.000001330478426098125 0.0000013304662616064888 0.0000013303008472576039 0.0000013290672313814866 0.0000013285838349474943
          0.0000013282652844281984 0.0000013279229733598186 1.87854176658675e-11 3.915093582662621e-9 6.493551722996926e-7 0.00007925050158519298
          0.002650952897965908 0.03463686630129814 0.07242178171873093 0.09814697504043579 0.11163011938333511 0.1091168224811554
          0.09488744288682938 0.0714280754327774 0.04549924656748772 0.029786935076117516 0.02253631316125393 0.018411166965961456
          0.016780393198132515 0.01935614086687565 0.03217558562755585 0.059233158826828 0.1034654751420021 0.1409630924463272
          0.166312575340271 0.1835877001285553 0.194466233253479 0.20020639896392822 0.20141306519508362 0.19787810742855072
          0.1890033334493637 0.1757419854402542 0.15660597383975983 0.12823840975761414 0.08574346452951431 0.05892682820558548
          0.026061024516820908 0.006594063714146614 0.000597869569901377 0.0000089832265075529 0.0000012803619711121428 0.000001298776169278426
          0.0000013113526620145421 0.000001376970203637029 0.0000015160093198574032 0.000001675414523560903 0.0000018362936771154637 0.000001983818037842866
          0.000002111679350491613 0.00000222303242480848 0.0000023205680008686613 0.0000023992197384359315 0.000002482878471710137 0.0000025841013666649815
          0.0000026868087843467947 0.0000027709606911230367 0.000002823607019308838 0.000002841386276486446 0.0000028283673145779176 0.0000027923538254981395
          0.0000027420078367867973 0.000002684367700567236 0.0000026233010430587456 0.000002560539996920852 0.000002498465164535446 0.000002442650156808668
          0.00000239892142417375 0.000002370491074543679 0.000002358318852202501 0.0000023602390228916192 0.0000023703491933702026 0.0000023789477836544393
          5.809665682560139e-12 9.849735471689769e-10 1.4802051850892894e-7 0.000010677639693312813 0.00030326127307489514 0.00377543899230659
          0.011536935344338417 0.018108323216438293 0.020675640553236008 0.019969947636127472 0.016850531101226807 0.012951421551406384
          0.010346684604883194 0.008364992216229439 0.006435472052544355 0.004825765732675791 0.0037976407911628485 0.003558494383469224
          0.004699115641415119 0.010127081535756588 0.03065376728773117 0.07520384341478348 0.11693975329399109 0.14707423746585846
          0.16654479503631592 0.1766691654920578 0.17869503796100616 0.17378860712051392 0.16255924105644226 0.14478912949562073
          0.11648885905742645 0.08419420570135117 0.06426315009593964 0.04616769030690193 0.02340204454958439 0.00810827687382698
          0.0013936922186985612 0.00004647318564821035 0.0000014325238453238853 0.0000012951988992426777 0.0000013108677876516595 0.0000013340479654289084
          0.0000016644926290609874 0.0000023869126835052157 0.0000034240056265844032 0.0000045571168811875395 0.000005581944151344942 0.000006494494300568476
          0.000007365776582446415 0.000008277792403532658 0.000009248343303625006 0.000010274851774738636 0.000011367726074240636 0.00001247901855094824
          0.000013625266547023784 0.000014833137356617954 0.00001608334423508495 0.000017314850992988795 0.000018452041331329383 0.000019423423509579152
          0.00002016162579820957 0.000020613635570043698 0.000020758820028277114 0.000020617113477783278 0.000020258879885659553 0.000019804418116109446
          0.00001939975845743902 0.00001916498877108097 0.000019130073269479908 0.000019199706002837047 1.676191845913222e-12 2.076817329221825e-10
          2.6316040901974702e-8 0.0000017582382270120434 0.000037051413528388366 0.0003800099075306207 0.0013476333115249872 0.0022798783611506224
          0.0028054045978933573 0.0030665858648717403 0.002934959949925542 0.002678526332601905 0.0022304062731564045 0.001617539906874299
          0.0010325926123186946 0.0006015418912284076 0.00035095849307253957 0.0002572790253907442 0.00026901127421297133 0.0003690438170451671
          0.002289452124387026 0.019802549853920937 0.05711100623011589 0.0984271913766861 0.1281633824110031 0.1433512419462204
          0.14658820629119873 0.14029905200004578 0.12411412596702576 0.0995173305273056 0.08010256290435791 0.06408066302537918
          0.05247698724269867 0.03845958411693573 0.022203680127859116 0.010228742845356464 0.0029374253936111927 0.0004789179365616292
          0.0001369129167869687 0.0000599873237661086 0.00003457089769653976 0.000022617785361944698 0.000015540155800408684 0.000011196582818229217
          0.00000887445276021026 0.000008229090781242121 0.000008371340300072916 0.000008137365512084216 0.000007085396191541804 0.000006850677891634405
          0.000010178567208640743 0.000015161534065555315 0.00001857782990555279 0.000019010314645129256 0.000018398943211650476 0.000018088208889821544
          0.00001902779877127614 0.000021809582904097624 0.000026769243049784563 0.000034200860682176426 0.00004352107862359844 0.00005346494072000496
          0.00006287016731221229 0.00007104990800144151 0.00007771052332827821 0.0000827865515020676 0.00008635835547465831 0.00008863010589266196
          0.00008993110532173887 0.00009093379048863426 4.608658832165602e-13 4.09964874548141e-11 3.961116767925432e-9 2.648299073371163e-7
          0.0000041629054976510815 0.000038063932151999325 0.000134205911308527 0.00025278187240473926 0.00034927367232739925 0.0004170564061496407
          0.0004317353304941207 0.0003833509108517319 0.00027562788454815745 0.00016172717732843012 0.00007919930794741958 0.0000367549728252925
          0.00004442047793418169 0.00014199699216987938 0.0003269523149356246 0.00043902292964048684 0.00042239768663421273 0.006379937287420034
          0.03082367219030857 0.062128640711307526 0.09115619957447052 0.10636931657791138 0.10924047976732254 0.10164092481136322
          0.08676857501268387 0.07189080119132996 0.06268887966871262 0.05436084046959877 0.04627606272697449 0.03557536005973816
          0.023358622565865517 0.01344938576221466 0.005697804037481546 0.0016735908575356007 0.0007876592571847141 0.00048783255624584854
          0.0003536371805239469 0.00027810412575490773 0.00022728301701135933 0.00018892290245275944 0.00015809803153388202 0.00013357968418858945
          0.00011545669985935092 0.0001034976594382897 0.0000967342930380255 0.00009405536548001692 0.00009433153172722086 0.00009599290206097066
          0.00009616270108381286 0.00009591642447048798 0.00009587188833393157 0.00009419397247256711 0.0000904720727703534 0.00008555705426260829
          0.00008100603736238554 0.00007848010864108801 0.00007922633812995628 0.00008378588972846046 0.00009199914347846061 0.00010324666072847322
          0.0001167385489679873 0.0001317410496994853 0.00014768210530746728 0.00016413457342423499 0.0001807532535167411 0.00019719552074093372
          1.1334037414113471e-13 7.833506412979752e-12 5.25311183441346e-10 3.1582192860923897e-8 5.264151923256577e-7 0.0000035426630802248837
          0.000011998264199064579 0.000023541962946183048 0.0000345675834978465 0.00004225268276059069 0.000044051717850379646 0.00003549833127181046
          0.00002180903720727656 0.000010304662282578647 0.00000415049044022453 0.000010065042260976043 0.00008203755714930594 0.00033764212275855243
          0.000790882739238441 0.0011470179306343198 0.0012390614720061421 0.0028841113671660423 0.015512635000050068 0.035772040486335754
          0.06043551489710808 0.07403455674648285 0.07758938521146774 0.07326387614011765 0.06537695229053497 0.058563586324453354
          0.054318055510520935 0.050101328641176224 0.04539954289793968 0.03784759342670441 0.02861490100622177 0.020253079012036324
          0.012962532229721546 0.005892125889658928 0.0036459611728787422 0.002614022232592106 0.0020243553444743156 0.0016365947667509317
          0.0013566181296482682 0.0011419883230701089 0.0009713978506624699 0.0008336976170539856 0.0007232052739709616 0.0006362947751767933
          0.0005700699402950704 0.0005223343032412231 0.0004910146235488355 0.0004734052636194974 0.000466231198515743 0.0004655095690395683
          0.0004672554205171764 0.00047014810843393207 0.0004734921094495803 0.00047582920524291694 0.0004747590865008533 0.00046838109847158194
          0.0004563687543850392 0.0004396018339321017 0.00041937947389669716 0.0003972203121520579 0.0003746175498235971 0.0003530257672537118
          0.0003338659298606217 0.00031827716156840324 0.00030742798116989434 0.0003024274774361402 2.2467718332509767e-14 1.343071704199006e-12
          6.361505072716156e-11 2.8581959021778403e-9 5.2430205954578923e-8 4.0678310142538976e-7 0.0000013483612519848975 0.000002170638254028745
          0.0000028431659302441403 0.0000033554892979736906 0.0000034526281069702236 0.0000027873161343450192 0.0000017124278883784427 8.058792673182325e-7
          9.683708412921987e-7 0.000024528755602659658 0.0001835230941651389 0.0006338566890917718 0.0013990943552926183 0.0021562075708061457
          0.00248964736238122 0.0027444311417639256 0.007080241106450558 0.01813819259405136 0.03407996520400047 0.04622878134250641
          0.05233455076813698 0.05315900221467018 0.0512695387005806 0.04917224124073982 0.0477573461830616 0.04625258967280388
          0.044406741857528687 0.04151668772101402 0.037594038993120193 0.03304241970181465 0.028035512194037437 0.02077571675181389
          0.015535810962319374 0.012103230692446232 0.009763136506080627 0.00808384083211422 0.006827603094279766 0.005858658812940121
          0.005096021108329296 0.004487968981266022 0.00399904977530241 0.003604457713663578 0.003286616178229451 0.00303256674669683
          0.0028320695273578167 0.0026759568136185408 0.002555436221882701 0.0024621011689305305 0.002388441003859043 0.00232774973846972
          0.0022742075379937887 0.002224263735115528 0.002178247319534421 0.0021396195515990257 0.0021122926846146584 0.0020993042271584272
          0.0020996592938899994 0.0021064497996121645 0.002105566905811429 0.0020902459509670734 0.0020590105559676886 0.0020095312502235174
          0.001945007243193686 0.001869807718321681 3.1072728161248573e-15 1.7303389623912757e-13 6.581173540159968e-12 2.003024412999821e-10
          3.536734682896281e-9 3.054960373560789e-8 1.1009323941379989e-7 2.5136139925052703e-7 8.663836865707708e-7 0.0000010044433338407543
          7.165139095377526e-7 4.131720174882503e-7 2.3536956916814233e-7 1.4205689069513028e-7 3.885190835717367e-7 0.00002052949639619328
          0.0001751546369632706 0.0006425180472433567 0.001569197280332446 0.0028159955982118845 0.0037765279412269592 0.0041233692318201065
          0.0044481405057013035 0.00876493752002716 0.018048549070954323 0.024437209591269493 0.02921351045370102 0.03214232996106148
          0.03364885225892067 0.03441397100687027 0.03485272824764252 0.035054028034210205 0.035089533776044846 0.034942492842674255
          0.03458790481090546 0.03398731350898743 0.033068541437387466 0.03151896968483925 0.029467076063156128 0.027230259031057358
          0.025049010291695595 0.023046134039759636 0.021265909075737 0.019712233915925026 0.01837051473557949 0.017218222841620445
          0.016230739653110504 0.015386831015348434 0.014668968506157398 0.014061996713280678 0.01355187501758337 0.01312533114105463
          0.012769910506904125 0.01247392687946558 0.012226901017129421 0.012019666843116283 0.011844689957797527 0.011696573346853256
          0.011571433395147324 0.011465237475931644 0.011371293105185032 0.011277567595243454 0.011161811649799347 0.011009026318788528
          0.010821769945323467 0.010604112409055233 0.01035698689520359 0.010080361738801003 0.009773802943527699 0.009438330307602882
          2.2266299191608615e-16 1.2006707273922758e-14 4.1557986977906747e-13 9.356758423617606e-12 1.3900183781778708e-10 1.207245192702544e-9
          4.74701522534815e-9 1.2312022512617204e-8 3.3839853585959645e-8 1.3364233097945544e-7 1.3669802001459175e-7 1.0207488543301224e-7
          8.994717148880227e-8 8.624091663023137e-8 8.96844269959729e-8 9.992916005785446e-8 2.610397302760248e-7 0.000012536121175799053
          0.00023512402549386024 0.001357008353807032 0.003541109384968877 0.00490175373852253 0.005128058604896069 0.005925879813730717
          0.008332004770636559 0.013544349931180477 0.01673068478703499 0.018528897315263748 0.01967632956802845 0.020451905205845833
          0.02103130891919136 0.021511998027563095 0.021930931136012077 0.022291598841547966 0.0225991178303957 0.02285928651690483
          0.023078246042132378 0.02324613928794861 0.02332715317606926 0.02330205775797367 0.023174572736024857 0.022962698712944984
          0.02268981747329235 0.022378472611308098 0.02204732783138752 0.02170993573963642 0.021374832838773727 0.021047551184892654
          0.020733661949634552 0.020436102524399757 0.020155856385827065 0.019892605021595955 0.019645346328616142 0.019412700086832047
          0.019193170592188835 0.01898532174527645 0.018787931650877 0.01860003173351288 0.01842082291841507 0.018249379470944405
          0.01808435097336769 0.01792377233505249 0.01776718907058239 0.017612924799323082 0.017458762973546982 0.017300469800829887
          0.01713481731712818 0.01696164160966873 0.016780782490968704 0.016592076048254967
        </DataArray>
        <DataArray type="Float32" Name="TAR0_Gas_mass_fractions_9" format="ascii" RangeMin="0" RangeMax="1.2612001287076735e-12">
          0 0 0 0 0 0
          0 0 0 0 0 0
          0 0 0 0 0 0
          0 0 0 0 0 0
          0 0 0 0 0 0
          0 0 0 0 0 0
          0 0 0 0 0 0
          0 0 0 0 0 0
          0 0 0 0 0 0
          0 0 0 0 0 0
          0 0 0 0 0 0
          0 0 0 0 0 0
          0 0 0 0 2.0627880100657775e-13 6.032930231769651e-13
          0 0 0 0 0 0
          0 0 0 0 0 0
          0 0 0 0 0 0
          0 0 0 0 0 0
          0 0 0 0 0 0
          0 0 0 0 0 0
          0 0 0 0 0 0
          0 0 0 0 0 0
          0 0 0 0 0 0
          0 0 0 0 0 0
          0 0 0 0 0 0
          0 0 9.670042544485113e-14 1.155741219957887e-13 0 0
          0 0 0 0 0 0
          0 0 0 0 0 0
          0 0 0 0 0 0
          0 0 0 0 0 0
          0 0 0 0 0 0
          0 0 0 0 0 0
          0 0 0 0 0 0
          0 0 0 0 0 0
          0 0 0 0 0 0
          0 0 0 0 0 0
          0 0 0 0 0 0
          0 1.1879357903182147e-13 0 0 0 0
          0 0 0 0 0 0
          0 0 0 0 0 0
          0 0 0 0 0 0
          0 0 0 0 0 0
          0 0 0 0 0 0
          0 0 0 0 0 0
          0 0 0 0 0 0
          0 0 0 0 0 0
          0 0 0 0 0 0
          0 0 0 0 0 0
          0 0 0 0 0 2.638549372480786e-13
          5.470622937400922e-14 0 0 0 0 0
          0 0 0 0 0 0
          0 0 0 0 0 0
          0 0 0 0 0 0
          0 0 0 0 0 0
          0 0 0 0 0 0
          0 0 0 0 0 0
          0 0 0 0 0 0
          0 0 0 0 0 0
          0 0 0 0 0 0
          0 0 0 0 0 0
          0 0 0 0 0 0
          0 0 0 0 0 0
          0 0 0 0 0 0
          0 0 0 0 0 0
          0 0 0 0 0 0
          0 0 0 0 0 0
          0 0 0 0 0 0
          0 0 0 0 0 0
          0 0 0 0 0 0
          0 0 0 0 0 0
          0 0 0 0 0 0
          0 0 0 0 0 0
          0 0 0 0 0 0
          0 0 0 0 0 0
          0 0 0 0 0 0
          0 0 0 0 0 0
          0 0 0 0 0 0
          0 0 0 0 0 0
          0 0 0 0 0 0
          0 0 0 0 0 0
          0 0 0 0 0 0
          0 0 0 0 0 0
          0 0 0 0 0 0
          0 0 0 0 0 0
          0 0 0 0 0 0
          0 0 0 0 0 0
          0 0 0 0 0 0
          0 0 0 0 0 0
          0 0 0 0 0 0
          0 0 0 0 0 0
          0 0 0 0 0 0
          0 0 0 0 0 0
          0 0 0 0 0 0
          0 0 0 0 0 0
          0 0 0 0 0 0
          0 0 0 0 1.1847915227028438e-12 1.2612001287076735e-12
          4.569675258851713e-13 0 0 0 0 0
          0 0 0 0 0 0
          0 0 0 0 0 0
          0 0 0 0 0 0
          0 0 0 0 0 0
          0 0 0 0 0 0
          0 0 0 0 0 0
          0 0 0 0 0 0
          0 0 0 0 0 0
          0 0 0 0 0 0
          0 0 0 0 0 0
          0 0 0 0 0 0
          0 0 6.772360450213455e-15 0 0 0
          0 0 0 0 0 0
          0 0 0 0 0 0
          0 0 0 0 0 0
          0 0 0 0 0 0
          0 0 0 0 0 0
          0 0 0 0 0 0
          0 0 0 0 0 0
          0 0 0 0 0 0
          0 0 0 0
        </DataArray>
        <DataArray type="Float32" Name="BIOMASS_Solids_mass_fractions_1_1" format="ascii" RangeMin="0" RangeMax="0.03339510038495064">
          0 0 0 0 5.301443550820295e-8 0.03339510038495064
          0.00007429619290633127 0.000016656207662890665 0.000012221024007885717 0.000011191568773938343 6.64939925343333e-9 9.210211970867022e-8
          9.22257825664019e-8 8.982065935470018e-8 9.930818833936428e-8 9.665203748454587e-8 9.406712564441477e-8 9.228791242321677e-8
          9.075777995803946e-8 8.927374040013092e-8 8.792378736188766e-8 8.676083496084175e-8 8.582826893643869e-8 8.514641791634858e-8
          8.472249390933939e-8 8.457169542452903e-8 8.474559365367895e-8 8.536216711263478e-8 8.655494099230054e-8 8.811907292738397e-8
          8.925722738695185e-8 8.927291617055744e-8 8.812092033849694e-8 8.607089085899133e-8 8.57647535212891e-8 8.576476773214381e-8
          8.63603162315485e-8 8.71859882067838e-8 8.936737572184938e-8 9.021194102842856e-8 8.815604957135292e-8 9.178319970715165e-8
          8.824947173025066e-8 8.878244983634431e-8 9.125997024739263e-8 0 0 0
          0 0 0 0 0 0
          0 0 0 0 0 0
          0 0 0 0 0 0
          0 0 0 0 0 0
          0 0 0 1.947368932775362e-9 0 0
          2.9366649556550328e-8 9.413810175828985e-8 8.316462896118537e-8 8.271915419300058e-8 8.43617158352572e-8 8.542032503555674e-8
          8.565789499925813e-8 8.559425879184346e-8 8.551837282766428e-8 8.544292739998127e-8 8.522867034344017e-8 8.506920323725353e-8
          8.515668525888032e-8 8.526001238351455e-8 8.527301531557896e-8 8.52793604622093e-8 8.535872098036634e-8 8.557444886037047e-8
          8.598838974194223e-8 8.665115558414982e-8 8.752888902563427e-8 8.837773179948272e-8 8.87880986510936e-8 8.843363730193232e-8
          8.68333742687355e-8 8.582584598570975e-8 8.618374636171211e-8 8.618376057256683e-8 8.664598993846084e-8 8.74064980393996e-8
          8.987596089582439e-8 8.992917344130547e-8 9.207278850453804e-8 9.66421112025273e-8 9.018270930027938e-8 9.256803679136283e-8
          0 0 0 0 0 0
          0 0 0 0 0 0
          0 0 0 0 0 0
          0 0 0 0 0 0
          0 0 0 0 0 0
          0 0 1.947368932775362e-9 9.504508113877819e-8 9.50184499970419e-8 8.232065340507688e-8
          8.655029404280867e-8 8.711042198683572e-8 8.670177464864537e-8 8.639018034273249e-8 8.624484593156012e-8 8.616314772780242e-8
          8.610658142060856e-8 8.606784263065492e-8 8.604657608657362e-8 8.601154632970065e-8 8.594906120151791e-8 8.590424016574616e-8
          8.588250466345926e-8 8.590041034040041e-8 8.598681233706884e-8 8.617869440286086e-8 8.651441874008015e-8 8.700786935378346e-8
          8.759338498975922e-8 8.806384954596069e-8 8.811762342020302e-8 8.737680445847218e-8 8.647442939491157e-8 8.610739854475469e-8
          8.656171246457234e-8 8.656172667542705e-8 8.696232356442124e-8 8.767331394210487e-8 9.017273328026931e-8 8.901108117242984e-8
          0 0 9.151318636213546e-8 9.343403206685252e-8 0 0
          0 0 0 0 0 0
          0 0 0 0 0 0
          0 0 0 0 0 0
          0 0 0 0 0 0
          0 0 0 0 0 0
          0 9.303750658773424e-8 9.092412511790826e-8 9.36441537646715e-8 8.674610540992944e-8 8.635238657461741e-8
          8.630090775341159e-8 8.622947689218563e-8 8.614129143325044e-8 8.606077983586147e-8 8.599818812626836e-8 8.595020517532248e-8
          8.592037659127527e-8 8.593147526880784e-8 8.596308731512181e-8 8.596557421469697e-8 8.597528022846745e-8 8.601231371585527e-8
          8.610946622411575e-8 8.63074092194438e-8 8.662761530331409e-8 8.705780629725268e-8 8.750927094069993e-8 8.769912085426768e-8
          8.752139990519936e-8 8.700203579792287e-8 8.652716587675968e-8 8.65813589712161e-8 8.690850705761477e-8 8.690852837389684e-8
          8.734067336035878e-8 8.804687468000338e-8 9.051505145407646e-8 0 0 0
          9.262558364753204e-8 0 0 0 0 0
          0 0 0 0 0 0
          0 0 0 0 0 0
          0 0 0 0 0 0
          0 0 0 0 0 0
          0 0 0 0 0 5.859876850422552e-8
          1.3613602689588333e-8 8.692428110634864e-8 8.633278980596515e-8 8.632306958133995e-8 8.62701554638079e-8 8.617244162678617e-8
          8.607557333561999e-8 8.600216006016126e-8 8.594670219963518e-8 8.589167777017792e-8 8.583069188716763e-8 8.579220889259886e-8
          8.582143351532068e-8 8.587823430161734e-8 8.591985078965081e-8 8.600203926789618e-8 8.61722355693928e-8 8.642794568913814e-8
          8.677305629589682e-8 8.712745369621189e-8 8.73809398171943e-8 8.742993173882496e-8 8.725854883095963e-8 8.69564473759965e-8
          8.682393115577725e-8 8.704891030220097e-8 8.724870781406935e-8 8.724874334120614e-8 8.779984739248903e-8 8.860299516300074e-8
          9.137689005456195e-8 0 0 0 0 0
          0 0 0 0 0 0
          0 0 0 0 0 0
          0 0 0 0 0 0
          0 0 0 0 0 0
          0 0 0 0 0 0
          0 0 7.4601075539249e-8 7.393219192408651e-8 9.954204216455764e-8 8.666975759297202e-8
          8.633212189579353e-8 8.631300119077423e-8 8.623968028587115e-8 8.614150459607117e-8 8.606760104612476e-8 8.602435030979905e-8
          8.598784972946305e-8 8.593122657885033e-8 8.585363531210533e-8 8.578880539289457e-8 8.57841584434027e-8 8.585309529962615e-8
          8.593823253022492e-8 8.60881073094788e-8 8.632685677412155e-8 8.660113337555231e-8 8.689934105632346e-8 8.71524221679465e-8
          8.730440725912558e-8 8.732366296726468e-8 8.723303324131848e-8 8.714687993460757e-8 8.725162103928596e-8 8.747817759058307e-8
          8.759305814010077e-8 8.770311410444265e-8 8.833907827465737e-8 8.93590268447042e-8 0 0
          0 0 0 0 0 0
          0 0 0 0 0 0
          0 0 0 0 0 0
          0 0 0 0 0 0
          0 0 0 0 0 0
          0 0 0 0 0 0
          9.930562328008818e-8 9.759305186207712e-8 8.863613487619659e-8 8.678275520423995e-8 8.632667203301025e-8 8.631131720449048e-8
          8.624414959967908e-8 8.616941471473183e-8 8.613242385990816e-8 8.612289548182162e-8 8.61075477587292e-8 8.605812240602972e-8
          8.597517364705709e-8 8.589772448885924e-8 8.5869643839942e-8 8.592167688448171e-8 8.605609735923281e-8 8.62765574538571e-8
          8.653865535279692e-8 8.678675555984228e-8 8.702642162461416e-8 8.721727340343932e-8 8.733710643582526e-8 8.738746970493594e-8
          8.741367452103077e-8 8.750087232556325e-8 8.76919443726365e-8 8.789370298245558e-8 8.805225348851309e-8 8.805230322650459e-8
          8.861889710942705e-8 0 0 0 0 0
          1.131792437547574e-9 1.2077878974725564e-10 1.931254886448388e-21 4.581615642429426e-11 7.777924831975369e-11 7.791484471497689e-13
          3.3184417019826995e-11 7.54330105323664e-12 2.5742127613553878e-12 4.239950510991448e-36 1.2136526084517794e-14 5.370608166901155e-15
          8.927443508022995e-16 1.317721786856874e-14 1.1959122928062449e-11 2.2995470680626032e-14 2.6266086812607066e-14 2.6386699222098395e-14
          1.2469610610490042e-27 3.784427908066532e-39 4.697700394365152e-28 0 2.8372335310113675e-28 2.389716571328526e-13
          0 1.0232980980789508e-28 6.241711249417581e-14 0 0 0
          0 0 0 0 0 0
          8.14133471749301e-8 8.76565167118315e-8 8.631675285641904e-8 8.635507953158594e-8 8.630195225123316e-8 8.625166003639606e-8
          8.624554936886852e-8 8.626732750371957e-8 8.629103831481189e-8 8.628970249446866e-8 8.625114134019896e-8 8.619024782774432e-8
          8.614279778385026e-8 8.613925928102617e-8 8.626274450307392e-8 8.654223648818515e-8 8.678828322672416e-8 8.700096287839187e-8
          8.720010669094336e-8 8.736584788948676e-8 8.74939587447443e-8 8.759863590057648e-8 8.771262116624712e-8 8.78587087527194e-8
          8.802619078096541e-8 8.806035367570075e-8 8.817934116223114e-8 8.818889796202711e-8 8.860334332894126e-8 8.860582312308907e-8
          0 6.654780548842609e-8 9.961830471638677e-8 2.5572439721344153e-9 0 0
          2.5071026144019015e-8 1.7245817218736192e-8 0 3.97993105138994e-8 5.688647064516772e-8 0
          0 5.494243282555544e-8 1.8389229694548703e-8 5.3105118524854333e-8 6.576900801746888e-8 1.2874417976149743e-8
          2.2995468986560137e-14 7.82074494054541e-8 8.311764787549691e-8 2.8887642500308175e-8 1.2469610610490042e-27 2.074972726973101e-8
          9.860690397545113e-8 0 0 0 0 0
          9.471942519212462e-8 0 0 0 0 0
          0 0 0 0 0 9.349695773153144e-8
          8.638794213311485e-8 8.663895556537682e-8 8.64179980908375e-8 8.636048676180508e-8 8.636519055471581e-8 8.639814552680036e-8
          8.646592419836452e-8 8.655105432353594e-8 8.662177464202614e-8 8.666500406206978e-8 8.669351103662848e-8 8.672637363815738e-8
          8.67596696707551e-8 8.68894645122964e-8 8.706876997166546e-8 8.724696698436674e-8 8.741896095898483e-8 8.75745342909795e-8
          8.771198878321229e-8 8.783835170333987e-8 8.797068318244783e-8 8.808659401893237e-8 8.818037144919799e-8 8.826110331483505e-8
          8.830641462509448e-8 8.834309284111441e-8 8.840743248583749e-8 8.843181120710142e-8 8.845275800695163e-8 8.847121080179932e-8
          8.848772381497838e-8 8.850248889302748e-8 8.851573340962204e-8 8.852440203099832e-8 8.85309745513041e-8 8.853557886823182e-8
          8.814949836732922e-8 8.811679208520218e-8 8.809131202269782e-8 8.806884466139309e-8 8.805016449286995e-8 8.80382913237554e-8
          8.802869189139528e-8 8.80240307310487e-8 8.802130224694338e-8 8.801995932117279e-8 8.801891482335122e-8 8.80881145803869e-8
          8.8142897425314e-8 8.821119479307526e-8 8.824083153058382e-8 8.845831445114527e-8 8.832959252913497e-8 8.832891040810864e-8
          8.833634979055205e-8 8.834115305944579e-8 8.845622545550214e-8 8.834997089479657e-8 8.834917508693252e-8 8.845607624152763e-8
          0 0 0 0 0 0
          0 0 0 0 9.819466129101784e-8 9.785905774606363e-8
          8.686348706987701e-8 8.64991420712613e-8 8.65319549347987e-8 8.646185989391597e-8 8.644867222074026e-8 8.657868733052965e-8
          8.678237151116264e-8 8.697662678969209e-8 8.714362564887779e-8 8.729519862527013e-8 8.743194257476716e-8 8.752694213853829e-8
          8.761934822132389e-8 8.772033055493011e-8 8.78230466128116e-8 8.792314787342548e-8 8.80162716043742e-8 8.810066987052778e-8
          8.819452546049433e-8 8.824150654618279e-8 8.828135378280422e-8 8.831780462514871e-8 8.834996378936921e-8 8.837970000286077e-8
          8.840737564241863e-8 8.843175436368256e-8 8.845270826896012e-8 8.847116816923517e-8 8.848768828784159e-8 8.85024675767454e-8
          8.851571209333997e-8 8.852333621689468e-8 8.853096034044938e-8 8.853096034044938e-8 8.853552202481296e-8 8.808211759969709e-8
          8.80596076058282e-8 8.804086348845885e-8 8.80289903193443e-8 8.801942641412097e-8 8.801484341347532e-8 8.801227835419922e-8
          8.801118411838615e-8 8.801032436167588e-8 8.8079751492387e-8 8.813479723812634e-8 8.820325803071682e-8 8.823325003959326e-8
          8.823306529848196e-8 8.832245157464058e-8 8.8322281044384e-8 8.833018227960565e-8 8.833544029585028e-8 8.83352697655937e-8
          8.834488340880853e-8 8.834471287855195e-8 8.834455655915008e-8 8.834442155603028e-8
        </DataArray>
        <DataArray type="Float32" Name="MOISTURE_Solids_mass_fractions_1_2" format="ascii" RangeMin="0" RangeMax="0">
          0 0 0 0 0 0
          0 0 0 0 0 0
          0 0 0 0 0 0
          0 0 0 0 0 0
          0 0 0 0 0 0
          0 0 0 0 0 0
          0 0 0 0 0 0
          0 0 0 0 0 0
          0 0 0 0 0 0
          0 0 0 0 0 0
          0 0 0 0 0 0
          0 0 0 0 0 0
          0 0 0 0 0 0
          0 0 0 0 0 0
          0 0 0 0 0 0
          0 0 0 0 0 0
          0 0 0 0 0 0
          0 0 0 0 0 0
          0 0 0 0 0 0
          0 0 0 0 0 0
          0 0 0 0 0 0
          0 0 0 0 0 0
          0 0 0 0 0 0
          0 0 0 0 0 0
          0 0 0 0 0 0
          0 0 0 0 0 0
          0 0 0 0 0 0
          0 0 0 0 0 0
          0 0 0 0 0 0
          0 0 0 0 0 0
          0 0 0 0 0 0
          0 0 0 0 0 0
          0 0 0 0 0 0
          0 0 0 0 0 0
          0 0 0 0 0 0
          0 0 0 0 0 0
          0 0 0 0 0 0
          0 0 0 0 0 0
          0 0 0 0 0 0
          0 0 0 0 0 0
          0 0 0 0 0 0
          0 0 0 0 0 0
          0 0 0 0 0 0
          0 0 0 0 0 0
          0 0 0 0 0 0
          0 0 0 0 0 0
          0 0 0 0 0 0
          0 0 0 0 0 0
          0 0 0 0 0 0
          0 0 0 0 0 0
          0 0 0 0 0 0
          0 0 0 0 0 0
          0 0 0 0 0 0
          0 0 0 0 0 0
          0 0 0 0 0 0
          0 0 0 0 0 0
          0 0 0 0 0 0
          0 0 0 0 0 0
          0 0 0 0 0 0
          0 0 0 0 0 0
          0 0 0 0 0 0
          0 0 0 0 0 0
          0 0 0 0 0 0
          0 0 0 0 0 0
          0 0 0 0 0 0
          0 0 0 0 0 0
          0 0 0 0 0 0
          0 0 0 0 0 0
          0 0 0 0 0 0
          0 0 0 0 0 0
          0 0 0 0 0 0
          0 0 0 0 0 0
          0 0 0 0 0 0
          0 0 0 0 0 0
          0 0 0 0 0 0
          0 0 0 0 0 0
          0 0 0 0 0 0
          0 0 0 0 0 0
          0 0 0 0 0 0
          0 0 0 0 0 0
          0 0 0 0 0 0
          0 0 0 0 0 0
          0 0 0 0 0 0
          0 0 0 0 0 0
          0 0 0 0 0 0
          0 0 0 0 0 0
          0 0 0 0 0 0
          0 0 0 0 0 0
          0 0 0 0 0 0
          0 0 0 0 0 0
          0 0 0 0 0 0
          0 0 0 0 0 0
          0 0 0 0 0 0
          0 0 0 0 0 0
          0 0 0 0 0 0
          0 0 0 0 0 0
          0 0 0 0 0 0
          0 0 0 0 0 0
          0 0 0 0 0 0
          0 0 0 0 0 0
          0 0 0 0 0 0
          0 0 0 0 0 0
          0 0 0 0 0 0
          0 0 0 0 0 0
          0 0 0 0 0 0
          0 0 0 0 0 0
          0 0 0 0 0 0
          0 0 0 0 0 0
          0 0 0 0 0 0
          0 0 0 0 0 0
          0 0 0 0 0 0
          0 0 0 0 0 0
          0 0 0 0 0 0
          0 0 0 0 0 0
          0 0 0 0 0 0
          0 0 0 0 0 0
          0 0 0 0
        </DataArray>
        <DataArray type="Float32" Name="CHAR_Solids_mass_fractions_1_3" format="ascii" RangeMin="0" RangeMax="0.7575092315673828">
          0 0 0 0 0.7421677112579346 0.730970561504364
          0.7575092315673828 0.7555908560752869 0.7510524392127991 0.7479621171951294 0.7439956068992615 0.7416005730628967
          0.7412571310997009 0.7421576380729675 0.7434508204460144 0.7446974515914917 0.7456753253936768 0.7463558316230774
          0.7470884919166565 0.7480459809303284 0.7491556406021118 0.7502568960189819 0.751242458820343 0.7520496845245361
          0.7526333928108215 0.752938985824585 0.7528888583183289 0.7523983120918274 0.7514808773994446 0.7505016326904297
          0.7500765919685364 0.7504028081893921 0.7511210441589355 0.7519606947898865 0.7523506879806519 0.7523506879806519
          0.7523062825202942 0.7520838975906372 0.7491629719734192 0.7495625615119934 0.7535032033920288 0.7406021952629089
          0.7510483860969543 0.7502924799919128 0.7439419031143188 0 0 0
          0 0 0 0 0 0
          0 0 0 0 0 0
          0 0 0 0 0 0
          0 0 0 0 0 0
          0 0 0 0 0 0
          0.000009214174497174099 0.504986584186554 0.6904744505882263 0.7289342880249023 0.7412528395652771 0.7458758354187012
          0.747726559638977 0.7485495805740356 0.7489212155342102 0.7489619255065918 0.7485557794570923 0.7483574151992798
          0.7488595247268677 0.7495238780975342 0.7500994801521301 0.7505221366882324 0.7507688403129578 0.7508220076560974
          0.75067538022995 0.7503640651702881 0.7500131130218506 0.7498400211334229 0.7499932646751404 0.7504292726516724
          0.7514663934707642 0.7521589994430542 0.7522777915000916 0.7522777915000916 0.752239465713501 0.752000093460083
          0.7478929162025452 0.7502170205116272 0.7433884143829346 0.7271480560302734 0.7458267211914062 0.7397974729537964
          0 0 0 0 0 0
          0 0 0 0 0 0
          0 0 0 0 0 0
          0 0 0 0 0 0
          0 0 0 0 0 0
          0 0 0 9.706964476663416e-8 0.00028030649991706014 0.5935876369476318
          0.7277508974075317 0.7458210587501526 0.7495067119598389 0.7503261566162109 0.7504987716674805 0.750529408454895
          0.7505269050598145 0.7504951357841492 0.7503857612609863 0.7501299977302551 0.7500293254852295 0.7500627636909485
          0.7501249313354492 0.7501821517944336 0.7502051591873169 0.7501710057258606 0.7500743865966797 0.7499449253082275
          0.7498563528060913 0.7499048709869385 0.7502036094665527 0.7509585022926331 0.7517301440238953 0.7521805763244629
          0.7521994113922119 0.7521993517875671 0.7521551847457886 0.7518998384475708 0.747336208820343 0.7496368288993835
          0.6667662858963013 0.7080978155136108 0.7423397302627563 0.7376229166984558 0 0
          0 0 0 0 0 0
          0 0 0 0 0 0
          0 0 0 0 0 0
          0 0 0 0 0 0
          0 0 0 0 0 0
          0 0 0.02271532267332077 0.7061266899108887 0.7469021081924438 0.7506681084632874
          0.7509981393814087 0.7508431077003479 0.7507137656211853 0.7506580352783203 0.7506614923477173 0.7507194876670837
          0.7508208751678467 0.7508798241615295 0.7508044838905334 0.7507186532020569 0.750619649887085 0.7505050897598267
          0.750372052192688 0.750220537185669 0.7500699758529663 0.7499505281448364 0.7499412894248962 0.7502115964889526
          0.7506561875343323 0.7512747049331665 0.7518579959869385 0.7521169781684875 0.7521129846572876 0.7521129250526428
          0.7520368099212646 0.7517447471618652 0.74711674451828 0.6781213879585266 0.6709670424461365 0.5687403082847595
          0.7396055459976196 0 0 0 0 0
          0 0 0 0 0 0
          0 0 0 0 0 0
          0 0 0 0 0 0
          0 0 0 0 0 0
          0 0 0 0 0 1.5749617165994323e-9
          0.4975126087665558 0.743388831615448 0.7505208253860474 0.7510020732879639 0.7508612275123596 0.7506245970726013
          0.7505044937133789 0.7504634857177734 0.7504836320877075 0.750572681427002 0.7507375478744507 0.7509384155273438
          0.751068651676178 0.7509956955909729 0.750786304473877 0.7505521774291992 0.7503687739372253 0.7501843571662903
          0.7500648498535156 0.7500619292259216 0.7502105832099915 0.7505388855934143 0.750978946685791 0.7514826059341431
          0.7518954277038574 0.7520138621330261 0.7520111203193665 0.7520110011100769 0.7518582940101624 0.7514391541481018
          0.7460031509399414 0.6521105170249939 0.6586803197860718 0.589950442314148 0 0
          0 0 0 0 0 0
          0 0 0 0 0 0
          0 0 0 0 0 0
          0 0 0 0 0 0
          0 0 0 0 0 0
          0 0 5.574586907641788e-7 0.008966649882495403 0.6222774386405945 0.745710551738739
          0.7502161264419556 0.7506565451622009 0.7506691813468933 0.7504618167877197 0.7503460049629211 0.750300407409668
          0.7503294348716736 0.7504493594169617 0.7506537437438965 0.7508824467658997 0.7509897947311401 0.750809371471405
          0.75059574842453 0.7504157423973083 0.7502678036689758 0.7501657605171204 0.7501608729362488 0.7502700090408325
          0.7504923343658447 0.7508237957954407 0.7512196898460388 0.7516016364097595 0.7518397569656372 0.7518780827522278
          0.751855194568634 0.751842200756073 0.7515915632247925 0.7508171200752258 0.6458616256713867 0.6504495739936829
          0.5874058604240417 0.6161773204803467 0 0 0 0
          0 0 0 0 0 0
          0 0 0 0 0 0
          0 0 0 0 0 0
          0 0 0 0 0 0
          0 0 0 0 0 0
          0 0.017245296388864517 0.6415018439292908 0.7432143092155457 0.749051034450531 0.7501193881034851
          0.7505549192428589 0.7503443956375122 0.7501986622810364 0.7501331567764282 0.750152051448822 0.7502514123916626
          0.7504026293754578 0.7505373954772949 0.7505902051925659 0.750541090965271 0.7503937482833862 0.750293493270874
          0.7502385377883911 0.7502449154853821 0.7503336071968079 0.7505041360855103 0.7507479786872864 0.7510507106781006
          0.7513633966445923 0.7516024112701416 0.7517064213752747 0.7517075538635254 0.7516765594482422 0.7516763806343079
          0.7513899207115173 0.6606155633926392 0.6608117818832397 0.7098715901374817 0.5637969374656677 0.596692681312561
          0.006859199143946171 0.0007533164462074637 1.375437341333361e-14 0.00027599590248428285 0.0004896999453194439 0.000004575969796860591
          0.00018443322915118188 0.00003528931483742781 0.000012923029316880275 0 9.998280603440435e-8 4.6882544069148935e-8
          7.793182987825276e-9 9.998824879176027e-8 0.00006659929931629449 1.3611206384211982e-7 1.560761262453525e-7 1.58255147653108e-7
          0 0 0 0 0 0.000001467477318328747
          0 1.2991699734733618e-18 3.742076444268605e-7 0 0 0
          0 0 0 0 0 0
          0.5975075960159302 0.7340089678764343 0.7456173896789551 0.7486250400543213 0.7504962682723999 0.7502869367599487
          0.7500890493392944 0.7499856352806091 0.7499619722366333 0.7499954700469971 0.7500669956207275 0.7501516342163086
          0.7502222657203674 0.7502713203430176 0.7502537369728088 0.7502558827400208 0.7502955794334412 0.7503783106803894
          0.7505165934562683 0.7507047057151794 0.7509296536445618 0.751166045665741 0.7513652443885803 0.7514824271202087
          0.7515212297439575 0.7515027523040771 0.7514094114303589 0.7514408826828003 0.7514335513114929 0.7514265775680542
          0.6612997055053711 0.7120590209960938 0.7191752791404724 0.7160446643829346 0.7154531478881836 0.7139380574226379
          0.7149421572685242 0.7143678665161133 0.7112159132957458 0.3184691369533539 0.44451186060905457 0.7014203071594238
          0.6986930966377258 0.4288144111633301 0.15014375746250153 0.41668036580085754 0.500672459602356 0.10526242852210999
          1.8729902251379826e-7 0.5785232782363892 0.6008613109588623 0.2323044389486313 0 0.16698957979679108
          0.6781014204025269 0.6876258254051208 0.6944020390510559 0.6972981691360474 0.6993640661239624 0.7010550498962402
          0.7023053765296936 0.7030391693115234 0 0 0 0
          0 0 0 0 0.5854039192199707 0.6944243311882019
          0.7295276522636414 0.7404552698135376 0.7503870725631714 0.7504159808158875 0.7501105070114136 0.7499366402626038
          0.74986332654953 0.7498380541801453 0.7498477101325989 0.7498888969421387 0.7499523758888245 0.7500278949737549
          0.7501142621040344 0.750229001045227 0.7503636479377747 0.7504798173904419 0.7506253123283386 0.7507908940315247
          0.7509594559669495 0.7511071562767029 0.7512161731719971 0.7512791752815247 0.7512891888618469 0.7512797713279724
          0.7511422634124756 0.7510077953338623 0.7508583664894104 0.7508416175842285 0.7508242726325989 0.7508065104484558
          0.750788688659668 0.7507709860801697 0.7507535219192505 0.7507413029670715 0.7507316470146179 0.7507247924804688
          0.749858558177948 0.7498446702957153 0.7498345971107483 0.7498260736465454 0.7498191595077515 0.7498152852058411
          0.7498123049736023 0.7498114109039307 0.7498115301132202 0.7498124837875366 0.7498133182525635 0.7500796914100647
          0.750291109085083 0.7505582571029663 0.7506765723228455 0.7508791089057922 0.7510363459587097 0.7510382533073425
          0.751078724861145 0.7511062622070312 0.7508860230445862 0.7511681318283081 0.7511703968048096 0.7508857250213623
          0 0 0 0 0 0
          0 0 0 0 0.0025231363251805305 0.5083882808685303
          0.74744713306427 0.751328706741333 0.7505603432655334 0.7500947713851929 0.749941885471344 0.7498641014099121
          0.7498133182525635 0.7498054504394531 0.7498401403427124 0.7499121427536011 0.7500170469284058 0.750138521194458
          0.7502892017364502 0.7504420876502991 0.7505379319190979 0.7506293654441833 0.7507074475288391 0.7507668137550354
          0.7508264183998108 0.7508538365364075 0.7508719563484192 0.7508817911148071 0.7508818507194519 0.7508735060691833
          0.7508585453033447 0.7508417963981628 0.7508243918418884 0.7508066296577454 0.7507887482643127 0.7507710456848145
          0.7507535815238953 0.7507426142692566 0.7507317066192627 0.7507317066192627 0.7507249712944031 0.7498607039451599
          0.7498523592948914 0.7498456239700317 0.7498416900634766 0.749838650226593 0.7498375177383423 0.7498371601104736
          0.7498374581336975 0.7498377561569214 0.7501034140586853 0.7503140568733215 0.7505806684494019 0.7506979703903198
          0.7506985068321228 0.751056432723999 0.751056969165802 0.7510960698127747 0.7511223554611206 0.7511228322982788
          0.751182496547699 0.7511829733848572 0.7511833906173706 0.7511837482452393
        </DataArray>
        <DataArray type="Float32" Name="ASH_Solids_mass_fractions_1_4" format="ascii" RangeMin="0.23563434183597565" RangeMax="1">
          1 1 1 1 0.25783222913742065 0.23563434183597565
          0.24241648614406586 0.2443924993276596 0.24893534183502197 0.25202667713165283 0.25600436329841614 0.2583993077278137
          0.2587427794933319 0.2578422725200653 0.25654906034469604 0.25530242919921875 0.2543245553970337 0.25364407896995544
          0.25291141867637634 0.25195392966270447 0.250844269990921 0.2497429996728897 0.2487574815750122 0.2479502409696579
          0.2473665326833725 0.24706090986728668 0.24711103737354279 0.24760159850120544 0.24851901829242706 0.24949824810028076
          0.24992330372333527 0.24959707260131836 0.2488788515329361 0.24803921580314636 0.2476492077112198 0.24764925241470337
          0.24769361317157745 0.24791599810123444 0.25083693861961365 0.2504373788833618 0.24649670720100403 0.2593977153301239
          0.24895153939723969 0.24970746040344238 0.256058007478714 1 1 1
          1 1 1 1 1 1
          1 1 1 1 1 1
          1 1 1 1 1 1
          1 1 1 1 1 1
          1 1 1 1 1 1
          0.9999907612800598 0.4950132966041565 0.3095254898071289 0.2710656523704529 0.2587471008300781 0.25412410497665405
          0.2522733509540558 0.2514503598213196 0.25107869505882263 0.25103798508644104 0.25144416093826294 0.25164249539375305
          0.2511403560638428 0.25047603249549866 0.2499004602432251 0.2494778037071228 0.24923110008239746 0.24917790293693542
          0.2493245154619217 0.24963584542274475 0.24998678267002106 0.25015988945961 0.25000667572021484 0.24957060813903809
          0.24853350222110748 0.24784091114997864 0.24772211909294128 0.24772214889526367 0.24776041507720947 0.24799980223178864
          0.2521069645881653 0.24978290498256683 0.25661149621009827 0.2728518545627594 0.2541731894016266 0.26020240783691406
          1 1 1 1 1 1
          1 1 1 1 1 1
          1 1 1 1 1 1
          1 1 1 1 1 1
          1 1 1 1 1 1
          1 1 1 0.9999998211860657 0.9997196197509766 0.4064122438430786
          0.2722490429878235 0.25417882204055786 0.25049319863319397 0.2496737390756607 0.24950110912322998 0.24947048723697662
          0.24947303533554077 0.24950478971004486 0.24961413443088531 0.2498699277639389 0.24997058510780334 0.24993713200092316
          0.24987497925758362 0.24981777369976044 0.24979478120803833 0.24982893466949463 0.24992552399635315 0.2500549554824829
          0.25014355778694153 0.25009503960609436 0.2497963160276413 0.24904143810272217 0.24826975166797638 0.24781934916973114
          0.2478005290031433 0.2478005737066269 0.24784472584724426 0.24810005724430084 0.2526637017726898 0.2503631114959717
          0.33323371410369873 0.2919021546840668 0.2576601505279541 0.26237696409225464 1 1
          1 1 1 1 1 1
          1 1 1 1 1 1
          1 1 1 1 1 1
          1 1 1 1 1 1
          1 1 1 1 1 1
          1 1 0.9772846102714539 0.2938731908798218 0.253097802400589 0.24933183193206787
          0.24900177121162415 0.24915683269500732 0.24928614497184753 0.24934187531471252 0.24933843314647675 0.2492803931236267
          0.24917903542518616 0.24912011623382568 0.24919544160366058 0.24928128719329834 0.24938029050827026 0.24949480593204498
          0.24962782859802246 0.2497793585062027 0.24992993474006653 0.2500493824481964 0.2500586211681366 0.2497883290052414
          0.24934373795986176 0.24872523546218872 0.24814191460609436 0.24788294732570648 0.24788691103458405 0.24788697063922882
          0.24796313047409058 0.24825513362884521 0.2528831362724304 0.3218786120414734 0.32903292775154114 0.4312596619129181
          0.2603943645954132 1 1 1 1 1
          1 1 1 1 1 1
          1 1 1 1 1 1
          1 1 1 1 1 1
          1 1 1 1 1 1
          1 1 1 1 1 0.9999999403953552
          0.5024873614311218 0.25661104917526245 0.24947908520698547 0.24899783730506897 0.2491387128829956 0.24937531352043152
          0.24949543178081512 0.2495364397764206 0.2495162934064865 0.24942724406719208 0.24926234781742096 0.2490614950656891
          0.24893125891685486 0.24900422990322113 0.24921363592147827 0.249447762966156 0.2496311515569687 0.24981553852558136
          0.24993504583835602 0.2499379813671112 0.24978934228420258 0.24946099519729614 0.24902093410491943 0.24851728975772858
          0.24810446798801422 0.24798603355884552 0.24798880517482758 0.24798889458179474 0.2481416016817093 0.24856074154376984
          0.25399675965309143 0.3478895127773285 0.3413197100162506 0.41004955768585205 1 1
          1 1 1 1 1 1
          1 1 1 1 1 1
          1 1 1 1 1 1
          1 1 1 1 1 1
          1 1 1 1 1 1
          1 1 0.9999993443489075 0.9910332560539246 0.37772247195243835 0.2542893886566162
          0.24978375434875488 0.2493433803319931 0.24933074414730072 0.2495381236076355 0.2496539056301117 0.24969948828220367
          0.24967047572135925 0.24955056607723236 0.24934616684913635 0.2491174340248108 0.2490101009607315 0.2491905391216278
          0.249404177069664 0.2495841532945633 0.2497320920228958 0.24983415007591248 0.24983905255794525 0.24972990155220032
          0.24950754642486572 0.24917609989643097 0.24878020584583282 0.24839825928211212 0.24816013872623444 0.24812184274196625
          0.2481447160243988 0.24815770983695984 0.24840836226940155 0.2491827756166458 0.35413840413093567 0.3495504558086395
          0.41259413957595825 0.3838226795196533 1 1 1 1
          1 1 1 1 1 1
          1 1 1 1 1 1
          1 1 1 1 1 1
          1 1 1 1 1 1
          1 1 1 1 1 1
          1 0.9827545881271362 0.35849809646606445 0.2567856013774872 0.2509489059448242 0.24988052248954773
          0.24944499135017395 0.24965554475784302 0.24980123341083527 0.249866783618927 0.24984784424304962 0.24974849820137024
          0.24959729611873627 0.24946250021457672 0.24940969049930573 0.24945883452892303 0.249606192111969 0.24970640242099762
          0.24976138770580292 0.24975501000881195 0.24966630339622498 0.24949577450752258 0.24925191700458527 0.24894918501377106
          0.24863649904727936 0.24839749932289124 0.24829347431659698 0.24829235672950745 0.24832336604595184 0.2483235001564026
          0.2486099749803543 0.33938443660736084 0.33918818831443787 0.2901283800601959 0.4362030327320099 0.4033072888851166
          0.9931408166885376 0.9992466568946838 1 0.9997240304946899 0.9995102882385254 0.9999954104423523
          0.9998155832290649 0.999964714050293 0.9999870657920837 1 0.9999998807907104 0.9999999403953552
          1 0.9999998807907104 0.9999334216117859 0.9999998807907104 0.9999998211860657 0.9999998211860657
          1 1 1 1 1 0.9999985098838806
          1 1 0.9999996423721313 1 1 1
          1 1 1 1 1 1
          0.40249231457710266 0.2659909725189209 0.25438252091407776 0.25137487053871155 0.24950362741947174 0.2497129738330841
          0.2499108910560608 0.2500142455101013 0.2500379681587219 0.25000444054603577 0.24993294477462769 0.24984826147556305
          0.2497776448726654 0.24972860515117645 0.249746173620224 0.24974402785301208 0.24970434606075287 0.24962162971496582
          0.24948333203792572 0.2492951899766922 0.24907027184963226 0.24883385002613068 0.2486346811056137 0.24851751327514648
          0.2484786957502365 0.2484971284866333 0.24859051406383514 0.24855902791023254 0.24856632947921753 0.24857330322265625
          0.3387002944946289 0.2879409193992615 0.28082460165023804 0.2839553654193878 0.284546822309494 0.28606194257736206
          0.28505781292915344 0.2856321334838867 0.28878408670425415 0.6815308332443237 0.555488109588623 0.29857972264289856
          0.30130690336227417 0.5711855292320251 0.8498561978340149 0.5833195447921753 0.4993274509906769 0.8947375416755676
          0.9999998211860657 0.4214766323566437 0.39913859963417053 0.7676955461502075 1 0.8330103754997253
          0.321898490190506 0.31237417459487915 0.3055979609489441 0.302701860666275 0.3006359040737152 0.2989449203014374
          0.29769453406333923 0.29696086049079895 1 1 1 1
          1 1 1 1 0.41459786891937256 0.30557557940483093
          0.2704722285270691 0.2595446705818176 0.24961285293102264 0.24958395957946777 0.24988941848278046 0.2500632405281067
          0.2501365840435028 0.2501618266105652 0.25015220046043396 0.25011101365089417 0.250047504901886 0.24997200071811676
          0.2498856484889984 0.24977093935012817 0.24963629245758057 0.24952012300491333 0.2493745982646942 0.24920903146266937
          0.24904043972492218 0.24889275431632996 0.24878372251987457 0.24872075021266937 0.2487107515335083 0.24872013926506042
          0.24885761737823486 0.24899211525917053 0.24914154410362244 0.24915827810764313 0.24917565286159515 0.24919337034225464
          0.24921122193336487 0.24922893941402435 0.24924641847610474 0.2492586076259613 0.24926824867725372 0.2492751032114029
          0.25014135241508484 0.2501552402973175 0.25016531348228455 0.25017380714416504 0.25018075108528137 0.2501846253871918
          0.25018760561943054 0.2501884996891022 0.25018835067749023 0.25018739700317383 0.25018659234046936 0.24992020428180695
          0.24970878660678864 0.24944168329238892 0.24932335317134857 0.2491207867860794 0.24896356463432312 0.2489616572856903
          0.2489212155342102 0.2488936334848404 0.24911388754844666 0.24883176386356354 0.24882952868938446 0.24911421537399292
          1 1 1 1 1 1
          1 1 1 1 0.9974767565727234 0.49161162972450256
          0.25255274772644043 0.24867121875286102 0.2494395673274994 0.24990515410900116 0.25005805492401123 0.2501358091831207
          0.25018659234046936 0.2501944899559021 0.2501598000526428 0.25008779764175415 0.24998286366462708 0.24986140429973602
          0.24971070885658264 0.24955782294273376 0.24946197867393494 0.2493705302476883 0.24929244816303253 0.24923308193683624
          0.24917349219322205 0.24914607405662537 0.24912792444229126 0.24911810457706451 0.24911807477474213 0.24912643432617188
          0.2491413801908493 0.2491581290960312 0.2491755187511444 0.24919326603412628 0.2492111325263977 0.24922886490821838
          0.24924635887145996 0.24925728142261505 0.24926820397377014 0.24926820397377014 0.24927495419979095 0.2501392066478729
          0.25014758110046387 0.2501543164253235 0.2501582205295563 0.2501612603664398 0.25016239285469055 0.2501627206802368
          0.2501624822616577 0.25016218423843384 0.24989648163318634 0.2496858388185501 0.2494192272424698 0.24930191040039062
          0.24930140376091003 0.24894344806671143 0.24894297122955322 0.24890384078025818 0.24887754023075104 0.24887706339359283
          0.24881742894649506 0.24881695210933685 0.24881651997566223 0.24881614744663239
        </DataArray>
      </CellData>
      <Points>
        <DataArray type="Float32" Name="Points" NumberOfComponents="3" format="ascii" RangeMin="0" RangeMax="5.727128342051162">
          0 0 0 0 0.07999999821186066 0
          0 0.1599999964237213 0 0 0.23999999463558197 0
          0 0.3199999928474426 0 0 0.4000000059604645 0
          0 0.47999998927116394 0 0 0.5600000023841858 0
          0 0.6399999856948853 0 0 0.7200000286102295 0
          0 0.800000011920929 0 0 0.8799999952316284 0
          0 0.9599999785423279 0 0 1.0399999618530273 0
          0 1.1200000047683716 0 0 1.2000000476837158 0
          0 1.2799999713897705 0 0 1.3600000143051147 0
          0 1.440000057220459 0 0 1.5199999809265137 0
          0 1.600000023841858 0 0 1.6799999475479126 0
          0 1.7599999904632568 0 0 1.840000033378601 0
          0 1.9199999570846558 0 0 2 0
          0 2.0799999237060547 0 0 2.1600000858306885 0
          0 2.240000009536743 0 0 2.319999933242798 0
          0 2.4000000953674316 0 0 2.4800000190734863 0
          0 2.559999942779541 0 0 2.640000104904175 0
          0 2.7200000286102295 0 0 2.799999952316284 0
          0 2.880000114440918 0 0 2.9600000381469727 0
          0 3.0399999618530273 0 0 3.119999885559082 0
          0 3.200000047683716 0 0 3.2799999713897705 0
          0 3.359999895095825 0 0 3.440000057220459 0
          0 3.5199999809265137 0 0 3.5999999046325684 0
          0 3.680000066757202 0 0 3.759999990463257 0
          0 3.8399999141693115 0 0 3.9200000762939453 0
          0 4 0 0 4.079999923706055 0
          0 4.159999847412109 0 0 4.239999771118164 0
          0 4.320000171661377 0 0 4.400000095367432 0
          0 4.480000019073486 0 0 4.559999942779541 0
          0 4.639999866485596 0 0 4.71999979019165 0
          0 4.800000190734863 0 0 4.880000114440918 0
          0 4.960000038146973 0 0 5.039999961853027 0
          0 5.119999885559082 0 0 5.199999809265137 0
          0 5.28000020980835 0 0 5.360000133514404 0
          0 5.440000057220459 0 0 5.519999980926514 0
          0 5.599999904632568 0 0.11999999731779099 0 0
          0.11999999731779099 0.07999999821186066 0 0.11999999731779099 0.1599999964237213 0
          0.11999999731779099 0.23999999463558197 0 0.11999999731779099 0.3199999928474426 0
          0.11999999731779099 0.4000000059604645 0 0.11999999731779099 0.47999998927116394 0
          0.11999999731779099 0.5600000023841858 0 0.11999999731779099 0.6399999856948853 0
          0.11999999731779099 0.7200000286102295 0 0.11999999731779099 0.800000011920929 0
          0.11999999731779099 0.8799999952316284 0 0.11999999731779099 0.9599999785423279 0
          0.11999999731779099 1.0399999618530273 0 0.11999999731779099 1.1200000047683716 0
          0.11999999731779099 1.2000000476837158 0 0.11999999731779099 1.2799999713897705 0
          0.11999999731779099 1.3600000143051147 0 0.11999999731779099 1.440000057220459 0
          0.11999999731779099 1.5199999809265137 0 0.11999999731779099 1.600000023841858 0
          0.11999999731779099 1.6799999475479126 0 0.11999999731779099 1.7599999904632568 0
          0.11999999731779099 1.840000033378601 0 0.11999999731779099 1.9199999570846558 0
          0.11999999731779099 2 0 0.11999999731779099 2.0799999237060547 0
          0.11999999731779099 2.1600000858306885 0 0.11999999731779099 2.240000009536743 0
          0.11999999731779099 2.319999933242798 0 0.11999999731779099 2.4000000953674316 0
          0.11999999731779099 2.4800000190734863 0 0.11999999731779099 2.559999942779541 0
          0.11999999731779099 2.640000104904175 0 0.11999999731779099 2.7200000286102295 0
          0.11999999731779099 2.799999952316284 0 0.11999999731779099 2.880000114440918 0
          0.11999999731779099 2.9600000381469727 0 0.11999999731779099 3.0399999618530273 0
          0.11999999731779099 3.119999885559082 0 0.11999999731779099 3.200000047683716 0
          0.11999999731779099 3.2799999713897705 0 0.11999999731779099 3.359999895095825 0
          0.11999999731779099 3.440000057220459 0 0.11999999731779099 3.5199999809265137 0
          0.11999999731779099 3.5999999046325684 0 0.11999999731779099 3.680000066757202 0
          0.11999999731779099 3.759999990463257 0 0.11999999731779099 3.8399999141693115 0
          0.11999999731779099 3.9200000762939453 0 0.11999999731779099 4 0
          0.11999999731779099 4.079999923706055 0 0.11999999731779099 4.159999847412109 0
          0.11999999731779099 4.239999771118164 0 0.11999999731779099 4.320000171661377 0
          0.11999999731779099 4.400000095367432 0 0.11999999731779099 4.480000019073486 0
          0.11999999731779099 4.559999942779541 0 0.11999999731779099 4.639999866485596 0
          0.11999999731779099 4.71999979019165 0 0.11999999731779099 4.800000190734863 0
          0.11999999731779099 4.880000114440918 0 0.11999999731779099 4.960000038146973 0
          0.11999999731779099 5.039999961853027 0 0.11999999731779099 5.119999885559082 0
          0.11999999731779099 5.199999809265137 0 0.11999999731779099 5.28000020980835 0
          0.11999999731779099 5.360000133514404 0 0.11999999731779099 5.440000057220459 0
          0.11999999731779099 5.519999980926514 0 0.11999999731779099 5.599999904632568 0
          0.23999999463558197 0 0 0.23999999463558197 0.07999999821186066 0
          0.23999999463558197 0.1599999964237213 0 0.23999999463558197 0.23999999463558197 0
          0.23999999463558197 0.3199999928474426 0 0.23999999463558197 0.4000000059604645 0
          0.23999999463558197 0.47999998927116394 0 0.23999999463558197 0.5600000023841858 0
          0.23999999463558197 0.6399999856948853 0 0.23999999463558197 0.7200000286102295 0
          0.23999999463558197 0.800000011920929 0 0.23999999463558197 0.8799999952316284 0
          0.23999999463558197 0.9599999785423279 0 0.23999999463558197 1.0399999618530273 0
          0.23999999463558197 1.1200000047683716 0 0.23999999463558197 1.2000000476837158 0
          0.23999999463558197 1.2799999713897705 0 0.23999999463558197 1.3600000143051147 0
          0.23999999463558197 1.440000057220459 0 0.23999999463558197 1.5199999809265137 0
          0.23999999463558197 1.600000023841858 0 0.23999999463558197 1.6799999475479126 0
          0.23999999463558197 1.7599999904632568 0 0.23999999463558197 1.840000033378601 0
          0.23999999463558197 1.9199999570846558 0 0.23999999463558197 2 0
          0.23999999463558197 2.0799999237060547 0 0.23999999463558197 2.1600000858306885 0
          0.23999999463558197 2.240000009536743 0 0.23999999463558197 2.319999933242798 0
          0.23999999463558197 2.4000000953674316 0 0.23999999463558197 2.4800000190734863 0
          0.23999999463558197 2.559999942779541 0 0.23999999463558197 2.640000104904175 0
          0.23999999463558197 2.7200000286102295 0 0.23999999463558197 2.799999952316284 0
          0.23999999463558197 2.880000114440918 0 0.23999999463558197 2.9600000381469727 0
          0.23999999463558197 3.0399999618530273 0 0.23999999463558197 3.119999885559082 0
          0.23999999463558197 3.200000047683716 0 0.23999999463558197 3.2799999713897705 0
          0.23999999463558197 3.359999895095825 0 0.23999999463558197 3.440000057220459 0
          0.23999999463558197 3.5199999809265137 0 0.23999999463558197 3.5999999046325684 0
          0.23999999463558197 3.680000066757202 0 0.23999999463558197 3.759999990463257 0
          0.23999999463558197 3.8399999141693115 0 0.23999999463558197 3.9200000762939453 0
          0.23999999463558197 4 0 0.23999999463558197 4.079999923706055 0
          0.23999999463558197 4.159999847412109 0 0.23999999463558197 4.239999771118164 0
          0.23999999463558197 4.320000171661377 0 0.23999999463558197 4.400000095367432 0
          0.23999999463558197 4.480000019073486 0 0.23999999463558197 4.559999942779541 0
          0.23999999463558197 4.639999866485596 0 0.23999999463558197 4.71999979019165 0
          0.23999999463558197 4.800000190734863 0 0.23999999463558197 4.880000114440918 0
          0.23999999463558197 4.960000038146973 0 0.23999999463558197 5.039999961853027 0
          0.23999999463558197 5.119999885559082 0 0.23999999463558197 5.199999809265137 0
          0.23999999463558197 5.28000020980835 0 0.23999999463558197 5.360000133514404 0
          0.23999999463558197 5.440000057220459 0 0.23999999463558197 5.519999980926514 0
          0.23999999463558197 5.599999904632568 0 0.36000001430511475 0 0
          0.36000001430511475 0.07999999821186066 0 0.36000001430511475 0.1599999964237213 0
          0.36000001430511475 0.23999999463558197 0 0.36000001430511475 0.3199999928474426 0
          0.36000001430511475 0.4000000059604645 0 0.36000001430511475 0.47999998927116394 0
          0.36000001430511475 0.5600000023841858 0 0.36000001430511475 0.6399999856948853 0
          0.36000001430511475 0.7200000286102295 0 0.36000001430511475 0.800000011920929 0
          0.36000001430511475 0.8799999952316284 0 0.36000001430511475 0.9599999785423279 0
          0.36000001430511475 1.0399999618530273 0 0.36000001430511475 1.1200000047683716 0
          0.36000001430511475 1.2000000476837158 0 0.36000001430511475 1.2799999713897705 0
          0.36000001430511475 1.3600000143051147 0 0.36000001430511475 1.440000057220459 0
          0.36000001430511475 1.5199999809265137 0 0.36000001430511475 1.600000023841858 0
          0.36000001430511475 1.6799999475479126 0 0.36000001430511475 1.7599999904632568 0
          0.36000001430511475 1.840000033378601 0 0.36000001430511475 1.9199999570846558 0
          0.36000001430511475 2 0 0.36000001430511475 2.0799999237060547 0
          0.36000001430511475 2.1600000858306885 0 0.36000001430511475 2.240000009536743 0
          0.36000001430511475 2.319999933242798 0 0.36000001430511475 2.4000000953674316 0
          0.36000001430511475 2.4800000190734863 0 0.36000001430511475 2.559999942779541 0
          0.36000001430511475 2.640000104904175 0 0.36000001430511475 2.7200000286102295 0
          0.36000001430511475 2.799999952316284 0 0.36000001430511475 2.880000114440918 0
          0.36000001430511475 2.9600000381469727 0 0.36000001430511475 3.0399999618530273 0
          0.36000001430511475 3.119999885559082 0 0.36000001430511475 3.200000047683716 0
          0.36000001430511475 3.2799999713897705 0 0.36000001430511475 3.359999895095825 0
          0.36000001430511475 3.440000057220459 0 0.36000001430511475 3.5199999809265137 0
          0.36000001430511475 3.5999999046325684 0 0.36000001430511475 3.680000066757202 0
          0.36000001430511475 3.759999990463257 0 0.36000001430511475 3.8399999141693115 0
          0.36000001430511475 3.9200000762939453 0 0.36000001430511475 4 0
          0.36000001430511475 4.079999923706055 0 0.36000001430511475 4.159999847412109 0
          0.36000001430511475 4.239999771118164 0 0.36000001430511475 4.320000171661377 0
          0.36000001430511475 4.400000095367432 0 0.36000001430511475 4.480000019073486 0
          0.36000001430511475 4.559999942779541 0 0.36000001430511475 4.639999866485596 0
          0.36000001430511475 4.71999979019165 0 0.36000001430511475 4.800000190734863 0
          0.36000001430511475 4.880000114440918 0 0.36000001430511475 4.960000038146973 0
          0.36000001430511475 5.039999961853027 0 0.36000001430511475 5.119999885559082 0
          0.36000001430511475 5.199999809265137 0 0.36000001430511475 5.28000020980835 0
          0.36000001430511475 5.360000133514404 0 0.36000001430511475 5.440000057220459 0
          0.36000001430511475 5.519999980926514 0 0.36000001430511475 5.599999904632568 0
          0.47999998927116394 0 0 0.47999998927116394 0.07999999821186066 0
          0.47999998927116394 0.1599999964237213 0 0.47999998927116394 0.23999999463558197 0
          0.47999998927116394 0.3199999928474426 0 0.47999998927116394 0.4000000059604645 0
          0.47999998927116394 0.47999998927116394 0 0.47999998927116394 0.5600000023841858 0
          0.47999998927116394 0.6399999856948853 0 0.47999998927116394 0.7200000286102295 0
          0.47999998927116394 0.800000011920929 0 0.47999998927116394 0.8799999952316284 0
          0.47999998927116394 0.9599999785423279 0 0.47999998927116394 1.0399999618530273 0
          0.47999998927116394 1.1200000047683716 0 0.47999998927116394 1.2000000476837158 0
          0.47999998927116394 1.2799999713897705 0 0.47999998927116394 1.3600000143051147 0
          0.47999998927116394 1.440000057220459 0 0.47999998927116394 1.5199999809265137 0
          0.47999998927116394 1.600000023841858 0 0.47999998927116394 1.6799999475479126 0
          0.47999998927116394 1.7599999904632568 0 0.47999998927116394 1.840000033378601 0
          0.47999998927116394 1.9199999570846558 0 0.47999998927116394 2 0
          0.47999998927116394 2.0799999237060547 0 0.47999998927116394 2.1600000858306885 0
          0.47999998927116394 2.240000009536743 0 0.47999998927116394 2.319999933242798 0
          0.47999998927116394 2.4000000953674316 0 0.47999998927116394 2.4800000190734863 0
          0.47999998927116394 2.559999942779541 0 0.47999998927116394 2.640000104904175 0
          0.47999998927116394 2.7200000286102295 0 0.47999998927116394 2.799999952316284 0
          0.47999998927116394 2.880000114440918 0 0.47999998927116394 2.9600000381469727 0
          0.47999998927116394 3.0399999618530273 0 0.47999998927116394 3.119999885559082 0
          0.47999998927116394 3.200000047683716 0 0.47999998927116394 3.2799999713897705 0
          0.47999998927116394 3.359999895095825 0 0.47999998927116394 3.440000057220459 0
          0.47999998927116394 3.5199999809265137 0 0.47999998927116394 3.5999999046325684 0
          0.47999998927116394 3.680000066757202 0 0.47999998927116394 3.759999990463257 0
          0.47999998927116394 3.8399999141693115 0 0.47999998927116394 3.9200000762939453 0
          0.47999998927116394 4 0 0.47999998927116394 4.079999923706055 0
          0.47999998927116394 4.159999847412109 0 0.47999998927116394 4.239999771118164 0
          0.47999998927116394 4.320000171661377 0 0.47999998927116394 4.400000095367432 0
          0.47999998927116394 4.480000019073486 0 0.47999998927116394 4.559999942779541 0
          0.47999998927116394 4.639999866485596 0 0.47999998927116394 4.71999979019165 0
          0.47999998927116394 4.800000190734863 0 0.47999998927116394 4.880000114440918 0
          0.47999998927116394 4.960000038146973 0 0.47999998927116394 5.039999961853027 0
          0.47999998927116394 5.119999885559082 0 0.47999998927116394 5.199999809265137 0
          0.47999998927116394 5.28000020980835 0 0.47999998927116394 5.360000133514404 0
          0.47999998927116394 5.440000057220459 0 0.47999998927116394 5.519999980926514 0
          0.47999998927116394 5.599999904632568 0 0.6000000238418579 0 0
          0.6000000238418579 0.07999999821186066 0 0.6000000238418579 0.1599999964237213 0
          0.6000000238418579 0.23999999463558197 0 0.6000000238418579 0.3199999928474426 0
          0.6000000238418579 0.4000000059604645 0 0.6000000238418579 0.47999998927116394 0
          0.6000000238418579 0.5600000023841858 0 0.6000000238418579 0.6399999856948853 0
          0.6000000238418579 0.7200000286102295 0 0.6000000238418579 0.800000011920929 0
          0.6000000238418579 0.8799999952316284 0 0.6000000238418579 0.9599999785423279 0
          0.6000000238418579 1.0399999618530273 0 0.6000000238418579 1.1200000047683716 0
          0.6000000238418579 1.2000000476837158 0 0.6000000238418579 1.2799999713897705 0
          0.6000000238418579 1.3600000143051147 0 0.6000000238418579 1.440000057220459 0
          0.6000000238418579 1.5199999809265137 0 0.6000000238418579 1.600000023841858 0
          0.6000000238418579 1.6799999475479126 0 0.6000000238418579 1.7599999904632568 0
          0.6000000238418579 1.840000033378601 0 0.6000000238418579 1.9199999570846558 0
          0.6000000238418579 2 0 0.6000000238418579 2.0799999237060547 0
          0.6000000238418579 2.1600000858306885 0 0.6000000238418579 2.240000009536743 0
          0.6000000238418579 2.319999933242798 0 0.6000000238418579 2.4000000953674316 0
          0.6000000238418579 2.4800000190734863 0 0.6000000238418579 2.559999942779541 0
          0.6000000238418579 2.640000104904175 0 0.6000000238418579 2.7200000286102295 0
          0.6000000238418579 2.799999952316284 0 0.6000000238418579 2.880000114440918 0
          0.6000000238418579 2.9600000381469727 0 0.6000000238418579 3.0399999618530273 0
          0.6000000238418579 3.119999885559082 0 0.6000000238418579 3.200000047683716 0
          0.6000000238418579 3.2799999713897705 0 0.6000000238418579 3.359999895095825 0
          0.6000000238418579 3.440000057220459 0 0.6000000238418579 3.5199999809265137 0
          0.6000000238418579 3.5999999046325684 0 0.6000000238418579 3.680000066757202 0
          0.6000000238418579 3.759999990463257 0 0.6000000238418579 3.8399999141693115 0
          0.6000000238418579 3.9200000762939453 0 0.6000000238418579 4 0
          0.6000000238418579 4.079999923706055 0 0.6000000238418579 4.159999847412109 0
          0.6000000238418579 4.239999771118164 0 0.6000000238418579 4.320000171661377 0
          0.6000000238418579 4.400000095367432 0 0.6000000238418579 4.480000019073486 0
          0.6000000238418579 4.559999942779541 0 0.6000000238418579 4.639999866485596 0
          0.6000000238418579 4.71999979019165 0 0.6000000238418579 4.800000190734863 0
          0.6000000238418579 4.880000114440918 0 0.6000000238418579 4.960000038146973 0
          0.6000000238418579 5.039999961853027 0 0.6000000238418579 5.119999885559082 0
          0.6000000238418579 5.199999809265137 0 0.6000000238418579 5.28000020980835 0
          0.6000000238418579 5.360000133514404 0 0.6000000238418579 5.440000057220459 0
          0.6000000238418579 5.519999980926514 0 0.6000000238418579 5.599999904632568 0
          0.7200000286102295 0 0 0.7200000286102295 0.07999999821186066 0
          0.7200000286102295 0.1599999964237213 0 0.7200000286102295 0.23999999463558197 0
          0.7200000286102295 0.3199999928474426 0 0.7200000286102295 0.4000000059604645 0
          0.7200000286102295 0.47999998927116394 0 0.7200000286102295 0.5600000023841858 0
          0.7200000286102295 0.6399999856948853 0 0.7200000286102295 0.7200000286102295 0
          0.7200000286102295 0.800000011920929 0 0.7200000286102295 0.8799999952316284 0
          0.7200000286102295 0.9599999785423279 0 0.7200000286102295 1.0399999618530273 0
          0.7200000286102295 1.1200000047683716 0 0.7200000286102295 1.2000000476837158 0
          0.7200000286102295 1.2799999713897705 0 0.7200000286102295 1.3600000143051147 0
          0.7200000286102295 1.440000057220459 0 0.7200000286102295 1.5199999809265137 0
          0.7200000286102295 1.600000023841858 0 0.7200000286102295 1.6799999475479126 0
          0.7200000286102295 1.7599999904632568 0 0.7200000286102295 1.840000033378601 0
          0.7200000286102295 1.9199999570846558 0 0.7200000286102295 2 0
          0.7200000286102295 2.0799999237060547 0 0.7200000286102295 2.1600000858306885 0
          0.7200000286102295 2.240000009536743 0 0.7200000286102295 2.319999933242798 0
          0.7200000286102295 2.4000000953674316 0 0.7200000286102295 2.4800000190734863 0
          0.7200000286102295 2.559999942779541 0 0.7200000286102295 2.640000104904175 0
          0.7200000286102295 2.7200000286102295 0 0.7200000286102295 2.799999952316284 0
          0.7200000286102295 2.880000114440918 0 0.7200000286102295 2.9600000381469727 0
          0.7200000286102295 3.0399999618530273 0 0.7200000286102295 3.119999885559082 0
          0.7200000286102295 3.200000047683716 0 0.7200000286102295 3.2799999713897705 0
          0.7200000286102295 3.359999895095825 0 0.7200000286102295 3.440000057220459 0
          0.7200000286102295 3.5199999809265137 0 0.7200000286102295 3.5999999046325684 0
          0.7200000286102295 3.680000066757202 0 0.7200000286102295 3.759999990463257 0
          0.7200000286102295 3.8399999141693115 0 0.7200000286102295 3.9200000762939453 0
          0.7200000286102295 4 0 0.7200000286102295 4.079999923706055 0
          0.7200000286102295 4.159999847412109 0 0.7200000286102295 4.239999771118164 0
          0.7200000286102295 4.320000171661377 0 0.7200000286102295 4.400000095367432 0
          0.7200000286102295 4.480000019073486 0 0.7200000286102295 4.559999942779541 0
          0.7200000286102295 4.639999866485596 0 0.7200000286102295 4.71999979019165 0
          0.7200000286102295 4.800000190734863 0 0.7200000286102295 4.880000114440918 0
          0.7200000286102295 4.960000038146973 0 0.7200000286102295 5.039999961853027 0
          0.7200000286102295 5.119999885559082 0 0.7200000286102295 5.199999809265137 0
          0.7200000286102295 5.28000020980835 0 0.7200000286102295 5.360000133514404 0
          0.7200000286102295 5.440000057220459 0 0.7200000286102295 5.519999980926514 0
          0.7200000286102295 5.599999904632568 0 0.8399999737739563 0 0
          0.8399999737739563 0.07999999821186066 0 0.8399999737739563 0.1599999964237213 0
          0.8399999737739563 0.23999999463558197 0 0.8399999737739563 0.3199999928474426 0
          0.8399999737739563 0.4000000059604645 0 0.8399999737739563 0.47999998927116394 0
          0.8399999737739563 0.5600000023841858 0 0.8399999737739563 0.6399999856948853 0
          0.8399999737739563 0.7200000286102295 0 0.8399999737739563 0.800000011920929 0
          0.8399999737739563 0.8799999952316284 0 0.8399999737739563 0.9599999785423279 0
          0.8399999737739563 1.0399999618530273 0 0.8399999737739563 1.1200000047683716 0
          0.8399999737739563 1.2000000476837158 0 0.8399999737739563 1.2799999713897705 0
          0.8399999737739563 1.3600000143051147 0 0.8399999737739563 1.440000057220459 0
          0.8399999737739563 1.5199999809265137 0 0.8399999737739563 1.600000023841858 0
          0.8399999737739563 1.6799999475479126 0 0.8399999737739563 1.7599999904632568 0
          0.8399999737739563 1.840000033378601 0 0.8399999737739563 1.9199999570846558 0
          0.8399999737739563 2 0 0.8399999737739563 2.0799999237060547 0
          0.8399999737739563 2.1600000858306885 0 0.8399999737739563 2.240000009536743 0
          0.8399999737739563 2.319999933242798 0 0.8399999737739563 2.4000000953674316 0
          0.8399999737739563 2.4800000190734863 0 0.8399999737739563 2.559999942779541 0
          0.8399999737739563 2.640000104904175 0 0.8399999737739563 2.7200000286102295 0
          0.8399999737739563 2.799999952316284 0 0.8399999737739563 2.880000114440918 0
          0.8399999737739563 2.9600000381469727 0 0.8399999737739563 3.0399999618530273 0
          0.8399999737739563 3.119999885559082 0 0.8399999737739563 3.200000047683716 0
          0.8399999737739563 3.2799999713897705 0 0.8399999737739563 3.359999895095825 0
          0.8399999737739563 3.440000057220459 0 0.8399999737739563 3.5199999809265137 0
          0.8399999737739563 3.5999999046325684 0 0.8399999737739563 3.680000066757202 0
          0.8399999737739563 3.759999990463257 0 0.8399999737739563 3.8399999141693115 0
          0.8399999737739563 3.9200000762939453 0 0.8399999737739563 4 0
          0.8399999737739563 4.079999923706055 0 0.8399999737739563 4.159999847412109 0
          0.8399999737739563 4.239999771118164 0 0.8399999737739563 4.320000171661377 0
          0.8399999737739563 4.400000095367432 0 0.8399999737739563 4.480000019073486 0
          0.8399999737739563 4.559999942779541 0 0.8399999737739563 4.639999866485596 0
          0.8399999737739563 4.71999979019165 0 0.8399999737739563 4.800000190734863 0
          0.8399999737739563 4.880000114440918 0 0.8399999737739563 4.960000038146973 0
          0.8399999737739563 5.039999961853027 0 0.8399999737739563 5.119999885559082 0
          0.8399999737739563 5.199999809265137 0 0.8399999737739563 5.28000020980835 0
          0.8399999737739563 5.360000133514404 0 0.8399999737739563 5.440000057220459 0
          0.8399999737739563 5.519999980926514 0 0.8399999737739563 5.599999904632568 0
          0.9599999785423279 0 0 0.9599999785423279 0.07999999821186066 0
          0.9599999785423279 0.1599999964237213 0 0.9599999785423279 0.23999999463558197 0
          0.9599999785423279 0.3199999928474426 0 0.9599999785423279 0.4000000059604645 0
          0.9599999785423279 0.47999998927116394 0 0.9599999785423279 0.5600000023841858 0
          0.9599999785423279 0.6399999856948853 0 0.9599999785423279 0.7200000286102295 0
          0.9599999785423279 0.800000011920929 0 0.9599999785423279 0.8799999952316284 0
          0.9599999785423279 0.9599999785423279 0 0.9599999785423279 1.0399999618530273 0
          0.9599999785423279 1.1200000047683716 0 0.9599999785423279 1.2000000476837158 0
          0.9599999785423279 1.2799999713897705 0 0.9599999785423279 1.3600000143051147 0
          0.9599999785423279 1.440000057220459 0 0.9599999785423279 1.5199999809265137 0
          0.9599999785423279 1.600000023841858 0 0.9599999785423279 1.6799999475479126 0
          0.9599999785423279 1.7599999904632568 0 0.9599999785423279 1.840000033378601 0
          0.9599999785423279 1.9199999570846558 0 0.9599999785423279 2 0
          0.9599999785423279 2.0799999237060547 0 0.9599999785423279 2.1600000858306885 0
          0.9599999785423279 2.240000009536743 0 0.9599999785423279 2.319999933242798 0
          0.9599999785423279 2.4000000953674316 0 0.9599999785423279 2.4800000190734863 0
          0.9599999785423279 2.559999942779541 0 0.9599999785423279 2.640000104904175 0
          0.9599999785423279 2.7200000286102295 0 0.9599999785423279 2.799999952316284 0
          0.9599999785423279 2.880000114440918 0 0.9599999785423279 2.9600000381469727 0
          0.9599999785423279 3.0399999618530273 0 0.9599999785423279 3.119999885559082 0
          0.9599999785423279 3.200000047683716 0 0.9599999785423279 3.2799999713897705 0
          0.9599999785423279 3.359999895095825 0 0.9599999785423279 3.440000057220459 0
          0.9599999785423279 3.5199999809265137 0 0.9599999785423279 3.5999999046325684 0
          0.9599999785423279 3.680000066757202 0 0.9599999785423279 3.759999990463257 0
          0.9599999785423279 3.8399999141693115 0 0.9599999785423279 3.9200000762939453 0
          0.9599999785423279 4 0 0.9599999785423279 4.079999923706055 0
          0.9599999785423279 4.159999847412109 0 0.9599999785423279 4.239999771118164 0
          0.9599999785423279 4.320000171661377 0 0.9599999785423279 4.400000095367432 0
          0.9599999785423279 4.480000019073486 0 0.9599999785423279 4.559999942779541 0
          0.9599999785423279 4.639999866485596 0 0.9599999785423279 4.71999979019165 0
          0.9599999785423279 4.800000190734863 0 0.9599999785423279 4.880000114440918 0
          0.9599999785423279 4.960000038146973 0 0.9599999785423279 5.039999961853027 0
          0.9599999785423279 5.119999885559082 0 0.9599999785423279 5.199999809265137 0
          0.9599999785423279 5.28000020980835 0 0.9599999785423279 5.360000133514404 0
          0.9599999785423279 5.440000057220459 0 0.9599999785423279 5.519999980926514 0
          0.9599999785423279 5.599999904632568 0 1.0800000429153442 0 0
          1.0800000429153442 0.07999999821186066 0 1.0800000429153442 0.1599999964237213 0
          1.0800000429153442 0.23999999463558197 0 1.0800000429153442 0.3199999928474426 0
          1.0800000429153442 0.4000000059604645 0 1.0800000429153442 0.47999998927116394 0
          1.0800000429153442 0.5600000023841858 0 1.0800000429153442 0.6399999856948853 0
          1.0800000429153442 0.7200000286102295 0 1.0800000429153442 0.800000011920929 0
          1.0800000429153442 0.8799999952316284 0 1.0800000429153442 0.9599999785423279 0
          1.0800000429153442 1.0399999618530273 0 1.0800000429153442 1.1200000047683716 0
          1.0800000429153442 1.2000000476837158 0 1.0800000429153442 1.2799999713897705 0
          1.0800000429153442 1.3600000143051147 0 1.0800000429153442 1.440000057220459 0
          1.0800000429153442 1.5199999809265137 0 1.0800000429153442 1.600000023841858 0
          1.0800000429153442 1.6799999475479126 0 1.0800000429153442 1.7599999904632568 0
          1.0800000429153442 1.840000033378601 0 1.0800000429153442 1.9199999570846558 0
          1.0800000429153442 2 0 1.0800000429153442 2.0799999237060547 0
          1.0800000429153442 2.1600000858306885 0 1.0800000429153442 2.240000009536743 0
          1.0800000429153442 2.319999933242798 0 1.0800000429153442 2.4000000953674316 0
          1.0800000429153442 2.4800000190734863 0 1.0800000429153442 2.559999942779541 0
          1.0800000429153442 2.640000104904175 0 1.0800000429153442 2.7200000286102295 0
          1.0800000429153442 2.799999952316284 0 1.0800000429153442 2.880000114440918 0
          1.0800000429153442 2.9600000381469727 0 1.0800000429153442 3.0399999618530273 0
          1.0800000429153442 3.119999885559082 0 1.0800000429153442 3.200000047683716 0
          1.0800000429153442 3.2799999713897705 0 1.0800000429153442 3.359999895095825 0
          1.0800000429153442 3.440000057220459 0 1.0800000429153442 3.5199999809265137 0
          1.0800000429153442 3.5999999046325684 0 1.0800000429153442 3.680000066757202 0
          1.0800000429153442 3.759999990463257 0 1.0800000429153442 3.8399999141693115 0
          1.0800000429153442 3.9200000762939453 0 1.0800000429153442 4 0
          1.0800000429153442 4.079999923706055 0 1.0800000429153442 4.159999847412109 0
          1.0800000429153442 4.239999771118164 0 1.0800000429153442 4.320000171661377 0
          1.0800000429153442 4.400000095367432 0 1.0800000429153442 4.480000019073486 0
          1.0800000429153442 4.559999942779541 0 1.0800000429153442 4.639999866485596 0
          1.0800000429153442 4.71999979019165 0 1.0800000429153442 4.800000190734863 0
          1.0800000429153442 4.880000114440918 0 1.0800000429153442 4.960000038146973 0
          1.0800000429153442 5.039999961853027 0 1.0800000429153442 5.119999885559082 0
          1.0800000429153442 5.199999809265137 0 1.0800000429153442 5.28000020980835 0
          1.0800000429153442 5.360000133514404 0 1.0800000429153442 5.440000057220459 0
          1.0800000429153442 5.519999980926514 0 1.0800000429153442 5.599999904632568 0
          1.2000000476837158 0 0 1.2000000476837158 0.07999999821186066 0
          1.2000000476837158 0.1599999964237213 0 1.2000000476837158 0.23999999463558197 0
          1.2000000476837158 0.3199999928474426 0 1.2000000476837158 0.4000000059604645 0
          1.2000000476837158 0.47999998927116394 0 1.2000000476837158 0.5600000023841858 0
          1.2000000476837158 0.6399999856948853 0 1.2000000476837158 0.7200000286102295 0
          1.2000000476837158 0.800000011920929 0 1.2000000476837158 0.8799999952316284 0
          1.2000000476837158 0.9599999785423279 0 1.2000000476837158 1.0399999618530273 0
          1.2000000476837158 1.1200000047683716 0 1.2000000476837158 1.2000000476837158 0
          1.2000000476837158 1.2799999713897705 0 1.2000000476837158 1.3600000143051147 0
          1.2000000476837158 1.440000057220459 0 1.2000000476837158 1.5199999809265137 0
          1.2000000476837158 1.600000023841858 0 1.2000000476837158 1.6799999475479126 0
          1.2000000476837158 1.7599999904632568 0 1.2000000476837158 1.840000033378601 0
          1.2000000476837158 1.9199999570846558 0 1.2000000476837158 2 0
          1.2000000476837158 2.0799999237060547 0 1.2000000476837158 2.1600000858306885 0
          1.2000000476837158 2.240000009536743 0 1.2000000476837158 2.319999933242798 0
          1.2000000476837158 2.4000000953674316 0 1.2000000476837158 2.4800000190734863 0
          1.2000000476837158 2.559999942779541 0 1.2000000476837158 2.640000104904175 0
          1.2000000476837158 2.7200000286102295 0 1.2000000476837158 2.799999952316284 0
          1.2000000476837158 2.880000114440918 0 1.2000000476837158 2.9600000381469727 0
          1.2000000476837158 3.0399999618530273 0 1.2000000476837158 3.119999885559082 0
          1.2000000476837158 3.200000047683716 0 1.2000000476837158 3.2799999713897705 0
          1.2000000476837158 3.359999895095825 0 1.2000000476837158 3.440000057220459 0
          1.2000000476837158 3.5199999809265137 0 1.2000000476837158 3.5999999046325684 0
          1.2000000476837158 3.680000066757202 0 1.2000000476837158 3.759999990463257 0
          1.2000000476837158 3.8399999141693115 0 1.2000000476837158 3.9200000762939453 0
          1.2000000476837158 4 0 1.2000000476837158 4.079999923706055 0
          1.2000000476837158 4.159999847412109 0 1.2000000476837158 4.239999771118164 0
          1.2000000476837158 4.320000171661377 0 1.2000000476837158 4.400000095367432 0
          1.2000000476837158 4.480000019073486 0 1.2000000476837158 4.559999942779541 0
          1.2000000476837158 4.639999866485596 0 1.2000000476837158 4.71999979019165 0
          1.2000000476837158 4.800000190734863 0 1.2000000476837158 4.880000114440918 0
          1.2000000476837158 4.960000038146973 0 1.2000000476837158 5.039999961853027 0
          1.2000000476837158 5.119999885559082 0 1.2000000476837158 5.199999809265137 0
          1.2000000476837158 5.28000020980835 0 1.2000000476837158 5.360000133514404 0
          1.2000000476837158 5.440000057220459 0 1.2000000476837158 5.519999980926514 0
          1.2000000476837158 5.599999904632568 0
          <InformationKey name="L2_NORM_RANGE" location="vtkDataArray" length="2">
            <Value index="0">
              0
            </Value>
            <Value index="1">
              5.7271283421
            </Value>
          </InformationKey>
        </DataArray>
      </Points>
      <Cells>
        <DataArray type="Int64" Name="connectivity" format="ascii" RangeMin="0" RangeMax="780">
          0 71 72 1 1 72
          73 2 2 73 74 3
          3 74 75 4 4 75
          76 5 5 76 77 6
          6 77 78 7 7 78
          79 8 8 79 80 9
          9 80 81 10 10 81
          82 11 11 82 83 12
          12 83 84 13 13 84
          85 14 14 85 86 15
          15 86 87 16 16 87
          88 17 17 88 89 18
          18 89 90 19 19 90
          91 20 20 91 92 21
          21 92 93 22 22 93
          94 23 23 94 95 24
          24 95 96 25 25 96
          97 26 26 97 98 27
          27 98 99 28 28 99
          100 29 29 100 101 30
          30 101 102 31 31 102
          103 32 32 103 104 33
          33 104 105 34 34 105
          106 35 35 106 107 36
          36 107 108 37 37 108
          109 38 38 109 110 39
          39 110 111 40 40 111
          112 41 41 112 113 42
          42 113 114 43 43 114
          115 44 44 115 116 45
          45 116 117 46 46 117
          118 47 47 118 119 48
          48 119 120 49 49 120
          121 50 50 121 122 51
          51 122 123 52 52 123
          124 53 53 124 125 54
          54 125 126 55 55 126
          127 56 56 127 128 57
          57 128 129 58 58 129
          130 59 59 130 131 60
          60 131 132 61 61 132
          133 62 62 133 134 63
          63 134 135 64 64 135
          136 65 65 136 137 66
          66 137 138 67 67 138
          139 68 68 139 140 69
          69 140 141 70 71 142
          143 72 72 143 144 73
          73 144 145 74 74 145
          146 75 75 146 147 76
          76 147 148 77 77 148
          149 78 78 149 150 79
          79 150 151 80 80 151
          152 81 81 152 153 82
          82 153 154 83 83 154
          155 84 84 155 156 85
          85 156 157 86 86 157
          158 87 87 158 159 88
          88 159 160 89 89 160
          161 90 90 161 162 91
          91 162 163 92 92 163
          164 93 93 164 165 94
          94 165 166 95 95 166
          167 96 96 167 168 97
          97 168 169 98 98 169
          170 99 99 170 171 100
          100 171 172 101 101 172
          173 102 102 173 174 103
          103 174 175 104 104 175
          176 105 105 176 177 106
          106 177 178 107 107 178
          179 108 108 179 180 109
          109 180 181 110 110 181
          182 111 111 182 183 112
          112 183 184 113 113 184
          185 114 114 185 186 115
          115 186 187 116 116 187
          188 117 117 188 189 118
          118 189 190 119 119 190
          191 120 120 191 192 121
          121 192 193 122 122 193
          194 123 123 194 195 124
          124 195 196 125 125 196
          197 126 126 197 198 127
          127 198 199 128 128 199
          200 129 129 200 201 130
          130 201 202 131 131 202
          203 132 132 203 204 133
          133 204 205 134 134 205
          206 135 135 206 207 136
          136 207 208 137 137 208
          209 138 138 209 210 139
          139 210 211 140 140 211
          212 141 142 213 214 143
          143 214 215 144 144 215
          216 145 145 216 217 146
          146 217 218 147 147 218
          219 148 148 219 220 149
          149 220 221 150 150 221
          222 151 151 222 223 152
          152 223 224 153 153 224
          225 154 154 225 226 155
          155 226 227 156 156 227
          228 157 157 228 229 158
          158 229 230 159 159 230
          231 160 160 231 232 161
          161 232 233 162 162 233
          234 163 163 234 235 164
          164 235 236 165 165 236
          237 166 166 237 238 167
          167 238 239 168 168 239
          240 169 169 240 241 170
          170 241 242 171 171 242
          243 172 172 243 244 173
          173 244 245 174 174 245
          246 175 175 246 247 176
          176 247 248 177 177 248
          249 178 178 249 250 179
          179 250 251 180 180 251
          252 181 181 252 253 182
          182 253 254 183 183 254
          255 184 184 255 256 185
          185 256 257 186 186 257
          258 187 187 258 259 188
          188 259 260 189 189 260
          261 190 190 261 262 191
          191 262 263 192 192 263
          264 193 193 264 265 194
          194 265 266 195 195 266
          267 196 196 267 268 197
          197 268 269 198 198 269
          270 199 199 270 271 200
          200 271 272 201 201 272
          273 202 202 273 274 203
          203 274 275 204 204 275
          276 205 205 276 277 206
          206 277 278 207 207 278
          279 208 208 279 280 209
          209 280 281 210 210 281
          282 211 211 282 283 212
          213 284 285 214 214 285
          286 215 215 286 287 216
          216 287 288 217 217 288
          289 218 218 289 290 219
          219 290 291 220 220 291
          292 221 221 292 293 222
          222 293 294 223 223 294
          295 224 224 295 296 225
          225 296 297 226 226 297
          298 227 227 298 299 228
          228 299 300 229 229 300
          301 230 230 301 302 231
          231 302 303 232 232 303
          304 233 233 304 305 234
          234 305 306 235 235 306
          307 236 236 307 308 237
          237 308 309 238 238 309
          310 239 239 310 311 240
          240 311 312 241 241 312
          313 242 242 313 314 243
          243 314 315 244 244 315
          316 245 245 316 317 246
          246 317 318 247 247 318
          319 248 248 319 320 249
          249 320 321 250 250 321
          322 251 251 322 323 252
          252 323 324 253 253 324
          325 254 254 325 326 255
          255 326 327 256 256 327
          328 257 257 328 329 258
          258 329 330 259 259 330
          331 260 260 331 332 261
          261 332 333 262 262 333
          334 263 263 334 335 264
          264 335 336 265 265 336
          337 266 266 337 338 267
          267 338 339 268 268 339
          340 269 269 340 341 270
          270 341 342 271 271 342
          343 272 272 343 344 273
          273 344 345 274 274 345
          346 275 275 346 347 276
          276 347 348 277 277 348
          349 278 278 349 350 279
          279 350 351 280 280 351
          352 281 281 352 353 282
          282 353 354 283 284 355
          356 285 285 356 357 286
          286 357 358 287 287 358
          359 288 288 359 360 289
          289 360 361 290 290 361
          362 291 291 362 363 292
          292 363 364 293 293 364
          365 294 294 365 366 295
          295 366 367 296 296 367
          368 297 297 368 369 298
          298 369 370 299 299 370
          371 300 300 371 372 301
          301 372 373 302 302 373
          374 303 303 374 375 304
          304 375 376 305 305 376
          377 306 306 377 378 307
          307 378 379 308 308 379
          380 309 309 380 381 310
          310 381 382 311 311 382
          383 312 312 383 384 313
          313 384 385 314 314 385
          386 315 315 386 387 316
          316 387 388 317 317 388
          389 318 318 389 390 319
          319 390 391 320 320 391
          392 321 321 392 393 322
          322 393 394 323 323 394
          395 324 324 395 396 325
          325 396 397 326 326 397
          398 327 327 398 399 328
          328 399 400 329 329 400
          401 330 330 401 402 331
          331 402 403 332 332 403
          404 333 333 404 405 334
          334 405 406 335 335 406
          407 336 336 407 408 337
          337 408 409 338 338 409
          410 339 339 410 411 340
          340 411 412 341 341 412
          413 342 342 413 414 343
          343 414 415 344 344 415
          416 345 345 416 417 346
          346 417 418 347 347 418
          419 348 348 419 420 349
          349 420 421 350 350 421
          422 351 351 422 423 352
          352 423 424 353 353 424
          425 354 355 426 427 356
          356 427 428 357 357 428
          429 358 358 429 430 359
          359 430 431 360 360 431
          432 361 361 432 433 362
          362 433 434 363 363 434
          435 364 364 435 436 365
          365 436 437 366 366 437
          438 367 367 438 439 368
          368 439 440 369 369 440
          441 370 370 441 442 371
          371 442 443 372 372 443
          444 373 373 444 445 374
          374 445 446 375 375 446
          447 376 376 447 448 377
          377 448 449 378 378 449
          450 379 379 450 451 380
          380 451 452 381 381 452
          453 382 382 453 454 383
          383 454 455 384 384 455
          456 385 385 456 457 386
          386 457 458 387 387 458
          459 388 388 459 460 389
          389 460 461 390 390 461
          462 391 391 462 463 392
          392 463 464 393 393 464
          465 394 394 465 466 395
          395 466 467 396 396 467
          468 397 397 468 469 398
          398 469 470 399 399 470
          471 400 400 471 472 401
          401 472 473 402 402 473
          474 403 403 474 475 404
          404 475 476 405 405 476
          477 406 406 477 478 407
          407 478 479 408 408 479
          480 409 409 480 481 410
          410 481 482 411 411 482
          483 412 412 483 484 413
          413 484 485 414 414 485
          486 415 415 486 487 416
          416 487 488 417 417 488
          489 418 418 489 490 419
          419 490 491 420 420 491
          492 421 421 492 493 422
          422 493 494 423 423 494
          495 424 424 495 496 425
          426 497 498 427 427 498
          499 428 428 499 500 429
          429 500 501 430 430 501
          502 431 431 502 503 432
          432 503 504 433 433 504
          505 434 434 505 506 435
          435 506 507 436 436 507
          508 437 437 508 509 438
          438 509 510 439 439 510
          511 440 440 511 512 441
          441 512 513 442 442 513
          514 443 443 514 515 444
          444 515 516 445 445 516
          517 446 446 517 518 447
          447 518 519 448 448 519
          520 449 449 520 521 450
          450 521 522 451 451 522
          523 452 452 523 524 453
          453 524 525 454 454 525
          526 455 455 526 527 456
          456 527 528 457 457 528
          529 458 458 529 530 459
          459 530 531 460 460 531
          532 461 461 532 533 462
          462 533 534 463 463 534
          535 464 464 535 536 465
          465 536 537 466 466 537
          538 467 467 538 539 468
          468 539 540 469 469 540
          541 470 470 541 542 471
          471 542 543 472 472 543
          544 473 473 544 545 474
          474 545 546 475 475 546
          547 476 476 547 548 477
          477 548 549 478 478 549
          550 479 479 550 551 480
          480 551 552 481 481 552
          553 482 482 553 554 483
          483 554 555 484 484 555
          556 485 485 556 557 486
          486 557 558 487 487 558
          559 488 488 559 560 489
          489 560 561 490 490 561
          562 491 491 562 563 492
          492 563 564 493 493 564
          565 494 494 565 566 495
          495 566 567 496 497 568
          569 498 498 569 570 499
          499 570 571 500 500 571
          572 501 501 572 573 502
          502 573 574 503 503 574
          575 504 504 575 576 505
          505 576 577 506 506 577
          578 507 507 578 579 508
          508 579 580 509 509 580
          581 510 510 581 582 511
          511 582 583 512 512 583
          584 513 513 584 585 514
          514 585 586 515 515 586
          587 516 516 587 588 517
          517 588 589 518 518 589
          590 519 519 590 591 520
          520 591 592 521 521 592
          593 522 522 593 594 523
          523 594 595 524 524 595
          596 525 525 596 597 526
          526 597 598 527 527 598
          599 528 528 599 600 529
          529 600 601 530 530 601
          602 531 531 602 603 532
          532 603 604 533 533 604
          605 534 534 605 606 535
          535 606 607 536 536 607
          608 537 537 608 609 538
          538 609 610 539 539 610
          611 540 540 611 612 541
          541 612 613 542 542 613
          614 543 543 614 615 544
          544 615 616 545 545 616
          617 546 546 617 618 547
          547 618 619 548 548 619
          620 549 549 620 621 550
          550 621 622 551 551 622
          623 552 552 623 624 553
          553 624 625 554 554 625
          626 555 555 626 627 556
          556 627 628 557 557 628
          629 558 558 629 630 559
          559 630 631 560 560 631
          632 561 561 632 633 562
          562 633 634 563 563 634
          635 564 564 635 636 565
          565 636 637 566 566 637
          638 567 568 639 640 569
          569 640 641 570 570 641
          642 571 571 642 643 572
          572 643 644 573 573 644
          645 574 574 645 646 575
          575 646 647 576 576 647
          648 577 577 648 649 578
          578 649 650 579 579 650
          651 580 580 651 652 581
          581 652 653 582 582 653
          654 583 583 654 655 584
          584 655 656 585 585 656
          657 586 586 657 658 587
          587 658 659 588 588 659
          660 589 589 660 661 590
          590 661 662 591 591 662
          663 592 592 663 664 593
          593 664 665 594 594 665
          666 595 595 666 667 596
          596 667 668 597 597 668
          669 598 598 669 670 599
          599 670 671 600 600 671
          672 601 601 672 673 602
          602 673 674 603 603 674
          675 604 604 675 676 605
          605 676 677 606 606 677
          678 607 607 678 679 608
          608 679 680 609 609 680
          681 610 610 681 682 611
          611 682 683 612 612 683
          684 613 613 684 685 614
          614 685 686 615 615 686
          687 616 616 687 688 617
          617 688 689 618 618 689
          690 619 619 690 691 620
          620 691 692 621 621 692
          693 622 622 693 694 623
          623 694 695 624 624 695
          696 625 625 696 697 626
          626 697 698 627 627 698
          699 628 628 699 700 629
          629 700 701 630 630 701
          702 631 631 702 703 632
          632 703 704 633 633 704
          705 634 634 705 706 635
          635 706 707 636 636 707
          708 637 637 708 709 638
          639 710 711 640 640 711
          712 641 641 712 713 642
          642 713 714 643 643 714
          715 644 644 715 716 645
          645 716 717 646 646 717
          718 647 647 718 719 648
          648 719 720 649 649 720
          721 650 650 721 722 651
          651 722 723 652 652 723
          724 653 653 724 725 654
          654 725 726 655 655 726
          727 656 656 727 728 657
          657 728 729 658 658 729
          730 659 659 730 731 660
          660 731 732 661 661 732
          733 662 662 733 734 663
          663 734 735 664 664 735
          736 665 665 736 737 666
          666 737 738 667 667 738
          739 668 668 739 740 669
          669 740 741 670 670 741
          742 671 671 742 743 672
          672 743 744 673 673 744
          745 674 674 745 746 675
          675 746 747 676 676 747
          748 677 677 748 749 678
          678 749 750 679 679 750
          751 680 680 751 752 681
          681 752 753 682 682 753
          754 683 683 754 755 684
          684 755 756 685 685 756
          757 686 686 757 758 687
          687 758 759 688 688 759
          760 689 689 760 761 690
          690 761 762 691 691 762
          763 692 692 763 764 693
          693 764 765 694 694 765
          766 695 695 766 767 696
          696 767 768 697 697 768
          769 698 698 769 770 699
          699 770 771 700 700 771
          772 701 701 772 773 702
          702 773 774 703 703 774
          775 704 704 775 776 705
          705 776 777 706 706 777
          778 707 707 778 779 708
          708 779 780 709
        </DataArray>
        <DataArray type="Int64" Name="offsets" format="ascii" RangeMin="4" RangeMax="2800">
          4 8 12 16 20 24
          28 32 36 40 44 48
          52 56 60 64 68 72
          76 80 84 88 92 96
          100 104 108 112 116 120
          124 128 132 136 140 144
          148 152 156 160 164 168
          172 176 180 184 188 192
          196 200 204 208 212 216
          220 224 228 232 236 240
          244 248 252 256 260 264
          268 272 276 280 284 288
          292 296 300 304 308 312
          316 320 324 328 332 336
          340 344 348 352 356 360
          364 368 372 376 380 384
          388 392 396 400 404 408
          412 416 420 424 428 432
          436 440 444 448 452 456
          460 464 468 472 476 480
          484 488 492 496 500 504
          508 512 516 520 524 528
          532 536 540 544 548 552
          556 560 564 568 572 576
          580 584 588 592 596 600
          604 608 612 616 620 624
          628 632 636 640 644 648
          652 656 660 664 668 672
          676 680 684 688 692 696
          700 704 708 712 716 720
          724 728 732 736 740 744
          748 752 756 760 764 768
          772 776 780 784 788 792
          796 800 804 808 812 816
          820 824 828 832 836 840
          844 848 852 856 860 864
          868 872 876 880 884 888
          892 896 900 904 908 912
          916 920 924 928 932 936
          940 944 948 952 956 960
          964 968 972 976 980 984
          988 992 996 1000 1004 1008
          1012 1016 1020 1024 1028 1032
          1036 1040 1044 1048 1052 1056
          1060 1064 1068 1072 1076 1080
          1084 1088 1092 1096 1100 1104
          1108 1112 1116 1120 1124 1128
          1132 1136 1140 1144 1148 1152
          1156 1160 1164 1168 1172 1176
          1180 1184 1188 1192 1196 1200
          1204 1208 1212 1216 1220 1224
          1228 1232 1236 1240 1244 1248
          1252 1256 1260 1264 1268 1272
          1276 1280 1284 1288 1292 1296
          1300 1304 1308 1312 1316 1320
          1324 1328 1332 1336 1340 1344
          1348 1352 1356 1360 1364 1368
          1372 1376 1380 1384 1388 1392
          1396 1400 1404 1408 1412 1416
          1420 1424 1428 1432 1436 1440
          1444 1448 1452 1456 1460 1464
          1468 1472 1476 1480 1484 1488
          1492 1496 1500 1504 1508 1512
          1516 1520 1524 1528 1532 1536
          1540 1544 1548 1552 1556 1560
          1564 1568 1572 1576 1580 1584
          1588 1592 1596 1600 1604 1608
          1612 1616 1620 1624 1628 1632
          1636 1640 1644 1648 1652 1656
          1660 1664 1668 1672 1676 1680
          1684 1688 1692 1696 1700 1704
          1708 1712 1716 1720 1724 1728
          1732 1736 1740 1744 1748 1752
          1756 1760 1764 1768 1772 1776
          1780 1784 1788 1792 1796 1800
          1804 1808 1812 1816 1820 1824
          1828 1832 1836 1840 1844 1848
          1852 1856 1860 1864 1868 1872
          1876 1880 1884 1888 1892 1896
          1900 1904 1908 1912 1916 1920
          1924 1928 1932 1936 1940 1944
          1948 1952 1956 1960 1964 1968
          1972 1976 1980 1984 1988 1992
          1996 2000 2004 2008 2012 2016
          2020 2024 2028 2032 2036 2040
          2044 2048 2052 2056 2060 2064
          2068 2072 2076 2080 2084 2088
          2092 2096 2100 2104 2108 2112
          2116 2120 2124 2128 2132 2136
          2140 2144 2148 2152 2156 2160
          2164 2168 2172 2176 2180 2184
          2188 2192 2196 2200 2204 2208
          2212 2216 2220 2224 2228 2232
          2236 2240 2244 2248 2252 2256
          2260 2264 2268 2272 2276 2280
          2284 2288 2292 2296 2300 2304
          2308 2312 2316 2320 2324 2328
          2332 2336 2340 2344 2348 2352
          2356 2360 2364 2368 2372 2376
          2380 2384 2388 2392 2396 2400
          2404 2408 2412 2416 2420 2424
          2428 2432 2436 2440 2444 2448
          2452 2456 2460 2464 2468 2472
          2476 2480 2484 2488 2492 2496
          2500 2504 2508 2512 2516 2520
          2524 2528 2532 2536 2540 2544
          2548 2552 2556 2560 2564 2568
          2572 2576 2580 2584 2588 2592
          2596 2600 2604 2608 2612 2616
          2620 2624 2628 2632 2636 2640
          2644 2648 2652 2656 2660 2664
          2668 2672 2676 2680 2684 2688
          2692 2696 2700 2704 2708 2712
          2716 2720 2724 2728 2732 2736
          2740 2744 2748 2752 2756 2760
          2764 2768 2772 2776 2780 2784
          2788 2792 2796 2800
        </DataArray>
        <DataArray type="UInt8" Name="types" format="ascii" RangeMin="7" RangeMax="7">
          7 7 7 7 7 7
          7 7 7 7 7 7
          7 7 7 7 7 7
          7 7 7 7 7 7
          7 7 7 7 7 7
          7 7 7 7 7 7
          7 7 7 7 7 7
          7 7 7 7 7 7
          7 7 7 7 7 7
          7 7 7 7 7 7
          7 7 7 7 7 7
          7 7 7 7 7 7
          7 7 7 7 7 7
          7 7 7 7 7 7
          7 7 7 7 7 7
          7 7 7 7 7 7
          7 7 7 7 7 7
          7 7 7 7 7 7
          7 7 7 7 7 7
          7 7 7 7 7 7
          7 7 7 7 7 7
          7 7 7 7 7 7
          7 7 7 7 7 7
          7 7 7 7 7 7
          7 7 7 7 7 7
          7 7 7 7 7 7
          7 7 7 7 7 7
          7 7 7 7 7 7
          7 7 7 7 7 7
          7 7 7 7 7 7
          7 7 7 7 7 7
          7 7 7 7 7 7
          7 7 7 7 7 7
          7 7 7 7 7 7
          7 7 7 7 7 7
          7 7 7 7 7 7
          7 7 7 7 7 7
          7 7 7 7 7 7
          7 7 7 7 7 7
          7 7 7 7 7 7
          7 7 7 7 7 7
          7 7 7 7 7 7
          7 7 7 7 7 7
          7 7 7 7 7 7
          7 7 7 7 7 7
          7 7 7 7 7 7
          7 7 7 7 7 7
          7 7 7 7 7 7
          7 7 7 7 7 7
          7 7 7 7 7 7
          7 7 7 7 7 7
          7 7 7 7 7 7
          7 7 7 7 7 7
          7 7 7 7 7 7
          7 7 7 7 7 7
          7 7 7 7 7 7
          7 7 7 7 7 7
          7 7 7 7 7 7
          7 7 7 7 7 7
          7 7 7 7 7 7
          7 7 7 7 7 7
          7 7 7 7 7 7
          7 7 7 7 7 7
          7 7 7 7 7 7
          7 7 7 7 7 7
          7 7 7 7 7 7
          7 7 7 7 7 7
          7 7 7 7 7 7
          7 7 7 7 7 7
          7 7 7 7 7 7
          7 7 7 7 7 7
          7 7 7 7 7 7
          7 7 7 7 7 7
          7 7 7 7 7 7
          7 7 7 7 7 7
          7 7 7 7 7 7
          7 7 7 7 7 7
          7 7 7 7 7 7
          7 7 7 7 7 7
          7 7 7 7 7 7
          7 7 7 7 7 7
          7 7 7 7 7 7
          7 7 7 7 7 7
          7 7 7 7 7 7
          7 7 7 7 7 7
          7 7 7 7 7 7
          7 7 7 7 7 7
          7 7 7 7 7 7
          7 7 7 7 7 7
          7 7 7 7 7 7
          7 7 7 7 7 7
          7 7 7 7 7 7
          7 7 7 7 7 7
          7 7 7 7 7 7
          7 7 7 7 7 7
          7 7 7 7 7 7
          7 7 7 7 7 7
          7 7 7 7 7 7
          7 7 7 7 7 7
          7 7 7 7 7 7
          7 7 7 7 7 7
          7 7 7 7 7 7
          7 7 7 7 7 7
          7 7 7 7 7 7
          7 7 7 7 7 7
          7 7 7 7 7 7
          7 7 7 7 7 7
          7 7 7 7 7 7
          7 7 7 7 7 7
          7 7 7 7 7 7
          7 7 7 7 7 7
          7 7 7 7 7 7
          7 7 7 7 7 7
          7 7 7 7 7 7
          7 7 7 7 7 7
          7 7 7 7 7 7
          7 7 7 7
        </DataArray>
      </Cells>
    </Piece>
  </UnstructuredGrid>
</VTKFile>
