<?xml version="1.0"?>
<VTKFile type="UnstructuredGrid" version="0.1" byte_order="LittleEndian" header_type="UInt32" compressor="vtkZLibDataCompressor">
  <UnstructuredGrid>
    <Piece NumberOfPoints="781" NumberOfCells="700">
      <PointData>
      </PointData>
      <CellData>
        <DataArray type="Float32" Name="EP_G" format="ascii" RangeMin="0.39022085070610046" RangeMax="1">
          0.39045169949531555 0.3905617892742157 0.39069750905036926 0.3908741772174835 0.3911278247833252 0.39158186316490173
          0.39713621139526367 0.5030568838119507 0.6141403913497925 0.726402997970581 0.7900903224945068 0.7999268174171448
          0.7838383316993713 0.7481497526168823 0.694955050945282 0.62107253074646 0.53326416015625 0.45038720965385437
          0.40731295943260193 0.39774927496910095 0.3989512622356415 0.4256488084793091 0.5465559959411621 0.6954178214073181
          0.808054506778717 0.8706835508346558 0.8965415358543396 0.8993781208992004 0.8842520713806152 0.8485329747200012
          0.7860553860664368 0.6741675734519958 0.46272850036621094 0.6662852764129639 0.9999686479568481 0.9999997615814209
          0.9999995827674866 1 1 1 1 1
          1 1 1 1 1 1
          1 1 1 1 1 1
          1 1 1 1 1 1
          1 1 1 1 1 1
          1 1 1 1 0.39043405652046204 0.39053988456726074
          0.3906659781932831 0.3908199667930603 0.39101332426071167 0.3912608325481415 0.39159488677978516 0.39206284284591675
          0.39242589473724365 0.39292487502098083 0.3967605531215668 0.4468805193901062 0.43918541073799133 0.4260353446006775
          0.4132770895957947 0.40412071347236633 0.40122997760772705 0.39976099133491516 0.3986090421676636 0.39893341064453125
          0.3991689383983612 0.47187086939811707 0.6423923969268799 0.7392404675483704 0.7826670408248901 0.8014483451843262
          0.8037238717079163 0.7909678816795349 0.7590315937995911 0.6860149502754211 0.573474109172821 0.5919943451881409
          0.6250787973403931 0.9164217710494995 0.9999704957008362 0.9999998211860657 1 1
          1 1 1 1 1 1
          1 1 1 1 1 1
          1 1 1 1 1 1
          1 1 1 1 1 1
          1 1 1 1 1 1
          1 1 0.39040249586105347 0.390502005815506 0.3906159996986389 0.39074790477752686
          0.39090144634246826 0.3910805583000183 0.3912907838821411 0.39152923226356506 0.3917753994464874 0.39205142855644226
          0.3923436999320984 0.39421799778938293 0.3967665433883667 0.3984527885913849 0.39954712986946106 0.4001901149749756
          0.40035346150398254 0.4004354178905487 0.3999533951282501 0.399199515581131 0.3993907868862152 0.4000977575778961
          0.4886466860771179 0.6180116534233093 0.7009326219558716 0.7449158430099487 0.74081951379776 0.6998153924942017
          0.6709392070770264 0.6384369730949402 0.6558564901351929 0.7744380235671997 0.871554970741272 0.9809346795082092
          0.9999739527702332 0.9999999403953552 1 1 1 1
          1 1 1 1 1 1
          1 1 1 1 1 1
          1 1 1 1 1 1
          1 1 1 1 1 1
          1 1 1 1 1 1
          0.39036431908607483 0.39045748114585876 0.3905608057975769 0.39067500829696655 0.39080187678337097 0.39094164967536926
          0.39109572768211365 0.39126187562942505 0.3914338946342468 0.3916087746620178 0.3918013870716095 0.39506787061691284
          0.3973771631717682 0.39871564507484436 0.3994563817977905 0.3998727798461914 0.39999622106552124 0.40010547637939453
          0.40030989050865173 0.40066030621528625 0.4015049338340759 0.42222219705581665 0.4744466543197632 0.6199977397918701
          0.7330374717712402 0.7352720499038696 0.7198835611343384 0.70761638879776 0.7223183512687683 0.7577813863754272
          0.8297609686851501 0.9145694971084595 0.9659191966056824 0.9953462481498718 0.9999704360961914 0.9999998807907104
          1 1 1 1 1 1
          1 1 1 1 1 1
          1 1 1 1 1 1
          1 1 1 1 1 1
          1 1 1 1 1 1
          1 1 1 1 0.3903256058692932 0.3904135227203369
          0.39050763845443726 0.3906092345714569 0.3907179832458496 0.390834242105484 0.39095813035964966 0.39108818769454956
          0.3912210166454315 0.39135491847991943 0.3924834728240967 0.39620137214660645 0.39800161123275757 0.39912962913513184
          0.39968422055244446 0.39986398816108704 0.39985573291778564 0.39983895421028137 0.3999965190887451 0.400545209646225
          0.40150052309036255 0.40182459354400635 0.45181363821029663 0.6641258001327515 0.7554868459701538 0.7596766352653503
          0.7651759386062622 0.7876846194267273 0.8293259739875793 0.8806801438331604 0.9340888857841492 0.9733007550239563
          0.9918410778045654 0.9988966584205627 0.9999744892120361 0.9999998807907104 1 1
          1 1 1 1 1 1
          1 1 1 1 1 1
          1 1 1 1 1 1
          1 1 1 1 1 1
          1 1 1 1 1 1
          1 1 0.3902909755706787 0.39037400484085083 0.3904622197151184 0.39055415987968445
          0.390651136636734 0.3907523453235626 0.39085817337036133 0.3909672498703003 0.3910774886608124 0.39119651913642883
          0.3937323987483978 0.3966227173805237 0.3982813060283661 0.3993507921695709 0.3998500108718872 0.3999067544937134
          0.3998391330242157 0.39977791905403137 0.39981135725975037 0.3999657928943634 0.4001004695892334 0.40011337399482727
          0.4005672037601471 0.6640234589576721 0.7871149182319641 0.8115558624267578 0.8379908204078674 0.8743818998336792
          0.9147422313690186 0.9509336352348328 0.9777289628982544 0.9924889206886292 0.9981632828712463 0.9997838139533997
          0.9999854564666748 0.9999983310699463 0.9999997615814209 1 1 1
          1 1 1 1 1 1
          1 1 1 1 1 1
          1 1 1 1 1 1
          1 1 1 1 1 1
          1 1 1 1 1 1
          0.39026209712028503 0.3903430700302124 0.39042526483535767 0.3905121982097626 0.39060088992118835 0.390692800283432
          0.3907872140407562 0.39088356494903564 0.3909803032875061 0.3911101222038269 0.3938828408718109 0.3963848054409027
          0.39811548590660095 0.39930638670921326 0.3999612629413605 0.40005943179130554 0.39997556805610657 0.39985501766204834
          0.399759978055954 0.3997056484222412 0.3996683657169342 0.39953264594078064 0.39972084760665894 0.5711895823478699
          0.8222492933273315 0.8707969188690186 0.9039626717567444 0.936114490032196 0.9630288481712341 0.982042670249939
          0.9931226968765259 0.9980524182319641 0.9996272325515747 0.9999738931655884 0.9999872446060181 0.999991774559021
          0.9999961256980896 0.9999975562095642 0.999998152256012 0.9999990463256836 0.9999986290931702 0.9999986290931702
          0.9999970197677612 0.9999972581863403 0.999997615814209 0.9999980330467224 0.9999983310699463 0.9999985098838806
          0.9999983906745911 0.9999961853027344 0.9999844431877136 0.999980092048645 0.9999974370002747 1
          1 1 1 1 1 1
          1 1 1 1 1 1
          1 1 1 1 0.3902415335178375 0.39031845331192017
          0.3904004395008087 0.39048174023628235 0.3905668556690216 0.3906528055667877 0.3907407224178314 0.39082974195480347
          0.39091894030570984 0.39101868867874146 0.39267686009407043 0.3952462673187256 0.39716342091560364 0.39868175983428955
          0.3998323380947113 0.40027305483818054 0.4003198742866516 0.40022197365760803 0.4000938832759857 0.3999737501144409
          0.39988574385643005 0.39983850717544556 0.3998848497867584 0.40094253420829773 0.7658218145370483 0.918430507183075
          0.9494710564613342 0.9709421992301941 0.9854807257652283 0.9939385056495667 0.9980137348175049 0.9995275139808655
          0.9999315738677979 0.9999953508377075 0.99998939037323 0.9999932050704956 0.9999960660934448 0.9999971985816956
          0.9999973177909851 0.9999980926513672 0.9999982714653015 0.9999983310699463 0.9999983310699463 0.9999983310699463
          0.9999982118606567 0.999998152256012 0.9999980926513672 0.999996542930603 0.9999969005584717 0.9999980330467224
          0.9999980926513672 0.9999969601631165 0.9999960660934448 0.9999972581863403 0.9999977946281433 0.9999968409538269
          0.9999968409538269 0.9999986886978149 0.9999988675117493 0.9999983310699463 0.9999980330467224 0.9999985694885254
          0.9999994039535522 0.999999463558197 0.999999463558197 0.999999463558197 0.9999996423721313 0.9999995231628418
          0.9999995231628418 0.9999997019767761 0.39022713899612427 0.39030471444129944 0.3903822600841522 0.39046409726142883
          0.3905460238456726 0.3906300365924835 0.3907148540019989 0.39080101251602173 0.39088740944862366 0.3909732401371002
          0.39107146859169006 0.39279472827911377 0.39471033215522766 0.3964259922504425 0.3983047306537628 0.3999169170856476
          0.40058717131614685 0.40086063742637634 0.40098410844802856 0.4010530114173889 0.4011102020740509 0.4012143313884735
          0.40156811475753784 0.4023340046405792 0.40516090393066406 0.8890705108642578 0.9753156900405884 0.9877281785011292
          0.9946183562278748 0.9980419874191284 0.9994376301765442 0.9998741149902344 0.9999741911888123 0.9999865293502808
          0.9999834895133972 0.9999839663505554 0.9999848008155823 0.9999862909317017 0.9999869465827942 0.999987006187439
          0.9999875426292419 0.9999887347221375 0.9999889135360718 0.99998939037323 0.9999891519546509 0.9999889135360718
          0.9999893307685852 0.9999890923500061 0.999988853931427 0.9999886751174927 0.9999883770942688 0.9999880790710449
          0.9999878406524658 0.9999875426292419 0.9999873042106628 0.9999870657920837 0.9999868869781494 0.9999868273735046
          0.9999868273735046 0.9999868869781494 0.999987006187439 0.9999873042106628 0.9999876022338867 0.9999880194664001
          0.9999884366989136 0.9999889135360718 0.9999894499778748 0.999989926815033 0.9999904036521912 0.9999908208847046
          0.39022085070610046 0.39029639959335327 0.39037492871284485 0.3904546797275543 0.3905370831489563 0.3906209170818329
          0.3907063603401184 0.3907927870750427 0.3908796012401581 0.3909674286842346 0.3910551965236664 0.39114442467689514
          0.3912334442138672 0.3913275897502899 0.3934062421321869 0.396633505821228 0.39837318658828735 0.3994936943054199
          0.4001880884170532 0.40065887570381165 0.40103623270988464 0.4014629125595093 0.402308851480484 0.4054408073425293
          0.3919922709465027 0.5311762690544128 0.9722253680229187 0.9926839470863342 0.9971943497657776 0.9990962147712708
          0.9997535347938538 0.9999269247055054 0.9999594688415527 0.9999582767486572 0.9999577403068542 0.99996018409729
          0.9999646544456482 0.9999691247940063 0.9999712705612183 0.9999715089797974 0.9999721050262451 0.9999743103981018
          0.9999766945838928 0.9999768733978271 0.9999754428863525 0.9999640583992004 0.999957799911499 0.9999783039093018
          0.9999814033508301 0.999981164932251 0.9999811053276062 0.9999808669090271 0.999980628490448 0.9999803900718689
          0.9999801516532898 0.9999799132347107 0.9999797344207764 0.9999796152114868 0.9999794960021973 0.9999794363975525
          0.9999794363975525 0.9999794960021973 0.9999796152114868 0.9999797940254211 0.9999799728393555 0.9999802112579346
          0.9999805092811584 0.9999808073043823 0.9999811053276062 0.9999814033508301
        </DataArray>
        <DataArray type="Float32" Name="P_G" format="ascii" RangeMin="99144.0703125" RangeMax="127616.125">
          127616.125 127038.9609375 126525.8125 126091.9765625 125764.8671875 125700.5859375
          127036.1484375 125177.3515625 123649.2734375 122387.140625 120845.9609375 120328.5546875
          119825.25 119243.046875 118515.5390625 117545.4921875 116194.796875 114324.1328125
          111969.1484375 109199.5 106454.671875 104147.921875 102623.9140625 102085.6484375
          101953.1015625 101924.546875 101913.4453125 101898.140625 101870.96875 101821.5859375
          101728.875 101528.84375 100956.703125 101008.4453125 101360.9609375 101360.1796875
          101353.578125 101347.5625 101342.7265625 101339.15625 101336.6640625 101334.9921875
          101333.890625 101333.140625 101332.6015625 101332.1875 101331.828125 101331.5078125
          101331.2109375 101330.921875 101330.6484375 101330.375 101330.1015625 101329.8359375
          101329.5703125 101329.3046875 101329.03125 101328.765625 101328.484375 101328.2109375
          101327.9296875 101327.640625 101327.359375 101327.0625 101326.7734375 101326.484375
          101326.1875 101325.890625 101325.59375 101325.3046875 127499.96875 126907.0859375
          126357.4921875 125853.8515625 125395.0546875 124969.984375 124970.5546875 124567.28125
          123036.5703125 122198 121184.6484375 120254.8125 119357.8984375 118350.84375
          117181.5390625 115813.9609375 114212.984375 112365.71875 110254.4375 107916.90625
          105455.609375 103623.5859375 102580.8671875 102141.921875 101943.34375 101849.5234375
          101793.0703125 101739.1015625 101664.234375 101525.8828125 101273.0859375 101103.578125
          100963.1484375 101280.2890625 101351.4296875 101353.1640625 101348.0703125 101343.328125
          101339.5703125 101336.8984375 101335.1328125 101334.015625 101333.296875 101332.796875
          101332.4140625 101332.078125 101331.765625 101331.4765625 101331.1875 101330.90625
          101330.6328125 101330.359375 101330.09375 101329.8359375 101329.5703125 101329.3046875
          101329.03125 101328.765625 101328.4921875 101328.2109375 101327.9296875 101327.6484375
          101327.359375 101327.0703125 101326.7734375 101326.484375 101326.1875 101325.890625
          101325.59375 101325.296875 127300.84375 126688.5234375 126097.8203125 125526.15625
          124964.5703125 124395.125 123809.8203125 123113.5 122332.53125 121534.7265625
          120790.8359375 120196.125 117932.109375 116541.8046875 115219.59375 113875.3671875
          112443.890625 110860.125 109104.265625 107130.2421875 105031.1015625 103016.03125
          102039.40625 101740.7265625 101668.6875 101645.4765625 101587.3046875 101484.28125
          101379.40625 101208.703125 101088.921875 101150.78125 101224.6953125 101331.9609375
          101343.453125 101346.203125 101342.7890625 101339.5546875 101337.0390625 101335.3203125
          101334.25 101333.578125 101333.109375 101332.734375 101332.3984375 101332.078125
          101331.765625 101331.46875 101331.1796875 101330.8984375 101330.625 101330.359375
          101330.09375 101329.828125 101329.5703125 101329.3046875 101329.0390625 101328.765625
          101328.4921875 101328.21875 101327.9375 101327.6484375 101327.359375 101327.0703125
          101326.78125 101326.484375 101326.1875 101325.890625 101325.59375 101325.296875
          127058.3203125 126429.1875 125805.1953125 125183.375 124555.6953125 123910.3359375
          123236.046875 122514.5234375 121746.09375 120951.0625 121139.3828125 118980.1640625
          116694.671875 115319.9140625 114029.9375 112740.3046875 111390.84375 109932.3203125
          108340.9375 106592.5234375 104688.0625 103012.9140625 101772.7265625 101609.515625
          101682.3203125 101569.4375 101449.25 101326.1953125 101237.046875 101178.2734375
          101199.9296875 101265.7421875 101311.3828125 101342.3828125 101339.9765625 101343.3359375
          101340.28125 101337.703125 101335.8125 101334.6171875 101333.9296875 101333.4609375
          101333.078125 101332.7265625 101332.3828125 101332.046875 101331.734375 101331.4296875
          101331.1484375 101330.8671875 101330.6015625 101330.34375 101330.0859375 101329.828125
          101329.5703125 101329.3046875 101329.046875 101328.7734375 101328.5 101328.2265625
          101327.9453125 101327.65625 101327.3671875 101327.078125 101326.78125 101326.484375
          101326.1953125 101325.8984375 101325.59375 101325.296875 126805.546875 126163.6953125
          125515.7578125 124859.7578125 124190.1328125 123499.7890625 122781.4375 122028.296875
          121238.1328125 120648.2578125 121317.6953125 117245.8359375 115718.0546875 114379.53125
          113112.453125 111894.78125 110633.8984375 109286.6015625 107813.078125 106180.53125
          104397.0078125 102700.28125 101693.03125 101777.0078125 101696.5703125 101525.5546875
          101383.4140625 101288.3125 101249.7578125 101253.765625 101287.3046875 101320.8125
          101339.0703125 101348.234375 101341.34375 101343.6953125 101340.3671875 101337.7265625
          101335.8046875 101334.5390625 101333.828125 101333.4140625 101333.046875 101332.6875
          101332.3359375 101332 101331.6796875 101331.3828125 101331.1015625 101330.8359375
          101330.578125 101330.3203125 101330.0703125 101329.8203125 101329.5703125 101329.3125
          101329.0546875 101328.7890625 101328.515625 101328.2421875 101327.9609375 101327.671875
          101327.3828125 101327.0859375 101326.7890625 101326.4921875 101326.1953125 101325.8984375
          101325.6015625 101325.296875 126566.8515625 125915.96875 125251.4609375 124572.59375
          123875.484375 123155.7109375 122408.5234375 121629.578125 120820.03125 120935.6171875
          119693.4375 116524.390625 115043.5625 113702.71875 112464.0625 111293.2109375
          110089.6796875 108818.1328125 107460.7734375 106019.90625 104541.28125 103045.453125
          101519.6015625 101807.296875 101663.3203125 101481.515625 101362.8046875 101306.1328125
          101295.9453125 101308.2734375 101326.7421875 101340.328125 101347.1953125 101351.5546875
          101346.640625 101345.203125 101342.1484375 101339.3671875 101337.1484375 101335.546875
          101334.4765625 101333.765625 101333.234375 101332.7890625 101332.3984375 101332.03125
          101331.6953125 101331.390625 101331.109375 101330.8359375 101330.5859375 101330.3359375
          101330.0859375 101329.8359375 101329.5859375 101329.3359375 101329.078125 101328.8125
          101328.5390625 101328.265625 101327.984375 101327.6953125 101327.3984375 101327.1015625
          101326.8125 101326.5078125 101326.2109375 101325.9140625 101325.609375 101325.3046875
          126359.3046875 125702.0625 125026.5234375 124332.3125 123616.9296875 122877.1484375
          122109.6796875 121311.1875 120498.109375 121133.1328125 118487.2734375 116160.9453125
          114658.1796875 113279.6328125 112005.3203125 110844.359375 109682.0546875 108479.515625
          107223.75 105915.609375 104572.84375 103203.1484375 101784.078125 101551.171875
          101611.703125 101442.1171875 101361.9296875 101332.265625 101329.375 101335.84375
          101343.0859375 101347.515625 101351.3828125 101355.1484375 101347.8046875 101347.2890625
          101344.6875 101341.9765625 101339.5234375 101337.4375 101335.921875 101334.75
          101334.0625 101333.390625 101332.84375 101332.390625 101331.9921875 101331.6484375
          101331.34375 101331.0625 101330.796875 101330.53125 101330.2734375 101330.015625
          101329.7578125 101329.5 101329.2265625 101328.953125 101328.6640625 101328.375
          101328.0859375 101327.7890625 101327.484375 101327.1875 101326.8828125 101326.578125
          101326.2734375 101325.96875 101325.6640625 101325.3515625 126194.515625 125533.2109375
          124850.2578125 124146.25 123418.8203125 122665.75 121884.34375 121071.921875
          120232.6328125 120386.375 119038.3671875 116213.7421875 114638.828125 113165.1875
          111758.28125 110519.640625 109352.5546875 108187.984375 106998.875 105782.78125
          104542.8203125 103282.5234375 102011.515625 100687.2109375 101419.1171875 101415.2890625
          101362.0625 101348.25 101347.0703125 101349.3125 101351.3046875 101352.5234375
          101356.7109375 101359.0078125 101350.140625 101349.0234375 101347.3203125 101344.8671875
          101342.3828125 101340.0546875 101338.109375 101336.546875 101335.3046875 101334.3359375
          101333.546875 101332.9140625 101332.3984375 101332.109375 101331.6875 101331.296875
          101331.015625 101330.8125 101330.65625 101330.3046875 101330.03125 101329.890625
          101329.6484375 101329.234375 101328.953125 101328.734375 101328.4765625 101328.140625
          101327.75 101327.4375 101327.1171875 101326.796875 101326.4921875 101326.1484375
          101325.8203125 101325.515625 126080.5859375 125416.53125 124729.375 124019.296875
          123284.7734375 122523.5703125 121733.5 120912.171875 120057.2421875 119173.9765625
          119426.609375 117754.421875 115203.96875 113651.59375 112033.4921875 110468.9453125
          109149.78125 107914.078125 106696.328125 105481.796875 104270.6796875 103063.3515625
          101831.5234375 100565.25 99144.0703125 101294.6484375 101359.734375 101351.9296875
          101353.3046875 101357.78125 101357.5390625 101357.515625 101359.484375 101359.1015625
          101353.625 101350.109375 101347.6875 101345.28125 101342.6640625 101340.0703125
          101337.9140625 101336.3046875 101334.7890625 101333.65625 101332.6015625 101331.734375
          101330.9375 101330.34375 101329.8359375 101329.375 101328.96875 101328.5859375
          101328.2265625 101327.8671875 101327.515625 101327.171875 101326.84375 101326.515625
          101326.203125 101325.90625 101325.6171875 101325.359375 101325.109375 101324.875
          101324.6484375 101324.4375 101324.2265625 101324.0078125 101323.7890625 101323.5625
          126022.328125 125357.1171875 124667.7109375 123954.90625 123217.03125 122452.2421875
          121658.1875 120832.453125 119972.9765625 119079.1484375 118144.8515625 117171.859375
          116161.25 115889.6875 115001.484375 111384.8125 109730.703125 108266.3359375
          106905.40625 105605.53125 104338.109375 103082.8046875 101767.3828125 99940.6484375
          102532.515625 101836.3984375 101329.9765625 101341.8203125 101355.015625 101355.078125
          101354.546875 101353.984375 101353.515625 101352.8359375 101352.3828125 101351.4765625
          101349.9296875 101348.0234375 101345.4765625 101342.5859375 101340.0625 101338.359375
          101337.125 101335.7109375 101334.7109375 101333.71875 101332.7578125 101332.4375
          101331.8359375 101331.3046875 101330.7890625 101330.328125 101329.875 101329.4375
          101329 101328.5625 101328.1328125 101327.7109375 101327.2890625 101326.875
          101326.4765625 101326.0859375 101325.703125 101325.3359375 101324.96875 101324.6171875
          101324.265625 101323.921875 101323.578125 101323.234375
        </DataArray>
        <DataArray type="Float32" Name="Gas_Velocity" NumberOfComponents="3" format="ascii" RangeMin="0.15021797279967763" RangeMax="15.119744300874059">
          0.054369036108255386 0.4661417603492737 0 0.058724433183670044 0.4230245351791382 0
          0.06862080842256546 0.3730597496032715 0 0.08702471852302551 0.3107166886329651 0
          0.12252907454967499 0.22466152906417847 0 0.20837676525115967 0.08208813518285751 0
          0.43683362007141113 1.5341218709945679 0 0.10950171202421188 2.7540905475616455 0
          -0.1998695582151413 3.8014976978302 0 -0.3613806962966919 4.592507839202881 0
          -0.19089151918888092 4.578858852386475 0 0.1839694380760193 4.584897041320801 0
          0.36686670780181885 4.544936180114746 0 0.49751436710357666 4.459468364715576 0
          0.5961465239524841 4.333896636962891 0 0.6510595679283142 4.21004581451416 0
          0.6390467882156372 4.1436309814453125 0 0.5107238292694092 4.231438636779785 0
          0.31470391154289246 4.507498264312744 0 0.06382955610752106 4.699423789978027 0
          -0.08190136402845383 4.869655132293701 0 -0.06172103062272072 5.289359092712402 0
          0.08393632620573044 5.092588424682617 0 0.04073850437998772 4.756510257720947 0
          0.13890793919563293 4.451321601867676 0 0.38585761189460754 4.098750591278076 0
          0.6350772380828857 3.659316062927246 0 0.7790924906730652 3.164771318435669 0
          0.8080865740776062 2.6702582836151123 0 0.7303029894828796 2.238720655441284 0
          0.7004290819168091 1.8435368537902832 0 0.9780058264732361 1.3437954187393188 0
          0.9544916152954102 1.07630455493927 0 0.8298051357269287 0.4592517018318176 0
          6.64271879196167 -4.1208624839782715 0 5.012182712554932 -7.462711334228516 0
          3.7044053077697754 -9.932839393615723 0 2.670902967453003 -11.713930130004883 0
          1.8629924058914185 -12.956304550170898 0 1.248744010925293 -13.789055824279785 0
          0.8013307452201843 -14.323427200317383 0 0.49262118339538574 -14.651917457580566 0
          0.29183927178382874 -14.846505165100098 0 0.168550506234169 -14.958874702453613 0
          0.09656338393688202 -15.023241996765137 0 0.056092504411935806 -15.060626029968262 0
          0.03374302014708519 -15.083112716674805 0 0.02124289982020855 -15.097269058227539 0
          0.01387869380414486 -15.106522560119629 0 0.009156743995845318 -15.112632751464844 0
          0.0058440244756639 -15.116540908813477 0 0.003345457836985588 -15.11878776550293 0
          0.001392675214447081 -15.119738578796387 0 -0.000030996703571872786 -15.119744300842285 0
          -0.0008668456575833261 -15.119196891784668 0 -0.0011880238307639956 -15.118437767028809 0
          -0.001241244375705719 -15.117646217346191 0 -0.0011376837501302361 -15.116926193237305 0
          -0.0009353854693472385 -15.116340637207031 0 -0.0006751831388100982 -15.11592960357666 0
          -0.00038972910260781646 -15.115708351135254 0 -0.00010355786071158946 -15.115676879882812 0
          0.00017380458302795887 -15.115827560424805 0 0.00043628356070257723 -15.116150856018066 0
          0.0006528825033456087 -15.116615295410156 0 0.0008115829550661147 -15.117180824279785 0
          0.0009059915319085121 -15.117805480957031 0 0.0009188964613713324 -15.11843490600586 0
          0.0008000520174391568 -15.118978500366211 0 0.00043755522347055376 -15.119277000427246 0
          0.09149040281772614 0.47824007272720337 0 0.09638570249080658 0.44941526651382446 0
          0.10729211568832397 0.4198451340198517 0 0.12534724175930023 0.3906581401824951 0
          0.15322811901569366 0.3669705390930176 0 0.19184128940105438 0.37631019949913025 0
          0.21968187391757965 0.600983738899231 0 0.12816837430000305 0.6887562274932861 0
          0.0403042808175087 0.6038101315498352 0 0.015825435519218445 0.4447726309299469 0
          0.0767698585987091 0.5558815002441406 0 0.19425687193870544 0.6465421319007874 0
          0.3532220125198364 0.849040687084198 0 0.4641806185245514 1.1202960014343262 0
          0.5273165702819824 1.4528465270996094 0 0.5178244709968567 1.8406689167022705 0
          0.41028204560279846 2.21625018119812 0 0.23629844188690186 2.551926612854004 0
          0.0175100639462471 2.835944414138794 0 -0.21586747467517853 3.0540783405303955 0
          -0.42751726508140564 3.3109593391418457 0 -0.46898573637008667 3.8175294399261475 0
          -0.2698768377304077 3.3769946098327637 0 0.3546631336212158 2.787625789642334 0
          0.7285112142562866 2.2338104248046875 0 0.9353216290473938 1.812134861946106 0
          1.052564263343811 1.5345326662063599 0 1.117276906967163 1.3417043685913086 0
          1.2395224571228027 1.1154577732086182 0 1.3653656244277954 0.8163722157478333 0
          1.4054186344146729 0.5812520384788513 0 1.4742783308029175 0.41141071915626526 0
          1.1216702461242676 0.23451486229896545 0 1.0783212184906006 -0.08047991991043091 0
          9.590856552124023 -2.0434484481811523 0 7.551030158996582 -3.7358973026275635 0
          5.629810333251953 -5.019562721252441 0 3.964021682739258 -5.881748199462891 0
          2.5988402366638184 -6.372409343719482 0 1.5575860738754272 -6.578371047973633 0
          0.8356333374977112 -6.601282119750977 0 0.3928851783275604 -6.53481912612915 0
          0.15860117971897125 -6.446016311645508 0 0.054565586149692535 -6.370049953460693 0
          0.017872322350740433 -6.317616939544678 0 0.009271749295294285 -6.286437511444092 0
          0.009003657847642899 -6.269985198974609 0 0.009150686673820019 -6.261971473693848 0
          0.007600694894790649 -6.257841110229492 0 0.004550960846245289 -6.254831790924072 0
          0.0008829361759126186 -6.25159215927124 0 -0.0023866621777415276 -6.247844696044922 0
          -0.0045924680307507515 -6.24393367767334 0 -0.005954780615866184 -6.240068435668945 0
          -0.006711125839501619 -6.236259937286377 0 -0.00706600584089756 -6.2324323654174805 0
          -0.007018385920673609 -6.228674411773682 0 -0.006624516565352678 -6.225111961364746 0
          -0.005979236681014299 -6.221845626831055 0 -0.0051895445212721825 -6.218932628631592 0
          -0.004356869030743837 -6.216383457183838 0 -0.0035652073565870523 -6.214169502258301 0
          -0.002884502988308668 -6.212222576141357 0 -0.002353489166125655 -6.210452079772949 0
          -0.0019627658184617758 -6.208793640136719 0 -0.0016826967475935817 -6.207212924957275 0
          -0.0014753635041415691 -6.205702304840088 0 -0.0013215047074481845 -6.204281330108643 0
          -0.0012526406208053231 -6.2029805183410645 0 -0.0013900264166295528 -6.201824188232422 0
          0.11102896928787231 0.49099481105804443 0 0.11433600634336472 0.47566959261894226 0
          0.12166900932788849 0.46284133195877075 0 0.13207091391086578 0.4554041624069214 0
          0.1444111466407776 0.45877519249916077 0 0.15465644001960754 0.4819980561733246 0
          0.15378046035766602 0.5393643975257874 0 0.12977643311023712 0.5611382722854614 0
          0.10844004154205322 0.5452964305877686 0 0.10936492681503296 0.5201031565666199 0
          0.14346176385879517 0.5215816497802734 0 0.20674698054790497 0.583523154258728 0
          0.26388412714004517 0.7200969457626343 0 0.28555619716644287 0.9088667631149292 0
          0.2594761252403259 1.1378298997879028 0 0.17483466863632202 1.3970743417739868 0
          0.0818944126367569 1.6374924182891846 0 -0.02283838950097561 1.8277679681777954 0
          -0.14807426929473877 1.9953410625457764 0 -0.286956787109375 2.0880086421966553 0
          -0.38316014409065247 2.0606322288513184 0 -0.3130588233470917 1.9441064596176147 0
          0.03958785533905029 1.7181096076965332 0 0.5800973773002625 1.223686695098877 0
          0.9021883010864258 0.9394195079803467 0 1.1295698881149292 0.7414361238479614 0
          1.4091591835021973 0.5184234976768494 0 1.5900590419769287 0.3001895844936371 0
          1.7167305946350098 0.11602668464183807 0 1.680427074432373 0.008258330635726452 0
          1.5327218770980835 -0.09517856687307358 0 1.4006366729736328 -0.16248570382595062 0
          1.1180078983306885 -0.2767843008041382 0 1.145397424697876 -0.3461690843105316 0
          10.36559772491455 -0.8604313135147095 0 8.57363510131836 -1.541806936264038 0
          6.535924434661865 -2.1457173824310303 0 4.59280252456665 -2.564831018447876 0
          2.8988356590270996 -2.7647929191589355 0 1.5883220434188843 -2.785259962081909 0
          0.7404868602752686 -2.7218081951141357 0 0.3182755708694458 -2.6720492839813232 0
          0.16517914831638336 -2.676417827606201 0 0.12485592067241669 -2.7232656478881836 0
          0.11276954412460327 -2.7865235805511475 0 0.10181020200252533 -2.8482160568237305 0
          0.08732681721448898 -2.9004385471343994 0 0.07070613652467728 -2.9414899349212646 0
          0.0542561411857605 -2.9726150035858154 0 0.039708882570266724 -2.996081590652466 0
          0.027842124924063683 -3.0140888690948486 0 0.018612481653690338 -3.0281286239624023 0
          0.01176578737795353 -3.0390799045562744 0 0.00708402507007122 -3.0478224754333496 0
          0.004138100892305374 -3.0551095008850098 0 0.0025501486379653215 -3.061577558517456 0
          0.0020237292628735304 -3.0676651000976562 0 0.002262491500005126 -3.07365083694458 0
          0.0029504094272851944 -3.0796656608581543 0 0.0037764946464449167 -3.085704803466797 0
          0.004497433081269264 -3.0916686058044434 0 0.004950222559273243 -3.097404718399048 0
          0.005025008227676153 -3.1027345657348633 0 0.004686251748353243 -3.1074817180633545 0
          0.003987298347055912 -3.1114988327026367 0 0.0030556772835552692 -3.114704132080078 0
          0.002061081351712346 -3.1171038150787354 0 0.0011828549904748797 -3.1188104152679443 0
          0.0005622555036097765 -3.1200520992279053 0 0.0001975668710656464 -3.1211369037628174 0
          0.11632300913333893 0.5016990303993225 0 0.11780881136655807 0.49637719988822937 0
          0.12137679010629654 0.49377718567848206 0 0.1254824846982956 0.495646595954895 0
          0.12902233004570007 0.5036444067955017 0 0.12973351776599884 0.5184950828552246 0
          0.12542644143104553 0.538477897644043 0 0.1159772276878357 0.5521635413169861 0
          0.10755739361047745 0.5602173209190369 0 0.10599513351917267 0.572425365447998 0
          0.11283925175666809 0.6056069135665894 0 0.12592481076717377 0.672285258769989 0
          0.13009397685527802 0.7735059261322021 0 0.11229848861694336 0.898869514465332 0
          0.05833691731095314 1.0388612747192383 0 -0.0376577191054821 1.1809513568878174 0
          -0.12888599932193756 1.32142972946167 0 -0.19905748963356018 1.437131404876709 0
          -0.2904115915298462 1.534731149673462 0 -0.3692871034145355 1.6117579936981201 0
          -0.4138319194316864 1.6689540147781372 0 -0.08395711332559586 1.6469208002090454 0
          0.44052380323410034 1.2486363649368286 0 0.8673695921897888 0.7001428604125977 0
          1.2394648790359497 0.33385539054870605 0 1.587228536605835 0.04565200209617615 0
          1.804994821548462 -0.17096303403377533 0 1.8817154169082642 -0.324941486120224 0
          1.860723853111267 -0.41881757974624634 0 1.7043968439102173 -0.5060592293739319 0
          1.5112203359603882 -0.594327986240387 0 1.322269082069397 -0.6161787509918213 0
          1.0131242275238037 -0.5813946723937988 0 0.0960911214351654 0.11546400189399719 0
          9.84933853149414 0.4608859121799469 0 8.820257186889648 0.29676592350006104 0
          7.027340888977051 -0.030679259449243546 0 5.161752223968506 -0.40989193320274353 0
          3.465233087539673 -0.7874407172203064 0 2.0304741859436035 -1.0821729898452759 0
          0.9729487299919128 -1.2371102571487427 0 0.4930912256240845 -1.3536142110824585 0
          0.3500705361366272 -1.4768368005752563 0 0.3087269961833954 -1.5993845462799072 0
          0.2710932493209839 -1.7049075365066528 0 0.2300080507993698 -1.790353536605835 0
          0.18772178888320923 -1.857271432876587 0 0.147499218583107 -1.9084616899490356 0
          0.1123083233833313 -1.9471650123596191 0 0.08364028483629227 -1.9764611721038818 0
          0.06103779748082161 -1.998606562614441 0 0.04371641203761101 -2.0153634548187256 0
          0.03227861598134041 -2.029064893722534 0 0.025114865973591805 -2.04111647605896 0
          0.020918626338243484 -2.0523383617401123 0 0.01897897943854332 -2.0633292198181152 0
          0.018743151798844337 -2.0745160579681396 0 0.01957053318619728 -2.086097002029419 0
          0.020784851163625717 -2.098029613494873 0 0.021761368960142136 -2.110062599182129 0
          0.02221592701971531 -2.121917247772217 0 0.022109905257821083 -2.1333975791931152 0
          0.021316686645150185 -2.1442971229553223 0 0.019738832488656044 -2.154367685317993 0
          0.01737239398062229 -2.163322925567627 0 0.014317566528916359 -2.170858383178711 0
          0.010783265344798565 -2.176696300506592 0 0.007212009746581316 -2.180734157562256 0
          0.0043441965244710445 -2.1832685470581055 0 0.0026282407343387604 -2.184896469116211 0
          0.1115461215376854 0.5096300840377808 0 0.11181502044200897 0.5108486413955688 0
          0.11302629858255386 0.5139279961585999 0 0.1137036606669426 0.519422709941864 0
          0.11328933387994766 0.5277020931243896 0 0.11070039123296738 0.5384787917137146 0
          0.10524886846542358 0.5507519245147705 0 0.09717699885368347 0.5630483031272888 0
          0.0879158079624176 0.5767802000045776 0 0.07882937788963318 0.596234917640686 0
          0.06873229146003723 0.6284851431846619 0 0.05662120506167412 0.675582766532898 0
          0.03834274411201477 0.7384055852890015 0 0.014552558772265911 0.804035484790802 0
          -0.06430329382419586 0.8846035003662109 0 -0.1508447378873825 0.9569308161735535 0
          -0.231181800365448 1.0220719575881958 0 -0.27859967947006226 1.072034239768982 0
          -0.3237484395503998 1.0916420221328735 0 -0.339183509349823 1.0693458318710327 0
          -0.26732391119003296 0.9720168709754944 0 -0.08416198939085007 0.9728724956512451 0
          0.5398157835006714 0.9286912679672241 0 1.0808454751968384 0.4216211140155792 0
          1.7169080972671509 0.0442468598484993 0 2.0052449703216553 -0.234164759516716 0
          2.0831193923950195 -0.4388045370578766 0 2.0345370769500732 -0.5960702896118164 0
          1.9012846946716309 -0.7052731513977051 0 1.7073578834533691 -0.7938715815544128 0
          1.502902626991272 -0.8482065200805664 0 1.2540464401245117 -0.8284269571304321 0
          0.8057773113250732 -0.694994330406189 0 -2.0832436084747314 0.7629321813583374 0
          8.505181312561035 1.660384178161621 0 8.436827659606934 1.9163538217544556 0
          7.083715438842773 1.8789935111999512 0 5.480475425720215 1.666643500328064 0
          3.960552930831909 1.3365198373794556 0 2.667029857635498 0.9122138619422913 0
          1.7024122476577759 0.4259551167488098 0 1.1030391454696655 0.019366441294550896 0
          0.7511224150657654 -0.24797435104846954 0 0.5378789305686951 -0.40071964263916016 0
          0.3973396420478821 -0.4848669469356537 0 0.29018861055374146 -0.5249767303466797 0
          0.20018449425697327 -0.533281683921814 0 0.12451024353504181 -0.5179589986801147 0
          0.06427384912967682 -0.48594576120376587 0 0.018555384129285812 -0.4425717294216156 0
          -0.007406951393932104 -0.39696305990219116 0 -0.016421418637037277 -0.3568975329399109 0
          -0.01932539790868759 -0.32252591848373413 0 -0.02047021873295307 -0.29217103123664856 0
          -0.02035239152610302 -0.26469558477401733 0 -0.01852778159081936 -0.23973233997821808 0
          -0.014830969274044037 -0.217393159866333 0 -0.009510883130133152 -0.1980499029159546 0
          -0.003017703304067254 -0.18222659826278687 0 0.004274760372936726 -0.1706133335828781 0
          0.011301868595182896 -0.163380429148674 0 0.0163528211414814 -0.15958350896835327 0
          0.018377238884568214 -0.15766236186027527 0 0.017650745809078217 -0.15630555152893066 0
          0.015424167737364769 -0.15503816306591034 0 0.01326806377619505 -0.15436556935310364 0
          0.012355506420135498 -0.15543600916862488 0 0.013152453117072582 -0.15941336750984192 0
          0.015480549074709415 -0.16684918105602264 0 0.014694918878376484 -0.17489956319332123 0
          0.0995718315243721 0.5154487490653992 0 0.09940924495458603 0.5211390852928162 0
          0.09954648464918137 0.5276607275009155 0 0.09902996569871902 0.5351637005805969 0
          0.09743740409612656 0.5434993505477905 0 0.0942390188574791 0.552463710308075 0
          0.08888585865497589 0.5617106556892395 0 0.08112577348947525 0.5711525678634644 0
          0.07093863189220428 0.581516444683075 0 0.0580451674759388 0.5949902534484863 0
          0.04222507029771805 0.6124445199966431 0 0.02283862978219986 0.6341339349746704 0
          -0.001014959067106247 0.6599634885787964 0 -0.029215285554528236 0.6880420446395874 0
          -0.10096141695976257 0.710417628288269 0 -0.17015868425369263 0.7202767729759216 0
          -0.23425637185573578 0.7189103960990906 0 -0.27234455943107605 0.7114020586013794 0
          -0.27823713421821594 0.6782128810882568 0 -0.24543243646621704 0.6133784055709839 0
          -0.15335598587989807 0.5363790988922119 0 0.013202397152781487 0.47289329767227173 0
          0.33058810234069824 0.6655060052871704 0 0.945013701915741 0.48433566093444824 0
          2.000781536102295 0.18026407063007355 0 2.3283088207244873 -0.1021464541554451 0
          2.3154380321502686 -0.3424942195415497 0 2.175008535385132 -0.529662013053894 0
          1.9839656352996826 -0.6648393869400024 0 1.7591767311096191 -0.7533581256866455 0
          1.4883160591125488 -0.7690850496292114 0 1.0444860458374023 -0.6352680325508118 0
          -0.5767412185668945 0.2889748513698578 0 -3.252443313598633 1.073398470878601 0
          6.5296783447265625 2.3922743797302246 0 7.371805191040039 3.103149175643921 0
          6.569788455963135 3.4462106227874756 0 5.344358444213867 3.537231683731079 0
          4.096789836883545 3.4466049671173096 0 2.9978017807006836 3.22624135017395 0
          2.127741813659668 2.942807197570801 0 1.4963823556900024 2.6806750297546387 0
          1.0557743310928345 2.4776554107666016 0 0.7494714260101318 2.3366639614105225 0
          0.5322065353393555 2.2468128204345703 0 0.3725326657295227 2.1919679641723633 0
          0.25176823139190674 2.157620668411255 0 0.15975923836231232 2.134152889251709 0
          0.09020370244979858 2.116887331008911 0 0.03824116289615631 2.103773832321167 0
          0.0011334690498188138 2.0980801582336426 0 -0.018676025792956352 2.099574089050293 0
          -0.027166640385985374 2.1047849655151367 0 -0.032273415476083755 2.112630844116211 0
          -0.03426776081323624 2.121879816055298 0 -0.03318849205970764 2.1316215991973877 0
          -0.029537003487348557 2.141390562057495 0 -0.024022940546274185 2.1510281562805176 0
          -0.017475485801696777 2.1606287956237793 0 -0.010835814289748669 2.170664072036743 0
          -0.0048018707893788815 2.1813621520996094 0 0.0004246779135428369 2.1919445991516113 0
          0.0049634152092039585 2.2008535861968994 0 0.008830367587506771 2.2067036628723145 0
          0.012198188342154026 2.2088279724121094 0 0.01542759034782648 2.207366704940796 0
          0.018810324370861053 2.203047037124634 0 0.022377578541636467 2.1968860626220703 0
          0.02585110068321228 2.189967632293701 0 0.02802862413227558 2.1810803413391113 0
          0.08181269466876984 0.5202041268348694 0 0.08160226047039032 0.5293017625808716 0
          0.08176665008068085 0.5388026237487793 0 0.08130676299333572 0.5482307076454163 0
          0.08022075146436691 0.5574794411659241 0 0.07806944847106934 0.5661418437957764 0
          0.07442280650138855 0.5739169716835022 0 0.06879771500825882 0.5805227756500244 0
          0.06074875220656395 0.5858181715011597 0 0.04883759841322899 0.5910570025444031 0
          0.03327517956495285 0.5953994989395142 0 0.015251501463353634 0.5991447567939758 0
          -0.0071777706034481525 0.6021296381950378 0 -0.03498360887169838 0.6045020818710327 0
          -0.07979591935873032 0.5884222388267517 0 -0.127844899892807 0.5575647950172424 0
          -0.17074111104011536 0.5121074318885803 0 -0.20008574426174164 0.46069037914276123 0
          -0.20668736100196838 0.4099050760269165 0 -0.17649777233600616 0.3613884449005127 0
          -0.11386807262897491 0.3339739441871643 0 -0.020187977701425552 0.35696378350257874 0
          0.05649445205926895 0.5415887832641602 0 0.577839195728302 0.7063812017440796 0
          1.4334897994995117 0.8008346557617188 0 2.613481283187866 0.46659404039382935 0
          2.573544979095459 0.17316417396068573 0 2.387850284576416 -0.06035248935222626 0
          2.1331839561462402 -0.21419626474380493 0 1.817703366279602 -0.279850572347641 0
          1.3643988370895386 -0.20479455590248108 0 0.41857221722602844 0.21442867815494537 0
          -1.6363240480422974 0.9264089465141296 0 -3.54048752784729 1.124053955078125 0
          4.349245548248291 2.5806610584259033 0 5.651793003082275 3.728771448135376 0
          5.396841049194336 4.511590003967285 0 4.619511604309082 4.995409965515137 0
          3.71522855758667 5.2502360343933105 0 2.862678289413452 5.340685844421387 0
          2.141862392425537 5.331578731536865 0 1.5731658935546875 5.280651092529297 0
          1.1416605710983276 5.223620414733887 0 0.8199952244758606 5.176806449890137 0
          0.580946683883667 5.144496917724609 0 0.4026646018028259 5.124580383300781 0
          0.269454687833786 5.112951755523682 0 0.1702822595834732 5.106090545654297 0
          0.09746633470058441 5.1013970375061035 0 0.04601135477423668 5.096365928649902 0
          0.011049136519432068 5.089939594268799 0 -0.014763355255126953 5.087488174438477 0
          -0.03204646706581116 5.090775966644287 0 -0.04029931500554085 5.096220970153809 0
          -0.04207390919327736 5.101521968841553 0 -0.03945925459265709 5.105788707733154 0
          -0.03392760083079338 5.108791351318359 0 -0.026638081297278404 5.110599994659424 0
          -0.01861421950161457 5.111414909362793 0 -0.010607228614389896 5.111310005187988 0
          -0.0030144595075398684 5.110158920288086 0 0.004248368088155985 5.107645511627197 0
          0.011006602086126804 5.103649139404297 0 0.01693021133542061 5.0982794761657715 0
          0.022027531638741493 5.091756343841553 0 0.026466798037290573 5.084427833557129 0
          0.030397577211260796 5.0767364501953125 0 0.033728864043951035 5.0692057609558105 0
          0.03655959665775299 5.062108039855957 0 0.03840089961886406 5.055239677429199 0
          0.058590732514858246 0.5242920517921448 0 0.05875026062130928 0.5368649363517761 0
          0.05913589522242546 0.5492509007453918 0 0.059470757842063904 0.5615099668502808 0
          0.05940677970647812 0.573065996170044 0 0.05904559791088104 0.5835953950881958 0
          0.05798427388072014 0.592562198638916 0 0.055850252509117126 0.5994149446487427 0
          0.05219653993844986 0.6034501791000366 0 0.045529887080192566 0.6043701767921448 0
          0.03463735431432724 0.6021879315376282 0 0.021140579134225845 0.5964059829711914 0
          0.004139137454330921 0.5875244736671448 0 -0.019989056512713432 0.5760073661804199 0
          -0.032735295593738556 0.5428168177604675 0 -0.06338691711425781 0.49747467041015625 0
          -0.08975561708211899 0.4406026601791382 0 -0.11093565821647644 0.37791502475738525 0
          -0.11987631767988205 0.31661462783813477 0 -0.10559438169002533 0.2660823464393616 0
          -0.06982362270355225 0.23426999151706696 0 -0.0194287970662117 0.23253609240055084 0
          0.02781158685684204 0.2523733079433441 0 0.04052581638097763 0.7836809158325195 0
          0.24769459664821625 1.2369848489761353 0 1.7661224603652954 1.5043715238571167 0
          3.033086061477661 1.0726487636566162 0 2.6203083992004395 0.845517098903656 0
          2.191542148590088 0.7714855670928955 0 1.7071675062179565 0.8334843516349792 0
          1.0409482717514038 1.049419641494751 0 -0.041640132665634155 1.3611068725585938 0
          -1.2477456331253052 1.1085162162780762 0 -2.4050521850585938 0.35824498534202576 0
          1.4917913675308228 2.266334295272827 0 3.2752740383148193 3.8525285720825195 0
          3.583378553390503 5.062779903411865 0 3.2988977432250977 5.94419527053833 0
          2.7918059825897217 6.56065559387207 0 2.2418510913848877 6.975276470184326 0
          1.7374457120895386 7.245541572570801 0 1.3133759498596191 7.419322967529297 0
          0.9734264612197876 7.532015323638916 0 0.7083489894866943 7.606943607330322 0
          0.5044442415237427 7.658414840698242 0 0.34954968094825745 7.694273948669434 0
          0.2339969426393509 7.71834659576416 0 0.14877936244010925 7.733107566833496 0
          0.08558441698551178 7.741447448730469 0 0.03910716623067856 7.746458053588867 0
          0.0054241507314145565 7.750615119934082 0 -0.018235258758068085 7.75333833694458 0
          -0.03381441906094551 7.754917144775391 0 -0.0424949936568737 7.756775856018066 0
          -0.045635566115379333 7.759538173675537 0 -0.044518474489450455 7.76329231262207 0
          -0.04030318930745125 7.767914295196533 0 -0.03398440405726433 7.773169994354248 0
          -0.026333576068282127 7.778661727905273 0 -0.018028918653726578 7.783942699432373 0
          -0.009683308191597462 7.788707256317139 0 -0.0018843457801267505 7.793098449707031 0
          0.00526034040376544 7.797217845916748 0 0.011937296949326992 7.800821304321289 0
          0.018061131238937378 7.803728103637695 0 0.023569365963339806 7.805910587310791 0
          0.02845611609518528 7.807441711425781 0 0.03281673043966293 7.808283805847168 0
          0.03653426095843315 7.808523654937744 0 0.039397239685058594 7.8080735206604 0
          0.030650783330202103 0.5279085040092468 0 0.03085947409272194 0.5433645248413086 0
          0.03153902292251587 0.559124231338501 0 0.03224615752696991 0.5747098922729492 0
          0.03296216204762459 0.5901318192481995 0 0.03361085057258606 0.6049691438674927 0
          0.03426732122898102 0.618815541267395 0 0.034786805510520935 0.6310468912124634 0
          0.03504471108317375 0.6408767104148865 0 0.03452621027827263 0.6467268466949463 0
          0.03207354247570038 0.6474732756614685 0 0.0265163853764534 0.6427611708641052 0
          0.018306782469153404 0.6318285465240479 0 0.005446571856737137 0.6137024164199829 0
          -0.01822693832218647 0.6025798320770264 0 -0.003640645882114768 0.5611516833305359 0
          -0.01410731766372919 0.5086983442306519 0 -0.028686707839369774 0.4514436721801758 0
          -0.045391954481601715 0.3991163671016693 0 -0.04524776712059975 0.35624828934669495 0
          -0.03439417853951454 0.3304617404937744 0 -0.015210562385618687 0.3264533579349518 0
          0.007259750738739967 0.340201199054718 0 0.017749283462762833 0.3572332262992859 0
          -0.07254118472337723 0.7289739847183228 0 -0.29147571325302124 1.6487160921096802 0
          2.201716423034668 2.0084898471832275 0 2.2274222373962402 2.2248756885528564 0
          1.6985772848129272 2.5353143215179443 0 1.179961919784546 2.88399600982666 0
          0.6481035947799683 3.1510183811187744 0 0.149942547082901 3.031540632247925 0
          -0.25190940499305725 2.3763844966888428 0 -0.445256769657135 1.0778930187225342 0
          -0.11818964034318924 2.156087636947632 0 0.79586261510849 3.8122634887695312 0
          1.3804326057434082 5.283351898193359 0 1.5294675827026367 6.465000152587891 0
          1.420294165611267 7.381124973297119 0 1.2021621465682983 8.075883865356445 0
          0.9634825587272644 8.593345642089844 0 0.7459570169448853 8.97298812866211 0
          0.5625252723693848 9.248236656188965 0 0.4121395945549011 9.4469575881958 0
          0.2914956212043762 9.590150833129883 0 0.19729028642177582 9.69285774230957 0
          0.1314268857240677 9.762421607971191 0 0.08708865940570831 9.804719924926758 0
          0.051623400300741196 9.82852554321289 0 0.023729607462882996 9.839938163757324 0
          0.002480459865182638 9.843060493469238 0 -0.013060972094535828 9.84076976776123 0
          -0.023823736235499382 9.83526611328125 0 -0.030553702265024185 9.828458786010742 0
          -0.03394223749637604 9.821808815002441 0 -0.03463010862469673 9.816349983215332 0
          -0.03320053592324257 9.812731742858887 0 -0.030161229893565178 9.811280250549316 0
          -0.025934461504220963 9.81208610534668 0 -0.020884985104203224 9.815032958984375 0
          -0.015350517816841602 9.819823265075684 0 -0.009695330634713173 9.826009750366211 0
          -0.004390935879200697 9.83338737487793 0 0.0002725731465034187 9.842073440551758 0
          0.004479111172258854 9.852004051208496 0 0.00839110929518938 9.862966537475586 0
          0.012064035050570965 9.874706268310547 0 0.015526152215898037 9.887014389038086 0
          0.01880207471549511 9.899589538574219 0 0.021871957927942276 9.912002563476562 0
          0 0.5297794938087463 0 0 0.5472891330718994 0
          0 0.5652886033058167 0 0 0.5840626358985901 0
          0 0.6036182641983032 0 0 0.6241554021835327 0
          0 0.6455762982368469 0 0 0.6673094630241394 0
          0 0.6889443397521973 0 0 0.7105004191398621 0
          0 0.7310567498207092 0 0 0.7483649849891663 0
          0 0.7602795958518982 0 0 0.7636524438858032 0
          0 0.7516832947731018 0 0 0.7481599450111389 0
          0 0.7386293411254883 0 0 0.71943199634552 0
          0 0.6892816424369812 0 0 0.6594467759132385 0
          0 0.6373173594474792 0 0 0.6286801099777222 0
          0 0.6358721256256104 0 0 0.6511291265487671 0
          0 0.6061606407165527 0 0 0.2695644199848175 0
          0 1.6276785135269165 0 0 3.0800621509552 0
          0 4.204674243927002 0 0 4.992295742034912 0
          0 5.430678844451904 0 0 5.539170742034912 0
          0 5.380225658416748 0 0 5.092253684997559 0
          0 5.021871566772461 0 0 5.560003757476807 0
          0 6.486884117126465 0 0 7.512338161468506 0
          0 8.464485168457031 0 0 9.270888328552246 0
          0 9.917867660522461 0 0 10.419536590576172 0
          0 10.798727035522461 0 0 11.077595710754395 0
          0 11.275925636291504 0 0 11.411493301391602 0
          0 11.503069877624512 0 0 11.564661979675293 0
          0 11.602787971496582 0 0 11.622305870056152 0
          0 11.627610206604004 0 0 11.622502326965332 0
          0 11.610163688659668 0 0 11.593280792236328 0
          0 11.574076652526855 0 0 11.554346084594727 0
          0 11.535499572753906 0 0 11.518606185913086 0
          0 11.50445556640625 0 0 11.493592262268066 0
          0 11.486340522766113 0 0 11.48277759552002 0
          0 11.48266887664795 0 0 11.485587120056152 0
          0 11.491227149963379 0 0 11.499393463134766 0
          0 11.509927749633789 0 0 11.522690773010254 0
          0 11.53756332397461 0 0 11.554412841796875 0
          <InformationKey name="L2_NORM_RANGE" location="vtkDataArray" length="2">
            <Value index="0">
              0.1502179728
            </Value>
            <Value index="1">
              15.119744301
            </Value>
          </InformationKey>
        </DataArray>
        <DataArray type="Float32" Name="Solids_Velocity_1" NumberOfComponents="3" format="ascii" RangeMin="0" RangeMax="11.736470222473145">
          -0.007525880821049213 0.004942781291902065 0 -0.011546389199793339 0.012556149624288082 0
          -0.021217454224824905 0.02660551480948925 0 -0.039889607578516006 0.05310468748211861 0
          -0.0723562091588974 0.10140134394168854 0 -0.13976123929023743 0.2878144383430481 0
          -0.202535480260849 0.48375511169433594 0 -0.3579089343547821 0.7976537346839905 0
          -0.3740263283252716 1.103930115699768 0 -0.30948635935783386 1.4859572649002075 0
          0.01817961223423481 1.7168376445770264 0 0.16917721927165985 1.8794881105422974 0
          0.2215910702943802 2.020231008529663 0 0.23451414704322815 2.1541152000427246 0
          0.21633781492710114 2.289158582687378 0 0.1645008623600006 2.4295499324798584 0
          0.07473668456077576 2.5660200119018555 0 -0.04655980318784714 2.7060492038726807 0
          -0.2168947160243988 2.7639317512512207 0 -0.2820488512516022 2.9815239906311035 0
          -0.34565746784210205 3.2518532276153564 0 -0.3303789794445038 3.259220838546753 0
          -0.2145477682352066 3.138805866241455 0 -0.05161193013191223 3.0330615043640137 0
          0.15683875977993011 2.943325996398926 0 0.36138907074928284 2.8593251705169678 0
          0.5182228088378906 2.7477495670318604 0 0.6090796589851379 2.57905912399292 0
          0.6355641484260559 2.3437275886535645 0 0.5981502532958984 2.057755470275879 0
          0.5618022680282593 1.7131496667861938 0 0.682292103767395 1.1643967628479004 0
          0.7182332873344421 0.6226328611373901 0 0.5793882012367249 0.09879236668348312 0
          4.949808120727539 0.036012642085552216 0 4.952243804931641 0.03244728595018387 0
          0.04267289489507675 -0.00024234990996774286 0 0 0 0
          0 0 0 0 0 0
          0 0 0 0 0 0
          0 0 0 0 0 0
          0 0 0 0 0 0
          0 0 0 0 0 0
          0 0 0 0 0 0
          0 0 0 0 0 0
          0 0 0 0 0 0
          0 0 0 0 0 0
          0 0 0 0 0 0
          0 0 0 0 0 0
          0 0 0 0 0 0
          0 0 0 0 0 0
          0 0 0 0 0 0
          0 0 0 0 0 0
          0 0 0 0 0 0
          -0.014646370895206928 0.004699114244431257 0 -0.01987859606742859 0.010195543058216572 0
          -0.03107660822570324 0.01670701429247856 0 -0.049459248781204224 0.023091278970241547 0
          -0.08466225117444992 0.022014496847987175 0 -0.11073429137468338 0.011659836396574974 0
          -0.16077372431755066 0.11418015509843826 0 -0.21025390923023224 -0.05195837467908859 0
          -0.20055162906646729 -0.06799133121967316 0 -0.18179544806480408 -0.04855208471417427 0
          -0.1734117865562439 -0.04145761951804161 0 -0.11203379184007645 0.11241261661052704 0
          -0.03668033331632614 0.29939767718315125 0 -0.007858679629862309 0.49770012497901917 0
          -0.01710647903382778 0.7011626362800598 0 -0.06731248646974564 0.8943337202072144 0
          -0.164234921336174 1.0760246515274048 0 -0.26447924971580505 1.1813753843307495 0
          -0.3361823260784149 1.3375414609909058 0 -0.4644310772418976 1.4634919166564941 0
          -0.499439537525177 1.6151008605957031 0 -0.4688817858695984 1.3139058351516724 0
          -0.08817879855632782 1.143239974975586 0 0.30865055322647095 1.1065993309020996 0
          0.5729424953460693 1.1323319673538208 0 0.7411149740219116 1.1507620811462402 0
          0.8422019481658936 1.1547799110412598 0 0.8922807574272156 1.1258519887924194 0
          0.9447765350341797 1.0002509355545044 0 1.0143301486968994 0.700370192527771 0
          1.0372897386550903 0.320660799741745 0 0.9796382188796997 0.029743028804659843 0
          0.8230610489845276 -0.29847025871276855 0 0.7539558410644531 -0.07110357284545898 0
          5.508814334869385 -0.02023846097290516 0 5.508177280426025 -0.023553747683763504 0
          4.67061163078597e-8 -4.140927245543935e-8 0 0 0 0
          0 0 0 0 0 0
          0 0 0 0 0 0
          0 0 0 0 0 0
          0 0 0 0 0 0
          0 0 0 0 0 0
          0 0 0 0 0 0
          0 0 0 0 0 0
          0 0 0 0 0 0
          0 0 0 0 0 0
          0 0 0 0 0 0
          0 0 0 0 0 0
          0 0 0 0 0 0
          0 0 0 0 0 0
          0 0 0 0 0 0
          0 0 0 0 0 0
          0 0 0 0 0 0
          -0.018237615004181862 0.0024008178152143955 0 -0.023343995213508606 0.004712099675089121 0
          -0.03384729474782944 0.006572228390723467 0 -0.050174009054899216 0.007180013228207827 0
          -0.07705318927764893 0.00252656452357769 0 -0.10224749892950058 -0.005335921887308359 0
          -0.1309618502855301 -0.019673814997076988 0 -0.15582063794136047 -0.03649993985891342 0
          -0.16413235664367676 -0.040522683411836624 0 -0.1669391691684723 -0.03666015341877937 0
          -0.1688634306192398 -0.0033435826189816 0 -0.16645918786525726 0.04329511150717735 0
          -0.15272563695907593 0.11440306901931763 0 -0.1605658084154129 0.2122994214296341 0
          -0.20233163237571716 0.3319607973098755 0 -0.2824096083641052 0.4712104797363281 0
          -0.3519760072231293 0.5952252745628357 0 -0.4058276414871216 0.671241283416748 0
          -0.43886232376098633 0.6910487413406372 0 -0.43017667531967163 0.74287348985672 0
          -0.41373980045318604 0.7525346875190735 0 -0.24064043164253235 0.6568008065223694 0
          0.06594514846801758 0.34830862283706665 0 0.5361749529838562 0.27468976378440857 0
          0.7940287590026855 0.28923606872558594 0 0.9618729948997498 0.3178228735923767 0
          1.115412712097168 0.24712376296520233 0 1.2025398015975952 0.05145804211497307 0
          1.2398754358291626 -0.17466722428798676 0 1.2037798166275024 -0.3533783257007599 0
          1.1093517541885376 -0.5552409887313843 0 1.0009902715682983 -0.6527001857757568 0
          0.862011194229126 -0.7534081935882568 0 0.938883900642395 -0.26305124163627625 0
          4.548948764801025 -0.10758840292692184 0 8.003910064697266 -0.000012883432646049187 0
          1.5250757064546108e-14 -7.671783371254724e-18 0 0 0 0
          0 0 0 0 0 0
          0 0 0 0 0 0
          0 0 0 0 0 0
          0 0 0 0 0 0
          0 0 0 0 0 0
          0 0 0 0 0 0
          0 0 0 0 0 0
          0 0 0 0 0 0
          0 0 0 0 0 0
          0 0 0 0 0 0
          0 0 0 0 0 0
          0 0 0 0 0 0
          0 0 0 0 0 0
          0 0 0 0 0 0
          0 0 0 0 0 0
          0 0 0 0 -4.3102441373274546e-39 0
          -0.018382757902145386 0.0001854601432569325 0 -0.02292068488895893 -0.000015676205293857493 0
          -0.032109953463077545 -0.001034444198012352 0 -0.04993194341659546 -0.004879011306911707 0
          -0.06712128967046738 -0.010541989468038082 0 -0.08829265087842941 -0.018407067283988 0
          -0.11128805577754974 -0.02851482667028904 0 -0.13465616106987 -0.03502620756626129 0
          -0.1525818556547165 -0.034142978489398956 0 -0.1624089628458023 -0.031152330338954926 0
          -0.1763634979724884 0.024458102881908417 0 -0.18242469429969788 0.04267305135726929 0
          -0.19398222863674164 0.08880610764026642 0 -0.2229951173067093 0.14956846833229065 0
          -0.27892202138900757 0.21963778138160706 0 -0.3643302023410797 0.2866031229496002 0
          -0.4322182536125183 0.34872978925704956 0 -0.47058069705963135 0.39554062485694885 0
          -0.5050162076950073 0.42749854922294617 0 -0.512923538684845 0.45253658294677734 0
          -0.4831387996673584 0.469421923160553 0 -0.11743701994419098 0.26140838861465454 0
          0.4871886968612671 -0.1256304830312729 0 0.8295304179191589 -0.35838577151298523 0
          1.076723575592041 -0.41670528054237366 0 1.251787781715393 -0.536639928817749 0
          1.347334861755371 -0.673495888710022 0 1.3645339012145996 -0.8252449631690979 0
          1.3279180526733398 -0.9488107562065125 0 1.2392338514328003 -1.0480471849441528 0
          1.1291711330413818 -1.1396127939224243 0 1.0158898830413818 -1.1169553995132446 0
          0.8603352308273315 -0.9693743586540222 0 0.3583253026008606 -0.03579212352633476 0
          3.5968918800354004 -0.03544917330145836 0 3.3555855751037598 -0.03559812158346176 0
          2.7226500165511425e-8 3.614186883189245e-16 0 1.8517440968492245e-18 0 0
          4.405235357627105e-39 0 0 0 0 0
          0 0 0 0 0 0
          0 0 0 0 0 0
          0 0 0 0 0 0
          0 0 0 0 0 0
          0 0 0 0 0 0
          1.0816568064994677e-23 0 0 1.085200606343992e-22 0 0
          1.3129959603125938e-26 0 0 1.6072893385805652e-42 0 0
          4.203895392974451e-45 0 0 0 0 0
          3.2229864679470793e-44 0 0 5.605193857299268e-45 0 0
          0 0 0 0 0 0
          0 0 0 0 0 0
          0 0 0 0 0 0
          0 0 0 0 0 0
          0 0 0 0 0 0
          0 0 0 0 -2.4501703511835194e-17 0
          -0.015638839453458786 -0.001655960688367486 0 -0.019373496994376183 -0.0037970207631587982 0
          -0.02691677026450634 -0.006965297739952803 0 -0.04119415953755379 -0.012986031360924244 0
          -0.05526512488722801 -0.018938856199383736 0 -0.07221946865320206 -0.025640819221735 0
          -0.0917891412973404 -0.032379064708948135 0 -0.11378081887960434 -0.03627625107765198 0
          -0.1357133537530899 -0.034507546573877335 0 -0.15437208116054535 -0.025888973847031593 0
          -0.16924583911895752 -0.00993476714938879 0 -0.18131162226200104 0.005002229008823633 0
          -0.19863785803318024 0.023897508159279823 0 -0.2296091765165329 0.04604997858405113 0
          -0.29588115215301514 0.07058742642402649 0 -0.37032824754714966 0.08743660897016525 0
          -0.428983598947525 0.09588301926851273 0 -0.4538416266441345 0.09383931756019592 0
          -0.45674166083335876 0.07143955677747726 0 -0.42038220167160034 0.01707553304731846 0
          -0.2958272099494934 -0.12209903448820114 0 -0.0865638479590416 -0.1563330888748169 0
          0.5722528100013733 -0.6498388051986694 0 1.0893852710723877 -0.9477735161781311 0
          1.3610647916793823 -1.0897037982940674 0 1.462506651878357 -1.2099744081497192 0
          1.4786524772644043 -1.317800760269165 0 1.4378035068511963 -1.4135667085647583 0
          1.3615665435791016 -1.477407455444336 0 1.26156747341156 -1.5119130611419678 0
          1.1577132940292358 -1.494974136352539 0 1.0377007722854614 -1.3405797481536865 0
          0.7862213850021362 -1.0011529922485352 0 0.5714817047119141 -0.5179205536842346 0
          3.359829902648926 -0.034547097980976105 0 7.889549255371094 0.017132891342043877 0
          0.00024028850020840764 7.390651646232982e-9 0 3.5363177630642895e-7 5.9942532307813645e-19 0
          7.604939733134926e-16 1.699903956684721e-39 0 2.118587774686247e-33 0 0
          0 0 0 0 0 0
          0 0 0 0 0 0
          0 0 0 0 0 0
          0 0 0 0 0 0
          0 0 0 0 -7.82695105276932e-23 0
          -1.4576275950139994e-11 -1.054438590380777e-21 0 -8.081552788086199e-11 -8.850365043790526e-22 0
          -1.1295797196914092e-12 -1.3110874407749038e-25 0 -2.0941746108289207e-20 -1.8764787735773625e-41 0
          -1.2619164300572994e-21 -6.165713243029195e-44 0 -8.595421481312179e-23 -4.119817485114962e-43 0
          -2.9861638146335194e-21 -4.3860641933366774e-43 0 -1.0076372525442165e-21 -6.025583396596713e-44 0
          -1.1663639805272852e-23 0 0 3.7165878351272546e-23 0 0
          1.453453498675644e-22 0 0 4.0637655465419695e-44 0 0
          0 0 0 0 0 0
          0 0 0 0 0 0
          0 0 0 0 0 0
          0 0 0 0 -7.51615037877716e-27 0
          -0.010992062278091908 -0.0028021405450999737 0 -0.01382352039217949 -0.00620629359036684 0
          -0.019451871514320374 -0.01070557814091444 0 -0.030211076140403748 -0.017464134842157364 0
          -0.04146247357130051 -0.023930586874485016 0 -0.05462014675140381 -0.03108709305524826 0
          -0.07028636336326599 -0.038693495094776154 0 -0.08920184522867203 -0.04524441063404083 0
          -0.11157352477312088 -0.04804748669266701 0 -0.13563430309295654 -0.04470624774694443 0
          -0.15276172757148743 -0.04248224198818207 0 -0.16357964277267456 -0.042677152901887894 0
          -0.17872436344623566 -0.04738587886095047 0 -0.2041381448507309 -0.05798812583088875 0
          -0.2582765519618988 -0.07940723747015 0 -0.31499144434928894 -0.11247092485427856 0
          -0.3590378761291504 -0.15515370666980743 0 -0.3728259801864624 -0.20468907058238983 0
          -0.34824198484420776 -0.27160388231277466 0 -0.2772570550441742 -0.36239269375801086 0
          -0.15384341776371002 -0.4529136121273041 0 0.01054214034229517 -0.5199646353721619 0
          0.35259774327278137 -0.7962008118629456 0 1.1702942848205566 -1.3703176975250244 0
          1.5408551692962646 -1.5110315084457397 0 1.598970890045166 -1.622221827507019 0
          1.5678070783615112 -1.7041094303131104 0 1.4948276281356812 -1.7576043605804443 0
          1.4070550203323364 -1.7642589807510376 0 1.3121907711029053 -1.7111892700195312 0
          1.198493242263794 -1.5578045845031738 0 0.9772531390190125 -1.2131667137145996 0
          0.8811514973640442 -1.1067695617675781 0 0.8796362280845642 -1.1059486865997314 0
          7.2131123542785645 0.6400941610336304 0 7.74632453918457 0.14084191620349884 0
          0.8900088667869568 0.13661442697048187 0 0.0010928678093478084 2.299036481190342e-7 0
          0.0005713374121114612 6.6246568565745e-16 0 0.0003408762568142265 2.5631757175435676e-33 0
          0.00024072223459370434 0 0 0.00017782810027711093 0 0
          0.00012795970542356372 0 0 0.00008283490751637146 0 0
          0.00005032629269408062 0 0 0.000029186365281930193 0 0
          0.00001666426396695897 0 0 0.000009437038897885941 0 0
          0.0000056908465921878815 0 0 0.000005516381861525588 3.505116863422586e-9 0
          -0.000333871430484578 1.3106235208226735e-8 0 -0.0007275434909388423 9.73225322553617e-9 0
          -0.00006864810711704195 1.1642146968693368e-10 0 -2.205583271575051e-9 2.2760292280605896e-18 0
          -5.591684892891635e-10 1.4048145344777023e-19 0 -1.503925872725631e-10 4.3588075583328655e-19 0
          -9.336639239521105e-10 6.525815519032308e-19 0 -6.09660322226091e-10 2.33673379016796e-19 0
          -9.842474751886598e-11 2.7243006066326435e-20 0 -1.1900820606758344e-10 4.728523687931684e-20 0
          -9.610222340139529e-11 2.8211860745824775e-20 0 3.1737167147799505e-12 5.424426355401367e-42 0
          1.1198091065534044e-11 0 0 8.501926246351488e-11 0 0
          1.9912667348354063e-10 0 0 1.839196711594937e-10 0 0
          7.981194177775208e-11 0 0 1.4161896655373596e-10 0 0
          2.441966073796209e-10 0 0 2.333022386391548e-10 0 0
          -0.00596390338614583 -0.003007717663422227 0 -0.007750759366899729 -0.006558302324265242 0
          -0.01145972404628992 -0.011387028731405735 0 -0.01859508641064167 -0.018181439489126205 0
          -0.02699976973235607 -0.024963635951280594 0 -0.03663622960448265 -0.032691486179828644 0
          -0.048219747841358185 -0.041717592626810074 0 -0.06268879771232605 -0.051550716161727905 0
          -0.08168214559555054 -0.060558050870895386 0 -0.10715692490339279 -0.06565748155117035 0
          -0.1284511238336563 -0.06928727775812149 0 -0.1368314027786255 -0.07802373915910721 0
          -0.1462148278951645 -0.09511461108922958 0 -0.16145266592502594 -0.12289558351039886 0
          -0.19129782915115356 -0.17367210984230042 0 -0.22516366839408875 -0.23836107552051544 0
          -0.25153788924217224 -0.3140437602996826 0 -0.25886964797973633 -0.39307206869125366 0
          -0.237116277217865 -0.4691351056098938 0 -0.17916999757289886 -0.5366600751876831 0
          -0.09166949987411499 -0.5780753493309021 0 0.02354286052286625 -0.5933328866958618 0
          0.16961103677749634 -0.625899076461792 0 0.7653010487556458 -1.5566726922988892 0
          1.469085693359375 -1.640570044517517 0 1.7152094841003418 -1.7842280864715576 0
          1.6632641553878784 -1.836856484413147 0 1.5874645709991455 -1.8316923379898071 0
          1.5012131929397583 -1.7431176900863647 0 1.3939813375473022 -1.5463988780975342 0
          1.1867941617965698 -1.1797304153442383 0 0.5576112866401672 -0.4866373538970947 0
          0.7188096046447754 -0.7964534163475037 0 -2.8936359882354736 1.0917779207229614 0
          4.284611701965332 1.596147060394287 0 3.9632816314697266 2.7179858684539795 0
          3.134096145629883 2.8363938331604004 0 2.1733572483062744 2.693148374557495 0
          1.4424198865890503 2.476771831512451 0 0.9391512870788574 2.2847044467926025 0
          0.6246263980865479 2.117034912109375 0 0.3998449146747589 1.9806779623031616 0
          0.2743646800518036 1.9054313898086548 0 0.1925506740808487 1.8307924270629883 0
          0.12453588843345642 1.7649950981140137 0 0.08017352968454361 1.7180001735687256 0
          0.06050964072346687 1.677093267440796 0 0.04395816847681999 1.653281331062317 0
          0.033106498420238495 1.6185388565063477 0 0.024473894387483597 1.4588209390640259 0
          0.010015714913606644 0.950989305973053 0 0.000669579254463315 0.2904422879219055 0
          -0.015836339443922043 0.01358183566480875 0 -0.02312818542122841 4.0677198853700247e-7 0
          -0.009527343325316906 1.0119263293972836e-7 0 -0.002892951248213649 1.7681961139714986e-7 0
          -0.02189229428768158 2.7920913225898403e-7 0 -0.020800402387976646 1.5204912529043213e-7 0
          -0.005316311027854681 8.121546102302091e-8 0 -0.01137126237154007 1.501550883631353e-7 0
          -0.0218416266143322 1.4564342620815296e-7 0 -0.01305354479700327 6.045300438017875e-8 0
          -0.0032724463380873203 5.933436142413484e-8 0 -0.015023656189441681 1.2911371527479787e-7 0
          -0.02637236751616001 1.4036373841008754e-7 0 -0.019603373482823372 8.036031573510627e-8 0
          -0.009954060427844524 5.278193881963489e-8 0 -0.010966545902192593 7.906833587867368e-8 0
          -0.016371650621294975 8.940482132402394e-8 0 -0.0216097179800272 8.391756267656092e-8 0
          -0.002083023777231574 -0.002083897590637207 0 -0.0030091821681708097 -0.004834875464439392 0
          -0.00477720657363534 -0.008582212962210178 0 -0.00874896440654993 -0.015187649056315422 0
          -0.014913953840732574 -0.020753780379891396 0 -0.02050190046429634 -0.02792891301214695 0
          -0.02749837562441826 -0.03709594905376434 0 -0.03661010414361954 -0.04818220064043999 0
          -0.04938530921936035 -0.06084343418478966 0 -0.06854522228240967 -0.07492922246456146 0
          -0.09911961853504181 -0.08332235366106033 0 -0.11133485287427902 -0.09322112798690796 0
          -0.11561441421508789 -0.11120476573705673 0 -0.12045706808567047 -0.13989993929862976 0
          -0.12241572141647339 -0.1961701661348343 0 -0.13334667682647705 -0.2670454680919647 0
          -0.1440299153327942 -0.3478609621524811 0 -0.14769579470157623 -0.4295840561389923 0
          -0.13597901165485382 -0.5025296211242676 0 -0.10032855719327927 -0.5586178302764893 0
          -0.04059256985783577 -0.5915912985801697 0 0.03680723160505295 -0.5938582420349121 0
          0.11803356558084488 -0.5468869805335999 0 0.18016275763511658 -0.8700798153877258 0
          0.732203483581543 -1.717968225479126 0 1.5737920999526978 -1.6290245056152344 0
          1.8540114164352417 -1.6785119771957397 0 1.7378703355789185 -1.5447640419006348 0
          1.6132056713104248 -1.2661404609680176 0 1.4304726123809814 -0.7973416447639465 0
          1.038315773010254 -0.06385118514299393 0 0.7976231575012207 -0.27475598454475403 0
          0.7643137574195862 0.011107511818408966 0 -0.8125429749488831 1.0833748579025269 0
          1.2056328058242798 2.303112030029297 0 2.4285717010498047 3.1529383659362793 0
          3.1531593799591064 4.261399269104004 0 2.899068593978882 4.729201316833496 0
          2.4472131729125977 5.003791332244873 0 1.9672331809997559 5.276729106903076 0
          1.5296622514724731 5.372413635253906 0 1.1521698236465454 5.507030010223389 0
          0.852484941482544 5.578987121582031 0 0.6267462968826294 5.658958911895752 0
          0.4587346017360687 5.665349960327148 0 0.33532044291496277 5.678311347961426 0
          0.2451910376548767 5.777470111846924 0 0.17943932116031647 5.7986741065979 0
          0.13116443157196045 5.708761692047119 0 0.09599797427654266 6.401860237121582 0
          0.07035909593105316 6.596390724182129 0 0.05176873877644539 5.828028202056885 0
          0.03840978443622589 5.763930320739746 0 0.02850668504834175 5.791277885437012 0
          0.02152089588344097 5.938990592956543 0 0.01686900295317173 5.851747512817383 0
          0.01350213773548603 5.6396965980529785 0 0.010612180456519127 5.924677848815918 0
          0.008835413493216038 6.080832004547119 0 0.007824522443115711 5.962870121002197 0
          0.0071161421947181225 5.680344104766846 0 0.006298747379332781 6.07684326171875 0
          0.005481265019625425 6.105119228363037 0 0.005181808955967426 6.233291149139404 0
          0.004940817132592201 6.164633750915527 0 0.004756137263029814 6.0587382316589355 0
          0.004746758379042149 8.463461875915527 0 0.004596997983753681 6.1167311668396 0
          0.004689838271588087 6.030857086181641 0 0.005026598460972309 8.925432205200195 0
          -0.0003777373058255762 -0.0006536225555464625 0 -0.0005763740045949817 -0.001616366789676249 0
          -0.0010680959094315767 -0.0035134186036884785 0 -0.0017591500654816628 -0.006555094383656979 0
          -0.00519671943038702 -0.013839136809110641 0 -0.007497553247958422 -0.01903643272817135 0
          -0.010550074279308319 -0.026780541986227036 0 -0.01826765388250351 -0.03466292843222618 0
          -0.02344757318496704 -0.04500744491815567 0 -0.030506310984492302 -0.058604028075933456 0
          -0.04341531917452812 -0.08111841231584549 0 -0.0793372318148613 -0.09143266081809998 0
          -0.08942896872758865 -0.1042412593960762 0 -0.08666923642158508 -0.12464545667171478 0
          -0.08042848110198975 -0.148625910282135 0 -0.05967002734541893 -0.19661541283130646 0
          -0.05355596914887428 -0.26059970259666443 0 -0.0529087595641613 -0.32921767234802246 0
          -0.052673567086458206 -0.3890697956085205 0 -0.039043962955474854 -0.43182429671287537 0
          -0.012890763580799103 -0.4480307996273041 0 0.022025782614946365 -0.42831408977508545 0
          0.056605175137519836 -0.37377578020095825 0 0.07254540920257568 -0.27887850999832153 0
          -0.0012422726722434163 -0.9359399080276489 0 0.4284542500972748 -1.6543344259262085 0
          1.7126407623291016 -1.1411677598953247 0 1.700094223022461 -0.7409387230873108 0
          1.4738295078277588 -0.0473950132727623 0 1.1914812326431274 0.9276402592658997 0
          0.8136505484580994 1.8776845932006836 0 0.4046511948108673 3.327164888381958 0
          -0.00015961099416017532 5.020576477050781 0 -0.00029318363522179425 4.971928119659424 0
          -0.04199047014117241 4.924973011016846 0 0.0005512028583325446 5.211009502410889 0
          0.0008919766405597329 5.839234828948975 0 0.0008899602107703686 6.659981727600098 0
          0.000787696277257055 7.295574188232422 0 0.031229127198457718 7.375180244445801 0
          0.14675311744213104 7.756879806518555 0 0.16337743401527405 8.640995025634766 0
          0.12073405086994171 8.950075149536133 0 0.09369581937789917 9.531577110290527 0
          0.07027134299278259 9.58091926574707 0 0.04182474687695503 9.6310396194458 0
          0.12806248664855957 9.609212875366211 0 0.09452303498983383 9.6550874710083 0
          0.06953597068786621 9.689516067504883 0 0.049910079687833786 9.71358585357666 0
          0.03607623651623726 9.732743263244629 0 0.026310428977012634 9.747254371643066 0
          0.019599905237555504 9.758641242980957 0 0.015075885690748692 9.767799377441406 0
          0.012079710140824318 9.77538013458252 0 0.01013351883739233 9.781795501708984 0
          0.008899851702153683 9.787321090698242 0 0.008128246292471886 9.792106628417969 0
          0.007644809782505035 9.796243667602539 0 0.007326411549001932 9.799793243408203 0
          0.007089538965374231 9.802799224853516 0 0.006885839626193047 9.805298805236816 0
          0.0066993399523198605 9.807353019714355 0 0.006527717690914869 9.808995246887207 0
          0.006369893439114094 9.81025218963623 0 0.006228276062756777 9.811134338378906 0
          0.006122114602476358 9.811668395996094 0 0.006105676293373108 9.811895370483398 0
          0.006251638289541006 9.812039375305176 0 0.00656144367530942 9.803979873657227 0
          0 0.0003239933867007494 0 0 0.0005156332044862211 0
          0 0.0005194091354496777 0 0 0.00009564534411765635 0
          0 -0.0008690501563251019 0 0 -0.00561318825930357 0
          0 -0.00936649926006794 0 0 -0.014082292094826698 0
          0 -0.02042497880756855 0 0 -0.018623927608132362 0
          0 -0.022288070991635323 0 0 -0.03281547874212265 0
          0 -0.04120364040136337 0 0 -0.042128369212150574 0
          0 -0.04635462164878845 0 0 -0.053228747099637985 0
          0 -0.06765338778495789 0 0 -0.08944511413574219 0
          0 -0.11647467315196991 0 0 -0.13741764426231384 0
          0 -0.1423843801021576 0 0 -0.12372352927923203 0
          0 -0.07833860069513321 0 0 -0.050275545567274094 0
          0 -0.05265813693404198 0 0 -1.5357143878936768 0
          0 -1.0979363918304443 0 0 0.05945810675621033 0
          0 1.47442626953125 0 0 2.926924228668213 0
          0 4.092918395996094 0 0 4.776803970336914 0
          0 5.021744251251221 0 0 4.973825454711914 0
          0 4.926398277282715 0 0 5.211615562438965 0
          0 5.839396953582764 0 0 6.659986972808838 0
          0 7.295501708984375 0 0 7.297226905822754 0
          0 7.461630821228027 0 0 8.240031242370605 0
          0 9.250604629516602 0 0 9.569271087646484 0
          0 10.101831436157227 0 0 10.248963356018066 0
          0 10.242568016052246 0 0 11.368175506591797 0
          0 11.422063827514648 0 0 11.462883949279785 0
          0 11.493942260742188 0 0 11.518662452697754 0
          0 11.538904190063477 0 0 11.556178092956543 0
          0 11.571500778198242 0 0 11.585555076599121 0
          0 11.598828315734863 0 0 11.611629486083984 0
          0 11.624139785766602 0 0 11.636441230773926 0
          0 11.64854907989502 0 0 11.660439491271973 0
          0 11.672079086303711 0 0 11.683432579040527 0
          0 11.694470405578613 0 0 11.70517635345459 0
          0 11.715551376342773 0 0 11.725632667541504 0
          0 11.735770225524902 0 0 11.736470222473145 0
          <InformationKey name="L2_NORM_RANGE" location="vtkDataArray" length="2">
            <Value index="0">
              0
            </Value>
            <Value index="1">
              11.736470222
            </Value>
          </InformationKey>
        </DataArray>
        <DataArray type="Float32" Name="Solids_Velocity_2" NumberOfComponents="3" format="ascii" RangeMin="0" RangeMax="3.078398289875487">
          -0.00752784451469779 0.004944213666021824 0 -0.01155005767941475 0.012560793198645115 0
          -0.021226245909929276 0.026619255542755127 0 -0.039893992245197296 0.05313081294298172 0
          -0.07241492718458176 0.10139300674200058 0 -0.12225281447172165 0.18314914405345917 0
          -0.19617600739002228 0.321659654378891 0 -0.3404925465583801 0.5122894644737244 0
          -0.32993435859680176 0.6920376420021057 0 -0.22801309823989868 0.9495239853858948 0
          0.0641307383775711 1.1699250936508179 0 0.1665039360523224 1.362122654914856 0
          0.19455455243587494 1.5573821067810059 0 0.19149218499660492 1.7563412189483643 0
          0.16132844984531403 1.9612616300582886 0 0.09970380365848541 2.166748285293579 0
          0.0013795065460726619 2.3558077812194824 0 -0.11277532577514648 2.510619878768921 0
          -0.2323969006538391 2.588015556335449 0 -0.3103798031806946 2.790688991546631 0
          -0.36143791675567627 3.0571062564849854 0 -0.3610726296901703 3.0209097862243652 0
          -0.2558665871620178 2.8602983951568604 0 -0.06722363829612732 2.70474910736084 0
          0.16228581964969635 2.5731468200683594 0 0.3549468517303467 2.4851019382476807 0
          0.477969765663147 2.4203274250030518 0 0.5404916405677795 2.331714391708374 0
          0.5584395527839661 2.1799123287200928 0 0.5384563207626343 1.9517768621444702 0
          0.5138347148895264 1.6359176635742188 0 0.5875816345214844 1.111132025718689 0
          0.6527113914489746 0.49426817893981934 0 0.4963339865207672 -0.004155082628130913 0
          0.4963339865207672 -0.004155082628130913 0 0 0 0
          0 0 0 0 0 0
          0 0 0 0 0 0
          0 0 0 0 0 0
          0 0 0 0 0 0
          0 0 0 0 0 0
          0 0 0 0 0 0
          0 0 0 0 0 0
          0 0 0 0 0 0
          0 0 0 0 0 0
          0 0 0 0 0 0
          0 0 0 0 0 0
          0 0 0 0 0 0
          0 0 0 0 0 0
          0 0 0 0 0 0
          0 0 0 0 0 0
          0 0 0 0 0 0
          0 0 0 0 0 0
          -0.01465001329779625 0.004700442776083946 0 -0.019884604960680008 0.01019909605383873 0
          -0.031088415533304214 0.016702573746442795 0 -0.04947768151760101 0.023011233657598495 0
          -0.0765443742275238 0.0257013700902462 0 -0.11426065117120743 0.02037561498582363 0
          -0.16833773255348206 0.0021568576339632273 0 -0.23209980130195618 -0.06975866854190826 0
          -0.23186558485031128 -0.13434910774230957 0 -0.1968248039484024 -0.15501272678375244 0
          -0.16455839574337006 -0.1625138521194458 0 -0.09009331464767456 -0.002180662704631686 0
          -0.039688028395175934 0.18752150237560272 0 -0.04058489203453064 0.3840412199497223 0
          -0.07164014130830765 0.5802366137504578 0 -0.13409630954265594 0.7577279806137085 0
          -0.22742529213428497 0.9252948760986328 0 -0.3266967236995697 1.0529628992080688 0
          -0.4010847806930542 1.1637426614761353 0 -0.46786293387413025 1.2866086959838867 0
          -0.5014578104019165 1.3949944972991943 0 -0.4554486870765686 1.0256316661834717 0
          -0.06325182318687439 0.7879019379615784 0 0.3006831407546997 0.7703553438186646 0
          0.5353490114212036 0.8562191724777222 0 0.6806579828262329 0.9419683814048767 0
          0.765332043170929 1.006837010383606 0 0.8082236051559448 1.0276340246200562 0
          0.8425648212432861 0.944802463054657 0 0.8974161148071289 0.6545199155807495 0
          0.9193286299705505 0.23941443860530853 0 0.8534233570098877 -0.07705433666706085 0
          0.7431427240371704 -0.43216487765312195 0 0.5157249569892883 -0.011801229789853096 0
          0.5157249569892883 -0.011801229789853096 0 0 0 0
          0 0 0 0 0 0
          0 0 0 0 0 0
          0 0 0 0 0 0
          0 0 0 0 0 0
          0 0 0 0 0 0
          0 0 0 0 0 0
          0 0 0 0 0 0
          0 0 0 0 0 0
          0 0 0 0 0 0
          0 0 0 0 0 0
          0 0 0 0 0 0
          0 0 0 0 0 0
          0 0 0 0 0 0
          0 0 0 0 0 0
          0 0 0 0 0 0
          0 0 0 0 0 0
          0 0 0 0 0 0
          -0.01824195869266987 0.00240139476954937 0 -0.02335040085017681 0.0047136638313531876 0
          -0.033858977258205414 0.00654506916180253 0 -0.050211746245622635 0.007003950420767069 0
          -0.0729290321469307 0.004559304565191269 0 -0.10241822898387909 -0.003335393499583006 0
          -0.13790974020957947 -0.023526368662714958 0 -0.16950508952140808 -0.06504788994789124 0
          -0.18174436688423157 -0.0980653241276741 0 -0.1797730177640915 -0.10886739939451218 0
          -0.16904184222221375 -0.10584857314825058 0 -0.14919385313987732 -0.06646527349948883 0
          -0.1469501256942749 0.006105413194745779 0 -0.17417913675308228 0.0973324403166771 0
          -0.23126716911792755 0.20851126313209534 0 -0.3224923610687256 0.33970439434051514 0
          -0.3918610215187073 0.4519599974155426 0 -0.44405972957611084 0.5295830965042114 0
          -0.48895907402038574 0.563560962677002 0 -0.4981919825077057 0.5783267617225647 0
          -0.45378029346466064 0.5664295554161072 0 -0.24607440829277039 0.4519484043121338 0
          0.07003732770681381 0.1444525420665741 0 0.5277957320213318 0.06844455748796463 0
          0.7655874490737915 0.10686100274324417 0 0.9106754064559937 0.17267917096614838 0
          1.0217254161834717 0.1483405977487564 0 1.0816234350204468 -0.03294351324439049 0
          1.1006629467010498 -0.26077625155448914 0 1.0739402770996094 -0.45401015877723694 0
          0.9957573413848877 -0.6830706000328064 0 0.8734880089759827 -0.8138617873191833 0
          0.7466474175453186 -0.9516676664352417 0 0.5478756427764893 -0.012137855403125286 0
          0.5478756427764893 -0.012137855403125286 0 0 0 0
          0 0 0 0 0 0
          0 0 0 0 0 0
          0 0 0 0 0 0
          0 0 0 0 0 0
          0 0 0 0 0 0
          0 0 0 0 0 0
          0 0 0 0 0 0
          0 0 0 0 0 0
          0 0 0 0 0 0
          0 0 0 0 0 0
          0 0 0 0 0 0
          0 0 0 0 0 0
          0 0 0 0 0 0
          0 0 0 0 0 0
          0 0 0 0 0 0
          0 0 0 0 0 0
          0 0 0 0 0 0
          -0.01838664896786213 0.00018568600353319198 0 -0.02292693220078945 -0.000015925879779388197 0
          -0.03211723640561104 -0.0010966501431539655 0 -0.046127572655677795 -0.0037568253464996815 0
          -0.06468252092599869 -0.009196018800139427 0 -0.08743349462747574 -0.01911543495953083 0
          -0.11273017525672913 -0.03578455001115799 0 -0.1363482028245926 -0.05769337713718414 0
          -0.1545376479625702 -0.07553144544363022 0 -0.16807015240192413 -0.08295465260744095 0
          -0.17935864627361298 -0.0763736143708229 0 -0.19157877564430237 -0.048093702644109726 0
          -0.21341218054294586 -0.0032131711486727 0 -0.25164559483528137 0.04946993663907051 0
          -0.3139730989933014 0.10649034380912781 0 -0.40254777669906616 0.162864089012146 0
          -0.46880486607551575 0.2157650589942932 0 -0.4955434501171112 0.2520030736923218 0
          -0.528259813785553 0.2777547836303711 0 -0.5336641073226929 0.2906559407711029 0
          -0.4886975586414337 0.29572436213493347 0 -0.10452049225568771 0.07044439017772675 0
          0.493920236825943 -0.32939407229423523 0 0.8222335577011108 -0.5788285136222839 0
          1.036729335784912 -0.6222414374351501 0 1.1656599044799805 -0.7021968364715576 0
          1.2271496057510376 -0.8140385746955872 0 1.228817343711853 -0.9609822630882263 0
          1.1858493089675903 -1.0952866077423096 0 1.1049538850784302 -1.2106353044509888 0
          0.9960532784461975 -1.3325790166854858 0 0.8658211827278137 -1.3638960123062134 0
          0.7366794347763062 -1.3077059984207153 0 0.5390517115592957 -0.011629948392510414 0
          0.5390517115592957 -0.011629948392510414 0 0 0 0
          0 0 0 0 0 0
          0 0 0 0 0 0
          0 0 0 0 0 0
          0 0 0 0 0 0
          0 0 0 0 0 0
          0 0 0 0 0 0
          0 0 0 0 0 0
          0 0 0 0 0 0
          0 0 0 0 0 0
          0 0 0 0 0 0
          0 0 0 0 0 0
          0 0 0 0 0 0
          0 0 0 0 0 0
          0 0 0 0 0 0
          0 0 0 0 0 0
          0 0 0 0 0 0
          0 0 0 0 0 0
          -0.01564251258969307 -0.0016569106373935938 0 -0.01937725953757763 -0.003819630015641451 0
          -0.026933783665299416 -0.00709817698225379 0 -0.0382976159453392 -0.012120659463107586 0
          -0.05310862138867378 -0.01964692957699299 0 -0.07099820673465729 -0.03039729967713356 0
          -0.09111061692237854 -0.04457378014922142 0 -0.11205141991376877 -0.060488197952508926 0
          -0.13288189470767975 -0.07459459453821182 0 -0.15394119918346405 -0.08380218595266342 0
          -0.17657700181007385 -0.08621662855148315 0 -0.20209595561027527 -0.07909274846315384 0
          -0.2321820706129074 -0.06609059125185013 0 -0.26235541701316833 -0.05804336071014404 0
          -0.33941397070884705 -0.03975876048207283 0 -0.41352689266204834 -0.03083672933280468 0
          -0.47000232338905334 -0.028868572786450386 0 -0.48092636466026306 -0.037481531500816345 0
          -0.4779216945171356 -0.06995406001806259 0 -0.43419185280799866 -0.13506899774074554 0
          -0.29322314262390137 -0.2642766237258911 0 -0.02920454926788807 -0.34088507294654846 0
          0.6136314272880554 -0.8533472418785095 0 1.0911188125610352 -1.2328468561172485 0
          1.2825579643249512 -1.3529244661331177 0 1.3408974409103394 -1.4421714544296265 0
          1.3354213237762451 -1.535735845565796 0 1.2848504781723022 -1.6316262483596802 0
          1.2040326595306396 -1.7094738483428955 0 1.1027274131774902 -1.771714210510254 0
          0.9867060780525208 -1.8185020685195923 0 0.8560009598731995 -1.7745527029037476 0
          0.7137114405632019 -1.5592639446258545 0 0.42819151282310486 -0.010846150107681751 0
          0.42819151282310486 -0.010846150107681751 0 0 0 0
          0 0 0 0 0 0
          0 0 0 0 0 0
          0 0 0 0 0 0
          0 0 0 0 0 0
          0 0 0 0 0 0
          0 0 0 0 0 0
          0 0 0 0 0 0
          0 0 0 0 0 0
          0 0 0 0 0 0
          0 0 0 0 0 0
          0 0 0 0 0 0
          0 0 0 0 0 0
          0 0 0 0 0 0
          0 0 0 0 0 0
          0 0 0 0 0 0
          0 0 0 0 0 0
          0 0 0 0 0 0
          -0.010993384756147861 -0.0028013756964355707 0 -0.0138284582644701 -0.006242163013666868 0
          -0.01946539245545864 -0.010873273015022278 0 -0.028017792850732803 -0.01741504855453968 0
          -0.039132241159677505 -0.02637411653995514 0 -0.05269279703497887 -0.038204412907361984 0
          -0.06845735758543015 -0.052896734327077866 0 -0.08615342527627945 -0.06971955299377441 0
          -0.10567215830087662 -0.08740159124135971 0 -0.12716752290725708 -0.10523037612438202 0
          -0.15089166164398193 -0.12262051552534103 0 -0.17684407532215118 -0.13934127986431122 0
          -0.20497901737689972 -0.15713022649288177 0 -0.23295864462852478 -0.1760641187429428 0
          -0.29871365427970886 -0.20222565531730652 0 -0.3545680344104767 -0.24047742784023285 0
          -0.3973931074142456 -0.2880583703517914 0 -0.40556782484054565 -0.33777809143066406 0
          -0.3729166090488434 -0.40747806429862976 0 -0.2935590147972107 -0.5008567571640015 0
          -0.1488756239414215 -0.5968244075775146 0 0.07043302804231644 -0.6636858582496643 0
          0.4263909161090851 -1.0253373384475708 0 1.2037856578826904 -1.7079308032989502 0
          1.439237117767334 -1.8737517595291138 0 1.4425103664398193 -1.962745189666748 0
          1.3885995149612427 -2.041677236557007 0 1.3053646087646484 -2.1082491874694824 0
          1.2062245607376099 -2.1531200408935547 0 1.0971238613128662 -2.1779792308807373 0
          0.976973831653595 -2.1724114418029785 0 0.8368150591850281 -2.0695621967315674 0
          0.647144615650177 -1.7272891998291016 0 0.2501424551010132 -0.010300534777343273 0
          0.2501424551010132 -0.010300534777343273 0 0 0 0
          0 0 0 0 0 0
          0 0 0 0 0 0
          0 0 0 0 0 0
          0 0 0 0 0 0
          0 0 0 0 0 0
          0 0 0 0 0 0
          0 0 0 0 0 0
          0 0 0 0 0 0
          0 0 0 0 0 0
          0 0 0 0 0 0
          0 0 0 0 0 0
          0 0 0 0 0 0
          0 0 0 0 0 0
          0 0 0 0 0 0
          0 0 0 0 0 0
          0 0 0 0 0 0
          0 0 0 0 0 0
          -0.005966356489807367 -0.003010936314240098 0 -0.007749594748020172 -0.006585239432752132 0
          -0.011468295939266682 -0.011545694433152676 0 -0.01701129786670208 -0.0183694027364254 0
          -0.02434835210442543 -0.027725886553525925 0 -0.0333607941865921 -0.04004364088177681 0
          -0.04414668679237366 -0.05563924461603165 0 -0.056826695799827576 -0.07453671842813492 0
          -0.07161099463701248 -0.09658460319042206 0 -0.0886915922164917 -0.12214096635580063 0
          -0.10780618339776993 -0.15080703794956207 0 -0.12877076864242554 -0.18265895545482635 0
          -0.15181073546409607 -0.2177695780992508 0 -0.17691199481487274 -0.25459781289100647 0
          -0.21488934755325317 -0.3096751570701599 0 -0.2511438727378845 -0.3778687119483948 0
          -0.2766554653644562 -0.45780736207962036 0 -0.28247779607772827 -0.5396270155906677 0
          -0.25882619619369507 -0.6156743168830872 0 -0.1907210648059845 -0.6843265891075134 0
          -0.08079338818788528 -0.7300918698310852 0 0.07495500147342682 -0.7337871789932251 0
          0.2482859492301941 -0.8598505854606628 0 0.8541427850723267 -1.8518590927124023 0
          1.4736143350601196 -2.184455156326294 0 1.5073541402816772 -2.296262502670288 0
          1.4221099615097046 -2.3763115406036377 0 1.3196114301681519 -2.428776741027832 0
          1.2097309827804565 -2.454244375228882 0 1.0935009717941284 -2.454343557357788 0
          0.9636601805686951 -2.4145283699035645 0 0.8005753755569458 -2.276277780532837 0
          0.5664652585983276 -1.9215991497039795 0 0.408081978559494 -0.9658131003379822 0
          1.2426640161322666e-8 0 0 1.8554695115330102e-18 0 0
          1.6342669964859e-38 0 0 0 0 0
          0 0 0 0 0 0
          0 0 0 0 0 0
          0 0 0 0 0 0
          0 0 0 0 0 0
          0 0 0 0 0 0
          0 0 0 0 0 0
          0 0 0 0 0 0
          0 0 0 0 0 0
          0 0 0 0 0 0
          0 0 0 0 0 0
          0 0 0 0 0 0
          0 0 0 0 0 0
          0 0 0 0 0 0
          0 0 0 0 0 0
          0 0 0 0 0 0
          0 0 0 0 0 0
          -0.0020819392520934343 -0.0020806947723031044 0 -0.0030130164232105017 -0.004842952825129032 0
          -0.0047758799046278 -0.008661018684506416 0 -0.0076021165587008 -0.014384209178388119 0
          -0.011321550235152245 -0.022367063909769058 0 -0.01586601883172989 -0.03329107165336609 0
          -0.021360008046030998 -0.04765733331441879 0 -0.028022300451993942 -0.06597872078418732 0
          -0.03611253947019577 -0.08873511105775833 0 -0.04598158225417137 -0.11661424487829208 0
          -0.05776948109269142 -0.14972613751888275 0 -0.07127603143453598 -0.18774399161338806 0
          -0.08743269741535187 -0.23033271729946136 0 -0.10829511284828186 -0.27565115690231323 0
          -0.1152007207274437 -0.3413844406604767 0 -0.1372528076171875 -0.41656753420829773 0
          -0.15127389132976532 -0.49953165650367737 0 -0.15593154728412628 -0.5834780335426331 0
          -0.14364299178123474 -0.660031795501709 0 -0.10261782258749008 -0.7186793088912964 0
          -0.033405616879463196 -0.7504062056541443 0 0.05915173888206482 -0.7400867938995361 0
          0.15911391377449036 -0.682012140750885 0 0.2447320967912674 -1.1194849014282227 0
          0.8199907541275024 -2.269709348678589 0 1.5166716575622559 -2.477355480194092 0
          1.461719274520874 -2.567196846008301 0 1.3379805088043213 -2.615063428878784 0
          1.2153805494308472 -2.627812385559082 0 1.0884495973587036 -2.609954833984375 0
          0.9458923935890198 -2.5497703552246094 0 0.7751768231391907 -2.4104366302490234 0
          0.6704930067062378 -2.165532350540161 0 0.7069047093391418 0.0022112608421593904 0
          0.00006045892587280832 6.593226409279396e-9 0 3.252221745242423e-7 1.2670873598251864e-18 0
          2.2594521282296104e-15 1.534934833803464e-38 0 5.155540723059579e-32 0 0
          0 0 0 0 0 0
          0 0 0 0 0 0
          0 0 0 0 0 0
          0 0 0 0 0 0
          0 0 0 0 0 0
          0 0 0 0 0 0
          0 0 0 0 0 0
          0 0 0 0 0 0
          0 0 0 0 0 0
          0 0 0 0 0 0
          0 0 0 0 0 0
          0 0 0 0 0 0
          0 0 0 0 0 0
          0 0 0 0 0 0
          0 0 0 0 0 0
          0 0 0 0 0 0
          -0.0003788085887208581 -0.0006571331177838147 0 -0.000574306701309979 -0.0016122868983075023 0
          -0.001070330268703401 -0.0035387796815484762 0 -0.001759801642037928 -0.006665309425443411 0
          -0.002774344990029931 -0.01158708706498146 0 -0.003965315409004688 -0.018610350787639618 0
          -0.005345442332327366 -0.02829093672335148 0 -0.0070630828849971294 -0.041180506348609924 0
          -0.009092671796679497 -0.058057237416505814 0 -0.011653455905616283 -0.07980170100927353 0
          -0.015104210935533047 -0.10743530839681625 0 -0.019741116091609 -0.14127828180789948 0
          -0.025604598224163055 -0.18212024867534637 0 -0.03526172414422035 -0.2306995540857315 0
          -0.05549660325050354 -0.27037373185157776 0 -0.03685591369867325 -0.33698901534080505 0
          -0.04087714105844498 -0.41010090708732605 0 -0.04682941734790802 -0.4823317527770996 0
          -0.05256796255707741 -0.5425986051559448 0 -0.03876987099647522 -0.5847822427749634 0
          -0.011425304226577282 -0.5991843342781067 0 0.027015363797545433 -0.5777512788772583 0
          0.07002092897891998 -0.518491804599762 0 0.09624630957841873 -0.4209713041782379 0
          0.014178741723299026 -1.1423660516738892 0 0.47585761547088623 -2.5413761138916016 0
          1.4621366262435913 -2.6433749198913574 0 1.336034893989563 -2.6652650833129883 0
          1.2028124332427979 -2.654916763305664 0 1.0691540241241455 -2.6172969341278076 0
          0.9336110949516296 -2.5525858402252197 0 0.8541235327720642 -2.4798011779785156 0
          0.8544039726257324 -2.4734249114990234 0 -0.042664796113967896 0.26482802629470825 0
          0.016531862318515778 0.13347886502742767 0 0.00006607233081012964 3.876059793128661e-7 0
          0.0001037870897562243 3.348705369937829e-15 0 0.00010289529745932668 1.013390741108017e-31 0
          0.00008673240517964587 0 0 0.0000677107454976067 0 0
          0.000050954240577993914 0 0 0.000038330810639308766 0 0
          0.000029543223718064837 0 0 0.000027146717911818996 0 0
          0.00005272347334539518 0 0 0.0001522060774732381 0 0
          0.00014912679034750909 0 0 0.00001530146437289659 0 0
          4.2580365899880235e-9 0 0 2.1193305316423204e-17 0 0
          4.354117859989622e-34 0 0 0 0 0
          0 0 0 0 0 0
          0 0 0 0 0 0
          0 0 0 0 0 0
          0 0 0 0 0 0
          0 0 0 0 0 0
          0 0 0 0 0 0
          0 0 0 0 0 0
          0 0 0 0 0 0
          0 0 0 0 0 0
          0 0.0003254014882259071 0 0 0.0005139760323800147 0
          0 0.0005209131632000208 0 0 0.00009492076060269028 0
          0 -0.0008689934038557112 0 0 -0.0025286683812737465 0
          0 -0.004988991655409336 0 0 -0.008494381792843342 0
          0 -0.013277972117066383 0 0 -0.01973591558635235 0
          0 -0.028507443144917488 0 0 -0.04042999446392059 0
          0 -0.056372158229351044 0 0 -0.07919497787952423 0
          0 -0.11628130078315735 0 0 -0.14079612493515015 0
          0 -0.1679544895887375 0 0 -0.19899041950702667 0
          0 -0.23377621173858643 0 0 -0.2592995762825012 0
          0 -0.2665729820728302 0 0 -0.2483244389295578 0
          0 -0.20207159221172333 0 0 -0.1331346184015274 0
          0 -0.1625230461359024 0 0 -1.640594720840454 0
          0 -2.7080235481262207 0 0 -2.586178779602051 0
          0 -2.4885811805725098 0 0 -2.3957982063293457 0
          0 -2.3266613483428955 0 0 -2.324833393096924 0
          0 1.914198398590088 0 0 1.774816632270813 0
          0 1.7398464679718018 0 0 1.7952395677566528 0
          0 1.9550402164459229 0 0 2.1324973106384277 0
          0 2.284925699234009 0 0 2.4238736629486084 0
          0 2.558971405029297 0 0 2.6405534744262695 0
          0 2.6678354740142822 0 0 2.6828930377960205 0
          0 2.5350589752197266 0 0 1.7304927110671997 0
          0 0.5640508532524109 0 0 0.033839087933301926 0
          0 0.0000010824895753103192 0 0 1.0633832884881199e-14 0
          0 1.3994244259816162e-30 0 0 0 0
          0 0 0 0 0 0
          0 0 0 0 0 0
          0 0 0 0 0 0
          0 0 0 0 0 0
          0 0 0 0 0 0
          0 0 0 0 0 0
          0 0 0 0 0 0
          0 0 0 0 0 0
          0 0 0 0 0 0
          <InformationKey name="L2_NORM_RANGE" location="vtkDataArray" length="2">
            <Value index="0">
              0
            </Value>
            <Value index="1">
              3.0783982899
            </Value>
          </InformationKey>
        </DataArray>
        <DataArray type="Float32" Name="Gas_temperature" format="ascii" RangeMin="1070.2581787109375" RangeMax="1094.7149658203125">
          1073.1519775390625 1073.1693115234375 1073.2598876953125 1073.51806640625 1073.910888671875 1075.1629638671875
          1075.80517578125 1072.3984375 1071.9564208984375 1070.2581787109375 1072.6614990234375 1073.3431396484375
          1073.6600341796875 1073.8106689453125 1073.85791015625 1073.8431396484375 1073.8006591796875 1073.7540283203125
          1073.7138671875 1073.6810302734375 1073.657958984375 1073.6478271484375 1073.64794921875 1073.655517578125
          1073.667724609375 1073.68310546875 1073.697021484375 1073.7047119140625 1073.705322265625 1073.7008056640625
          1073.6942138671875 1073.6878662109375 1073.678955078125 1073.6641845703125 1073.1724853515625 1073.1363525390625
          1073.136474609375 1073.136474609375 1073.136474609375 1073.136474609375 1073.136474609375 1073.136474609375
          1073.136474609375 1073.136474609375 1073.136474609375 1073.136474609375 1073.136474609375 1073.136474609375
          1073.136474609375 1073.136474609375 1073.136474609375 1073.136474609375 1073.136474609375 1073.136474609375
          1073.136474609375 1073.136474609375 1073.136474609375 1073.136474609375 1073.136474609375 1073.136474609375
          1073.136474609375 1073.136474609375 1073.136474609375 1073.136474609375 1073.136474609375 1073.136474609375
          1073.136474609375 1073.136474609375 1073.136474609375 1073.136474609375 1073.15625 1073.204833984375
          1073.4091796875 1073.8609619140625 1074.4154052734375 1074.8128662109375 1077.8985595703125 1081.289794921875
          1076.06298828125 1077.240234375 1075.051513671875 1074.4893798828125 1074.037353515625 1073.79345703125
          1073.6578369140625 1073.586181640625 1073.5499267578125 1073.5328369140625 1073.524658203125 1073.52099609375
          1073.520751953125 1073.5267333984375 1073.5418701171875 1073.55615234375 1073.5709228515625 1073.5848388671875
          1073.5986328125 1073.6123046875 1073.625732421875 1073.638427734375 1073.6512451171875 1073.665771484375
          1073.6654052734375 1073.65087890625 1073.1605224609375 1073.133056640625 1073.1302490234375 1073.127197265625
          1073.124267578125 1073.1219482421875 1073.1199951171875 1073.11865234375 1073.1177978515625 1073.1171875
          1073.1168212890625 1073.11669921875 1073.116455078125 1073.116455078125 1073.1163330078125 1073.1163330078125
          1073.1163330078125 1073.1162109375 1073.1162109375 1073.1162109375 1073.1162109375 1073.1162109375
          1073.1162109375 1073.1162109375 1073.1160888671875 1073.1160888671875 1073.1160888671875 1073.1160888671875
          1073.1160888671875 1073.1160888671875 1073.1160888671875 1073.1160888671875 1073.1160888671875 1073.1160888671875
          1073.1160888671875 1073.1160888671875 1073.1658935546875 1073.274658203125 1073.6363525390625 1074.2376708984375
          1074.7645263671875 1074.9849853515625 1074.9949951171875 1074.9822998046875 1074.991943359375 1075.0411376953125
          1075.3927001953125 1081.2396240234375 1073.7330322265625 1073.516357421875 1073.49609375 1073.493408203125
          1073.4945068359375 1073.4962158203125 1073.4974365234375 1073.4969482421875 1073.494140625 1073.491455078125
          1073.499267578125 1073.5159912109375 1073.535888671875 1073.55712890625 1073.57861328125 1073.6019287109375
          1073.6280517578125 1073.6412353515625 1073.6507568359375 1073.6585693359375 1073.6573486328125 1073.626953125
          1073.1583251953125 1073.131591796875 1073.127685546875 1073.1231689453125 1073.119140625 1073.1158447265625
          1073.1136474609375 1073.1123046875 1073.1116943359375 1073.1114501953125 1073.1114501953125 1073.1114501953125
          1073.111328125 1073.111328125 1073.111328125 1073.111328125 1073.111328125 1073.111328125
          1073.111328125 1073.111328125 1073.111328125 1073.111328125 1073.111328125 1073.111328125
          1073.111328125 1073.1112060546875 1073.1112060546875 1073.1112060546875 1073.1112060546875 1073.1112060546875
          1073.1112060546875 1073.1112060546875 1073.1112060546875 1073.1112060546875 1073.1112060546875 1073.1112060546875
          1073.184814453125 1073.3887939453125 1073.9156494140625 1074.569580078125 1074.9696044921875 1075.0443115234375
          1075.015625 1075.007568359375 1075.0133056640625 1075.1312255859375 1085.0247802734375 1080.6102294921875
          1073.6092529296875 1073.498046875 1073.4954833984375 1073.498046875 1073.5020751953125 1073.505615234375
          1073.5078125 1073.5069580078125 1073.5020751953125 1073.4898681640625 1073.499755859375 1073.5283203125
          1073.5517578125 1073.5770263671875 1073.599365234375 1073.6181640625 1073.6334228515625 1073.6419677734375
          1073.6483154296875 1073.6522216796875 1073.6502685546875 1073.634765625 1073.1649169921875 1073.1336669921875
          1073.1278076171875 1073.1224365234375 1073.1177978515625 1073.1148681640625 1073.114013671875 1073.1142578125
          1073.1146240234375 1073.11474609375 1073.114990234375 1073.1151123046875 1073.115234375 1073.1153564453125
          1073.115478515625 1073.1156005859375 1073.1156005859375 1073.11572265625 1073.11572265625 1073.1158447265625
          1073.1158447265625 1073.1158447265625 1073.115966796875 1073.115966796875 1073.115966796875 1073.1160888671875
          1073.1160888671875 1073.1160888671875 1073.1160888671875 1073.1160888671875 1073.1162109375 1073.1162109375
          1073.1162109375 1073.1162109375 1073.1162109375 1073.1162109375 1073.220947265625 1073.55029296875
          1074.180419921875 1074.769287109375 1075.0377197265625 1075.061767578125 1075.0460205078125 1075.045654296875
          1075.0484619140625 1077.2730712890625 1094.7149658203125 1074.027587890625 1073.5123291015625 1073.5006103515625
          1073.501220703125 1073.5062255859375 1073.5125732421875 1073.5174560546875 1073.5198974609375 1073.5185546875
          1073.5147705078125 1073.515380859375 1073.5272216796875 1073.5545654296875 1073.5792236328125 1073.5982666015625
          1073.6136474609375 1073.6258544921875 1073.6351318359375 1073.640869140625 1073.64501953125 1073.6466064453125
          1073.640380859375 1073.61083984375 1073.20556640625 1073.1485595703125 1073.1334228515625 1073.1260986328125
          1073.1209716796875 1073.11767578125 1073.1158447265625 1073.1148681640625 1073.1142578125 1073.1146240234375
          1073.11474609375 1073.1148681640625 1073.114990234375 1073.114990234375 1073.1151123046875 1073.1151123046875
          1073.1151123046875 1073.115234375 1073.115234375 1073.1153564453125 1073.1153564453125 1073.115478515625
          1073.115478515625 1073.115478515625 1073.1156005859375 1073.1156005859375 1073.1156005859375 1073.11572265625
          1073.1158447265625 1073.115966796875 1073.1160888671875 1073.1163330078125 1073.116455078125 1073.11669921875
          1073.11669921875 1073.1168212890625 1073.2633056640625 1073.676513671875 1074.3104248046875 1074.8299560546875
          1075.0565185546875 1075.0904541015625 1075.0904541015625 1075.0977783203125 1075.150146484375 1084.276123046875
          1087.515869140625 1073.733642578125 1073.518310546875 1073.50830078125 1073.5089111328125 1073.51513671875
          1073.5230712890625 1073.529296875 1073.5330810546875 1073.5345458984375 1073.535888671875 1073.54052734375
          1073.550537109375 1073.5758056640625 1073.5966796875 1073.6099853515625 1073.620361328125 1073.628662109375
          1073.6348876953125 1073.6390380859375 1073.6417236328125 1073.6412353515625 1073.6339111328125 1073.6025390625
          1073.2608642578125 1073.1800537109375 1073.15087890625 1073.1375732421875 1073.1300048828125 1073.12548828125
          1073.1229248046875 1073.121337890625 1073.1204833984375 1073.1201171875 1073.1199951171875 1073.1199951171875
          1073.1199951171875 1073.119873046875 1073.11962890625 1073.1192626953125 1073.118896484375 1073.1185302734375
          1073.1182861328125 1073.1180419921875 1073.117919921875 1073.1177978515625 1073.1175537109375 1073.117431640625
          1073.1173095703125 1073.1171875 1073.1171875 1073.1170654296875 1073.1170654296875 1073.1170654296875
          1073.1171875 1073.1173095703125 1073.1175537109375 1073.11767578125 1073.117919921875 1073.1181640625
          1073.268798828125 1073.6734619140625 1074.2802734375 1074.8009033203125 1075.0618896484375 1075.1307373046875
          1075.142333984375 1075.1502685546875 1075.3577880859375 1089.7249755859375 1080.1971435546875 1073.669921875
          1073.5389404296875 1073.5218505859375 1073.5164794921875 1073.5216064453125 1073.531005859375 1073.539306640625
          1073.5455322265625 1073.5499267578125 1073.5537109375 1073.558837890625 1073.5673828125 1073.5859375
          1073.6051025390625 1073.615234375 1073.6229248046875 1073.6290283203125 1073.6336669921875 1073.6368408203125
          1073.63818359375 1073.63623046875 1073.6195068359375 1073.607177734375 1073.3228759765625 1073.2257080078125
          1073.1834716796875 1073.1619873046875 1073.14990234375 1073.1424560546875 1073.1380615234375 1073.13525390625
          1073.1337890625 1073.133056640625 1073.1329345703125 1073.133056640625 1073.133544921875 1073.134033203125
          1073.1346435546875 1073.1351318359375 1073.1356201171875 1073.1358642578125 1073.1358642578125 1073.1357421875
          1073.1353759765625 1073.1348876953125 1073.1341552734375 1073.13330078125 1073.1324462890625 1073.131591796875
          1073.130859375 1073.1302490234375 1073.129638671875 1073.129150390625 1073.12890625 1073.1287841796875
          1073.128662109375 1073.1287841796875 1073.12890625 1073.1290283203125 1073.227783203125 1073.5291748046875
          1074.0709228515625 1074.64404296875 1075.0216064453125 1075.1751708984375 1075.20556640625 1075.187744140625
          1075.24658203125 1085.1307373046875 1085.1531982421875 1073.9051513671875 1073.6021728515625 1073.5584716796875
          1073.52783203125 1073.5224609375 1073.532470703125 1073.5423583984375 1073.55126953125 1073.558349609375
          1073.5640869140625 1073.5692138671875 1073.5762939453125 1073.587646484375 1073.606201171875 1073.6170654296875
          1073.6234130859375 1073.628173828125 1073.6317138671875 1073.6336669921875 1073.633544921875 1073.62939453125
          1073.6217041015625 1073.6116943359375 1073.3380126953125 1073.2615966796875 1073.2203369140625 1073.1959228515625
          1073.180908203125 1073.17138671875 1073.1651611328125 1073.1612548828125 1073.158935546875 1073.15771484375
          1073.1573486328125 1073.157470703125 1073.1580810546875 1073.1591796875 1073.1602783203125 1073.1614990234375
          1073.16259765625 1073.1639404296875 1073.1650390625 1073.166015625 1073.1666259765625 1073.1671142578125
          1073.1671142578125 1073.166748046875 1073.1661376953125 1073.165283203125 1073.164306640625 1073.1630859375
          1073.1617431640625 1073.1602783203125 1073.158935546875 1073.157470703125 1073.1561279296875 1073.1549072265625
          1073.15380859375 1073.1527099609375 1073.1766357421875 1073.305908203125 1073.6378173828125 1074.1983642578125
          1074.796142578125 1075.1942138671875 1075.3477783203125 1075.2996826171875 1075.1771240234375 1075.2158203125
          1086.6192626953125 1084.0172119140625 1074.0059814453125 1073.7449951171875 1073.600830078125 1073.5152587890625
          1073.523681640625 1073.5333251953125 1073.543212890625 1073.55322265625 1073.5623779296875 1073.570068359375
          1073.5775146484375 1073.58642578125 1073.5980224609375 1073.6148681640625 1073.6224365234375 1073.6263427734375
          1073.6285400390625 1073.629150390625 1073.6279296875 1073.6248779296875 1073.6212158203125 1073.616455078125
          1073.4586181640625 1073.3511962890625 1073.2979736328125 1073.26708984375 1073.2479248046875 1073.2354736328125
          1073.227783203125 1073.2230224609375 1073.220703125 1073.219970703125 1073.220458984375 1073.221923828125
          1073.2239990234375 1073.2265625 1073.2293701171875 1073.232177734375 1073.235107421875 1073.238037109375
          1073.24072265625 1073.2430419921875 1073.244873046875 1073.24609375 1073.246826171875 1073.246826171875
          1073.2462158203125 1073.2449951171875 1073.2431640625 1073.240966796875 1073.23828125 1073.2353515625
          1073.2322998046875 1073.2291259765625 1073.22607421875 1073.222900390625 1073.2198486328125 1073.2169189453125
          1073.1529541015625 1073.169189453125 1073.2225341796875 1073.3795166015625 1073.80322265625 1074.674560546875
          1075.748291015625 1076.1568603515625 1075.567626953125 1074.9031982421875 1074.77685546875 1074.932373046875
          1075.0589599609375 1082.81005859375 1090.0889892578125 1073.7818603515625 1073.509521484375 1073.509765625
          1073.5135498046875 1073.5184326171875 1073.525146484375 1073.5341796875 1073.543212890625 1073.5511474609375
          1073.5589599609375 1073.5894775390625 1073.6207275390625 1073.6239013671875 1073.6248779296875 1073.624267578125
          1073.622802734375 1073.6209716796875 1073.618896484375 1073.6168212890625 1073.614501953125 1073.5858154296875
          1073.5419921875 1073.5032958984375 1073.4747314453125 1073.4552001953125 1073.4422607421875 1073.434326171875
          1073.429931640625 1073.4281005859375 1073.42822265625 1073.4298095703125 1073.4322509765625 1073.4351806640625
          1073.4384765625 1073.44189453125 1073.4453125 1073.4483642578125 1073.450927734375 1073.4530029296875
          1073.4547119140625 1073.455810546875 1073.456298828125 1073.456298828125 1073.4556884765625 1073.4544677734375
          1073.4527587890625 1073.450439453125 1073.4476318359375 1073.4442138671875 1073.440185546875 1073.435791015625
          1073.43115234375 1073.4261474609375 1073.4210205078125 1073.415771484375
        </DataArray>
        <DataArray type="Float32" Name="Solids_temperature_1" format="ascii" RangeMin="960.363037109375" RangeMax="1075.8719482421875">
          1073.1500244140625 1073.1500244140625 1073.1500244140625 1073.3896484375 1073.910888671875 1020.16845703125
          965.5784301757812 979.129638671875 973.2637939453125 960.363037109375 1049.3543701171875 1067.9195556640625
          1072.381103515625 1073.518798828125 1073.796875 1073.8330078125 1073.8001708984375 1073.75439453125
          1073.713623046875 1073.6807861328125 1073.6575927734375 1073.6475830078125 1073.64794921875 1073.655517578125
          1073.6673583984375 1073.6817626953125 1073.6953125 1073.70361328125 1073.7052001953125 1073.700927734375
          1073.6943359375 1073.68798828125 1073.6790771484375 1073.6641845703125 1073.3607177734375 1073.358154296875
          1073.136474609375 1073.139404296875 1073.1392822265625 1073.1397705078125 1073.139404296875 1073.1422119140625
          1073.098876953125 1073.1182861328125 1073.12890625 1073.144287109375 1073.1500244140625 1073.1500244140625
          1073.1500244140625 1073.1500244140625 1073.1500244140625 1073.1500244140625 1073.1500244140625 1073.1500244140625
          1073.1500244140625 1073.1500244140625 1073.1500244140625 1073.1500244140625 1073.1500244140625 1073.1500244140625
          1073.1500244140625 1073.1500244140625 1073.1500244140625 1073.1500244140625 1073.1500244140625 1073.1500244140625
          1073.1500244140625 1073.1500244140625 1073.1500244140625 1073.1500244140625 1073.1500244140625 1073.1500244140625
          1073.150146484375 1073.8609619140625 1074.66796875 1074.8148193359375 1038.6978759765625 1043.7022705078125
          1075.0687255859375 1075.1763916015625 1074.6572265625 1074.33544921875 1074.0130615234375 1073.7906494140625
          1073.6580810546875 1073.5867919921875 1073.5504150390625 1073.5330810546875 1073.52490234375 1073.5211181640625
          1073.5208740234375 1073.5264892578125 1073.541015625 1073.5552978515625 1073.570556640625 1073.585205078125
          1073.59912109375 1073.6126708984375 1073.6258544921875 1073.638427734375 1073.6512451171875 1073.665771484375
          1073.665283203125 1073.650146484375 1073.2315673828125 1073.2308349609375 1073.1351318359375 1073.1368408203125
          1073.140869140625 1073.130126953125 1073.138916015625 1072.9537353515625 1073.0361328125 1073.046630859375
          1073.0594482421875 1073.1494140625 1073.1500244140625 1073.1500244140625 1073.1500244140625 1073.1500244140625
          1073.1500244140625 1073.1500244140625 1073.1500244140625 1073.1500244140625 1073.1500244140625 1073.1500244140625
          1073.1500244140625 1073.1500244140625 1073.1500244140625 1073.1500244140625 1073.1500244140625 1073.1500244140625
          1073.1500244140625 1073.1500244140625 1073.1500244140625 1073.1500244140625 1073.1500244140625 1073.1500244140625
          1073.1500244140625 1073.1500244140625 1073.1500244140625 1073.1500244140625 1073.1728515625 1074.2376708984375
          1074.9000244140625 1074.9852294921875 1074.9937744140625 1074.97998046875 1074.9888916015625 1075.036376953125
          1075.111083984375 1074.685302734375 1073.6328125 1073.515869140625 1073.496337890625 1073.4935302734375
          1073.49462890625 1073.496337890625 1073.4974365234375 1073.4970703125 1073.4942626953125 1073.49169921875
          1073.4991455078125 1073.5155029296875 1073.53515625 1073.5565185546875 1073.578125 1073.6016845703125
          1073.6275634765625 1073.64111328125 1073.6507568359375 1073.6585693359375 1073.65673828125 1073.628662109375
          1073.2994384765625 1073.131591796875 1073.1341552734375 1073.1378173828125 1073.133056640625 1073.12939453125
          1073.139404296875 1072.9111328125 1072.997802734375 1073.009521484375 1073.146728515625 1073.1500244140625
          1073.1500244140625 1073.1500244140625 1073.1500244140625 1073.1500244140625 1073.1500244140625 1073.1500244140625
          1073.1500244140625 1073.1500244140625 1073.1500244140625 1073.1500244140625 1073.1500244140625 1073.1500244140625
          1073.1500244140625 1073.1500244140625 1073.1500244140625 1073.1500244140625 1073.1500244140625 1073.1500244140625
          1073.1500244140625 1073.1500244140625 1073.1500244140625 1073.1500244140625 1073.1500244140625 1073.1500244140625
          1073.1500244140625 1073.1500244140625 1073.806396484375 1074.824462890625 1074.9698486328125 1075.0443115234375
          1075.015380859375 1075.0068359375 1075.011962890625 1075.065673828125 1075.80419921875 1074.1380615234375
          1073.520263671875 1073.4969482421875 1073.49560546875 1073.4981689453125 1073.5020751953125 1073.505615234375
          1073.5078125 1073.507080078125 1073.5023193359375 1073.490234375 1073.499267578125 1073.5279541015625
          1073.551025390625 1073.576171875 1073.5986328125 1073.6177978515625 1073.63330078125 1073.6419677734375
          1073.6483154296875 1073.652099609375 1073.6495361328125 1073.6307373046875 1073.2047119140625 1073.204345703125
          1073.140869140625 1073.1539306640625 1073.1337890625 1073.1376953125 1073.138427734375 1073.13671875
          1073.0118408203125 1073.045654296875 1073.1475830078125 1073.1500244140625 1073.1500244140625 1073.1500244140625
          1073.1500244140625 1073.1500244140625 1073.1500244140625 1073.1500244140625 1073.1500244140625 1073.1500244140625
          1073.1500244140625 1073.1500244140625 1073.1500244140625 1073.1500244140625 1073.1500244140625 1073.1500244140625
          1073.1500244140625 1073.1500244140625 1073.1500244140625 1073.1500244140625 1073.1500244140625 1073.1500244140625
          1073.1500244140625 1073.1500244140625 1073.1500244140625 1073.1500244140625 1073.1500244140625 1073.243896484375
          1074.180419921875 1074.9044189453125 1075.037841796875 1075.061767578125 1075.0460205078125 1075.0455322265625
          1075.044189453125 1075.13818359375 1075.822265625 1073.568603515625 1073.5064697265625 1073.500732421875
          1073.5013427734375 1073.5062255859375 1073.5125732421875 1073.517578125 1073.52001953125 1073.518798828125
          1073.514892578125 1073.515380859375 1073.52685546875 1073.5537109375 1073.5782470703125 1073.597412109375
          1073.6131591796875 1073.625732421875 1073.6351318359375 1073.640869140625 1073.64501953125 1073.6463623046875
          1073.64111328125 1073.6285400390625 1073.2052001953125 1073.1474609375 1073.136474609375 1073.154296875
          1073.1541748046875 1073.164794921875 1073.1365966796875 1073.1343994140625 1073.01953125 1073.1317138671875
          1073.1500244140625 1073.1500244140625 1073.1500244140625 1073.1500244140625 1073.1500244140625 1073.1500244140625
          1073.14990234375 1073.14990234375 1073.1500244140625 1073.1500244140625 1073.1500244140625 1073.1497802734375
          1073.1494140625 1073.1490478515625 1073.149169921875 1073.1490478515625 1073.14892578125 1073.14892578125
          1073.14892578125 1073.14892578125 1073.1488037109375 1073.148681640625 1073.148681640625 1073.148681640625
          1073.148681640625 1073.1488037109375 1073.1500244140625 1073.464111328125 1074.3104248046875 1074.93115234375
          1075.0565185546875 1075.0904541015625 1075.0904541015625 1075.09765625 1075.1114501953125 1075.51904296875
          1074.86376953125 1073.5567626953125 1073.5164794921875 1073.5084228515625 1073.5089111328125 1073.51513671875
          1073.5230712890625 1073.5294189453125 1073.533203125 1073.5345458984375 1073.5360107421875 1073.54052734375
          1073.5501708984375 1073.5751953125 1073.595947265625 1073.6094970703125 1073.6202392578125 1073.628662109375
          1073.6348876953125 1073.6390380859375 1073.6416015625 1073.6412353515625 1073.6341552734375 1073.6224365234375
          1073.2608642578125 1073.179931640625 1073.1502685546875 1073.1361083984375 1073.1737060546875 1073.1646728515625
          1073.14697265625 1073.1361083984375 1073.133056640625 1073.130615234375 1073.127197265625 1073.1236572265625
          1073.1253662109375 1073.1236572265625 1073.1285400390625 1073.1318359375 1073.121826171875 1073.1256103515625
          1073.1373291015625 1073.14794921875 1073.1453857421875 1073.124267578125 1073.1265869140625 1073.128662109375
          1073.1278076171875 1073.1282958984375 1073.1318359375 1073.1329345703125 1073.130615234375 1073.1285400390625
          1073.1265869140625 1073.1246337890625 1073.1234130859375 1073.1239013671875 1073.1256103515625 1073.127685546875
          1073.1500244140625 1073.468505859375 1074.2802734375 1074.9205322265625 1075.06201171875 1075.1307373046875
          1075.142333984375 1075.14990234375 1075.186279296875 1075.8719482421875 1074.3406982421875 1073.5941162109375
          1073.5386962890625 1073.52197265625 1073.5164794921875 1073.5216064453125 1073.531005859375 1073.539306640625
          1073.545654296875 1073.550048828125 1073.5537109375 1073.558837890625 1073.5672607421875 1073.5855712890625
          1073.604736328125 1073.614990234375 1073.6229248046875 1073.6290283203125 1073.6336669921875 1073.6368408203125
          1073.63818359375 1073.6365966796875 1073.631103515625 1073.6072998046875 1073.3228759765625 1073.2257080078125
          1073.183349609375 1073.161865234375 1073.1497802734375 1073.1424560546875 1073.1380615234375 1073.1353759765625
          1073.1339111328125 1073.1331787109375 1073.133056640625 1073.13330078125 1073.1337890625 1073.13427734375
          1073.1348876953125 1073.13525390625 1073.1356201171875 1073.1358642578125 1073.1358642578125 1073.142822265625
          1073.1405029296875 1073.1279296875 1073.1422119140625 1073.1455078125 1073.13623046875 1073.1358642578125
          1073.14404296875 1073.140625 1073.13134765625 1073.1356201171875 1073.1422119140625 1073.13525390625
          1073.1324462890625 1073.1463623046875 1073.144287109375 1073.129638671875 1073.1500244140625 1073.1529541015625
          1074.0709228515625 1074.857177734375 1075.02197265625 1075.1751708984375 1075.20556640625 1075.187744140625
          1075.1885986328125 1075.6812744140625 1074.9627685546875 1073.741455078125 1073.6004638671875 1073.5587158203125
          1073.5279541015625 1073.5223388671875 1073.532470703125 1073.5423583984375 1073.5511474609375 1073.558349609375
          1073.5640869140625 1073.5692138671875 1073.576416015625 1073.5875244140625 1073.6060791015625 1073.616943359375
          1073.623291015625 1073.628173828125 1073.6318359375 1073.6339111328125 1073.634033203125 1073.6334228515625
          1073.621826171875 1073.6116943359375 1073.338134765625 1073.2615966796875 1073.22021484375 1073.1959228515625
          1073.180908203125 1073.1712646484375 1073.1651611328125 1073.1612548828125 1073.1590576171875 1073.1578369140625
          1073.157470703125 1073.15771484375 1073.1583251953125 1073.1593017578125 1073.160400390625 1073.16162109375
          1073.162841796875 1073.1640625 1073.1651611328125 1073.1661376953125 1073.166748046875 1073.1671142578125
          1073.1671142578125 1073.1666259765625 1073.1658935546875 1073.1650390625 1073.1639404296875 1073.16259765625
          1073.1611328125 1073.15966796875 1073.1583251953125 1073.1568603515625 1073.1551513671875 1073.154296875
          1073.1533203125 1073.1519775390625 1073.1500244140625 1073.1500244140625 1073.391357421875 1074.1983642578125
          1075.021240234375 1075.194580078125 1075.3475341796875 1075.2991943359375 1075.1768798828125 1075.1500244140625
          1075.74072265625 1074.781982421875 1073.837158203125 1073.7259521484375 1073.596923828125 1073.515380859375
          1073.523681640625 1073.5333251953125 1073.543212890625 1073.55322265625 1073.5623779296875 1073.570068359375
          1073.5775146484375 1073.58642578125 1073.597900390625 1073.61474609375 1073.6224365234375 1073.6263427734375
          1073.628662109375 1073.629638671875 1073.628662109375 1073.6251220703125 1073.6204833984375 1073.6175537109375
          1073.5546875 1073.5052490234375 1073.4769287109375 1073.454833984375 1073.4307861328125 1073.235595703125
          1073.227783203125 1073.22314453125 1073.220703125 1073.219970703125 1073.2205810546875 1073.221923828125
          1073.2239990234375 1073.2265625 1073.2293701171875 1073.2322998046875 1073.2352294921875 1073.238037109375
          1073.24072265625 1073.2430419921875 1073.244873046875 1073.2462158203125 1073.246826171875 1073.246826171875
          1073.2462158203125 1073.2449951171875 1073.2432861328125 1073.240966796875 1073.23828125 1073.2353515625
          1073.2322998046875 1073.2291259765625 1073.22607421875 1073.222900390625 1073.2198486328125 1073.2169189453125
          1073.1500244140625 1073.1500244140625 1073.1500244140625 1073.1605224609375 1073.211181640625 1075.194580078125
          1075.3475341796875 1075.36376953125 1075.3134765625 1074.93798828125 1074.777099609375 1074.9324951171875
          1075.0394287109375 1075.487548828125 1075.012451171875 1073.52294921875 1073.505859375 1073.5098876953125
          1073.513671875 1073.5184326171875 1073.525146484375 1073.5341796875 1073.543212890625 1073.5511474609375
          1073.5587158203125 1073.587646484375 1073.62060546875 1073.623779296875 1073.625 1073.62451171875
          1073.623291015625 1073.6217041015625 1073.6199951171875 1073.6181640625 1073.615966796875 1073.6009521484375
          1073.5728759765625 1073.5421142578125 1073.509765625 1073.482421875 1073.4423828125 1073.4344482421875
          1073.4300537109375 1073.42822265625 1073.4283447265625 1073.4298095703125 1073.4322509765625 1073.435302734375
          1073.4384765625 1073.4420166015625 1073.4454345703125 1073.4483642578125 1073.4510498046875 1073.453125
          1073.4547119140625 1073.455810546875 1073.4564208984375 1073.456298828125 1073.4556884765625 1073.45458984375
          1073.4527587890625 1073.4505615234375 1073.4476318359375 1073.4442138671875 1073.4403076171875 1073.4359130859375
          1073.43115234375 1073.4261474609375 1073.4210205078125 1073.4158935546875
        </DataArray>
        <DataArray type="Float32" Name="Solids_temperature_2" format="ascii" RangeMin="1072.7144775390625" RangeMax="1076.156982421875">
          1073.1519775390625 1073.1693115234375 1073.2598876953125 1073.51806640625 1073.9110107421875 1074.310791015625
          1073.8817138671875 1073.780029296875 1073.5804443359375 1073.231201171875 1073.2281494140625 1073.46484375
          1073.6864013671875 1073.81640625 1073.85888671875 1073.843017578125 1073.8004150390625 1073.753662109375
          1073.7137451171875 1073.680908203125 1073.6578369140625 1073.6478271484375 1073.64794921875 1073.655517578125
          1073.667724609375 1073.6832275390625 1073.697265625 1073.7049560546875 1073.7054443359375 1073.70068359375
          1073.6942138671875 1073.6878662109375 1073.678955078125 1073.664306640625 1073.664306640625 1073.4444580078125
          1073.2490234375 1073.272705078125 1073.212158203125 1073.139404296875 1073.140380859375 1073.1429443359375
          1073.1204833984375 1072.8233642578125 1072.7523193359375 1073.1500244140625 1073.1500244140625 1073.1500244140625
          1073.1500244140625 1073.1500244140625 1073.1500244140625 1073.1500244140625 1073.1500244140625 1073.1500244140625
          1073.1500244140625 1073.1500244140625 1073.1500244140625 1073.1500244140625 1073.1500244140625 1073.1500244140625
          1073.1500244140625 1073.1500244140625 1073.1500244140625 1073.1500244140625 1073.1500244140625 1073.1500244140625
          1073.1500244140625 1073.1500244140625 1073.1500244140625 1073.1500244140625 1073.15625 1073.204833984375
          1073.4091796875 1073.8612060546875 1074.4156494140625 1074.81298828125 1075.1397705078125 1075.240234375
          1075.03173828125 1075.097900390625 1074.96728515625 1074.487548828125 1074.0372314453125 1073.793212890625
          1073.657470703125 1073.5859375 1073.5496826171875 1073.5328369140625 1073.5247802734375 1073.52099609375
          1073.5208740234375 1073.52685546875 1073.5419921875 1073.556396484375 1073.5711669921875 1073.5849609375
          1073.5985107421875 1073.6121826171875 1073.6256103515625 1073.638427734375 1073.6512451171875 1073.6658935546875
          1073.6654052734375 1073.65234375 1073.65234375 1073.420166015625 1073.21826171875 1073.2469482421875
          1073.1907958984375 1073.3052978515625 1073.1295166015625 1072.953125 1073.0430908203125 1072.83740234375
          1072.7396240234375 1073.1500244140625 1073.1500244140625 1073.1500244140625 1073.1500244140625 1073.1500244140625
          1073.1500244140625 1073.1500244140625 1073.1500244140625 1073.1500244140625 1073.1500244140625 1073.1500244140625
          1073.1500244140625 1073.1500244140625 1073.1500244140625 1073.1500244140625 1073.1500244140625 1073.1500244140625
          1073.1500244140625 1073.1500244140625 1073.1500244140625 1073.1500244140625 1073.1500244140625 1073.1500244140625
          1073.1500244140625 1073.1500244140625 1073.1658935546875 1073.274658203125 1073.636474609375 1074.2379150390625
          1074.7646484375 1074.985107421875 1074.99365234375 1074.9798583984375 1074.989013671875 1075.036376953125
          1075.0892333984375 1074.362060546875 1073.624267578125 1073.5147705078125 1073.49609375 1073.4935302734375
          1073.49462890625 1073.496337890625 1073.49755859375 1073.4970703125 1073.4942626953125 1073.4915771484375
          1073.4993896484375 1073.51611328125 1073.5360107421875 1073.5572509765625 1073.5787353515625 1073.60205078125
          1073.628173828125 1073.6412353515625 1073.65087890625 1073.65869140625 1073.65771484375 1073.6439208984375
          1073.6439208984375 1073.413330078125 1073.145751953125 1073.1944580078125 1073.1551513671875 1073.309326171875
          1073.1312255859375 1072.9202880859375 1072.9990234375 1072.83837890625 1073.1500244140625 1073.1500244140625
          1073.1500244140625 1073.1500244140625 1073.1500244140625 1073.1500244140625 1073.1500244140625 1073.1500244140625
          1073.1500244140625 1073.1500244140625 1073.1500244140625 1073.1500244140625 1073.1500244140625 1073.1500244140625
          1073.1500244140625 1073.1500244140625 1073.1500244140625 1073.1500244140625 1073.1500244140625 1073.1500244140625
          1073.1500244140625 1073.1500244140625 1073.1500244140625 1073.1500244140625 1073.1500244140625 1073.1500244140625
          1073.184814453125 1073.388916015625 1073.9158935546875 1074.56982421875 1074.9698486328125 1075.0443115234375
          1075.015380859375 1075.0067138671875 1075.011962890625 1075.061279296875 1075.329345703125 1073.822021484375
          1073.5133056640625 1073.4967041015625 1073.49560546875 1073.4981689453125 1073.502197265625 1073.5057373046875
          1073.5079345703125 1073.507080078125 1073.502197265625 1073.489990234375 1073.5 1073.528564453125
          1073.552001953125 1073.5772705078125 1073.5994873046875 1073.6182861328125 1073.633544921875 1073.64208984375
          1073.6484375 1073.652587890625 1073.6513671875 1073.6402587890625 1073.6402587890625 1073.36376953125
          1073.1468505859375 1073.16064453125 1073.1370849609375 1073.3177490234375 1072.92529296875 1072.9205322265625
          1072.991943359375 1072.888427734375 1073.1500244140625 1073.1500244140625 1073.1500244140625 1073.1500244140625
          1073.1500244140625 1073.1500244140625 1073.1500244140625 1073.1500244140625 1073.1500244140625 1073.1500244140625
          1073.1500244140625 1073.1500244140625 1073.1500244140625 1073.1500244140625 1073.1500244140625 1073.1500244140625
          1073.1500244140625 1073.1500244140625 1073.1500244140625 1073.1500244140625 1073.1500244140625 1073.1500244140625
          1073.1500244140625 1073.1500244140625 1073.1500244140625 1073.1500244140625 1073.220947265625 1073.5504150390625
          1074.1807861328125 1074.76953125 1075.037841796875 1075.061767578125 1075.0458984375 1075.0455322265625
          1075.04345703125 1075.036865234375 1074.8729248046875 1073.544189453125 1073.506103515625 1073.500732421875
          1073.5013427734375 1073.50634765625 1073.5126953125 1073.517578125 1073.52001953125 1073.5186767578125
          1073.514892578125 1073.5155029296875 1073.52734375 1073.5548095703125 1073.57958984375 1073.5985107421875
          1073.61376953125 1073.6260986328125 1073.63525390625 1073.64111328125 1073.6453857421875 1073.6475830078125
          1073.6461181640625 1073.6368408203125 1073.6368408203125 1073.407958984375 1073.1763916015625 1073.1866455078125
          1073.17626953125 1073.133544921875 1072.885009765625 1072.9061279296875 1072.9444580078125 1072.935546875
          1073.1500244140625 1073.1500244140625 1073.1500244140625 1073.1500244140625 1073.1500244140625 1073.1500244140625
          1073.1500244140625 1073.1500244140625 1073.1500244140625 1073.1500244140625 1073.1500244140625 1073.1500244140625
          1073.1500244140625 1073.1500244140625 1073.1500244140625 1073.1500244140625 1073.1500244140625 1073.1500244140625
          1073.1500244140625 1073.1500244140625 1073.1500244140625 1073.1500244140625 1073.1500244140625 1073.1500244140625
          1073.1500244140625 1073.1500244140625 1073.2633056640625 1073.6766357421875 1074.3106689453125 1074.8302001953125
          1075.056640625 1075.0904541015625 1075.0904541015625 1075.09765625 1075.1072998046875 1075.1029052734375
          1074.2384033203125 1073.5472412109375 1073.5162353515625 1073.5084228515625 1073.509033203125 1073.5152587890625
          1073.523193359375 1073.529541015625 1073.533203125 1073.53466796875 1073.5360107421875 1073.540771484375
          1073.5506591796875 1073.5760498046875 1073.596923828125 1073.6102294921875 1073.62060546875 1073.62890625
          1073.6351318359375 1073.639404296875 1073.642578125 1073.643798828125 1073.64208984375 1073.6329345703125
          1073.6329345703125 1073.2562255859375 1073.224853515625 1073.232421875 1073.2012939453125 1073.1317138671875
          1072.882568359375 1072.8155517578125 1072.817626953125 1073.1322021484375 1073.1500244140625 1073.1500244140625
          1073.1500244140625 1073.1500244140625 1073.1500244140625 1073.1500244140625 1073.1500244140625 1073.1500244140625
          1073.1500244140625 1073.1500244140625 1073.1500244140625 1073.1500244140625 1073.1500244140625 1073.1500244140625
          1073.1500244140625 1073.1500244140625 1073.1500244140625 1073.1500244140625 1073.1500244140625 1073.1500244140625
          1073.1500244140625 1073.1500244140625 1073.1500244140625 1073.1500244140625 1073.1500244140625 1073.1500244140625
          1073.268798828125 1073.673583984375 1074.280517578125 1074.8011474609375 1075.06201171875 1075.1307373046875
          1075.142333984375 1075.1497802734375 1075.17333984375 1075.207763671875 1074.0538330078125 1073.58984375
          1073.5384521484375 1073.52197265625 1073.5166015625 1073.521728515625 1073.5311279296875 1073.5394287109375
          1073.545654296875 1073.550048828125 1073.5538330078125 1073.5589599609375 1073.5675048828125 1073.5860595703125
          1073.6053466796875 1073.6156005859375 1073.623291015625 1073.6295166015625 1073.6341552734375 1073.6376953125
          1073.6400146484375 1073.640869140625 1073.638671875 1073.6328125 1073.3021240234375 1073.177001953125
          1073.2685546875 1073.2696533203125 1073.2403564453125 1073.1319580078125 1072.760498046875 1072.7412109375
          1072.735107421875 1073.142822265625 1073.1500244140625 1073.1500244140625 1073.1500244140625 1073.1500244140625
          1073.1500244140625 1073.1500244140625 1073.1500244140625 1073.1500244140625 1073.1500244140625 1073.1500244140625
          1073.1500244140625 1073.1500244140625 1073.1500244140625 1073.1500244140625 1073.1500244140625 1073.1500244140625
          1073.1500244140625 1073.1500244140625 1073.1500244140625 1073.1500244140625 1073.1500244140625 1073.1500244140625
          1073.1500244140625 1073.1500244140625 1073.1500244140625 1073.1500244140625 1073.227783203125 1073.529296875
          1074.0711669921875 1074.644287109375 1075.0218505859375 1075.17529296875 1075.20556640625 1075.187744140625
          1075.182373046875 1075.224853515625 1074.47509765625 1073.731689453125 1073.60009765625 1073.55859375
          1073.5279541015625 1073.5225830078125 1073.5325927734375 1073.5426025390625 1073.5513916015625 1073.5584716796875
          1073.564208984375 1073.5693359375 1073.5765380859375 1073.5877685546875 1073.6064453125 1073.61767578125
          1073.6240234375 1073.6290283203125 1073.633056640625 1073.635986328125 1073.6378173828125 1073.6380615234375
          1073.63427734375 1073.611572265625 1073.349853515625 1073.2994384765625 1073.3233642578125 1073.3436279296875
          1073.1865234375 1073.009521484375 1072.7220458984375 1072.7144775390625 1073.0950927734375 1073.1212158203125
          1073.1500244140625 1073.1500244140625 1073.1500244140625 1073.1500244140625 1073.1500244140625 1073.1500244140625
          1073.1500244140625 1073.1500244140625 1073.1500244140625 1073.1500244140625 1073.1500244140625 1073.1500244140625
          1073.1500244140625 1073.1500244140625 1073.1500244140625 1073.1500244140625 1073.1500244140625 1073.1500244140625
          1073.1500244140625 1073.1500244140625 1073.1500244140625 1073.1500244140625 1073.1500244140625 1073.1500244140625
          1073.1500244140625 1073.1500244140625 1073.1766357421875 1073.3060302734375 1073.637939453125 1074.198486328125
          1074.79638671875 1075.1943359375 1075.3477783203125 1075.299560546875 1075.1768798828125 1075.142578125
          1075.220458984375 1074.3486328125 1073.830322265625 1073.7269287109375 1073.5960693359375 1073.515380859375
          1073.5238037109375 1073.533447265625 1073.5433349609375 1073.5533447265625 1073.5625 1073.5701904296875
          1073.57763671875 1073.5865478515625 1073.59814453125 1073.615234375 1073.623779296875 1073.628173828125
          1073.631591796875 1073.6341552734375 1073.6356201171875 1073.63232421875 1073.62158203125 1073.6160888671875
          1073.455810546875 1073.354248046875 1073.3685302734375 1073.36181640625 1073.2994384765625 1073.29150390625
          1073.23779296875 1073.0567626953125 1072.9041748046875 1072.947998046875 1073.0400390625 1073.0535888671875
          1073.14697265625 1073.1495361328125 1073.1500244140625 1073.1500244140625 1073.1500244140625 1073.1497802734375
          1073.1488037109375 1073.1492919921875 1073.14892578125 1073.1495361328125 1073.149658203125 1073.14990234375
          1073.1483154296875 1073.1419677734375 1073.1380615234375 1073.1407470703125 1073.1470947265625 1073.14990234375
          1073.1500244140625 1073.14990234375 1073.1485595703125 1073.1478271484375 1073.149658203125 1073.1500244140625
          1073.1529541015625 1073.169189453125 1073.2225341796875 1073.3795166015625 1073.803466796875 1074.6749267578125
          1075.748779296875 1076.156982421875 1075.5672607421875 1074.89111328125 1074.7767333984375 1074.932373046875
          1075.0360107421875 1075.130126953125 1074.3299560546875 1073.5106201171875 1073.5057373046875 1073.510009765625
          1073.5137939453125 1073.5185546875 1073.5252685546875 1073.5343017578125 1073.54345703125 1073.55126953125
          1073.55908203125 1073.5897216796875 1073.6217041015625 1073.6265869140625 1073.62939453125 1073.6314697265625
          1073.6324462890625 1073.6290283203125 1073.618896484375 1073.6168212890625 1073.614501953125 1073.5855712890625
          1073.5418701171875 1073.5035400390625 1073.4755859375 1073.4566650390625 1073.4444580078125 1073.4368896484375
          1073.4327392578125 1073.430419921875 1073.4290771484375 1073.429931640625 1073.432373046875 1073.43603515625
          1072.8843994140625 1072.9105224609375 1072.9425048828125 1072.9766845703125 1072.9886474609375 1072.9923095703125
          1072.989013671875 1072.971435546875 1072.954833984375 1072.9539794921875 1072.962646484375 1072.968994140625
          1072.9747314453125 1072.9814453125 1072.993408203125 1073.0211181640625 1073.044921875 1073.05419921875
          1073.057861328125 1073.056640625 1073.0543212890625 1073.0545654296875
        </DataArray>
        <DataArray type="Float32" Name="O2_Gas_mass_fractions_1" format="ascii" RangeMin="6.546531761131291e-9" RangeMax="0.23999999463558197">
          0.23999999463558197 0.23999999463558197 0.23999999463558197 0.2399996966123581 0.23991617560386658 0.22052942216396332
          0.00010728247434599325 0.0000026940576844936004 0.000012461357982829213 0.0000018552989331510616 1.0192018606858255e-7 9.905360798256879e-8
          9.94390347841545e-8 9.984994164824457e-8 9.982908721895001e-8 9.983497761822946e-8 9.982061754953975e-8 9.9741541248477e-8
          9.949649637519542e-8 9.895833841255808e-8 9.807698830854861e-8 9.696663738623101e-8 9.575092718705491e-8 9.46276088598097e-8
          9.357218999639372e-8 9.240660858722549e-8 9.096712716427646e-8 8.920174110471635e-8 8.731389300464798e-8 8.583270982853719e-8
          8.542452434312509e-8 8.642893334354085e-8 8.846554067076795e-8 9.111056442634435e-8 1.0806959771514357e-8 6.547031805581582e-9
          6.546531761131291e-9 6.546896802461788e-9 6.5471379429027365e-9 6.547299591375122e-9 6.5474075050531155e-9 6.547478115237482e-9
          6.547523856426096e-9 6.547553610403156e-9 6.5475735944175995e-9 6.5475882493615245e-9 6.5476002397701905e-9 6.547612230178856e-9
          6.5476268851227815e-9 6.547648645494064e-9 6.547685060809272e-9 6.547746345120231e-9 6.547845377014028e-9 6.547996367345377e-9
          6.548198872025068e-9 6.548225517377659e-9 6.5481478017659356e-9 6.548027453590066e-9 6.547901332254469e-9 6.547790309952006e-9
          6.547707265269764e-9 6.5476593036351005e-9 6.547651310029323e-9 6.547651754118533e-9 6.547651754118533e-9 6.547652198207743e-9
          6.547652198207743e-9 6.547652198207743e-9 6.547652642296953e-9 6.547652642296953e-9 0.23999999463558197 0.23999999463558197
          0.23999999463558197 0.23999987542629242 0.23997046053409576 0.2346239686012268 0.10400138795375824 0.0360369049012661
          0.028974398970603943 0.0011124762240797281 0.000022899288524058647 2.095755604614169e-7 9.994609939667498e-8 8.473224966110138e-8
          8.981130150687022e-8 9.173024295705545e-8 9.204285333908047e-8 9.198378592145673e-8 9.212828899762826e-8 9.254319621732066e-8
          9.295683156551604e-8 9.2977217036605e-8 9.232604014641765e-8 9.107267828767363e-8 8.971550613523505e-8 8.85734223743384e-8
          8.754310698577683e-8 8.662202333198366e-8 8.614435387244157e-8 8.657223560248895e-8 8.794896189101564e-8 8.980773458233671e-8
          9.154807401046128e-8 8.035402743189479e-8 9.77676872793154e-9 7.510188915205163e-9 8.382591509814574e-9 9.305208159560152e-9
          1.0163577535138302e-8 1.0892009960628002e-8 1.1462516269489242e-8 1.187641007760476e-8 1.2155690676252107e-8 1.2332683319016269e-8
          1.2439961949439748e-8 1.2503867274915592e-8 1.2542622052080787e-8 1.2567468843371898e-8 1.2584785658020792e-8 1.2597979548445437e-8
          1.2608794897062126e-8 1.2618097677830065e-8 1.2626037992902184e-8 1.2632748180863018e-8 1.2638269097919874e-8 1.264320026450605e-8
          1.2647682012811856e-8 1.2651705461053098e-8 1.265525195748296e-8 1.2658314396674086e-8 1.2660895443161735e-8 1.2663018189584818e-8
          1.2664719051258544e-8 1.2666099280522758e-8 1.2667222826223679e-8 1.266813498546071e-8 1.2668873061727481e-8 1.2669463700376582e-8
          1.2669920224084308e-8 1.2670214211141229e-8 0.23999999463558197 0.23999999463558197 0.23999999463558197 0.23999996483325958
          0.23999178409576416 0.23874007165431976 0.2065078616142273 0.17346829175949097 0.14928750693798065 0.12626700103282928
          0.10106908529996872 0.0006264150142669678 0.000004192063897789922 1.1433920121817209e-7 8.046617949730717e-8 9.264562805810783e-8
          9.549079749149314e-8 9.634271691538743e-8 9.602122474916541e-8 9.532963218816803e-8 9.48090033148219e-8 9.450921822917735e-8
          9.402862133356393e-8 9.246707577403868e-8 9.028776304376152e-8 8.867839085269225e-8 8.790328820396098e-8 8.781493221476921e-8
          8.833657716422749e-8 8.949486840492682e-8 9.080489604684772e-8 8.988664035314287e-8 7.953121183845724e-8 5.440294970071591e-8
          9.542874934709289e-9 7.885582853361939e-9 9.11530317893039e-9 1.0405078576525284e-8 1.1544516453909637e-8 1.2411623728780796e-8
          1.297563478885877e-8 1.328093812702491e-8 1.341499267226709e-8 1.3462940096076181e-8 1.347763500803012e-8 1.3482263305775177e-8
          1.3484734218138783e-8 1.3487167827008761e-8 1.3489817263234727e-8 1.3492410744220251e-8 1.3494614314879527e-8 1.3496189055217656e-8
          1.3497578166266067e-8 1.3498921980215073e-8 1.3500260465093561e-8 1.3501608719934666e-8 1.3502953422062092e-8 1.350426348523115e-8
          1.3505494500520854e-8 1.3506605611723899e-8 1.3507567508952434e-8 1.3508366869530164e-8 1.3509004581635509e-8 1.3509494856123183e-8
          1.3509853680204742e-8 1.351009437655648e-8 1.3510232932389954e-8 1.3510289775808815e-8 1.351030221030669e-8 1.3510301322128271e-8
          0.23999999463558197 0.23999999463558197 0.23999999463558197 0.23999999463558197 0.23999829590320587 0.2397763580083847
          0.23389796912670135 0.22453361749649048 0.21542130410671234 0.20665527880191803 0.07551832497119904 0.00027437679818831384
          0.0000026141035505133914 9.16464770739367e-8 9.965375369347385e-8 9.027571223896302e-8 9.163149172763951e-8 9.268997303024662e-8
          9.338651807411225e-8 9.393806266189131e-8 9.435339620722516e-8 9.448389448607486e-8 9.445996340673446e-8 9.376378784509143e-8
          9.217252028292933e-8 9.059948524736683e-8 8.989037780793296e-8 9.00514365298477e-8 9.026701519587732e-8 8.964984488102345e-8
          8.633040948780035e-8 7.886138320145619e-8 6.52471783268993e-8 5.153736992724589e-8 1.0021163454609905e-8 8.032539966507102e-9
          9.074661022623332e-9 1.0598580679754832e-8 1.1896662321930762e-8 1.2708166963193435e-8 1.2979280761271639e-8 1.2976970609201999e-8
          1.2930844839331712e-8 1.2896575363186003e-8 1.2868068388627307e-8 1.2841651297890166e-8 1.2817483074911706e-8 1.2796181891872038e-8
          1.2778089697462747e-8 1.2763113232949763e-8 1.2750784428305906e-8 1.274046379506899e-8 1.273151895020419e-8 1.2723441855655437e-8
          1.2715871910984333e-8 1.2708610164224865e-8 1.2701591778352395e-8 1.2694839846005834e-8 1.2688417427852983e-8 1.2682392025453737e-8
          1.2676807159550663e-8 1.2671675264641635e-8 1.2666999005261914e-8 1.2662802362228831e-8 1.2659149284388604e-8 1.265614102408108e-8
          1.2653874392754005e-8 1.2652388470257847e-8 1.2651614866854288e-8 1.2651357295112575e-8 0.23999999463558197 0.23999999463558197
          0.23999999463558197 0.23999999463558197 0.23999974131584167 0.2399708777666092 0.23922474682331085 0.23777757585048676
          0.23616987466812134 0.2203139215707779 0.0028683531563729048 0.000012222247278259601 1.5158312294261123e-7 7.96735477592847e-8
          9.519538224367352e-8 9.564170966314123e-8 9.492047325920794e-8 9.4499455371988e-8 9.465493633342703e-8 9.511582277355046e-8
          9.550142010539275e-8 9.558333147197118e-8 9.523957089641044e-8 9.4633357150542e-8 9.330334904689153e-8 9.183361271425383e-8
          9.118818411479879e-8 9.063380446150404e-8 8.913166738011569e-8 8.561450215438526e-8 7.978826488397317e-8 7.297890647350869e-8
          6.802962815299907e-8 7.2550541574401e-8 1.481907840883423e-8 9.422306490591836e-9 9.161222891407306e-9 1.0092969127128981e-8
          1.115144421248715e-8 1.1947369316089862e-8 1.2364437473877388e-8 1.2550948724765476e-8 1.2808021310206641e-8 1.2841429253285241e-8
          1.2802788162957768e-8 1.2767408463787433e-8 1.2735328347446284e-8 1.270622718152481e-8 1.2679696403949947e-8 1.2654653325228082e-8
          1.2629996604118787e-8 1.260928694790664e-8 1.2590431808234825e-8 1.2572479057837427e-8 1.2555353201548769e-8 1.2539012494983126e-8
          1.2523170056510935e-8 1.2507212154844183e-8 1.2490332323977782e-8 1.2472395560791938e-8 1.2455315889781104e-8 1.2440759533660639e-8
          1.2429334006469617e-8 1.2419945960573386e-8 1.2410687588726432e-8 1.2400779070276258e-8 1.239002234143527e-8 1.2379079095126144e-8
          1.2369712365511987e-8 1.2364309576184951e-8 0.23999999463558197 0.23999999463558197 0.23999999463558197 0.23999999463558197
          0.23999996483325958 0.2399972379207611 0.2399340569972992 0.23980173468589783 0.23889289796352386 0.14577321708202362
          0.000655314011964947 0.000004627101134246914 1.3577415813870175e-7 7.966794868252691e-8 8.996817513207134e-8 9.185047389337342e-8
          9.343252571625271e-8 9.470761597185628e-8 9.567704495339058e-8 9.627844832493793e-8 9.650424459550777e-8 9.641976816965325e-8
          9.573223991310442e-8 9.507324705282372e-8 9.396503486414076e-8 9.248100241165957e-8 9.13427626869634e-8 8.961013264752182e-8
          8.626930991795234e-8 8.092507641777047e-8 7.460894124733386e-8 6.930306284402832e-8 6.726988743821494e-8 7.571423310537284e-8
          2.2133031407634007e-8 1.2894090239967682e-8 1.0551201690134349e-8 1.0278787598849703e-8 1.0633351088529253e-8 1.1069173133648746e-8
          1.139360339408313e-8 1.1604635474782299e-8 1.1764648810697054e-8 1.1864109694670333e-8 1.1917503428549026e-8 1.194183418817829e-8
          1.1950913147984465e-8 1.1957278722718456e-8 1.1970274549355508e-8 1.199381838290492e-8 1.2027743245823785e-8 1.2063377852200574e-8
          1.209472788588073e-8 1.2118475112288252e-8 1.2134274030017878e-8 1.2143789973606545e-8 1.214951961259203e-8 1.2153730466479828e-8
          1.2157729933903738e-8 1.2161568641033682e-8 1.216412393034716e-8 1.2163953400090577e-8 1.2159846463077884e-8 1.2151134320959045e-8
          1.2137914673360228e-8 1.2121218695426705e-8 1.2102760571508497e-8 1.2084471201490032e-8 1.2068031907119803e-8 1.2054201192768232e-8
          0.23999999463558197 0.23999999463558197 0.23999999463558197 0.23999999463558197 0.23999999463558197 0.23999980092048645
          0.2399960607290268 0.23997148871421814 0.23677320778369904 0.06503927707672119 0.000263112859101966 0.000002081294269373757
          1.2652900238663278e-7 9.982107229689063e-8 9.551529700502215e-8 9.522101862557975e-8 9.627297004044522e-8 9.703962433604829e-8
          9.738561601579931e-8 9.72935652043816e-8 9.697318859025472e-8 9.667053291195771e-8 9.60713180120365e-8 9.535698097806744e-8
          9.441169623869428e-8 9.328443439926559e-8 9.182922156014683e-8 8.922570771119354e-8 8.473789137042331e-8 7.854488615066657e-8
          7.212892683128302e-8 6.718688183582344e-8 7.413066782646638e-8 7.772320032017888e-8 3.101525791748827e-8 1.849844544210555e-8
          1.3960984368566187e-8 1.2214346867267523e-8 1.1583381365198875e-8 1.1394562626776406e-8 1.1362920382396169e-8 1.1381423803413782e-8
          1.141720584740824e-8 1.1456315895941316e-8 1.1494329044126061e-8 1.1530402410642182e-8 1.1564664781360534e-8 1.1597195204160471e-8
          1.1627549589832142e-8 1.1654769593860692e-8 1.1677984801394814e-8 1.1700782565071677e-8 1.1721538406561649e-8 1.1736985605637074e-8
          1.1745473038615728e-8 1.1746848826987843e-8 1.1742116612367681e-8 1.1733061633378838e-8 1.1721875026182715e-8 1.1710722169766541e-8
          1.170136343375816e-8 1.1694727852784581e-8 1.1690159951172063e-8 1.1687064649379408e-8 1.1685236778191666e-8 1.168460084244316e-8
          1.1685111545034488e-8 1.168670671347627e-8 1.168928065453656e-8 1.1692635304427768e-8 0.23999999463558197 0.23999999463558197
          0.23999999463558197 0.23999999463558197 0.23999999463558197 0.23999999463558197 0.23999980092048645 0.23999285697937012
          0.23864498734474182 0.1145545244216919 0.0007983212126418948 0.000005197954124014359 1.2408200689151272e-7 7.638466570369928e-8
          9.957882696198794e-8 9.742213791241738e-8 9.741292217313458e-8 9.784150734049035e-8 9.778241860658454e-8 9.725023630835494e-8
          9.666114664241832e-8 9.646899457038671e-8 9.620791985298638e-8 9.554767643749074e-8 9.477347617803389e-8 9.389609090248996e-8
          9.279948898210932e-8 9.051437643847748e-8 8.655344174712809e-8 8.096897374798573e-8 7.5156115997288e-8 7.173168370400163e-8
          7.578150018616725e-8 8.017976682594963e-8 3.3573943625242464e-8 2.3225716461183765e-8 1.8276887558954513e-8 1.5713512269144303e-8
          1.4334845310770561e-8 1.3572518220428265e-8 1.3142172683444642e-8 1.2900277290839313e-8 1.2773581303804349e-8 1.2722702003031827e-8
          1.2725146270042842e-8 1.2766839141420405e-8 1.2837811702581803e-8 1.293002149793665e-8 1.3036260071430661e-8 1.3149589861427557e-8
          1.3264783049748985e-8 1.3388540054393161e-8 1.3509777296860648e-8 1.361719803583128e-8 1.3702097234613575e-8 1.3758636008276426e-8
          1.3783986396731507e-8 1.3778249652318664e-8 1.3744125837433785e-8 1.3686488387065765e-8 1.3611781035649528e-8 1.3527269082658222e-8
          1.3439675150550556e-8 1.3349610306079285e-8 1.3257796638299624e-8 1.3165743162346644e-8 1.3075307059295938e-8 1.2988444986206105e-8
          1.2907034552256391e-8 1.2832851226107778e-8 0.23999999463558197 0.23999999463558197 0.23999999463558197 0.23999999463558197
          0.23999999463558197 0.23999999463558197 0.23999999463558197 0.23999956250190735 0.23993903398513794 0.2350151389837265
          0.09561187773942947 0.0005452891928143799 0.000005716302439395804 5.230660917732166e-7 1.3956096722722577e-7 7.94976173779105e-8
          9.961268432334691e-8 9.894184671566109e-8 9.778907639201861e-8 9.672873346744382e-8 9.597384575954493e-8 9.578950965760669e-8
          9.583028770521196e-8 9.574560522196407e-8 9.513412635442364e-8 9.397916045372767e-8 9.330727834822028e-8 9.20025442496808e-8
          8.982229360299243e-8 8.69622454047203e-8 8.438767906682187e-8 8.399329232133823e-8 8.398617268312591e-8 8.434936660250969e-8
          5.451496321029481e-8 3.677880400232425e-8 2.896886996950343e-8 2.482085292854208e-8 2.2428359613968496e-8 2.1010482242900252e-8
          2.0183021476327667e-8 1.9737322887181108e-8 1.955297257438815e-8 1.9556152253130676e-8 1.9698610742580058e-8 1.994556164675032e-8
          2.0269103728765003e-8 2.064573756399568e-8 2.105518426276376e-8 2.147854338829802e-8 2.190389380984925e-8 2.2334237570476034e-8
          2.2744714556210965e-8 2.311249680531091e-8 2.341875138256455e-8 2.3648929925457196e-8 2.3793063519406132e-8 2.384585329195943e-8
          2.380663488565915e-8 2.3679270100274152e-8 2.347197458618666e-8 2.3196891518750817e-8 2.28703722626733e-8 2.251616848525373e-8
          2.215150374240693e-8 2.1781431769340998e-8 2.141090327256734e-8 2.1044913367518348e-8 2.068850690761792e-8 2.0346668350157415e-8
          0.23999999463558197 0.23999999463558197 0.23999999463558197 0.23999999463558197 0.23999999463558197 0.23999999463558197
          0.23999999463558197 0.23999997973442078 0.23999802768230438 0.2397526502609253 0.2369183450937271 0.23470386862754822
          0.23405328392982483 0.13539709150791168 0.0007828591042198241 0.000006159398253657855 8.415128860406185e-8 9.95973010731177e-8
          8.892131830862127e-8 8.87933282456288e-8 8.898261683043529e-8 8.92590961143469e-8 8.978564380868193e-8 9.04865373740904e-8
          9.089660579775227e-8 9.149320590040588e-8 9.304221748607233e-8 9.253228228089938e-8 9.182408433616729e-8 9.108818943559527e-8
          9.05672123963086e-8 9.043382931395172e-8 9.041813342491878e-8 9.041167459145072e-8 9.039241177788426e-8 8.45392378323595e-8
          7.570520210720133e-8 6.819464459795199e-8 6.286906995001118e-8 5.9350693248916286e-8 5.713549455776956e-8 5.583398277053675e-8
          5.518009871252616e-8 5.499827437915883e-8 5.516633549973449e-8 5.559158466894587e-8 5.6187435149013254e-8 5.688850990281935e-8
          5.765949850911056e-8 5.846791495400794e-8 5.9277596164974966e-8 6.002603925026051e-8 6.069873137448667e-8 6.128652074721685e-8
          6.178111533472475e-8 6.217555892362725e-8 6.246443007285052e-8 6.26438492190573e-8 6.271149999292902e-8 6.266639474006297e-8
          6.25085405658865e-8 6.223834247975901e-8 6.185575784911634e-8 6.135946506446999e-8 6.075422476214953e-8 6.005841157730174e-8
          5.929150859174115e-8 5.847300954542334e-8 5.7621612370439834e-8 5.675487457779127e-8
        </DataArray>
        <DataArray type="Float32" Name="N2_Gas_mass_fractions_2" format="ascii" RangeMin="0.26145315170288086" RangeMax="0.9466028213500977">
          0.7599999904632568 0.7599999904632568 0.7599999904632568 0.7599998712539673 0.7599599957466125 0.7509865164756775
          0.272064208984375 0.26354002952575684 0.2633380889892578 0.2629864811897278 0.2644766569137573 0.26370036602020264
          0.2630479037761688 0.26243212819099426 0.2618567645549774 0.26145315170288086 0.26158973574638367 0.26338115334510803
          0.2698512077331543 0.28554248809814453 0.3120427131652832 0.3391314148902893 0.3580428957939148 0.36543330550193787
          0.3644212782382965 0.35850462317466736 0.3491676449775696 0.33709466457366943 0.32324931025505066 0.30932101607322693
          0.2976616621017456 0.29070547223091125 0.29000553488731384 0.30331099033355713 0.9144414663314819 0.9465994834899902
          0.9466028213500977 0.9465998411178589 0.9465978741645813 0.9465965628623962 0.9465956687927246 0.9465950727462769
          0.9465947151184082 0.9465944766998291 0.9465942978858948 0.9465941786766052 0.9465941190719604 0.9465939998626709
          0.9465938806533813 0.946593701839447 0.9465934038162231 0.9465929269790649 0.9465920925140381 0.9465908408164978
          0.9465891718864441 0.9465889930725098 0.9465895891189575 0.9465906023979187 0.9465916156768799 0.9465925097465515
          0.9465932250022888 0.9465935826301575 0.946593701839447 0.946593701839447 0.9465936422348022 0.9465936422348022
          0.9465936422348022 0.9465936422348022 0.9465936422348022 0.9465936422348022 0.7599999904632568 0.7599999904632568
          0.7599999904632568 0.7599999308586121 0.7599844932556152 0.756921648979187 0.5323590040206909 0.46550261974334717
          0.42475345730781555 0.3677327334880829 0.3298184275627136 0.3107752203941345 0.30563750863075256 0.3072519898414612
          0.31485363841056824 0.33106058835983276 0.35942190885543823 0.40206602215766907 0.45496293902397156 0.5049295425415039
          0.5341313481330872 0.5349360108375549 0.5015009641647339 0.4473968744277954 0.3894948661327362 0.3485453128814697
          0.3268282115459442 0.3144153952598572 0.3058966100215912 0.30130401253700256 0.3007897138595581 0.30041104555130005
          0.3044978678226471 0.39179033041000366 0.922117292881012 0.9387112259864807 0.9315652251243591 0.924008846282959
          0.916978657245636 0.9110127091407776 0.9063401818275452 0.9029503464698792 0.9006630182266235 0.8992134928703308
          0.8983348608016968 0.8978115320205688 0.8974941968917847 0.8972907066345215 0.8971489667892456 0.8970409631729126
          0.8969525098800659 0.8968763947486877 0.8968114256858826 0.8967565298080444 0.8967113494873047 0.896670937538147
          0.8966342806816101 0.8966013193130493 0.8965722322463989 0.8965471982955933 0.896526038646698 0.8965086340904236
          0.8964947462081909 0.8964834213256836 0.8964742422103882 0.8964667916297913 0.8964607119560242 0.8964558839797974
          0.8964521884918213 0.8964497447013855 0.7599999904632568 0.7599999904632568 0.7599999904632568 0.7599999904632568
          0.7599954009056091 0.759193480014801 0.7043459415435791 0.6538781523704529 0.6120921969413757 0.5725516080856323
          0.5362001061439514 0.49523836374282837 0.4880451261997223 0.4946380853652954 0.5129061937332153 0.5409701466560364
          0.5747346878051758 0.6068122982978821 0.6294837594032288 0.6411908864974976 0.6449615955352783 0.6362248659133911
          0.5916253924369812 0.5058439373970032 0.41534972190856934 0.3597675561904907 0.33446961641311646 0.32250621914863586
          0.31563907861709595 0.31405481696128845 0.31496864557266235 0.32258108258247375 0.39956578612327576 0.5854275226593018
          0.9238523840904236 0.9356388449668884 0.9255720376968384 0.9150224328041077 0.9057127237319946 0.8986387252807617
          0.8940460085868835 0.8915653228759766 0.8904785513877869 0.8900905847549438 0.8899717926979065 0.8899343609809875
          0.8899144530296326 0.8898949027061462 0.8898738026618958 0.8898532390594482 0.8898359537124634 0.8898237943649292
          0.8898131847381592 0.8898029923439026 0.8897929191589355 0.889782726764679 0.8897725343704224 0.8897625803947449
          0.8897532820701599 0.8897448778152466 0.889737606048584 0.8897315859794617 0.8897268176078796 0.8897231817245483
          0.8897204399108887 0.8897186517715454 0.8897175788879395 0.889717161655426 0.8897170424461365 0.8897170424461365
          0.7599999904632568 0.7599999904632568 0.7599999904632568 0.7599999904632568 0.7599989771842957 0.7598461508750916
          0.7500307559967041 0.7352439761161804 0.7205197811126709 0.7074981927871704 0.6669281721115112 0.6437991857528687
          0.64398592710495 0.6494449377059937 0.6589493751525879 0.6698208451271057 0.6781115531921387 0.6828710436820984
          0.6860545873641968 0.688474178314209 0.6899880170822144 0.689382791519165 0.6806758046150208 0.6061768531799316
          0.48814889788627625 0.3951181471347809 0.34933435916900635 0.33630049228668213 0.33047083020210266 0.3351212739944458
          0.35621005296707153 0.40616002678871155 0.5045791268348694 0.6062278151512146 0.9202775359153748 0.9345852136611938
          0.9259130954742432 0.9134469628334045 0.9028797149658203 0.8963536620140076 0.894268810749054 0.8943838477134705
          0.8948099613189697 0.8951160311698914 0.8953688740730286 0.8956027030944824 0.8958166241645813 0.8960050344467163
          0.8961650729179382 0.8962975144386292 0.8964064717292786 0.8964976668357849 0.8965767025947571 0.8966480493545532
          0.8967148661613464 0.8967790007591248 0.8968409299850464 0.8969005346298218 0.8969572186470032 0.8970103859901428
          0.8970596194267273 0.8971048593521118 0.8971461057662964 0.8971831202507019 0.8972153067588806 0.8972417712211609
          0.8972617387771606 0.8972748517990112 0.8972816467285156 0.8972839117050171 0.7599999904632568 0.7599999904632568
          0.7599999904632568 0.7599999904632568 0.7599998116493225 0.7599788308143616 0.7587587833404541 0.7564709782600403
          0.754027247428894 0.748374342918396 0.6912510991096497 0.6904625296592712 0.6911822557449341 0.6925302743911743
          0.6941543817520142 0.695071816444397 0.695568859577179 0.6959476470947266 0.696264386177063 0.6965078711509705
          0.6966329216957092 0.6965324282646179 0.6875432133674622 0.6367835998535156 0.5118216276168823 0.4010304808616638
          0.3608958125114441 0.3484686613082886 0.3492669463157654 0.3680576980113983 0.40659236907958984 0.4591518044471741
          0.5068437457084656 0.49721217155456543 0.887903094291687 0.9250417351722717 0.9257476329803467 0.9177612066268921
          0.9090220332145691 0.9025419354438782 0.8991996049880981 0.8977430462837219 0.8957856893539429 0.8955919146537781
          0.8959333300590515 0.8962426781654358 0.8965228199958801 0.8967769742012024 0.8970088362693787 0.8972275257110596
          0.8974419832229614 0.8976242542266846 0.8977912664413452 0.8979505300521851 0.8981027603149414 0.8982483744621277
          0.8983898162841797 0.8985320329666138 0.8986817002296448 0.8988398313522339 0.8989909887313843 0.8991211652755737
          0.8992246985435486 0.8993101716041565 0.8993940949440002 0.8994836807250977 0.8995808959007263 0.8996794819831848
          0.8997628688812256 0.8998098373413086 0.7599999904632568 0.7599999904632568 0.7599999904632568 0.7599999904632568
          0.7599999904632568 0.7599979043006897 0.7598965764045715 0.7596925497055054 0.7592892050743103 0.7348698973655701
          0.6969583630561829 0.6968567967414856 0.6969524025917053 0.6970301866531372 0.697069525718689 0.697100818157196
          0.6971337199211121 0.6971632838249207 0.6971858143806458 0.6971980929374695 0.6971597075462341 0.6970000267028809
          0.6896098256111145 0.649524450302124 0.5363077521324158 0.4126978814601898 0.3678550124168396 0.3584495782852173
          0.36918577551841736 0.40064680576324463 0.4457371234893799 0.48964324593544006 0.5130152702331543 0.4778320789337158
          0.8388030529022217 0.9015276432037354 0.9167572855949402 0.9175121784210205 0.9139961004257202 0.9101667404174805
          0.9074039459228516 0.9056388735771179 0.9043389558792114 0.9035504460334778 0.9031376838684082 0.902955174446106
          0.9028870463371277 0.9028308987617493 0.9027136564254761 0.9025079607963562 0.9022224545478821 0.9019327163696289
          0.9016814231872559 0.9014939665794373 0.9013717770576477 0.9013002514839172 0.9012587070465088 0.9012290239334106
          0.901201069355011 0.9011749029159546 0.9011595845222473 0.9011666774749756 0.9012055397033691 0.901281476020813
          0.9013941884040833 0.9015361666679382 0.9016945362091064 0.9018543362617493 0.9020024538040161 0.9021323323249817
          0.7599999904632568 0.7599999904632568 0.7599999904632568 0.7599999904632568 0.7599999904632568 0.7599998712539673
          0.7599940299987793 0.7599780559539795 0.7591339945793152 0.7142305970191956 0.6972965002059937 0.6972317099571228
          0.6972332000732422 0.6972330212593079 0.6972333788871765 0.6972343325614929 0.6972354650497437 0.6972362399101257
          0.6972360610961914 0.6972294449806213 0.6971104741096497 0.6966761946678162 0.6917713284492493 0.6583578586578369
          0.5648846626281738 0.46546000242233276 0.3887832760810852 0.36182886362075806 0.37717902660369873 0.4156041145324707
          0.46283406019210815 0.5034759044647217 0.47101542353630066 0.4651625454425812 0.7793180346488953 0.8637992143630981
          0.894072949886322 0.9052351713180542 0.9088107943534851 0.9094966053962708 0.9092715382575989 0.9088439345359802
          0.9084015488624573 0.908013105392456 0.9076875448226929 0.907413899898529 0.9071780443191528 0.9069687128067017
          0.9067801833152771 0.9066122174263 0.9064642190933228 0.9063061475753784 0.9061490297317505 0.9060141444206238
          0.9059132933616638 0.9058494567871094 0.9058186411857605 0.9058122038841248 0.9058188796043396 0.9058274030685425
          0.9058290719985962 0.9058201313018799 0.9058065414428711 0.9057936072349548 0.9057832956314087 0.9057760238647461
          0.9057712554931641 0.9057683348655701 0.9057663679122925 0.9057654738426208 0.7599999904632568 0.7599999904632568
          0.7599999904632568 0.7599999904632568 0.7599999904632568 0.7599999904632568 0.7599997520446777 0.759997546672821
          0.7596448063850403 0.7271990776062012 0.6974552273750305 0.6972472071647644 0.6972450613975525 0.6972442269325256
          0.6972433924674988 0.6972424983978271 0.6972415447235107 0.6972404718399048 0.6972389221191406 0.6972312331199646
          0.6970630884170532 0.6959553360939026 0.6934433579444885 0.6646168828010559 0.5940148234367371 0.5165978074073792
          0.4500373601913452 0.3955599069595337 0.38180166482925415 0.404136598110199 0.442142516374588 0.46845024824142456
          0.4599374830722809 0.4542422890663147 0.7627401351928711 0.8321680426597595 0.8652681708335876 0.8822006583213806
          0.8911216855049133 0.8959255218505859 0.8985579609870911 0.8999882936477661 0.9007003903388977 0.9009478092193604
          0.9008710384368896 0.9005558490753174 0.9000617265701294 0.8994367718696594 0.8987244963645935 0.8979676365852356
          0.8971989154815674 0.8963758945465088 0.8955694437026978 0.894851803779602 0.8942782878875732 0.8938857913017273
          0.8936919569969177 0.8936961889266968 0.8938813209533691 0.8942166566848755 0.8946614265441895 0.8951698541641235
          0.8956999182701111 0.8962480425834656 0.8968098163604736 0.8973759412765503 0.8979347944259644 0.8984739780426025
          0.8989815711975098 0.8994462490081787 0.7599999904632568 0.7599999904632568 0.7599999904632568 0.7599999904632568
          0.7599999904632568 0.7599999904632568 0.7599999904632568 0.7599998712539673 0.759984016418457 0.7586965560913086
          0.7222470641136169 0.6973897218704224 0.6972479820251465 0.6972458362579346 0.6972449421882629 0.6972440481185913
          0.6972430348396301 0.697242021560669 0.6972408294677734 0.6972389221191406 0.6972259879112244 0.6970512866973877
          0.6959893107414246 0.6884698271751404 0.639724612236023 0.5584039688110352 0.49942120909690857 0.4527251124382019
          0.42469075322151184 0.41803669929504395 0.42353180050849915 0.4256953001022339 0.43107742071151733 0.439544141292572
          0.631635844707489 0.7454497814178467 0.7961485981941223 0.8231802582740784 0.8387693762779236 0.8479936122894287
          0.8533711433410645 0.8562723994255066 0.8574870228767395 0.8574974536895752 0.8566177487373352 0.8550729751586914
          0.8530427813529968 0.8506775498390198 0.8481062054634094 0.8454482555389404 0.8427855968475342 0.8401329517364502
          0.8376326560974121 0.8354104161262512 0.8335688710212708 0.8321859836578369 0.8313143849372864 0.8309808969497681
          0.8311876058578491 0.8319125175476074 0.8331112861633301 0.8347190022468567 0.8366479277610779 0.8387643098831177
          0.8409674167633057 0.8432202935218811 0.845487654209137 0.8477349281311035 0.8499284386634827 0.852035403251648
          0.7599999904632568 0.7599999904632568 0.7599999904632568 0.7599999904632568 0.7599999904632568 0.7599999904632568
          0.7599999904632568 0.7599999904632568 0.7599994540214539 0.7599353194236755 0.7591942548751831 0.7586151957511902
          0.7584450840950012 0.7326496839523315 0.6974518895149231 0.6972480416297913 0.6972456574440002 0.6972448229789734
          0.6972439289093018 0.6972430348396301 0.697242021560669 0.6972392797470093 0.6971724033355713 0.6965643167495728
          0.6957799196243286 0.6944085955619812 0.524729311466217 0.49245545268058777 0.4760347604751587 0.46827760338783264
          0.4658562242984772 0.4662482440471649 0.4674992859363556 0.46896934509277344 0.47079911828041077 0.5023444294929504
          0.5501840710639954 0.5913023352622986 0.6207332611083984 0.6403563618659973 0.6528560519218445 0.6603454947471619
          0.6642836928367615 0.6656411290168762 0.6650965213775635 0.6631655693054199 0.6603255867958069 0.656934380531311
          0.6531846523284912 0.6492504477500916 0.6453220844268799 0.641724705696106 0.6385279893875122 0.6357726454734802
          0.6334947943687439 0.6317238807678223 0.6304821968078613 0.6297846436500549 0.6296395659446716 0.6300496459007263
          0.6310137510299683 0.6325300335884094 0.6346001029014587 0.637233316898346 0.6404082775115967 0.6440333127975464
          0.6480109691619873 0.6522436141967773 0.6566370725631714 0.6611026525497437
        </DataArray>
        <DataArray type="Float32" Name="H2O_Gas_mass_fractions_3" format="ascii" RangeMin="6.210948031407455e-22" RangeMax="0.039474036544561386">
          1.6707089609880633e-16 5.631569361774606e-14 1.8425245704167814e-11 5.802143654420888e-9 0.000001647563294682186 0.00035578483948484063
          0.03857841342687607 0.039469096809625626 0.03943447396159172 0.039350155740976334 0.03923813998699188 0.03926694765686989
          0.039301373064517975 0.039348505437374115 0.03940635919570923 0.03946038335561752 0.039474036544561386 0.03934355825185776
          0.038791805505752563 0.03739844262599945 0.035014498978853226 0.03257019817829132 0.03086366131901741 0.030201414600014687
          0.03030223958194256 0.030848851427435875 0.03170605003833771 0.03280966356396675 0.03406774252653122 0.03532139211893082
          0.036355674266815186 0.03695737570524216 0.03700058162212372 0.03591563180088997 0.004427629988640547 0.0027744651306420565
          0.0027743070386350155 0.0027744611725211143 0.002774562919512391 0.0027746311388909817 0.002774676773697138 0.0027747065760195255
          0.002774725668132305 0.0027747382409870625 0.0027747468557208776 0.0027747529093176126 0.002774758031591773 0.0027747629210352898
          0.0027747692074626684 0.0027747785206884146 0.002774793654680252 0.0027748194988816977 0.0027748614083975554 0.0027749252039939165
          0.0027750106528401375 0.002775021828711033 0.0027749889995902777 0.002774938242509961 0.0027748849242925644 0.00277483812533319
          0.0027748029679059982 0.0027747827116400003 0.002774779452010989 0.002774779684841633 0.002774779684841633 0.0027747799176722765
          0.0027747799176722765 0.0027747799176722765 0.0027747799176722765 0.0027747799176722765 9.258422161558205e-17 2.909712333814922e-14
          8.870872786337358e-12 2.6093067706511874e-9 7.085561151143338e-7 0.0001521369704278186 0.017476612702012062 0.021923400461673737
          0.025464314967393875 0.029966043308377266 0.03335721418261528 0.0350627638399601 0.035522039979696274 0.03537880256772041
          0.034699697047472 0.03324471786618233 0.030687326565384865 0.026828832924365997 0.022030431777238846 0.017489800229668617
          0.014830880798399448 0.014750111848115921 0.01778234913945198 0.022700335830450058 0.027978073805570602 0.03172212839126587
          0.03371080756187439 0.034840576350688934 0.03560318052768707 0.035998694598674774 0.036024946719408035 0.03605273738503456
          0.03570932894945145 0.03117959201335907 0.00403174851089716 0.0031810046639293432 0.003549325978383422 0.003938770852982998
          0.0043010953813791275 0.004608571995049715 0.004849385470151901 0.005024089943617582 0.005141971167176962 0.005216673947870731
          0.005261948797851801 0.00528891384601593 0.00530526228249073 0.005315739195793867 0.005323036573827267 0.005328590981662273
          0.005333139095455408 0.00533704599365592 0.005340383388102055 0.005343206226825714 0.005345530807971954 0.005347609054297209
          0.005349499639123678 0.005351197440177202 0.005352695472538471 0.005353988613933325 0.005355078727006912 0.00535597512498498
          0.005356692709028721 0.005357274319976568 0.005357746966183186 0.005358130671083927 0.005358440335839987 0.005358688533306122
          0.005358880385756493 0.005359003785997629 4.360886594084456e-17 1.2480736557359418e-14 3.463099165074146e-12 9.190476157883154e-10
          2.2438595692619856e-7 0.00004349467053543776 0.004266371484845877 0.008078446611762047 0.01132228597998619 0.014388198964297771
          0.017102988436818123 0.018422165885567665 0.01905287243425846 0.01845087669789791 0.01679011806845665 0.014238880015909672
          0.011167491786181927 0.008246742188930511 0.0061795576475560665 0.005109366960823536 0.004761793650686741 0.005551505368202925
          0.009598646312952042 0.01739046350121498 0.02562015876173973 0.03068024478852749 0.03298112750053406 0.0340614840388298
          0.034674499183893204 0.0348106324672699 0.034774087369441986 0.03459852561354637 0.03072240762412548 0.021264664828777313
          0.003941677510738373 0.0033390510361641645 0.0038569828029721975 0.004398543853312731 0.00487485621124506 0.00523512763902545
          0.005467681214213371 0.005592444445937872 0.005646701902151108 0.005665931850671768 0.005671784281730652 0.005673620849847794
          0.005674594081938267 0.005675540305674076 0.005676558706909418 0.005677543580532074 0.0056783659383654594 0.005678933579474688
          0.005679422523826361 0.005679889116436243 0.00568035151809454 0.00568081671372056 0.0056812819093465805 0.005681735463440418
          0.0056821610778570175 0.005682544317096472 0.005682874005287886 0.005683145485818386 0.005683361552655697 0.005683526862412691
          0.005683648865669966 0.0056837317533791065 0.005683779716491699 0.0056837997399270535 0.005683803465217352 0.005683802999556065
          1.7088593580196215e-17 4.3478611993542655e-15 1.0712036726395757e-12 2.4837562562218807e-10 5.2116487125886124e-8 0.000008717925993551034
          0.00076295220060274 0.0018903333693742752 0.0030223014764487743 0.004009337164461613 0.004586412105709314 0.0048980917781591415
          0.004872389603406191 0.004372921772301197 0.0035046194680035114 0.0025112582370638847 0.0017529524629935622 0.0013168136356398463
          0.0010247204918414354 0.0008027395815588534 0.0006637901533395052 0.0007184970309026539 0.0015093529364094138 0.008274460211396217
          0.01899370178580284 0.027444401755928993 0.03160650283098221 0.03280951455235481 0.033437807112932205 0.03341302648186684
          0.032606612890958786 0.030305270105600357 0.02536289021372795 0.020194992423057556 0.004123495426028967 0.00339276110753417
          0.0038393668364733458 0.004478893708437681 0.005017800256609917 0.005346991587430239 0.005448934156447649 0.005440286360681057
          0.0054173399694263935 0.005401154514402151 0.0053878482431173325 0.005375551525503397 0.0053643109276890755 0.005354408640414476
          0.00534600205719471 0.005339047405868769 0.0053333258256316185 0.005328540224581957 0.005324394907802343 0.005320654716342688
          0.005317151080816984 0.005313791334629059 0.005310545675456524 0.005307423882186413 0.005304456222802401 0.005301672965288162
          0.005299094598740339 0.005296726711094379 0.00529456976801157 0.005292634479701519 0.005290950648486614 0.005289563909173012
          0.005288518965244293 0.0052878339774906635 0.005287477280944586 0.005287358537316322 5.502865760713626e-18 1.2147958064690411e-15
          2.600142865773203e-13 5.141739117808797e-11 8.972270038043462e-9 0.0000012429595699359197 0.00009483384928898886 0.0002697936724871397
          0.00045603630132973194 0.0005955876549705863 0.0006202645599842072 0.0006238726782612503 0.0005573733942583203 0.0004335986159276217
          0.00028447891236282885 0.0002000448585022241 0.00015413023356813937 0.00011911203910131007 0.00008982216968433931 0.00006727709114784375
          0.00005557812619372271 0.00006462966121034697 0.000882504100445658 0.005492786411195993 0.016839908435940742 0.026913363486528397
          0.030616076663136482 0.03193185478448868 0.032354388386011124 0.03172791376709938 0.02995927818119526 0.02721247635781765
          0.02436637692153454 0.023965276777744293 0.005638288799673319 0.00385122187435627 0.0038387207314372063 0.004254517611116171
          0.0047028325498104095 0.005032375920563936 0.005200596526265144 0.0052727325819432735 0.005368408281356096 0.0053763180039823055
          0.00535840867087245 0.00534226605668664 0.005327667575329542 0.00531443627551198 0.005302372854202986 0.005291013978421688
          0.00527989724650979 0.005270426161587238 0.005261744372546673 0.005253468174487352 0.005245562177151442 0.005238004494458437
          0.00523067032918334 0.005223304498940706 0.005215578246861696 0.005207438487559557 0.005199662409722805 0.005192965734750032
          0.005187646020203829 0.005183272995054722 0.005179004743695259 0.005174464080482721 0.005169540643692017 0.0051645440980792046
          0.005160313565284014 0.005157927051186562 1.4518473520232198e-18 2.705794604538047e-16 4.935172076233653e-14 8.186016101086047e-12
          1.160519236265145e-9 1.2719793573978677e-7 0.000007889631888247095 0.000023467275241273455 0.00003879522409988567 0.00004550005178316496
          0.00004249611811246723 0.000036112640373175964 0.000027120569939143024 0.000019866432921844535 0.000016141591913765296 0.000013152614883438218
          0.000010015163752541412 0.000007172151981649222 0.0000049630443754722364 0.0000036652481867349707 0.000006785907316952944 0.000021038262275396846
          0.0006937844445928931 0.004335484467446804 0.014617981389164925 0.025880157947540283 0.03012325055897236 0.03143775090575218
          0.03142382577061653 0.030132973566651344 0.027914073318243027 0.025526493787765503 0.02403469942510128 0.024792823940515518
          0.00792535301297903 0.004960324615240097 0.0042540160939097404 0.00424302089959383 0.004434374161064625 0.004634757526218891
          0.004777556750923395 0.004868095275014639 0.004933952819555998 0.004973519593477249 0.00499406922608614 0.005003089085221291
          0.005006503779441118 0.005009480286389589 0.00501566007733345 0.005026326514780521 0.005040920339524746 0.005055536981672049
          0.005068138241767883 0.005077476613223553 0.005083508789539337 0.005086991470307112 0.005088975187391043 0.005090372171252966
          0.005091683007776737 0.00509290024638176 0.0050935642793774605 0.0050931028090417385 0.0050910478457808495 0.005087134428322315
          0.00508137047290802 0.005074118729680777 0.005066013429313898 0.005057786591351032 0.005050096660852432 0.005043270532041788
          3.1449978160876657e-19 4.7777727187936264e-17 7.284415583751203e-15 1.0038389390565339e-12 1.145315786654777e-10 9.658878141749483e-9
          4.532804496193421e-7 0.0000013324550991455908 0.000002063185320366756 0.000002112697529810248 0.0000017986823195315083 0.0000014048598586668959
          0.0000011408807267798693 0.0000010787055089167552 9.635447213440784e-7 7.812247417859908e-7 5.767275297330343e-7 3.9455531464227533e-7
          2.708056001665682e-7 6.689767246825795e-7 0.000010797417417052202 0.00004902760701952502 0.0004958758363500237 0.0035330269020050764
          0.012024382129311562 0.021080415695905685 0.02819313108921051 0.031237171962857246 0.03111087530851364 0.029445044696331024
          0.027083033695816994 0.02489711157977581 0.02582799643278122 0.02534380741417408 0.010689528658986092 0.006726056337356567
          0.005311299115419388 0.004801029339432716 0.0046488200314342976 0.004630213603377342 0.0046509201638400555 0.004677999299019575
          0.004703455604612827 0.004724656231701374 0.0047416770830750465 0.004755412694066763 0.004766823258250952 0.0047766827046871185
          0.004785445053130388 0.0047932639718055725 0.004800299648195505 0.004808078054338694 0.004816068336367607 0.004823284223675728
          0.004829149227589369 0.004833480808883905 0.004836404230445623 0.0048382580280303955 0.004839497152715921 0.00484057841822505
          0.0048418547958135605 0.004843456204980612 0.004845077637583017 0.0048464443534612656 0.004847455304116011 0.004848098382353783
          0.004848412238061428 0.004848457407206297 0.004848295822739601 0.004847956821322441 5.55761521694668e-20 6.5762393118001986e-18
          8.182361563882591e-16 9.331582408915809e-14 8.62150715402743e-12 5.603303376844337e-10 1.9230554926252807e-8 5.5826056666319346e-8
          8.43640464154305e-8 8.617195135229849e-8 7.414520553084003e-8 6.47897735461811e-8 6.207214653386472e-8 6.173139865950361e-8
          5.79828132174498e-8 4.9899881560122594e-8 3.9999132894763534e-8 3.0783631643771514e-8 3.39773471580429e-8 5.343517841538414e-7
          0.00001493467698310269 0.00011130302300443873 0.00033942205482162535 0.002963118953630328 0.009379038587212563 0.016427215188741684
          0.0225561261177063 0.027916640043258667 0.03017856739461422 0.029755204916000366 0.028044549748301506 0.02670222334563732
          0.02632867358624935 0.02561093680560589 0.011435180902481079 0.008197169750928879 0.006652574986219406 0.005866844207048416
          0.005457208026200533 0.005239745136350393 0.005122567526996136 0.00506019638851285 0.0050301868468523026 0.005020935088396072
          0.00502610532566905 0.005041898228228092 0.005065694451332092 0.005095391068607569 0.0051290434785187244 0.005164737813174725
          0.005200992338359356 0.005239625461399555 0.005277428776025772 0.005311151035130024 0.005338323302567005 0.005357314832508564
          0.00536733353510499 0.005368401762098074 0.005361279938369989 0.005347331985831261 0.005328349769115448 0.0053063640370965
          0.00528323370963335 0.005259157158434391 0.005234350450336933 0.005209249909967184 0.005184391047805548 0.0051603433676064014
          0.005137657281011343 0.005116859916597605 7.564355059882898e-21 6.657826823953295e-19 6.526593999386297e-17 6.1430890857863945e-15
          4.682854581536389e-13 2.4271243001527942e-11 6.260529317181351e-10 1.9138393092532624e-9 3.1514291176648612e-9 3.798709347080376e-9
          4.011879273235763e-9 3.783259039380482e-9 3.762471223467401e-9 3.9470977597488854e-9 3.964079287044342e-9 3.89359433583536e-9
          3.6781104828520483e-9 3.4231972811937794e-9 4.33055369342128e-9 4.608988746213072e-8 0.0000010124578011527774 0.0000160481777129462
          0.00011012436880264431 0.0007922678487375379 0.005223926156759262 0.012624927796423435 0.018031490966677666 0.02247505635023117
          0.02551179751753807 0.026872949674725533 0.027102697640657425 0.027024198323488235 0.02655971609055996 0.02572600729763508
          0.01714196801185608 0.012059863656759262 0.009766650386154652 0.008536949753761292 0.00782619696110487 0.0074051483534276485
          0.007159188389778137 0.007025716360658407 0.006968632340431213 0.006965894717723131 0.007003179285675287 0.0070702433586120605
          0.007158957421779633 0.007262558210641146 0.007375277578830719 0.0074918135069310665 0.0076082367449998856 0.007722389884293079
          0.007828641682863235 0.007922254502773285 0.007999430410563946 0.008057334460318089 0.008094113320112228 0.008108868263661861
          0.008101606741547585 0.00807318277657032 0.008025229908525944 0.007960068061947823 0.00788088794797659 0.007792859338223934
          0.007700078189373016 0.007604396436363459 0.0075075565837323666 0.0074112131260335445 0.007316945120692253 0.00722625432536006
          6.210948031407455e-22 3.998470881398574e-20 2.949354039883601e-18 2.2702568805047863e-16 1.463344961698254e-14 6.37203939786446e-13
          1.3441893431664909e-11 4.719950125187111e-11 9.427258973460084e-11 1.4156839589496428e-10 1.8191638473386007e-10 2.0388644939028921e-10
          2.107462399036919e-10 3.6258857027959834e-10 4.353742921736625e-10 5.180273987548389e-10 5.576312189781163e-10 5.69224833935067e-10
          5.820994242178301e-10 7.246485633771726e-10 4.074843573675935e-9 1.5114652285319607e-7 0.000005942666120972717 0.00006063803084543906
          0.00013159106310922652 0.0002560517459642142 0.015725478529930115 0.018752822652459145 0.020397638902068138 0.02128319814801216
          0.021640613675117493 0.021643957123160362 0.021540768444538116 0.021417900919914246 0.0212691780179739 0.02013314887881279
          0.018390806391835213 0.016868041828274727 0.01576339267194271 0.015017790719866753 0.014535956084728241 0.014240642078220844
          0.014077644795179367 0.014010488986968994 0.0140134422108531 0.014066913165152073 0.014152937568724155 0.014258163049817085
          0.014375436119735241 0.014498419128358364 0.014620383270084858 0.014730023220181465 0.014825217425823212 0.014904906041920185
          0.014968198724091053 0.015014429576694965 0.015043155290186405 0.015054138377308846 0.015047317370772362 0.0150227602571249
          0.01498059555888176 0.014920912683010101 0.01484361570328474 0.014748292043805122 0.014635540544986725 0.014508362859487534
          0.014369954355061054 0.014223532751202583 0.014072203077375889 0.013918916694819927
        </DataArray>
        <DataArray type="Float32" Name="CO_Gas_mass_fractions_4" format="ascii" RangeMin="4.978340472417081e-21" RangeMax="0.27067720890045166">
          1.1154717701619362e-15 3.715296299777737e-13 1.194144644278694e-10 3.70369264146575e-8 0.00001072458690032363 0.0019180511590093374
          0.07480891048908234 0.08141400665044785 0.08645230531692505 0.09046998620033264 0.10349038243293762 0.11505730450153351
          0.12627334892749786 0.1371249407529831 0.14751015603542328 0.1571761667728424 0.1659640520811081 0.17374290525913239
          0.17987670004367828 0.1821749061346054 0.17984582483768463 0.17719735205173492 0.17723532021045685 0.18017835915088654
          0.18494866788387299 0.19092178344726562 0.19810818135738373 0.20665886998176575 0.2165091633796692 0.22725924849510193
          0.23821645975112915 0.24858856201171875 0.25762343406677246 0.27067720890045166 0.03872774541378021 0.026375267654657364
          0.02637440524995327 0.026375871151685715 0.026376839727163315 0.026377489790320396 0.026377921923995018 0.0263782050460577
          0.026378387585282326 0.026378508657217026 0.026378588750958443 0.02637864649295807 0.02637869492173195 0.02637874148786068
          0.026378801092505455 0.02637888863682747 0.026379035785794258 0.026379279792308807 0.026379678398370743 0.026380285620689392
          0.026381097733974457 0.026381203904747963 0.02638089284300804 0.02638041041791439 0.02637990191578865 0.026379456743597984
          0.026379123330116272 0.0263789314776659 0.026378899812698364 0.026378899812698364 0.026378901675343513 0.026378903537988663
          0.026378903537988663 0.026378903537988663 0.026378903537988663 0.026378903537988663 6.246245946179825e-16 1.9447127014207005e-13
          5.875058772808472e-11 1.7214837555457052e-8 0.00000478405900139478 0.0009020003490149975 0.06625029444694519 0.1037198156118393
          0.13570024073123932 0.1563168466091156 0.16376899182796478 0.16210046410560608 0.1635010987520218 0.16620522737503052
          0.1686660349369049 0.16936738789081573 0.1661507934331894 0.15671782195568085 0.14023645222187042 0.1207931786775589
          0.10793808102607727 0.10964018106460571 0.13045254349708557 0.16159659624099731 0.1915353387594223 0.21045243740081787
          0.2202436625957489 0.22727495431900024 0.23428601026535034 0.2414388656616211 0.24869610369205475 0.25795090198516846
          0.268613338470459 0.2481364607810974 0.03610770031809807 0.030242646113038063 0.0337471105158329 0.03745187073945999
          0.0408986434340477 0.043823644518852234 0.0461144857108593 0.04777643829584122 0.04889783263206482 0.04960848018527031
          0.050039175897836685 0.050295691937208176 0.050451215356588364 0.050550881773233414 0.05062029883265495 0.050673142075538635
          0.05071640759706497 0.050753574818372726 0.05078532546758652 0.05081217736005783 0.0508342906832695 0.05085406452417374
          0.05087204650044441 0.05088819935917854 0.05090244859457016 0.05091474950313568 0.0509251207113266 0.05093364790081978
          0.05094047635793686 0.05094600468873978 0.05095050483942032 0.05095415189862251 0.050957098603248596 0.05095946043729782
          0.05096128582954407 0.05096245929598808 2.955249513273583e-16 8.370261677780738e-14 2.2988040290772283e-11 6.021796838950877e-9
          0.0000014533487728840555 0.0002792978484649211 0.021981772035360336 0.046268705278635025 0.06828061491250992 0.08727344870567322
          0.10249113291501999 0.10961473733186722 0.11370659619569778 0.11256939172744751 0.10629676282405853 0.0948772206902504
          0.07929616421461105 0.06261003017425537 0.04932376742362976 0.04156537726521492 0.03884819895029068 0.04471341520547867
          0.07404201477766037 0.12647180259227753 0.17838355898857117 0.20880870521068573 0.2231919765472412 0.23216694593429565
          0.2403613030910492 0.24798378348350525 0.2582213580608368 0.2649955451488495 0.24544404447078705 0.1749698519706726
          0.0355854332447052 0.0317460335791111 0.03667391091585159 0.041825879365205765 0.046357233077287674 0.04978474602103233
          0.05199728161096573 0.053184349089860916 0.05370061844587326 0.05388360843062401 0.05393930897116661 0.05395679175853729
          0.05396605283021927 0.05397505685687065 0.05398474261164665 0.053994107991456985 0.05400191619992256 0.054007306694984436
          0.054011937230825424 0.0540163554251194 0.05402073636651039 0.05402514338493347 0.05402955040335655 0.05403384566307068
          0.05403788015246391 0.054041508585214615 0.05404462665319443 0.054047200828790665 0.05404924228787422 0.054050810635089874
          0.0540519654750824 0.05405275151133537 0.05405320227146149 0.05405339226126671 0.05405342951416969 0.054053425788879395
          1.1665349660987045e-16 2.936670682020595e-14 7.188383568945689e-12 1.6543697523019318e-9 3.4536671478235803e-7 0.00005972098733764142
          0.004517564084380865 0.011884491890668869 0.019772544503211975 0.02680802531540394 0.03121742606163025 0.03388120234012604
          0.03441723808646202 0.03191345930099487 0.02670300006866455 0.020126262679696083 0.014689337462186813 0.011307386681437492
          0.008901051245629787 0.007036554627120495 0.005870320834219456 0.006360948551446199 0.012520148418843746 0.06165054813027382
          0.1370031237602234 0.19524900615215302 0.22518528997898102 0.23707976937294006 0.24690024554729462 0.2547820806503296
          0.25682196021080017 0.2441694438457489 0.21027612686157227 0.1704517900943756 0.037160176783800125 0.03211900219321251
          0.03649924695491791 0.042590171098709106 0.047715723514556885 0.050844065845012665 0.051809221506118774 0.051723189651966095
          0.051502835005521774 0.051347725093364716 0.05122026056051254 0.05110247805714607 0.05099481716752052 0.05089997127652168
          0.05081945285201073 0.05075284093618393 0.050698038190603256 0.050652194768190384 0.05061248689889908 0.05057665333151817
          0.05054308474063873 0.05051089823246002 0.05047980323433876 0.05044989287853241 0.05042145401239395 0.05039478838443756
          0.05037007853388786 0.05034738779067993 0.05032672360539436 0.05030817911028862 0.05029204487800598 0.050278760492801666
          0.0502687469124794 0.05026218667626381 0.05025877058506012 0.05025763437151909 3.8007470147876377e-17 8.280168881818518e-15
          1.7664227285746348e-12 3.495458367197557e-10 6.143468311847755e-8 0.000008949409675551578 0.0006092280382290483 0.0018163856584578753
          0.003189622890204191 0.004292923491448164 0.004620445892214775 0.004775353241711855 0.004402447957545519 0.0035575702786445618
          0.002443341538310051 0.0017767873359844089 0.001394610502757132 0.0010975184850394726 0.0008480953401885927 0.0006578578031621873
          0.0005645019118674099 0.0006513016996905208 0.007321525830775499 0.042620427906513214 0.12725654244422913 0.2008523792028427
          0.2297624796628952 0.2436264604330063 0.25232985615730286 0.2543255686759949 0.24633929133415222 0.22907483577728271
          0.2110472321510315 0.21278046071529388 0.05066093057394028 0.03591885790228844 0.03630794584751129 0.04039440676569939
          0.04469750076532364 0.047843363136053085 0.04944523423910141 0.050131261348724365 0.05103897675871849 0.05111088976264
          0.05093931034207344 0.05078478902578354 0.050645019859075546 0.05051829665899277 0.05040271207690239 0.05029387027025223
          0.050187353044748306 0.050096407532691956 0.0500129759311676 0.04993339255452156 0.04985732585191727 0.04978455230593681
          0.04971389099955559 0.049642905592918396 0.04956844449043274 0.04949001222848892 0.04941496625542641 0.04935013875365257
          0.04929843544960022 0.04925575852394104 0.04921402782201767 0.04916961491107941 0.04912145808339119 0.049072664231061935
          0.049031518399715424 0.04900846630334854 1.0208618924140527e-17 1.8648734764542194e-15 3.3888918147401137e-13 5.649859746714725e-11
          8.108682614249574e-9 9.150800224233535e-7 0.00005401647285907529 0.00016756152035668492 0.00028736473177559674 0.0003487611538730562
          0.00034158388734795153 0.00030571589013561606 0.0002447916485834867 0.00019350697402842343 0.00016847651568241417 0.00014874085900373757
          0.00012780514953192323 0.00011017275392077863 0.00009932767716236413 0.0000987747116596438 0.0001421971683157608 0.0002818492357619107
          0.005936156492680311 0.035017821937799454 0.11463303864002228 0.20077744126319885 0.2353341281414032 0.2495194524526596
          0.25443872809410095 0.24968105554580688 0.23646971583366394 0.22082486748695374 0.2119583785533905 0.2192762792110443
          0.0709209218621254 0.045483317226171494 0.03971485048532486 0.03998177498579025 0.04196251928806305 0.043943047523498535
          0.04533721134066582 0.04621591418981552 0.04684972018003464 0.04722815006971359 0.0474238246679306 0.047509994357824326
          0.047544192522764206 0.047576047480106354 0.04764000326395035 0.04774753376841545 0.04789204150438309 0.04803503304719925
          0.048157949000597 0.048249028623104095 0.04830807074904442 0.048342514783144 0.04836249724030495 0.04837677255272865
          0.04839008301496506 0.048402320593595505 0.04840908199548721 0.04840490594506264 0.0483853779733181 0.04834797605872154
          0.04829273745417595 0.04822308570146561 0.04814501851797104 0.04806550219655037 0.04799081012606621 0.047924112528562546
          2.2698549451733406e-18 3.342233985281247e-16 5.052777857575408e-14 7.003631181945469e-12 8.110279114958985e-10 7.006811841847593e-8
          0.0000031753354505781317 0.000009978762136597652 0.00001604736280569341 0.00001712154880806338 0.000019222436094423756 0.0000215923701034626
          0.000025053446734091267 0.000030331841117003933 0.000035332501283846796 0.00004015400554635562 0.00004545517367660068 0.00005207749563851394
          0.00006102056795498356 0.00007786817150190473 0.00019121381046716124 0.0005617372808046639 0.0044259424321353436 0.029486151412129402
          0.09704868495464325 0.16822104156017303 0.22583672404289246 0.2537574768066406 0.2574213743209839 0.2486603558063507
          0.23327885568141937 0.21834102272987366 0.22826077044010162 0.22297915816307068 0.09524282068014145 0.060885824263095856
          0.048799410462379456 0.04459696263074875 0.0434875413775444 0.04349759966135025 0.04380204901099205 0.04412253573536873
          0.04440036788582802 0.04462037235498428 0.04478922858834267 0.0449194498360157 0.04502313211560249 0.04510999470949173
          0.04518631473183632 0.045255161821842194 0.04531947150826454 0.04539403319358826 0.04547399654984474 0.04555061459541321
          0.04561839997768402 0.045675069093704224 0.0457209087908268 0.04575803503394127 0.04578959196805954 0.04581882432103157
          0.045848194509744644 0.0458783358335495 0.04590627923607826 0.045929376035928726 0.04594668745994568 0.045958224684000015
          0.0459645576775074 0.045966535806655884 0.0459650456905365 0.045960672199726105 4.1521408766834957e-19 4.700100128402652e-17
          5.7412532674771654e-15 6.566227054270735e-13 6.159130844229921e-11 4.097498784716436e-9 1.3715445845718932e-7 4.284676151655731e-7
          6.725553589603805e-7 7.320497275031812e-7 0.0000035680770906765247 0.000008466618055535946 0.000013875990589440335 0.000019535062165232375
          0.00002546870382502675 0.00003177074177074246 0.00003873511013807729 0.0000467686440970283 0.00005663555202772841 0.00007438666216330603
          0.00022923701908439398 0.0011608233908191323 0.0031925919465720654 0.02536258101463318 0.07772193849086761 0.13402171432971954
          0.18388813734054565 0.22954614460468292 0.25163713097572327 0.252321720123291 0.2418602854013443 0.23345915973186493
          0.23027309775352478 0.22370369732379913 0.10193372517824173 0.07381634414196014 0.06047922000288963 0.05376773700118065
          0.05032532662153244 0.04853742569684982 0.047599874436855316 0.047118619084358215 0.04690229520201683 0.04685394838452339
          0.04692193120718002 0.04707605391740799 0.04729581996798515 0.047564636915922165 0.04786711186170578 0.04818763956427574
          0.04851394519209862 0.04886266216635704 0.04920601844787598 0.04951547086238861 0.04976912587881088 0.049952320754528046
          0.05005788803100586 0.05008586868643761 0.05004259943962097 0.04993978142738342 0.04979309067130089 0.04962024837732315
          0.04943733289837837 0.04924551770091057 0.04904639348387718 0.04884354770183563 0.04864152893424034 0.048445217311382294
          0.048259422183036804 0.04808878153562546 5.870911166420846e-20 4.905709187260569e-18 4.652157468018018e-16 4.358823415054336e-14
          3.365528558965658e-12 1.7834091148305475e-10 4.565523514798997e-9 1.4668865233602446e-8 2.4786787733432902e-8 3.117533609042766e-8
          1.1783755127225959e-7 0.00000347615718965244 0.000008101716957753524 0.000013146758647053503 0.000018444065062794834 0.000024472812583553605
          0.00003100923640886322 0.000038110225432319567 0.000046032582758925855 0.00005594977119471878 0.00007716580148553476 0.00023510536993853748
          0.0011212778044864535 0.007097400724887848 0.044560614973306656 0.10504592210054398 0.1491292417049408 0.18650130927562714
          0.21336579322814941 0.2269262820482254 0.23093102872371674 0.2314845621585846 0.22861069440841675 0.22257821261882782
          0.15079937875270844 0.10729962587356567 0.0875592827796936 0.07697683572769165 0.07088000327348709 0.06728778034448624
          0.0652071163058281 0.06409608572721481 0.06364309042692184 0.06365858763456345 0.0640198290348053 0.06463919579982758
          0.06544709950685501 0.0663854107260704 0.06740438938140869 0.06845802813768387 0.06951189786195755 0.07054618746042252
          0.07151183485984802 0.07236743718385696 0.07307960093021393 0.07362319529056549 0.07398157566785812 0.07414640486240387
          0.07411724328994751 0.07390113919973373 0.07351197302341461 0.07296977192163467 0.07230228930711746 0.07155483961105347
          0.07076346129179001 0.06994462758302689 0.06911388039588928 0.06828594207763672 0.06747491657733917 0.0666942149400711
          4.978340472417081e-21 3.0603568184021185e-19 2.1523555521623775e-17 1.6281411084655617e-15 1.0570177003642323e-13 4.690033517801284e-12
          9.913012771756158e-11 3.592076913694342e-10 7.291996451108673e-10 1.1204441818790656e-9 2.7706168470587045e-9 5.047061080176718e-8
          9.014386392891538e-8 9.410130985543219e-8 0.0000033656542655080557 0.000008512564818374813 0.000013881811355531681 0.000019477960449876264
          0.000025342505978187546 0.000031534080335404724 0.000038049794966354966 0.00004622010965249501 0.00010884394578170031 0.0006087087676860392
          0.0012425795430317521 0.002340795239433646 0.131658673286438 0.1572100818157196 0.17159289121627808 0.179764524102211
          0.18346400558948517 0.1840369701385498 0.18364854156970978 0.18309225142002106 0.1823309063911438 0.17344196140766144
          0.1592980921268463 0.14680561423301697 0.13771788775920868 0.13159751892089844 0.1276731938123703 0.12530943751335144
          0.12405724823474884 0.12361336499452591 0.12376316636800766 0.1243426501750946 0.12520043551921844 0.12622365355491638
          0.12735168635845184 0.1285306066274643 0.12970280647277832 0.13077089190483093 0.13171608746051788 0.13252858817577362
          0.13319994509220123 0.13372358679771423 0.13409475982189178 0.1343104988336563 0.13436934351921082 0.13427099585533142
          0.1340157389640808 0.13360360264778137 0.13303305208683014 0.13229994475841522 0.13140904903411865 0.13038630783557892
          0.12925952672958374 0.1280568689107895 0.12680569291114807 0.12553206086158752
        </DataArray>
        <DataArray type="Float32" Name="CO2_Gas_mass_fractions_5" format="ascii" RangeMin="7.343391207580403e-21" RangeMax="0.30274057388305664">
          1.0008198256413175e-14 3.5333602363407657e-12 1.1767248286886911e-9 3.6291004334998433e-7 0.0000994283618638292 0.02303510718047619
          0.08469115942716599 0.08224418759346008 0.08354160189628601 0.08428355306386948 0.08891775459051132 0.09289635717868805
          0.09686373919248581 0.10074681788682938 0.10450733453035355 0.10811690241098404 0.11172077804803848 0.1159139946103096
          0.12221294641494751 0.1324017494916916 0.14709065854549408 0.161981001496315 0.17311476171016693 0.17862381041049957
          0.17992039024829865 0.17881278693675995 0.1761751025915146 0.1724635511636734 0.16820795834064484 0.16423003375530243
          0.16163471341133118 0.16155730187892914 0.16464538872241974 0.17582710087299347 0.022288145497441292 0.014079916290938854
          0.014079117216169834 0.014079921878874302 0.014080453664064407 0.014080810360610485 0.014081047847867012 0.014081204310059547
          0.014081304892897606 0.014081371016800404 0.01408141478896141 0.014081447385251522 0.014081473462283611 0.014081500470638275
          0.014081532135605812 0.014081581495702267 0.014081661589443684 0.014081795699894428 0.014082014560699463 0.014082347974181175
          0.01408279500901699 0.014082852751016617 0.014082681387662888 0.014082416892051697 0.014082137495279312 0.014081893488764763
          0.014081710018217564 0.014081604778766632 0.014081587083637714 0.014081588014960289 0.014081588014960289 0.014081588946282864
          0.014081588946282864 0.014081589877605438 0.014081589877605438 0.014081589877605438 4.7724034298805406e-15 1.562208045216562e-12
          4.843264678200399e-10 1.3908810103657743e-7 0.00003460092193563469 0.006157276686280966 0.08437110483646393 0.15586966276168823
          0.15429644286632538 0.16832679510116577 0.15065191686153412 0.1389390081167221 0.1365279257297516 0.13858307898044586
          0.1440563052892685 0.15388894081115723 0.16931216418743134 0.19066959619522095 0.21527203917503357 0.23699329793453217
          0.24911095201969147 0.2502620220184326 0.23880526423454285 0.21928618848323822 0.197101429104805 0.18055592477321625
          0.1716957986354828 0.16718001663684845 0.16490982472896576 0.1649746298789978 0.1674758642911911 0.1708674132823944
          0.17732679843902588 0.16148366034030914 0.02041902020573616 0.016203230246901512 0.01812688075006008 0.02016088180243969
          0.022053249180316925 0.02365916408598423 0.02491692453622818 0.025829430669546127 0.026445185765624046 0.026835450902581215
          0.027072038501501083 0.02721301093697548 0.027298545464873314 0.027353428304195404 0.027391720563173294 0.02742094174027443
          0.02744494378566742 0.027465634047985077 0.027483275160193443 0.0274981539696455 0.027510376647114754 0.027521278709173203
          0.02753116935491562 0.027540039271116257 0.02754785493016243 0.027554595842957497 0.02756028063595295 0.027564959600567818
          0.02756871096789837 0.02757176198065281 0.02757425233721733 0.027576278895139694 0.027577921748161316 0.027579234912991524
          0.027580250054597855 0.027580903843045235 1.9743575670845212e-15 5.865379254337e-13 1.649223674293765e-10 4.280436272097177e-8
          0.000009495372069068253 0.0014192290836945176 0.02320307120680809 0.04972924664616585 0.06795258820056915 0.08470944315195084
          0.10498527437448502 0.22590140998363495 0.2241976410150528 0.22765953838825226 0.2359538972377777 0.2479800581932068
          0.26172155141830444 0.2740393579006195 0.28216373920440674 0.2860102355480194 0.2871650457382202 0.2843318283557892
          0.269632488489151 0.23983564972877502 0.20710672438144684 0.18645168840885162 0.1772589534521103 0.17374782264232635
          0.17290951311588287 0.17494872212409973 0.1788698434829712 0.17729736864566803 0.16058602929115295 0.11178261786699295
          0.020024333149194717 0.0170342568308115 0.019757376983761787 0.022627506405115128 0.02518286183476448 0.02714795619249344
          0.02844279631972313 0.029154174029827118 0.02947148121893406 0.029586704447865486 0.02962246909737587 0.029633844271302223
          0.029639974236488342 0.029646065086126328 0.029652748256921768 0.029659343883395195 0.029665008187294006 0.029669135808944702
          0.02967282570898533 0.029676420614123344 0.02968001551926136 0.029683638364076614 0.029687251895666122 0.02969077043235302
          0.029694082215428352 0.029697081074118614 0.02969968505203724 0.029701855033636093 0.029703594744205475 0.029704932123422623
          0.02970591001212597 0.02970656380057335 0.029706934466958046 0.029707089066505432 0.02970712259411812 0.02970712073147297
          6.866326473733584e-16 1.8171625499902727e-13 4.5160937489630015e-11 1.0227235947013469e-8 0.0000019572767087083776 0.000249564356636256
          0.004526127595454454 0.011947156861424446 0.019255101680755615 0.026746384799480438 0.19020530581474304 0.2841416001319885
          0.28485092520713806 0.28708723187446594 0.2906370759010315 0.29445481300354004 0.29720041155815125 0.29867294430732727
          0.2995993196964264 0.30028700828552246 0.3007146418094635 0.3005467653274536 0.29784202575683594 0.2733464539051056
          0.23359335958957672 0.2018270641565323 0.1866573840379715 0.1833357810974121 0.18210633099079132 0.18121911585330963
          0.17534036934375763 0.16070576012134552 0.13514529168605804 0.10779023915529251 0.0210566408932209 0.017312614247202873
          0.01966528408229351 0.023063721135258675 0.02599089965224266 0.02785372920334339 0.028499731793999672 0.028512705117464066
          0.028414899483323097 0.028339901939034462 0.028277035802602768 0.02821866050362587 0.028165217489004135 0.02811809629201889
          0.028078053146600723 0.028044886887073517 0.0280175618827343 0.0279946718364954 0.027974817901849747 0.027956876903772354
          0.0279400497674942 0.02792390249669552 0.027908289805054665 0.02789326012134552 0.027878958731889725 0.027865536510944366
          0.027853088453412056 0.02784164622426033 0.027831215411424637 0.027821850031614304 0.02781369909644127 0.02780698798596859
          0.027801930904388428 0.027798620983958244 0.027796896174550056 0.027796322479844093 1.963028236717199e-16 4.563236182149322e-14
          9.837475452301181e-12 1.8924162237254905e-9 3.0235079861995473e-7 0.00003229258436476812 0.0006036912091076374 0.0017755241133272648
          0.0031477937009185553 0.022692514583468437 0.2969622313976288 0.300596684217453 0.30088698863983154 0.3013450801372528
          0.3018595576286316 0.30213284492492676 0.3022693991661072 0.3023689091205597 0.3024495542049408 0.3025088310241699
          0.3025360703468323 0.30250459909439087 0.29983457922935486 0.283855676651001 0.24364212155342102 0.20725911855697632
          0.19414205849170685 0.18919086456298828 0.18465806543827057 0.1778447926044464 0.16716276109218597 0.1556725651025772
          0.15039384365081787 0.16757020354270935 0.03235678747296333 0.02040375955402851 0.019851448014378548 0.021935254335403442
          0.024315839633345604 0.0261247456073761 0.02708493545651436 0.027521619573235512 0.02813039906322956 0.028217097744345665
          0.02813132293522358 0.028052259236574173 0.02798040211200714 0.027915090322494507 0.02785542979836464 0.0277989711612463
          0.02774321660399437 0.027696406468749046 0.02765374630689621 0.027613043785095215 0.02757413126528263 0.027536924928426743
          0.027500765398144722 0.0274642463773489 0.027425508946180344 0.027384242042899132 0.02734486013650894 0.027311204001307487
          0.0272846557199955 0.027262676507234573 0.027240851894021034 0.027217378839850426 0.02719183824956417 0.027165867388248444
          0.027143731713294983 0.02713107131421566 4.539408713885651e-17 9.166863299795054e-15 1.6945028279841123e-12 2.7249760781167254e-10
          3.536998249842327e-8 0.000003031849246326601 0.000053484473028220236 0.00016488843539264053 0.0012604239163920283 0.11870968341827393
          0.3017832040786743 0.30262449383735657 0.3026573061943054 0.30267682671546936 0.30268359184265137 0.30268722772598267
          0.30269068479537964 0.3026924729347229 0.30269137024879456 0.30268594622612 0.3026666045188904 0.3026166260242462
          0.3004949688911438 0.28835371136665344 0.2530556619167328 0.21368971467018127 0.1981542706489563 0.19040988385677338
          0.18205611407756805 0.17136873304843903 0.15976448357105255 0.1512308567762375 0.15027426183223724 0.17509496212005615
          0.049588561058044434 0.028401803225278854 0.023047199472784996 0.022397160530090332 0.023178398609161377 0.024157166481018066
          0.02489166148006916 0.02537212148308754 0.025739964097738266 0.025969941169023514 0.02609379217028618 0.026150358840823174
          0.026171382516622543 0.026185836642980576 0.02621544525027275 0.0262694600969553 0.02634778991341591 0.02643059566617012
          0.02650369703769684 0.02655932866036892 0.02659659832715988 0.026619285345077515 0.026633117347955704 0.026643332093954086
          0.026652975007891655 0.026662195101380348 0.026668423786759377 0.02666834369301796 0.0266591627150774 0.026639346033334732
          0.0266091451048851 0.02657097578048706 0.02652882970869541 0.026487203314900398 0.026450004428625107 0.026419004425406456
          8.353644893794436e-18 1.4493145597291681e-15 2.2836097704655167e-13 3.055312947086719e-11 3.183417307539571e-9 2.1248388293315656e-7
          0.000003298519459349336 0.00003132793790427968 0.004063595086336136 0.2207004725933075 0.3024112582206726 0.30273741483688354
          0.3027360439300537 0.30273139476776123 0.3027266561985016 0.30272170901298523 0.3027162551879883 0.30270975828170776
          0.30270156264305115 0.30268946290016174 0.30264824628829956 0.30252939462661743 0.30116409063339233 0.2913700342178345
          0.2629472613334656 0.23209452629089355 0.20732420682907104 0.19236773252487183 0.18081380426883698 0.16801846027374268
          0.1558421552181244 0.14732342958450317 0.16740405559539795 0.17964337766170502 0.07049326598644257 0.041465792804956436
          0.030973738059401512 0.02692117728292942 0.025440439581871033 0.024984344840049744 0.024897310882806778 0.024931158870458603
          0.0250086672604084 0.025096353143453598 0.025183098390698433 0.025266364216804504 0.025346018373966217 0.02542191371321678
          0.02549274079501629 0.02555607259273529 0.025609707459807396 0.025661969557404518 0.025709163397550583 0.025743640959262848
          0.025761587545275688 0.02576272562146187 0.025749510154128075 0.025726232677698135 0.02569812349975109 0.025670336559414864
          0.025647060945630074 0.02563050575554371 0.025619136169552803 0.025611575692892075 0.02560735121369362 0.025606276467442513
          0.02560822106897831 0.025613009929656982 0.02562035247683525 0.02562975138425827 1.1898356182503637e-18 1.7448105795874217e-16
          2.3372042894250454e-14 2.616448941186733e-12 2.2059465365487085e-10 1.1465408178423786e-8 1.7314863498540944e-7 0.000008814577995508444
          0.001709037576802075 0.15824514627456665 0.3017424941062927 0.3027387857437134 0.30274057388305664 0.302735835313797
          0.3027307391166687 0.30272534489631653 0.302719384431839 0.30271250009536743 0.3027041554450989 0.302691787481308
          0.30263856053352356 0.3023686408996582 0.3016875088214874 0.29343393445014954 0.2724887728691101 0.24888531863689423
          0.2280777543783188 0.20709747076034546 0.19019314646720886 0.1755107045173645 0.16313336789608002 0.15683326125144958
          0.17060193419456482 0.1862366646528244 0.07671692222356796 0.05258328840136528 0.041074857115745544 0.035113658756017685
          0.03190243989229202 0.030123135074973106 0.02911699004471302 0.02855098992586136 0.028254730626940727 0.028136303648352623
          0.02814304642379284 0.02824191190302372 0.028409430757164955 0.02862667292356491 0.028876621276140213 0.029142921790480614
          0.029413370415568352 0.029704831540584564 0.029990913346409798 0.030244454741477966 0.030444437637925148 0.030576717108488083
          0.030634410679340363 0.03061774931848049 0.030533339828252792 0.03039308451116085 0.03021266683936119 0.030009718611836433
          0.029800402000546455 0.029585953801870346 0.029367879033088684 0.029149621725082397 0.028935492038726807 0.02873006835579872
          0.02853773534297943 0.028362654149532318 1.225981058724064e-19 1.4758763284324258e-17 1.6742710521686229e-15 1.589631204446107e-13
          1.1126718470200192e-11 4.674027831441663e-10 7.513316191420927e-9 5.363691570892115e-7 0.0000769018879509531 0.006288233213126659
          0.18214088678359985 0.3020614981651306 0.3027381896972656 0.3027404546737671 0.30273643136024475 0.30273139476776123
          0.30272579193115234 0.30271977186203003 0.3027130365371704 0.3027048408985138 0.3026920557022095 0.302639365196228
          0.30236661434173584 0.3002980947494507 0.28634876012802124 0.2621670961380005 0.24408641457557678 0.22798149287700653
          0.21364809572696686 0.20189596712589264 0.19393590092658997 0.19333066046237946 0.1948884278535843 0.19855618476867676
          0.12767139077186584 0.08522070199251175 0.06665928661823273 0.05684306100010872 0.05119813233613968 0.04786325991153717
          0.04592704400420189 0.04489589482545853 0.04448544979095459 0.044521529227495193 0.04489031061530113 0.04550960287451744
          0.046313244849443436 0.04724523425102234 0.04825696349143982 0.04930282011628151 0.050355441868305206 0.051429636776447296
          0.05246167257428169 0.05339183285832405 0.05417050048708916 0.05475899577140808 0.0551304928958416 0.05527040362358093
          0.05517638847231865 0.0548582524061203 0.05433753505349159 0.053646452724933624 0.052828334271907806 0.051944807171821594
          0.051039718091487885 0.05012434348464012 0.04920991510152817 0.04830802604556084 0.04743059352040291 0.046589549630880356
          7.343391207580403e-21 6.927742578671824e-19 6.57358116690176e-17 5.396620972227808e-15 3.276482817698989e-13 1.219701770138748e-11
          2.6894389493214987e-10 2.2024021717470532e-8 0.0000024960922928585205 0.0003120297333225608 0.0038874123711138964 0.006680854130536318
          0.00750152301043272 0.13195312023162842 0.3017618656158447 0.302737295627594 0.3027403652667999 0.3027355968952179
          0.30273061990737915 0.30272534489631653 0.3027198314666748 0.30271369218826294 0.3026907742023468 0.3025229275226593
          0.3023059368133545 0.3019219934940338 0.25222721695899963 0.2417224943637848 0.23510970175266266 0.2306307554244995
          0.22826442122459412 0.22803039848804474 0.22841574251651764 0.22885656356811523 0.22930510342121124 0.2140037566423416
          0.19088894128799438 0.17132878303527832 0.15752467513084412 0.1484522968530655 0.14278113842010498 0.1394915133714676
          0.13789036870002747 0.13752226531505585 0.1380712389945984 0.13929779827594757 0.1409771889448166 0.1429392248392105
          0.1450919359922409 0.14735005795955658 0.14961764216423035 0.15172773599624634 0.15364015102386475 0.15532878041267395
          0.15676960349082947 0.15794213116168976 0.1588299572467804 0.15942098200321198 0.15970738232135773 0.1596851795911789
          0.1593533158302307 0.15871205925941467 0.15776079893112183 0.15649574995040894 0.15492969751358032 0.15311232209205627
          0.15109644830226898 0.1489349603652954 0.14667870104312897 0.14437538385391235
        </DataArray>
        <DataArray type="Float32" Name="H2_Gas_mass_fractions_6" format="ascii" RangeMin="8.508879401041599e-22" RangeMax="0.04613451287150383">
          1.8895928624704152e-16 6.289592327859972e-14 2.019578775047659e-11 6.2584897264628125e-9 0.0000018142330873160972 0.00032073710463009775
          0.010999227873980999 0.012124208733439445 0.013026008382439613 0.013748600147664547 0.016080426052212715 0.01814408414065838
          0.020144740119576454 0.02207954227924347 0.02393040806055069 0.025653082877397537 0.02722141519188881 0.028618359938263893
          0.02974725514650345 0.030242575332522392 0.029972007498145103 0.029648052528500557 0.02975880727171898 0.030324656516313553
          0.03117028996348381 0.03220353275537491 0.03343448415398598 0.03489401191473007 0.03657615929841995 0.0384192131459713
          0.04031257703900337 0.04212777316570282 0.04373815655708313 0.04613451287150383 0.006644328590482473 0.004539843183010817
          0.004539705812931061 0.004539958201348782 0.004540124908089638 0.004540236666798592 0.004540311172604561 0.004540360067039728
          0.004540391732007265 0.004540412221103907 0.004540426190942526 0.004540435969829559 0.004540444351732731 0.004540452267974615
          0.004540462512522936 0.004540477879345417 0.004540503025054932 0.004540544934570789 0.004540613852441311 0.004540718160569668
          0.00454085785895586 0.004540876019746065 0.004540822468698025 0.004540739580988884 0.00454065203666687 0.004540575202554464
          0.0045405179262161255 0.004540484864264727 0.004540479276329279 0.004540479741990566 0.004540479741990566 0.0045404802076518536
          0.0045404802076518536 0.0045404802076518536 0.0045404802076518536 0.0045404802076518536 1.0586963560824523e-16 3.294511270236257e-14
          9.947965194656572e-12 2.914302799084112e-9 8.109083182716859e-7 0.0001517603814136237 0.010761416517198086 0.01718035340309143
          0.022674517706036568 0.026080705225467682 0.027204010635614395 0.026801595464348793 0.02702341601252556 0.027514852583408356
          0.027995603159070015 0.028209557756781578 0.02779117226600647 0.026342088356614113 0.023691605776548386 0.020496288314461708
          0.01836244761943817 0.018670782446861267 0.022201990708708763 0.027463294565677643 0.03248758614063263 0.035637371242046356
          0.037264566868543625 0.03845122084021568 0.03965656831860542 0.040909528732299805 0.04220356047153473 0.04385414347052574
          0.0457785464823246 0.04239876940846443 0.006200709380209446 0.005205519963055849 0.00580874877050519 0.00644643884152174
          0.007039721589535475 0.0075431945733726025 0.007937510497868061 0.0082235774025321 0.008416599594056606 0.008538921363651752
          0.00861305557191372 0.008657209575176239 0.008683978579938412 0.008701134473085403 0.00871308334171772 0.008722178637981415
          0.00872962549328804 0.008736022748053074 0.008741487748920918 0.008746109902858734 0.008749916218221188 0.008753320202231407
          0.008756414987146854 0.008759195916354656 0.008761648088693619 0.008763765916228294 0.008765550330281258 0.008767018094658852
          0.008768193423748016 0.008769146166741848 0.008769920095801353 0.008770547807216644 0.00877105537801981 0.008771461434662342
          0.008771775290369987 0.008771977387368679 5.010134370304672e-17 1.4182579908389708e-14 3.892948029909915e-12 1.0190481791738648e-9
          2.457887546825077e-7 0.00004721213917946443 0.0036643038038164377 0.007767998613417149 0.011500186286866665 0.014704148285090923
          0.017255477607250214 0.018446560949087143 0.019138215109705925 0.018971500918269157 0.0179524514824152 0.016068655997514725
          0.013473390601575375 0.01067142840474844 0.008424300700426102 0.007103307638317347 0.006638404447585344 0.007636846974492073
          0.012626906856894493 0.02151416800916195 0.03028237260878086 0.03540695086121559 0.037835076451301575 0.03937176614999771
          0.04079749435186386 0.04215007647871971 0.043980009853839874 0.04520019516348839 0.04194587841629982 0.0299407746642828
          0.006112956441938877 0.0054642860777676105 0.006312527693808079 0.007199316751211882 0.007979277521371841 0.008569235913455486
          0.008950063958764076 0.009154383093118668 0.009243243373930454 0.0092747388407588 0.009284325875341892 0.009287334978580475
          0.009288929402828217 0.009290478192269802 0.009292146191000938 0.009293757379055023 0.009295101277530193 0.00929602887481451
          0.009296826086938381 0.009297586046159267 0.009298339486122131 0.009299098514020443 0.00929985661059618 0.00930059514939785
          0.009301288984715939 0.009301913902163506 0.009302450343966484 0.009302892722189426 0.009303244762122631 0.00930351484566927
          0.009303713217377663 0.009303848259150982 0.009303925558924675 0.009303958155214787 0.009303964674472809 0.009303964674472809
          1.97842676630269e-17 4.977785626183659e-15 1.218044328593626e-12 2.802147958114176e-10 5.8481639086949144e-8 0.000010130670489161275
          0.0007600210374221206 0.0020065438002347946 0.0033458275720477104 0.004541724920272827 0.005293771158903837 0.005749749485403299
          0.005846353247761726 0.005429094657301903 0.004550986923277378 0.003436439670622349 0.0025109651032835245 0.0019326915498822927
          0.0015197264729067683 0.001199129386804998 0.0009981433395296335 0.0010816371068358421 0.002132896799594164 0.010493730194866657
          0.023296181112527847 0.033182207494974136 0.03827425092458725 0.040324777364730835 0.04203992709517479 0.04344867169857025
          0.043862078338861465 0.041743576526641846 0.03599385917186737 0.02919912151992321 0.006382995285093784 0.0055275848135352135
          0.006282411515712738 0.007330866996198893 0.00821309257298708 0.008751525543630123 0.008917609229683876 0.008902770467102528
          0.00886482559144497 0.008838118985295296 0.008816171437501907 0.00879589281976223 0.008777355775237083 0.008761025033891201
          0.00874716229736805 0.00873569305986166 0.008726256899535656 0.00871836394071579 0.008711527101695538 0.00870535708963871
          0.008699577301740646 0.008694035932421684 0.00868868175894022 0.008683531545102596 0.008678635582327843 0.008674044162034988
          0.008669789880514145 0.008665882982313633 0.008662324398756027 0.008659131824970245 0.008656353689730167 0.008654066361486912
          0.008652342483401299 0.00865121278911829 0.008650625124573708 0.008650428615510464 6.4499457894659086e-18 1.4042011614419305e-15
          2.9950979305200243e-13 5.927033863706299e-11 1.042105601811727e-8 0.000001521981516816595 0.00010298624692950398 0.0003078387235291302
          0.0005416533094830811 0.0007301187142729759 0.0007867807289585471 0.0008133784285746515 0.0007500081555917859 0.0006058244034647942
          0.00041501104715280235 0.00030012952629476786 0.00023360212799161673 0.00018151353287976235 0.00013744141324423254 0.00010332146484870464
          0.0000857331688166596 0.0000996395101537928 0.0012409865157678723 0.007263773120939732 0.021686287596821785 0.034214675426483154
          0.03915144503116608 0.041546788066625595 0.04307504743337631 0.043469540774822235 0.04215138405561447 0.039236146956682205
          0.03619028627872467 0.03652259334921837 0.008700594305992126 0.006177937611937523 0.0062482585199177265 0.006952507887035608
          0.0076934280805289745 0.008234971202909946 0.00851068738847971 0.008628745563328266 0.008784988895058632 0.00879734754562378
          0.008767805062234402 0.008741200901567936 0.008717136457562447 0.00869531836360693 0.008675416931509972 0.008656676858663559
          0.008638337254524231 0.008622676134109497 0.008608309552073479 0.008594605140388012 0.008581506088376045 0.008568973280489445
          0.008556804619729519 0.008544579148292542 0.008531755767762661 0.008518248796463013 0.008505322970449924 0.00849415734410286
          0.008485249243676662 0.008477896451950073 0.008470705710351467 0.008463052101433277 0.008454754017293453 0.0084463469684124
          0.008439258672297001 0.00843528751283884 1.7340111700718224e-18 3.1643970357250425e-16 5.74935132596939e-14 9.58773165027349e-12
          1.3769085871473408e-9 1.5561666089070059e-7 0.000009162765309156384 0.000028484620997915044 0.000048938763939077035 0.00005948709076619707
          0.0000577319115109276 0.00005079614857095294 0.00003952195038436912 0.000029823644581483677 0.000024550727175665088 0.00002011045035033021
          0.000015361578334704973 0.000011030731002392713 0.0000076533515311894 0.000005684294137608958 0.000010789291991386563 0.0000328746136801783
          0.0010028354590758681 0.00597544526681304 0.019566817209124565 0.034263819456100464 0.04017597436904907 0.042628802359104156
          0.04350801929831505 0.04273718595504761 0.04051345959305763 0.03786536678671837 0.03637266904115677 0.037631768733263016
          0.012177684344351292 0.007817639037966728 0.006831048522144556 0.006879460532218218 0.007221459411084652 0.007562845014035702
          0.007803044281899929 0.00795439537614584 0.008063537999987602 0.008128689602017403 0.008162371814250946 0.008177205920219421
          0.008183103986084461 0.008188609965145588 0.008199651725590229 0.008218199945986271 0.008243110962212086 0.008267749100923538
          0.008288925513625145 0.008304617367684841 0.008314790204167366 0.00832072738558054 0.008324174210429192 0.00832663755863905
          0.008328934200108051 0.00833104457706213 0.008332210592925549 0.008331493474543095 0.008328132331371307 0.008321692235767841
          0.008312181569635868 0.008300188928842545 0.008286744356155396 0.008273049257695675 0.008260182105004787 0.008248688653111458
          3.860560744734319e-19 5.675580659024392e-17 8.576664294675414e-15 1.1891706152775128e-12 1.3781210894681095e-10 1.192057208498909e-8
          5.392685125116259e-7 0.0000017002956838041428 0.000002739112460403703 0.0000029125478704372654 0.0000025746755909494823 0.00000207723292078299
          0.0000017234870028914884 0.0000016422210364908096 0.0000014722230616825982 0.0000011968259059358388 8.854951829562197e-7 6.056606025595102e-7
          4.151785049089085e-7 0.0000010646937198544038 0.00001742317181196995 0.00007793277472956106 0.0007420246838591993 0.005035026464611292
          0.016583934426307678 0.02874201536178589 0.0385972298681736 0.0433974526822567 0.04405940696597099 0.04259664565324783
          0.039994172751903534 0.0374600812792778 0.03917330875992775 0.03825930878520012 0.016350768506526947 0.010459437035024166
          0.008388212881982327 0.007669209968298674 0.007480505853891373 0.0074834744445979595 0.007536588702350855 0.007592164445668459
          0.007640224415808916 0.007678214926272631 0.007707325741648674 0.007729736156761646 0.0077475495636463165 0.007762453984469175
          0.007775542791932821 0.007787355221807957 0.007798405829817057 0.007811242248862982 0.007825030945241451 0.007838270626962185
          0.007850016467273235 0.007859873585402966 0.007867882959544659 0.007874403148889542 0.00787996593862772 0.00788512360304594
          0.007890293374657631 0.007895580492913723 0.007900472730398178 0.00790451467037201 0.007907544262707233 0.007909565232694149
          0.00791067723184824 0.00791102647781372 0.007910769432783127 0.007910007610917091 7.073800444369727e-20 7.990065100172265e-18
          9.751023171759008e-16 1.1153873506232481e-13 1.0470413598639983e-11 6.973759347772557e-10 2.331423409884792e-8 7.309611049777232e-8
          1.1492292628645373e-7 1.2041650165883766e-7 1.048898639055551e-7 9.152113733534861e-8 8.789439220890927e-8 8.78655441738374e-8
          8.270502149798631e-8 7.108940991429336e-8 5.679726200469304e-8 4.358255267788991e-8 5.011033721302738e-8 8.595528697696864e-7
          0.000024120603484334424 0.00017953642236534506 0.000527558324392885 0.004331337288022041 0.01329248771071434 0.022917520254850388
          0.03144916146993637 0.039275869727134705 0.043082915246486664 0.043231140822172165 0.04146752133965492 0.04004915803670883
          0.0395023338496685 0.038372308015823364 0.017499621957540512 0.012677891179919243 0.010391313582658768 0.009241200983524323
          0.008651715703308582 0.00834584515541792 0.00818564835935831 0.00810355506837368 0.00806677620857954 0.00805871281772852
          0.008070533163845539 0.008097080513834953 0.008134855888783932 0.008181030862033367 0.008232970722019672 0.00828800443559885
          0.008344036526978016 0.008403927087783813 0.00846291333436966 0.008516094647347927 0.008559715934097767 0.008591261692345142
          0.008609498851001263 0.008614428341388702 0.008607138879597187 0.008589640259742737 0.008564619347453117 0.00853511318564415
          0.008503870107233524 0.008471096865832806 0.008437062613666058 0.008402381092309952 0.008367832750082016 0.00833425298333168
          0.008302466943860054 0.008273269981145859 1.001983828486586e-20 8.352086071930079e-19 7.907555488431326e-17 7.407331075826116e-15
          5.723051156245051e-13 3.035994719513546e-11 7.769301313409471e-10 2.5023512151278737e-9 4.232786565694369e-9 5.165813110608042e-9
          5.125786461945836e-9 4.844533219028335e-9 4.721282476083388e-9 4.894355143392204e-9 4.86451057213344e-9 4.751336657449201e-9
          4.4940735577370106e-9 4.223644545220395e-9 5.808390213246639e-9 7.330986306897103e-8 0.0000016340160300387652 0.000025897847081068903
          0.00017478602239862084 0.0011989736231043935 0.007620984688401222 0.017973659560084343 0.025516945868730545 0.03192007169127464
          0.03653241693973541 0.03887110576033592 0.039572302252054214 0.039675790816545486 0.03919070586562157 0.038164008408784866
          0.025874251499772072 0.018419213593006134 0.015035291202366352 0.013221255503594875 0.01217628363519907 0.011560730636119843
          0.011204319074749947 0.011014129966497421 0.010936741717159748 0.01093966607004404 0.011001864448189735 0.011108321137726307
          0.01124710775911808 0.011408265680074692 0.011583263985812664 0.011764216236770153 0.011945214122533798 0.012122854590415955
          0.012288722209632397 0.012435716576874256 0.012558109126985073 0.012651590630412102 0.012713300995528698 0.012741807848215103
          0.012737033888697624 0.012700182385742664 0.012633634731173515 0.012540820986032486 0.01242650207132101 0.012298448011279106
          0.012162841856479645 0.012022512033581734 0.011880124919116497 0.011738210916519165 0.01159918773919344 0.011465359479188919
          8.508879401041599e-22 5.219731000646948e-20 3.662740035953168e-18 2.768314900468275e-16 1.7978970566555168e-14 7.984758687573645e-13
          1.6878552375199085e-11 6.125645130028445e-11 1.244307157310942e-10 1.8844650839788812e-10 2.3797228076993804e-10 2.652638941835761e-10
          2.7308280636795246e-10 2.7873556240898267e-10 2.9105001742024683e-10 3.2040198272298426e-10 3.365296930013528e-10 3.449753538387057e-10
          3.6121505786468333e-10 5.885671949812377e-10 6.001346086748072e-9 2.430383574392181e-7 0.000009486478120379616 0.00009356605733046308
          0.00020124806906096637 0.0003884022880811244 0.022537384182214737 0.026915740221738815 0.02938389778137207 0.030789144337177277
          0.031427934765815735 0.031529948115348816 0.0314667634665966 0.03137480095028877 0.03124779462814331 0.02973056025803089
          0.027312438935041428 0.025175640359520912 0.023621009662747383 0.022574087604880333 0.02190302684903145 0.021499115973711014
          0.0212855264544487 0.021210355684161186 0.02123686671257019 0.021336980164051056 0.021484779193997383 0.021660923957824707
          0.02185503952205181 0.02205788716673851 0.02225959300994873 0.022443467751145363 0.022606289014220238 0.0227463748306036
          0.022862272337079048 0.022952845320105553 0.02301727794110775 0.023055056110024452 0.023065920919179916 0.023049816489219666
          0.02300678938627243 0.022936834022402763 0.022839685901999474 0.022714629769325256 0.022562481462955475 0.022387685254216194
          0.022195011377334595 0.021989287808537483 0.021775206550955772 0.021557239815592766
        </DataArray>
        <DataArray type="Float32" Name="CH4_Gas_mass_fractions_7" format="ascii" RangeMin="1.0629608125120606e-21" RangeMax="0.05771457403898239">
          2.3786236287985413e-16 7.921721818012623e-14 2.5458321215032775e-11 7.895125442303197e-9 0.000002286358039782499 0.0004083748208358884
          0.015731729567050934 0.017140109091997147 0.018219968304038048 0.01908149942755699 0.02187217026948929 0.024350285530090332
          0.02675316482782364 0.02907784841954708 0.03130251541733742 0.03337310627102852 0.03525584936141968 0.03692348673939705
          0.038241852074861526 0.03874477371573448 0.03826368227601051 0.037714552134275436 0.03773543983697891 0.03837092965841293
          0.03939221799373627 0.04066787660121918 0.04220113158226013 0.044024813920259476 0.04612571746110916 0.04841936007142067
          0.05075892060995102 0.05297623947262764 0.05491109564900398 0.05771457403898239 0.00826227106153965 0.005628527142107487
          0.005628353450447321 0.005628666374832392 0.005628873128443956 0.005629011429846287 0.005629104096442461 0.005629164166748524
          0.005629203747957945 0.0056292288936674595 0.00562924612313509 0.005629258695989847 0.005629268940538168 0.005629279185086489
          0.005629291757941246 0.005629310384392738 0.005629341583698988 0.005629393737763166 0.005629478953778744 0.005629607941955328
          0.005629781633615494 0.005629804451018572 0.005629737861454487 0.005629634950309992 0.005629526451230049 0.005629431456327438
          0.00562936021015048 0.005629319231957197 0.005629312247037888 0.005629312712699175 0.005629313178360462 0.005629313178360462
          0.005629313178360462 0.0056293136440217495 0.0056293136440217495 0.0056293136440217495 1.3320297191711278e-16 4.146802936840291e-14
          1.2526779093191553e-11 3.670416859336001e-9 0.000001020147806229943 0.00019216860528104007 0.014062166213989258 0.022057268768548965
          0.028882957994937897 0.03326483443379402 0.03483463078737259 0.03446333482861519 0.03475949168205261 0.03533971309661865
          0.03587200120091438 0.03603328764438629 0.03536349534988403 0.03337154537439346 0.02987622655928135 0.025743918493390083
          0.02300870232284069 0.02337311953306198 0.02780911512672901 0.03444487974047661 0.0408199317753315 0.04484514892101288
          0.04692816734313965 0.04842614755034447 0.0499224029481411 0.05145162716507912 0.053005825728178024 0.05498787760734558
          0.05727396905422211 0.052920471876859665 0.0077038779854774475 0.006453680340200663 0.0072014243341982365 0.007991887629032135
          0.008727304637432098 0.0093513960018754 0.009840179234743118 0.010194780305027962 0.01043404545634985 0.010585671290755272
          0.010677565820515156 0.010732297785580158 0.010765479877591133 0.010786745697259903 0.010801556520164013 0.010812830179929733
          0.010822061449289322 0.010829990729689598 0.010836765170097351 0.010842493735253811 0.010847211815416813 0.010851430706679821
          0.010855267755687237 0.010858714580535889 0.010861754417419434 0.0108643788844347 0.010866591706871986 0.010868411511182785
          0.010869868099689484 0.010871048085391521 0.010872007347643375 0.010872785933315754 0.01087341457605362 0.010873918421566486
          0.010874307714402676 0.010874558240175247 6.302342688345211e-17 1.7848574926523052e-14 4.90151235571501e-12 1.2838474727772109e-9
          3.098256229350227e-7 0.00005953447180218063 0.004678104072809219 0.009853837080299854 0.01454643253237009 0.0185931995511055
          0.021833347156643867 0.02334810048341751 0.024218935519456863 0.023979095742106438 0.02264707162976265 0.020218929275870323
          0.01690283976495266 0.013348517939448357 0.010515964590013027 0.00886022299528122 0.00827928725630045 0.009529056958854198
          0.015782427042722702 0.026957837864756584 0.038019031286239624 0.04450012743473053 0.04756460711359978 0.04947928711771965
          0.051230087876319885 0.05286175385117531 0.05505469813942909 0.05650687590241432 0.052347004413604736 0.03732089325785637
          0.00759262777864933 0.00677443016320467 0.007825855165719986 0.008925024420022964 0.00989172887057066 0.010622885078191757
          0.011094814166426659 0.011347982101142406 0.011458073742687702 0.011497089639306068 0.01150896493345499 0.011512691155076027
          0.011514665558934212 0.011516585014760494 0.011518649756908417 0.011520644649863243 0.011522307991981506 0.011523455381393433
          0.01152444165199995 0.011525382287800312 0.011526314541697502 0.011527253314852715 0.011528191156685352 0.01152910478413105
          0.011529963463544846 0.011530735529959202 0.011531399562954903 0.011531947180628777 0.011532382108271122 0.011532715521752834
          0.011532961390912533 0.011533128097653389 0.011533224955201149 0.011533265002071857 0.011533272452652454 0.011533272452652454
          2.4878823424904245e-17 6.262372500583481e-15 1.5328018802135412e-12 3.527449998763643e-10 7.363578902186418e-8 0.000012735323252854869
          0.0009623729274608195 0.0025327017065137625 0.004214777145534754 0.0057152952067554 0.006655910052359104 0.007223317865282297
          0.007337380666285753 0.006803678814321756 0.005692692007869482 0.004289725795388222 0.003129099728539586 0.002406327985227108
          0.0018914290703833103 0.0014920169487595558 0.0012416336685419083 0.0013454019790515304 0.002658816520124674 0.013135455548763275
          0.029201040044426918 0.04161801561713219 0.048001013696193695 0.05054021254181862 0.05263920873403549 0.05432754009962082
          0.05477018281817436 0.05207674205303192 0.04485287144780159 0.036360517144203186 0.007928579114377499 0.006853925995528698
          0.007788573857396841 0.00908806174993515 0.010181461460888386 0.010848660953342915 0.01105436310172081 0.011035885661840439
          0.010988821275532246 0.010955704376101494 0.01092849113047123 0.01090334728360176 0.01088036224246025 0.010860114358365536
          0.010842924937605858 0.010828704573214054 0.010817005299031734 0.0108072180300951 0.01079874113202095 0.010791091248393059
          0.010783925652503967 0.010777054354548454 0.010770415887236595 0.010764030739665031 0.010757959447801113 0.010752266272902489
          0.010746991261839867 0.010742147453129292 0.010737735778093338 0.010733776725828648 0.01073033269494772 0.01072749588638544
          0.010725358501076698 0.010723958723247051 0.010723229497671127 0.010722986422479153 8.106662824956515e-18 1.7658389136568386e-15
          3.7668875180543737e-13 7.45394648782316e-11 1.310121344744175e-8 0.000001909067577798851 0.00012985522334929556 0.0003872720990329981
          0.0006802280549891293 0.0009157036547549069 0.0009853254305198789 0.0010174644412472844 0.0009370055631734431 0.0007557846838608384
          0.0005169287323951721 0.00037346454337239265 0.0002905736328102648 0.00022573472233489156 0.00017089862376451492 0.00012845492165070027
          0.0001065694450517185 0.0001238524419022724 0.001547221327200532 0.009076991118490696 0.027127746492624283 0.04282171279191971
          0.04898814484477043 0.05194837972521782 0.05380948260426521 0.05424119904637337 0.052542924880981445 0.04886414855718613
          0.04502207413315773 0.04539385810494423 0.010808765888214111 0.007664407137781382 0.0077476645819842815 0.008619559928774834
          0.00953755434602499 0.010208572261035442 0.010550166480243206 0.01069637294858694 0.010889818891882896 0.010905100964009762
          0.010868462733924389 0.010835464112460613 0.010805617086589336 0.01077855471521616 0.010753870010375977 0.010730622336268425
          0.010707869194447994 0.010688448324799538 0.010670630261301994 0.010653633624315262 0.01063738577067852 0.010621841996908188
          0.010606748051941395 0.010591583326458931 0.010575675405561924 0.010558919049799442 0.010542885400354862 0.010529035702347755
          0.010517990216612816 0.01050887443125248 0.01049996167421341 0.0104904780164361 0.01048019528388977 0.010469776578247547
          0.010460990481078625 0.010456065647304058 2.1777262568841752e-18 3.9774001696256053e-16 7.227323530227189e-14 1.2049260027235942e-11
          1.7294217169450121e-9 1.9520193461630697e-7 0.000011518401151988655 0.00003574030415620655 0.00006130903784651309 0.00007442011701641604
          0.00007211403863038868 0.00006336638034554198 0.00004923883534502238 0.00003711740646394901 0.00003054051921935752 0.00002501174276403617
          0.000019103057638858445 0.000013715948625758756 0.000009515491001366172 0.000007065571480779909 0.000013393607332545798 0.000040833165257936344
          0.0012490071821957827 0.0074550434947013855 0.02443857491016388 0.04281258210539818 0.050184719264507294 0.05321372672915459
          0.054267287254333496 0.05325706675648689 0.0504426471889019 0.04710802808403969 0.04521859809756279 0.046779192984104156
          0.015130873769521713 0.009704669006168842 0.008474321104586124 0.00853140838444233 0.008954020217061043 0.009376519359648228
          0.009673896245658398 0.00986129604279995 0.009996449574828148 0.010077136568725109 0.010118850506842136 0.010137214325368404
          0.010144498199224472 0.010151284746825695 0.010164917446672916 0.010187841020524502 0.010218646377325058 0.010249122977256775
          0.010275316424667835 0.010294720530509949 0.010307292453944683 0.010314618237316608 0.010318860411643982 0.010321885347366333
          0.010324705392122269 0.010327295400202274 0.010328719392418861 0.01032781321555376 0.010323637165129185 0.010315652936697006
          0.010303870774805546 0.010289018042385578 0.010272372514009476 0.01025541964918375 0.0102394949644804 0.010225273668766022
          4.843106297346178e-19 7.129192428653218e-17 1.0776644333854168e-14 1.4937467495562684e-12 1.7299005283799573e-10 1.4947392656949887e-8
          6.772133929189295e-7 0.000002129143013007706 0.0000034248512292833766 0.0000036366570839163614 0.000003210280510757002 0.000002587029257483664
          0.0000021448418010550085 0.000002043095491899294 0.0000018313240843781387 0.0000014885923746987828 0.0000011012728009518469 7.532561312473263e-7
          5.163641958461085e-7 0.0000013215726539783645 0.000021611449483316392 0.00009672259329818189 0.0009230042342096567 0.006273863837122917
          0.02068902924656868 0.03587181121110916 0.0481635220348835 0.05412251874804497 0.0549079068005085 0.05304282158613205
          0.04976458474993706 0.04658004641532898 0.048696618527173996 0.04756850749254227 0.020319413393735886 0.012990392744541168
          0.010412206873297691 0.009515832178294659 0.009279237128794193 0.009281410835683346 0.009346367791295052 0.009414730593562126
          0.009473997168242931 0.009520926512777805 0.009556945413351059 0.009584723971784115 0.009606843814253807 0.009625377133488655
          0.009641663171350956 0.009656354784965515 0.009670077823102474 0.00968598760664463 0.009703047573566437 0.009719391353428364
          0.009733849205076694 0.009745934046804905 0.009755708277225494 0.009763620793819427 0.009770343080163002 0.009776569902896881
          0.009782825596630573 0.009789245203137398 0.00979519635438919 0.00980011560022831 0.009803801774978638 0.009806257672607899
          0.009807606227695942 0.009808027185499668 0.009807709604501724 0.009806779213249683 8.861547774424226e-20 1.0027384479110771e-17
          1.2246212827780726e-15 1.400545125837191e-13 1.3137995032164174e-11 8.741442014681411e-10 2.9254900724140498e-8 9.143894885710324e-8
          1.4355384791997494e-7 1.50278950172833e-7 1.308412578282514e-7 1.1417170497907136e-7 1.0963822205667384e-7 1.0958137863781303e-7
          1.031369620818623e-7 8.865542611147248e-8 7.084074837848675e-8 5.4365784762921976e-8 6.23961255996619e-8 0.0000010663153489076649
          0.0000299174826068338 0.00022269462351687253 0.0006553060957230628 0.005392010789364576 0.016565848141908646 0.028577502816915512
          0.03921663016080856 0.04895917698740959 0.053675051778554916 0.053824491798877716 0.0515955351293087 0.04980514943599701
          0.049124669283628464 0.04772193729877472 0.021746814250946045 0.015748808160424232 0.012903761118650436 0.011472109705209732
          0.01073781680315733 0.010356447659432888 0.010156466625630856 0.010053815320134163 0.010007675737142563 0.009997367858886719
          0.010011875070631504 0.010044757276773453 0.010091643780469894 0.010149000212550163 0.010213535279035568 0.01028191763907671
          0.010351532138884068 0.010425933636724949 0.010499192401766777 0.010565215721726418 0.010619335807859898 0.010658427141606808
          0.01068095862865448 0.010686931200325489 0.010677702724933624 0.010655775666236877 0.01062448974698782 0.010587622411549091
          0.010548594407737255 0.010507667437195778 0.010465181432664394 0.01042190007865429 0.010378793813288212 0.010336905717849731
          0.0102972611784935 0.010260849259793758 1.2533005240670891e-20 1.0468555882141946e-18 9.924493798821015e-17 9.297813746407622e-15
          7.179297846320043e-13 3.8047627548554175e-11 9.739541395603624e-10 3.1304971948031834e-9 5.2900066549455005e-9 6.453135803496934e-9
          6.419034193072548e-9 6.066242175251091e-9 5.916834133756765e-9 6.136832375602808e-9 6.102164995525072e-9 5.961714677482632e-9
          5.6387623459386305e-9 5.297469574117031e-9 7.258493806006072e-9 9.098204856172742e-8 0.0000020267873424018035 0.000032122952688951045
          0.00021694005408789963 0.001490707858465612 0.009487615898251534 0.02239563874900341 0.03180157393217087 0.039776016026735306
          0.04550924524664879 0.04840433597564697 0.04926043376326561 0.04937930777668953 0.04876667633652687 0.04747997596859932
          0.03217002749443054 0.022891243919730186 0.0186803936958313 0.016423016786575317 0.015122483484447002 0.01435621827840805
          0.013912390917539597 0.013675399124622345 0.013578777201473713 0.013582092709839344 0.013659161515533924 0.01379129197448492
          0.013963639736175537 0.014163807034492493 0.01438118051737547 0.014605949632823467 0.014830765314400196 0.0150514030829072
          0.015257395803928375 0.015439912676811218 0.015591830015182495 0.015707790851593018 0.015784243121743202 0.015819407999515533
          0.0158131942152977 0.01576710119843483 0.0156840942800045 0.015568438917398453 0.015426059253513813 0.015266618691384792
          0.015097804367542267 0.014923131093382835 0.014745914377272129 0.0145692965015769 0.014396284706890583 0.01422974094748497
          1.0629608125120606e-21 6.532459201067787e-20 4.592546465563812e-18 3.4733213335939146e-16 2.2549143609729323e-14 1.0005964156192815e-12
          2.1148664416936747e-11 7.665461321249012e-11 1.5560934485403521e-10 2.3559065809308777e-10 2.9771518583743273e-10 3.3193331416825345e-10
          3.417754690371311e-10 3.585174379594491e-10 3.780719626256257e-10 4.1873532419245407e-10 4.4070386229222436e-10 4.5161790973580196e-10
          4.719751256487825e-10 7.541344215766799e-10 7.467833462726503e-9 3.0149666940815223e-7 0.000011771839126595296 0.00011625135812209919
          0.0002501191047485918 0.0004828546952921897 0.028074920177459717 0.03352705389261246 0.036596376448869705 0.038340501487255096
          0.039130330085754395 0.03925289213657379 0.039170265197753906 0.039051808416843414 0.03888961300253868 0.036994386464357376
          0.033978380262851715 0.03131438419222832 0.029376402497291565 0.02807120978832245 0.027234340086579323 0.02673027664422989
          0.02646327205002308 0.026368651539087296 0.026400644332170486 0.026524271816015244 0.026707252487540245 0.02692550979554653
          0.02716611884534359 0.027417581528425217 0.027667606249451637 0.027895426377654076 0.028097035363316536 0.02827034518122673
          0.028413552790880203 0.028525253757834435 0.02860443852841854 0.028650473803281784 0.028663046658039093 0.028642097488045692
          0.02858768217265606 0.02849980629980564 0.02837814949452877 0.028221817687153816 0.028031833469867706 0.027813728898763657
          0.027573436498641968 0.027316957712173462 0.02705013006925583 0.026778511703014374
        </DataArray>
        <DataArray type="Float32" Name="TAR_Gas_mass_fractions_8" format="ascii" RangeMin="1.1580799186587314e-21" RangeMax="0.5040656328201294">
          7.447012028306138e-16 2.598597606626868e-13 8.916531402114458e-11 2.9210388774458806e-8 0.000007938821909192484 0.0024460311979055405
          0.5030190944671631 0.5040656328201294 0.4959751069545746 0.4900778532028198 0.46592438220977783 0.446584552526474
          0.4276156425476074 0.4091901183128357 0.39148634672164917 0.37476709485054016 0.3587740361690521 0.34207645058631897
          0.3212781548500061 0.29349496960639954 0.2577705383300781 0.22175735235214233 0.19324901700019836 0.17686742544174194
          0.1698448210954666 0.168040469288826 0.16920731961727142 0.17205432057380676 0.1752638816833496 0.17702965438365936
          0.17505992949008942 0.16708719730377197 0.15207573771476746 0.11041992902755737 0.005208412650972605 0.000002507930730644148
          0.0000012603715049408493 0.0000012601336720763356 0.0000012601362868736032 0.000001260137992176169 0.0000012601391290445463 0.0000012601399248524103
          0.0000012601403795997612 0.0000012601407206602744 0.0000012601409480339498 0.0000012601410617207875 0.0000012601411754076253 0.000001260141289094463
          0.0000012601415164681384 0.0000012601417438418139 0.000001260142084902327 0.0000012601427670233534 0.0000012601437902048929 0.000001260145381820621
          0.0000012601475418705377 0.0000012601478829310508 0.000001260146973436349 0.0000012601457228811341 0.0000012601443586390815 0.0000012601432217707043
          0.0000012601423122760025 0.0000012601418575286516 0.0000012601417438418139 0.0000012601417438418139 0.0000012601417438418139 0.0000012601417438418139
          0.0000012601417438418139 0.0000012601417438418139 0.0000012601417438418139 0.0000012601417438418139 4.005423725289922e-16 1.2960849570236438e-13
          4.058798783179718e-11 1.208913058547978e-8 0.0000030904488994565327 0.0008990444475784898 0.1707180291414261 0.17770996689796448
          0.1792536824941635 0.21719956398010254 0.26034191250801086 0.29185739159584045 0.29702842235565186 0.28972622752189636
          0.27385661005973816 0.24819540977478027 0.21127302944660187 0.16400399804115295 0.11393020302057266 0.07355386763811111
          0.05261751264333725 0.0483677051961422 0.06144767999649048 0.08711174875497818 0.12058267742395401 0.14824159443378448
          0.16332869231700897 0.16941159963607788 0.16972531378269196 0.16392257809638977 0.1518039107322693 0.13587577641010284
          0.11080006510019302 0.07209064066410065 0.0034196507185697556 0.000002685586423467612 0.0000012802098581232713 0.0000012896391581307398
          0.0000012988209618924884 0.0000013066128303762525 0.0000013127154261383112 0.0000013171426189728663 0.0000013201299680076772 0.0000013220229675425799
          0.0000013231702951088664 0.000001323853666690411 0.0000013242679415270686 0.0000013245334002931486 0.0000013247183687781217 0.000001324859113083221
          0.000001324974277849833 0.0000013250732990854885 0.0000013251578820927534 0.0000013252293911136803 0.0000013252882808956201 0.0000013253409179014852
          0.0000013253888937470037 0.0000013254318673716625 0.0000013254698387754615 0.0000013255025805847254 0.0000013255302064862917 0.000001325552943853836
          0.0000013255711337478715 0.0000013255857993499376 0.000001325597850154736 0.0000013256075135359424 0.0000013256153579277452 0.0000013256217243906576
          0.000001325626499237842 0.0000013256296824692981 1.8616139083847276e-16 5.507506817682521e-14 1.5754187884797766e-11 4.3360155466132255e-9
          0.0000010935174259429914 0.00021766014106106013 0.03135259076952934 0.050955336540937424 0.0650181844830513 0.08151295781135559
          0.09906256943941116 0.10840224474668503 0.11163640767335892 0.10373140126466751 0.08745342493057251 0.06564599275588989
          0.042703777551651 0.02427152916789055 0.013908826746046543 0.010160484351217747 0.009345593862235546 0.012012368999421597
          0.02669202722609043 0.061986032873392105 0.10523834824562073 0.1343846470117569 0.14669856429100037 0.1486663967370987
          0.14438793063163757 0.13319014012813568 0.11413124948740005 0.09882031381130219 0.06938876956701279 0.03929362818598747
          0.0028905842918902636 0.000003085422349613509 0.0000012881488373750472 0.0000013012954696023371 0.0000013133706033841008 0.0000013225056818555458
          0.0000013284034139360301 0.000001331567204942985 0.0000013329423609320656 0.00000133342814478965 0.0000013335744597497978 0.000001333618911303347
          0.0000013336414212972159 0.000001333663021796383 0.000001333686327598116 0.0000013337084965314716 0.000001333726345364994 0.000001333737372988253
          0.000001333746354248433 0.0000013337546533875866 0.0000013337629525267403 0.0000013337715927264071 0.0000013337804602997494 0.0000013337893278730917
          0.0000013337979680727585 0.0000013338056987777236 0.0000013338124063011492 0.0000013338179769561975 0.0000013338224107428687 0.0000013338257076611626
          0.0000013338282087715925 0.000001333830027760996 0.0000013338310509425355 0.0000013338313920030487 0.0000013338315056898864 0.0000013338315056898864
          7.129875348966942e-17 1.879813951797659e-14 4.729321101404338e-12 1.1215193218561126e-9 2.392268072526349e-7 0.00003659197682281956
          0.004542252514511347 0.00996120274066925 0.014448355883359909 0.018025755882263184 0.019594701007008553 0.0200324859470129
          0.018687190487980843 0.014948596246540546 0.00996214710175991 0.005360572598874569 0.002605578163638711 0.0014927205629646778
          0.00100909813772887 0.0007082890952005982 0.0005233464180491865 0.0005638253642246127 0.0026608845219016075 0.02692244201898575
          0.06976360827684402 0.10556107014417648 0.12094110995531082 0.11960938572883606 0.11240556091070175 0.09768819063901901
          0.08038866519927979 0.06483910977840424 0.043789803981781006 0.029775472357869148 0.0030705707613378763 0.00020889499865006655
          0.00001199841335619567 0.0000013017213404964423 0.0000013181511349102948 0.0000013260621471999912 0.0000013254616533231456 0.0000013262201719044242
          0.0000013278749975143 0.0000013270971521706088 0.000001326734036410926 0.0000013263779692351818 0.0000013260374771562056 0.0000013257271120892256
          0.0000013254542636786937 0.0000013252137023300747 0.0000013249884887045482 0.0000013247428114482318 0.0000013244615502117085 0.0000013241377700978774
          0.0000013237755638328963 0.0000013233947129265289 0.000001323024662269745 0.0000013226932651377865 0.0000013224199619799037 0.0000013222105508248205
          0.000001322058437835949 0.0000013219507764006266 0.0000013218717640484101 0.0000013218106005297159 0.0000013217610330684693 0.000001321720674241078
          0.0000013216902061685687 0.0000013216701972851297 0.0000013216593970355461 0.000001321655759056739 2.2087120290401054e-17 5.108269781158763e-15
          1.1075784386860299e-12 2.1894638879693673e-10 3.744326448895663e-8 0.00000438064353147638 0.00047588886809535325 0.001194661483168602
          0.0017875671619549394 0.0020848943386226892 0.0019055188167840242 0.0016984827816486359 0.001283741556107998 0.0007717766566202044
          0.00032619680860079825 0.00014484775601886213 0.00008871884347172454 0.00005944137956248596 0.00003968473174609244 0.000026276007702108473
          0.00001855026130215265 0.00002345977736695204 0.001629872596822679 0.014906651340425014 0.05162569880485535 0.08690816909074783
          0.09644389897584915 0.0932869166135788 0.08450611680746078 0.07033322006464005 0.05525190755724907 0.040787968784570694
          0.026136351749300957 0.016555361449718475 0.003931534476578236 0.000942093029152602 0.0002582926827017218 0.00008252949919551611
          0.000030821778636891395 0.000014050119716557674 0.000008763900950725656 0.000006202282293088501 0.0000017093709629989462 0.000001325107859884156
          0.0000013262946367831319 0.000001324153458881483 0.0000013250844403955853 0.0000013245394256955478 0.0000013216086927059223 0.000001323613560089143
          0.000001345922214568418 0.0000013513648582375026 0.000001332342321802571 0.0000013230628610472195 0.0000013204738706917851 0.0000013231910998001695
          0.0000013215784520070883 0.0000013208538121034508 0.0000013225621842138935 0.0000013194936627769493 0.0000013205046798248077 0.0000013223515225035953
          0.0000013199836530475295 0.000001319861326010141 0.0000013216813385952264 0.0000013198664419178385 0.0000013192453707233653 0.0000013211296163717634
          0.0000013183243936509825 0.0000013205069535615621 5.469262375509272e-18 1.0974337800336823e-15 2.033431203366659e-13 3.326732986308478e-11
          4.537327846776407e-9 4.489064338031312e-7 0.00003326785736135207 0.00008555986278224736 0.00012107553629903123 0.00011904679558938369
          0.00008916488877730444 0.000058076842833543196 0.000029466193154803477 0.000012567365047289059 0.000007068883860483766 0.000004815367447008612
          0.000003249676638006349 0.0000020559114091156516 0.0000012289553978916956 6.972135224714293e-7 4.246639377925021e-7 0.000006663658950856188
          0.0010133415926247835 0.009337950497865677 0.037380073219537735 0.06987831741571426 0.07817254215478897 0.07434074580669403
          0.0651201531291008 0.052176088094711304 0.039158448576927185 0.027801070362329483 0.019126076251268387 0.01859280653297901
          0.005453554447740316 0.002104572718963027 0.0009212379809468985 0.00045496030361391604 0.0002531108330003917 0.0001589193707332015
          0.00011269245442235842 0.00008926836017053574 0.00007743486639810726 0.00007208334136521444 0.00006939617014722899 0.00006693079194519669
          0.00006327041774056852 0.000057805435062618926 0.000050680242566158995 0.0000426457918365486 0.00003500526145217009 0.000029244751203805208
          0.000024552522518206388 0.000020849789507337846 0.000017945052604773082 0.000015602463463437743 0.000013644149476021994 0.000011971626918239053
          0.000010547139936534222 0.000009360232070321217 0.000008407060704485048 0.000007672409992665052 0.000007119916517694946 0.0000067274427237862255
          0.000006497462891275063 0.000006423668764909962 0.000006490444775408832 0.000006677098099316936 0.000006961844519537408 0.0000073318251452292316
          1.0694293471307668e-18 1.8397546349940543e-16 2.902430222160787e-14 3.9367484966357225e-12 4.27546581471816e-10 3.2975652430877744e-8
          0.0000017703362118481891 0.000003953839495807188 0.000004932935098622693 0.000003871485205309 0.00000231505782721797 0.0000011215751101190108
          5.368070787881152e-7 3.9223803582899563e-7 3.06369571489995e-7 2.2121004406017164e-7 1.449159157118629e-7 9.98806868324209e-8
          7.837405746613513e-8 6.151920217689621e-8 9.9731387592783e-8 0.000008903551133698784 0.0004776364075951278 0.005943932570517063
          0.025821952149271965 0.04853008687496185 0.06310180574655533 0.06328871101140976 0.0545075386762619 0.042632486671209335
          0.03120306320488453 0.021922342479228973 0.01962176151573658 0.02104320377111435 0.0075861248187720776 0.003673271741718054
          0.0020421857479959726 0.0012606072705239058 0.0008526381570845842 0.0006263230461627245 0.0004952264716848731 0.00041745658381842077
          0.0003717319050338119 0.00034636404598131776 0.0003341932606417686 0.00033042297582142055 0.0003315521462354809 0.00033484032610431314
          0.000338085024850443 0.00033955616527237 0.00033778129727579653 0.0003325037541799247 0.0003236338379792869 0.0003106515796389431
          0.0002937030512839556 0.0002734536537900567 0.0002509042387828231 0.0002272255951538682 0.00020361176575534046 0.0001811403053579852
          0.0001606667210580781 0.000142719698487781 0.0001273057423532009 0.00011438370711402968 0.00010385995847173035 0.00009555932047078386
          0.00008924116264097393 0.00008462576806778088 0.00008141953003359959 0.0000793423387221992 1.614065380059476e-19 2.3337377316495353e-17
          3.129332095170201e-15 3.551221816611161e-13 3.1161989655359434e-11 1.8513857114044185e-9 7.034731197563815e-8 1.4608414744543552e-7
          1.7096435556140932e-7 1.4102941747751174e-7 1.0813887030280966e-7 9.557700053619556e-8 8.913160343126947e-8 8.387721806002446e-8
          7.700931092813335e-8 6.715670508583571e-8 5.5610140492490245e-8 4.387100460689908e-8 3.376185375714158e-8 2.7549685199801388e-8
          4.756392613103344e-8 0.0000015652523188691703 0.0001541685196571052 0.003900028532370925 0.016537021845579147 0.03257281333208084
          0.044774726033210754 0.0516447089612484 0.04943146929144859 0.04122006520628929 0.03175615891814232 0.024700742214918137
          0.024231744930148125 0.024112094193696976 0.007927562110126019 0.004808461293578148 0.003230069763958454 0.002337787300348282
          0.001803801511414349 0.0014718954917043447 0.0012604939984157681 0.0011245007626712322 0.0010379042942076921 0.0009849326452240348
          0.0009554421412758529 0.0009424561867490411 0.0009408235200680792 0.0009465079638175666 0.0009562032646499574 0.0009671059087850153
          0.0009771945187821984 0.0009870977373793721 0.0009940562304109335 0.000995785347186029 0.0009907606290653348 0.0009781810222193599
          0.0009579135221429169 0.0009304091800004244 0.0008965876768343151 0.0008577259723097086 0.0008153374074026942 0.0007710749050602317
          0.0007266421453095973 0.0006825646269135177 0.0006392924697138369 0.0005973298684693873 0.000557161751203239 0.0005192207754589617
          0.0004838559543713927 0.0004513509338721633 1.7734354898701976e-20 2.0717751737640956e-18 2.3500354727353206e-16 2.2653704744870183e-14
          1.653443549611e-12 7.858379225123002e-11 2.0990473803550458e-9 5.038243600097303e-9 7.06020664154039e-9 7.805453172693433e-9
          1.124930015805603e-8 1.0502496650133253e-8 1.1329145621630232e-8 1.2402098903407932e-8 1.2903797141916584e-8 1.2898039081221668e-8
          1.2097266299804232e-8 1.0827375440669584e-8 9.696226044297873e-9 9.278165791215542e-9 1.1229021268377437e-8 1.1549673928357151e-7
          0.000020844310711254366 0.0006526142242364585 0.007033397443592548 0.021388694643974304 0.03201305866241455 0.03862084075808525
          0.040741823613643646 0.038992591202259064 0.035665757954120636 0.033410102128982544 0.030906297266483307 0.027951393276453018
          0.014707070775330067 0.008659521117806435 0.006150483153760433 0.00481859827414155 0.004027527756989002 0.003533247159793973
          0.0032187942415475845 0.003020354313775897 0.0029002504888921976 0.002834727754816413 0.0028079082258045673 0.0028083391953259706
          0.0028271223418414593 0.0028571439906954765 0.0028926830273121595 0.0029288979712873697 0.002962812315672636 0.0029945315327495337
          0.003019072813913226 0.003032405162230134 0.0030316668562591076 0.0030150851234793663 0.0029818909242749214 0.002932208124548197
          0.002866926370188594 0.002787582576274872 0.002696247072890401 0.002595400670543313 0.0024879910051822662 0.0023781051859259605
          0.0022686750162392855 0.0021606700029224157 0.0020549658220261335 0.0019523684168234468 0.0018536256393417716 0.0017594274831935763
          1.1580799186587314e-21 1.0217383393869015e-19 9.619520744214962e-18 8.021040433308865e-16 5.058931043717442e-14 2.0470309475273396e-12
          4.2979154957212273e-11 1.2933625004318827e-10 2.355768635720068e-10 3.3620475847762066e-10 4.68167005163167e-10 5.363282595816088e-10
          5.634096522655341e-10 2.7197233354314676e-9 3.6580072304559508e-9 4.582142221210006e-9 5.00558305915888e-9 5.094177080167128e-9
          5.1296176195592125e-9 5.146688408785849e-9 5.110227796478739e-9 8.0464079843523e-9 6.978568194426771e-7 0.00003352094427100383
          0.00008851457096170634 0.00020123034482821822 0.025046927854418755 0.029416272416710854 0.0308846365660429 0.0309141855686903
          0.03021637164056301 0.02925751358270645 0.028258532285690308 0.027237242087721825 0.026158200576901436 0.023351680487394333
          0.019947165623307228 0.017205115407705307 0.015263307839632034 0.01393065880984068 0.01301625557243824 0.012383481487631798
          0.01194217149168253 0.011633717454969883 0.011418042704463005 0.011265783570706844 0.011151771992444992 0.011058060452342033
          0.010975097306072712 0.010894936509430408 0.01080983504652977 0.01070768665522337 0.010587146505713463 0.01044828537851572
          0.010291553102433681 0.010117790661752224 0.00992817897349596 0.00972416065633297 0.009507347829639912 0.009279429912567139
          0.009042054414749146 0.008796700276434422 0.008544518612325191 0.008286201395094395 0.00802308414131403 0.007758241146802902
          0.007494580466300249 0.007234725169837475 0.00698094954714179 0.006735197734087706
        </DataArray>
        <DataArray type="Float32" Name="TAR0_Gas_mass_fractions_9" format="ascii" RangeMin="0" RangeMax="3.5854405382174104e-12">
          0 0 0 0 0 0
          1.1322294488145916e-14 8.413205570580173e-15 0 0 1.9055475513479747e-12 3.810260212813027e-13
          2.6301178032359096e-13 0 0 0 0 0
          0 0 0 0 0 0
          0 0 0 0 0 0
          0 0 0 0 0 0
          0 0 0 0 0 0
          0 0 0 0 0 0
          0 0 0 0 0 0
          0 0 0 0 0 0
          0 0 0 0 0 0
          0 0 0 0 0 0
          0 0 0 0 3.5854405382174104e-12 7.08706639380996e-13
          0 0 0 6.392663633690565e-13 0 0
          0 0 0 0 0 0
          0 0 0 0 0 0
          0 0 0 0 0 0
          0 0 0 0 0 0
          0 0 0 0 0 0
          0 0 0 0 0 0
          0 0 0 0 0 0
          0 0 0 0 0 0
          0 0 0 0 0 0
          0 0 0 0 0 0
          0 0 4.798383912429927e-13 4.2521541843143495e-14 0 0
          0 0 0 0 0 0
          0 0 0 0 0 0
          0 0 0 0 0 0
          0 0 0 0 0 0
          0 0 0 0 0 0
          0 0 0 0 0 0
          0 0 0 0 0 0
          0 0 0 0 0 0
          0 0 0 0 0 0
          0 0 0 0 0 0
          0 0 0 0 0 0
          9.43689570931383e-15 0 0 0 0 0
          0 0 0 0 0 0
          0 0 0 0 0 0
          0 0 0 0 0 0
          0 0 0 0 0 0
          0 0 0 0 0 0
          0 0 0 0 0 0
          0 0 0 0 0 0
          0 0 0 0 0 0
          0 0 0 0 0 0
          0 0 0 0 0 0
          0 0 0 0 0 0
          0 0 0 0 0 0
          0 0 0 0 0 0
          0 0 0 0 0 0
          0 0 0 0 0 0
          0 0 0 0 0 0
          0 0 0 0 0 0
          0 0 0 0 0 0
          0 0 0 0 0 0
          0 0 0 0 0 0
          0 0 0 0 0 0
          0 0 0 0 0 0
          0 0 0 1.9539925233402755e-14 1.0769148092270968e-14 0
          0 0 0 0 0 0
          0 0 0 0 0 0
          0 0 0 0 0 0
          0 0 0 0 0 0
          0 0 0 0 0 0
          0 0 0 0 0 0
          0 0 0 0 0 0
          0 0 0 0 0 0
          0 0 0 0 0 0
          0 0 0 0 0 0
          0 0 0 0 0 0
          0 0 0 0 0 0
          0 0 0 0 0 0
          0 0 0 0 0 0
          0 0 0 0 0 0
          0 0 0 0 0 0
          0 0 0 0 0 0
          0 0 0 0 0 0
          0 0 0 0 0 0
          0 0 0 0 0 0
          0 0 0 0 0 0
          0 0 0 0 0 0
          0 0 0 0 0 0
          0 0 0 0 0 0
          1.63202784619898e-14 2.886579864025407e-15 0 0 0 0
          0 0 0 0 0 0
          0 0 0 0 0 0
          0 0 0 0 0 0
          0 0 0 0 0 0
          0 0 0 0 0 0
          0 0 0 0 0 0
          0 0 0 0 0 0
          0 0 0 0 0 0
          0 0 0 0 0 0
          0 0 0 0 0 0
          0 0 0 0 0 6.994405055138486e-15
          0 0 0 0 0 0
          0 0 0 0 0 0
          0 0 0 0 0 0
          0 0 0 0 0 0
          0 0 0 0 0 0
          0 0 0 0 0 0
          0 0 0 0 0 0
          0 0 0 0 0 0
          0 0 0 0 0 0
          0 0 0 0 0 0
          0 0 0 0 0 0
          0 0 0 0 0 0
          0 0 0 0 0 0
          0 0 0 0 0 0
          0 0 0 0 0 0
          0 0 0 0 0 0
          0 0 0 0 0 0
          0 0 0 0 0 0
          0 0 0 0 0 0
          0 0 0 0 0 0
          0 0 0 0
        </DataArray>
        <DataArray type="Float32" Name="BIOMASS_Solids_mass_fractions_1_1" format="ascii" RangeMin="0" RangeMax="0.000032592066418146715">
          0 0 0 0 0 0
          0.000032592066418146715 0.000002010626303672325 8.578338110964978e-7 9.799688314160448e-7 0 9.205120221622565e-8
          9.744859141846973e-8 9.124408251182103e-8 8.73800516387746e-8 9.132221379104521e-8 9.386764077135012e-8 9.359730768210284e-8
          9.276138257519051e-8 9.196737948968803e-8 9.130727107731218e-8 9.083912999585664e-8 9.045033522170343e-8 9.001455936186176e-8
          8.948352814286409e-8 8.891183256309887e-8 8.848528665339472e-8 8.847420929214422e-8 8.902757286932683e-8 8.99287329048093e-8
          9.070314632708687e-8 9.107941423280863e-8 9.10460542513647e-8 9.098724262912583e-8 9.098116038330772e-8 9.098252462536038e-8
          9.295603575765199e-8 9.203136386304323e-8 8.945678331429008e-8 9.021194102842856e-8 8.815604957135292e-8 9.178319970715165e-8
          8.824947173025066e-8 8.878244983634431e-8 9.125997024739263e-8 0 0 0
          0 0 0 0 0 0
          0 0 0 0 0 0
          0 0 0 0 0 0
          0 0 0 0 0 0
          0 0 8.651986860286343e-8 8.651986860286343e-8 0 0
          6.412651032405847e-8 9.956375635056247e-8 9.652139709714902e-8 7.393440881742208e-8 8.831346320903322e-8 9.306003079245784e-8
          9.098234698967644e-8 9.020881464039121e-8 8.976296328455646e-8 8.95363498898405e-8 8.94186698019439e-8 8.93435938564835e-8
          8.929130501655891e-8 8.926903660722019e-8 8.927572991979105e-8 8.92581084599442e-8 8.923274918970492e-8 8.92416167630472e-8
          8.936588358210429e-8 8.963784381421647e-8 9.000956424642936e-8 9.038061676847065e-8 9.065929873486311e-8 9.090644681464255e-8
          9.09262638515429e-8 9.099139219870267e-8 9.098518205519213e-8 9.098761211134843e-8 9.178710058677098e-8 9.224184793765744e-8
          8.987596089582439e-8 8.992917344130547e-8 9.207278850453804e-8 9.66421112025273e-8 9.018270930027938e-8 9.256803679136283e-8
          0 0 0 0 0 0
          0 0 0 0 0 0
          0 0 0 0 0 0
          0 0 0 0 0 0
          0 0 0 0 0 0
          8.639390358666788e-8 8.655888450448401e-8 8.903607096044652e-8 9.172638471000027e-8 9.361024666532103e-8 9.515318311059673e-8
          8.908929771678231e-8 9.935223488355405e-8 9.074558704469382e-8 8.958618025189935e-8 8.93175169380811e-8 8.925987771135624e-8
          8.925687211558397e-8 8.925247385604962e-8 8.922942384970156e-8 8.918433991311758e-8 8.912514459780141e-8 8.909091064879249e-8
          8.911119664389844e-8 8.917352545267931e-8 8.927096928346145e-8 8.941920981442308e-8 8.963836961584093e-8 8.99420555811048e-8
          9.032240910755718e-8 9.057030325720916e-8 9.074065587810765e-8 9.088907404475322e-8 9.091355224200015e-8 9.100734388312048e-8
          9.10006718868317e-8 9.213808738195439e-8 9.203996143014592e-8 9.208572748775623e-8 9.017273328026931e-8 8.916198623865057e-8
          0 0 9.151318636213546e-8 9.343403206685252e-8 0 0
          0 0 0 0 0 0
          0 0 0 0 0 0
          0 0 0 0 0 0
          0 0 0 0 0 0
          0 0 0 8.622892266885174e-8 8.622892266885174e-8 8.719555921743449e-8
          8.988556743361187e-8 9.23839493793821e-8 9.36278468088858e-8 9.573372494742216e-8 7.51799120735086e-8 9.476118378870524e-8
          8.980646981626705e-8 8.927335670705361e-8 8.926210881554653e-8 8.930292239028859e-8 8.933007933364934e-8 8.932094175406746e-8
          8.927668915248432e-8 8.920130767364753e-8 8.91024711791033e-8 8.903088399847547e-8 8.902217984996241e-8 8.922845040615357e-8
          8.94360994152521e-8 8.96834890795617e-8 8.995980493864408e-8 9.024223857068137e-8 9.04976644733324e-8 9.066142325764304e-8
          9.078976148657603e-8 9.089474417578458e-8 9.09321968833865e-8 9.101390219257155e-8 9.100948261675512e-8 9.101265163735661e-8
          9.19427165513298e-8 9.219105834290531e-8 9.051505145407646e-8 0 0 0
          9.262558364753204e-8 0 0 0 0 0
          0 0 0 0 0 0
          0 0 0 0 0 0
          0 0 0 0 0 0
          0 0 0 0 0 0
          0 8.609133317349915e-8 8.609133317349915e-8 8.79107417972591e-8 9.073372808643398e-8 9.275839829570032e-8
          9.333805905953341e-8 9.700506353738092e-8 2.6057939805923525e-8 8.925027827899612e-8 8.914614113564312e-8 8.92767104687664e-8
          8.935436568435762e-8 8.939841222854739e-8 8.941452733779442e-8 8.938561535387635e-8 8.931904460496298e-8 8.92200660018716e-8
          8.909834292580854e-8 8.905426795990934e-8 8.918753025000115e-8 8.943031559738301e-8 8.971807119451114e-8 8.99676777521563e-8
          9.021077573834191e-8 9.042864235198067e-8 9.06041819348502e-8 9.072601159232363e-8 9.082842211682873e-8 9.090856423199511e-8
          9.094658537378564e-8 9.098032194287953e-8 9.100949682760984e-8 5.983067552506327e-8 0 9.335214201655617e-8
          9.137689005456195e-8 0 0 0 0 0
          0 0 0 0 0 0
          0 0 0 0 0 0
          0 0 0 0 0 0
          0 0 0 0 0 0
          0 0 0 0 0 8.634514614414002e-8
          8.634514614414002e-8 8.848892463220182e-8 9.11772559675228e-8 9.238610942929881e-8 9.27550658502696e-8 9.977613046885381e-8
          9.924450949938546e-8 8.942123486122e-8 8.92644251848651e-8 8.939682771824664e-8 8.945074370103612e-8 8.948143914722095e-8
          8.948953222898126e-8 8.945948337668597e-8 8.939984041944626e-8 8.933306361313953e-8 8.929357164788598e-8 8.930867778644824e-8
          8.939240103700286e-8 8.967294462536302e-8 8.996802591809683e-8 9.018482671763195e-8 9.0379550954367e-8 9.054399896513132e-8
          9.067334616474909e-8 9.077084683895009e-8 9.085330532343505e-8 9.091296249152947e-8 9.093900388279508e-8 9.09391175696328e-8
          3.093673228704574e-8 3.097746414937319e-8 0 5.4750973532691205e-8 0 0
          0 0 0 0 0 0
          0 0 0 0 0 0
          0 0 0 0 0 0
          0 0 0 0 0 0
          0 0 0 0 0 0
          0 0 0 8.621707081601926e-8 8.621707081601926e-8 8.826673081330227e-8
          9.058535255235256e-8 9.154731372973401e-8 9.33015442683427e-8 9.559784786006276e-8 9.768610453875226e-8 8.964146758216884e-8
          8.941618290236875e-8 8.951217722596994e-8 8.953989549809194e-8 8.956567398854531e-8 8.95922553922901e-8 8.959409569797572e-8
          8.957651687069301e-8 8.955073127481228e-8 8.953806940326103e-8 8.956118335845531e-8 8.962700093206877e-8 8.984382304788596e-8
          9.013696455895115e-8 9.032295622546371e-8 9.048058302596473e-8 9.061036365665132e-8 9.071298734397715e-8 9.079354157393027e-8
          9.085895413818434e-8 9.090148722634694e-8 9.092030950341723e-8 9.073871609643902e-8 9.402000245017916e-8 0
          0 0 0 0 0 0
          1.132624660726833e-9 1.2078943401050424e-10 1.931254886448388e-21 4.581779747270254e-11 7.778394595092664e-11 7.791489350407466e-13
          3.3185284381564983e-11 7.543345288685277e-12 2.5742210012918987e-12 4.239950510991448e-36 1.2136526084517794e-14 5.370608166901155e-15
          8.927443508022995e-16 1.317721786856874e-14 1.1959317217091758e-11 2.2995470680626032e-14 2.6266086812607066e-14 2.6386699222098395e-14
          1.2469610610490042e-27 3.784427908066532e-39 4.697700394365152e-28 0 2.8372335310113675e-28 2.3897168423790693e-13
          0 1.0232980980789508e-28 6.241711249417581e-14 0 0 0
          0 8.544660801135251e-8 8.544660801135251e-8 8.654145489117582e-8 8.905027470973437e-8 9.168119419200593e-8
          9.317069071812512e-8 1.000124925099044e-7 9.614409890446041e-8 9.038785719894804e-8 8.963777275994289e-8 8.96693777008295e-8
          8.964139652789527e-8 8.963871778178145e-8 8.968750364601874e-8 8.972175891130973e-8 8.973979248594333e-8 8.9743600995007e-8
          8.974294019026274e-8 8.975904108865507e-8 8.981270127605967e-8 8.993211508823151e-8 9.021051994295703e-8 9.03951544728443e-8
          9.053188421148661e-8 9.06406825151862e-8 9.072587658920384e-8 9.079183627136445e-8 9.084090635269604e-8 9.087123231665828e-8
          9.087115415695735e-8 9.424702795968187e-8 9.401770739714266e-8 9.401954770282828e-8 0 0
          0 8.519113237070997e-8 0 3.5183373991998224e-9 0 0
          3.654805524888616e-8 2.53773819736125e-8 0 4.347638693502631e-8 6.56827978673391e-8 0
          0 6.300884081156255e-8 1.9014624541568992e-8 6.032514221487872e-8 7.779711097555264e-8 1.3116986607997205e-8
          2.2995470680626032e-14 9.243937171277139e-8 9.883073914807028e-8 2.98830329370503e-8 1.2469611573455014e-27 2.1195086574721245e-8
          0 0 0 0 0 0
          0 0 0 0 0 0
          8.405297791114208e-8 8.265934070550429e-8 8.260310124796888e-8 8.571877430085806e-8 8.713789867442756e-8 8.676123997020113e-8
          8.263002371222683e-8 9.73893889977262e-8 9.026776837117723e-8 9.004533296774753e-8 8.99301397794261e-8 8.967526810010895e-8
          8.9724863983065e-8 8.978386034641517e-8 8.984008559309586e-8 8.989186994767806e-8 8.993236377818903e-8 8.995984046578087e-8
          8.999749923077616e-8 9.00708272411066e-8 9.019360192041859e-8 9.040284965067258e-8 9.054563321342357e-8 9.063690953325931e-8
          9.070654982679116e-8 9.077205476160088e-8 9.078919305238742e-8 9.073180962104743e-8 9.066604178542548e-8 9.06577426462718e-8
          9.06497490404945e-8 9.064265071856425e-8 9.063664663244708e-8 9.063160888445054e-8 9.062821959560097e-8 9.062416239657978e-8
          9.060666883442536e-8 9.059434802338728e-8 9.059102978881128e-8 9.058457806077058e-8 9.058074823542484e-8 9.0579916900424e-8
          8.99239225304882e-8 9.002101819532982e-8 9.003290557529908e-8 8.905324477836984e-8 8.906500426064667e-8 8.907384341227953e-8
          8.908182991262947e-8 8.90883100623796e-8 8.909545812230135e-8 8.910038218346017e-8 8.910540572060199e-8 8.91100810918033e-8
          8.911403881484148e-8 8.911764126651178e-8 8.91208387088227e-8 8.912412141626191e-8 8.912726201515397e-8 8.91301397132338e-8
          8.913302451674099e-8 8.913552562717086e-8 8.913875149119121e-8 8.914124549619373e-8 8.914379634461511e-8 8.914611271393369e-8
          0 0 0 0 0 8.265934070550429e-8
          8.260310124796888e-8 8.571877430085806e-8 8.713789867442756e-8 8.076115420863061e-8 7.475839680637364e-8 8.040897370165112e-8
          8.74695089692068e-8 8.876895662979223e-8 9.852918481101369e-8 8.982959087688869e-8 8.960763153709195e-8 8.959456465618132e-8
          8.960279274106142e-8 8.964362763208555e-8 8.970721410150873e-8 8.97853453807329e-8 8.985761468238707e-8 8.99272905030557e-8
          9.000427070304795e-8 9.010082635541039e-8 9.053412242110426e-8 9.05971262454841e-8 9.066599204743397e-8 9.067905182291724e-8
          9.068030948355954e-8 9.067436934628859e-8 9.066593520401511e-8 9.065760053772465e-8 9.064969219707564e-8 9.064262940228218e-8
          9.063664663244708e-8 9.06316159898779e-8 9.062821959560097e-8 9.062821959560097e-8 9.062419081828921e-8 9.060698857865646e-8
          9.059509409325983e-8 9.059195349436777e-8 9.058583572141288e-8 9.058177852239169e-8 9.05816079921351e-8 8.980853039020076e-8
          8.989974276119028e-8 8.990693345367617e-8 8.890282288120943e-8 8.890962277519066e-8 8.891549896361539e-8 8.892164515827972e-8
          8.892603631238671e-8 8.893065484016915e-8 8.893489678030164e-8 8.893847081026252e-8 8.894188141539416e-8 8.894487280031171e-8
          8.894800629377642e-8 8.895099057326661e-8 8.895366221395307e-8 8.895632674921217e-8 8.895855785340245e-8 8.896120107237948e-8
          8.89632758571679e-8 8.896546432879404e-8 8.89672477910608e-8 8.896689251969292e-8
        </DataArray>
        <DataArray type="Float32" Name="MOISTURE_Solids_mass_fractions_1_2" format="ascii" RangeMin="0" RangeMax="0">
          0 0 0 0 0 0
          0 0 0 0 0 0
          0 0 0 0 0 0
          0 0 0 0 0 0
          0 0 0 0 0 0
          0 0 0 0 0 0
          0 0 0 0 0 0
          0 0 0 0 0 0
          0 0 0 0 0 0
          0 0 0 0 0 0
          0 0 0 0 0 0
          0 0 0 0 0 0
          0 0 0 0 0 0
          0 0 0 0 0 0
          0 0 0 0 0 0
          0 0 0 0 0 0
          0 0 0 0 0 0
          0 0 0 0 0 0
          0 0 0 0 0 0
          0 0 0 0 0 0
          0 0 0 0 0 0
          0 0 0 0 0 0
          0 0 0 0 0 0
          0 0 0 0 0 0
          0 0 0 0 0 0
          0 0 0 0 0 0
          0 0 0 0 0 0
          0 0 0 0 0 0
          0 0 0 0 0 0
          0 0 0 0 0 0
          0 0 0 0 0 0
          0 0 0 0 0 0
          0 0 0 0 0 0
          0 0 0 0 0 0
          0 0 0 0 0 0
          0 0 0 0 0 0
          0 0 0 0 0 0
          0 0 0 0 0 0
          0 0 0 0 0 0
          0 0 0 0 0 0
          0 0 0 0 0 0
          0 0 0 0 0 0
          0 0 0 0 0 0
          0 0 0 0 0 0
          0 0 0 0 0 0
          0 0 0 0 0 0
          0 0 0 0 0 0
          0 0 0 0 0 0
          0 0 0 0 0 0
          0 0 0 0 0 0
          0 0 0 0 0 0
          0 0 0 0 0 0
          0 0 0 0 0 0
          0 0 0 0 0 0
          0 0 0 0 0 0
          0 0 0 0 0 0
          0 0 0 0 0 0
          0 0 0 0 0 0
          0 0 0 0 0 0
          0 0 0 0 0 0
          0 0 0 0 0 0
          0 0 0 0 0 0
          0 0 0 0 0 0
          0 0 0 0 0 0
          0 0 0 0 0 0
          0 0 0 0 0 0
          0 0 0 0 0 0
          0 0 0 0 0 0
          0 0 0 0 0 0
          0 0 0 0 0 0
          0 0 0 0 0 0
          0 0 0 0 0 0
          0 0 0 0 0 0
          0 0 0 0 0 0
          0 0 0 0 0 0
          0 0 0 0 0 0
          0 0 0 0 0 0
          0 0 0 0 0 0
          0 0 0 0 0 0
          0 0 0 0 0 0
          0 0 0 0 0 0
          0 0 0 0 0 0
          0 0 0 0 0 0
          0 0 0 0 0 0
          0 0 0 0 0 0
          0 0 0 0 0 0
          0 0 0 0 0 0
          0 0 0 0 0 0
          0 0 0 0 0 0
          0 0 0 0 0 0
          0 0 0 0 0 0
          0 0 0 0 0 0
          0 0 0 0 0 0
          0 0 0 0 0 0
          0 0 0 0 0 0
          0 0 0 0 0 0
          0 0 0 0 0 0
          0 0 0 0 0 0
          0 0 0 0 0 0
          0 0 0 0 0 0
          0 0 0 0 0 0
          0 0 0 0 0 0
          0 0 0 0 0 0
          0 0 0 0 0 0
          0 0 0 0 0 0
          0 0 0 0 0 0
          0 0 0 0 0 0
          0 0 0 0 0 0
          0 0 0 0 0 0
          0 0 0 0 0 0
          0 0 0 0 0 0
          0 0 0 0 0 0
          0 0 0 0 0 0
          0 0 0 0 0 0
          0 0 0 0 0 0
          0 0 0 0 0 0
          0 0 0 0
        </DataArray>
        <DataArray type="Float32" Name="CHAR_Solids_mass_fractions_1_3" format="ascii" RangeMin="0" RangeMax="0.7535032033920288">
          0 0 0 0 0 0
          0.7429434657096863 0.7450402975082397 0.7401490807533264 0.7399823069572449 0.7420900464057922 0.7410503029823303
          0.7369812726974487 0.7305319309234619 0.7236218452453613 0.7188425660133362 0.7174949645996094 0.7186900973320007
          0.7207379341125488 0.7228186130523682 0.7245222926139832 0.7253451347351074 0.7255399227142334 0.725511908531189
          0.7255852222442627 0.7258365750312805 0.726177453994751 0.7263477444648743 0.7260561585426331 0.7253128886222839
          0.7245157361030579 0.7240137457847595 0.7240270972251892 0.7246395945549011 0.7248316407203674 0.7248275279998779
          0.7402864694595337 0.743505597114563 0.7489120364189148 0.7495625615119934 0.7535032033920288 0.7406021952629089
          0.7510483860969543 0.7502924799919128 0.7439419031143188 0 0 0
          0 0 0 0 0 0
          0 0 0 0 0 0
          0 0 0 0 0 0
          0 0 0 0 0 0
          0 0 8.105531179580794e-8 8.105531179580794e-8 1.007908068118013e-8 0.000014314276086224709
          0.006367421709001064 0.25012391805648804 0.366634339094162 0.5502198934555054 0.6464683413505554 0.6910732388496399
          0.7132354974746704 0.724280595779419 0.7298619747161865 0.7326322197914124 0.7340472340583801 0.7348248362541199
          0.7351804971694946 0.7349677085876465 0.7339126467704773 0.732946515083313 0.7320987582206726 0.7314631342887878
          0.7308448553085327 0.7300440669059753 0.7290027141571045 0.727787971496582 0.7264595031738281 0.7249554395675659
          0.724727988243103 0.7252458930015564 0.7250940799713135 0.7250867486000061 0.743606448173523 0.742888867855072
          0.7478929162025452 0.7502170205116272 0.7433884143829346 0.7271480560302734 0.7458267211914062 0.7397974729537964
          0 0 0 0 0 0
          0 0 0 0 0 0
          0 0 0 0 0 0
          0 0 0 0 0 0
          0 0 0 0 0 0
          8.200526480095505e-8 8.095796033558145e-8 7.490216802352734e-8 8.163019771245672e-8 8.14318141806325e-8 0.0000018020268726104405
          0.0005186307244002819 0.5734670162200928 0.7025623321533203 0.7280638813972473 0.7351093292236328 0.7370167374610901
          0.7374020218849182 0.7374362945556641 0.7374842166900635 0.7376691102981567 0.7379876971244812 0.7381474375724792
          0.7376701831817627 0.7364949584007263 0.7351216077804565 0.7337056994438171 0.7322415113449097 0.7305334210395813
          0.7284219264984131 0.7270371913909912 0.7260333299636841 0.7251840233802795 0.725166916847229 0.7256306409835815
          0.7254588007926941 0.7225759029388428 0.7429546117782593 0.743241012096405 0.747336208820343 0.7492123246192932
          0.6667662858963013 0.7080978155136108 0.7423397302627563 0.7376229166984558 0 0
          0 0 0 0 0 0
          0 0 0 0 0 0
          0 0 0 0 0 0
          0 0 0 0 0 0
          0 0 0 8.305256926632865e-8 8.305256926632865e-8 7.940527524397112e-8
          7.566429616190362e-8 7.853441985616882e-8 7.997723372454857e-8 0.00004613048804458231 0.01957748644053936 0.677895724773407
          0.7290226817131042 0.73649001121521 0.7376402616500854 0.7374205589294434 0.7370690703392029 0.7369095087051392
          0.7369874715805054 0.7373301982879639 0.7379283308982849 0.7384774088859558 0.7384324669837952 0.7362983822822571
          0.734415590763092 0.7325725555419922 0.7307724952697754 0.7290723919868469 0.7275879383087158 0.7266631126403809
          0.725974977016449 0.7254912257194519 0.7255355715751648 0.7258639335632324 0.725651741027832 0.725642204284668
          0.7432757019996643 0.7428069114685059 0.74711674451828 0.6781213879585266 0.6709670424461365 0.5687403082847595
          0.7396055459976196 0 0 0 0 0
          0 0 0 0 0 0
          0 0 0 0 0 0
          0 0 0 0 0 0
          0 0 0 0 0 0
          0 8.410970053773781e-8 8.410970053773781e-8 7.845061134048592e-8 8.04195678938413e-8 7.561048676052451e-8
          0.0000024878377189452294 0.0013601526152342558 0.44855809211730957 0.7268223166465759 0.736050546169281 0.7372826933860779
          0.7372714877128601 0.736765444278717 0.7363709211349487 0.7362664341926575 0.7364568710327148 0.7369651794433594
          0.7377523183822632 0.738037109375 0.7369664311408997 0.7348470687866211 0.7326436042785645 0.7309489846229553
          0.7294327616691589 0.7281530499458313 0.7271704077720642 0.7265318036079407 0.7260459065437317 0.7257412672042847
          0.7257574200630188 0.7258104681968689 0.7256516814231873 0.6843200922012329 0.6831094026565552 0.7381162643432617
          0.7460031509399414 0.6521105170249939 0.6586803197860718 0.589950442314148 0 0
          0 0 0 0 0 0
          0 0 0 0 0 0
          0 0 0 0 0 0
          0 0 0 0 0 0
          0 0 0 0 0 8.360943581919855e-8
          8.360943581919855e-8 7.999855711204873e-8 9.742366557929927e-8 6.372067673510173e-8 0.00002243141170765739 0.008682520128786564
          0.6373439431190491 0.731063723564148 0.7351214289665222 0.7364364862442017 0.7366195321083069 0.7361574769020081
          0.7357459664344788 0.7356120347976685 0.7357525825500488 0.7360530495643616 0.7362602353096008 0.7361093759536743
          0.7354357838630676 0.7332353591918945 0.7311477661132812 0.7297627329826355 0.7286010980606079 0.7276744842529297
          0.7269868850708008 0.7265079021453857 0.7261426448822021 0.7259275913238525 0.725918173789978 0.7259178757667542
          0.6510149836540222 0.6505554914474487 0.6159206032752991 0.6947945952415466 0.6241000890731812 0.6504495739936829
          0.5795096755027771 0.6161773204803467 0 0 0 0
          0 0 0 0 0 0
          0 0 0 0 0 0
          0 0 0 0 0 0
          0 0 0 0 0 0
          0 0 0 8.415870667022318e-8 8.415870667022318e-8 7.921677536160132e-8
          9.997732064448428e-8 1.9252513538958738e-7 0.0000989291729638353 0.0312538780272007 0.6612986326217651 0.7260981202125549
          0.7326719760894775 0.7351053357124329 0.7360072731971741 0.735676646232605 0.7351056933403015 0.7347312569618225
          0.73455810546875 0.7345353960990906 0.734519898891449 0.7343193292617798 0.7338244915008545 0.7322292327880859
          0.730221688747406 0.7290771007537842 0.7281661629676819 0.7274559736251831 0.7269247174263 0.7265334725379944
          0.7262368202209473 0.7260615229606628 0.7259896397590637 0.7310602068901062 0.7304888367652893 0.509727954864502
          0.5262162685394287 0.487962931394577 0.44223636388778687 0.6646225452423096 0.528218686580658 0.5527429580688477
          0.006128962151706219 0.0006653440068475902 1.375437341333361e-14 0.00024019047850742936 0.00042929360643029213 0.000003971312253270298
          0.00015823500871192664 0.000029520388125092722 0.000009710999620438088 0 9.998280603440435e-8 4.6882544069148935e-8
          7.793182987825276e-9 9.998824879176027e-8 0.000050376587751088664 1.2049733300045773e-7 1.456076716976895e-7 1.4851787000225158e-7
          0 0 0 0 0 0.0000013519047570298426
          0 1.2991699734733618e-18 3.4223000966449035e-7 0 0 0
          0 9.166686965045301e-8 9.166686965045301e-8 9.560103819694632e-8 9.982275628317439e-8 9.29709145225388e-8
          0.000032574866054346785 0.011969861574470997 0.5740761160850525 0.7103067636489868 0.7263262867927551 0.7317017912864685
          0.7351059317588806 0.735535740852356 0.7347832322120667 0.7341533303260803 0.7336788773536682 0.7333694696426392
          0.7331818342208862 0.732983410358429 0.7325925230979919 0.731766939163208 0.7299224734306335 0.7287633419036865
          0.7279841303825378 0.7273919582366943 0.7269477248191833 0.7266151905059814 0.7263718843460083 0.7262166142463684
          0.7262220978736877 0.7298378944396973 0.730495274066925 0.73048996925354 0.7142049670219421 0.6980178952217102
          0.6008100509643555 0.6313925385475159 0.6255746483802795 0.6093252301216125 0.5989173054695129 0.5889499187469482
          0.5844482183456421 0.579689621925354 0.571536123752594 0.2555021643638611 0.35861697793006897 0.5471438765525818
          0.5404530167579651 0.3449554145336151 0.12124121189117432 0.33737385272979736 0.40935343503952026 0.088404580950737
          1.6159934546067234e-7 0.5018243789672852 0.5254055857658386 0.205851748585701 0 0.149110347032547
          0.6071212291717529 0.6151816248893738 0.6230679154396057 0.6266857981681824 0.6421673893928528 0.6302801370620728
          0.6321772336959839 0.6371996998786926 0 0 0 0
          9.317690796706302e-8 9.468693917824567e-8 9.712751136703446e-8 9.98161340248771e-8 2.8153174014278193e-8 0.00003613014268921688
          0.01641671732068062 0.6198326349258423 0.7006418108940125 0.7153913974761963 0.7303367853164673 0.7361772656440735
          0.7353229522705078 0.7344710230827332 0.7336860299110413 0.7329886555671692 0.732426643371582 0.7320225834846497
          0.7316189408302307 0.7310371994972229 0.7301767468452454 0.7288179993629456 0.727973222732544 0.7274747490882874
          0.727101743221283 0.7267466187477112 0.7266494631767273 0.7269560098648071 0.7272969484329224 0.7273285388946533
          0.7273563742637634 0.7273791432380676 0.7273970246315002 0.7274110317230225 0.7274200916290283 0.7274306416511536
          0.7274695038795471 0.7274966239929199 0.7275064587593079 0.7275403141975403 0.727588951587677 0.7276062369346619
          0.7444339990615845 0.7445313334465027 0.7445261478424072 0.7476030588150024 0.7475895881652832 0.7475820779800415
          0.7475769519805908 0.7475742697715759 0.7475703954696655 0.7475689053535461 0.7475679516792297 0.7475669980049133
          0.7475664019584656 0.7475666999816895 0.7475669384002686 0.7475674152374268 0.747567892074585 0.7475682497024536
          0.747568666934967 0.7475690841674805 0.7475684285163879 0.7475684285163879 0.7475687861442566 0.7475683093070984
          0 0 0 0 0 9.468693917824567e-8
          9.712751136703446e-8 9.98161340248771e-8 7.334267593250843e-8 6.470786502177361e-7 9.963850544636443e-8 9.31946075866108e-8
          0.000010279371963406447 0.007588983979076147 0.6351478099822998 0.7387953996658325 0.7387163639068604 0.7379065752029419
          0.7370938658714294 0.7363065481185913 0.7355149388313293 0.7346633076667786 0.7339815497398376 0.7335861325263977
          0.7335469126701355 0.7325553297996521 0.7280718088150024 0.7277175784111023 0.7273315787315369 0.7272544503211975
          0.7272396087646484 0.7272627353668213 0.727297306060791 0.7273289561271667 0.7273565530776978 0.7273792028427124
          0.7273970246315002 0.7274110317230225 0.7274200916290283 0.7274200916290283 0.727430522441864 0.7274685502052307
          0.7274944186210632 0.7275036573410034 0.7275364995002747 0.727600634098053 0.727601170539856 0.7447619438171387
          0.7448754906654358 0.7448835968971252 0.7480667233467102 0.7480649352073669 0.7480639219284058 0.7480628490447998
          0.7480628490447998 0.7480630278587341 0.7480632662773132 0.7480637431144714 0.7480645775794983 0.7480653524398804
          0.7480661869049072 0.7480671405792236 0.74806809425354 0.7480691075325012 0.748070240020752 0.7480712532997131
          0.7480724453926086 0.7480737566947937 0.7480747699737549 0.7480757832527161
        </DataArray>
        <DataArray type="Float32" Name="ASH_Solids_mass_fractions_1_4" format="ascii" RangeMin="0.24649670720100403" RangeMax="1">
          1 1 1 1 1 1
          0.25702396035194397 0.2549577057361603 0.25985008478164673 0.26001670956611633 0.25791001319885254 0.2589496076107025
          0.2630186676979065 0.26946794986724854 0.2763780653476715 0.28115734457969666 0.2825049161911011 0.2813097834587097
          0.2792619466781616 0.27718132734298706 0.2754776179790497 0.2746548056602478 0.2744600176811218 0.2744879722595215
          0.27441471815109253 0.2741633355617523 0.27382245659828186 0.27365216612815857 0.2739437520503998 0.2746870219707489
          0.2754841446876526 0.2759861648082733 0.27597281336784363 0.2753603160381317 0.2751682698726654 0.2751723825931549
          0.25971347093582153 0.25649431347846985 0.25108790397644043 0.2504373788833618 0.24649670720100403 0.2593977153301239
          0.24895153939723969 0.24970746040344238 0.256058007478714 1 1 1
          1 1 1 1 1 1
          1 1 1 1 1 1
          1 1 1 1 1 1
          1 1 1 1 1 1
          1 1 0.9999998211860657 0.9999998211860657 1 0.999985933303833
          0.9936324954032898 0.7498759627342224 0.6333655714988708 0.44978001713752747 0.35353153944015503 0.30892667174339294
          0.2867644429206848 0.2757193148136139 0.2701379656791687 0.2673676908016205 0.2659526765346527 0.26517507433891296
          0.2648193836212158 0.26503220200538635 0.26608723402023315 0.26705339550971985 0.2679011821746826 0.268536776304245
          0.2691550850868225 0.2699558436870575 0.27099719643592834 0.2722119390964508 0.2735404074192047 0.2750444710254669
          0.2752719223499298 0.27475404739379883 0.27490583062171936 0.27491316199302673 0.2563934624195099 0.2571110129356384
          0.2521069645881653 0.24978290498256683 0.25661149621009827 0.2728518545627594 0.2541731894016266 0.26020240783691406
          1 1 1 1 1 1
          1 1 1 1 1 1
          1 1 1 1 1 1
          1 1 1 1 1 1
          1 1 1 1 1 1
          0.9999998211860657 0.9999998211860657 0.9999998211860657 0.9999998211860657 0.9999998211860657 0.9999980926513672
          0.9994812607765198 0.4265328645706177 0.2974375784397125 0.2719360291957855 0.26489055156707764 0.26298317313194275
          0.2625978887081146 0.2625636160373688 0.26251569390296936 0.2623307704925537 0.262012243270874 0.2618524730205536
          0.26232969760894775 0.26350492238998413 0.2648783326148987 0.2662941813468933 0.26775839924812317 0.2694665193557739
          0.27157798409461975 0.2729627192020416 0.27396655082702637 0.2748158574104309 0.27483299374580383 0.2743692398071289
          0.27454107999801636 0.27742403745651245 0.25704529881477356 0.2567589282989502 0.2526637017726898 0.25078755617141724
          0.33323371410369873 0.2919021546840668 0.2576601505279541 0.26237696409225464 1 1
          1 1 1 1 1 1
          1 1 1 1 1 1
          1 1 1 1 1 1
          1 1 1 1 1 1
          1 1 1 0.9999998211860657 0.9999998211860657 0.9999998211860657
          0.9999998211860657 0.9999998211860657 0.9999998211860657 0.9999537467956543 0.9804224371910095 0.32210418581962585
          0.270977258682251 0.26350992918014526 0.2623596489429474 0.2625793516635895 0.26293081045150757 0.26309043169021606
          0.26301243901252747 0.26266971230506897 0.2620715796947479 0.261522501707077 0.2615674138069153 0.26370152831077576
          0.2655843198299408 0.26742738485336304 0.26922744512557983 0.2709274888038635 0.272411972284317 0.273336797952652
          0.27402493357658386 0.27450868487358093 0.27446430921554565 0.2741359770298004 0.2743481695652008 0.27435773611068726
          0.25672420859336853 0.257192999124527 0.2528831362724304 0.3218786120414734 0.32903292775154114 0.4312596619129181
          0.2603943645954132 1 1 1 1 1
          1 1 1 1 1 1
          1 1 1 1 1 1
          1 1 1 1 1 1
          1 1 1 1 1 1
          1 0.9999998211860657 0.9999998211860657 0.9999998211860657 0.9999998211860657 0.9999998211860657
          0.9999974370002747 0.9986397624015808 0.5514419078826904 0.2731776237487793 0.26394933462142944 0.26271721720695496
          0.26272842288017273 0.2632344365119934 0.2636289596557617 0.263733446598053 0.2635430693626404 0.26303473114967346
          0.26224756240844727 0.26196280121803284 0.26303350925445557 0.26515284180641174 0.26735633611679077 0.2690508961677551
          0.2705671787261963 0.27184686064720154 0.272829532623291 0.27346810698509216 0.27395397424697876 0.27425864338874817
          0.27424246072769165 0.27418944239616394 0.2743481993675232 0.3156798779964447 0.31689056754112244 0.2618836760520935
          0.25399675965309143 0.3478895127773285 0.3413197100162506 0.41004955768585205 1 1
          1 1 1 1 1 1
          1 1 1 1 1 1
          1 1 1 1 1 1
          1 1 1 1 1 1
          1 1 1 1 1 0.9999998211860657
          0.9999998211860657 0.9999998211860657 0.9999998211860657 0.9999998211860657 0.9999774694442749 0.9913173913955688
          0.36265596747398376 0.2689361870288849 0.26487845182418823 0.2635634243488312 0.26338034868240356 0.2638424336910248
          0.2642539143562317 0.264387845993042 0.264247328042984 0.26394686102867126 0.2637396454811096 0.2638905644416809
          0.2645641565322876 0.2667645514011383 0.2688521146774292 0.27023714780807495 0.2713988423347473 0.27232545614242554
          0.27301302552223206 0.2734920084476471 0.2738572955131531 0.2740722894668579 0.2740817368030548 0.2740820646286011
          0.3489849865436554 0.3494444489479065 0.3840793967247009 0.305205374956131 0.37589988112449646 0.3495504558086395
          0.4204902946949005 0.3838226795196533 1 1 1 1
          1 1 1 1 1 1
          1 1 1 1 1 1
          1 1 1 1 1 1
          1 1 1 1 1 1
          1 1 1 0.9999998211860657 0.9999998211860657 0.9999998211860657
          0.9999998211860657 0.9999997019767761 0.9999009966850281 0.9687460064888 0.3387012481689453 0.2739017903804779
          0.2673279047012329 0.2648945748806 0.26399263739585876 0.26432326436042786 0.2648942470550537 0.2652686536312103
          0.26544180512428284 0.26546451449394226 0.26548001170158386 0.26568058133125305 0.26617544889450073 0.2677706778049469
          0.26977822184562683 0.27092280983924866 0.27183374762535095 0.27254393696784973 0.2730751633644104 0.27346643805503845
          0.27376309037208557 0.2739383578300476 0.27401024103164673 0.26893970370292664 0.26951107382774353 0.49027201533317566
          0.4737837314605713 0.5120370388031006 0.5577636361122131 0.33537745475769043 0.47178134322166443 0.44725701212882996
          0.9938710331916809 0.9993346333503723 1 0.9997597932815552 0.9995707273483276 0.9999960064888
          0.9998417496681213 0.9999704957008362 0.9999902844429016 1 0.9999998807907104 0.9999999403953552
          1 0.9999998807907104 0.9999496340751648 0.9999998807907104 0.9999998807907104 0.9999998807907104
          1 1 1 1 1 0.9999986290931702
          1 1 0.9999996423721313 1 1 1
          1 0.9999998211860657 0.9999998211860657 0.9999998211860657 0.9999998211860657 0.9999998211860657
          0.9999673366546631 0.9880300164222717 0.42592376470565796 0.28969311714172363 0.2736736238002777 0.26829808950424194
          0.2648939788341522 0.2644641697406769 0.2652166783809662 0.2658466100692749 0.266321063041687 0.2666304111480713
          0.266818106174469 0.26701653003692627 0.2674073874950409 0.26823294162750244 0.2700774073600769 0.2712365984916687
          0.2720158100128174 0.2726079523563385 0.2730521857738495 0.2733847200870514 0.27362802624702454 0.27378329634666443
          0.2737778425216675 0.2701619863510132 0.2695046365261078 0.2695099115371704 0.28579503297805786 0.3019821345806122
          0.39918991923332214 0.36860740184783936 0.37442532181739807 0.39067476987838745 0.40108272433280945 0.41105008125305176
          0.41555172204971313 0.4203103482723236 0.4284639060497284 0.7444977760314941 0.6413829326629639 0.4528561532497406
          0.4595470130443573 0.6550444960594177 0.8787587881088257 0.6626260876655579 0.5906464457511902 0.9115954041481018
          0.9999998211860657 0.4981755018234253 0.4745943248271942 0.7941482067108154 1 0.8508896231651306
          0.39287877082824707 0.3848183751106262 0.3769320845603943 0.37331417202949524 0.3578326404094696 0.36971989274024963
          0.3678227663040161 0.36280032992362976 1 1 1 1
          0.9999998211860657 0.9999998211860657 0.9999998211860657 0.9999998211860657 0.9999998807907104 0.9999637603759766
          0.9835832118988037 0.38016730546951294 0.299358069896698 0.28460851311683655 0.26966312527656555 0.26382264494895935
          0.2646769881248474 0.2655288875102997 0.2663138508796692 0.26701125502586365 0.2675732672214508 0.2679772973060608
          0.26838093996047974 0.26896271109580994 0.2698231637477875 0.2711818814277649 0.2720266580581665 0.27252519130706787
          0.2728981673717499 0.27325326204299927 0.27335044741630554 0.2730439007282257 0.2727029323577881 0.2726713716983795
          0.2726435661315918 0.2726207673549652 0.272602915763855 0.2725888788700104 0.2725798189640045 0.2725692689418793
          0.2725304067134857 0.2725032866001129 0.272493451833725 0.27245959639549255 0.2724109888076782 0.2723936438560486
          0.25556594133377075 0.25546857714653015 0.255473792552948 0.252396821975708 0.25241029262542725 0.25241783261299133
          0.252422958612442 0.2524256408214569 0.2524294853210449 0.2524310052394867 0.2524319589138031 0.2524328827857971
          0.25243350863456726 0.2524332106113434 0.2524329721927643 0.25243252515792847 0.2524320185184479 0.2524316608905792
          0.2524312138557434 0.25243085622787476 0.2524314820766449 0.2524314820766449 0.25243112444877625 0.25243160128593445
          1 1 1 1 1 0.9999998211860657
          0.9999998211860657 0.9999998211860657 0.9999998211860657 0.9999992847442627 0.9999998211860657 0.9999998211860657
          0.9999896287918091 0.9924108982086182 0.36485210061073303 0.26120448112487793 0.2612835764884949 0.26209333539009094
          0.2629060745239258 0.26369333267211914 0.2644849717617035 0.2653365731239319 0.2660183906555176 0.26641374826431274
          0.2664530277252197 0.2674446105957031 0.2719281017780304 0.27228233218193054 0.27266833186149597 0.2727454602718353
          0.2727603316307068 0.27273717522621155 0.2727026045322418 0.2726709544658661 0.27264338731765747 0.27262070775032043
          0.2726028859615326 0.27258890867233276 0.2725798189640045 0.2725798189640045 0.27256935834884644 0.2725313901901245
          0.272505521774292 0.27249622344970703 0.2724633812904358 0.27239924669265747 0.2723987400531769 0.25523796677589417
          0.25512441992759705 0.2551163136959076 0.25193318724632263 0.2519349753856659 0.2519359886646271 0.25193703174591064
          0.25193706154823303 0.2519369125366211 0.2519366443157196 0.2519361674785614 0.25193536281585693 0.2519345283508301
          0.2519336938858032 0.2519327700138092 0.2519318461418152 0.2519308030605316 0.25192970037460327 0.2519286572933197
          0.2519274950027466 0.25192615389823914 0.25192511081695557 0.2519241273403168
        </DataArray>
      </CellData>
      <Points>
        <DataArray type="Float32" Name="Points" NumberOfComponents="3" format="ascii" RangeMin="0" RangeMax="5.727128342051162">
          0 0 0 0 0.07999999821186066 0
          0 0.1599999964237213 0 0 0.23999999463558197 0
          0 0.3199999928474426 0 0 0.4000000059604645 0
          0 0.47999998927116394 0 0 0.5600000023841858 0
          0 0.6399999856948853 0 0 0.7200000286102295 0
          0 0.800000011920929 0 0 0.8799999952316284 0
          0 0.9599999785423279 0 0 1.0399999618530273 0
          0 1.1200000047683716 0 0 1.2000000476837158 0
          0 1.2799999713897705 0 0 1.3600000143051147 0
          0 1.440000057220459 0 0 1.5199999809265137 0
          0 1.600000023841858 0 0 1.6799999475479126 0
          0 1.7599999904632568 0 0 1.840000033378601 0
          0 1.9199999570846558 0 0 2 0
          0 2.0799999237060547 0 0 2.1600000858306885 0
          0 2.240000009536743 0 0 2.319999933242798 0
          0 2.4000000953674316 0 0 2.4800000190734863 0
          0 2.559999942779541 0 0 2.640000104904175 0
          0 2.7200000286102295 0 0 2.799999952316284 0
          0 2.880000114440918 0 0 2.9600000381469727 0
          0 3.0399999618530273 0 0 3.119999885559082 0
          0 3.200000047683716 0 0 3.2799999713897705 0
          0 3.359999895095825 0 0 3.440000057220459 0
          0 3.5199999809265137 0 0 3.5999999046325684 0
          0 3.680000066757202 0 0 3.759999990463257 0
          0 3.8399999141693115 0 0 3.9200000762939453 0
          0 4 0 0 4.079999923706055 0
          0 4.159999847412109 0 0 4.239999771118164 0
          0 4.320000171661377 0 0 4.400000095367432 0
          0 4.480000019073486 0 0 4.559999942779541 0
          0 4.639999866485596 0 0 4.71999979019165 0
          0 4.800000190734863 0 0 4.880000114440918 0
          0 4.960000038146973 0 0 5.039999961853027 0
          0 5.119999885559082 0 0 5.199999809265137 0
          0 5.28000020980835 0 0 5.360000133514404 0
          0 5.440000057220459 0 0 5.519999980926514 0
          0 5.599999904632568 0 0.11999999731779099 0 0
          0.11999999731779099 0.07999999821186066 0 0.11999999731779099 0.1599999964237213 0
          0.11999999731779099 0.23999999463558197 0 0.11999999731779099 0.3199999928474426 0
          0.11999999731779099 0.4000000059604645 0 0.11999999731779099 0.47999998927116394 0
          0.11999999731779099 0.5600000023841858 0 0.11999999731779099 0.6399999856948853 0
          0.11999999731779099 0.7200000286102295 0 0.11999999731779099 0.800000011920929 0
          0.11999999731779099 0.8799999952316284 0 0.11999999731779099 0.9599999785423279 0
          0.11999999731779099 1.0399999618530273 0 0.11999999731779099 1.1200000047683716 0
          0.11999999731779099 1.2000000476837158 0 0.11999999731779099 1.2799999713897705 0
          0.11999999731779099 1.3600000143051147 0 0.11999999731779099 1.440000057220459 0
          0.11999999731779099 1.5199999809265137 0 0.11999999731779099 1.600000023841858 0
          0.11999999731779099 1.6799999475479126 0 0.11999999731779099 1.7599999904632568 0
          0.11999999731779099 1.840000033378601 0 0.11999999731779099 1.9199999570846558 0
          0.11999999731779099 2 0 0.11999999731779099 2.0799999237060547 0
          0.11999999731779099 2.1600000858306885 0 0.11999999731779099 2.240000009536743 0
          0.11999999731779099 2.319999933242798 0 0.11999999731779099 2.4000000953674316 0
          0.11999999731779099 2.4800000190734863 0 0.11999999731779099 2.559999942779541 0
          0.11999999731779099 2.640000104904175 0 0.11999999731779099 2.7200000286102295 0
          0.11999999731779099 2.799999952316284 0 0.11999999731779099 2.880000114440918 0
          0.11999999731779099 2.9600000381469727 0 0.11999999731779099 3.0399999618530273 0
          0.11999999731779099 3.119999885559082 0 0.11999999731779099 3.200000047683716 0
          0.11999999731779099 3.2799999713897705 0 0.11999999731779099 3.359999895095825 0
          0.11999999731779099 3.440000057220459 0 0.11999999731779099 3.5199999809265137 0
          0.11999999731779099 3.5999999046325684 0 0.11999999731779099 3.680000066757202 0
          0.11999999731779099 3.759999990463257 0 0.11999999731779099 3.8399999141693115 0
          0.11999999731779099 3.9200000762939453 0 0.11999999731779099 4 0
          0.11999999731779099 4.079999923706055 0 0.11999999731779099 4.159999847412109 0
          0.11999999731779099 4.239999771118164 0 0.11999999731779099 4.320000171661377 0
          0.11999999731779099 4.400000095367432 0 0.11999999731779099 4.480000019073486 0
          0.11999999731779099 4.559999942779541 0 0.11999999731779099 4.639999866485596 0
          0.11999999731779099 4.71999979019165 0 0.11999999731779099 4.800000190734863 0
          0.11999999731779099 4.880000114440918 0 0.11999999731779099 4.960000038146973 0
          0.11999999731779099 5.039999961853027 0 0.11999999731779099 5.119999885559082 0
          0.11999999731779099 5.199999809265137 0 0.11999999731779099 5.28000020980835 0
          0.11999999731779099 5.360000133514404 0 0.11999999731779099 5.440000057220459 0
          0.11999999731779099 5.519999980926514 0 0.11999999731779099 5.599999904632568 0
          0.23999999463558197 0 0 0.23999999463558197 0.07999999821186066 0
          0.23999999463558197 0.1599999964237213 0 0.23999999463558197 0.23999999463558197 0
          0.23999999463558197 0.3199999928474426 0 0.23999999463558197 0.4000000059604645 0
          0.23999999463558197 0.47999998927116394 0 0.23999999463558197 0.5600000023841858 0
          0.23999999463558197 0.6399999856948853 0 0.23999999463558197 0.7200000286102295 0
          0.23999999463558197 0.800000011920929 0 0.23999999463558197 0.8799999952316284 0
          0.23999999463558197 0.9599999785423279 0 0.23999999463558197 1.0399999618530273 0
          0.23999999463558197 1.1200000047683716 0 0.23999999463558197 1.2000000476837158 0
          0.23999999463558197 1.2799999713897705 0 0.23999999463558197 1.3600000143051147 0
          0.23999999463558197 1.440000057220459 0 0.23999999463558197 1.5199999809265137 0
          0.23999999463558197 1.600000023841858 0 0.23999999463558197 1.6799999475479126 0
          0.23999999463558197 1.7599999904632568 0 0.23999999463558197 1.840000033378601 0
          0.23999999463558197 1.9199999570846558 0 0.23999999463558197 2 0
          0.23999999463558197 2.0799999237060547 0 0.23999999463558197 2.1600000858306885 0
          0.23999999463558197 2.240000009536743 0 0.23999999463558197 2.319999933242798 0
          0.23999999463558197 2.4000000953674316 0 0.23999999463558197 2.4800000190734863 0
          0.23999999463558197 2.559999942779541 0 0.23999999463558197 2.640000104904175 0
          0.23999999463558197 2.7200000286102295 0 0.23999999463558197 2.799999952316284 0
          0.23999999463558197 2.880000114440918 0 0.23999999463558197 2.9600000381469727 0
          0.23999999463558197 3.0399999618530273 0 0.23999999463558197 3.119999885559082 0
          0.23999999463558197 3.200000047683716 0 0.23999999463558197 3.2799999713897705 0
          0.23999999463558197 3.359999895095825 0 0.23999999463558197 3.440000057220459 0
          0.23999999463558197 3.5199999809265137 0 0.23999999463558197 3.5999999046325684 0
          0.23999999463558197 3.680000066757202 0 0.23999999463558197 3.759999990463257 0
          0.23999999463558197 3.8399999141693115 0 0.23999999463558197 3.9200000762939453 0
          0.23999999463558197 4 0 0.23999999463558197 4.079999923706055 0
          0.23999999463558197 4.159999847412109 0 0.23999999463558197 4.239999771118164 0
          0.23999999463558197 4.320000171661377 0 0.23999999463558197 4.400000095367432 0
          0.23999999463558197 4.480000019073486 0 0.23999999463558197 4.559999942779541 0
          0.23999999463558197 4.639999866485596 0 0.23999999463558197 4.71999979019165 0
          0.23999999463558197 4.800000190734863 0 0.23999999463558197 4.880000114440918 0
          0.23999999463558197 4.960000038146973 0 0.23999999463558197 5.039999961853027 0
          0.23999999463558197 5.119999885559082 0 0.23999999463558197 5.199999809265137 0
          0.23999999463558197 5.28000020980835 0 0.23999999463558197 5.360000133514404 0
          0.23999999463558197 5.440000057220459 0 0.23999999463558197 5.519999980926514 0
          0.23999999463558197 5.599999904632568 0 0.36000001430511475 0 0
          0.36000001430511475 0.07999999821186066 0 0.36000001430511475 0.1599999964237213 0
          0.36000001430511475 0.23999999463558197 0 0.36000001430511475 0.3199999928474426 0
          0.36000001430511475 0.4000000059604645 0 0.36000001430511475 0.47999998927116394 0
          0.36000001430511475 0.5600000023841858 0 0.36000001430511475 0.6399999856948853 0
          0.36000001430511475 0.7200000286102295 0 0.36000001430511475 0.800000011920929 0
          0.36000001430511475 0.8799999952316284 0 0.36000001430511475 0.9599999785423279 0
          0.36000001430511475 1.0399999618530273 0 0.36000001430511475 1.1200000047683716 0
          0.36000001430511475 1.2000000476837158 0 0.36000001430511475 1.2799999713897705 0
          0.36000001430511475 1.3600000143051147 0 0.36000001430511475 1.440000057220459 0
          0.36000001430511475 1.5199999809265137 0 0.36000001430511475 1.600000023841858 0
          0.36000001430511475 1.6799999475479126 0 0.36000001430511475 1.7599999904632568 0
          0.36000001430511475 1.840000033378601 0 0.36000001430511475 1.9199999570846558 0
          0.36000001430511475 2 0 0.36000001430511475 2.0799999237060547 0
          0.36000001430511475 2.1600000858306885 0 0.36000001430511475 2.240000009536743 0
          0.36000001430511475 2.319999933242798 0 0.36000001430511475 2.4000000953674316 0
          0.36000001430511475 2.4800000190734863 0 0.36000001430511475 2.559999942779541 0
          0.36000001430511475 2.640000104904175 0 0.36000001430511475 2.7200000286102295 0
          0.36000001430511475 2.799999952316284 0 0.36000001430511475 2.880000114440918 0
          0.36000001430511475 2.9600000381469727 0 0.36000001430511475 3.0399999618530273 0
          0.36000001430511475 3.119999885559082 0 0.36000001430511475 3.200000047683716 0
          0.36000001430511475 3.2799999713897705 0 0.36000001430511475 3.359999895095825 0
          0.36000001430511475 3.440000057220459 0 0.36000001430511475 3.5199999809265137 0
          0.36000001430511475 3.5999999046325684 0 0.36000001430511475 3.680000066757202 0
          0.36000001430511475 3.759999990463257 0 0.36000001430511475 3.8399999141693115 0
          0.36000001430511475 3.9200000762939453 0 0.36000001430511475 4 0
          0.36000001430511475 4.079999923706055 0 0.36000001430511475 4.159999847412109 0
          0.36000001430511475 4.239999771118164 0 0.36000001430511475 4.320000171661377 0
          0.36000001430511475 4.400000095367432 0 0.36000001430511475 4.480000019073486 0
          0.36000001430511475 4.559999942779541 0 0.36000001430511475 4.639999866485596 0
          0.36000001430511475 4.71999979019165 0 0.36000001430511475 4.800000190734863 0
          0.36000001430511475 4.880000114440918 0 0.36000001430511475 4.960000038146973 0
          0.36000001430511475 5.039999961853027 0 0.36000001430511475 5.119999885559082 0
          0.36000001430511475 5.199999809265137 0 0.36000001430511475 5.28000020980835 0
          0.36000001430511475 5.360000133514404 0 0.36000001430511475 5.440000057220459 0
          0.36000001430511475 5.519999980926514 0 0.36000001430511475 5.599999904632568 0
          0.47999998927116394 0 0 0.47999998927116394 0.07999999821186066 0
          0.47999998927116394 0.1599999964237213 0 0.47999998927116394 0.23999999463558197 0
          0.47999998927116394 0.3199999928474426 0 0.47999998927116394 0.4000000059604645 0
          0.47999998927116394 0.47999998927116394 0 0.47999998927116394 0.5600000023841858 0
          0.47999998927116394 0.6399999856948853 0 0.47999998927116394 0.7200000286102295 0
          0.47999998927116394 0.800000011920929 0 0.47999998927116394 0.8799999952316284 0
          0.47999998927116394 0.9599999785423279 0 0.47999998927116394 1.0399999618530273 0
          0.47999998927116394 1.1200000047683716 0 0.47999998927116394 1.2000000476837158 0
          0.47999998927116394 1.2799999713897705 0 0.47999998927116394 1.3600000143051147 0
          0.47999998927116394 1.440000057220459 0 0.47999998927116394 1.5199999809265137 0
          0.47999998927116394 1.600000023841858 0 0.47999998927116394 1.6799999475479126 0
          0.47999998927116394 1.7599999904632568 0 0.47999998927116394 1.840000033378601 0
          0.47999998927116394 1.9199999570846558 0 0.47999998927116394 2 0
          0.47999998927116394 2.0799999237060547 0 0.47999998927116394 2.1600000858306885 0
          0.47999998927116394 2.240000009536743 0 0.47999998927116394 2.319999933242798 0
          0.47999998927116394 2.4000000953674316 0 0.47999998927116394 2.4800000190734863 0
          0.47999998927116394 2.559999942779541 0 0.47999998927116394 2.640000104904175 0
          0.47999998927116394 2.7200000286102295 0 0.47999998927116394 2.799999952316284 0
          0.47999998927116394 2.880000114440918 0 0.47999998927116394 2.9600000381469727 0
          0.47999998927116394 3.0399999618530273 0 0.47999998927116394 3.119999885559082 0
          0.47999998927116394 3.200000047683716 0 0.47999998927116394 3.2799999713897705 0
          0.47999998927116394 3.359999895095825 0 0.47999998927116394 3.440000057220459 0
          0.47999998927116394 3.5199999809265137 0 0.47999998927116394 3.5999999046325684 0
          0.47999998927116394 3.680000066757202 0 0.47999998927116394 3.759999990463257 0
          0.47999998927116394 3.8399999141693115 0 0.47999998927116394 3.9200000762939453 0
          0.47999998927116394 4 0 0.47999998927116394 4.079999923706055 0
          0.47999998927116394 4.159999847412109 0 0.47999998927116394 4.239999771118164 0
          0.47999998927116394 4.320000171661377 0 0.47999998927116394 4.400000095367432 0
          0.47999998927116394 4.480000019073486 0 0.47999998927116394 4.559999942779541 0
          0.47999998927116394 4.639999866485596 0 0.47999998927116394 4.71999979019165 0
          0.47999998927116394 4.800000190734863 0 0.47999998927116394 4.880000114440918 0
          0.47999998927116394 4.960000038146973 0 0.47999998927116394 5.039999961853027 0
          0.47999998927116394 5.119999885559082 0 0.47999998927116394 5.199999809265137 0
          0.47999998927116394 5.28000020980835 0 0.47999998927116394 5.360000133514404 0
          0.47999998927116394 5.440000057220459 0 0.47999998927116394 5.519999980926514 0
          0.47999998927116394 5.599999904632568 0 0.6000000238418579 0 0
          0.6000000238418579 0.07999999821186066 0 0.6000000238418579 0.1599999964237213 0
          0.6000000238418579 0.23999999463558197 0 0.6000000238418579 0.3199999928474426 0
          0.6000000238418579 0.4000000059604645 0 0.6000000238418579 0.47999998927116394 0
          0.6000000238418579 0.5600000023841858 0 0.6000000238418579 0.6399999856948853 0
          0.6000000238418579 0.7200000286102295 0 0.6000000238418579 0.800000011920929 0
          0.6000000238418579 0.8799999952316284 0 0.6000000238418579 0.9599999785423279 0
          0.6000000238418579 1.0399999618530273 0 0.6000000238418579 1.1200000047683716 0
          0.6000000238418579 1.2000000476837158 0 0.6000000238418579 1.2799999713897705 0
          0.6000000238418579 1.3600000143051147 0 0.6000000238418579 1.440000057220459 0
          0.6000000238418579 1.5199999809265137 0 0.6000000238418579 1.600000023841858 0
          0.6000000238418579 1.6799999475479126 0 0.6000000238418579 1.7599999904632568 0
          0.6000000238418579 1.840000033378601 0 0.6000000238418579 1.9199999570846558 0
          0.6000000238418579 2 0 0.6000000238418579 2.0799999237060547 0
          0.6000000238418579 2.1600000858306885 0 0.6000000238418579 2.240000009536743 0
          0.6000000238418579 2.319999933242798 0 0.6000000238418579 2.4000000953674316 0
          0.6000000238418579 2.4800000190734863 0 0.6000000238418579 2.559999942779541 0
          0.6000000238418579 2.640000104904175 0 0.6000000238418579 2.7200000286102295 0
          0.6000000238418579 2.799999952316284 0 0.6000000238418579 2.880000114440918 0
          0.6000000238418579 2.9600000381469727 0 0.6000000238418579 3.0399999618530273 0
          0.6000000238418579 3.119999885559082 0 0.6000000238418579 3.200000047683716 0
          0.6000000238418579 3.2799999713897705 0 0.6000000238418579 3.359999895095825 0
          0.6000000238418579 3.440000057220459 0 0.6000000238418579 3.5199999809265137 0
          0.6000000238418579 3.5999999046325684 0 0.6000000238418579 3.680000066757202 0
          0.6000000238418579 3.759999990463257 0 0.6000000238418579 3.8399999141693115 0
          0.6000000238418579 3.9200000762939453 0 0.6000000238418579 4 0
          0.6000000238418579 4.079999923706055 0 0.6000000238418579 4.159999847412109 0
          0.6000000238418579 4.239999771118164 0 0.6000000238418579 4.320000171661377 0
          0.6000000238418579 4.400000095367432 0 0.6000000238418579 4.480000019073486 0
          0.6000000238418579 4.559999942779541 0 0.6000000238418579 4.639999866485596 0
          0.6000000238418579 4.71999979019165 0 0.6000000238418579 4.800000190734863 0
          0.6000000238418579 4.880000114440918 0 0.6000000238418579 4.960000038146973 0
          0.6000000238418579 5.039999961853027 0 0.6000000238418579 5.119999885559082 0
          0.6000000238418579 5.199999809265137 0 0.6000000238418579 5.28000020980835 0
          0.6000000238418579 5.360000133514404 0 0.6000000238418579 5.440000057220459 0
          0.6000000238418579 5.519999980926514 0 0.6000000238418579 5.599999904632568 0
          0.7200000286102295 0 0 0.7200000286102295 0.07999999821186066 0
          0.7200000286102295 0.1599999964237213 0 0.7200000286102295 0.23999999463558197 0
          0.7200000286102295 0.3199999928474426 0 0.7200000286102295 0.4000000059604645 0
          0.7200000286102295 0.47999998927116394 0 0.7200000286102295 0.5600000023841858 0
          0.7200000286102295 0.6399999856948853 0 0.7200000286102295 0.7200000286102295 0
          0.7200000286102295 0.800000011920929 0 0.7200000286102295 0.8799999952316284 0
          0.7200000286102295 0.9599999785423279 0 0.7200000286102295 1.0399999618530273 0
          0.7200000286102295 1.1200000047683716 0 0.7200000286102295 1.2000000476837158 0
          0.7200000286102295 1.2799999713897705 0 0.7200000286102295 1.3600000143051147 0
          0.7200000286102295 1.440000057220459 0 0.7200000286102295 1.5199999809265137 0
          0.7200000286102295 1.600000023841858 0 0.7200000286102295 1.6799999475479126 0
          0.7200000286102295 1.7599999904632568 0 0.7200000286102295 1.840000033378601 0
          0.7200000286102295 1.9199999570846558 0 0.7200000286102295 2 0
          0.7200000286102295 2.0799999237060547 0 0.7200000286102295 2.1600000858306885 0
          0.7200000286102295 2.240000009536743 0 0.7200000286102295 2.319999933242798 0
          0.7200000286102295 2.4000000953674316 0 0.7200000286102295 2.4800000190734863 0
          0.7200000286102295 2.559999942779541 0 0.7200000286102295 2.640000104904175 0
          0.7200000286102295 2.7200000286102295 0 0.7200000286102295 2.799999952316284 0
          0.7200000286102295 2.880000114440918 0 0.7200000286102295 2.9600000381469727 0
          0.7200000286102295 3.0399999618530273 0 0.7200000286102295 3.119999885559082 0
          0.7200000286102295 3.200000047683716 0 0.7200000286102295 3.2799999713897705 0
          0.7200000286102295 3.359999895095825 0 0.7200000286102295 3.440000057220459 0
          0.7200000286102295 3.5199999809265137 0 0.7200000286102295 3.5999999046325684 0
          0.7200000286102295 3.680000066757202 0 0.7200000286102295 3.759999990463257 0
          0.7200000286102295 3.8399999141693115 0 0.7200000286102295 3.9200000762939453 0
          0.7200000286102295 4 0 0.7200000286102295 4.079999923706055 0
          0.7200000286102295 4.159999847412109 0 0.7200000286102295 4.239999771118164 0
          0.7200000286102295 4.320000171661377 0 0.7200000286102295 4.400000095367432 0
          0.7200000286102295 4.480000019073486 0 0.7200000286102295 4.559999942779541 0
          0.7200000286102295 4.639999866485596 0 0.7200000286102295 4.71999979019165 0
          0.7200000286102295 4.800000190734863 0 0.7200000286102295 4.880000114440918 0
          0.7200000286102295 4.960000038146973 0 0.7200000286102295 5.039999961853027 0
          0.7200000286102295 5.119999885559082 0 0.7200000286102295 5.199999809265137 0
          0.7200000286102295 5.28000020980835 0 0.7200000286102295 5.360000133514404 0
          0.7200000286102295 5.440000057220459 0 0.7200000286102295 5.519999980926514 0
          0.7200000286102295 5.599999904632568 0 0.8399999737739563 0 0
          0.8399999737739563 0.07999999821186066 0 0.8399999737739563 0.1599999964237213 0
          0.8399999737739563 0.23999999463558197 0 0.8399999737739563 0.3199999928474426 0
          0.8399999737739563 0.4000000059604645 0 0.8399999737739563 0.47999998927116394 0
          0.8399999737739563 0.5600000023841858 0 0.8399999737739563 0.6399999856948853 0
          0.8399999737739563 0.7200000286102295 0 0.8399999737739563 0.800000011920929 0
          0.8399999737739563 0.8799999952316284 0 0.8399999737739563 0.9599999785423279 0
          0.8399999737739563 1.0399999618530273 0 0.8399999737739563 1.1200000047683716 0
          0.8399999737739563 1.2000000476837158 0 0.8399999737739563 1.2799999713897705 0
          0.8399999737739563 1.3600000143051147 0 0.8399999737739563 1.440000057220459 0
          0.8399999737739563 1.5199999809265137 0 0.8399999737739563 1.600000023841858 0
          0.8399999737739563 1.6799999475479126 0 0.8399999737739563 1.7599999904632568 0
          0.8399999737739563 1.840000033378601 0 0.8399999737739563 1.9199999570846558 0
          0.8399999737739563 2 0 0.8399999737739563 2.0799999237060547 0
          0.8399999737739563 2.1600000858306885 0 0.8399999737739563 2.240000009536743 0
          0.8399999737739563 2.319999933242798 0 0.8399999737739563 2.4000000953674316 0
          0.8399999737739563 2.4800000190734863 0 0.8399999737739563 2.559999942779541 0
          0.8399999737739563 2.640000104904175 0 0.8399999737739563 2.7200000286102295 0
          0.8399999737739563 2.799999952316284 0 0.8399999737739563 2.880000114440918 0
          0.8399999737739563 2.9600000381469727 0 0.8399999737739563 3.0399999618530273 0
          0.8399999737739563 3.119999885559082 0 0.8399999737739563 3.200000047683716 0
          0.8399999737739563 3.2799999713897705 0 0.8399999737739563 3.359999895095825 0
          0.8399999737739563 3.440000057220459 0 0.8399999737739563 3.5199999809265137 0
          0.8399999737739563 3.5999999046325684 0 0.8399999737739563 3.680000066757202 0
          0.8399999737739563 3.759999990463257 0 0.8399999737739563 3.8399999141693115 0
          0.8399999737739563 3.9200000762939453 0 0.8399999737739563 4 0
          0.8399999737739563 4.079999923706055 0 0.8399999737739563 4.159999847412109 0
          0.8399999737739563 4.239999771118164 0 0.8399999737739563 4.320000171661377 0
          0.8399999737739563 4.400000095367432 0 0.8399999737739563 4.480000019073486 0
          0.8399999737739563 4.559999942779541 0 0.8399999737739563 4.639999866485596 0
          0.8399999737739563 4.71999979019165 0 0.8399999737739563 4.800000190734863 0
          0.8399999737739563 4.880000114440918 0 0.8399999737739563 4.960000038146973 0
          0.8399999737739563 5.039999961853027 0 0.8399999737739563 5.119999885559082 0
          0.8399999737739563 5.199999809265137 0 0.8399999737739563 5.28000020980835 0
          0.8399999737739563 5.360000133514404 0 0.8399999737739563 5.440000057220459 0
          0.8399999737739563 5.519999980926514 0 0.8399999737739563 5.599999904632568 0
          0.9599999785423279 0 0 0.9599999785423279 0.07999999821186066 0
          0.9599999785423279 0.1599999964237213 0 0.9599999785423279 0.23999999463558197 0
          0.9599999785423279 0.3199999928474426 0 0.9599999785423279 0.4000000059604645 0
          0.9599999785423279 0.47999998927116394 0 0.9599999785423279 0.5600000023841858 0
          0.9599999785423279 0.6399999856948853 0 0.9599999785423279 0.7200000286102295 0
          0.9599999785423279 0.800000011920929 0 0.9599999785423279 0.8799999952316284 0
          0.9599999785423279 0.9599999785423279 0 0.9599999785423279 1.0399999618530273 0
          0.9599999785423279 1.1200000047683716 0 0.9599999785423279 1.2000000476837158 0
          0.9599999785423279 1.2799999713897705 0 0.9599999785423279 1.3600000143051147 0
          0.9599999785423279 1.440000057220459 0 0.9599999785423279 1.5199999809265137 0
          0.9599999785423279 1.600000023841858 0 0.9599999785423279 1.6799999475479126 0
          0.9599999785423279 1.7599999904632568 0 0.9599999785423279 1.840000033378601 0
          0.9599999785423279 1.9199999570846558 0 0.9599999785423279 2 0
          0.9599999785423279 2.0799999237060547 0 0.9599999785423279 2.1600000858306885 0
          0.9599999785423279 2.240000009536743 0 0.9599999785423279 2.319999933242798 0
          0.9599999785423279 2.4000000953674316 0 0.9599999785423279 2.4800000190734863 0
          0.9599999785423279 2.559999942779541 0 0.9599999785423279 2.640000104904175 0
          0.9599999785423279 2.7200000286102295 0 0.9599999785423279 2.799999952316284 0
          0.9599999785423279 2.880000114440918 0 0.9599999785423279 2.9600000381469727 0
          0.9599999785423279 3.0399999618530273 0 0.9599999785423279 3.119999885559082 0
          0.9599999785423279 3.200000047683716 0 0.9599999785423279 3.2799999713897705 0
          0.9599999785423279 3.359999895095825 0 0.9599999785423279 3.440000057220459 0
          0.9599999785423279 3.5199999809265137 0 0.9599999785423279 3.5999999046325684 0
          0.9599999785423279 3.680000066757202 0 0.9599999785423279 3.759999990463257 0
          0.9599999785423279 3.8399999141693115 0 0.9599999785423279 3.9200000762939453 0
          0.9599999785423279 4 0 0.9599999785423279 4.079999923706055 0
          0.9599999785423279 4.159999847412109 0 0.9599999785423279 4.239999771118164 0
          0.9599999785423279 4.320000171661377 0 0.9599999785423279 4.400000095367432 0
          0.9599999785423279 4.480000019073486 0 0.9599999785423279 4.559999942779541 0
          0.9599999785423279 4.639999866485596 0 0.9599999785423279 4.71999979019165 0
          0.9599999785423279 4.800000190734863 0 0.9599999785423279 4.880000114440918 0
          0.9599999785423279 4.960000038146973 0 0.9599999785423279 5.039999961853027 0
          0.9599999785423279 5.119999885559082 0 0.9599999785423279 5.199999809265137 0
          0.9599999785423279 5.28000020980835 0 0.9599999785423279 5.360000133514404 0
          0.9599999785423279 5.440000057220459 0 0.9599999785423279 5.519999980926514 0
          0.9599999785423279 5.599999904632568 0 1.0800000429153442 0 0
          1.0800000429153442 0.07999999821186066 0 1.0800000429153442 0.1599999964237213 0
          1.0800000429153442 0.23999999463558197 0 1.0800000429153442 0.3199999928474426 0
          1.0800000429153442 0.4000000059604645 0 1.0800000429153442 0.47999998927116394 0
          1.0800000429153442 0.5600000023841858 0 1.0800000429153442 0.6399999856948853 0
          1.0800000429153442 0.7200000286102295 0 1.0800000429153442 0.800000011920929 0
          1.0800000429153442 0.8799999952316284 0 1.0800000429153442 0.9599999785423279 0
          1.0800000429153442 1.0399999618530273 0 1.0800000429153442 1.1200000047683716 0
          1.0800000429153442 1.2000000476837158 0 1.0800000429153442 1.2799999713897705 0
          1.0800000429153442 1.3600000143051147 0 1.0800000429153442 1.440000057220459 0
          1.0800000429153442 1.5199999809265137 0 1.0800000429153442 1.600000023841858 0
          1.0800000429153442 1.6799999475479126 0 1.0800000429153442 1.7599999904632568 0
          1.0800000429153442 1.840000033378601 0 1.0800000429153442 1.9199999570846558 0
          1.0800000429153442 2 0 1.0800000429153442 2.0799999237060547 0
          1.0800000429153442 2.1600000858306885 0 1.0800000429153442 2.240000009536743 0
          1.0800000429153442 2.319999933242798 0 1.0800000429153442 2.4000000953674316 0
          1.0800000429153442 2.4800000190734863 0 1.0800000429153442 2.559999942779541 0
          1.0800000429153442 2.640000104904175 0 1.0800000429153442 2.7200000286102295 0
          1.0800000429153442 2.799999952316284 0 1.0800000429153442 2.880000114440918 0
          1.0800000429153442 2.9600000381469727 0 1.0800000429153442 3.0399999618530273 0
          1.0800000429153442 3.119999885559082 0 1.0800000429153442 3.200000047683716 0
          1.0800000429153442 3.2799999713897705 0 1.0800000429153442 3.359999895095825 0
          1.0800000429153442 3.440000057220459 0 1.0800000429153442 3.5199999809265137 0
          1.0800000429153442 3.5999999046325684 0 1.0800000429153442 3.680000066757202 0
          1.0800000429153442 3.759999990463257 0 1.0800000429153442 3.8399999141693115 0
          1.0800000429153442 3.9200000762939453 0 1.0800000429153442 4 0
          1.0800000429153442 4.079999923706055 0 1.0800000429153442 4.159999847412109 0
          1.0800000429153442 4.239999771118164 0 1.0800000429153442 4.320000171661377 0
          1.0800000429153442 4.400000095367432 0 1.0800000429153442 4.480000019073486 0
          1.0800000429153442 4.559999942779541 0 1.0800000429153442 4.639999866485596 0
          1.0800000429153442 4.71999979019165 0 1.0800000429153442 4.800000190734863 0
          1.0800000429153442 4.880000114440918 0 1.0800000429153442 4.960000038146973 0
          1.0800000429153442 5.039999961853027 0 1.0800000429153442 5.119999885559082 0
          1.0800000429153442 5.199999809265137 0 1.0800000429153442 5.28000020980835 0
          1.0800000429153442 5.360000133514404 0 1.0800000429153442 5.440000057220459 0
          1.0800000429153442 5.519999980926514 0 1.0800000429153442 5.599999904632568 0
          1.2000000476837158 0 0 1.2000000476837158 0.07999999821186066 0
          1.2000000476837158 0.1599999964237213 0 1.2000000476837158 0.23999999463558197 0
          1.2000000476837158 0.3199999928474426 0 1.2000000476837158 0.4000000059604645 0
          1.2000000476837158 0.47999998927116394 0 1.2000000476837158 0.5600000023841858 0
          1.2000000476837158 0.6399999856948853 0 1.2000000476837158 0.7200000286102295 0
          1.2000000476837158 0.800000011920929 0 1.2000000476837158 0.8799999952316284 0
          1.2000000476837158 0.9599999785423279 0 1.2000000476837158 1.0399999618530273 0
          1.2000000476837158 1.1200000047683716 0 1.2000000476837158 1.2000000476837158 0
          1.2000000476837158 1.2799999713897705 0 1.2000000476837158 1.3600000143051147 0
          1.2000000476837158 1.440000057220459 0 1.2000000476837158 1.5199999809265137 0
          1.2000000476837158 1.600000023841858 0 1.2000000476837158 1.6799999475479126 0
          1.2000000476837158 1.7599999904632568 0 1.2000000476837158 1.840000033378601 0
          1.2000000476837158 1.9199999570846558 0 1.2000000476837158 2 0
          1.2000000476837158 2.0799999237060547 0 1.2000000476837158 2.1600000858306885 0
          1.2000000476837158 2.240000009536743 0 1.2000000476837158 2.319999933242798 0
          1.2000000476837158 2.4000000953674316 0 1.2000000476837158 2.4800000190734863 0
          1.2000000476837158 2.559999942779541 0 1.2000000476837158 2.640000104904175 0
          1.2000000476837158 2.7200000286102295 0 1.2000000476837158 2.799999952316284 0
          1.2000000476837158 2.880000114440918 0 1.2000000476837158 2.9600000381469727 0
          1.2000000476837158 3.0399999618530273 0 1.2000000476837158 3.119999885559082 0
          1.2000000476837158 3.200000047683716 0 1.2000000476837158 3.2799999713897705 0
          1.2000000476837158 3.359999895095825 0 1.2000000476837158 3.440000057220459 0
          1.2000000476837158 3.5199999809265137 0 1.2000000476837158 3.5999999046325684 0
          1.2000000476837158 3.680000066757202 0 1.2000000476837158 3.759999990463257 0
          1.2000000476837158 3.8399999141693115 0 1.2000000476837158 3.9200000762939453 0
          1.2000000476837158 4 0 1.2000000476837158 4.079999923706055 0
          1.2000000476837158 4.159999847412109 0 1.2000000476837158 4.239999771118164 0
          1.2000000476837158 4.320000171661377 0 1.2000000476837158 4.400000095367432 0
          1.2000000476837158 4.480000019073486 0 1.2000000476837158 4.559999942779541 0
          1.2000000476837158 4.639999866485596 0 1.2000000476837158 4.71999979019165 0
          1.2000000476837158 4.800000190734863 0 1.2000000476837158 4.880000114440918 0
          1.2000000476837158 4.960000038146973 0 1.2000000476837158 5.039999961853027 0
          1.2000000476837158 5.119999885559082 0 1.2000000476837158 5.199999809265137 0
          1.2000000476837158 5.28000020980835 0 1.2000000476837158 5.360000133514404 0
          1.2000000476837158 5.440000057220459 0 1.2000000476837158 5.519999980926514 0
          1.2000000476837158 5.599999904632568 0
          <InformationKey name="L2_NORM_RANGE" location="vtkDataArray" length="2">
            <Value index="0">
              0
            </Value>
            <Value index="1">
              5.7271283421
            </Value>
          </InformationKey>
        </DataArray>
      </Points>
      <Cells>
        <DataArray type="Int64" Name="connectivity" format="ascii" RangeMin="0" RangeMax="780">
          0 71 72 1 1 72
          73 2 2 73 74 3
          3 74 75 4 4 75
          76 5 5 76 77 6
          6 77 78 7 7 78
          79 8 8 79 80 9
          9 80 81 10 10 81
          82 11 11 82 83 12
          12 83 84 13 13 84
          85 14 14 85 86 15
          15 86 87 16 16 87
          88 17 17 88 89 18
          18 89 90 19 19 90
          91 20 20 91 92 21
          21 92 93 22 22 93
          94 23 23 94 95 24
          24 95 96 25 25 96
          97 26 26 97 98 27
          27 98 99 28 28 99
          100 29 29 100 101 30
          30 101 102 31 31 102
          103 32 32 103 104 33
          33 104 105 34 34 105
          106 35 35 106 107 36
          36 107 108 37 37 108
          109 38 38 109 110 39
          39 110 111 40 40 111
          112 41 41 112 113 42
          42 113 114 43 43 114
          115 44 44 115 116 45
          45 116 117 46 46 117
          118 47 47 118 119 48
          48 119 120 49 49 120
          121 50 50 121 122 51
          51 122 123 52 52 123
          124 53 53 124 125 54
          54 125 126 55 55 126
          127 56 56 127 128 57
          57 128 129 58 58 129
          130 59 59 130 131 60
          60 131 132 61 61 132
          133 62 62 133 134 63
          63 134 135 64 64 135
          136 65 65 136 137 66
          66 137 138 67 67 138
          139 68 68 139 140 69
          69 140 141 70 71 142
          143 72 72 143 144 73
          73 144 145 74 74 145
          146 75 75 146 147 76
          76 147 148 77 77 148
          149 78 78 149 150 79
          79 150 151 80 80 151
          152 81 81 152 153 82
          82 153 154 83 83 154
          155 84 84 155 156 85
          85 156 157 86 86 157
          158 87 87 158 159 88
          88 159 160 89 89 160
          161 90 90 161 162 91
          91 162 163 92 92 163
          164 93 93 164 165 94
          94 165 166 95 95 166
          167 96 96 167 168 97
          97 168 169 98 98 169
          170 99 99 170 171 100
          100 171 172 101 101 172
          173 102 102 173 174 103
          103 174 175 104 104 175
          176 105 105 176 177 106
          106 177 178 107 107 178
          179 108 108 179 180 109
          109 180 181 110 110 181
          182 111 111 182 183 112
          112 183 184 113 113 184
          185 114 114 185 186 115
          115 186 187 116 116 187
          188 117 117 188 189 118
          118 189 190 119 119 190
          191 120 120 191 192 121
          121 192 193 122 122 193
          194 123 123 194 195 124
          124 195 196 125 125 196
          197 126 126 197 198 127
          127 198 199 128 128 199
          200 129 129 200 201 130
          130 201 202 131 131 202
          203 132 132 203 204 133
          133 204 205 134 134 205
          206 135 135 206 207 136
          136 207 208 137 137 208
          209 138 138 209 210 139
          139 210 211 140 140 211
          212 141 142 213 214 143
          143 214 215 144 144 215
          216 145 145 216 217 146
          146 217 218 147 147 218
          219 148 148 219 220 149
          149 220 221 150 150 221
          222 151 151 222 223 152
          152 223 224 153 153 224
          225 154 154 225 226 155
          155 226 227 156 156 227
          228 157 157 228 229 158
          158 229 230 159 159 230
          231 160 160 231 232 161
          161 232 233 162 162 233
          234 163 163 234 235 164
          164 235 236 165 165 236
          237 166 166 237 238 167
          167 238 239 168 168 239
          240 169 169 240 241 170
          170 241 242 171 171 242
          243 172 172 243 244 173
          173 244 245 174 174 245
          246 175 175 246 247 176
          176 247 248 177 177 248
          249 178 178 249 250 179
          179 250 251 180 180 251
          252 181 181 252 253 182
          182 253 254 183 183 254
          255 184 184 255 256 185
          185 256 257 186 186 257
          258 187 187 258 259 188
          188 259 260 189 189 260
          261 190 190 261 262 191
          191 262 263 192 192 263
          264 193 193 264 265 194
          194 265 266 195 195 266
          267 196 196 267 268 197
          197 268 269 198 198 269
          270 199 199 270 271 200
          200 271 272 201 201 272
          273 202 202 273 274 203
          203 274 275 204 204 275
          276 205 205 276 277 206
          206 277 278 207 207 278
          279 208 208 279 280 209
          209 280 281 210 210 281
          282 211 211 282 283 212
          213 284 285 214 214 285
          286 215 215 286 287 216
          216 287 288 217 217 288
          289 218 218 289 290 219
          219 290 291 220 220 291
          292 221 221 292 293 222
          222 293 294 223 223 294
          295 224 224 295 296 225
          225 296 297 226 226 297
          298 227 227 298 299 228
          228 299 300 229 229 300
          301 230 230 301 302 231
          231 302 303 232 232 303
          304 233 233 304 305 234
          234 305 306 235 235 306
          307 236 236 307 308 237
          237 308 309 238 238 309
          310 239 239 310 311 240
          240 311 312 241 241 312
          313 242 242 313 314 243
          243 314 315 244 244 315
          316 245 245 316 317 246
          246 317 318 247 247 318
          319 248 248 319 320 249
          249 320 321 250 250 321
          322 251 251 322 323 252
          252 323 324 253 253 324
          325 254 254 325 326 255
          255 326 327 256 256 327
          328 257 257 328 329 258
          258 329 330 259 259 330
          331 260 260 331 332 261
          261 332 333 262 262 333
          334 263 263 334 335 264
          264 335 336 265 265 336
          337 266 266 337 338 267
          267 338 339 268 268 339
          340 269 269 340 341 270
          270 341 342 271 271 342
          343 272 272 343 344 273
          273 344 345 274 274 345
          346 275 275 346 347 276
          276 347 348 277 277 348
          349 278 278 349 350 279
          279 350 351 280 280 351
          352 281 281 352 353 282
          282 353 354 283 284 355
          356 285 285 356 357 286
          286 357 358 287 287 358
          359 288 288 359 360 289
          289 360 361 290 290 361
          362 291 291 362 363 292
          292 363 364 293 293 364
          365 294 294 365 366 295
          295 366 367 296 296 367
          368 297 297 368 369 298
          298 369 370 299 299 370
          371 300 300 371 372 301
          301 372 373 302 302 373
          374 303 303 374 375 304
          304 375 376 305 305 376
          377 306 306 377 378 307
          307 378 379 308 308 379
          380 309 309 380 381 310
          310 381 382 311 311 382
          383 312 312 383 384 313
          313 384 385 314 314 385
          386 315 315 386 387 316
          316 387 388 317 317 388
          389 318 318 389 390 319
          319 390 391 320 320 391
          392 321 321 392 393 322
          322 393 394 323 323 394
          395 324 324 395 396 325
          325 396 397 326 326 397
          398 327 327 398 399 328
          328 399 400 329 329 400
          401 330 330 401 402 331
          331 402 403 332 332 403
          404 333 333 404 405 334
          334 405 406 335 335 406
          407 336 336 407 408 337
          337 408 409 338 338 409
          410 339 339 410 411 340
          340 411 412 341 341 412
          413 342 342 413 414 343
          343 414 415 344 344 415
          416 345 345 416 417 346
          346 417 418 347 347 418
          419 348 348 419 420 349
          349 420 421 350 350 421
          422 351 351 422 423 352
          352 423 424 353 353 424
          425 354 355 426 427 356
          356 427 428 357 357 428
          429 358 358 429 430 359
          359 430 431 360 360 431
          432 361 361 432 433 362
          362 433 434 363 363 434
          435 364 364 435 436 365
          365 436 437 366 366 437
          438 367 367 438 439 368
          368 439 440 369 369 440
          441 370 370 441 442 371
          371 442 443 372 372 443
          444 373 373 444 445 374
          374 445 446 375 375 446
          447 376 376 447 448 377
          377 448 449 378 378 449
          450 379 379 450 451 380
          380 451 452 381 381 452
          453 382 382 453 454 383
          383 454 455 384 384 455
          456 385 385 456 457 386
          386 457 458 387 387 458
          459 388 388 459 460 389
          389 460 461 390 390 461
          462 391 391 462 463 392
          392 463 464 393 393 464
          465 394 394 465 466 395
          395 466 467 396 396 467
          468 397 397 468 469 398
          398 469 470 399 399 470
          471 400 400 471 472 401
          401 472 473 402 402 473
          474 403 403 474 475 404
          404 475 476 405 405 476
          477 406 406 477 478 407
          407 478 479 408 408 479
          480 409 409 480 481 410
          410 481 482 411 411 482
          483 412 412 483 484 413
          413 484 485 414 414 485
          486 415 415 486 487 416
          416 487 488 417 417 488
          489 418 418 489 490 419
          419 490 491 420 420 491
          492 421 421 492 493 422
          422 493 494 423 423 494
          495 424 424 495 496 425
          426 497 498 427 427 498
          499 428 428 499 500 429
          429 500 501 430 430 501
          502 431 431 502 503 432
          432 503 504 433 433 504
          505 434 434 505 506 435
          435 506 507 436 436 507
          508 437 437 508 509 438
          438 509 510 439 439 510
          511 440 440 511 512 441
          441 512 513 442 442 513
          514 443 443 514 515 444
          444 515 516 445 445 516
          517 446 446 517 518 447
          447 518 519 448 448 519
          520 449 449 520 521 450
          450 521 522 451 451 522
          523 452 452 523 524 453
          453 524 525 454 454 525
          526 455 455 526 527 456
          456 527 528 457 457 528
          529 458 458 529 530 459
          459 530 531 460 460 531
          532 461 461 532 533 462
          462 533 534 463 463 534
          535 464 464 535 536 465
          465 536 537 466 466 537
          538 467 467 538 539 468
          468 539 540 469 469 540
          541 470 470 541 542 471
          471 542 543 472 472 543
          544 473 473 544 545 474
          474 545 546 475 475 546
          547 476 476 547 548 477
          477 548 549 478 478 549
          550 479 479 550 551 480
          480 551 552 481 481 552
          553 482 482 553 554 483
          483 554 555 484 484 555
          556 485 485 556 557 486
          486 557 558 487 487 558
          559 488 488 559 560 489
          489 560 561 490 490 561
          562 491 491 562 563 492
          492 563 564 493 493 564
          565 494 494 565 566 495
          495 566 567 496 497 568
          569 498 498 569 570 499
          499 570 571 500 500 571
          572 501 501 572 573 502
          502 573 574 503 503 574
          575 504 504 575 576 505
          505 576 577 506 506 577
          578 507 507 578 579 508
          508 579 580 509 509 580
          581 510 510 581 582 511
          511 582 583 512 512 583
          584 513 513 584 585 514
          514 585 586 515 515 586
          587 516 516 587 588 517
          517 588 589 518 518 589
          590 519 519 590 591 520
          520 591 592 521 521 592
          593 522 522 593 594 523
          523 594 595 524 524 595
          596 525 525 596 597 526
          526 597 598 527 527 598
          599 528 528 599 600 529
          529 600 601 530 530 601
          602 531 531 602 603 532
          532 603 604 533 533 604
          605 534 534 605 606 535
          535 606 607 536 536 607
          608 537 537 608 609 538
          538 609 610 539 539 610
          611 540 540 611 612 541
          541 612 613 542 542 613
          614 543 543 614 615 544
          544 615 616 545 545 616
          617 546 546 617 618 547
          547 618 619 548 548 619
          620 549 549 620 621 550
          550 621 622 551 551 622
          623 552 552 623 624 553
          553 624 625 554 554 625
          626 555 555 626 627 556
          556 627 628 557 557 628
          629 558 558 629 630 559
          559 630 631 560 560 631
          632 561 561 632 633 562
          562 633 634 563 563 634
          635 564 564 635 636 565
          565 636 637 566 566 637
          638 567 568 639 640 569
          569 640 641 570 570 641
          642 571 571 642 643 572
          572 643 644 573 573 644
          645 574 574 645 646 575
          575 646 647 576 576 647
          648 577 577 648 649 578
          578 649 650 579 579 650
          651 580 580 651 652 581
          581 652 653 582 582 653
          654 583 583 654 655 584
          584 655 656 585 585 656
          657 586 586 657 658 587
          587 658 659 588 588 659
          660 589 589 660 661 590
          590 661 662 591 591 662
          663 592 592 663 664 593
          593 664 665 594 594 665
          666 595 595 666 667 596
          596 667 668 597 597 668
          669 598 598 669 670 599
          599 670 671 600 600 671
          672 601 601 672 673 602
          602 673 674 603 603 674
          675 604 604 675 676 605
          605 676 677 606 606 677
          678 607 607 678 679 608
          608 679 680 609 609 680
          681 610 610 681 682 611
          611 682 683 612 612 683
          684 613 613 684 685 614
          614 685 686 615 615 686
          687 616 616 687 688 617
          617 688 689 618 618 689
          690 619 619 690 691 620
          620 691 692 621 621 692
          693 622 622 693 694 623
          623 694 695 624 624 695
          696 625 625 696 697 626
          626 697 698 627 627 698
          699 628 628 699 700 629
          629 700 701 630 630 701
          702 631 631 702 703 632
          632 703 704 633 633 704
          705 634 634 705 706 635
          635 706 707 636 636 707
          708 637 637 708 709 638
          639 710 711 640 640 711
          712 641 641 712 713 642
          642 713 714 643 643 714
          715 644 644 715 716 645
          645 716 717 646 646 717
          718 647 647 718 719 648
          648 719 720 649 649 720
          721 650 650 721 722 651
          651 722 723 652 652 723
          724 653 653 724 725 654
          654 725 726 655 655 726
          727 656 656 727 728 657
          657 728 729 658 658 729
          730 659 659 730 731 660
          660 731 732 661 661 732
          733 662 662 733 734 663
          663 734 735 664 664 735
          736 665 665 736 737 666
          666 737 738 667 667 738
          739 668 668 739 740 669
          669 740 741 670 670 741
          742 671 671 742 743 672
          672 743 744 673 673 744
          745 674 674 745 746 675
          675 746 747 676 676 747
          748 677 677 748 749 678
          678 749 750 679 679 750
          751 680 680 751 752 681
          681 752 753 682 682 753
          754 683 683 754 755 684
          684 755 756 685 685 756
          757 686 686 757 758 687
          687 758 759 688 688 759
          760 689 689 760 761 690
          690 761 762 691 691 762
          763 692 692 763 764 693
          693 764 765 694 694 765
          766 695 695 766 767 696
          696 767 768 697 697 768
          769 698 698 769 770 699
          699 770 771 700 700 771
          772 701 701 772 773 702
          702 773 774 703 703 774
          775 704 704 775 776 705
          705 776 777 706 706 777
          778 707 707 778 779 708
          708 779 780 709
        </DataArray>
        <DataArray type="Int64" Name="offsets" format="ascii" RangeMin="4" RangeMax="2800">
          4 8 12 16 20 24
          28 32 36 40 44 48
          52 56 60 64 68 72
          76 80 84 88 92 96
          100 104 108 112 116 120
          124 128 132 136 140 144
          148 152 156 160 164 168
          172 176 180 184 188 192
          196 200 204 208 212 216
          220 224 228 232 236 240
          244 248 252 256 260 264
          268 272 276 280 284 288
          292 296 300 304 308 312
          316 320 324 328 332 336
          340 344 348 352 356 360
          364 368 372 376 380 384
          388 392 396 400 404 408
          412 416 420 424 428 432
          436 440 444 448 452 456
          460 464 468 472 476 480
          484 488 492 496 500 504
          508 512 516 520 524 528
          532 536 540 544 548 552
          556 560 564 568 572 576
          580 584 588 592 596 600
          604 608 612 616 620 624
          628 632 636 640 644 648
          652 656 660 664 668 672
          676 680 684 688 692 696
          700 704 708 712 716 720
          724 728 732 736 740 744
          748 752 756 760 764 768
          772 776 780 784 788 792
          796 800 804 808 812 816
          820 824 828 832 836 840
          844 848 852 856 860 864
          868 872 876 880 884 888
          892 896 900 904 908 912
          916 920 924 928 932 936
          940 944 948 952 956 960
          964 968 972 976 980 984
          988 992 996 1000 1004 1008
          1012 1016 1020 1024 1028 1032
          1036 1040 1044 1048 1052 1056
          1060 1064 1068 1072 1076 1080
          1084 1088 1092 1096 1100 1104
          1108 1112 1116 1120 1124 1128
          1132 1136 1140 1144 1148 1152
          1156 1160 1164 1168 1172 1176
          1180 1184 1188 1192 1196 1200
          1204 1208 1212 1216 1220 1224
          1228 1232 1236 1240 1244 1248
          1252 1256 1260 1264 1268 1272
          1276 1280 1284 1288 1292 1296
          1300 1304 1308 1312 1316 1320
          1324 1328 1332 1336 1340 1344
          1348 1352 1356 1360 1364 1368
          1372 1376 1380 1384 1388 1392
          1396 1400 1404 1408 1412 1416
          1420 1424 1428 1432 1436 1440
          1444 1448 1452 1456 1460 1464
          1468 1472 1476 1480 1484 1488
          1492 1496 1500 1504 1508 1512
          1516 1520 1524 1528 1532 1536
          1540 1544 1548 1552 1556 1560
          1564 1568 1572 1576 1580 1584
          1588 1592 1596 1600 1604 1608
          1612 1616 1620 1624 1628 1632
          1636 1640 1644 1648 1652 1656
          1660 1664 1668 1672 1676 1680
          1684 1688 1692 1696 1700 1704
          1708 1712 1716 1720 1724 1728
          1732 1736 1740 1744 1748 1752
          1756 1760 1764 1768 1772 1776
          1780 1784 1788 1792 1796 1800
          1804 1808 1812 1816 1820 1824
          1828 1832 1836 1840 1844 1848
          1852 1856 1860 1864 1868 1872
          1876 1880 1884 1888 1892 1896
          1900 1904 1908 1912 1916 1920
          1924 1928 1932 1936 1940 1944
          1948 1952 1956 1960 1964 1968
          1972 1976 1980 1984 1988 1992
          1996 2000 2004 2008 2012 2016
          2020 2024 2028 2032 2036 2040
          2044 2048 2052 2056 2060 2064
          2068 2072 2076 2080 2084 2088
          2092 2096 2100 2104 2108 2112
          2116 2120 2124 2128 2132 2136
          2140 2144 2148 2152 2156 2160
          2164 2168 2172 2176 2180 2184
          2188 2192 2196 2200 2204 2208
          2212 2216 2220 2224 2228 2232
          2236 2240 2244 2248 2252 2256
          2260 2264 2268 2272 2276 2280
          2284 2288 2292 2296 2300 2304
          2308 2312 2316 2320 2324 2328
          2332 2336 2340 2344 2348 2352
          2356 2360 2364 2368 2372 2376
          2380 2384 2388 2392 2396 2400
          2404 2408 2412 2416 2420 2424
          2428 2432 2436 2440 2444 2448
          2452 2456 2460 2464 2468 2472
          2476 2480 2484 2488 2492 2496
          2500 2504 2508 2512 2516 2520
          2524 2528 2532 2536 2540 2544
          2548 2552 2556 2560 2564 2568
          2572 2576 2580 2584 2588 2592
          2596 2600 2604 2608 2612 2616
          2620 2624 2628 2632 2636 2640
          2644 2648 2652 2656 2660 2664
          2668 2672 2676 2680 2684 2688
          2692 2696 2700 2704 2708 2712
          2716 2720 2724 2728 2732 2736
          2740 2744 2748 2752 2756 2760
          2764 2768 2772 2776 2780 2784
          2788 2792 2796 2800
        </DataArray>
        <DataArray type="UInt8" Name="types" format="ascii" RangeMin="7" RangeMax="7">
          7 7 7 7 7 7
          7 7 7 7 7 7
          7 7 7 7 7 7
          7 7 7 7 7 7
          7 7 7 7 7 7
          7 7 7 7 7 7
          7 7 7 7 7 7
          7 7 7 7 7 7
          7 7 7 7 7 7
          7 7 7 7 7 7
          7 7 7 7 7 7
          7 7 7 7 7 7
          7 7 7 7 7 7
          7 7 7 7 7 7
          7 7 7 7 7 7
          7 7 7 7 7 7
          7 7 7 7 7 7
          7 7 7 7 7 7
          7 7 7 7 7 7
          7 7 7 7 7 7
          7 7 7 7 7 7
          7 7 7 7 7 7
          7 7 7 7 7 7
          7 7 7 7 7 7
          7 7 7 7 7 7
          7 7 7 7 7 7
          7 7 7 7 7 7
          7 7 7 7 7 7
          7 7 7 7 7 7
          7 7 7 7 7 7
          7 7 7 7 7 7
          7 7 7 7 7 7
          7 7 7 7 7 7
          7 7 7 7 7 7
          7 7 7 7 7 7
          7 7 7 7 7 7
          7 7 7 7 7 7
          7 7 7 7 7 7
          7 7 7 7 7 7
          7 7 7 7 7 7
          7 7 7 7 7 7
          7 7 7 7 7 7
          7 7 7 7 7 7
          7 7 7 7 7 7
          7 7 7 7 7 7
          7 7 7 7 7 7
          7 7 7 7 7 7
          7 7 7 7 7 7
          7 7 7 7 7 7
          7 7 7 7 7 7
          7 7 7 7 7 7
          7 7 7 7 7 7
          7 7 7 7 7 7
          7 7 7 7 7 7
          7 7 7 7 7 7
          7 7 7 7 7 7
          7 7 7 7 7 7
          7 7 7 7 7 7
          7 7 7 7 7 7
          7 7 7 7 7 7
          7 7 7 7 7 7
          7 7 7 7 7 7
          7 7 7 7 7 7
          7 7 7 7 7 7
          7 7 7 7 7 7
          7 7 7 7 7 7
          7 7 7 7 7 7
          7 7 7 7 7 7
          7 7 7 7 7 7
          7 7 7 7 7 7
          7 7 7 7 7 7
          7 7 7 7 7 7
          7 7 7 7 7 7
          7 7 7 7 7 7
          7 7 7 7 7 7
          7 7 7 7 7 7
          7 7 7 7 7 7
          7 7 7 7 7 7
          7 7 7 7 7 7
          7 7 7 7 7 7
          7 7 7 7 7 7
          7 7 7 7 7 7
          7 7 7 7 7 7
          7 7 7 7 7 7
          7 7 7 7 7 7
          7 7 7 7 7 7
          7 7 7 7 7 7
          7 7 7 7 7 7
          7 7 7 7 7 7
          7 7 7 7 7 7
          7 7 7 7 7 7
          7 7 7 7 7 7
          7 7 7 7 7 7
          7 7 7 7 7 7
          7 7 7 7 7 7
          7 7 7 7 7 7
          7 7 7 7 7 7
          7 7 7 7 7 7
          7 7 7 7 7 7
          7 7 7 7 7 7
          7 7 7 7 7 7
          7 7 7 7 7 7
          7 7 7 7 7 7
          7 7 7 7 7 7
          7 7 7 7 7 7
          7 7 7 7 7 7
          7 7 7 7 7 7
          7 7 7 7 7 7
          7 7 7 7 7 7
          7 7 7 7 7 7
          7 7 7 7 7 7
          7 7 7 7 7 7
          7 7 7 7 7 7
          7 7 7 7 7 7
          7 7 7 7 7 7
          7 7 7 7 7 7
          7 7 7 7
        </DataArray>
      </Cells>
    </Piece>
  </UnstructuredGrid>
</VTKFile>
