<?xml version="1.0"?>
<VTKFile type="UnstructuredGrid" version="0.1" byte_order="LittleEndian" header_type="UInt32" compressor="vtkZLibDataCompressor">
  <UnstructuredGrid>
    <Piece NumberOfPoints="781" NumberOfCells="700">
      <PointData>
      </PointData>
      <CellData>
        <DataArray type="Float32" Name="EP_G" format="ascii" RangeMin="0.3902936279773712" RangeMax="1">
          0.3906799256801605 0.390824556350708 0.3910160958766937 0.3912942409515381 0.39179185032844543 0.39475181698799133
          0.4937654435634613 0.5962945222854614 0.6956611275672913 0.7283463478088379 0.7092068791389465 0.6850629448890686
          0.6629810333251953 0.6386937499046326 0.6109280586242676 0.5816429853439331 0.5544670224189758 0.5335891246795654
          0.5276056528091431 0.5551381707191467 0.6197286248207092 0.694926917552948 0.7575229406356812 0.8035827875137329
          0.8344753384590149 0.8532378673553467 0.8626031279563904 0.8638252019882202 0.855337381362915 0.8305286765098572
          0.7769107818603516 0.6834626793861389 0.522843599319458 0.6993771195411682 0.9749891757965088 0.9999001622200012
          0.9999993443489075 1 1 1 1 0.9999999403953552
          1 1 1 1 1 1
          1 1 1 1 1 1
          1 1 1 1 1 1
          1 1 1 1 1 1
          1 1 1 1 0.3906470239162445 0.39078181982040405
          0.3909498155117035 0.39116623997688293 0.3914547562599182 0.39187943935394287 0.3924160301685333 0.3926338851451874
          0.7425081729888916 0.6928598284721375 0.5891232490539551 0.4889463484287262 0.4292977452278137 0.4073633551597595
          0.3998568058013916 0.3982658386230469 0.3977125287055969 0.39633169770240784 0.3966192603111267 0.41275590658187866
          0.504004955291748 0.6278805136680603 0.7150517106056213 0.7673311233520508 0.7997243404388428 0.8190937042236328
          0.8271130919456482 0.8221309185028076 0.7986043095588684 0.7468022704124451 0.6542342305183411 0.5398209095001221
          0.46339282393455505 0.9316201210021973 0.9978828430175781 0.9999905228614807 1 1
          1 1 1 1 1 1
          1 1 1 1 1 1
          1 1 1 1 1 1
          1 1 1 1 1 1
          1 1 1 1 1 1
          1 1 0.3905929923057556 0.39071542024612427 0.39085960388183594 0.3910318613052368
          0.391239196062088 0.39148932695388794 0.3917701244354248 0.3920857608318329 0.39266273379325867 0.3939063847064972
          0.39686810970306396 0.3950789272785187 0.39535579085350037 0.3956632614135742 0.3959084749221802 0.39609217643737793
          0.39622196555137634 0.3962049186229706 0.3960842788219452 0.39682915806770325 0.4142124056816101 0.5009981393814087
          0.6163718104362488 0.6955749988555908 0.7405688166618347 0.7640784382820129 0.7699301242828369 0.7552215456962585
          0.7125418186187744 0.6340821385383606 0.5060332417488098 0.5124763250350952 0.797014594078064 0.991083562374115
          0.9998533725738525 0.999999463558197 1 1 1 1
          1 1 1 1 1 1
          1 1 1 1 1 1
          1 1 1 1 1 1
          1 1 1 1 1 1
          1 1 1 1 1 1
          0.39053040742874146 0.390641450881958 0.39076662063598633 0.39090874791145325 0.3910699486732483 0.3912513852119446
          0.3914526402950287 0.3916796147823334 0.3919574022293091 0.39221543073654175 0.3934720456600189 0.39457273483276367
          0.3951303958892822 0.3954264521598816 0.39558306336402893 0.39569801092147827 0.39586618542671204 0.39617541432380676
          0.3965592384338379 0.3970600366592407 0.42345482110977173 0.4878098666667938 0.5529407858848572 0.6469392776489258
          0.7071783542633057 0.7274327874183655 0.7226215600967407 0.6907152533531189 0.6200771927833557 0.5474103689193726
          0.5657028555870056 0.7739465236663818 0.9550483822822571 0.998977541923523 0.9999911785125732 1
          1 1 1 1 1 1
          1 1 1 1 1 1
          1 1 1 1 1 1
          1 1 1 1 1 1
          1 1 1 1 1 1
          1 1 1 1 0.3904683291912079 0.3905700445175171
          0.39068105816841125 0.390802800655365 0.3909357488155365 0.391079843044281 0.39123445749282837 0.3913985788822174
          0.39157044887542725 0.39190638065338135 0.3937380015850067 0.3945089876651764 0.3949816823005676 0.39521196484565735
          0.39528635144233704 0.39531442523002625 0.3953849971294403 0.3955726623535156 0.3959295451641083 0.3964576721191406
          0.4542679786682129 0.4560943841934204 0.6367583870887756 0.7165160775184631 0.7384823560714722 0.7326645255088806
          0.7041269540786743 0.6588909029960632 0.6209976077079773 0.6544800996780396 0.7843350768089294 0.9324796795845032
          0.9922654032707214 0.9998718500137329 0.9999995231628418 1 1 1
          1 1 1 1 1 1
          1 1 1 1 1 1
          1 1 1 1 1 1
          1 1 1 1 1 1
          1 1 1 1 1 1
          1 1 0.3904125392436981 0.3905070424079895 0.3906078040599823 0.3907155990600586
          0.3908303678035736 0.39095160365104675 0.3910782039165497 0.39120781421661377 0.3913309872150421 0.39231711626052856
          0.39376574754714966 0.3944968581199646 0.3949196934700012 0.39508044719696045 0.3950926661491394 0.3950771987438202
          0.39511099457740784 0.395234078168869 0.3955082893371582 0.39605721831321716 0.39654725790023804 0.4999137222766876
          0.778820812702179 0.8053333759307861 0.7900443077087402 0.7627976536750793 0.7295840382575989 0.7096405029296875
          0.735426127910614 0.8221856355667114 0.9237021803855896 0.9837592244148254 0.9987226128578186 0.9999770522117615
          1 1 1 1 1 1
          1 1 1 1 1 0.9999993443489075
          0.999994695186615 0.9999945759773254 1 1 1 1
          1 1 1 0.9999985098838806 0.9999967217445374 0.9999958276748657
          0.9999975562095642 0.9999977350234985 0.9999976754188538 0.9999995231628418 1 1
          1 1 1 1 1 1
          0.3903661370277405 0.39045530557632446 0.39054882526397705 0.390647292137146 0.39075028896331787 0.39085739850997925
          0.39096754789352417 0.3910791277885437 0.3911851942539215 0.3924611210823059 0.3936810791492462 0.39443299174308777
          0.3948553800582886 0.3949975073337555 0.3949863910675049 0.3949376046657562 0.39490365982055664 0.3949050307273865
          0.3949679434299469 0.39513495564460754 0.3960511088371277 0.5506919026374817 0.836397647857666 0.8521971106529236
          0.826995313167572 0.8007470369338989 0.7851980328559875 0.7999887466430664 0.8548305630683899 0.9263630509376526
          0.9766951203346252 0.9962198138237 0.9997441172599792 0.9999908804893494 0.9999999403953552 1
          1 0.9999998807907104 0.9999999403953552 1 1 1
          1 1 1 0.9999999403953552 0.9999998807907104 0.9999998807907104
          0.9999998807907104 0.9999998211860657 0.9999998211860657 0.9999998211860657 0.9999997615814209 0.9999997615814209
          0.9999997019767761 0.9999995827674866 0.999999463558197 0.9999993443489075 0.9999988079071045 0.9999954104423523
          0.9999763369560242 0.9999322891235352 0.9999586343765259 0.9999982714653015 1 1
          1 1 1 1 0.39033061265945435 0.3904159963130951
          0.39050474762916565 0.3905971050262451 0.3906928300857544 0.3907913863658905 0.39089199900627136 0.39099350571632385
          0.39109599590301514 0.39202120900154114 0.3932775855064392 0.3941761255264282 0.39472198486328125 0.39494651556015015
          0.39495983719825745 0.39488983154296875 0.3947964310646057 0.3947039544582367 0.3946326971054077 0.3945844769477844
          0.39450758695602417 0.39586812257766724 0.6235429048538208 0.8130826354026794 0.8369194269180298 0.8329012393951416
          0.8407358527183533 0.875042200088501 0.9272761344909668 0.971004068851471 0.9927142858505249 0.9990004301071167
          0.9999191164970398 0.9999845623970032 0.9999908208847046 0.9999991059303284 0.9999996423721313 0.9999997615814209
          0.9999998211860657 0.9999998807907104 0.9999998807907104 0.9999998807907104 0.9999998807907104 0.9999998807907104
          0.9999998807907104 0.9999998807907104 0.9999998211860657 0.9999995231628418 0.9999995231628418 0.9999998211860657
          0.9999998211860657 0.9999992847442627 0.9999986290931702 0.9999989867210388 0.9999991059303284 0.9999977946281433
          0.9999967217445374 0.9999988079071045 0.9999988675117493 0.9999970197677612 0.999994695186615 0.9999962449073792
          0.9999986886978149 0.9999986886978149 0.9999986290931702 0.9999985694885254 0.9999985098838806 0.9999984502792358
          0.9999983906745911 0.9999983310699463 0.39030641317367554 0.39038947224617004 0.39047521352767944 0.3905640244483948
          0.39065560698509216 0.39074957370758057 0.39084526896476746 0.39094191789627075 0.3910385072231293 0.39112740755081177
          0.39214450120925903 0.3933926820755005 0.39425942301750183 0.39478716254234314 0.39496687054634094 0.3949567675590515
          0.39488375186920166 0.39480847120285034 0.39474958181381226 0.3947224020957947 0.39474135637283325 0.39486247301101685
          0.39492830634117126 0.3966197967529297 0.5461441874504089 0.7193433046340942 0.83982253074646 0.9142096042633057
          0.9621645212173462 0.9876669645309448 0.9973710179328918 0.9996635317802429 0.9999580383300781 0.9999807476997375
          0.999980628490448 0.9999836683273315 0.9999892115592957 0.9999902844429016 0.9999909996986389 0.9999916553497314
          0.9999922513961792 0.999992847442627 0.9999933838844299 0.9999939203262329 0.9999943971633911 0.9999948143959045
          0.9999951720237732 0.9999954700469971 0.9999957084655762 0.9999958872795105 0.9999955892562866 0.999995768070221
          0.999995768070221 0.9999958276748657 0.9999958872795105 0.9999959468841553 0.9999959468841553 0.9999958276748657
          0.9999957084655762 0.9999955296516418 0.999995231628418 0.9999949336051941 0.9999945163726807 0.9999939799308777
          0.9999934434890747 0.9999927878379822 0.9999920725822449 0.9999912977218628 0.9999905228614807 0.9999896883964539
          0.3902936279773712 0.3903754949569702 0.39045989513397217 0.3905470073223114 0.3906368017196655 0.39072898030281067
          0.3908231258392334 0.39091870188713074 0.39101511240005493 0.39111125469207764 0.39120545983314514 0.39129340648651123
          0.39277559518814087 0.3938695788383484 0.39467695355415344 0.3950195014476776 0.39509373903274536 0.3951857388019562
          0.3952943682670593 0.3953438997268677 0.39536064863204956 0.39542895555496216 0.39563968777656555 0.39602580666542053
          0.39624884724617004 0.3974432349205017 0.49486982822418213 0.7887595295906067 0.946082592010498 0.9895138144493103
          0.9982001781463623 0.9997783899307251 0.9999623894691467 0.9999751448631287 0.9999753832817078 0.9999755024909973
          0.9999786615371704 0.9999872446060181 0.9999871850013733 0.9999875426292419 0.9999878406524658 0.999988317489624
          0.999988853931427 0.99998939037323 0.9999899864196777 0.9999905228614807 0.9999909996986389 0.9999914169311523
          0.9999917149543762 0.9999919533729553 0.9999920725822449 0.9999920725822449 0.9999923706054688 0.999992311000824
          0.9999921917915344 0.9999920129776001 0.9999918341636658 0.9999917149543762 0.9999915361404419 0.9999913573265076
          0.9999911189079285 0.9999909400939941 0.9999907612800598 0.9999905228614807 0.9999902844429016 0.9999899864196777
          0.9999896883964539 0.9999893307685852 0.9999889135360718 0.9999884963035583
        </DataArray>
        <DataArray type="Float32" Name="P_G" format="ascii" RangeMin="100889.3203125" RangeMax="130986.6640625">
          129194.453125 128640.3359375 128167.1328125 127796.7265625 128484.828125 130986.6640625
          127559.3828125 125905.359375 124752.296875 124105.875 122596.078125 121711.875
          120667.8359375 119459.0546875 118077.765625 116484.8984375 114628.90625 112453.6328125
          109937.21875 107328.28125 105214.9375 103925.8515625 103253.1015625 102901.4140625
          102707.8125 102593.8671875 102522.125 102472.6953125 102431.96875 102384.7734375
          102301.1171875 102095.3515625 101484.328125 101184.25 101326.796875 101338.09375
          101337.3046875 101336.0234375 101334.875 101333.8828125 101333.0390625 101332.328125
          101331.7421875 101331.25 101330.84375 101330.5 101330.2109375 101329.953125
          101329.71875 101329.5 101329.2890625 101329.0859375 101328.875 101328.671875
          101328.46875 101328.265625 101328.0546875 101327.84375 101327.640625 101327.4296875
          101327.21875 101327.0078125 101326.7890625 101326.5703125 101326.3515625 101326.1328125
          101325.90625 101325.6875 101325.4609375 101325.234375 129019.171875 128440.390625
          127908.59375 127421.3125 128498.328125 126754.2578125 125854.171875 124634.546875
          124191.984375 123743.4765625 123037.7734375 121971.6640625 120555.734375 118981.3984375
          117323.4609375 115541.4765625 113596.3125 111450.0703125 109098.734375 106737.0234375
          104750.1796875 103621.59375 103073.4140625 102793.25 102636.8828125 102542.140625
          102478.28125 102427.046875 102372.515625 102289.3203125 102111.7890625 101719.4765625
          100962.8828125 101305.078125 101344.3203125 101336.640625 101336.1015625 101335.1796875
          101334.2578125 101333.421875 101332.6875 101332.0546875 101331.5234375 101331.0859375
          101330.71875 101330.4140625 101330.1484375 101329.90625 101329.6875 101329.484375
          101329.28125 101329.078125 101328.8828125 101328.671875 101328.46875 101328.265625
          101328.0546875 101327.84375 101327.640625 101327.4296875 101327.21875 101327.0078125
          101326.796875 101326.578125 101326.359375 101326.1328125 101325.9140625 101325.6875
          101325.4609375 101325.234375 128724.0625 128118.5625 127531.2734375 126954.7734375
          126372.5 125795.875 125076.0625 124282.1328125 123866.53125 123312.2890625
          122375.640625 120767.8828125 119203.0703125 117603.2578125 115966.90625 114262.9453125
          112461.984375 110545.4375 108520.484375 106487.671875 104676.9609375 103429.3046875
          102864.984375 102629.53125 102510.9375 102435.296875 102373.4609375 102306.7890625
          102210.125 102029.7890625 101618.625 101080.4140625 101186.5625 101357.984375
          101345.171875 101335.6640625 101335.015625 101334.328125 101333.609375 101332.921875
          101332.3046875 101331.7578125 101331.296875 101330.9140625 101330.6015625 101330.3359375
          101330.1015625 101329.8828125 101329.6796875 101329.484375 101329.28125 101329.0859375
          101328.8828125 101328.6796875 101328.46875 101328.265625 101328.0546875 101327.84375
          101327.640625 101327.4296875 101327.21875 101327.0078125 101326.796875 101326.578125
          101326.359375 101326.140625 101325.9140625 101325.6875 101325.4609375 101325.2265625
          128367.5703125 127741.0234375 127113.734375 126480.640625 125830.9375 125157.890625
          124439.8984375 123688.96875 123008.875 122427.078125 121827.796875 119426.1015625
          117949.375 116464.671875 114938.5703125 113347.9140625 111673.5625 109913.8828125
          108085.796875 106233.625 104613.515625 103399.5078125 102723.6484375 102488.09375
          102393.5703125 102316.890625 102231.125 102113.7734375 101914.7734375 101560.0234375
          101162.609375 101174.125 101314.8125 101362.3125 101344.8125 101336.5703125
          101334.96875 101334.046875 101333.3125 101332.6640625 101332.1015625 101331.609375
          101331.1875 101330.84375 101330.5625 101330.3203125 101330.1015625 101329.8828125
          101329.6796875 101329.484375 101329.2890625 101329.09375 101328.890625 101328.6875
          101328.4765625 101328.2734375 101328.0625 101327.8515625 101327.6484375 101327.4375
          101327.2265625 101327.015625 101326.8046875 101326.5859375 101326.3671875 101326.140625
          101325.9140625 101325.6875 101325.4609375 101325.2265625 127995.8515625 127354.078125
          126699.1875 126028.6328125 125335.59375 124613.421875 123854.984375 123056.90625
          122466.265625 123291.625 119782.703125 118332.7265625 116967.375 115580.1875
          114153.3046875 112662.9609375 111093.8359375 109446.4609375 107727.9765625 105940.984375
          104497.703125 103103.6015625 102655.6484375 102490.375 102367.6875 102240.9609375
          102083.5546875 101862.8984375 101556.6875 101274.296875 101210.2578125 101292.4453125
          101348.3046875 101361.2890625 101347.359375 101340.1015625 101337.078125 101335.3359375
          101334.125 101333.1953125 101332.4609375 101331.859375 101331.3671875 101330.96875
          101330.640625 101330.375 101330.140625 101329.921875 101329.7109375 101329.5078125
          101329.3125 101329.1171875 101328.9140625 101328.71875 101328.515625 101328.3125
          101328.1015625 101327.890625 101327.6875 101327.4765625 101327.265625 101327.0546875
          101326.8359375 101326.6171875 101326.390625 101326.15625 101325.9296875 101325.6953125
          101325.4609375 101325.234375 127643.109375 126990.4609375 126316.296875 125619.4921875
          124895.203125 124137.8828125 123341.6015625 122568.59375 121938.0703125 122150.125
          118918.7734375 117560.578125 116240.671875 114919 113566.5859375 112155.296875
          110673.453125 109127.03125 107522.6953125 105854.71875 104088.4921875 102869.875
          102724.890625 102554.8984375 102384.8046875 102185.4296875 101939.359375 101646.9375
          101386.0546875 101275.6640625 101293.46875 101335.828125 101353.71875 101358.6640625
          101351.0078125 101345.0546875 101341.3203125 101338.7578125 101336.875 101335.4140625
          101334.25 101333.3046875 101332.5234375 101331.8828125 101331.359375 101330.9140625
          101330.5390625 101330.21875 101329.9453125 101329.6953125 101329.46875 101329.2578125
          101329.046875 101328.84375 101328.6328125 101328.4296875 101328.2265625 101328.03125
          101327.8359375 101327.6328125 101327.421875 101327.203125 101326.9609375 101326.71875
          101326.46875 101326.21875 101325.96875 101325.7265625 101325.484375 101325.25
          127334.5 126674.1875 125986.5859375 125271.375 124524.75 123742.2109375
          122918.65625 122155.65625 121819.8828125 120937.3828125 118366.3828125 117019.984375
          115720.953125 114438.7265625 113138.25 111791.125 110390.8203125 108946.328125
          107461.6640625 105902.0390625 104186.515625 103046.4453125 102817.9921875 102610.75
          102390 102122.1328125 101814.59375 101526.6484375 101354.1328125 101313.5078125
          101330.75 101348.0078125 101353.2734375 101356.0859375 101353.765625 101349.65625
          101346.25 101343.4375 101341.1953125 101339.3125 101337.7265625 101336.3671875
          101335.2109375 101334.21875 101333.3515625 101332.609375 101331.9609375 101331.3984375
          101330.90625 101330.4921875 101330.125 101329.8125 101329.53125 101329.2890625
          101329.0625 101328.859375 101328.6640625 101328.4765625 101328.28125 101328.0859375
          101327.875 101327.640625 101327.375 101327.1015625 101326.828125 101326.5390625
          101326.25 101325.96875 101325.6953125 101325.4375 127088.375 126422.8046875
          125726.2578125 124998.6484375 124237.0234375 123437.6640625 122596.421875 121708.7890625
          121693.921875 120576.453125 118095.7578125 116711.125 115392.671875 114114.2890625
          112845.1328125 111552.515625 110228.3125 108885.4140625 107538.1015625 106185.4453125
          104834.453125 103489.53125 102876.53125 102625.3125 102371.7578125 102057.5
          101719.5390625 101463.9453125 101350.3203125 101332.453125 101342.53125 101352.40625
          101350.8671875 101352.234375 101352.0078125 101352.2890625 101349.9765625 101347.6484375
          101345.5078125 101343.546875 101341.7734375 101340.1875 101338.7578125 101337.4765625
          101336.328125 101335.296875 101334.375 101333.5859375 101332.84375 101332.1875
          101331.625 101331.1328125 101330.734375 101330.296875 101329.9375 101329.71875
          101329.4921875 101329.0625 101328.8359375 101328.75 101328.65625 101328.375
          101327.90625 101327.6953125 101327.453125 101327.2109375 101326.9609375 101326.71875
          101326.46875 101326.2265625 126917.515625 126248.734375 125546.6640625 124811.546875
          124040.8046875 123231.3984375 122379.84375 121482.4296875 120656.640625 120141.0390625
          119629.59375 116734.7421875 115310.4375 113963.796875 112677.6796875 111409.9375
          110133.7421875 108852.890625 107588.2578125 106357.296875 105176.75 104078.46875
          103120.671875 102513.2421875 102181.6796875 101881.9765625 101599.4453125 101417.359375
          101347.59375 101337.7421875 101347.0078125 101350.5546875 101349.0234375 101349.5703125
          101348.40625 101348.2578125 101348.71875 101347.6484375 101346.3984375 101345.1015625
          101343.8046875 101342.5546875 101341.359375 101340.234375 101339.171875 101338.1640625
          101337.21875 101336.3203125 101335.4765625 101334.6875 101333.8203125 101333.1484375
          101332.484375 101331.9140625 101331.375 101330.8828125 101330.4140625 101329.96875
          101329.5390625 101329.1171875 101328.6953125 101328.2734375 101327.8359375 101327.390625
          101326.9296875 101326.453125 101325.96875 101325.4765625 101324.984375 101324.5
          126830.109375 126159.7421875 125455.1171875 124716.421875 123941.4140625 123127.3515625
          122271.2421875 121369.9140625 120420.2421875 120268.203125 118373.84375 117522.4765625
          116227.859375 114166.71875 112705.6953125 111363.9140625 110084.203125 108799.65625
          107533.0703125 106340.25 105247.8515625 104253.7109375 103371.3828125 102614.5546875
          101903.171875 101251.578125 100889.3203125 101184.796875 101284.484375 101325.6875
          101345.5859375 101346.7734375 101346.53125 101346.25 101345.46875 101344.7890625
          101345.0546875 101346.9609375 101346.25 101345.4609375 101344.703125 101343.9921875
          101343.3203125 101342.6640625 101342.03125 101341.40625 101340.796875 101340.1875
          101339.5703125 101338.9375 101338.28125 101337.6171875 101337.0703125 101336.40625
          101335.75 101335.1015625 101334.4609375 101333.8359375 101333.2265625 101332.625
          101332.03125 101331.4453125 101330.8671875 101330.296875 101329.7265625 101329.15625
          101328.59375 101328.0390625 101327.484375 101326.9296875
        </DataArray>
        <DataArray type="Float32" Name="Gas_Velocity" NumberOfComponents="3" format="ascii" RangeMin="0.04100905731320381" RangeMax="8.430194854736328">
          0.09403268247842789 0.4439033567905426 0 0.1024382933974266 0.38311460614204407 0
          0.12267208099365234 0.31042546033859253 0 0.1640118658542633 0.21273189783096313 0
          0.26063621044158936 0.07788875699043274 0 0.49688422679901123 1.3416013717651367 0
          0.24484872817993164 2.333919048309326 0 0.31164413690567017 3.079251289367676 0
          0.9996350407600403 3.130622625350952 0 0.1752707064151764 3.9101991653442383 0
          -0.20406030118465424 4.3468499183654785 0 -0.16998469829559326 4.757913112640381 0
          -0.0031087829265743494 5.071000099182129 0 0.14663583040237427 5.2938103675842285 0
          0.23079600930213928 5.492627143859863 0 0.2504940629005432 5.719122409820557 0
          0.19638516008853912 6.01970100402832 0 0.06651363521814346 6.444916248321533 0
          -0.10310236364603043 6.9672088623046875 0 -0.19453851878643036 7.330783843994141 0
          0.03309423103928566 7.231788635253906 0 0.34108954668045044 6.798361778259277 0
          0.5377386212348938 6.305412769317627 0 0.6481667160987854 5.81601619720459 0
          0.7293609976768494 5.329597473144531 0 0.7917996644973755 4.83852481842041 0
          0.8355191349983215 4.340750217437744 0 0.8566981554031372 3.843554735183716 0
          0.8545128703117371 3.362520694732666 0 0.8401423096656799 2.9167325496673584 0
          0.8468623757362366 2.5158309936523438 0 0.9168736934661865 2.134531259536743 0
          0.8312705159187317 1.9789142608642578 0 1.0552278757095337 1.0851088762283325 0
          1.377255916595459 -0.06022542715072632 0 2.4094042778015137 -1.6658819913864136 0
          1.7420076131820679 -2.8271172046661377 0 1.2892719507217407 -3.6865274906158447 0
          0.9718899130821228 -4.334339618682861 0 0.7388361692428589 -4.826770782470703 0
          0.5612747073173523 -5.200815200805664 0 0.4221521317958832 -5.48209810256958 0
          0.31122007966041565 -5.689414978027344 0 0.22247138619422913 -5.8375563621521 0
          0.15248288214206696 -5.939030647277832 0 0.09895942360162735 -6.004816055297852 0
          0.05960498005151749 -6.044360637664795 0 0.03176899626851082 -6.06534481048584 0
          0.01287643238902092 -6.073731899261475 0 0.0004180370888207108 -6.073812961578369 0
          -0.006195786874741316 -6.069485187530518 0 -0.008545772172510624 -6.063592433929443 0
          -0.008986004628241062 -6.057408809661865 0 -0.008666129782795906 -6.051441669464111 0
          -0.008139747194945812 -6.0458292961120605 0 -0.007647036109119654 -6.040550708770752 0
          -0.007271650247275829 -6.03552770614624 0 -0.007015417329967022 -6.03068208694458 0
          -0.006830036174505949 -6.025967121124268 0 -0.006636020727455616 -6.021389484405518 0
          -0.00634621549397707 -6.017013072967529 0 -0.005897109862416983 -6.012945652008057 0
          -0.0052721453830599785 -6.009304046630859 0 -0.004503665491938591 -6.006185054779053 0
          -0.0036742761731147766 -6.003629207611084 0 -0.0028851593378931284 -6.001610279083252 0
          -0.0022256087977439165 -6.000041484832764 0 -0.001764802262187004 -5.998791694641113 0
          -0.0015621555503457785 -5.997687816619873 0 -0.0016821599565446377 -5.996515274047852 0
          0.15939515829086304 0.4626741409301758 0 0.16774064302444458 0.42559823393821716 0
          0.18625488877296448 0.3911801874637604 0 0.2161787450313568 0.3668632209300995 0
          0.25885310769081116 0.38892728090286255 0 0.29087838530540466 0.6708371043205261 0
          0.1527632623910904 0.9106255769729614 0 -0.09134247153997421 1.424384355545044 0
          -0.12846504151821136 1.8027431964874268 0 0.2729664742946625 1.9943873882293701 0
          0.459955096244812 1.8793989419937134 0 0.4113107919692993 1.801699161529541 0
          0.32503801584243774 1.818443775177002 0 0.24835000932216644 1.9554529190063477 0
          0.1760031282901764 2.184929132461548 0 0.08783259987831116 2.4512813091278076 0
          -0.021431831642985344 2.717789649963379 0 -0.16051632165908813 2.9627792835235596 0
          -0.32198333740234375 3.1408846378326416 0 -0.43814894556999207 3.4537148475646973 0
          -0.4288541078567505 3.5395100116729736 0 -0.050002362579107285 3.390716075897217 0
          0.4463738203048706 3.178776264190674 0 0.7936352491378784 2.9511165618896484 0
          1.0026229619979858 2.7196481227874756 0 1.148615837097168 2.4798827171325684 0
          1.2649903297424316 2.2228262424468994 0 1.343385934829712 1.9522173404693604 0
          1.3691574335098267 1.6890137195587158 0 1.3700158596038818 1.4515796899795532 0
          1.3801424503326416 1.2575732469558716 0 1.4931416511535645 1.0809780359268188 0
          1.41030752658844 1.1817514896392822 0 1.1257469654083252 0.5282236933708191 0
          2.943169593811035 -0.5537211298942566 0 3.199748992919922 -1.0803459882736206 0
          2.565018892288208 -1.6289023160934448 0 2.032741069793701 -2.1244444847106934 0
          1.6014512777328491 -2.5440545082092285 0 1.2517170906066895 -2.885878801345825 0
          0.9651880860328674 -3.1550562381744385 0 0.72755366563797 -3.358555316925049 0
          0.5292412638664246 -3.503796100616455 0 0.3653267025947571 -3.598921298980713 0
          0.23454433679580688 -3.653513193130493 0 0.13654905557632446 -3.6784536838531494 0
          0.06799928843975067 -3.6839282512664795 0 0.022119851782917976 -3.6773719787597656 0
          -0.006232343148440123 -3.664508581161499 0 -0.019696349278092384 -3.6509745121002197 0
          -0.02404412440955639 -3.638950824737549 0 -0.024500533938407898 -3.6281895637512207 0
          -0.023169681429862976 -3.618610143661499 0 -0.021439511328935623 -3.6099727153778076 0
          -0.019898736849427223 -3.6020140647888184 0 -0.01873277872800827 -3.5945074558258057 0
          -0.01797429285943508 -3.5872604846954346 0 -0.01756453700363636 -3.58012056350708 0
          -0.017357494682073593 -3.573000431060791 0 -0.01712985336780548 -3.5659091472625732 0
          -0.016633322462439537 -3.55896258354187 0 -0.015700150281190872 -3.5523464679718018 0
          -0.014309834688901901 -3.5462489128112793 0 -0.012532556429505348 -3.540832996368408 0
          -0.010626517236232758 -3.536144495010376 0 -0.008859419263899326 -3.532118320465088 0
          -0.007424557115882635 -3.5286197662353516 0 -0.006442467216402292 -3.525479793548584 0
          -0.006013144738972187 -3.5225019454956055 0 -0.006301865912973881 -3.519423007965088 0
          0.1940123438835144 0.4826976954936981 0 0.19883425533771515 0.4667198359966278 0
          0.20928315818309784 0.4573986828327179 0 0.2221742421388626 0.4615289866924286 0
          0.23272497951984406 0.49083513021469116 0 0.23049816489219666 0.5700055956840515 0
          0.19143158197402954 0.5918475389480591 0 0.16332370042800903 0.4693264961242676 0
          0.23370155692100525 0.3989538550376892 0 0.37252363562583923 0.673690915107727 0
          0.384370893239975 0.9982768893241882 0 0.32001355290412903 1.2510522603988647 0
          0.21266016364097595 1.4318100214004517 0 0.0943288803100586 1.59891676902771 0
          -0.021718185395002365 1.7728525400161743 0 -0.1325349062681198 1.9500789642333984 0
          -0.2326400727033615 2.117096424102783 0 -0.31559962034225464 2.2507107257843018 0
          -0.3625369369983673 2.2959353923797607 0 -0.3386709988117218 2.2355191707611084 0
          -0.19365055859088898 2.16634202003479 0 0.045307643711566925 1.9357529878616333 0
          0.45107221603393555 1.6784557104110718 0 0.8574432730674744 1.4905377626419067 0
          1.1217578649520874 1.3522775173187256 0 1.3155202865600586 1.2321832180023193 0
          1.4913318157196045 1.1067208051681519 0 1.6210278272628784 0.9776175618171692 0
          1.6834403276443481 0.8580596446990967 0 1.764931082725525 0.7266760468482971 0
          1.779250979423523 0.69340580701828 0 1.6645734310150146 0.7846056818962097 0
          1.3536735773086548 0.40710553526878357 0 1.412745714187622 0.13392110168933868 0
          3.59930419921875 -0.30123138427734375 0 3.418548345565796 -0.4467064142227173 0
          2.872328519821167 -0.6514323949813843 0 2.363471746444702 -0.871791422367096 0
          1.9185048341751099 -1.0830414295196533 0 1.530149221420288 -1.2685487270355225 0
          1.1886569261550903 -1.417415738105774 0 0.8831689953804016 -1.5210472345352173 0
          0.6068071722984314 -1.572644591331482 0 0.3609849512577057 -1.5696367025375366 0
          0.15885692834854126 -1.5190669298171997 0 0.020700301975011826 -1.4417270421981812 0
          -0.042950764298439026 -1.3676549196243286 0 -0.05071190372109413 -1.3189979791641235 0
          -0.0622042715549469 -1.281583309173584 0 -0.08056198060512543 -1.2409074306488037 0
          -0.0849655419588089 -1.2001980543136597 0 -0.08030061423778534 -1.162907600402832 0
          -0.07407944649457932 -1.128882646560669 0 -0.0691298246383667 -1.0970098972320557 0
          -0.06570450961589813 -1.0663999319076538 0 -0.06351242959499359 -1.036481261253357 0
          -0.06235489249229431 -1.0068362951278687 0 -0.06196540594100952 -0.9771860241889954 0
          -0.06188347190618515 -0.9474608302116394 0 -0.06129245087504387 -0.9179863929748535 0
          -0.05912867188453674 -0.889631986618042 0 -0.054776497185230255 -0.8635653257369995 0
          -0.048606883734464645 -0.8406922817230225 0 -0.040643852204084396 -0.8219504952430725 0
          -0.03243384510278702 -0.8074178099632263 0 -0.025090187788009644 -0.7966086864471436 0
          -0.019293883815407753 -0.7887128591537476 0 -0.015407122671604156 -0.7827591896057129 0
          -0.013690308667719364 -0.7776700854301453 0 -0.014669724740087986 -0.7721278667449951 0
          0.20467299222946167 0.49811744689941406 0 0.20636090636253357 0.4957611858844757 0
          0.2108154445886612 0.49836695194244385 0 0.21487952768802643 0.5083827972412109 0
          0.2161073386669159 0.5269137024879456 0 0.21234916150569916 0.5525153875350952 0
          0.20359542965888977 0.56321781873703 0 0.20505285263061523 0.5580830574035645 0
          0.23194825649261475 0.6209737658500671 0 0.25170037150382996 0.7741571664810181 0
          0.2204289585351944 0.9460849165916443 0 0.14292442798614502 1.1046032905578613 0
          0.039892762899398804 1.2461744546890259 0 -0.07607971131801605 1.376670479774475 0
          -0.1938837766647339 1.5029469728469849 0 -0.3032137155532837 1.625697135925293 0
          -0.3912050426006317 1.7385337352752686 0 -0.44064027070999146 1.8284128904342651 0
          -0.42463159561157227 1.8795772790908813 0 -0.3224899470806122 1.8782570362091064 0
          -0.038423873484134674 1.8145860433578491 0 0.3861689865589142 1.45718514919281 0
          0.9129193425178528 1.008857250213623 0 0.9899442195892334 0.7725985050201416 0
          1.128339171409607 0.698069155216217 0 1.3808658123016357 0.6478186845779419 0
          1.6577200889587402 0.5704132914543152 0 1.8920575380325317 0.4647293984889984 0
          2.0181326866149902 0.3938131034374237 0 2.023214340209961 0.4088600277900696 0
          1.819718837738037 0.3782005310058594 0 1.5595757961273193 0.18005971610546112 0
          1.3497593402862549 0.0874226838350296 0 1.5324106216430664 0.01788375899195671 0
          3.459080219268799 0.1172935739159584 0 3.2540299892425537 0.2282116711139679 0
          2.833950996398926 0.2542573809623718 0 2.399991989135742 0.23016515374183655 0
          1.9947009086608887 0.17954668402671814 0 1.6242127418518066 0.11698740720748901 0
          1.287583589553833 0.05117536708712578 0 0.9824491143226624 -0.014876016415655613 0
          0.7087682485580444 -0.08272142708301544 0 0.47211647033691406 -0.15668036043643951 0
          0.2835374176502228 -0.23966415226459503 0 0.1514279991388321 -0.3266617953777313 0
          0.07278090715408325 -0.40365102887153625 0 -0.0034568295814096928 -0.4349822998046875 0
          -0.09365997463464737 -0.413830429315567 0 -0.12772506475448608 -0.3822053074836731 0
          -0.12138533592224121 -0.3577433228492737 0 -0.111802838742733 -0.3365609645843506 0
          -0.10693084448575974 -0.3144804835319519 0 -0.10595885664224625 -0.28975024819374084 0
          -0.10690077394247055 -0.2621115446090698 0 -0.10939007997512817 -0.23135623335838318 0
          -0.11400633305311203 -0.1967574656009674 0 -0.1205281913280487 -0.1575583815574646 0
          -0.12824846804141998 -0.11316655576229095 0 -0.1355724185705185 -0.06350886821746826 0
          -0.13991670310497284 -0.009524911642074585 0 -0.1382877379655838 0.04625888541340828 0
          -0.12929083406925201 0.10014098137617111 0 -0.1156233623623848 0.15020199120044708 0
          -0.09944842010736465 0.19493332505226135 0 -0.08230115473270416 0.23310822248458862 0
          -0.06534338742494583 0.26382115483283997 0 -0.049619875848293304 0.28662219643592834 0
          -0.036100517958402634 0.3015354871749878 0 -0.0267038494348526 0.3095090985298157 0
          0.19803549349308014 0.5090662240982056 0 0.1980094015598297 0.515119194984436 0
          0.1993468999862671 0.5239458084106445 0 0.19964542984962463 0.5363582372665405 0
          0.1977289915084839 0.5522820949554443 0 0.19290485978126526 0.570907711982727 0
          0.1856028437614441 0.5906956195831299 0 0.17813217639923096 0.6183172464370728 0
          0.16948248445987701 0.6761167049407959 0 0.1448756903409958 0.7660943865776062 0
          0.09438486397266388 0.8634465932846069 0 0.016547447070479393 0.958216667175293 0
          -0.08254516124725342 1.0471457242965698 0 -0.19458064436912537 1.1316691637039185 0
          -0.31015902757644653 1.2137584686279297 0 -0.4182908236980438 1.2945584058761597 0
          -0.5049178600311279 1.3742923736572266 0 -0.5520502924919128 1.4517375230789185 0
          -0.538865864276886 1.5300023555755615 0 -0.4523663818836212 1.6193742752075195 0
          0.013424957171082497 1.524013876914978 0 0.7927324175834656 1.255165934562683 0
          1.1202507019042969 0.776992917060852 0 1.0226387977600098 0.6454001665115356 0
          1.2147328853607178 0.5659648180007935 0 1.5813478231430054 0.4577822983264923 0
          1.93446683883667 0.3470509350299835 0 2.154573917388916 0.28721073269844055 0
          2.1757094860076904 0.26643747091293335 0 2.0120182037353516 0.1805286556482315 0
          1.7691679000854492 0.007156134117394686 0 1.5680488348007202 -0.08244999498128891 0
          1.3075205087661743 -0.05692250654101372 0 1.2450486421585083 0.15028367936611176 0
          2.8385331630706787 0.5714943408966064 0 2.8101367950439453 0.8707128167152405 0
          2.542583703994751 1.066701889038086 0 2.2148454189300537 1.1911792755126953 0
          1.8822318315505981 1.2668414115905762 0 1.563889503479004 1.3075350522994995 0
          1.2675021886825562 1.3212791681289673 0 0.9970415830612183 1.311832308769226 0
          0.7562742829322815 1.2803953886032104 0 0.5499695539474487 1.2286968231201172 0
          0.38262271881103516 1.1628245115280151 0 0.25471043586730957 1.0941424369812012 0
          0.16032037138938904 1.0359495878219604 0 0.0911039263010025 0.9730749726295471 0
          0.04218139499425888 0.8826804161071777 0 0.006502147298306227 0.793364405632019 0
          -0.02653990499675274 0.7303072214126587 0 -0.05495036393404007 0.6925830245018005 0
          -0.07527069747447968 0.6716564297676086 0 -0.08644355088472366 0.6588270664215088 0
          -0.09100907295942307 0.6484124660491943 0 -0.09382370114326477 0.6382131576538086 0
          -0.10071945190429688 0.6295316815376282 0 -0.11193498969078064 0.6239767074584961 0
          -0.12524913251399994 0.6221471428871155 0 -0.13794250786304474 0.6238913536071777 0
          -0.14616374671459198 0.6282122731208801 0 -0.14506304264068604 0.6328756809234619 0
          -0.1330152153968811 0.6354933977127075 0 -0.11497872322797775 0.635185956954956 0
          -0.09605187177658081 0.6330315470695496 0 -0.07874280959367752 0.6307573318481445 0
          -0.0646725594997406 0.6303965449333191 0 -0.05518835783004761 0.6341833472251892 0
          -0.05047750845551491 0.6438295841217041 0 -0.05127136781811714 0.6602458357810974 0
          0.1779859960079193 0.5174442529678345 0 0.17742803692817688 0.5295713543891907 0
          0.17765505611896515 0.5429754853248596 0 0.17679637670516968 0.5579038858413696 0
          0.17399120330810547 0.5743647217750549 0 0.1683160364627838 0.5924042463302612 0
          0.15882502496242523 0.6128751635551453 0 0.14402993023395538 0.6389913558959961 0
          0.12118005007505417 0.6751770377159119 0 0.0840308889746666 0.7203460931777954 0
          0.02950630709528923 0.7665008902549744 0 -0.04453758895397186 0.8098998665809631 0
          -0.13642571866512299 0.8476516008377075 0 -0.2412661761045456 0.8798460364341736 0
          -0.3518860340118408 0.9081054925918579 0 -0.45899203419685364 0.9352825284004211 0
          -0.5506703853607178 0.9657426476478577 0 -0.6116350293159485 1.0056589841842651 0
          -0.618113100528717 1.0594959259033203 0 -0.5186655521392822 1.106667399406433 0
          -0.18930476903915405 1.2505571842193604 0 0.5874801278114319 1.244014859199524 0
          0.8170161843299866 0.9643145799636841 0 1.0546337366104126 0.902684211730957 0
          1.4474231004714966 0.7762362360954285 0 1.8789360523223877 0.6358414888381958 0
          2.195789337158203 0.531430721282959 0 2.3061211109161377 0.4480503797531128 0
          2.210388422012329 0.30698180198669434 0 2.0166287422180176 0.11216015368700027 0
          1.8090943098068237 -0.027410054579377174 0 1.5890008211135864 -0.061175379902124405 0
          1.121734857559204 0.07421265542507172 0 0.8514918088912964 0.3505210876464844 0
          1.9158692359924316 0.9749735593795776 0 2.125981330871582 1.4370877742767334 0
          2.045276641845703 1.7727267742156982 0 1.8527576923370361 2.0170562267303467 0
          1.6195462942123413 2.194363832473755 0 1.3775445222854614 2.320265054702759 0
          1.142983078956604 2.4045844078063965 0 0.9251149296760559 2.4535739421844482 0
          0.7299845814704895 2.471935749053955 0 0.5618021488189697 2.4647250175476074 0
          0.4228246510028839 2.438478469848633 0 0.31261736154556274 2.400333881378174 0
          0.22738362848758698 2.356022357940674 0 0.16231483221054077 2.308884382247925 0
          0.11403674632310867 2.2612674236297607 0 0.07931169867515564 2.2130045890808105 0
          0.055433157831430435 2.158621311187744 0 0.03918348625302315 2.096125841140747 0
          0.028562039136886597 2.0271637439727783 0 0.021034808829426765 1.955773115158081 0
          0.012055072002112865 1.887328028678894 0 -0.003928895574063063 1.8276686668395996 0
          -0.02542596124112606 1.7777470350265503 0 -0.048539772629737854 1.735757827758789 0
          -0.06997889280319214 1.69917893409729 0 -0.08796161413192749 1.666122317314148 0
          -0.09937971830368042 1.635184645652771 0 -0.0946081131696701 1.6017765998840332 0
          -0.07044538110494614 1.5602736473083496 0 -0.04280570149421692 1.512345790863037 0
          -0.020848577842116356 1.4623713493347168 0 -0.004264037124812603 1.412854552268982 0
          0.006427986081689596 1.3655667304992676 0 0.010950960218906403 1.3215663433074951 0
          0.00779235502704978 1.2827954292297363 0 -0.004226908087730408 1.2514944076538086 0
          0.14623047411441803 0.524716854095459 0 0.14589352905750275 0.5423548817634583 0
          0.14619262516498566 0.560321569442749 0 0.14581181108951569 0.5785591006278992 0
          0.14394982159137726 0.5968338847160339 0 0.13962452113628387 0.6148983240127563 0
          0.13149012625217438 0.6326557397842407 0 0.11746180057525635 0.6503086686134338 0
          0.09471695870161057 0.6680636405944824 0 0.060816287994384766 0.6836942434310913 0
          0.014507347717881203 0.6931504607200623 0 -0.04658384993672371 0.6939681768417358 0
          -0.1227409765124321 0.6836811304092407 0 -0.21152091026306152 0.66192626953125 0
          -0.3081585466861725 0.6300777196884155 0 -0.4062023460865021 0.5915166139602661 0
          -0.49816596508026123 0.5527097582817078 0 -0.5772699117660522 0.5258887410163879 0
          -0.6372582316398621 0.535335123538971 0 -0.6692956686019897 0.6345645785331726 0
          -0.6723843216896057 0.9604170918464661 0 -0.4338175058364868 1.391973853111267 0
          0.029392072930932045 1.448297142982483 0 1.0995198488235474 1.3987860679626465 0
          1.6747251749038696 1.3031450510025024 0 2.0830819606781006 1.221327781677246 0
          2.3613991737365723 1.1152933835983276 0 2.4151735305786133 0.9343112111091614 0
          2.283730983734131 0.6927326321601868 0 2.085759401321411 0.49310538172721863 0
          1.8579051494598389 0.40018051862716675 0 1.47127103805542 0.475547194480896 0
          0.9442960619926453 0.6054577231407166 0 0.6606884598731995 0.7451698780059814 0
          1.0119218826293945 1.3583741188049316 0 1.2973607778549194 1.9192500114440918 0
          1.3860561847686768 2.365511894226074 0 1.3428586721420288 2.7109546661376953 0
          1.2283083200454712 2.9763200283050537 0 1.080914855003357 3.17785906791687 0
          0.9234762191772461 3.3273799419403076 0 0.7697703242301941 3.4336326122283936 0
          0.6282150745391846 3.5037577152252197 0 0.5037767887115479 3.544372081756592 0
          0.39875954389572144 3.562049150466919 0 0.3132244050502777 3.5630247592926025 0
          0.24541524052619934 3.5521697998046875 0 0.1927815079689026 3.5328474044799805 0
          0.1528230607509613 3.507836103439331 0 0.12318525463342667 3.4793214797973633 0
          0.10160409659147263 3.449190855026245 0 0.08599113672971725 3.4185757637023926 0
          0.07461541891098022 3.388422727584839 0 0.06567898392677307 3.3591842651367188 0
          0.05776972696185112 3.329219102859497 0 0.0509040392935276 3.293170213699341 0
          0.04529445618391037 3.2465298175811768 0 0.041916266083717346 3.1867332458496094 0
          0.0419720821082592 3.11260724067688 0 0.04710153490304947 3.0230727195739746 0
          0.05806546285748482 2.9186348915100098 0 0.07067977637052536 2.809028148651123 0
          0.0791219025850296 2.7097411155700684 0 0.08705829828977585 2.6234934329986572 0
          0.09549322724342346 2.5463290214538574 0 0.10110511630773544 2.4764564037323 0
          0.10169423371553421 2.413292169570923 0 0.0954100638628006 2.3573081493377686 0
          0.08126132935285568 2.308628797531128 0 0.057811494916677475 2.2675557136535645 0
          0.10387782752513885 0.5313738584518433 0 0.10396266728639603 0.5544419884681702 0
          0.1047939583659172 0.5775443911552429 0 0.10549966990947723 0.600333571434021 0
          0.10557997971773148 0.6223942637443542 0 0.10425546020269394 0.6430180668830872 0
          0.10054469108581543 0.6612056493759155 0 0.09311385452747345 0.6752904057502747 0
          0.078975148499012 0.6838982701301575 0 0.056784406304359436 0.6845682859420776 0
          0.027085816487669945 0.6736820340156555 0 -0.011168764904141426 0.6478045582771301 0
          -0.0607895664870739 0.603782057762146 0 -0.12107951939105988 0.5400286316871643 0
          -0.1897682547569275 0.45673269033432007 0 -0.26315224170684814 0.35601744055747986 0
          -0.33692875504493713 0.24227288365364075 0 -0.4070134162902832 0.12164125591516495 0
          -0.47219040989875793 0.004124127794057131 0 -0.5370705127716064 -0.09176640212535858 0
          -0.6123450994491577 -0.13582822680473328 0 -0.7329301238059998 0.06483092904090881 0
          -0.947378396987915 0.4457947611808777 0 -0.4109894931316376 1.2327806949615479 0
          0.6856416463851929 1.8674180507659912 0 1.6693440675735474 2.138712167739868 0
          2.350201368331909 2.068572998046875 0 2.4894745349884033 1.8379087448120117 0
          2.359497547149658 1.5912163257598877 0 2.1333327293395996 1.443023443222046 0
          1.7738211154937744 1.4630963802337646 0 1.2371845245361328 1.6209275722503662 0
          0.7957976460456848 1.7312390804290771 0 0.571723997592926 1.8024390935897827 0
          0.5675683617591858 2.1097288131713867 0 0.6595998406410217 2.5447769165039062 0
          0.7475547194480896 2.979267120361328 0 0.7817222476005554 3.3611581325531006 0
          0.7613161206245422 3.679380416870117 0 0.7039504051208496 3.936790943145752 0
          0.6261401176452637 4.14041805267334 0 0.5407062768936157 4.297912120819092 0
          0.4565550684928894 4.416586399078369 0 0.37925538420677185 4.503342628479004 0
          0.31177154183387756 4.564634323120117 0 0.2551397383213043 4.606262683868408 0
          0.20905335247516632 4.633057594299316 0 0.17245063185691833 4.648859024047852 0
          0.14391309022903442 4.6567792892456055 0 0.121871218085289 4.659404277801514 0
          0.10483793914318085 4.658806800842285 0 0.09226745367050171 4.656027793884277 0
          0.08259207755327225 4.651988506317139 0 0.0748671293258667 4.647042274475098 0
          0.06844471395015717 4.6410298347473145 0 0.06327831000089645 4.633831977844238 0
          0.059563200920820236 4.625333786010742 0 0.05766471475362778 4.615817070007324 0
          0.05834698677062988 4.605865955352783 0 0.06215718761086464 4.596785068511963 0
          0.0686962753534317 4.590645790100098 0 0.07613661885261536 4.5879340171813965 0
          0.08308723568916321 4.586208820343018 0 0.08923538029193878 4.585663795471191 0
          0.09399690479040146 4.587553977966309 0 0.09582862257957458 4.591947078704834 0
          0.09342900663614273 4.5983147621154785 0 0.08615870773792267 4.605319976806641 0
          0.07454895228147507 4.6106133460998535 0 0.06038391590118408 4.609687328338623 0
          0.05311797931790352 0.536638081073761 0 0.05343332514166832 0.56447434425354 0
          0.05433083325624466 0.5925179123878479 0 0.05549469217658043 0.6206689476966858 0
          0.056682389229536057 0.6485228538513184 0 0.05759014934301376 0.6754369139671326 0
          0.05774163082242012 0.7003306746482849 0 0.05648503825068474 0.721582293510437 0
          0.05271734669804573 0.7362061738967896 0 0.045971207320690155 0.7405745983123779 0
          0.03603985533118248 0.7321271300315857 0 0.021225783973932266 0.7072304487228394 0
          0.0023786502424627542 0.6623208522796631 0 -0.021726593375205994 0.5928872227668762 0
          -0.05183348059654236 0.49701860547065735 0 -0.0873064324259758 0.37496218085289 0
          -0.12673518061637878 0.22901281714439392 0 -0.16648165881633759 0.06172320619225502 0
          -0.20374372601509094 -0.1263822317123413 0 -0.2440444380044937 -0.331521600484848 0
          -0.2953004240989685 -0.5512802600860596 0 -0.35540714859962463 -0.8093838095664978 0
          -0.3909086585044861 -1.1779474020004272 0 -0.3059203028678894 -0.9078369140625 0
          -0.3376094698905945 -0.1711856722831726 0 -0.21677887439727783 1.0817947387695312 0
          0.43961405754089355 2.1614348888397217 0 1.1770274639129639 2.784111261367798 0
          1.8628302812576294 2.9241292476654053 0 1.9267780780792236 2.970900774002075 0
          1.4563369750976562 3.158818006515503 0 0.9371675252914429 3.3626439571380615 0
          0.5984085202217102 3.504779100418091 0 0.4164220094680786 3.6193504333496094 0
          0.35187020897865295 3.7740116119384766 0 0.34793102741241455 3.9922640323638916 0
          0.3661963641643524 4.256430625915527 0 0.38228073716163635 4.532198429107666 0
          0.3771970570087433 4.797212600708008 0 0.3559477925300598 5.037601470947266 0
          0.3243837058544159 5.246617794036865 0 0.28775182366371155 5.422569751739502 0
          0.250122994184494 5.566993713378906 0 0.21429671347141266 5.683274269104004 0
          0.1820317953824997 5.775603771209717 0 0.1541488915681839 5.848318099975586 0
          0.13078224658966064 5.905462265014648 0 0.11163147538900375 5.950573921203613 0
          0.09620697051286697 5.986575603485107 0 0.08394298702478409 6.015719413757324 0
          0.07454457134008408 6.039474010467529 0 0.06692894548177719 6.059635639190674 0
          0.06099112331867218 6.0770583152771 0 0.0557524710893631 6.092598915100098 0
          0.05119362473487854 6.106701850891113 0 0.047360800206661224 6.119746208190918 0
          0.0443735271692276 6.132157325744629 0 0.04241719841957092 6.144478797912598 0
          0.04170701652765274 6.157618999481201 0 0.042309507727622986 6.172801971435547 0
          0.04396165534853935 6.191161632537842 0 0.046077270060777664 6.2129998207092285 0
          0.0480850450694561 6.238072395324707 0 0.0495317205786705 6.266226768493652 0
          0.04986243322491646 6.2972893714904785 0 0.04833560436964035 6.330552577972412 0
          0.044272854924201965 6.364891052246094 0 0.03732536360621452 6.39898681640625 0
          0.027811825275421143 6.4316606521606445 0 0.01686224341392517 6.46216344833374 0
          0 0.5380556583404541 0 0 0.5672444701194763 0
          0 0.5973384976387024 0 0 0.6285310983657837 0
          0 0.660922646522522 0 0 0.6943772435188293 0
          0 0.7284985780715942 0 0 0.7625278234481812 0
          0 0.7948817014694214 0 0 0.8240012526512146 0
          0 0.8440860509872437 0 0 0.8555341958999634 0
          0 0.855270266532898 0 0 0.8391987085342407 0
          0 0.8033610582351685 0 0 0.7437471747398376 0
          0 0.6575767993927002 0 0 0.5445837378501892 0
          0 0.40653589367866516 0 0 0.24109624326229095 0
          0 0.04100905731320381 0 0 -0.199850931763649 0
          0 -0.46323150396347046 0 0 -0.6682257652282715 0
          0 -0.8898224830627441 0 0 -0.8332291841506958 0
          0 -0.4793129861354828 0 0 0.2055707722902298 0
          0 1.3895373344421387 0 0 2.6113531589508057 0
          0 3.5667669773101807 0 0 4.195841312408447 0
          0 4.6041436195373535 0 0 4.891727447509766 0
          0 5.13627290725708 0 0 5.378110885620117 0
          0 5.6320343017578125 0 0 5.896386623382568 0
          0 6.157384872436523 0 0 6.404052257537842 0
          0 6.629494667053223 0 0 6.830312252044678 0
          0 7.005823612213135 0 0 7.157218933105469 0
          0 7.286861419677734 0 0 7.397665023803711 0
          0 7.492635726928711 0 0 7.574581146240234 0
          0 7.645984649658203 0 0 7.708953857421875 0
          0 7.765401840209961 0 0 7.816520690917969 0
          0 7.8634209632873535 0 0 7.906599044799805 0
          0 7.946502208709717 0 0 7.9836225509643555 0
          0 8.018529891967773 0 0 8.051920890808105 0
          0 8.08463191986084 0 0 8.117546081542969 0
          0 8.15137004852295 0 0 8.186421394348145 0
          0 8.222635269165039 0 0 8.25964641571045 0
          0 8.29671859741211 0 0 8.332623481750488 0
          0 8.365677833557129 0 0 8.393967628479004 0
          0 8.415787696838379 0 0 8.430194854736328 0
          <InformationKey name="L2_NORM_RANGE" location="vtkDataArray" length="2">
            <Value index="0">
              0.041009057313
            </Value>
            <Value index="1">
              8.4301948547
            </Value>
          </InformationKey>
        </DataArray>
        <DataArray type="Float32" Name="Solids_Velocity_1" NumberOfComponents="3" format="ascii" RangeMin="0" RangeMax="8.780816078186035">
          0.00048355705803260207 0.0005205079214647412 0 -0.004301358480006456 0.004308935254812241 0
          -0.015467632561922073 0.015613975003361702 0 -0.03530319780111313 0.040171489119529724 0
          -0.059531450271606445 0.07743752747774124 0 -0.14946165680885315 0.2924030125141144 0
          -0.18707183003425598 0.6747409701347351 0 -0.11295238137245178 0.9327564835548401 0
          0.11185257136821747 1.133497714996338 0 -0.11383514106273651 1.5784337520599365 0
          -0.22916708886623383 1.9224622249603271 0 -0.20724447071552277 2.236934185028076 0
          -0.14942258596420288 2.5137393474578857 0 -0.11679506301879883 2.749042510986328 0
          -0.12402176856994629 2.956352949142456 0 -0.16747358441352844 3.1543097496032715 0
          -0.23605841398239136 3.356729745864868 0 -0.32594019174575806 3.5634102821350098 0
          -0.39902326464653015 3.7562243938446045 0 -0.36568915843963623 3.8965609073638916 0
          -0.21373513340950012 3.9895403385162354 0 -0.01659804955124855 4.0503950119018555 0
          0.16319966316223145 4.057706832885742 0 0.3076988458633423 4.023895740509033 0
          0.42034733295440674 3.944345474243164 0 0.50576251745224 3.8098316192626953 0
          0.5688802599906921 3.613510847091675 0 0.613308846950531 3.347322702407837 0
          0.6397324204444885 2.9959230422973633 0 0.6490435600280762 2.539614200592041 0
          0.656462550163269 1.9960732460021973 0 0.6979604363441467 1.4076472520828247 0
          0.6704663634300232 0.9698182344436646 0 0.6707533597946167 0.40170344710350037 0
          1.031550645828247 -0.06531539559364319 0 1.0313080549240112 -0.06553139537572861 0
          0.0006031859084032476 -0.00003257521166233346 0 0 -5.066287538563702e-38 0
          1.3359318145997645e-38 -3.059380228291423e-18 0 5.218432779449637e-19 -1.593784837439216e-8 0
          1.8559490611025353e-9 -0.1144181564450264 0 0.004198689479380846 -0.000011679494491545483 0
          0 0 0 0 0 0
          0 0 0 0 0 0
          0 0 0 0 0 0
          0 0 0 0 0 0
          0 0 0 0 0 0
          0 0 0 0 0 0
          0 0 0 0 0 0
          0 0 0 0 0 0
          0 0 0 0 0 0
          0 0 0 0 0 0
          0 0 0 0 0 0
          0 0 0 0 0 0
          0 0 0 0 0 0
          0 0 0 0 0 0
          0.0018547943327575922 -0.00011794712918344885 0 -0.003566521219909191 0.00024405354633927345 0
          -0.01491650938987732 0.0007488893461413682 0 -0.03264573961496353 -0.0001482889783801511 0
          -0.056134190410375595 -0.001884880824945867 0 -0.08973202854394913 0.0049891164526343346 0
          -0.17499542236328125 0.45189788937568665 0 -0.13818272948265076 0.772230327129364 0
          0.07000207155942917 1.1182053089141846 0 0.06468671560287476 0.5649917125701904 0
          0.12886175513267517 0.6768143773078918 0 0.012979340739548206 0.7411354780197144 0
          -0.09863366186618805 0.8136776089668274 0 -0.19586019217967987 0.9193242192268372 0
          -0.28063005208969116 1.0522924661636353 0 -0.35770824551582336 1.198282241821289 0
          -0.4257431924343109 1.328491449356079 0 -0.48222607374191284 1.4343233108520508 0
          -0.5140060782432556 1.5239653587341309 0 -0.48172637820243835 1.5100376605987549 0
          -0.30618593096733093 1.4613834619522095 0 0.00535326823592186 1.491834044456482 0
          0.32124489545822144 1.592221975326538 0 0.5619151592254639 1.692447304725647 0
          0.734101414680481 1.76362943649292 0 0.8634675741195679 1.7894821166992188 0
          0.9632841944694519 1.7533259391784668 0 1.0323278903961182 1.6399688720703125 0
          1.0661530494689941 1.4434374570846558 0 1.0789438486099243 1.1737521886825562 0
          1.0965811014175415 0.8744469285011292 0 1.1284834146499634 0.6080517172813416 0
          0.9633885025978088 0.20258799195289612 0 0.8143275380134583 0.04589657485485077 0
          0.9229578375816345 -0.010168538428843021 0 0.9219441413879395 -0.010747124440968037 0
          1.931741433480738e-9 -1.1844620839696063e-9 0 0 0 0
          0 -3.584421979551915e-39 0 1.764115656215477e-39 -1.3531432757978996e-19 0
          4.529977399581656e-20 -2.1407675632190148e-10 0 4.9513629307718077e-11 -2.2801968646568582e-10 0
          0 0 0 0 0 0
          0 0 0 0 0 0
          0 0 0 0 0 0
          0 0 0 0 0 0
          0 0 0 0 0 0
          0 0 0 0 0 0
          0 0 0 0 0 0
          -5.605193857299268e-45 0 0 -5.605193857299268e-45 0 0
          0 0 0 0 0 0
          0 0 0 0 0 0
          0 0 0 0 0 0
          0 0 0 0 0 0
          0 0 0 0 0 0
          0 0 0 0 0 0
          0.003791566239669919 -0.000561314111109823 0 -0.001497147255577147 -0.0011723896022886038 0
          -0.012396452948451042 -0.0020872734021395445 0 -0.02940058335661888 -0.0035532191395759583 0
          -0.0529618076980114 -0.005126352421939373 0 -0.08377883583307266 -0.00868455320596695 0
          -0.11999727040529251 -0.0363033153116703 0 -0.1331438273191452 -0.0672808438539505 0
          -0.10572421550750732 -0.05374814569950104 0 -0.1009858250617981 0.09623337537050247 0
          -0.12456650286912918 0.24908070266246796 0 -0.1739707738161087 0.3716357946395874 0
          -0.2522121071815491 0.47428321838378906 0 -0.3431304693222046 0.5746649503707886 0
          -0.4318923354148865 0.6782004237174988 0 -0.5077021718025208 0.7809754014015198 0
          -0.5586374402046204 0.871243953704834 0 -0.5712781548500061 0.933381199836731 0
          -0.5291815400123596 0.9697573184967041 0 -0.4332064986228943 0.9536536931991577 0
          -0.20991460978984833 0.8266138434410095 0 0.08265715837478638 0.7233136892318726 0
          0.44350069761276245 0.7094979882240295 0 0.7573721408843994 0.7409940958023071 0
          0.9672471284866333 0.7811461091041565 0 1.114006519317627 0.8050835728645325 0
          1.2277343273162842 0.7911378741264343 0 1.30613374710083 0.7248601913452148 0
          1.3515902757644653 0.5989305377006531 0 1.3980953693389893 0.41093477606773376 0
          1.387725830078125 0.24577733874320984 0 1.2058007717132568 0.018027275800704956 0
          0.9863530993461609 -0.30913054943084717 0 1.1757313013076782 -0.12533286213874817 0
          1.048928141593933 -0.06785285472869873 0 0.0000025992665086960187 -3.3210767469427083e-7 0
          7.239505723696839e-21 -1.4528973075612524e-21 0 0 0 0
          0 0 0 0 -9.931002216669979e-42 0
          9.310226996974085e-42 -3.527322749024819e-23 0 2.201614703213588e-23 -3.7864181180017807e-23 0
          0 0 0 0 0 0
          0 0 0 0 0 0
          0 0 0 0 0 0
          0 0 0 0 0 0
          0 0 0 0 0 0
          0 0 0 0 0 0
          -1.401298464324817e-45 -2.802596928649634e-45 0 -1.8542927834979101e-22 -3.4892331761687945e-43 0
          -1.9052324225343876e-21 -6.58610278232664e-43 0 -1.855857656341928e-21 -3.1529215447308384e-43 0
          -8.929659322499425e-23 -1.401298464324817e-45 0 -3.964620849858121e-23 0 0
          -1.1869657141558561e-23 0 0 -8.386277053559557e-28 0 0
          -4.667865314512398e-41 0 0 0 0 0
          0 0 0 0 0 0
          0 0 0 0 0 0
          0 0 0 0 0 0
          0.006435106508433819 -0.0011104597942903638 0 0.0014866652199998498 -0.0024141022004187107 0
          -0.008623726665973663 -0.004247030708938837 0 -0.02414838597178459 -0.007113009691238403 0
          -0.04515597224235535 -0.01182521227747202 0 -0.0706944689154625 -0.020092427730560303 0
          -0.09784884750843048 -0.034619949758052826 0 -0.11973676085472107 -0.04355032369494438 0
          -0.15447312593460083 0.00773820374161005 0 -0.17750073969364166 0.09573753923177719 0
          -0.22076477110385895 0.17601454257965088 0 -0.27943724393844604 0.25098586082458496 0
          -0.3564212918281555 0.32423877716064453 0 -0.4423767030239105 0.3951369822025299 0
          -0.5271221399307251 0.46481189131736755 0 -0.5995023846626282 0.5330178141593933 0
          -0.6453677415847778 0.597075343132019 0 -0.6469783782958984 0.6478304266929626 0
          -0.5803343653678894 0.6781018376350403 0 -0.45333191752433777 0.6933741569519043 0
          -0.12238661199808121 0.5748518705368042 0 0.30287307500839233 0.40080833435058594 0
          0.7469110488891602 0.22763952612876892 0 0.9281443357467651 0.19817078113555908 0
          1.0793184041976929 0.23858395218849182 0 1.2397441864013672 0.26291903853416443 0
          1.390394926071167 0.23855043947696686 0 1.512723684310913 0.15027786791324615 0
          1.5722185373306274 0.015006622299551964 0 1.5461430549621582 -0.09860169142484665 0
          1.3964966535568237 -0.27400654554367065 0 1.1970503330230713 -0.491500586271286 0
          1.0522165298461914 -0.5939170122146606 0 1.1138182878494263 -0.3597773313522339 0
          1.3414350748062134 0.00029711343813687563 0 1.0294020080792166e-9 6.736550900443561e-11 0
          8.270941281542665e-22 6.561683794022131e-23 0 0 0 0
          0 0 0 0 0 0
          0 0 0 0 0 0
          0 0 0 0 0 0
          0 0 0 0 0 0
          0 0 0 0 0 0
          0 0 0 0 0 0
          0 0 0 -1.833204121284768e-27 0 0
          -1.7247007719290888e-25 0 0 -5.9479883484001776e-24 -5.605193857299268e-45 0
          -2.6078007294792612e-22 -7.644726076929438e-22 0 -2.004130889021738e-10 -7.73572281055559e-21 0
          -6.662910778665321e-10 -1.1889617051643757e-20 0 -6.839985244866398e-10 -4.9386689225507806e-21 0
          -1.5649416484908585e-10 -2.3600562485130885e-22 0 -1.0902178465554968e-10 -5.363783994403369e-23 0
          -6.238729671759202e-11 -1.8693305549442124e-24 0 -5.438669263210794e-13 7.112198802597084e-28 0
          -1.8820791363570168e-19 9.618933048664842e-41 0 -2.510530263417635e-26 0 0
          0 0 0 0 0 0
          0 0 0 0 0 0
          0 0 0 0 0 0
          0.009972428902983665 -0.0017956072697415948 0 0.005699464585632086 -0.004013667814433575 0
          -0.002997487550601363 -0.007164243143051863 0 -0.016284869983792305 -0.011830550618469715 0
          -0.034223414957523346 -0.018546855077147484 0 -0.05645444616675377 -0.027525143697857857 0
          -0.08222739398479462 -0.03750229254364967 0 -0.11085455864667892 -0.043042510747909546 0
          -0.14341193437576294 0.0041380273178219795 0 -0.2043643593788147 0.04586135223507881 0
          -0.24372394382953644 0.08108330518007278 0 -0.301076203584671 0.11723025888204575 0
          -0.3796764016151428 0.15147189795970917 0 -0.46853435039520264 0.18433444201946259 0
          -0.5570108890533447 0.2173992097377777 0 -0.6334831118583679 0.25221583247184753 0
          -0.6833903193473816 0.290438175201416 0 -0.6888247132301331 0.3309991657733917 0
          -0.6286071538925171 0.3699202835559845 0 -0.5013706088066101 0.41687852144241333 0
          -0.09142487496137619 0.31184959411621094 0 0.643798291683197 0.05905740335583687 0
          0.901813805103302 -0.11501539498567581 0 1.0123926401138306 -0.11066136509180069 0
          1.1818342208862305 -0.09895142167806625 0 1.3816105127334595 -0.13137193024158478 0
          1.5517960786819458 -0.20911212265491486 0 1.6473678350448608 -0.3052857518196106 0
          1.638025164604187 -0.41434016823768616 0 1.5348798036575317 -0.5522449016571045 0
          1.3820312023162842 -0.72722327709198 0 1.2341845035552979 -0.8401266932487488 0
          1.163731575012207 -0.6374669075012207 0 1.1636639833450317 -0.6376281380653381 0
          1.4262803792953491 0.00046921748435124755 0 2.0097175312816518e-10 5.046497247862547e-11 0
          1.1464163388068874e-22 4.214766749637531e-23 0 0 0 0
          0 0 0 0 0 0
          0 0 0 0 0 0
          0 0 0 0 0 0
          3.134992141440307e-7 0 0 0.00000512916767547722 0 0
          0.000026970268663717434 0 0 0.000016126739865285344 0 0
          6.081415815373248e-9 0 0 3.978773074375484e-18 0 0
          -1.4438376705959378e-34 1.1997334069527404e-26 0 -3.582008550450516e-13 1.1304540460454933e-24 0
          -4.154557774194156e-12 3.8849241258698147e-23 0 -2.61904820747505e-11 1.646494325505957e-21 0
          -1.765077251025815e-10 1.1949752298789917e-9 0 -0.005611851345747709 4.921861140871897e-9 0
          -0.008013097569346428 7.2787784688443935e-9 0 -0.006124394945800304 4.315881874106253e-9 0
          -0.002279653213918209 1.2629155499155331e-9 0 -0.0016067654360085726 7.82010067812422e-10 0
          -0.0008745875093154609 2.8335345181318417e-10 0 -0.000038335027056746185 2.496149120734259e-12 0
          -5.081043141785813e-9 9.257477645375762e-19 0 -1.8185470490594824e-12 1.3801683600236572e-25 0
          -5.628164731445311e-23 0 0 -3.6485218904347687e-28 0 0
          -3.56758348081568e-28 0 0 0 0 0
          0 0 0 -3.7288788402332316e-24 -8.339629427932785e-25 0
          0.013468699529767036 -0.0018699876964092255 0 0.010212250985205173 -0.004385082982480526 0
          0.003541979705914855 -0.008244347758591175 0 -0.006747106090188026 -0.014097116887569427 0
          -0.020918432623147964 -0.022443991154432297 0 -0.039261337369680405 -0.03339368849992752 0
          -0.06226189807057381 -0.046144381165504456 0 -0.10433133691549301 -0.04924735426902771 0
          -0.13887426257133484 -0.03878365084528923 0 -0.1835564523935318 -0.022565403953194618 0
          -0.22042031586170197 -0.013729720376431942 0 -0.27331534028053284 -0.013631840236485004 0
          -0.3469366133213043 -0.021433459594845772 0 -0.43283191323280334 -0.034249283373355865 0
          -0.5212286114692688 -0.04859260469675064 0 -0.6017833352088928 -0.06053592637181282 0
          -0.6620609760284424 -0.06552331894636154 0 -0.6857596039772034 -0.05907384306192398 0
          -0.649054229259491 -0.04078083857893944 0 -0.5251647233963013 -0.030754094943404198 0
          -0.20602141320705414 0.04386661574244499 0 0.6145071983337402 -0.3592577576637268 0
          0.9340024590492249 -0.3692229986190796 0 1.141334891319275 -0.3733077645301819 0
          1.3556020259857178 -0.40212732553482056 0 1.551182508468628 -0.4677698016166687 0
          1.6777127981185913 -0.554301381111145 0 1.708150863647461 -0.6567115187644958 0
          1.6473013162612915 -0.7898608446121216 0 1.5346721410751343 -0.9317244291305542 0
          1.4124419689178467 -1.028826117515564 0 1.3271751403808594 -0.9149132370948792 0
          1.1450896263122559 -0.7763264179229736 0 1.1451201438903809 -0.7768809199333191 0
          1.5703511238098145 0.0005839381483383477 0 4.3678899386279113e-10 2.446831105784586e-11 0
          2.201586638698024e-21 1.0409441684975544e-23 0 0.000026007233827840537 0 0
          0.00000630303293291945 0 0 1.7816612629673045e-9 0 0
          8.859802294084768e-20 0 0 1.2610565140151894e-40 0 0
          0 0 0 0 0.0000020396512354636798 0
          0.21575848758220673 0.5462852716445923 0 0.09416059404611588 0.48506850004196167 0
          0.03189439699053764 0.28020569682121277 0 0.005003009922802448 0.056472454220056534 0
          5.108867071612622e-7 3.157473145165568e-7 0 3.9076414282135374e-7 1.3460905719746676e-15 0
          3.0645648507743317e-7 1.4384860490268547e-11 0 -0.00011038399679819122 1.3116169261806476e-10 0
          -0.0008286048541776836 7.324421069654363e-10 0 -0.003952756989747286 4.406823350677769e-9 0
          -0.021299714222550392 0.00008461633115075529 0 -0.042135030031204224 0.14856582880020142 0
          -0.04817972332239151 0.1546604186296463 0 -0.03785744309425354 0.09267635643482208 0
          -0.03112618997693062 0.0419747531414032 0 -0.03657623007893562 0.02676798403263092 0
          -0.03550169989466667 0.009987549856305122 0 -0.0201425664126873 0.0004279152490198612 0
          -0.0034129945561289787 5.960394133808222e-8 0 -0.00003480600571492687 2.393292682090209e-11 0
          -3.9297020498763047e-11 8.568585443058519e-22 0 -5.732999524329235e-14 1.4347420039658796e-26 0
          1.6279126484330941e-12 7.539327019727915e-27 0 6.498548660999193e-12 0 0
          6.965386167151477e-12 9.329821953991629e-23 0 -6.4082168391155214e-12 1.8176458399381973e-22 0
          0.015030971728265285 -0.000671285844873637 0 0.012973973527550697 -0.0021323002874851227 0
          0.008739260956645012 -0.005186552181839943 0 0.0020754942670464516 -0.01065767090767622 0
          -0.0073583670891821384 -0.0192562285810709 0 -0.02009332925081253 -0.031593888998031616 0
          -0.036961399018764496 -0.04800375550985336 0 -0.0691152960062027 -0.06224587932229042 0
          -0.09775607287883759 -0.06053749844431877 0 -0.14920322597026825 -0.06533840298652649 0
          -0.172734335064888 -0.07833293080329895 0 -0.2105310559272766 -0.10797888785600662 0
          -0.2678719162940979 -0.15492425858974457 0 -0.3392432928085327 -0.21518509089946747 0
          -0.41630271077156067 -0.2840668559074402 0 -0.49061504006385803 -0.35667216777801514 0
          -0.5530483722686768 -0.4271545708179474 0 -0.5929151773452759 -0.486928254365921 0
          -0.5962600708007812 -0.5171016454696655 0 -0.5471601486206055 -0.49846696853637695 0
          -0.45011430978775024 -0.44146257638931274 0 -0.03490413725376129 -0.7760492563247681 0
          0.8267765045166016 -0.6394618153572083 0 1.2993175983428955 -0.6215046644210815 0
          1.5340887308120728 -0.6429294347763062 0 1.6877906322479248 -0.6976101994514465 0
          1.7696154117584229 -0.7857420444488525 0 1.7601953744888306 -0.9087172150611877 0
          1.6818562746047974 -1.045128583908081 0 1.5801043510437012 -1.1182023286819458 0
          1.4961438179016113 -0.9949816465377808 0 1.3641194105148315 -0.44386613368988037 0
          1.257969856262207 -0.36351996660232544 0 1.2234179973602295 -0.04994894564151764 0
          1.1175258159637451 0.001979211810976267 0 0.00011061413533752784 3.7524086615725594e-10 0
          0.0000496561115141958 0.00003420220673433505 0 1.2450861930847168 0.0026605683378875256 0
          0.2306710183620453 0.022161226719617844 0 0.000011097251444880385 4.192158176152816e-9 0
          0.000009506674359727185 2.587545291651695e-19 0 0.0000071293807195615955 4.683573870297479e-40 0
          0.000005775567387900082 0 0 0.000004750562766275834 6.805566332701574e-9 0
          0.000004313767021812964 0.000004450186679605395 0 0.254631370306015 1.504036784172058 0
          0.23476523160934448 1.529659628868103 0 0.1945878118276596 1.5748625993728638 0
          0.14924027025699615 1.5938917398452759 0 0.10752997547388077 1.5641114711761475 0
          0.09578386694192886 1.573158860206604 0 0.09155499935150146 1.6122570037841797 0
          0.0631980374455452 1.647521734237671 0 0.03474254161119461 1.6630754470825195 0
          0.01557908020913601 1.6304752826690674 0 -0.005297050345689058 1.556514859199524 0
          -0.01347686443477869 1.5051935911178589 0 -0.0035329307429492474 1.5123594999313354 0
          0.0014335567830130458 1.5268782377243042 0 -0.0022660994436591864 1.5086978673934937 0
          0.005424249451607466 1.3115092515945435 0 0.012792439199984074 0.7348056435585022 0
          0.004463468212634325 0.14781856536865234 0 0.0002892153861466795 0.002247344236820936 0
          0.00001186415920528816 4.524474572775716e-9 0 0.000002249213366667391 7.751677633116572e-10 0
          -0.00016111087461467832 2.3004727012221338e-9 0 -0.0003399340494070202 3.8839749194607975e-9 0
          -0.0005093681393191218 5.314733542149952e-9 0 -0.0006550814723595977 5.905462785449345e-9 0
          0.012809140607714653 0.001757811289280653 0 0.011895249597728252 0.0027903311420232058 0
          0.009965314529836178 0.0022749791387468576 0 0.006893984507769346 -0.0006020629080012441 0
          0.00240540225058794 -0.006764531135559082 0 -0.003913382068276405 -0.01718197949230671 0
          -0.012679587118327618 -0.032997410744428635 0 -0.02482377551496029 -0.055598221719264984 0
          -0.06504085659980774 -0.07701373845338821 0 -0.09794218093156815 -0.08339877426624298 0
          -0.11960385739803314 -0.10044270753860474 0 -0.135153129696846 -0.14005577564239502 0
          -0.1621464192867279 -0.20781782269477844 0 -0.20482322573661804 -0.3008648753166199 0
          -0.2568812072277069 -0.4134959578514099 0 -0.3108072578907013 -0.5402991771697998 0
          -0.35984376072883606 -0.6755713820457458 0 -0.39805868268013 -0.8114263415336609 0
          -0.4204438626766205 -0.933209240436554 0 -0.42297497391700745 -1.0218238830566406 0
          -0.4088801145553589 -1.024916410446167 0 -0.42918798327445984 -1.1956048011779785 0
          -0.36880603432655334 -1.3714679479599 0 0.4795148968696594 -0.9952803254127502 0
          1.2609361410140991 -0.8183537125587463 0 1.6380126476287842 -0.7847341299057007 0
          1.8233773708343506 -0.8673501014709473 0 1.8229933977127075 -0.9948297739028931 0
          1.7462632656097412 -1.059464693069458 0 1.66312837600708 -0.9107720255851746 0
          1.5516360998153687 -0.3777751326560974 0 1.2856383323669434 0.7370365262031555 0
          1.2761650085449219 0.7823153734207153 0 1.257156252861023 0.8890807032585144 0
          1.0936754941940308 0.29227006435394287 0 0.8490904569625854 1.6320595741271973 0
          0.8728881478309631 1.92488431930542 0 0.903067409992218 1.887412667274475 0
          0.5541883111000061 2.6551060676574707 0 0.5148494243621826 3.140371799468994 0
          0.48921385407447815 3.0608136653900146 0 0.43939003348350525 3.545199394226074 0
          0.39113396406173706 3.7488996982574463 0 0.34182700514793396 3.9948134422302246 0
          0.2967950105667114 3.980219602584839 0 0.2533528804779053 4.092482566833496 0
          0.21366262435913086 4.435833930969238 0 0.1815231591463089 4.4856977462768555 0
          0.1522746980190277 4.553830146789551 0 0.08405832201242447 6.243159770965576 0
          0.062327612191438675 6.629429340362549 0 0.09487056732177734 4.770785331726074 0
          0.0861053615808487 4.501842498779297 0 0.07388076931238174 4.672607898712158 0
          0.06488001346588135 5.018931865692139 0 0.06374769657850266 4.632058620452881 0
          0.06831221282482147 4.097829341888428 0 0.05013797804713249 5.004726886749268 0
          0.04635743051767349 5.360167503356934 0 0.05186042562127113 4.8856730461120605 0
          0.06093042343854904 4.134547710418701 0 0.05140845850110054 5.335219860076904 0
          0.03427818417549133 5.500311374664307 0 0.030179878696799278 5.80502986907959 0
          0.027936480939388275 5.656522274017334 0 0.0245984960347414 5.657632827758789 0
          0.021546857431530952 5.674127578735352 0 0.01892021670937538 5.687297821044922 0
          0.016987117007374763 5.660486221313477 0 0.015178277157247066 5.679445266723633 0
          0.0065337843261659145 0.0044133891351521015 0 0.0063544828444719315 0.008330624550580978 0
          0.005982064176350832 0.01124432124197483 0 0.005359265021979809 0.01251258235424757 0
          0.004419886972755194 0.011434950865805149 0 0.003027922473847866 0.00709701469168067 0
          0.000955280615016818 -0.0016960968496277928 0 -0.002153094857931137 -0.016501877456903458 0
          -0.012844294309616089 -0.04350001737475395 0 -0.030443482100963593 -0.06581825017929077 0
          -0.06591079384088516 -0.08348318189382553 0 -0.06993383914232254 -0.10735120624303818 0
          -0.07163816690444946 -0.15009376406669617 0 -0.07617943733930588 -0.2296265810728073 0
          -0.08975378423929214 -0.3424344062805176 0 -0.11121346801519394 -0.480813205242157 0
          -0.13499458134174347 -0.6372644901275635 0 -0.15620137751102448 -0.8046159148216248 0
          -0.17319944500923157 -0.9750342965126038 0 -0.18674777448177338 -1.1378127336502075 0
          -0.20055921375751495 -1.2823519706726074 0 -0.2162913978099823 -1.4312107563018799 0
          -0.21022546291351318 -1.4514751434326172 0 -0.23874051868915558 -1.6203452348709106 0
          -0.2199472337961197 -1.5529378652572632 0 0.1409512311220169 -1.2741230726242065 0
          0.9138121008872986 -1.064448356628418 0 1.3860080242156982 -0.9349956512451172 0
          1.6473201513290405 -0.7137168049812317 0 1.6621391773223877 -0.16543760895729065 0
          1.4396172761917114 1.0175390243530273 0 1.1048873662948608 2.2478246688842773 0
          0.8177093267440796 2.6442081928253174 0 0.019518526270985603 4.209615707397461 0
          0.00020315745496191084 4.248396396636963 0 0.01852608472108841 4.088840961456299 0
          0.18133729696273804 5.485616683959961 0 0.16939084231853485 5.755979061126709 0
          0.15864156186580658 6.014548301696777 0 0.14261625707149506 6.267794132232666 0
          0.12477540969848633 6.474227428436279 0 0.1062060296535492 6.652268886566162 0
          0.08816488087177277 6.803200721740723 0 0.0712958425283432 6.954135417938232 0
          0.05673108994960785 7.067947864532471 0 0.04424913972616196 7.148981094360352 0
          0.03352440893650055 7.208655834197998 0 0.024687178432941437 7.263899803161621 0
          0.01712379977107048 7.287038326263428 0 0.010950752533972263 7.293891429901123 0
          0.04086374118924141 6.581744194030762 0 0.03718465194106102 6.594906806945801 0
          0.03715520724654198 6.411046504974365 0 0.03300683572888374 6.441699504852295 0
          0.02982093207538128 6.468541145324707 0 0.027633611112833023 6.492440700531006 0
          0.02627084217965603 6.515824794769287 0 0.02556469850242138 6.538113117218018 0
          0.025264263153076172 6.559969425201416 0 0.025240372866392136 6.580618858337402 0
          0.025310786440968513 6.60085916519165 0 0.025417054072022438 6.623313903808594 0
          0.025538329035043716 6.6477460861206055 0 0.025669198483228683 6.672422409057617 0
          0.025787895545363426 6.696530342102051 0 0.025925369933247566 6.721276760101318 0
          0.02613108791410923 6.746613025665283 0 0.026492826640605927 6.772172927856445 0
          0.027200452983379364 6.799032211303711 0 0.028186993673443794 6.82435941696167 0
          0 0.004545093048363924 0 0 0.008990258909761906 0
          0 0.013183425180613995 0 0 0.016973096877336502 0
          0 0.020131543278694153 0 0 0.02235737442970276 0
          0 0.02319120615720749 0 0 0.021936461329460144 0
          0 0.017573125660419464 0 0 -0.012325110845267773 0
          0 -0.0048174187541007996 0 0 -0.014870183542370796 0
          0 -0.023705551400780678 0 0 -0.03891836106777191 0
          0 -0.07046523690223694 0 0 -0.12575651705265045 0
          0 -0.20389312505722046 0 0 -0.298732727766037 0
          0 -0.40606895089149475 0 0 -0.523181140422821 0
          0 -0.6474458575248718 0 0 -0.7786134481430054 0
          0 -0.9001954197883606 0 0 -1.0527023077011108 0
          0 -1.128091812133789 0 0 -1.2482829093933105 0
          0 -1.642725944519043 0 0 -1.7344245910644531 0
          0 -1.4351670742034912 0 0 -0.27523496747016907 0
          0 1.6010518074035645 0 0 3.003570318222046 0
          0 3.828981637954712 0 0 4.247828006744385 0
          0 4.248474597930908 0 0 4.249359130859375 0
          0 4.158919334411621 0 0 6.642910480499268 0
          0 6.855457305908203 0 0 7.049015998840332 0
          0 7.223846912384033 0 0 7.378366947174072 0
          0 7.519804954528809 0 0 7.630031108856201 0
          0 7.717916965484619 0 0 7.788520336151123 0
          0 7.848492622375488 0 0 7.888506889343262 0
          0 7.917390823364258 0 0 7.9366021156311035 0
          0 7.951419353485107 0 0 7.956387519836426 0
          0 8.365389823913574 0 0 8.392691612243652 0
          0 8.422117233276367 0 0 8.449512481689453 0
          0 8.475367546081543 0 0 8.500250816345215 0
          0 8.524310111999512 0 0 8.547819137573242 0
          0 8.571075439453125 0 0 8.594204902648926 0
          0 8.617048263549805 0 0 8.639664649963379 0
          0 8.662063598632812 0 0 8.684292793273926 0
          0 8.706557273864746 0 0 8.728836059570312 0
          0 8.751314163208008 0 0 8.780816078186035 0
          <InformationKey name="L2_NORM_RANGE" location="vtkDataArray" length="2">
            <Value index="0">
              0
            </Value>
            <Value index="1">
              8.7808160782
            </Value>
          </InformationKey>
        </DataArray>
        <DataArray type="Float32" Name="Solids_Velocity_2" NumberOfComponents="3" format="ascii" RangeMin="0" RangeMax="3.640365313223969">
          0.0004840117762796581 0.0005208696238696575 0 -0.004304932430386543 0.004314268007874489 0
          -0.01548745296895504 0.015649856999516487 0 -0.0353853814303875 0.04039209336042404 0
          -0.059973616153001785 0.08190082758665085 0 -0.08073452115058899 0.15372014045715332 0
          -0.19472292065620422 0.4188089072704315 0 -0.14278146624565125 0.5917059779167175 0
          -0.03472667187452316 0.7827396988868713 0 -0.17392109334468842 1.1671150922775269 0
          -0.234467014670372 1.5201939344406128 0 -0.2138458788394928 1.8427032232284546 0
          -0.17271751165390015 2.133086681365967 0 -0.15508043766021729 2.3874311447143555 0
          -0.17227238416671753 2.6131784915924072 0 -0.2213641107082367 2.8249764442443848 0
          -0.2895270586013794 3.0332045555114746 0 -0.36712369322776794 3.2320985794067383 0
          -0.4293592870235443 3.3974883556365967 0 -0.38469064235687256 3.4998738765716553 0
          -0.24429284036159515 3.5670690536499023 0 -0.0698510929942131 3.6236677169799805 0
          0.09687889367341995 3.639075994491577 0 0.2363632470369339 3.627490997314453 0
          0.34438157081604004 3.584496259689331 0 0.42404085397720337 3.498528242111206 0
          0.48126670718193054 3.356903314590454 0 0.5222535133361816 3.143667221069336 0
          0.5516635179519653 2.831467866897583 0 0.5714402794837952 2.3866193294525146 0
          0.5902248620986938 1.8273614645004272 0 0.6404909491539001 1.2671184539794922 0
          0.6395243406295776 0.7753147482872009 0 0.5724288821220398 0.24044688045978546 0
          0.5477095246315002 0.0034152595326304436 0 0.5484640002250671 0.0027888219337910414 0
          0.00023950746981427073 -0.000030460603738902137 0 0 0 0
          0 0 0 0 0 0
          0 0 0 0 0 0
          0 0 0 0 0 0
          0 0 0 0 0 0
          0 0 0 0 0 0
          0 0 0 0 0 0
          0 0 0 0 0 0
          0 0 0 0 0 0
          0 0 0 0 0 0
          0 0 0 0 0 0
          0 0 0 0 0 0
          0 0 0 0 0 0
          0 0 0 0 0 0
          0 0 0 0 0 0
          0 0 0 0 0 0
          0 0 0 0 0 0
          0.0018560377648100257 -0.00011797914339695126 0 -0.0035692837554961443 0.00024505850160494447 0
          -0.014933353289961815 0.000755888584535569 0 -0.03270578756928444 -0.00016822057659737766 0
          -0.056312303990125656 -0.001877348986454308 0 -0.08976956456899643 0.005075530149042606 0
          -0.1615416705608368 -0.01640254817903042 0 -0.17915557324886322 0.011720798909664154 0
          -0.13570432364940643 0.06507717818021774 0 0.05402538925409317 0.33571168780326843 0
          0.07820308953523636 0.4849257171154022 0 -0.03195337951183319 0.5798147320747375 0
          -0.1423211693763733 0.6650054454803467 0 -0.2402401715517044 0.7720453143119812 0
          -0.32616254687309265 0.8988184332847595 0 -0.4022999405860901 1.035400629043579 0
          -0.466318279504776 1.1604149341583252 0 -0.5146969556808472 1.2519720792770386 0
          -0.5293192267417908 1.3330515623092651 0 -0.4843950569629669 1.2835969924926758 0
          -0.29057252407073975 1.189092993736267 0 0.013837093487381935 1.181782603263855 0
          0.29754015803337097 1.279375433921814 0 0.5085055232048035 1.3983088731765747 0
          0.6613105535507202 1.5008838176727295 0 0.774614155292511 1.5671957731246948 0
          0.8587618470191956 1.5775855779647827 0 0.9179550409317017 1.5084443092346191 0
          0.9543379545211792 1.3383986949920654 0 0.9799917340278625 1.0700311660766602 0
          1.0241882801055908 0.7666414380073547 0 1.0464529991149902 0.5066538453102112 0
          0.8875359892845154 0.06798305362462997 0 0.6132481694221497 -0.22546635568141937 0
          0.5956581234931946 -0.1415630429983139 0 0.5957657098770142 -0.14158757030963898 0
          5.965802157836819e-11 -3.754681288103967e-11 0 0 0 0
          0 0 0 0 0 0
          0 0 0 0 0 0
          0 0 0 0 0 0
          0 0 0 0 0 0
          0 0 0 0 0 0
          0 0 0 0 0 0
          0 0 0 0 0 0
          0 0 0 0 0 0
          0 0 0 0 0 0
          0 0 0 0 0 0
          0 0 0 0 0 0
          0 0 0 0 0 0
          0 0 0 0 0 0
          0 0 0 0 0 0
          0 0 0 0 0 0
          0 0 0 0 0 0
          0.0037937501911073923 -0.0005617078859359026 0 -0.0014980961568653584 -0.0011733503779396415 0
          -0.012407667003571987 -0.0020892461761832237 0 -0.029438534751534462 -0.0035578703973442316 0
          -0.053068287670612335 -0.00514669343829155 0 -0.08380874991416931 -0.00876155961304903 0
          -0.12005867809057236 -0.03644324094057083 0 -0.13320979475975037 -0.0673997700214386 0
          -0.1126338392496109 -0.08276792615652084 0 -0.0904068723320961 -0.014177770353853703 0
          -0.13012537360191345 0.1318986862897873 0 -0.198334738612175 0.24628086388111115 0
          -0.2826845943927765 0.3431912362575531 0 -0.37643033266067505 0.43749433755874634 0
          -0.46600911021232605 0.5341166257858276 0 -0.5413923859596252 0.6294515132904053 0
          -0.5914958715438843 0.7140941619873047 0 -0.6044867038726807 0.7723292708396912 0
          -0.5572026968002319 0.7980411648750305 0 -0.44168490171432495 0.7814134359359741 0
          -0.212014302611351 0.6428703665733337 0 0.08878129720687866 0.5237575769424438 0
          0.4421546161174774 0.5018001198768616 0 0.7314651012420654 0.54463130235672 0
          0.9191726446151733 0.6060450673103333 0 1.0445071458816528 0.6575275659561157 0
          1.1344809532165527 0.6744378209114075 0 1.199015498161316 0.6309451460838318 0
          1.2503660917282104 0.5099502801895142 0 1.3048065900802612 0.3291477560997009 0
          1.2953344583511353 0.14598585665225983 0 1.1183984279632568 -0.12394057214260101 0
          0.8665053844451904 -0.5205715894699097 0 0.6299011707305908 -0.49895229935646057 0
          0.6138127446174622 -0.32024842500686646 0 0.6138168573379517 -0.3202231228351593 0
          1.134004004014913e-16 -8.491423423821996e-24 0 6.175538206188473e-36 0 0
          0 0 0 0 0 0
          0 0 0 0 0 0
          0 0 0 0 0 0
          0 0 0 0 0 0
          0 0 0 0 0 0
          0 0 0 0 0 0
          0 0 0 0 0 0
          0 0 0 0 0 0
          0 0 0 0 0 0
          0 0 0 0 0 0
          0 0 0 0 0 0
          0 0 0 0 0 0
          0 0 0 0 0 0
          0 0 0 0 0 0
          0 0 0 0 0 0
          0 0 0 0 0 0
          0.006438372656702995 -0.001111131045036018 0 0.0014876059722155333 -0.002415922237560153 0
          -0.008630159310996532 -0.004251149948686361 0 -0.024172291159629822 -0.007122586946934462 0
          -0.04516075924038887 -0.011850538663566113 0 -0.07072459906339645 -0.020177174359560013 0
          -0.09790212661027908 -0.0347428135573864 0 -0.11979801207780838 -0.04362664744257927 0
          -0.1363917589187622 -0.027744803577661514 0 -0.16194897890090942 0.02027064934372902 0
          -0.2164008915424347 0.07856515049934387 0 -0.2912241518497467 0.14239837229251862 0
          -0.376331627368927 0.2076673060655594 0 -0.46643295884132385 0.2709944248199463 0
          -0.5525883436203003 0.3323242962360382 0 -0.623707115650177 0.3910696804523468 0
          -0.6658321022987366 0.4450713098049164 0 -0.6631631255149841 0.4888382852077484 0
          -0.5942533016204834 0.5164474844932556 0 -0.4543914794921875 0.5282308459281921 0
          -0.13438783586025238 0.3937411606311798 0 0.29034581780433655 0.21955515444278717 0
          0.7129234075546265 0.06088371202349663 0 0.9113956689834595 0.035829439759254456 0
          1.0630866289138794 0.0873168483376503 0 1.1933257579803467 0.12992829084396362 0
          1.3072178363800049 0.1271030306816101 0 1.4065169095993042 0.05550767481327057 0
          1.4607224464416504 -0.07876928150653839 0 1.437732219696045 -0.2141461819410324 0
          1.3060858249664307 -0.41725948452949524 0 1.0854928493499756 -0.6900041699409485 0
          0.8493031859397888 -0.9993026852607727 0 0.6685298681259155 -0.5977317690849304 0
          0.641228199005127 -0.4589433968067169 0 3.304103302070871e-7 2.6225928095868767e-8 0
          1.1183239683233579e-16 1.0254821097254676e-17 0 6.27040283879005e-36 6.041648330607242e-37 0
          0 0 0 0 0 0
          0 0 0 0 0 0
          0 0 0 0 0 0
          0 0 0 0 0 0
          0 0 0 0 0 0
          0 0 0 0 0 0
          0 0 0 0 0 0
          0 0 0 0 0 0
          0 0 0 0 0 0
          0 0 0 0 0 0
          0 0 0 0 0 0
          0 0 0 0 0 0
          0 0 0 0 0 0
          0 0 0 0 0 0
          0 0 0 0 0 0
          0 0 0 0 0 0
          0.009976932778954506 -0.0017965807346627116 0 0.0057025933638215065 -0.004016187507659197 0
          -0.0029994328506290913 -0.007169946096837521 0 -0.01629800722002983 -0.011838880367577076 0
          -0.03423243761062622 -0.018585877493023872 0 -0.05648070201277733 -0.027604999020695686 0
          -0.0822693333029747 -0.037611544132232666 0 -0.11094208061695099 -0.043119899928569794 0
          -0.1444535255432129 -0.03735135495662689 0 -0.18865902721881866 -0.019255835562944412 0
          -0.24860092997550964 0.003046470694243908 0 -0.3232279419898987 0.025650151073932648 0
          -0.4084872901439667 0.04874083772301674 0 -0.49888625741004944 0.07228555530309677 0
          -0.5863658785820007 0.09684239327907562 0 -0.6601678133010864 0.12322045862674713 0
          -0.7061484456062317 0.15231619775295258 0 -0.7060244083404541 0.1839812994003296 0
          -0.6383443474769592 0.21786539256572723 0 -0.48726922273635864 0.24475176632404327 0
          -0.08475138247013092 0.13092337548732758 0 0.6215875148773193 -0.11894894391298294 0
          0.8529075980186462 -0.32363298535346985 0 1.0097402334213257 -0.3156137764453888 0
          1.1725190877914429 -0.2909282445907593 0 1.328275203704834 -0.30002298951148987 0
          1.4563618898391724 -0.35487136244773865 0 1.5311880111694336 -0.443034291267395 0
          1.5222595930099487 -0.567506730556488 0 1.4275585412979126 -0.7265533804893494 0
          1.2686951160430908 -0.9419001936912537 0 1.0640794038772583 -1.2039600610733032 0
          0.8523685932159424 -1.4914140701293945 0 0.7605671882629395 -1.0443223714828491 0
          0.7605701684951782 -1.0442625284194946 0 1.1583800240501157e-15 2.694605034607022e-16 0
          1.6990125149045015e-33 5.942801689368309e-34 0 0 0 0
          0 0 0 0 0 0
          0 0 0 0 0 0
          0 0 0 0 0 0
          0 0 0 0 0 0
          0 0 0 0 0 0
          0 0 0 0 0 0
          0 0 0 0 0 0
          0 0 0 0 0 0
          0 0 0 0 0 0
          0 0 0 0 0 0
          0 0 0 0 0 0
          0 0 0 0 0 0
          0 0 0 0 0 0
          0 0 0 0 0 0
          0 0 0 0 0 0
          0 0 0 0 0 0
          0.01347438432276249 -0.0018707765266299248 0 0.010217057541012764 -0.004387642722576857 0
          0.0035441468935459852 -0.008249826729297638 0 -0.006751839071512222 -0.014108851552009583 0
          -0.020926358178257942 -0.022486118599772453 0 -0.03928069770336151 -0.03347229212522507 0
          -0.062291331589221954 -0.04631686583161354 0 -0.09097547084093094 -0.059149473905563354 0
          -0.12672537565231323 -0.07051970064640045 0 -0.1724841594696045 -0.0811295434832573 0
          -0.22988682985305786 -0.09293859452009201 0 -0.2996067702770233 -0.10777589678764343 0
          -0.37996727228164673 -0.1256687343120575 0 -0.46675407886505127 -0.1458674669265747 0
          -0.5532134175300598 -0.16675035655498505 0 -0.6301552057266235 -0.18558554351329803 0
          -0.6855530738830566 -0.19815050065517426 0 -0.703147292137146 -0.19881844520568848 0
          -0.6587406396865845 -0.18394003808498383 0 -0.5094913840293884 -0.1681336611509323 0
          -0.16348110139369965 -0.13937678933143616 0 0.6187490224838257 -0.5732906460762024 0
          0.9653669595718384 -0.7089274525642395 0 1.1622428894042969 -0.6837942004203796 0
          1.3344753980636597 -0.6843156814575195 0 1.4788681268692017 -0.7176694273948669 0
          1.5700969696044922 -0.7851327657699585 0 1.5873721837997437 -0.8900982737541199 0
          1.5253421068191528 -1.0403053760528564 0 1.4044013023376465 -1.2212529182434082 0
          1.2484467029571533 -1.4397438764572144 0 1.0664536952972412 -1.7097299098968506 0
          0.8819961547851562 -2.0377931594848633 0 0.8212829232215881 -1.5409075021743774 0
          1.552860311448967e-7 8.430725273456119e-8 0 2.247338815930045e-16 1.5315017430847793e-16 0
          2.288395923350692e-34 1.986045000994776e-34 0 0 0 0
          0 0 0 0 0 0
          0 0 0 0 0 0
          0 0 0 0 0 0
          0 0 0 0 0 0
          0 0 0 0 0 0
          0 0 0 0 0 0
          0 0 0 0 0 0
          0 0 0 0 0 0
          0 0 0 0 0 0
          0 0 0 0 0 0
          0 0 0 0 0 0
          0 0 0 0 0 0
          0 0 0 0 0 0
          0 0 0 0 0 0
          0 0 0 0 0 0
          0 0 0 0 0 0
          0.015036712400615215 -0.000671804416924715 0 0.012980062514543533 -0.002133104717358947 0
          0.008743610233068466 -0.005189846735447645 0 0.002076917327940464 -0.010667901486158371 0
          -0.0073628975078463554 -0.01929306983947754 0 -0.020106222480535507 -0.031657323241233826 0
          -0.03698316961526871 -0.04810159280896187 0 -0.05925905331969261 -0.06881841272115707 0
          -0.08802482485771179 -0.09434022754430771 0 -0.12491399794816971 -0.12589198350906372 0
          -0.17078986763954163 -0.16484399139881134 0 -0.2269854098558426 -0.2126501202583313 0
          -0.29320237040519714 -0.2697332501411438 0 -0.36686980724334717 -0.3355056941509247 0
          -0.44298458099365234 -0.40821489691734314 0 -0.5145509243011475 -0.4845961630344391 0
          -0.5729158520698547 -0.5590907335281372 0 -0.6076164245605469 -0.6222558617591858 0
          -0.6053157448768616 -0.657418966293335 0 -0.5467394590377808 -0.6327946782112122 0
          -0.39782780408859253 -0.6405645608901978 0 0.059051673859357834 -1.0503346920013428 0
          0.9498457908630371 -1.1430213451385498 0 1.3451792001724243 -1.0704710483551025 0
          1.5047975778579712 -1.052362084388733 0 1.6094199419021606 -1.0793825387954712 0
          1.655863881111145 -1.1606825590133667 0 1.628069519996643 -1.2993345260620117 0
          1.5360243320465088 -1.4818089008331299 0 1.406161904335022 -1.6833479404449463 0
          1.2575178146362305 -1.9089257717132568 0 1.093991756439209 -2.1925699710845947 0
          0.9376183152198792 -2.557704210281372 0 0.9376148581504822 -2.5575029850006104 0
          1.2015521910768712e-9 1.5406606838736604e-16 0 5.631156097046619e-20 4.07836800745083e-34 0
          4.754745819300537e-41 0 0 0 0 0
          0 0 0 0 0 0
          0 0 0 0 0 0
          0 0 0 0 0 0
          0 0 0 0 0 0
          0 0 0 0 0 0
          0 0 0 0 0 0
          0 0 0 0 0 0
          0 0 0 0 0 0
          0 0 0 0 0 0
          0 0 0 0 0 0
          0 0 0 0 0 0
          0 0 0 0 0 0
          0 0 0 0 0 0
          0 0 0 0 0 0
          0 0 0 0 0 0
          0 0 0 0 0 0
          0.012814080342650414 0.0017588887130841613 0 0.011899959295988083 0.0027911558281630278 0
          0.009970507584512234 0.0022765519097447395 0 0.006897783372551203 -0.0006081995088607073 0
          0.0024043216835707426 -0.006793666630983353 0 -0.003919052891433239 -0.01725076138973236 0
          -0.01269263494759798 -0.03310712054371834 0 -0.024846700951457024 -0.055705465376377106 0
          -0.0416162833571434 -0.08648073673248291 0 -0.06334106624126434 -0.12752947211265564 0
          -0.09067390859127045 -0.18076404929161072 0 -0.12490330636501312 -0.24852071702480316 0
          -0.16670115292072296 -0.33240118622779846 0 -0.21538585424423218 -0.4328368604183197 0
          -0.26808586716651917 -0.5488729476928711 0 -0.3201824426651001 -0.6779341697692871 0
          -0.3661728501319885 -0.8153124451637268 0 -0.4004999101161957 -0.9530051946640015 0
          -0.4182823598384857 -1.0773272514343262 0 -0.41674503684043884 -1.163519024848938 0
          -0.3998514711856842 -1.1645238399505615 0 -0.4017242193222046 -1.3910720348358154 0
          -0.23589640855789185 -1.6542353630065918 0 0.6063109636306763 -1.4743510484695435 0
          1.3408230543136597 -1.3486626148223877 0 1.6318403482437134 -1.3435027599334717 0
          1.721164345741272 -1.4490814208984375 0 1.678378939628601 -1.632298469543457 0
          1.5705523490905762 -1.846318006515503 0 1.437991976737976 -2.062321662902832 0
          1.293015956878662 -2.2878384590148926 0 1.1411067247390747 -2.544945240020752 0
          1.0393202304840088 -2.550720453262329 0 1.1147363185882568 0.0030813273042440414 0
          1.6525620871732372e-9 2.506156171477869e-9 0 1.2297011742820506e-19 1.1098275816275437e-19 0
          4.2730774981581674e-40 1.0231720867114084e-40 0 0 0 0
          0 0 0 0 0 0
          0 0 0 0 0 0
          0 0 0 0 0 0
          0 0 0 0 0 0
          0 0 0 0 0 0
          0 0 0 0 0 0
          0 0 0 0 0 0
          0 0 0 0 0 0
          0 0 0 0 0 0
          0 0 0 0 0 0
          0 0 0 0 0 0
          0 0 0 0 0 0
          0 0 0 0 0 0
          0 0 0 0 0 0
          0 0 0 0 0 0
          0 0 0 0 0 0
          0.0065360344015061855 0.004414713941514492 0 0.006357353646308184 0.008334829472005367 0
          0.005984668154269457 0.011249748058617115 0 0.0053623435087502 0.012520377524197102 0
          0.00442270003259182 0.011434919200837612 0 0.003027109894901514 0.007061377167701721 0
          0.0009526933426968753 -0.001778986188583076 0 -0.0021610045805573463 -0.01665356196463108 0
          -0.0068389177322387695 -0.039613205939531326 0 -0.013369259424507618 -0.0728101134300232 0
          -0.02197723463177681 -0.11880121380090714 0 -0.03288393095135689 -0.18018580973148346 0
          -0.04697265475988388 -0.2599743902683258 0 -0.06454744935035706 -0.3603038191795349 0
          -0.0853288471698761 -0.481778085231781 0 -0.10795284062623978 -0.6228522658348083 0
          -0.13005930185317993 -0.7798535823822021 0 -0.14925162494182587 -0.9469780921936035 0
          -0.16394704580307007 -1.1162018775939941 0 -0.17417849600315094 -1.2776267528533936 0
          -0.18338274955749512 -1.421852469444275 0 -0.19687272608280182 -1.5582317113876343 0
          -0.19492261111736298 -1.589934229850769 0 -0.21075952053070068 -1.7567031383514404 0
          -0.1257638782262802 -1.7752001285552979 0 0.24550236761569977 -1.7013204097747803 0
          0.9757126569747925 -1.723344087600708 0 1.4299534559249878 -1.8697859048843384 0
          1.576377034187317 -2.071092128753662 0 1.4852793216705322 -2.2783501148223877 0
          1.338214635848999 -2.478163957595825 0 1.1910789012908936 -2.674368143081665 0
          1.1909832954406738 -2.6737289428710938 0 1.1974306106567383 0.01033711340278387 0
          1.1698573221252673e-9 6.1783604898835165e-9 0 1.20034388810769e-19 5.614118761367441e-19 0
          7.699854801772005e-40 2.2907488424811012e-39 0 0 0 0
          0.00000450205288871075 0 0 1.666210280859559e-8 0 0
          6.689348733223251e-17 0 0 5.6146215745404775e-34 0 0
          0 0 0 0 0 0
          0 0 0 0 0 0
          0 0 0 0 0 0
          0 0 0 0 0 0
          0 0 0 0 0 0
          0 0 0 0 0 0
          0 0 0 0 0 0
          0 0 0 0 0 0
          0 0 0 0 0 0
          0 0 0 0 0 0
          0 0 0 0 0 0
          0 0 0 0 0 0
          0 0 0 0 0 0
          0 0 0 0 0 0
          0 0.004546992015093565 0 0 0.008993947878479958 0
          0 0.013190195895731449 0 0 0.016982978209853172 0
          0 0.020145654678344727 0 0 0.02237636409699917 0
          0 0.023215968161821365 0 0 0.021968184038996696 0
          0 0.017589306458830833 0 0 0.00885077752172947 0
          0 -0.005635172128677368 0 0 -0.027479225769639015 0
          0 -0.0588904432952404 0 0 -0.10197089612483978 0
          0 -0.15881715714931488 0 0 -0.23059572279453278 0
          0 -0.31702861189842224 0 0 -0.41622549295425415 0
          0 -0.5252139568328857 0 0 -0.6410748958587646 0
          0 -0.7632083296775818 0 0 -0.8946045637130737 0
          0 -1.0250011682510376 0 0 -1.165713906288147 0
          0 -1.252122402191162 0 0 -1.3960750102996826 0
          0 -1.817660927772522 0 0 -2.1814470291137695 0
          0 -2.462924003601074 0 0 -2.5271990299224854 0
          0 -2.5763487815856934 0 0 -2.6392133235931396 0
          0 -2.6387298107147217 0 0 0.018095137551426888 0
          0 8.7419644856368e-9 0 0 1.1203142930901554e-18 0
          0 8.879123129618412e-39 0 0 0.00007180424290709198 0
          0 0.28023841977119446 0 0 3.085793309764995e-7 0
          0 1.3942067020599217e-15 0 0 1.357009339562068e-32 0
          0 0 0 0 0 0
          0 0 0 0 0 0
          0 0 0 0 0 0
          0 0 0 0 0 0
          0 0 0 0 0 0
          0 0 0 0 0 0
          0 0 0 0 0 0
          0 0 0 0 0 0
          0 0 0 0 0 0
          0 0 0 0 0 0
          0 0 0 0 0 0
          0 0 0 0 0 0
          0 0 0 0 0 0
          0 0 0 0 0 0
          <InformationKey name="L2_NORM_RANGE" location="vtkDataArray" length="2">
            <Value index="0">
              0
            </Value>
            <Value index="1">
              3.6403653132
            </Value>
          </InformationKey>
        </DataArray>
        <DataArray type="Float32" Name="Gas_temperature" format="ascii" RangeMin="1069.8212890625" RangeMax="1093.07861328125">
          1073.1500244140625 1073.150634765625 1073.15771484375 1073.226318359375 1082.162109375 1074.304931640625
          1072.2066650390625 1071.3280029296875 1070.2122802734375 1069.8212890625 1072.771484375 1073.1885986328125
          1073.2529296875 1073.249267578125 1073.2322998046875 1073.2149658203125 1073.2005615234375 1073.1898193359375
          1073.181884765625 1073.17578125 1073.1695556640625 1073.1624755859375 1073.1573486328125 1073.15673828125
          1073.162841796875 1073.1768798828125 1073.1983642578125 1073.225341796875 1073.2542724609375 1073.2784423828125
          1073.28564453125 1073.266357421875 1073.2293701171875 1073.2125244140625 1073.203857421875 1073.142822265625
          1073.1424560546875 1073.1424560546875 1073.1424560546875 1073.1424560546875 1073.1424560546875 1073.1424560546875
          1073.1424560546875 1073.1424560546875 1073.1424560546875 1073.1424560546875 1073.1424560546875 1073.1424560546875
          1073.1424560546875 1073.1424560546875 1073.1424560546875 1073.1424560546875 1073.142578125 1073.142578125
          1073.142578125 1073.142578125 1073.142578125 1073.142578125 1073.1427001953125 1073.1427001953125
          1073.1427001953125 1073.1427001953125 1073.1427001953125 1073.1427001953125 1073.1427001953125 1073.1427001953125
          1073.1427001953125 1073.1427001953125 1073.1427001953125 1073.1427001953125 1073.1500244140625 1073.150146484375
          1073.1533203125 1073.1966552734375 1088.255615234375 1074.203369140625 1074.104736328125 1074.3441162109375
          1074.9375 1074.3544921875 1073.9957275390625 1073.667236328125 1073.4503173828125 1073.32861328125
          1073.26416015625 1073.229736328125 1073.2110595703125 1073.2010498046875 1073.1966552734375 1073.19775390625
          1073.2052001953125 1073.214111328125 1073.2174072265625 1073.2196044921875 1073.223876953125 1073.2314453125
          1073.2421875 1073.2547607421875 1073.2657470703125 1073.268798828125 1073.2579345703125 1073.23388671875
          1073.2083740234375 1073.2010498046875 1073.17138671875 1073.140380859375 1073.138427734375 1073.135986328125
          1073.1336669921875 1073.131591796875 1073.1297607421875 1073.1282958984375 1073.1270751953125 1073.126220703125
          1073.12548828125 1073.125 1073.1246337890625 1073.1243896484375 1073.124267578125 1073.1241455078125
          1073.1241455078125 1073.124267578125 1073.124267578125 1073.1243896484375 1073.12451171875 1073.1246337890625
          1073.124755859375 1073.1248779296875 1073.1248779296875 1073.125 1073.1251220703125 1073.1251220703125
          1073.125244140625 1073.125244140625 1073.125244140625 1073.125244140625 1073.125244140625 1073.125244140625
          1073.125244140625 1073.125244140625 1073.1500244140625 1073.150390625 1073.1552734375 1073.1934814453125
          1073.3575439453125 1073.72412109375 1074.083984375 1074.4083251953125 1074.817626953125 1074.3804931640625
          1075.294921875 1073.32666015625 1073.1768798828125 1073.1463623046875 1073.1412353515625 1073.1429443359375
          1073.14599609375 1073.1485595703125 1073.1500244140625 1073.1513671875 1073.156005859375 1073.1683349609375
          1073.1846923828125 1073.199951171875 1073.2138671875 1073.22705078125 1073.2396240234375 1073.250244140625
          1073.2557373046875 1073.251708984375 1073.234130859375 1073.2100830078125 1073.1953125 1073.1810302734375
          1073.1502685546875 1073.1395263671875 1073.1368408203125 1073.13330078125 1073.1297607421875 1073.1260986328125
          1073.1224365234375 1073.1190185546875 1073.1158447265625 1073.1131591796875 1073.111328125 1073.109619140625
          1073.1083984375 1073.107421875 1073.10693359375 1073.106689453125 1073.1060791015625 1073.10546875
          1073.1048583984375 1073.104248046875 1073.1036376953125 1073.10302734375 1073.1024169921875 1073.1019287109375
          1073.1014404296875 1073.1009521484375 1073.1005859375 1073.1002197265625 1073.0999755859375 1073.099609375
          1073.0994873046875 1073.099365234375 1073.0992431640625 1073.0992431640625 1073.09912109375 1073.09912109375
          1073.1500244140625 1073.1513671875 1073.16552734375 1073.244384765625 1073.476318359375 1073.84716796875
          1074.2095947265625 1074.51123046875 1074.64697265625 1076.3424072265625 1082.3431396484375 1073.342529296875
          1073.1307373046875 1073.1318359375 1073.1405029296875 1073.147705078125 1073.1527099609375 1073.155517578125
          1073.1566162109375 1073.1566162109375 1073.1583251953125 1073.167724609375 1073.18212890625 1073.1986083984375
          1073.2142333984375 1073.2281494140625 1073.2398681640625 1073.247314453125 1073.2457275390625 1073.231201171875
          1073.2144775390625 1073.196533203125 1073.1839599609375 1073.1439208984375 1073.1383056640625 1073.1380615234375
          1073.1365966796875 1073.1337890625 1073.1304931640625 1073.126953125 1073.123291015625 1073.1197509765625
          1073.1168212890625 1073.115234375 1073.115234375 1073.1163330078125 1073.1175537109375 1073.11865234375
          1073.1197509765625 1073.120361328125 1073.1204833984375 1073.1204833984375 1073.120361328125 1073.1201171875
          1073.119873046875 1073.1195068359375 1073.118896484375 1073.1181640625 1073.1173095703125 1073.1158447265625
          1073.1141357421875 1073.1116943359375 1073.1087646484375 1073.1053466796875 1073.1014404296875 1073.09716796875
          1073.0927734375 1073.0885009765625 1073.0845947265625 1073.08154296875 1073.1502685546875 1073.154541015625
          1073.1890869140625 1073.3275146484375 1073.6251220703125 1073.9991455078125 1074.3404541015625 1074.590576171875
          1076.833740234375 1093.07861328125 1074.1563720703125 1073.136474609375 1073.1298828125 1073.14111328125
          1073.150634765625 1073.1572265625 1073.16162109375 1073.1644287109375 1073.166259765625 1073.16796875
          1073.1685791015625 1073.185791015625 1073.1937255859375 1073.2071533203125 1073.2216796875 1073.2333984375
          1073.2392578125 1073.23779296875 1073.229248046875 1073.21533203125 1073.201171875 1073.18505859375
          1073.164794921875 1073.120361328125 1073.1285400390625 1073.1336669921875 1073.1346435546875 1073.1337890625
          1073.1319580078125 1073.1297607421875 1073.1273193359375 1073.125 1073.123046875 1073.121826171875
          1073.12109375 1073.120849609375 1073.12109375 1073.12158203125 1073.122314453125 1073.123046875
          1073.123779296875 1073.12451171875 1073.125 1073.1253662109375 1073.125732421875 1073.1259765625
          1073.1263427734375 1073.1265869140625 1073.1268310546875 1073.1270751953125 1073.1270751953125 1073.126953125
          1073.1265869140625 1073.1260986328125 1073.1253662109375 1073.1243896484375 1073.1231689453125 1073.12158203125
          1073.11962890625 1073.1173095703125 1073.150634765625 1073.1597900390625 1073.21484375 1073.3887939453125
          1073.703369140625 1074.068603515625 1074.395751953125 1075.238037109375 1077.5263671875 1090.465087890625
          1073.4375 1073.1314697265625 1073.13720703125 1073.148681640625 1073.1575927734375 1073.1636962890625
          1073.1683349609375 1073.1728515625 1073.1783447265625 1073.1854248046875 1073.193603515625 1073.2015380859375
          1073.20849609375 1073.2188720703125 1073.2279052734375 1073.232177734375 1073.2305908203125 1073.22412109375
          1073.2142333984375 1073.2020263671875 1073.189208984375 1073.1719970703125 1073.142578125 1073.1129150390625
          1073.1192626953125 1073.1260986328125 1073.1292724609375 1073.1304931640625 1073.130615234375 1073.130126953125
          1073.1292724609375 1073.12841796875 1073.1275634765625 1073.126953125 1073.1265869140625 1073.126220703125
          1073.1260986328125 1073.126220703125 1073.1263427734375 1073.1265869140625 1073.1268310546875 1073.1273193359375
          1073.127685546875 1073.128173828125 1073.128662109375 1073.1290283203125 1073.12939453125 1073.129638671875
          1073.1298828125 1073.1300048828125 1073.1300048828125 1073.130126953125 1073.1300048828125 1073.1300048828125
          1073.1297607421875 1073.129638671875 1073.12939453125 1073.129150390625 1073.12890625 1073.128662109375
          1073.1507568359375 1073.16015625 1073.2147216796875 1073.3814697265625 1073.6842041015625 1074.0506591796875
          1074.394775390625 1075.62744140625 1080.9937744140625 1084.6689453125 1073.3377685546875 1073.1363525390625
          1073.1405029296875 1073.1522216796875 1073.1612548828125 1073.1680908203125 1073.1744384765625 1073.181640625
          1073.18994140625 1073.1986083984375 1073.206787109375 1073.21337890625 1073.2200927734375 1073.2236328125
          1073.2252197265625 1073.223388671875 1073.2181396484375 1073.21044921875 1073.200927734375 1073.1898193359375
          1073.17724609375 1073.1593017578125 1073.1375732421875 1073.1192626953125 1073.114013671875 1073.1181640625
          1073.1212158203125 1073.122314453125 1073.12353515625 1073.12451171875 1073.125244140625 1073.1256103515625
          1073.1260986328125 1073.1263427734375 1073.126708984375 1073.126953125 1073.127197265625 1073.12744140625
          1073.127685546875 1073.1279296875 1073.1280517578125 1073.1282958984375 1073.12841796875 1073.1285400390625
          1073.1285400390625 1073.128662109375 1073.1287841796875 1073.12890625 1073.1290283203125 1073.129150390625
          1073.1292724609375 1073.1295166015625 1073.1298828125 1073.130126953125 1073.13037109375 1073.1307373046875
          1073.130859375 1073.1309814453125 1073.130859375 1073.1307373046875 1073.1502685546875 1073.1551513671875
          1073.1866455078125 1073.3016357421875 1073.55322265625 1073.9140625 1074.29833984375 1074.6131591796875
          1083.451416015625 1083.929931640625 1073.4361572265625 1073.1470947265625 1073.1383056640625 1073.1507568359375
          1073.161376953125 1073.169677734375 1073.177490234375 1073.185546875 1073.1934814453125 1073.20068359375
          1073.20654296875 1073.2109375 1073.21533203125 1073.2181396484375 1073.2161865234375 1073.2120361328125
          1073.2059326171875 1073.1983642578125 1073.189453125 1073.179443359375 1073.16796875 1073.1552734375
          1073.1434326171875 1073.1328125 1073.1229248046875 1073.117919921875 1073.11572265625 1073.11474609375
          1073.114501953125 1073.1146240234375 1073.1148681640625 1073.1151123046875 1073.1153564453125 1073.11572265625
          1073.115966796875 1073.1162109375 1073.116455078125 1073.1173095703125 1073.1177978515625 1073.11767578125
          1073.1175537109375 1073.1177978515625 1073.1180419921875 1073.117919921875 1073.11767578125 1073.11767578125
          1073.117431640625 1073.1168212890625 1073.115966796875 1073.1156005859375 1073.115234375 1073.1148681640625
          1073.11376953125 1073.1126708984375 1073.111572265625 1073.1104736328125 1073.109375 1073.1082763671875
          1073.1070556640625 1073.10595703125 1073.1500244140625 1073.1510009765625 1073.15869140625 1073.1973876953125
          1073.3232421875 1073.5943603515625 1073.9918212890625 1074.411865234375 1075.8883056640625 1080.3721923828125
          1087.5550537109375 1073.431884765625 1073.1324462890625 1073.14013671875 1073.1546630859375 1073.1654052734375
          1073.1739501953125 1073.181396484375 1073.188232421875 1073.19384765625 1073.19775390625 1073.2000732421875
          1073.201171875 1073.20166015625 1073.2012939453125 1073.199462890625 1073.1951904296875 1073.1888427734375
          1073.18115234375 1073.1727294921875 1073.1646728515625 1073.1575927734375 1073.151611328125 1073.1458740234375
          1073.1402587890625 1073.1346435546875 1073.129638671875 1073.1253662109375 1073.1219482421875 1073.119140625
          1073.116943359375 1073.1151123046875 1073.113525390625 1073.1123046875 1073.1112060546875 1073.1102294921875
          1073.109375 1073.108642578125 1073.10791015625 1073.107177734375 1073.1065673828125 1073.1058349609375
          1073.1051025390625 1073.104248046875 1073.1033935546875 1073.1025390625 1073.1016845703125 1073.1007080078125
          1073.099609375 1073.0986328125 1073.0975341796875 1073.0965576171875 1073.095458984375 1073.0943603515625
          1073.0931396484375 1073.0919189453125 1073.0908203125 1073.0894775390625 1073.0882568359375 1073.0869140625
          1073.1500244140625 1073.1500244140625 1073.150390625 1073.1522216796875 1073.1610107421875 1073.2030029296875
          1073.3751220703125 1073.879638671875 1074.86572265625 1084.4541015625 1074.9449462890625 1076.649169921875
          1078.650146484375 1073.18310546875 1073.1258544921875 1073.1461181640625 1073.15869140625 1073.1658935546875
          1073.171630859375 1073.177001953125 1073.1817626953125 1073.185302734375 1073.1873779296875 1073.18798828125
          1073.1873779296875 1073.186279296875 1073.1845703125 1073.1806640625 1073.1739501953125 1073.166259765625
          1073.1605224609375 1073.156494140625 1073.1533203125 1073.150390625 1073.147705078125 1073.14501953125
          1073.1424560546875 1073.139892578125 1073.1375732421875 1073.13525390625 1073.1331787109375 1073.1312255859375
          1073.1295166015625 1073.1278076171875 1073.1263427734375 1073.1248779296875 1073.12353515625 1073.1221923828125
          1073.1209716796875 1073.119873046875 1073.1187744140625 1073.11767578125 1073.11669921875 1073.11572265625
          1073.11474609375 1073.11376953125 1073.1129150390625 1073.1119384765625 1073.111083984375 1073.1102294921875
          1073.109375 1073.1085205078125 1073.107666015625 1073.1068115234375 1073.1060791015625 1073.1053466796875
          1073.1044921875 1073.103759765625 1073.1031494140625 1073.1024169921875
        </DataArray>
        <DataArray type="Float32" Name="Solids_temperature_1" format="ascii" RangeMin="929.26025390625" RangeMax="1074.9476318359375">
          1073.1500244140625 1073.1500244140625 1073.1500244140625 1073.23193359375 1073.802734375 933.5299682617188
          929.26025390625 947.23828125 941.0186157226562 931.9740600585938 1043.94677734375 1066.969970703125
          1071.866455078125 1072.9320068359375 1073.15869140625 1073.1978759765625 1073.1966552734375 1073.1888427734375
          1073.1815185546875 1073.1754150390625 1073.169189453125 1073.1622314453125 1073.1572265625 1073.1566162109375
          1073.1624755859375 1073.176025390625 1073.19677734375 1073.22314453125 1073.251708984375 1073.276123046875
          1073.284912109375 1073.26708984375 1073.229736328125 1073.21240234375 1073.2001953125 1073.196533203125
          1073.1424560546875 1073.14208984375 1073.142333984375 1073.1419677734375 1073.1427001953125 1073.1424560546875
          1073.098876953125 1073.1182861328125 1073.12890625 1073.144287109375 1073.1500244140625 1073.1500244140625
          1073.1500244140625 1073.1500244140625 1073.1500244140625 1073.1500244140625 1073.1500244140625 1073.1500244140625
          1073.1500244140625 1073.1500244140625 1073.1500244140625 1073.1500244140625 1073.1500244140625 1073.1500244140625
          1073.1500244140625 1073.1500244140625 1073.1500244140625 1073.1500244140625 1073.1500244140625 1073.1500244140625
          1073.1500244140625 1073.1500244140625 1073.1500244140625 1073.1500244140625 1073.1500244140625 1073.1500244140625
          1073.1500244140625 1073.1500244140625 1073.254150390625 1074.14013671875 929.8348388671875 950.5042114257812
          980.5592041015625 1032.1904296875 1073.631591796875 1073.6519775390625 1073.44580078125 1073.3267822265625
          1073.263427734375 1073.2294921875 1073.2110595703125 1073.2010498046875 1073.1966552734375 1073.1976318359375
          1073.2049560546875 1073.2138671875 1073.216552734375 1073.2181396484375 1073.2220458984375 1073.2293701171875
          1073.2403564453125 1073.25341796875 1073.2650146484375 1073.2689208984375 1073.258544921875 1073.2342529296875
          1073.208251953125 1073.2003173828125 1073.189453125 1073.18798828125 1073.138427734375 1073.1380615234375
          1073.138671875 1073.1395263671875 1073.1392822265625 1072.9537353515625 1073.0361328125 1073.046630859375
          1073.0594482421875 1073.1494140625 1073.1500244140625 1073.1500244140625 1073.1500244140625 1073.1500244140625
          1073.1500244140625 1073.1500244140625 1073.1500244140625 1073.1500244140625 1073.1500244140625 1073.1500244140625
          1073.1500244140625 1073.1500244140625 1073.1500244140625 1073.1500244140625 1073.1500244140625 1073.1500244140625
          1073.1500244140625 1073.1500244140625 1073.1500244140625 1073.1500244140625 1073.1500244140625 1073.1500244140625
          1073.1500244140625 1073.1500244140625 1073.1500244140625 1073.1500244140625 1073.1500244140625 1073.1500244140625
          1073.17333984375 1073.721923828125 1074.0810546875 1074.4046630859375 1074.3082275390625 1074.287841796875
          1073.7294921875 1073.2900390625 1073.1766357421875 1073.146484375 1073.141357421875 1073.14306640625
          1073.1461181640625 1073.1485595703125 1073.150146484375 1073.1514892578125 1073.1561279296875 1073.168212890625
          1073.1844482421875 1073.19970703125 1073.2135009765625 1073.226806640625 1073.239501953125 1073.250244140625
          1073.255859375 1073.2520751953125 1073.2344970703125 1073.2099609375 1073.1944580078125 1073.1800537109375
          1073.1824951171875 1073.13720703125 1073.137451171875 1073.1368408203125 1073.1373291015625 1073.13818359375
          1073.139404296875 1072.9111328125 1072.997802734375 1073.009521484375 1073.146728515625 1073.1500244140625
          1073.1500244140625 1073.1500244140625 1073.1500244140625 1073.1500244140625 1073.1500244140625 1073.1500244140625
          1073.1500244140625 1073.1500244140625 1073.1500244140625 1073.1500244140625 1073.1500244140625 1073.1500244140625
          1073.1500244140625 1073.1500244140625 1073.1500244140625 1073.1500244140625 1073.1500244140625 1073.1500244140625
          1073.1500244140625 1073.1500244140625 1073.1500244140625 1073.1500244140625 1073.1500244140625 1073.1500244140625
          1073.1500244140625 1073.1500244140625 1073.1500244140625 1073.1500244140625 1073.258056640625 1073.846435546875
          1074.2080078125 1074.5089111328125 1074.3760986328125 1074.3724365234375 1073.9024658203125 1073.1776123046875
          1073.1279296875 1073.1319580078125 1073.1405029296875 1073.147705078125 1073.1527099609375 1073.1556396484375
          1073.15673828125 1073.15673828125 1073.158447265625 1073.1676025390625 1073.181884765625 1073.1982421875
          1073.2138671875 1073.2279052734375 1073.2396240234375 1073.2471923828125 1073.2459716796875 1073.2315673828125
          1073.214111328125 1073.19580078125 1073.1826171875 1073.1708984375 1073.1358642578125 1073.133056640625
          1073.1370849609375 1073.1365966796875 1073.135498046875 1073.136962890625 1073.138427734375 1073.13671875
          1073.0118408203125 1073.045654296875 1073.1475830078125 1073.1500244140625 1073.1500244140625 1073.1500244140625
          1073.1500244140625 1073.1500244140625 1073.1500244140625 1073.1500244140625 1073.1500244140625 1073.1500244140625
          1073.1500244140625 1073.1500244140625 1073.1500244140625 1073.1500244140625 1073.1500244140625 1073.1500244140625
          1073.1500244140625 1073.1500244140625 1073.1500244140625 1073.1500244140625 1073.1500244140625 1073.1500244140625
          1073.1500244140625 1073.1500244140625 1073.1500244140625 1073.1500244140625 1073.1500244140625 1073.1500244140625
          1073.1500244140625 1073.1607666015625 1073.625 1073.9989013671875 1074.3399658203125 1074.5897216796875
          1074.7613525390625 1074.9476318359375 1073.208251953125 1073.121826171875 1073.129638671875 1073.1412353515625
          1073.150634765625 1073.1573486328125 1073.1617431640625 1073.16455078125 1073.1663818359375 1073.1680908203125
          1073.168701171875 1073.185546875 1073.193603515625 1073.2069091796875 1073.2215576171875 1073.2332763671875
          1073.2393798828125 1073.238037109375 1073.229248046875 1073.2149658203125 1073.2003173828125 1073.183837890625
          1073.16455078125 1073.15380859375 1073.119873046875 1073.1278076171875 1073.135498046875 1073.135498046875
          1073.131591796875 1073.134521484375 1073.1365966796875 1073.1343994140625 1073.01953125 1073.1317138671875
          1073.1500244140625 1073.1500244140625 1073.1500244140625 1073.1500244140625 1073.1500244140625 1073.1500244140625
          1073.1500244140625 1073.1500244140625 1073.1500244140625 1073.1500244140625 1073.1500244140625 1073.14990234375
          1073.1497802734375 1073.14990234375 1073.1500244140625 1073.1500244140625 1073.1500244140625 1073.1500244140625
          1073.1500244140625 1073.1500244140625 1073.1500244140625 1073.1500244140625 1073.1500244140625 1073.1500244140625
          1073.1500244140625 1073.1500244140625 1073.1500244140625 1073.1500244140625 1073.1500244140625 1073.2047119140625
          1073.7032470703125 1074.0684814453125 1074.3956298828125 1074.596435546875 1074.5780029296875 1074.455322265625
          1073.1688232421875 1073.128173828125 1073.13720703125 1073.1488037109375 1073.1575927734375 1073.163818359375
          1073.1683349609375 1073.1729736328125 1073.1783447265625 1073.1854248046875 1073.193603515625 1073.20166015625
          1073.2081298828125 1073.2186279296875 1073.2279052734375 1073.2322998046875 1073.23095703125 1073.224365234375
          1073.2139892578125 1073.2012939453125 1073.1878662109375 1073.1705322265625 1073.1444091796875 1073.1392822265625
          1073.1134033203125 1073.12060546875 1073.1312255859375 1073.1329345703125 1073.132568359375 1073.1351318359375
          1073.1346435546875 1073.1339111328125 1073.133056640625 1073.130615234375 1073.1273193359375 1073.1263427734375
          1073.1260986328125 1073.126220703125 1073.14892578125 1073.1500244140625 1073.1500244140625 1073.1500244140625
          1073.1500244140625 1073.1497802734375 1073.14697265625 1073.129150390625 1073.12939453125 1073.129638671875
          1073.1298828125 1073.1300048828125 1073.1300048828125 1073.135498046875 1073.14990234375 1073.1500244140625
          1073.1500244140625 1073.1500244140625 1073.1500244140625 1073.1500244140625 1073.1500244140625 1073.1500244140625
          1073.1500244140625 1073.1500244140625 1073.1500244140625 1073.2041015625 1073.68408203125 1074.0506591796875
          1074.3946533203125 1074.765625 1074.787353515625 1074.0665283203125 1073.1881103515625 1073.1343994140625
          1073.1405029296875 1073.15234375 1073.161376953125 1073.1680908203125 1073.1744384765625 1073.181640625
          1073.18994140625 1073.19873046875 1073.2069091796875 1073.21337890625 1073.219970703125 1073.2236328125
          1073.2255859375 1073.223876953125 1073.218505859375 1073.21044921875 1073.200439453125 1073.18896484375
          1073.1759033203125 1073.1588134765625 1073.1474609375 1073.119384765625 1073.113037109375 1073.1141357421875
          1073.116943359375 1073.1217041015625 1073.123046875 1073.118408203125 1073.1339111328125 1073.1334228515625
          1073.1326904296875 1073.131591796875 1073.1298828125 1073.12841796875 1073.1279296875 1073.1280517578125
          1073.128173828125 1073.1282958984375 1073.12841796875 1073.1285400390625 1073.128662109375 1073.128662109375
          1073.1287841796875 1073.1287841796875 1073.12890625 1073.12890625 1073.1290283203125 1073.129150390625
          1073.1292724609375 1073.1295166015625 1073.1298828125 1073.128173828125 1073.0264892578125 1073.046875
          1072.9989013671875 1073.013671875 1073.0328369140625 1072.9971923828125 1073.1500244140625 1073.1500244140625
          1073.1500244140625 1073.1622314453125 1073.5531005859375 1073.9140625 1074.29833984375 1074.6131591796875
          1074.5399169921875 1074.2362060546875 1073.285888671875 1073.145263671875 1073.1383056640625 1073.1507568359375
          1073.161376953125 1073.169677734375 1073.177490234375 1073.185546875 1073.1934814453125 1073.2008056640625
          1073.2066650390625 1073.2110595703125 1073.2152099609375 1073.2183837890625 1073.2166748046875 1073.212646484375
          1073.2061767578125 1073.1982421875 1073.1890869140625 1073.1788330078125 1073.167236328125 1073.154296875
          1073.1470947265625 1073.14208984375 1073.1231689453125 1073.117919921875 1073.1156005859375 1073.1143798828125
          1073.1141357421875 1073.1143798828125 1073.1148681640625 1073.1153564453125 1073.1158447265625 1073.1163330078125
          1073.1165771484375 1073.1168212890625 1073.1170654296875 1073.11767578125 1073.1181640625 1073.1180419921875
          1073.1177978515625 1073.117919921875 1073.1180419921875 1073.1180419921875 1073.1177978515625 1073.11767578125
          1073.117431640625 1073.1168212890625 1073.115966796875 1073.1156005859375 1073.115234375 1073.1148681640625
          1073.11376953125 1073.1126708984375 1073.111572265625 1073.1104736328125 1073.109375 1073.1082763671875
          1073.107177734375 1073.1060791015625 1073.1500244140625 1073.1500244140625 1073.1500244140625 1073.1500244140625
          1073.173828125 1073.5943603515625 1073.9918212890625 1074.411865234375 1074.874755859375 1074.90234375
          1074.3692626953125 1073.2177734375 1073.1300048828125 1073.14013671875 1073.1546630859375 1073.1654052734375
          1073.1739501953125 1073.181396484375 1073.188232421875 1073.19384765625 1073.19775390625 1073.2001953125
          1073.2012939453125 1073.20166015625 1073.201171875 1073.1995849609375 1073.1953125 1073.1888427734375
          1073.1810302734375 1073.1724853515625 1073.1639404296875 1073.15771484375 1073.1527099609375 1073.14990234375
          1073.14599609375 1073.1348876953125 1073.1298828125 1073.1256103515625 1073.1220703125 1073.1192626953125
          1073.1170654296875 1073.115234375 1073.1136474609375 1073.1124267578125 1073.111328125 1073.1103515625
          1073.1094970703125 1073.1087646484375 1073.1080322265625 1073.1072998046875 1073.106689453125 1073.10595703125
          1073.105224609375 1073.1043701171875 1073.103515625 1073.1026611328125 1073.101806640625 1073.100830078125
          1073.0997314453125 1073.0987548828125 1073.09765625 1073.0966796875 1073.0955810546875 1073.0943603515625
          1073.09326171875 1073.092041015625 1073.0909423828125 1073.089599609375 1073.08837890625 1073.0870361328125
          1073.1500244140625 1073.1500244140625 1073.1500244140625 1073.1500244140625 1073.1500244140625 1073.1502685546875
          1073.152099609375 1073.158447265625 1073.2237548828125 1074.90234375 1074.2626953125 1074.1590576171875
          1073.3890380859375 1073.100830078125 1073.1246337890625 1073.1461181640625 1073.15869140625 1073.166015625
          1073.1717529296875 1073.1771240234375 1073.181884765625 1073.1854248046875 1073.1875 1073.1881103515625
          1073.1875 1073.186279296875 1073.1845703125 1073.1806640625 1073.174072265625 1073.1666259765625
          1073.160400390625 1073.1572265625 1073.1544189453125 1073.152099609375 1073.149658203125 1073.1474609375
          1073.142578125 1073.1400146484375 1073.1376953125 1073.135498046875 1073.13330078125 1073.1314697265625
          1073.129638671875 1073.1279296875 1073.12646484375 1073.125 1073.1236572265625 1073.122314453125
          1073.1212158203125 1073.1199951171875 1073.118896484375 1073.1177978515625 1073.1168212890625 1073.1158447265625
          1073.1148681640625 1073.1138916015625 1073.113037109375 1073.112060546875 1073.1112060546875 1073.1103515625
          1073.1094970703125 1073.108642578125 1073.1077880859375 1073.1070556640625 1073.106201171875 1073.10546875
          1073.104736328125 1073.10400390625 1073.103271484375 1073.1025390625
        </DataArray>
        <DataArray type="Float32" Name="Solids_temperature_2" format="ascii" RangeMin="1072.7144775390625" RangeMax="1076.4608154296875">
          1073.1500244140625 1073.150634765625 1073.15771484375 1073.226318359375 1074.51171875 1074.2864990234375
          1073.5498046875 1073.2159423828125 1072.969970703125 1072.952392578125 1073.183349609375 1073.2607421875
          1073.2669677734375 1073.251953125 1073.2325439453125 1073.2147216796875 1073.2003173828125 1073.1895751953125
          1073.1817626953125 1073.1756591796875 1073.16943359375 1073.162353515625 1073.1572265625 1073.15673828125
          1073.162841796875 1073.1768798828125 1073.198486328125 1073.2255859375 1073.254638671875 1073.2786865234375
          1073.28564453125 1073.2662353515625 1073.2293701171875 1073.212646484375 1073.207275390625 1073.1773681640625
          1073.1422119140625 1073.14208984375 1073.1427001953125 1073.1407470703125 1073.1290283203125 1073.1429443359375
          1073.1204833984375 1072.8233642578125 1072.7523193359375 1073.1500244140625 1073.1500244140625 1073.1500244140625
          1073.1500244140625 1073.1500244140625 1073.1500244140625 1073.1500244140625 1073.1500244140625 1073.1500244140625
          1073.1500244140625 1073.1500244140625 1073.1500244140625 1073.1500244140625 1073.1500244140625 1073.1500244140625
          1073.1500244140625 1073.1500244140625 1073.1500244140625 1073.1500244140625 1073.1500244140625 1073.1500244140625
          1073.1500244140625 1073.1500244140625 1073.1500244140625 1073.1500244140625 1073.1500244140625 1073.150146484375
          1073.1533203125 1073.196533203125 1074.6826171875 1073.979736328125 1074.087158203125 1074.301513671875
          1074.605224609375 1074.3468017578125 1073.9927978515625 1073.666259765625 1073.4498291015625 1073.3284912109375
          1073.26416015625 1073.229736328125 1073.211181640625 1073.201171875 1073.19677734375 1073.1978759765625
          1073.205322265625 1073.2142333984375 1073.217529296875 1073.2198486328125 1073.22412109375 1073.2315673828125
          1073.242431640625 1073.2550048828125 1073.2657470703125 1073.268798828125 1073.2579345703125 1073.23388671875
          1073.20849609375 1073.20166015625 1073.203125 1073.1982421875 1073.1390380859375 1073.138427734375
          1073.1387939453125 1073.139892578125 1073.1295166015625 1072.953125 1073.0430908203125 1072.83740234375
          1072.7396240234375 1073.1500244140625 1073.1500244140625 1073.1500244140625 1073.1500244140625 1073.1500244140625
          1073.1500244140625 1073.1500244140625 1073.1500244140625 1073.1500244140625 1073.1500244140625 1073.1500244140625
          1073.1500244140625 1073.1500244140625 1073.1500244140625 1073.1500244140625 1073.1500244140625 1073.1500244140625
          1073.1500244140625 1073.1500244140625 1073.1500244140625 1073.1500244140625 1073.1500244140625 1073.1500244140625
          1073.1500244140625 1073.1500244140625 1073.1500244140625 1073.150390625 1073.1552734375 1073.1934814453125
          1073.35693359375 1073.7220458984375 1074.0811767578125 1074.4049072265625 1074.80419921875 1074.31005859375
          1073.648193359375 1073.2869873046875 1073.1761474609375 1073.1463623046875 1073.1412353515625 1073.14306640625
          1073.1461181640625 1073.148681640625 1073.1502685546875 1073.1514892578125 1073.15625 1073.1685791015625
          1073.184814453125 1073.2000732421875 1073.2139892578125 1073.2271728515625 1073.23974609375 1073.2503662109375
          1073.255859375 1073.251708984375 1073.2342529296875 1073.2100830078125 1073.195556640625 1073.1905517578125
          1073.1876220703125 1073.1873779296875 1073.13818359375 1073.1375732421875 1073.137451171875 1073.138916015625
          1073.1312255859375 1072.9202880859375 1072.9990234375 1072.83837890625 1073.1500244140625 1073.1500244140625
          1073.1500244140625 1073.1500244140625 1073.1500244140625 1073.1500244140625 1073.1500244140625 1073.1500244140625
          1073.1500244140625 1073.1500244140625 1073.1500244140625 1073.1500244140625 1073.1500244140625 1073.1500244140625
          1073.1500244140625 1073.1500244140625 1073.1500244140625 1073.1500244140625 1073.1500244140625 1073.1500244140625
          1073.1500244140625 1073.1500244140625 1073.1500244140625 1073.1500244140625 1073.1500244140625 1073.1500244140625
          1073.1500244140625 1073.1513671875 1073.16552734375 1073.244384765625 1073.476318359375 1073.8465576171875
          1074.208251953125 1074.5089111328125 1074.6201171875 1074.2662353515625 1073.5201416015625 1073.1644287109375
          1073.1273193359375 1073.1319580078125 1073.140625 1073.1478271484375 1073.15283203125 1073.1556396484375
          1073.15673828125 1073.15673828125 1073.158447265625 1073.1678466796875 1073.1822509765625 1073.19873046875
          1073.21435546875 1073.228271484375 1073.239990234375 1073.247314453125 1073.2457275390625 1073.231201171875
          1073.214599609375 1073.1966552734375 1073.18505859375 1073.175048828125 1073.1795654296875 1073.1361083984375
          1073.137939453125 1073.13720703125 1073.1351318359375 1073.13720703125 1072.92529296875 1072.9205322265625
          1072.991943359375 1072.888427734375 1073.1500244140625 1073.1500244140625 1073.1500244140625 1073.1500244140625
          1073.1500244140625 1073.1500244140625 1073.1500244140625 1073.1500244140625 1073.1500244140625 1073.1500244140625
          1073.1500244140625 1073.1500244140625 1073.1500244140625 1073.1500244140625 1073.1500244140625 1073.1500244140625
          1073.1500244140625 1073.1500244140625 1073.1500244140625 1073.1500244140625 1073.1500244140625 1073.1500244140625
          1073.1500244140625 1073.1500244140625 1073.1500244140625 1073.1500244140625 1073.1502685546875 1073.154541015625
          1073.189208984375 1073.32763671875 1073.625244140625 1073.9991455078125 1074.340087890625 1074.58984375
          1074.594482421875 1074.1240234375 1073.1627197265625 1073.12060546875 1073.129638671875 1073.141357421875
          1073.1507568359375 1073.157470703125 1073.1617431640625 1073.16455078125 1073.16650390625 1073.1680908203125
          1073.168701171875 1073.1859130859375 1073.19384765625 1073.207275390625 1073.221923828125 1073.2335205078125
          1073.2393798828125 1073.2379150390625 1073.229248046875 1073.21533203125 1073.2012939453125 1073.185791015625
          1073.1734619140625 1073.1590576171875 1073.158935546875 1073.13330078125 1073.136474609375 1073.135498046875
          1073.12890625 1073.133544921875 1072.885009765625 1072.9061279296875 1072.9444580078125 1072.935546875
          1073.1500244140625 1073.1500244140625 1073.1500244140625 1073.1500244140625 1073.1500244140625 1073.1500244140625
          1073.1500244140625 1073.1500244140625 1073.1500244140625 1073.1500244140625 1073.1500244140625 1073.1500244140625
          1073.1500244140625 1073.1500244140625 1073.1500244140625 1073.1500244140625 1073.1500244140625 1073.1500244140625
          1073.1500244140625 1073.1500244140625 1073.1500244140625 1073.1500244140625 1073.1500244140625 1073.1500244140625
          1073.1500244140625 1073.1500244140625 1073.150634765625 1073.1597900390625 1073.21484375 1073.3887939453125
          1073.7034912109375 1074.0687255859375 1074.395751953125 1074.6063232421875 1074.4361572265625 1073.73486328125
          1073.1556396484375 1073.1280517578125 1073.1373291015625 1073.14892578125 1073.15771484375 1073.163818359375
          1073.16845703125 1073.173095703125 1073.1785888671875 1073.185546875 1073.1937255859375 1073.20166015625
          1073.208740234375 1073.2191162109375 1073.2281494140625 1073.2322998046875 1073.230712890625 1073.2242431640625
          1073.21435546875 1073.2021484375 1073.189697265625 1073.1749267578125 1073.16015625 1073.1558837890625
          1073.112548828125 1073.1295166015625 1073.133056640625 1073.1319580078125 1073.1280517578125 1073.131591796875
          1072.882568359375 1072.8155517578125 1072.817626953125 1073.1322021484375 1073.1500244140625 1073.1500244140625
          1073.1500244140625 1073.1500244140625 1073.1500244140625 1073.1500244140625 1073.1500244140625 1073.1500244140625
          1073.1500244140625 1073.1500244140625 1073.1500244140625 1073.1500244140625 1073.1500244140625 1073.1500244140625
          1073.1500244140625 1073.1500244140625 1073.1500244140625 1073.1500244140625 1073.1500244140625 1073.1500244140625
          1073.1500244140625 1073.1500244140625 1073.1500244140625 1073.1500244140625 1073.1500244140625 1073.1500244140625
          1073.1507568359375 1073.16015625 1073.2147216796875 1073.381591796875 1073.684326171875 1074.05078125
          1074.3948974609375 1074.6361083984375 1074.5177001953125 1073.60107421875 1073.1807861328125 1073.1343994140625
          1073.1407470703125 1073.1524658203125 1073.161376953125 1073.168212890625 1073.174560546875 1073.1817626953125
          1073.1900634765625 1073.19873046875 1073.2069091796875 1073.2135009765625 1073.220458984375 1073.223876953125
          1073.2254638671875 1073.2235107421875 1073.21826171875 1073.21044921875 1073.2010498046875 1073.190185546875
          1073.1783447265625 1073.1639404296875 1073.147705078125 1073.1466064453125 1073.1146240234375 1073.124755859375
          1073.12890625 1073.130126953125 1073.13134765625 1073.1298828125 1072.760498046875 1072.7412109375
          1072.735107421875 1073.142822265625 1073.1500244140625 1073.1500244140625 1073.1500244140625 1073.1500244140625
          1073.1500244140625 1073.1500244140625 1073.1500244140625 1073.1500244140625 1073.1500244140625 1073.1500244140625
          1073.1500244140625 1073.1500244140625 1073.1500244140625 1073.1500244140625 1073.1500244140625 1073.1500244140625
          1073.1500244140625 1073.1500244140625 1073.1500244140625 1073.1500244140625 1073.1500244140625 1073.1500244140625
          1073.1500244140625 1073.1500244140625 1073.1500244140625 1073.1500244140625 1073.1502685546875 1073.1551513671875
          1073.1866455078125 1073.3016357421875 1073.5533447265625 1073.914306640625 1074.298583984375 1074.61328125
          1074.7998046875 1073.8253173828125 1073.2769775390625 1073.14501953125 1073.138427734375 1073.1510009765625
          1073.1614990234375 1073.169921875 1073.1776123046875 1073.1856689453125 1073.1937255859375 1073.200927734375
          1073.2066650390625 1073.211181640625 1073.215576171875 1073.21826171875 1073.21630859375 1073.212158203125
          1073.2060546875 1073.1983642578125 1073.189453125 1073.179443359375 1073.1680908203125 1073.155029296875
          1073.1494140625 1073.132568359375 1073.115478515625 1073.123779296875 1073.1290283203125 1073.1324462890625
          1073.133544921875 1072.87939453125 1072.7220458984375 1072.7144775390625 1073.0950927734375 1073.1212158203125
          1073.1500244140625 1073.1500244140625 1073.1500244140625 1073.1500244140625 1073.1500244140625 1073.1500244140625
          1073.1500244140625 1073.1500244140625 1073.1500244140625 1073.1500244140625 1073.1500244140625 1073.1500244140625
          1073.1500244140625 1073.1500244140625 1073.1500244140625 1073.1500244140625 1073.1500244140625 1073.1500244140625
          1073.1500244140625 1073.1500244140625 1073.1500244140625 1073.1500244140625 1073.1500244140625 1073.1500244140625
          1073.1500244140625 1073.1500244140625 1073.1500244140625 1073.1510009765625 1073.15869140625 1073.1973876953125
          1073.3232421875 1073.594482421875 1073.991943359375 1074.4119873046875 1074.75244140625 1074.656005859375
          1073.802978515625 1073.2091064453125 1073.1295166015625 1073.140380859375 1073.15478515625 1073.1656494140625
          1073.174072265625 1073.181640625 1073.1883544921875 1073.1939697265625 1073.1978759765625 1073.2001953125
          1073.2012939453125 1073.201904296875 1073.201416015625 1073.1995849609375 1073.1951904296875 1073.1888427734375
          1073.1807861328125 1073.1715087890625 1073.1611328125 1073.1502685546875 1073.1505126953125 1073.14501953125
          1073.1322021484375 1073.1346435546875 1073.1357421875 1073.13720703125 1073.1212158203125 1072.892822265625
          1072.7547607421875 1072.857666015625 1072.9041748046875 1072.947998046875 1073.0400390625 1073.0535888671875
          1073.14697265625 1073.1495361328125 1073.1500244140625 1073.1500244140625 1073.1500244140625 1073.1497802734375
          1073.1488037109375 1073.1492919921875 1073.14892578125 1073.1495361328125 1073.149658203125 1073.14990234375
          1073.1483154296875 1073.1419677734375 1073.1380615234375 1073.1407470703125 1073.1470947265625 1073.14990234375
          1073.1500244140625 1073.14990234375 1073.1485595703125 1073.1478271484375 1073.149658203125 1073.1500244140625
          1073.1500244140625 1073.1500244140625 1073.150390625 1073.1522216796875 1073.1610107421875 1073.2030029296875
          1073.375244140625 1073.8798828125 1074.8662109375 1076.4608154296875 1074.8072509765625 1074.031494140625
          1073.1776123046875 1073.0975341796875 1073.124755859375 1073.1463623046875 1073.1588134765625 1073.166015625
          1073.171875 1073.17724609375 1073.1820068359375 1073.1854248046875 1073.1875 1073.1881103515625
          1073.1875 1073.1864013671875 1073.1846923828125 1073.1807861328125 1073.174072265625 1073.1656494140625
          1073.156982421875 1073.148681640625 1073.1492919921875 1073.1497802734375 1073.149658203125 1073.14794921875
          1073.1405029296875 1073.138671875 1073.1375732421875 1072.9547119140625 1072.871826171875 1072.8709716796875
          1072.8701171875 1072.8695068359375 1072.868896484375 1072.8670654296875 1072.868408203125 1072.8719482421875
          1072.883056640625 1072.9105224609375 1072.9425048828125 1072.9766845703125 1072.9886474609375 1072.9923095703125
          1072.989013671875 1072.971435546875 1072.954833984375 1072.9539794921875 1072.962646484375 1072.968994140625
          1072.9747314453125 1072.9814453125 1072.993408203125 1073.0211181640625 1073.044921875 1073.05419921875
          1073.057861328125 1073.056640625 1073.0543212890625 1073.0545654296875
        </DataArray>
        <DataArray type="Float32" Name="O2_Gas_mass_fractions_1" format="ascii" RangeMin="4.326945468591248e-9" RangeMax="0.23999999463558197">
          0.23999999463558197 0.23999963700771332 0.2399616241455078 0.23703843355178833 0.0012066219933331013 0.0000032717348403821234
          9.992445626494373e-8 9.298398140344943e-8 6.335449143080041e-8 5.565780725191871e-8 6.72555486858073e-8 7.547196645418808e-8
          8.276891350078586e-8 8.850760480072495e-8 9.273694701050772e-8 9.562424452269624e-8 9.742587536720748e-8 9.838959158514626e-8
          9.866491268439859e-8 9.853501126144693e-8 9.841398451726491e-8 9.82606280786058e-8 9.81286234491563e-8 9.804236356103502e-8
          9.800329081599557e-8 9.79817684765294e-8 9.787406440864288e-8 9.738568707007289e-8 9.58350412361142e-8 9.209284002054119e-8
          8.516234117905697e-8 7.533044765750674e-8 6.510224892508631e-8 5.96701070776362e-8 2.214368244324305e-8 4.409298259844263e-9
          4.404618891840073e-9 4.4107664187720275e-9 4.416028875908751e-9 4.420370736113455e-9 4.423842181466853e-9 4.426489397246769e-9
          4.428347022411572e-9 4.4294377055109635e-9 4.429778766024128e-9 4.42938885569788e-9 4.428295063974019e-9 4.426539579327482e-9
          4.4241863506044865e-9 4.421323307468583e-9 4.418061916311444e-9 4.4097414608756935e-9 4.3994137222114205e-9 4.3888013223636335e-9
          4.378718720943198e-9 4.369520745228783e-9 4.361334404734407e-9 4.354175242582414e-9 4.3480024025654984e-9 4.342750159480602e-9
          4.338353232213876e-9 4.33475921823856e-9 4.331926373168926e-9 4.32981206444083e-9 4.328357672278571e-9 4.327474822929389e-9
          4.327047609109513e-9 4.326945468591248e-9 4.327034730522428e-9 4.327170621820642e-9 0.23999999463558197 0.23999981582164764
          0.2399805188179016 0.238230362534523 0.0020374737214297056 0.00004051346331834793 8.916457545637968e-7 0.0005845612031407654
          0.000007620577434863662 0.000001600262976353406 6.096731652860399e-8 5.614250753183114e-8 7.361765597124759e-8 8.377037374884821e-8
          8.69980922857394e-8 8.880351032303224e-8 8.952188323974042e-8 8.943059270904996e-8 8.90338469616836e-8 8.811656471152673e-8
          8.669730533483744e-8 8.62719318206473e-8 8.710374999054693e-8 8.85263489180943e-8 8.99068623994026e-8 9.072994799907974e-8
          9.053636773614926e-8 8.872891754663215e-8 8.454449584860413e-8 7.761578046938666e-8 6.904282656705618e-8 6.067728008929407e-8
          5.4881201805301316e-8 6.195126900365722e-8 1.8947345026276707e-8 5.157589910709248e-9 6.0254645717350286e-9 7.014247405123797e-9
          7.971691751151866e-9 8.83218209679626e-9 9.571702541677496e-9 1.0186903764974886e-8 1.0683912421427522e-8 1.1073120198545894e-8
          1.1367164987063916e-8 1.1580245207198914e-8 1.1727419924056903e-8 1.182330411353405e-8 1.1880628925098335e-8 1.1905174623905168e-8
          1.189832854464612e-8 1.188351905767604e-8 1.1864510263137618e-8 1.1842869795941624e-8 1.181948228179408e-8 1.1795015630866601e-8
          1.1770164398683391e-8 1.1745688865971715e-8 1.1722352866172514e-8 1.170086250112945e-8 1.1681827949416856e-8 1.1665754584555543e-8
          1.1652977249809737e-8 1.164358121030773e-8 1.1637412811182912e-8 1.1634003094229683e-8 1.1632656615745418e-8 1.1632615759538112e-8
          1.1633195740046176e-8 1.1633808583155769e-8 0.23999999463558197 0.239999920129776 0.23999205231666565 0.2393617033958435
          0.17366661131381989 0.1296793818473816 0.10740088671445847 0.09592106938362122 0.032609228044748306 0.015734784305095673
          0.00009722798131406307 0.000001105934870793135 1.1664608479122762e-7 8.760456182699272e-8 9.064685713155995e-8 9.231904840589777e-8
          9.289774993703759e-8 9.314604909604896e-8 9.330480565949983e-8 9.334735295851715e-8 9.267967726600546e-8 9.008019219436392e-8
          8.671280937733172e-8 8.466081169444806e-8 8.370297877036137e-8 8.276141016949623e-8 8.081128299863849e-8 7.704449700440819e-8
          7.111658817393618e-8 6.382972372875884e-8 5.716068329775226e-8 5.287128956865672e-8 5.7536396980140125e-8 6.909675676070037e-8
          1.7548607900153e-8 5.607382114192205e-9 6.571920341258419e-9 7.929569889597587e-9 9.315899163198083e-9 1.0640463621314211e-8
          1.1851688519470827e-8 1.2918393466065936e-8 1.3821773059419229e-8 1.4552171911930145e-8 1.5107993078800064e-8 1.5495876581894663e-8
          1.5731535185636858e-8 1.5890298854515095e-8 1.59833408730492e-8 1.6060900165371095e-8 1.6199473762412708e-8 1.6375958367120802e-8
          1.6564287719234017e-8 1.6753290310589364e-8 1.6940804314913294e-8 1.712735198111659e-8 1.7313189104584126e-8 1.74976708677832e-8
          1.7679665731407113e-8 1.7857923140240928e-8 1.80296098051258e-8 1.8189588502082188e-8 1.8330700513047304e-8 1.844806440942648e-8
          1.853842412913309e-8 1.860260567809746e-8 1.8644511712295753e-8 1.8669469525889326e-8 1.8682840163819492e-8 1.868882648636827e-8
          0.23999999463558197 0.23999996483325958 0.23999734222888947 0.23982219398021698 0.22630999982357025 0.20785683393478394
          0.18998202681541443 0.17281368374824524 0.13111545145511627 0.07838338613510132 0.0003661572700366378 0.0000037658717246813467
          9.577599513477253e-8 8.903961656869797e-8 9.484464413844762e-8 9.46617291219809e-8 9.428212166540106e-8 9.405080447777436e-8
          9.398173261843112e-8 9.4027370778349e-8 9.410820211996906e-8 9.3245319021662e-8 8.952412855478542e-8 8.329377720883713e-8
          7.80844757741761e-8 7.430725901258484e-8 7.060123863311674e-8 6.596531676450468e-8 6.038571598310227e-8 5.506247902076211e-8
          5.2536172745476506e-8 5.6844541518330516e-8 6.67841817403314e-8 7.633600773715443e-8 2.1204625610948824e-8 8.474519752610377e-9
          7.391133038936459e-9 7.950486491381525e-9 8.994076594603939e-9 1.0195106980859237e-8 1.1400659083449227e-8 1.2521605086135423e-8
          1.353370304713053e-8 1.4136289472332919e-8 1.4189664554464798e-8 1.377346237063648e-8 1.3304537915814763e-8 1.2884216360475875e-8
          1.2471404353675553e-8 1.2246457181674941e-8 1.2162242768454234e-8 1.2138690053120627e-8 1.2133818394488571e-8 1.213906664077058e-8
          1.2157060247375284e-8 1.219397738339012e-8 1.2257975967600032e-8 1.235862523429887e-8 1.2508924562837365e-8 1.2731544707378362e-8
          1.3038560453537684e-8 1.3461032288830665e-8 1.3978063151398601e-8 1.4590372465761448e-8 1.5300328115586126e-8 1.6085246912211915e-8
          1.6909691424871198e-8 1.7726685896946037e-8 1.8469396678710837e-8 1.905697999404765e-8 0.23999999463558197 0.23999999463558197
          0.23999926447868347 0.23995955288410187 0.23768895864486694 0.2329510897397995 0.22668306529521942 0.21962596476078033
          0.1716579645872116 0.00612708879634738 0.0000182581916305935 2.6311204237572383e-7 7.174155314260133e-8 9.980226423067506e-8
          9.749332008368583e-8 9.582107196592915e-8 9.507031961675239e-8 9.47411464835568e-8 9.449719584608829e-8 9.425730951306832e-8
          9.420015345540378e-8 9.379854049029746e-8 9.047176519061395e-8 8.416947139266995e-8 7.733106599516759e-8 7.1285477076799e-8
          6.591562140556562e-8 6.086683868034015e-8 5.648519518786088e-8 5.460633545339988e-8 5.7796565755552365e-8 6.58369927464264e-8
          7.542158186879533e-8 8.199268108910474e-8 3.1652447773922177e-8 1.6846730233055496e-8 1.2106671221090437e-8 1.0415509343886242e-8
          9.98371163518641e-9 1.0142865214390895e-8 1.0572862585433995e-8 1.1094262397648436e-8 1.16041576347925e-8 1.1986573511535425e-8
          1.2189173226317962e-8 1.222922474397592e-8 1.2158450246602115e-8 1.1983279257776758e-8 1.1753383155621577e-8 1.1503281882596639e-8
          1.1289395196456553e-8 1.1149265510823625e-8 1.1071080940894262e-8 1.1022487811374049e-8 1.0974698483323664e-8 1.0910239822692347e-8
          1.0823142382321294e-8 1.071717647960213e-8 1.0602402511494802e-8 1.0490055935008513e-8 1.0388516713533136e-8 1.0306334452536703e-8
          1.0260299276865226e-8 1.0271116401838754e-8 1.0351578261236227e-8 1.0505977421360058e-8 1.0734910738108283e-8 1.1038706837496193e-8
          1.1420478784884835e-8 1.1883692252467881e-8 0.23999999463558197 0.23999999463558197 0.23999984562397003 0.23999248445034027
          0.2396746128797531 0.23883387446403503 0.23752446472644806 0.22411172091960907 0.15481674671173096 0.0007917259354144335
          0.000004617654212779598 9.809213707967501e-8 9.921512145183442e-8 9.142269874473641e-8 9.29770820334852e-8 9.408763901319617e-8
          9.455825278337215e-8 9.454092975147432e-8 9.414210921931954e-8 9.359482788795503e-8 9.33292128024732e-8 9.341735562884423e-8
          9.149889734771932e-8 8.788550331928491e-8 8.258753325662838e-8 7.60260476795338e-8 6.937478502777594e-8 6.380727768373617e-8
          6.046255407454737e-8 6.06932957225581e-8 6.519902484569684e-8 7.284198488832772e-8 8.096545656144372e-8 8.567278797499966e-8
          4.834706501810615e-8 3.174890750301529e-8 2.3413221583723498e-8 1.8807918777952182e-8 1.612512789961329e-8 1.451466058455253e-8
          1.3525244924039725e-8 1.2898087931034752e-8 1.2480035671558198e-8 1.2174587560309647e-8 1.1931465593306712e-8 1.1734377913796834e-8
          1.158375351195673e-8 1.1481042783145767e-8 1.1425090207239919e-8 1.140790661935398e-8 1.1413323619535731e-8 1.1418266332441362e-8
          1.1402927491133141e-8 1.13619975650181e-8 1.131597127113082e-8 1.1317916381869964e-8 1.1397258248280195e-8 1.1508592301368026e-8
          1.1590518766979585e-8 1.1597270699326145e-8 1.1497616192457372e-8 1.1262426546920778e-8 1.0903291602915033e-8 1.0499534575103553e-8
          1.0131718575223658e-8 9.843414972010578e-9 9.649008703149775e-9 9.527449940094357e-9 9.45709821564833e-9 9.425241032090526e-9
          0.23999999463558197 0.23999999463558197 0.23999996483325958 0.23999887704849243 0.23996251821517944 0.23985397815704346
          0.23962076008319855 0.21923191845417023 0.1017352044582367 0.0003476703423075378 0.000002662237648110022 9.694821301309275e-8
          9.382269183788594e-8 9.463696670763966e-8 9.603473216657221e-8 9.567143166577807e-8 9.514664611742774e-8 9.443252935170676e-8
          9.330302930266043e-8 9.214871710128136e-8 9.149104585048917e-8 9.189262328845871e-8 9.165847103531632e-8 9.027488800938954e-8
          8.722457067733558e-8 8.239552329314392e-8 7.673548196862612e-8 7.160533499472876e-8 6.833431598352036e-8 6.805490215811005e-8
          7.122805101289487e-8 7.690296399687213e-8 8.285386599027333e-8 8.660680350658367e-8 6.87823131784171e-8 5.314880979767622e-8
          4.2558241375445505e-8 3.536572279472239e-8 3.032889139831241e-8 2.667931298105941e-8 2.3942622107142597e-8 2.1821689344392325e-8
          2.012931688000208e-8 1.8748426811043828e-8 1.760974654985148e-8 1.6676789726943753e-8 1.5934217501012427e-8 1.5377002782201998e-8
          1.5002225239868494e-8 1.4805412895668724e-8 1.4778184009855977e-8 1.490841050610925e-8 1.5180576795614797e-8 1.5578121903558895e-8
          1.608485078463673e-8 1.6667103253098503e-8 1.726024834169948e-8 1.780092695469193e-8 1.821893746978276e-8 1.8443998328621092e-8
          1.8415379443581514e-8 1.809364924554302e-8 1.7477121971865017e-8 1.6616926501455964e-8 1.560876405903855e-8 1.4566775341506855e-8
          1.3591653136302284e-8 1.276492778146121e-8 1.2125166648502272e-8 1.1669595956220746e-8 0.23999999463558197 0.23999999463558197
          0.23999999463558197 0.23999987542629242 0.2399965524673462 0.23998580873012543 0.23995812237262726 0.23777242004871368
          0.0896759033203125 0.0004524138057604432 0.0000030009280180820497 1.007778038797369e-7 7.632001342017247e-8 9.066800288337618e-8
          9.312137905226336e-8 9.457248495436943e-8 9.48176506199161e-8 9.393466626761438e-8 9.228453023979455e-8 9.102942044592055e-8
          9.050287985701289e-8 9.021159996791539e-8 8.998561895623425e-8 9.013781721023406e-8 8.871352719097558e-8 8.623748470881765e-8
          8.289712383202641e-8 7.927830125709079e-8 7.635689058815842e-8 7.517856914773802e-8 7.634906040721035e-8 7.944148450178545e-8
          8.29820407943771e-8 8.580515498124441e-8 8.334617973559943e-8 7.596850082336459e-8 6.757572634796816e-8 6.005821262533573e-8
          5.37865574301577e-8 4.863424507561831e-8 4.438075151824705e-8 4.0828528113934226e-8 3.7827074805818484e-8 3.527023295646359e-8
          3.3087786732721725e-8 3.123665948123744e-8 2.9692895253674578e-8 2.8443727373428374e-8 2.748090111026613e-8 2.679660404680817e-8
          2.6381433926303544e-8 2.622384442929615e-8 2.631027484767401e-8 2.6626381099958962e-8 2.7156627169233616e-8 2.7881569053533894e-8
          2.8777524363476914e-8 2.98148599142678e-8 3.095690814802765e-8 3.21582653839414e-8 3.336686660304622e-8 3.453975594425174e-8
          3.5653261676316106e-8 3.6679033144082496e-8 3.759286926197092e-8 3.83892349020698e-8 3.907623380428049e-8 3.9666780082825426e-8
          4.01635560365321e-8 4.054794899843728e-8 0.23999999463558197 0.23999999463558197 0.23999999463558197 0.23999999463558197
          0.23999975621700287 0.2399989366531372 0.2399965226650238 0.2398274689912796 0.21107502281665802 0.11449037492275238
          0.0005076469387859106 0.000004056709258293267 8.294659892271738e-8 9.982313287082434e-8 9.495555275407241e-8 9.530772615562455e-8
          9.5403407840422e-8 9.429437142216557e-8 9.264085321092352e-8 9.106235410172303e-8 9.001972500755073e-8 8.956427421935587e-8
          8.915561977573816e-8 8.883797164571661e-8 8.856731881223823e-8 8.727256073370881e-8 8.513753613215158e-8 8.32632309766268e-8
          8.170617604719155e-8 8.079950220007959e-8 8.096970560700356e-8 8.215899072183674e-8 8.375801741067335e-8 8.532913398084929e-8
          8.63052136423903e-8 8.61111502103995e-8 8.458417966039633e-8 8.205127244309551e-8 7.8985763707351e-8 7.57548122010121e-8
          7.257902012725026e-8 6.957009901498168e-8 6.677638708652012e-8 6.421511500320776e-8 6.18911926153487e-8 5.980655970461157e-8
          5.796394475510169e-8 5.636716693402377e-8 5.502007027757827e-8 5.392535484816108e-8 5.3083407891563184e-8 5.2489255608634267e-8
          5.2136712724859535e-8 5.20169791684566e-8 5.211851217268304e-8 5.242613099198934e-8 5.2921656390481076e-8 5.358482724204805e-8
          5.43935492203218e-8 5.532578484235273e-8 5.636301736444693e-8 5.7494343508324164e-8 5.871460828643649e-8 6.002040464636593e-8
          6.140948016764014e-8 6.288130549592097e-8 6.443390532240301e-8 6.605903735135144e-8 6.773601768372828e-8 6.942637043039213e-8
          0.23999999463558197 0.23999999463558197 0.23999999463558197 0.23999999463558197 0.23999999463558197 0.2399999499320984
          0.23999981582164764 0.23999251425266266 0.23874087631702423 0.1287321299314499 0.10255542397499084 0.0389806367456913
          0.00009513310942566022 0.000001334514877271431 7.668733559285101e-8 8.223173608712386e-8 9.747500939738529e-8 9.701854963850565e-8
          9.539902379174237e-8 9.352639551707398e-8 9.080635976488338e-8 9.021103863915414e-8 8.980695298532737e-8 8.933925954579536e-8
          8.893367464679613e-8 8.845588439498897e-8 8.74446399734552e-8 8.619128522013852e-8 8.487911884458299e-8 8.442381016493528e-8
          8.468255430216232e-8 8.533169193469803e-8 8.609762147671063e-8 8.684420294002848e-8 8.749354662995756e-8 8.798684092425901e-8
          8.827095143715269e-8 8.831668196762621e-8 8.813683649577797e-8 8.776891746720139e-8 8.725896805117372e-8 8.665092821047438e-8
          8.598204459531189e-8 8.528218842229762e-8 8.457476496914751e-8 8.387835492840168e-8 8.320809286033182e-8 8.25766193202071e-8
          8.19944290242347e-8 8.147002716896168e-8 8.100919757225711e-8 8.061729772634862e-8 8.029683584709346e-8 8.005017093637434e-8
          7.987716088564412e-8 7.97754893255842e-8 7.974102089747248e-8 7.976832705480774e-8 7.985133265719924e-8 7.998438888989767e-8
          8.016350960815544e-8 8.038723819936422e-8 8.065637047138807e-8 8.097322989897293e-8 8.134109918955801e-8 8.176333210485609e-8
          8.224171210713394e-8 8.27742354658767e-8 8.335276646675993e-8 8.396129658194695e-8
        </DataArray>
        <DataArray type="Float32" Name="N2_Gas_mass_fractions_2" format="ascii" RangeMin="0.011605726554989815" RangeMax="0.9647459387779236">
          0.7599999904632568 0.7599994540214539 0.7599462270736694 0.756531834602356 0.5954506397247314 0.011605726554989815
          0.15845255553722382 0.20178066194057465 0.22001802921295166 0.22906489670276642 0.22517898678779602 0.2218829095363617
          0.22048158943653107 0.21880288422107697 0.21710006892681122 0.21566928923130035 0.21500162780284882 0.2164706438779831
          0.22300049662590027 0.23190626502037048 0.23629285395145416 0.23925161361694336 0.24075984954833984 0.2409311830997467
          0.2399260699748993 0.23790962994098663 0.23505842685699463 0.23162753880023956 0.22806210815906525 0.22506746649742126
          0.22346721589565277 0.22383393347263336 0.22651033103466034 0.24334882199764252 0.7427025437355042 0.9640383720397949
          0.9641144275665283 0.9640644788742065 0.9640217423439026 0.9639864563941956 0.963958203792572 0.9639366865158081
          0.9639216065406799 0.9639127254486084 0.9639099836349487 0.9639131426811218 0.9639220237731934 0.9639362692832947
          0.9639554023742676 0.96397864818573 0.964005172252655 0.9640728235244751 0.9641568064689636 0.9642431139945984
          0.9643250703811646 0.9643998742103577 0.964466392993927 0.9645246267318726 0.9645748138427734 0.9646174907684326
          0.9646532535552979 0.9646824598312378 0.9647054672241211 0.9647226333618164 0.9647344946861267 0.9647416472434998
          0.9647451043128967 0.9647459387779236 0.9647452235221863 0.9647440910339355 0.7599999904632568 0.7599997520446777
          0.7599741816520691 0.7583581209182739 0.6636308431625366 0.33081239461898804 0.30617648363113403 0.2870715856552124
          0.10167433321475983 0.06534536182880402 0.05116681382060051 0.05933268740773201 0.1007113829255104 0.1678905040025711
          0.2358444184064865 0.30063334107398987 0.36628422141075134 0.42818766832351685 0.4722220003604889 0.49262699484825134
          0.475286066532135 0.41284769773483276 0.3517294228076935 0.3043080270290375 0.2719869911670685 0.25178125500679016
          0.23958301544189453 0.23227031528949738 0.22819721698760986 0.22679506242275238 0.22772647440433502 0.23075710237026215
          0.2425868958234787 0.2632778286933899 0.7986688017845154 0.9579610824584961 0.9509342908859253 0.9428943991661072
          0.9351094365119934 0.928112804889679 0.9220997095108032 0.9170972108840942 0.913055419921875 0.9098898768424988
          0.907497763633728 0.9057637453079224 0.9045653343200684 0.903783917427063 0.9033160209655762 0.9031156897544861
          0.9031729102134705 0.9032960534095764 0.9034541845321655 0.9036341309547424 0.9038285613059998 0.9040319323539734
          0.9042384624481201 0.9044418334960938 0.9046356678009033 0.9048142433166504 0.9049723744392395 0.9051059484481812
          0.9052121043205261 0.9052901864051819 0.9053414463996887 0.9053698182106018 0.9053810834884644 0.905381441116333
          0.9053766131401062 0.9053715467453003 0.7599999904632568 0.7599998712539673 0.7599895596504211 0.759406566619873
          0.731162965297699 0.6271988153457642 0.5692490339279175 0.5354183912277222 0.22852681577205658 0.1657744199037552
          0.19163279235363007 0.2611882984638214 0.34879177808761597 0.4326997995376587 0.5026691555976868 0.5554197430610657
          0.5898019075393677 0.610983669757843 0.6235972046852112 0.6280184984207153 0.6165006756782532 0.5633354783058167
          0.46574676036834717 0.37430521845817566 0.3100639581680298 0.2714706361293793 0.2504149079322815 0.2400006800889969
          0.23616690933704376 0.23666127026081085 0.2403506189584732 0.2536558508872986 0.2750917077064514 0.28169772028923035
          0.8319002985954285 0.9543458819389343 0.9464858174324036 0.9354321956634521 0.9241286516189575 0.9133061766624451
          0.9033848643302917 0.8946240544319153 0.8871846795082092 0.8811538219451904 0.8765517473220825 0.8733296394348145
          0.8713621497154236 0.8700275421142578 0.8692381381988525 0.8685802221298218 0.8674200177192688 0.8659482002258301
          0.8643801212310791 0.8628079295158386 0.8612493872642517 0.859700083732605 0.8581576943397522 0.8566274642944336
          0.855118989944458 0.8536430597305298 0.8522239327430725 0.8509044647216797 0.8497439622879028 0.848782479763031
          0.8480457663536072 0.8475261330604553 0.8471898436546326 0.8469911813735962 0.8468835949897766 0.846832275390625
          0.7599999904632568 0.7599999308586121 0.7599965333938599 0.7598292231559753 0.7534323334693909 0.728171169757843
          0.698224663734436 0.6662664413452148 0.5371817350387573 0.48618653416633606 0.4987039268016815 0.5485022664070129
          0.5960493683815002 0.6315432786941528 0.652845025062561 0.6646377444267273 0.6720564365386963 0.6760236620903015
          0.6764315366744995 0.6744481921195984 0.6718021631240845 0.6525882482528687 0.5793325901031494 0.45852595567703247
          0.3618949055671692 0.30624920129776 0.27668890357017517 0.26243263483047485 0.2576577067375183 0.26024386286735535
          0.27522143721580505 0.29539719223976135 0.3023521304130554 0.29252439737319946 0.8137602210044861 0.9307915568351746
          0.9399620890617371 0.9353452920913696 0.9267848134040833 0.9169544577598572 0.9070839285850525 0.8978923559188843
          0.8895788192749023 0.8846296668052673 0.884218156337738 0.8876777291297913 0.8915286064147949 0.8949402570724487
          0.8982778191566467 0.9000863432884216 0.9007452130317688 0.9009036421775818 0.9009047150611877 0.9008186459541321
          0.9006233215332031 0.9002668261528015 0.8996800780296326 0.8987811207771301 0.8974573612213135 0.895513117313385
          0.8928447961807251 0.8891817331314087 0.8846991062164307 0.8793845772743225 0.873214602470398 0.8663857579231262
          0.8592102527618408 0.8521031737327576 0.8456496000289917 0.8405490517616272 0.7599999904632568 0.7599999904632568
          0.7599990367889404 0.7599601149559021 0.7587988972663879 0.7537494897842407 0.7453060150146484 0.7346571683883667
          0.7007409930229187 0.653419017791748 0.660166323184967 0.6724401116371155 0.6820782423019409 0.6869139671325684
          0.6895119547843933 0.6912479996681213 0.6915501952171326 0.6878154873847961 0.6782386302947998 0.6656812429428101
          0.6638021469116211 0.6580482721328735 0.610701858997345 0.5269045829772949 0.4424743056297302 0.3761591613292694
          0.3310650885105133 0.30574581027030945 0.298057496547699 0.3048873841762543 0.3197363615036011 0.32585322856903076
          0.31799057126045227 0.29883652925491333 0.736211895942688 0.8633460402488708 0.9024152755737305 0.9159600734710693
          0.9192180037498474 0.9177250266075134 0.9140828251838684 0.9097355008125305 0.9055074453353882 0.902339518070221
          0.9006538391113281 0.9002980589866638 0.900839626789093 0.9022262096405029 0.9040632843971252 0.9060747027397156
          0.9077838063240051 0.9088594913482666 0.9094061255455017 0.9097110033035278 0.910023033618927 0.9104887843132019
          0.9111577272415161 0.9120005965232849 0.9129347205162048 0.9138668179512024 0.9147292375564575 0.9154515266418457
          0.9158841967582703 0.9158350825309753 0.9151787757873535 0.9138680696487427 0.9118940234184265 0.9092565178871155
          0.9059361219406128 0.9019120931625366 0.7599999904632568 0.7599999904632568 0.7599998116493225 0.7599924206733704
          0.7598221302032471 0.7590447664260864 0.7575423717498779 0.7525224685668945 0.732352614402771 0.6921452879905701
          0.6931942105293274 0.6945397853851318 0.6951545476913452 0.6955329179763794 0.6958844065666199 0.6958763003349304
          0.6930698752403259 0.6796474456787109 0.6520956754684448 0.6206170320510864 0.6052987575531006 0.6218549609184265
          0.610218346118927 0.573613166809082 0.5204077959060669 0.45869389176368713 0.4038924276828766 0.3679432272911072
          0.35281533002853394 0.3510066866874695 0.351766437292099 0.3448907434940338 0.32745689153671265 0.30560436844825745
          0.6099260449409485 0.74598228931427 0.813217282295227 0.8498786091804504 0.8709993362426758 0.8835529685020447
          0.8911986947059631 0.8960151672363281 0.8992219567298889 0.9015808701515198 0.9034783840179443 0.905023455619812
          0.9061887264251709 0.906940221786499 0.9072678685188293 0.9072229266166687 0.9069312810897827 0.9065901041030884
          0.9063819050788879 0.9063794016838074 0.9064465165138245 0.9061795473098755 0.9053465127944946 0.9043004512786865
          0.9035332202911377 0.9034208059310913 0.904229998588562 0.906221330165863 0.9093181490898132 0.9128545522689819
          0.9161286950111389 0.9187396168708801 0.9205321669578552 0.9216685891151428 0.922327995300293 0.9226204752922058
          0.7599999904632568 0.7599999904632568 0.7599999904632568 0.7599988579750061 0.759978711605072 0.7598874568939209
          0.7596895098686218 0.7541883587837219 0.7233351469039917 0.6968464255332947 0.6968374252319336 0.6968744397163391
          0.6968928575515747 0.6969369053840637 0.6969707012176514 0.6963698267936707 0.6899612545967102 0.6589096188545227
          0.6010982990264893 0.5457209348678589 0.5189933180809021 0.5434821248054504 0.5609570145606995 0.560857355594635
          0.5434352159500122 0.508386492729187 0.4664100408554077 0.43015211820602417 0.40531182289123535 0.3895288109779358
          0.37710121273994446 0.36158037185668945 0.34091827273368835 0.31971436738967896 0.45787185430526733 0.5807565450668335
          0.6639705896377563 0.7203438878059387 0.7597371935844421 0.7882601022720337 0.8096764087677002 0.8263347744941711
          0.839705765247345 0.8506993651390076 0.8598421216011047 0.8673959970474243 0.8734526634216309 0.8780206441879272
          0.8810923099517822 0.8826746344566345 0.8828093409538269 0.8815740346908569 0.8790798783302307 0.8754540681838989
          0.8708285689353943 0.8654761910438538 0.8599217534065247 0.8546996116638184 0.8504168391227722 0.8476988077163696
          0.8471071124076843 0.849033772945404 0.8535549640655518 0.8602903485298157 0.8684583902359009 0.8770944476127625
          0.8853272795677185 0.8924283385276794 0.898027777671814 0.9021124243736267 0.7599999904632568 0.7599999904632568
          0.7599999904632568 0.7599998712539673 0.7599979639053345 0.7599895596504211 0.7599697113037109 0.7593820691108704
          0.7206484079360962 0.6973162293434143 0.6971974968910217 0.697191059589386 0.6971866488456726 0.6971878409385681
          0.6971575021743774 0.6963580250740051 0.6867875456809998 0.6349049806594849 0.5524877905845642 0.4985088109970093
          0.4830966293811798 0.47535693645477295 0.46889179944992065 0.5142361521720886 0.5223208665847778 0.5125551819801331
          0.4925917685031891 0.4680476486682892 0.4438905417919159 0.4223397970199585 0.40296682715415955 0.3838876187801361
          0.3640589416027069 0.3441399335861206 0.35926583409309387 0.41223815083503723 0.4746192395687103 0.5314544439315796
          0.5794167518615723 0.6192024946212769 0.6523600220680237 0.6803248524665833 0.704199492931366 0.7247576117515564
          0.742501437664032 0.75772625207901 0.7705824375152588 0.7811369895935059 0.7894255518913269 0.7954842448234558
          0.7993659377098083 0.8011448383331299 0.8009158372879028 0.7987855076789856 0.7948738932609558 0.7893320322036743
          0.7823424339294434 0.7741300463676453 0.7649707794189453 0.7552056312561035 0.7452309727668762 0.7353909611701965
          0.7258968949317932 0.7169848084449768 0.7088501453399658 0.701538622379303 0.6949784755706787 0.6890491247177124
          0.6837040185928345 0.6790686845779419 0.7599999904632568 0.7599999904632568 0.7599999904632568 0.7599999904632568
          0.7599998712539673 0.7599992156028748 0.7599976658821106 0.7599520683288574 0.7524328231811523 0.7271782159805298
          0.6973744630813599 0.6972412467002869 0.6972381472587585 0.6972360014915466 0.6972197890281677 0.6967875957489014
          0.6896683573722839 0.646466851234436 0.5733457803726196 0.5012897253036499 0.45745667815208435 0.44082871079444885
          0.4309728741645813 0.438136488199234 0.4628068208694458 0.4780515134334564 0.474643349647522 0.464033842086792
          0.45090311765670776 0.43619149923324585 0.42062151432037354 0.40503761172294617 0.3893306255340576 0.3733983337879181
          0.3604843318462372 0.35561543703079224 0.3611886203289032 0.37552475929260254 0.3952804505825043 0.41759276390075684
          0.4405977427959442 0.4632478654384613 0.48500093817710876 0.5055792927742004 0.5248227715492249 0.5426128506660461
          0.5588403344154358 0.5734015703201294 0.5862056612968445 0.5971826314926147 0.6062922477722168 0.6135447025299072
          0.618969738483429 0.6226255893707275 0.6245986223220825 0.6250068545341492 0.6239925026893616 0.6217126846313477
          0.6183346509933472 0.6140214204788208 0.608910322189331 0.6030917763710022 0.5966242551803589 0.5895581841468811
          0.5819376707077026 0.5737957954406738 0.5651683211326599 0.556114912033081 0.5467462539672852 0.5372480154037476
          0.7599999904632568 0.7599999904632568 0.7599999904632568 0.7599999904632568 0.7599999904632568 0.7599999904632568
          0.7599998712539673 0.7599979043006897 0.7596704959869385 0.7309066653251648 0.7240612506866455 0.7074381113052368
          0.6972703337669373 0.6972452998161316 0.6972441673278809 0.6972417831420898 0.6972216367721558 0.6969199776649475
          0.6890425086021423 0.6109206080436707 0.47917914390563965 0.4719885289669037 0.4668677747249603 0.4427534341812134
          0.4112284183502197 0.3902323842048645 0.3999941647052765 0.414247989654541 0.4152339696884155 0.4094807207584381
          0.400359570980072 0.3901687264442444 0.37976908683776855 0.3695416748523712 0.35988378524780273 0.35130056738853455
          0.34437116980552673 0.33954286575317383 0.33692651987075806 0.33636999130249023 0.33759042620658875 0.34027305245399475
          0.3441234529018402 0.34888511896133423 0.35434094071388245 0.36030566692352295 0.3666180670261383 0.3731355667114258
          0.37973254919052124 0.38630005717277527 0.3927518427371979 0.3990071713924408 0.4050098657608032 0.4107076823711395
          0.4160703122615814 0.421086847782135 0.4257623851299286 0.4301134943962097 0.43416303396224976 0.43793219327926636
          0.44143202900886536 0.44465866684913635 0.4475969672203064 0.4502268433570862 0.4525276720523834 0.45448407530784607
          0.45609503984451294 0.4573838710784912 0.45840591192245483 0.45924800634384155
        </DataArray>
        <DataArray type="Float32" Name="H2O_Gas_mass_fractions_3" format="ascii" RangeMin="1.9662196980437755e-16" RangeMax="0.051324352622032166">
          2.154953854249797e-10 3.231354739341441e-8 0.000003302421191619942 0.00020248665532562882 0.0075827790424227715 0.051324352622032166
          0.04363211244344711 0.041535813361406326 0.040604498237371445 0.04014178737998009 0.04035129025578499 0.040518246591091156
          0.040583088994026184 0.04067309573292732 0.04076799005270004 0.04084404930472374 0.04086003825068474 0.04069780930876732
          0.04010641947388649 0.0393204540014267 0.03892872482538223 0.03866548463702202 0.03853262960910797 0.038520801812410355
          0.038617245852947235 0.03880978375673294 0.03908676281571388 0.03943212330341339 0.039816051721572876 0.04018598049879074
          0.04046998918056488 0.040600117295980453 0.04050617292523384 0.039088696241378784 0.013178428635001183 0.0018718099454417825
          0.0018680569482967257 0.0018706548726186156 0.0018728777067735791 0.0018747118301689625 0.0018761781975626945 0.0018772967159748077
          0.001878081588074565 0.0018785424763336778 0.0018786867149174213 0.001878522103652358 0.001878060051240027 0.0018773184856399894
          0.0018763242987915874 0.0018751146271824837 0.0018737365026026964 0.0018702202942222357 0.001865855767391622 0.0018613709835335612
          0.0018571101827546954 0.0018532231915742159 0.0018497639102861285 0.0018467388581484556 0.0018441305728629231 0.0018419113475829363
          0.001840053591877222 0.0018385350704193115 0.0018373384373262525 0.0018364451825618744 0.0018358307424932718 0.0018354578642174602
          0.0018352773040533066 0.0018352342303842306 0.0018352718325331807 0.0018353292252868414 1.1344960387793535e-10 1.6174446670902398e-8
          0.0000015581778143314295 0.00008872376929502934 0.002536316402256489 0.02722252532839775 0.030217455700039864 0.03258521482348442
          0.04666580632328987 0.049525368958711624 0.05085771158337593 0.05046806484460831 0.04747525602579117 0.0425109826028347
          0.03735901042819023 0.03229563310742378 0.02703707292675972 0.022028418257832527 0.01849592663347721 0.016927532851696014
          0.018530843779444695 0.023934118449687958 0.029193660244345665 0.033268652856349945 0.03605188801884651 0.03780873492360115
          0.038898780941963196 0.03959648311138153 0.04004728049039841 0.04029419273138046 0.04034256562590599 0.040186379104852676
          0.03919251263141632 0.03728125989437103 0.010205612517893314 0.002187535399571061 0.0025530802085995674 0.0029709564987570047
          0.0033755803015083075 0.0037392284721136093 0.0040517570450901985 0.00431175297126174 0.004521808121353388 0.004686315543949604
          0.004810614977031946 0.004900706931948662 0.004962952807545662 0.0050035263411700726 0.005027803126722574 0.005038193427026272
          0.005035239737480879 0.005028880666941404 0.00502072274684906 0.005011440720409155 0.005001412238925695 0.0049909246154129505
          0.00498027540743351 0.004969789646565914 0.004959793761372566 0.0049505895003676414 0.004942437633872032 0.004935554228723049
          0.004930082708597183 0.004926058929413557 0.00492341723293066 0.004921956453472376 0.004921379033476114 0.004921360407024622
          0.00492160813882947 0.004921869840472937 5.238554728892453e-11 7.0087988746081464e-9 6.268665515563043e-7 0.00003213379386579618
          0.0008565096068195999 0.007736338302493095 0.011865159496665001 0.014340579509735107 0.03753642737865448 0.04227321967482567
          0.03999272361397743 0.034545913338661194 0.027656521648168564 0.021046144887804985 0.015514673665165901 0.011328759603202343
          0.00859884638339281 0.006920664105564356 0.005925824400037527 0.005592846777290106 0.006592890247702599 0.011152871884405613
          0.019534997642040253 0.02740248665213585 0.03294596076011658 0.03630061075091362 0.03816722333431244 0.03914187103509903
          0.0395703986287117 0.03962905704975128 0.039387527853250504 0.038253940641880035 0.03626793622970581 0.035562265664339066
          0.008454748429358006 0.002370689297094941 0.0027841401752084494 0.0033584481570869684 0.003945442382246256 0.0045070587657392025
          0.005021465010941029 0.005475288722664118 0.005860293749719858 0.006172099616378546 0.0064098346047103405 0.006576028186827898
          0.00667728902772069 0.006745760794728994 0.006786083336919546 0.0068196458742022514 0.0068791587837040424 0.006954766809940338
          0.00703535508364439 0.007116160821169615 0.007196266204118729 0.007275895681232214 0.007355162408202887 0.007433791644871235
          0.007511295843869448 0.007587124593555927 0.007660048082470894 0.007727867923676968 0.007787537295371294 0.007837008684873581
          0.00787495356053114 0.007901778444647789 0.007919194176793098 0.007929514162242413 0.007935055531561375 0.007937595248222351
          2.0428410699158128e-11 2.5499935496497983e-9 2.094490838544516e-7 0.000009375196896144189 0.0002233083505416289 0.0017495204228907824
          0.0036843540146946907 0.005816308315843344 0.015236308798193932 0.01823672279715538 0.015653498470783234 0.011716071516275406
          0.007962663657963276 0.00516265444457531 0.0034859292209148407 0.0025617906358093023 0.001983340596780181 0.0016808744985610247
          0.001665604650042951 0.0018418279942125082 0.0020678292494267225 0.00369939929805696 0.009949718602001667 0.020310642197728157
          0.02864006906747818 0.03347032144665718 0.036071185022592545 0.03736742585897446 0.03785092756152153 0.03768290579319
          0.03638702630996704 0.03453325107693672 0.03374824300408363 0.034518130123615265 0.009265376254916191 0.0035184381995350122
          0.003097209148108959 0.003353956388309598 0.0038045812398195267 0.00431691762059927 0.004829518962651491 0.0053060948848724365
          0.005736847873777151 0.005993355065584183 0.006015390623360872 0.005837296601384878 0.00563825061544776 0.005461196880787611
          0.005287673324346542 0.005193574819713831 0.005159058142453432 0.0051503973081707954 0.005149795673787594 0.005153580568730831
          0.0051628584042191505 0.005180285312235355 0.005209390074014664 0.005254341755062342 0.005320824217051268 0.005418688990175724
          0.005553058348596096 0.0057373554445803165 0.005962399300187826 0.00622844323515892 0.006536291446536779 0.006875838618725538
          0.00723147252574563 0.007582762278616428 0.007901079021394253 0.008152238093316555 6.5137435376061426e-12 7.590599260254294e-10
          5.715638451420091e-8 0.0000022120239009382203 0.0000447089878434781 0.00032992861815728247 0.0008467672159895301 0.0015248393174260855
          0.0032207495532929897 0.0035501315724104643 0.002896727528423071 0.0019329256610944867 0.0011780895292758942 0.0008016742067411542
          0.0006009541102685034 0.0004681659920606762 0.0004530534497462213 0.0007714919629506767 0.0015708263963460922 0.0026146098971366882
          0.0027751284651458263 0.0032629671040922403 0.007308067288249731 0.014506716281175613 0.02179139107465744 0.02753807231783867
          0.03146969899535179 0.033702120184898376 0.03440365195274353 0.03381003439426422 0.032443828880786896 0.03175802528858185
          0.03226712718605995 0.033890362828969955 0.012958933599293232 0.00679047591984272 0.004915615543723106 0.004282638896256685
          0.004149521701037884 0.0042466227896511555 0.004446723498404026 0.004678743425756693 0.004901964217424393 0.00506873894482851
          0.00515788746997714 0.005177639424800873 0.005150551442056894 0.005079370457679033 0.004984729923307896 0.004880927968770266
          0.004791899584233761 0.004734995774924755 0.004705582745373249 0.004689048510044813 0.004672307521104813 0.004647556692361832
          0.004612234886735678 0.004568025935441256 0.004519341047853231 0.00447107432410121 0.004426775500178337 0.004390070214867592
          0.0043684449046850204 0.004371479619294405 0.004405428189784288 0.004472655244171619 0.004573578480631113 0.004708125256001949
          0.004877111874520779 0.005081310868263245 1.6511345242442577e-12 1.80343504019298e-10 1.2500803947546046e-8 4.203192531804234e-7
          0.000006965779903111979 0.00004875532613368705 0.00013666106679011136 0.0002528599288780242 0.0004148130537942052 0.00041077734204009175
          0.0003131370176561177 0.00020856451010331511 0.00016131383017636836 0.00013246972230263054 0.00010571029997663572 0.00010932828445220366
          0.00034770238562487066 0.0014648846117779613 0.0037437991704791784 0.006346335634589195 0.0076210713014006615 0.0062647326849401
          0.007311727851629257 0.010481467470526695 0.01508356910198927 0.020430363714694977 0.025191359221935272 0.02832513116300106
          0.02963949367403984 0.029754137620329857 0.029581952840089798 0.030021365731954575 0.03137579932808876 0.03325507044792175
          0.018972057849168777 0.012458881363272667 0.009238443337380886 0.007486330345273018 0.00648109894245863 0.005887254141271114
          0.00552836898714304 0.005303993355482817 0.005155197344720364 0.005045097321271896 0.004955345764756203 0.004881416447460651
          0.004825487732887268 0.004789853934198618 0.004775471054017544 0.004780008923262358 0.004797389730811119 0.004817640408873558
          0.004831322468817234 0.004834379069507122 0.0048330859281122684 0.004846889525651932 0.0048873573541641235 0.004937936086207628
          0.004974883981049061 0.004979723133146763 0.004939087200909853 0.004839779809117317 0.004685300402343273 0.004508585203438997
          0.00434462632983923 0.004213560372591019 0.004123231396079063 0.0040656039491295815 0.004031773190945387 0.004016256891191006
          3.2237743290836063e-13 3.3190294262963604e-11 2.1353403489854372e-9 6.376772176963641e-8 8.607590302744939e-7 0.000005584357950283447
          0.00001595887260918971 0.00002901526568166446 0.00003934740379918367 0.00003773126445594244 0.000031435018172487617 0.000028565771572175436
          0.000027201151169720106 0.0000238161828747252 0.000021463385564857163 0.00007322403689613566 0.0006114454008638859 0.003182405373081565
          0.007948708720505238 0.012531686574220657 0.01479516550898552 0.012805820442736149 0.011392067186534405 0.011463670060038567
          0.013021275401115417 0.016090746968984604 0.019749607890844345 0.02290302701294422 0.02504577301442623 0.02636396512389183
          0.027341660112142563 0.02855084277689457 0.030212881043553352 0.03202197700738907 0.026035193353891373 0.020336896181106567
          0.016416195780038834 0.013740019872784615 0.011860291473567486 0.010492789559066296 0.009460634551942348 0.008652974851429462
          0.008000396192073822 0.007460118271410465 0.007007805164903402 0.006631894502788782 0.006329030729830265 0.006099745165556669
          0.005945224314928055 0.005865768063813448 0.005859806202352047 0.005923817399889231 0.006052436772733927 0.006239308975636959
          0.006477672141045332 0.006753960158675909 0.007042370270937681 0.007316105533391237 0.007544475607573986 0.007695524953305721
          0.007740232162177563 0.007657929789274931 0.007443827111274004 0.007116209715604782 0.006713850889354944 0.006285103503614664
          0.0058739702217280865 0.005517507437616587 0.0052349078468978405 0.0050274948589503765 4.600698416527306e-14 4.497733348957089e-12
          2.7191227047751454e-10 7.4462698229638136e-9 8.526380668172351e-8 5.06196499827638e-7 0.0000014557842860085657 0.00000269428323917964
          0.000003564502776498557 0.0000037660715861420613 0.0000038026980746508343 0.000004184269073448377 0.0000044730577428708784 0.0000043205591282458045
          0.0000069282614276744425 0.00007503588130930439 0.0008752563153393567 0.005156619939953089 0.011950889602303505 0.016478020697832108
          0.017898015677928925 0.01868363283574581 0.01931547187268734 0.015464236959815025 0.014807680621743202 0.01568244770169258
          0.017432479187846184 0.019569406285881996 0.021654516458511353 0.02348405122756958 0.02508918009698391 0.026643523946404457
          0.02826579660177231 0.02993331104516983 0.029941227287054062 0.02790655568242073 0.02519702911376953 0.02261677198112011
          0.02038588561117649 0.01850401796400547 0.016914647072553635 0.015558872371912003 0.014389773830771446 0.013374105095863342
          0.012490486726164818 0.011726739816367626 0.011077141389250755 0.010539638809859753 0.010113207623362541 0.00979659054428339
          0.00958762876689434 0.009482934139668941 0.009477859362959862 0.009567048400640488 0.009744438342750072 0.010002577677369118
          0.010332553647458553 0.010723602958023548 0.011162826791405678 0.011634395457804203 0.012119718827307224 0.01260218396782875
          0.013070942834019661 0.013514588586986065 0.013923831284046173 0.014296667650341988 0.014636991545557976 0.014951320365071297
          0.015242799185216427 0.015506179071962833 4.296417500335723e-15 4.028721800608537e-13 2.328792714223482e-11 6.080745351688677e-10
          6.3602878519475325e-9 3.570255913132314e-8 1.0661756988383786e-7 2.1240346370632324e-7 3.220055191377469e-7 3.8341335084624006e-7
          4.0987850979945506e-7 4.664805146603612e-7 5.55131634882855e-7 6.45266709398129e-7 0.0000019397421056055464 0.000038567257433896884
          0.0006315303035080433 0.004192953929305077 0.01024042908102274 0.016278201714158058 0.020064089447259903 0.021618694067001343
          0.02254391461610794 0.021971136331558228 0.019883466884493828 0.01860934868454933 0.018929854035377502 0.019855884835124016
          0.020987922325730324 0.022240372374653816 0.02354670688509941 0.024839840829372406 0.02614058554172516 0.027466656640172005
          0.028660820797085762 0.029437366873025894 0.029629889875650406 0.029293665662407875 0.028592612594366074 0.02768116630613804
          0.02666790410876274 0.025619670748710632 0.02457556501030922 0.02355894260108471 0.022585151717066765 0.021665776148438454
          0.020810581743717194 0.020027989521622658 0.01932492107152939 0.018706537783145905 0.018175963312387466 0.017733445391058922
          0.017377860844135284 0.017106372863054276 0.01691456511616707 0.016796408221125603 0.016744723543524742 0.016751710325479507
          0.01680927909910679 0.01690972037613392 0.017046522349119186 0.01721499115228653 0.017411556094884872 0.01763289049267769
          0.017875904217362404 0.018138006329536438 0.01841682195663452 0.018709758296608925 0.019013425335288048 0.019323144108057022
          1.9662196980437755e-16 1.7934875725387003e-14 1.0145314493018032e-12 2.638080032202339e-11 2.739214965963299e-10 1.5575492007258163e-9
          5.080342369012669e-9 1.1399713173432247e-8 1.9721458244248424e-8 2.8218559933179677e-8 1.124897011095527e-7 1.4323399000204518e-7
          1.1794796250796935e-7 9.007577972397485e-8 8.147237906541704e-8 1.9144376040003408e-7 0.0000017851963320936193 0.000026939926101476885
          0.0006811125786043704 0.007097799796611071 0.01793208345770836 0.018719829618930817 0.019339175894856453 0.021485840901732445
          0.02421664632856846 0.026028772816061974 0.025224611163139343 0.024035319685935974 0.023964915424585342 0.024453291669487953
          0.025216881185770035 0.026066342368721962 0.026932930573821068 0.027786480262875557 0.0285998173058033 0.029340997338294983
          0.02997412346303463 0.03046971932053566 0.030816422775387764 0.03101944923400879 0.031093250960111618 0.031055597588419914
          0.030924150720238686 0.030715014785528183 0.030442362651228905 0.03011862002313137 0.029754793271422386 0.029360705986618996
          0.028945090249180794 0.02851560153067112 0.02807857096195221 0.027639804407954216 0.027203727513551712 0.026774339377880096
          0.026354413479566574 0.0259456355124712 0.02554881013929844 0.02516409568488598 0.02479126863181591 0.024430086836218834
          0.024080632254481316 0.023743469268083572 0.02341940999031067 0.02310921810567379 0.022813398391008377 0.022531995549798012
          0.02226431667804718 0.022008759900927544 0.021762872114777565 0.021523913368582726
        </DataArray>
        <DataArray type="Float32" Name="CO_Gas_mass_fractions_4" format="ascii" RangeMin="1.3177351911532642e-15" RangeMax="0.29032060503959656">
          1.7377946859298277e-9 2.7290897719467466e-7 0.00002956530443043448 0.001715217949822545 0.04545091092586517 0.10826481878757477
          0.0983089953660965 0.09696720540523529 0.09767087548971176 0.0982564240694046 0.11273264139890671 0.12440017610788345
          0.13393579423427582 0.1425367146730423 0.15041911602020264 0.15765172243118286 0.16421377658843994 0.16993016004562378
          0.17435231804847717 0.17795756459236145 0.18222308158874512 0.18665462732315063 0.191326305270195 0.19631235301494598
          0.2017042636871338 0.2076302319765091 0.2142515331506729 0.22173930704593658 0.23021116852760315 0.23961356282234192
          0.24960871040821075 0.2596198618412018 0.2689302861690521 0.28486019372940063 0.10332988947629929 0.01778087206184864
          0.017755640670657158 0.017780307680368423 0.0178014375269413 0.01781887374818325 0.017832811921834946 0.017843443900346756
          0.017850905656814575 0.017855286598205566 0.0178566575050354 0.017855092883110046 0.01785070076584816 0.01784365251660347
          0.017834201455116272 0.01782270334661007 0.017809603363275528 0.01777617819607258 0.017734689638018608 0.01769205555319786
          0.017651554197072983 0.01761460490524769 0.017581719905138016 0.017552964389324188 0.017528170719742775 0.017507076263427734
          0.017489416524767876 0.017474981024861336 0.017463605850934982 0.017455115914344788 0.0174492746591568 0.017445730045437813
          0.01744401454925537 0.01744360476732254 0.017443962395191193 0.017444508150219917 9.034530346063718e-10 1.361362649276998e-7
          0.000013865063920093235 0.0007641767733730376 0.01922553963959217 0.10742097347974777 0.13767516613006592 0.15515568852424622
          0.12624840438365936 0.1411639004945755 0.16011250019073486 0.1799432784318924 0.19604462385177612 0.2016153484582901
          0.19936588406562805 0.1912752240896225 0.1770935356616974 0.15868593752384186 0.14174459874629974 0.13326998054981232
          0.1417701542377472 0.16683705151081085 0.18939006328582764 0.2062167227268219 0.21797293424606323 0.2265097200870514
          0.23367325961589813 0.24073050916194916 0.24828900396823883 0.25630301237106323 0.2640720009803772 0.2711661756038666
          0.2795814573764801 0.29032060503959656 0.08349628001451492 0.02078285813331604 0.024267451837658882 0.028239727020263672
          0.03208605572581291 0.03554287552833557 0.03851376101374626 0.04098528251051903 0.0429820753633976 0.04454590380191803
          0.045727524906396866 0.046583980321884155 0.04717573896050453 0.04756148159503937 0.047792308032512665 0.04789110645651817
          0.04786299914121628 0.047802478075027466 0.04772484302520752 0.04763650521636009 0.047541070729494095 0.0474412627518177
          0.047339919954538345 0.04724012687802315 0.04714500159025192 0.04705740883946419 0.04697983339428902 0.046914324164390564
          0.04686225578188896 0.04682395979762077 0.046798817813396454 0.04678491875529289 0.04677942022681236 0.046779245138168335
          0.04678160324692726 0.04678409546613693 4.1175135523374706e-10 5.856185580910278e-8 0.000005549946763494518 0.00028022585320286453
          0.006919907871633768 0.04322030767798424 0.07413708418607712 0.09973815083503723 0.14683663845062256 0.16159814596176147
          0.16671593487262726 0.1644890308380127 0.15301935374736786 0.13412757217884064 0.11116712540388107 0.08866742253303528
          0.07117534428834915 0.05905486270785332 0.05149276182055473 0.04905276745557785 0.05656283721327782 0.08733242005109787
          0.1385037750005722 0.18325930833816528 0.21340246498584747 0.2317759096622467 0.24333404004573822 0.25175678730010986
          0.25895950198173523 0.2654478847980499 0.2709254026412964 0.27526775002479553 0.2797868549823761 0.28958800435066223
          0.07146530598402023 0.022457534447312355 0.026463842019438744 0.03192391246557236 0.0375044010579586 0.04284428060054779
          0.04773600026965141 0.052052222192287445 0.05571449175477028 0.058680977672338486 0.06094245985150337 0.06252426654100418
          0.06348851323127747 0.06414077430963516 0.06452487409114838 0.06484456360340118 0.06541115790605545 0.06613089144229889
          0.06689798086881638 0.06766711920499802 0.06842956691980362 0.0691874548792839 0.06994187086820602 0.07069018483161926
          0.07142775505781174 0.07214931398630142 0.07284314930438995 0.07348832488059998 0.07405594736337662 0.07452654838562012
          0.07488744705915451 0.07514253258705139 0.07530809193849564 0.07540616393089294 0.07545886933803558 0.07548312842845917
          1.58233773306371e-10 2.1081033807490712e-8 0.0000018432925799061195 0.00008279251778731123 0.0018455438548699021 0.011831565760076046
          0.026367541402578354 0.04373905062675476 0.07751192897558212 0.09131359308958054 0.08568327873945236 0.07247881591320038
          0.056058187037706375 0.040595367550849915 0.029528042301535606 0.022546762600541115 0.017835911363363266 0.015369012951850891
          0.015454825013875961 0.017258480191230774 0.019227085635066032 0.03127292916178703 0.0743536502122879 0.14236211776733398
          0.19499650597572327 0.22501416504383087 0.24205315113067627 0.2526805102825165 0.26010438799858093 0.26523956656455994
          0.2667258679866791 0.2673240005970001 0.27433109283447266 0.28893181681632996 0.07980155199766159 0.03224264830350876
          0.02907678671181202 0.031754665076732635 0.03612487018108368 0.04102655500173569 0.04590959846973419 0.05044354498386383
          0.05453978478908539 0.056978825479745865 0.057187519967556 0.05549311265349388 0.053599778562784195 0.05191561579704285
          0.05026473104953766 0.04936951771378517 0.049041103571653366 0.04895876720547676 0.04895337298512459 0.04899000748991966
          0.049079228192567825 0.04924634471535683 0.04952501133084297 0.04995495826005936 0.05059036612510681 0.05152519792318344
          0.05280836671590805 0.054568056017160416 0.05671669542789459 0.05925684794783592 0.06219659000635147 0.06543979793787003
          0.06883746385574341 0.07219414412975311 0.07523632794618607 0.0776371881365776 4.963193050988579e-11 6.188168644172265e-9
          4.985921577826957e-7 0.000019721794160432182 0.0003764135472010821 0.002479756949469447 0.006531195715069771 0.012068121694028378
          0.02039508894085884 0.022521331906318665 0.019893553107976913 0.014771825633943081 0.00995336752384901 0.0071924724616110325
          0.005539281759411097 0.004382974002510309 0.004299777559936047 0.007367819547653198 0.014979718253016472 0.024884795770049095
          0.026422956958413124 0.02974027395248413 0.058146409690380096 0.10793864727020264 0.1572064608335495 0.19549885392189026
          0.22216038405895233 0.2391030490398407 0.24832668900489807 0.2517426609992981 0.25250744819641113 0.2581760883331299
          0.2709074914455414 0.2889326810836792 0.11231992393732071 0.060342490673065186 0.044629182666540146 0.0395401194691658
          0.038753870874643326 0.039947155863046646 0.04201125353574753 0.04431834816932678 0.04650506004691124 0.0481315478682518
          0.04900379851460457 0.04920506104826927 0.048953648656606674 0.04827868565917015 0.04737887531518936 0.046391408890485764
          0.04554268345236778 0.04499750956892967 0.04471325874328613 0.04455218091607094 0.04439014568924904 0.04415283724665642
          0.04381595179438591 0.0433957614004612 0.042934346944093704 0.04247824102640152 0.04206125810742378 0.041717834770679474
          0.04151858389377594 0.041553668677806854 0.04188193753361702 0.04252573847770691 0.043489228934049606 0.04477209225296974
          0.0463825948536396 0.04832863807678223 1.2345354773179995e-11 1.4439054396575557e-9 1.0746214229584439e-7 0.000003721857410710072
          0.00005984069866826758 0.00039110981742851436 0.0011090663028880954 0.0020864952821284533 0.0031055931467562914 0.003150791861116886
          0.002589439507573843 0.0018722998211160302 0.0015123046468943357 0.0012674680911004543 0.0010295344982296228 0.0010790328960865736
          0.003369026118889451 0.014003250747919083 0.03559079021215439 0.06014068424701691 0.07217276096343994 0.058806855231523514
          0.06370655447244644 0.0854935273528099 0.11739645898342133 0.15420088171958923 0.18736928701400757 0.21092168986797333
          0.22448121011257172 0.23217438161373138 0.23934772610664368 0.2509259581565857 0.2684142291545868 0.2875046730041504
          0.16515471041202545 0.10955669730901718 0.082091324031353 0.06722456216812134 0.05878237262368202 0.053878795355558395
          0.0509883388876915 0.04923803731799126 0.048113930970430374 0.047292955219745636 0.04661685973405838 0.04605202004313469
          0.04562472179532051 0.0453609861433506 0.0452742725610733 0.045347120612859726 0.04552697017788887 0.04572387784719467
          0.04585234075784683 0.04587697982788086 0.04585921764373779 0.04598398134112358 0.04636130481958389 0.0468355156481266
          0.04718271270394325 0.047228436917066574 0.046846434473991394 0.04591214284300804 0.04445856064558029 0.04279620572924614
          0.04125494137406349 0.04002445936203003 0.03917843848466873 0.03864090517163277 0.03832771256566048 0.03818698599934578
          2.3576858781265697e-12 2.597712045471212e-10 1.7976379496076333e-8 5.581489972428244e-7 0.000007393718078674283 0.0000468205580546055
          0.00013484974624589086 0.00024880378623493016 0.0003311395412310958 0.0003332914493512362 0.0002974064846057445 0.00028344636666588485
          0.0002785577089525759 0.0002539574052207172 0.00024028944608289748 0.0007462513167411089 0.005894432310014963 0.030298369005322456
          0.07524749636650085 0.1180429756641388 0.1385890245437622 0.11965369433164597 0.10512778162956238 0.10261695832014084
          0.11108960211277008 0.13097220659255981 0.15617288649082184 0.1795683652162552 0.1980723887681961 0.212806835770607
          0.2264333814382553 0.24207545816898346 0.26065200567245483 0.2791292667388916 0.2279912829399109 0.17893272638320923
          0.14516156911849976 0.12213674187660217 0.10599616914987564 0.09428385645151138 0.08546774089336395 0.07858589291572571
          0.07303568720817566 0.06844700872898102 0.06461114436388016 0.061431825160980225 0.05888501554727554 0.05698081851005554
          0.05573480576276779 0.05515426769852638 0.05522923171520233 0.05593165010213852 0.057216282933950424 0.059028442949056625
          0.06130927801132202 0.063935287296772 0.0666668564081192 0.06925414502620697 0.07140997797250748 0.07283465564250946
          0.07325567305088043 0.07247886806726456 0.07045944780111313 0.0673699602484703 0.06357600539922714 0.05953359976410866
          0.05565786361694336 0.05229848623275757 0.04963674023747444 0.04768542945384979 3.2790857160645837e-13 3.424210567870567e-11
          2.227294126910806e-9 6.400443908205489e-8 7.287315497706004e-7 0.000004275078936188947 0.000012474124559958 0.000023592809156980366
          0.000031666710128774866 0.00003816471144091338 0.000044975007767789066 0.000054940399422775954 0.00006394573574652895 0.00006930864765308797
          0.00010249345359625295 0.0007646461599506438 0.008404477499425411 0.04893447458744049 0.11261238902807236 0.1539970487356186
          0.16551291942596436 0.17104710638523102 0.1756114959716797 0.13999147713184357 0.1313760131597519 0.13539478182792664
          0.14667271077632904 0.16201995313167572 0.17869742214679718 0.1952609121799469 0.2114894539117813 0.2278967797756195
          0.2446650117635727 0.261385440826416 0.2630371153354645 0.2462579756975174 0.22320522367954254 0.20108291506767273
          0.1819067746400833 0.16571864485740662 0.15204638242721558 0.14038655161857605 0.1303360015153885 0.12160928547382355
          0.11402421444654465 0.10747914761304855 0.1019291952252388 0.09736085683107376 0.09377133101224899 0.09115466475486755
          0.08949500322341919 0.08876516669988632 0.08892746269702911 0.08993737399578094 0.09174314141273499 0.09427939355373383
          0.09746748954057693 0.10121122002601624 0.10539250075817108 0.10986500233411789 0.11445705592632294 0.11901486665010452
          0.12343938648700714 0.12762385606765747 0.13148233294487 0.13499732315540314 0.13820673525333405 0.14117318391799927
          0.1439274102449417 0.14642095565795898 2.9735637102580245e-14 2.96881551460626e-12 1.8439660909308486e-10 5.092252397531638e-9
          5.359028421025869e-8 2.9938439638499403e-7 9.052624818650656e-7 0.0000018349751371715683 0.0000028548756745294668 0.0000036161081879981793
          0.000007791893949615769 0.000013931294233771041 0.000021049141651019454 0.000028695505534415133 0.0000489184822072275 0.0004089015710633248
          0.006063431967049837 0.03969847783446312 0.09613858163356781 0.15142804384231567 0.18452823162078857 0.196564719080925
          0.20330284535884857 0.19712592661380768 0.17762692272663116 0.16411161422729492 0.16425737738609314 0.1705772876739502
          0.17944280803203583 0.1902025043964386 0.20229749381542206 0.21481746435165405 0.22749310731887817 0.24029642343521118
          0.2518203854560852 0.25956955552101135 0.2620885372161865 0.25986772775650024 0.2543574571609497 0.24692735075950623
          0.23854361474514008 0.22980354726314545 0.2210584133863449 0.21251925826072693 0.2043256163597107 0.19658324122428894
          0.18938161432743073 0.18279826641082764 0.17689749598503113 0.1717279553413391 0.1673201024532318 0.16367851197719574
          0.1607954055070877 0.15864741802215576 0.15719683468341827 0.15639111399650574 0.15616706013679504 0.1564556062221527
          0.1571848839521408 0.15828627347946167 0.15970203280448914 0.1613909751176834 0.1633220762014389 0.16546641290187836
          0.1677970439195633 0.17029142379760742 0.17292888462543488 0.17568673193454742 0.17853493988513947 0.18143174052238464
          1.3177351911532642e-15 1.273787255144307e-13 7.717074375357402e-12 2.1330505417527235e-10 2.249943120702369e-9 1.2804081350736851e-8
          4.226604488621888e-8 9.578571535939773e-8 1.6781673650712037e-7 2.5631447897467297e-7 6.727926233907056e-7 0.0000010109321237905533
          0.000005842676728207152 0.000011454510058683809 0.00001770553171809297 0.000025743043806869537 0.000049085054342867807 0.0002991007349919528
          0.006537149660289288 0.0671447366476059 0.1683015674352646 0.1739455610513687 0.17770034074783325 0.19549402594566345
          0.21846835315227509 0.23304562270641327 0.22391656041145325 0.21167081594467163 0.2096938192844391 0.21367217600345612
          0.22069312632083893 0.22871658205986023 0.23692193627357483 0.24496914446353912 0.2526031732559204 0.25955238938331604
          0.26551687717437744 0.27025115489959717 0.27366384863853455 0.2758052945137024 0.27680453658103943 0.27681857347488403
          0.27600276470184326 0.27449843287467957 0.2724297046661377 0.26990529894828796 0.2670212984085083 0.2638634741306305
          0.26050788164138794 0.2570211589336395 0.2534583806991577 0.24986998736858368 0.24629437923431396 0.24276624619960785
          0.23930951952934265 0.23593872785568237 0.2326606810092926 0.22947657108306885 0.22638434171676636 0.22338183224201202
          0.22046971321105957 0.21765288710594177 0.21493840217590332 0.21233278512954712 0.20984023809432983 0.20746080577373505
          0.20518818497657776 0.20300836861133575 0.20090065896511078 0.19884322583675385
        </DataArray>
        <DataArray type="Float32" Name="CO2_Gas_mass_fractions_5" format="ascii" RangeMin="2.968408328927856e-15" RangeMax="0.30274122953414917">
          2.680435873259057e-9 4.0915915633377153e-7 0.000044383170461514965 0.003449829062446952 0.28298747539520264 0.1036582738161087
          0.09000389277935028 0.08686330914497375 0.08591454476118088 0.0854305624961853 0.09214790910482407 0.09759996086359024
          0.10190640389919281 0.10589965432882309 0.10967070609331131 0.11328721791505814 0.11691529303789139 0.12116267532110214
          0.1273626685142517 0.1342190057039261 0.1387713998556137 0.14246489107608795 0.14533008635044098 0.1474628448486328
          0.14898137748241425 0.1500081866979599 0.15066421031951904 0.15107932686805725 0.15140973031520844 0.15184876322746277
          0.15262149274349213 0.15396712720394135 0.15632770955562592 0.16889895498752594 0.06160098314285278 0.009432923048734665
          0.00941518321633339 0.009428329765796661 0.009439589455723763 0.009448881261050701 0.009456311352550983 0.009461980313062668
          0.009465958923101425 0.009468297474086285 0.009469031356275082 0.009468200616538525 0.00946586299687624 0.00946210790425539
          0.00945707131177187 0.0094509432092309 0.009443960152566433 0.009426134638488293 0.009404008276760578 0.00938127189874649
          0.009359671734273434 0.00933996681123972 0.00932243186980486 0.00930709857493639 0.009293878450989723 0.009282630868256092
          0.009273216128349304 0.009265521541237831 0.009259458631277084 0.009254933334887028 0.009251819923520088 0.009249931201338768
          0.009249016642570496 0.009248797781765461 0.009248988702893257 0.009249279275536537 1.4271648307584428e-9 2.098660019100862e-7
          0.000022622527467319742 0.0021119839511811733 0.2956487238407135 0.21547500789165497 0.1969013810157776 0.18074804544448853
          0.119953453540802 0.12336043268442154 0.13189564645290375 0.14382809400558472 0.15881504118442535 0.1723872721195221
          0.18617181479930878 0.20209285616874695 0.22066257894039154 0.23862163722515106 0.249925896525383 0.2538266181945801
          0.24588686227798462 0.22209283709526062 0.19879469275474548 0.18073169887065887 0.16856680810451508 0.16125187277793884
          0.15722794830799103 0.15524645149707794 0.15458455681800842 0.15494023263454437 0.15616802871227264 0.15836340188980103
          0.16618162393569946 0.18157677352428436 0.0509302020072937 0.011036057025194168 0.012888033874332905 0.01500637736171484
          0.01705753058195114 0.018900981172919273 0.020485354587435722 0.021803515031933784 0.022868622094392776 0.02370295487344265
          0.02433357760310173 0.024790896102786064 0.025107134133577347 0.025313545018434525 0.025437334552407265 0.02549041621387005
          0.025475110858678818 0.02544211968779564 0.02539973333477974 0.02535145729780197 0.025299275293946266 0.025244679301977158
          0.025189222767949104 0.025134600698947906 0.025082513689994812 0.02503453567624092 0.02499202825129032 0.024956118315458298
          0.02492755837738514 0.024906545877456665 0.024892739951610565 0.02488509938120842 0.02488207258284092 0.02488197200000286
          0.024883264675736427 0.024884633719921112 6.650647255135311e-10 9.199036554718987e-8 0.000009215494173986372 0.0007629911997355521
          0.08232239633798599 0.11938825249671936 0.13696272671222687 0.14790035784244537 0.1462855488061905 0.15295806527137756
          0.18419018387794495 0.20498883724212646 0.22759608924388885 0.24742507934570312 0.26323744654655457 0.2748241126537323
          0.2820623517036438 0.286299467086792 0.2887501120567322 0.2894800901412964 0.2860601544380188 0.26971906423568726
          0.23776541650295258 0.2066737860441208 0.184300035238266 0.17073176801204681 0.16343724727630615 0.16007891297340393
          0.1592332273721695 0.16012084484100342 0.16246317327022552 0.16988956928253174 0.18373951315879822 0.1925848424434662
          0.04433313384652138 0.012025264091789722 0.01406153105199337 0.016976581886410713 0.019961228594183922 0.02282368578016758
          0.025453070178627968 0.027779987081885338 0.029760336503386497 0.031369399279356 0.03260026499629021 0.03346464782953262
          0.033994972705841064 0.034357357770204544 0.03457406163215637 0.034755270928144455 0.03507086634635925 0.03546983748674393
          0.03589455783367157 0.036320339888334274 0.03674246743321419 0.037162188440561295 0.03758016601204872 0.03799501061439514
          0.038404159247875214 0.03880458325147629 0.03918953984975815 0.039547279477119446 0.03986160829663277 0.04012162238359451
          0.040320295840501785 0.040459729731082916 0.04054918512701988 0.040601663291454315 0.04063066095113754 0.04064582288265228
          2.6191390722907215e-10 3.3788587927574554e-8 0.0000030839532882964704 0.0002123878221027553 0.016933726146817207 0.03690154477953911
          0.055399246513843536 0.07276125252246857 0.09639999270439148 0.15438634157180786 0.26125842332839966 0.27348339557647705
          0.28402358293533325 0.29139167070388794 0.2955028712749481 0.2975802719593048 0.2987922430038452 0.2993735074996948
          0.2993347644805908 0.29889747500419617 0.2982478141784668 0.2928769886493683 0.2710682451725006 0.23341494798660278
          0.20221634209156036 0.18376202881336212 0.17387361824512482 0.16929388046264648 0.16823184490203857 0.17019227147102356
          0.17783375084400177 0.18950480222702026 0.19832724332809448 0.19996708631515503 0.05113839730620384 0.01879316382110119
          0.015982812270522118 0.017070135101675987 0.019282838329672813 0.02186502516269684 0.024473220109939575 0.026909489184617996
          0.029117072001099586 0.03043040633201599 0.030530693009495735 0.029596861451864243 0.028567543253302574 0.027664540335536003
          0.026784934103488922 0.02630903385579586 0.026138151064515114 0.026101041585206985 0.026106951758265495 0.026137711480259895
          0.02619965374469757 0.02630705200135708 0.026478828862309456 0.026737764477729797 0.02711573801934719 0.02766839787364006
          0.028426330536603928 0.029469259083271027 0.030751818791031837 0.032282426953315735 0.03407259285449982 0.03606907278299332
          0.038181908428668976 0.0402870737016201 0.04220735281705856 0.04373033717274666 8.450948968397043e-11 1.016642414697344e-8
          8.437303904429427e-7 0.000048282126954291016 0.002850900636985898 0.00830246414989233 0.015249227173626423 0.022852452471852303
          0.07872743904590607 0.2866845726966858 0.2962002158164978 0.298713356256485 0.3005146086215973 0.3013184666633606
          0.30168864130973816 0.30190223455429077 0.30184972286224365 0.3010728657245636 0.29929670691490173 0.2970260679721832
          0.29660022258758545 0.2948339283466339 0.28076285123825073 0.25529637932777405 0.22895431518554688 0.20780830085277557
          0.1932906061410904 0.18536686897277832 0.18379321694374084 0.18811672925949097 0.19683688879013062 0.20427542924880981
          0.20777985453605652 0.20517422258853912 0.075078584253788 0.03848370164632797 0.026972534134984016 0.02282784692943096
          0.021673982962965965 0.021910540759563446 0.022786207497119904 0.023887043818831444 0.024977579712867737 0.025797974318265915
          0.02622993104159832 0.02631128765642643 0.02615649625658989 0.025780167430639267 0.025285489857196808 0.024746259674429893
          0.024297038093209267 0.02402302995324135 0.023888112977147102 0.023813702166080475 0.023736096918582916 0.023618850857019424
          0.023448539897799492 0.023230917751789093 0.022986315190792084 0.02273874171078205 0.02250565215945244 0.0223061665892601
          0.022182947024703026 0.0221913643181324 0.022367529571056366 0.022725217044353485 0.02326754480600357 0.023995783179998398
          0.024917619302868843 0.02604244463145733 2.17478621916678e-11 2.449082048272544e-9 1.856605393868449e-7 0.000008938955033954699
          0.0004009144613519311 0.0013934122398495674 0.002896904945373535 0.019612135365605354 0.10664178431034088 0.3009507358074188
          0.30217182636260986 0.30239829421043396 0.3024806082248688 0.3025193214416504 0.30255138874053955 0.30250680446624756
          0.3019115626811981 0.29943665862083435 0.2946120798587799 0.2891344130039215 0.2863221764564514 0.288703978061676
          0.28340116143226624 0.2717818021774292 0.25519120693206787 0.23578953742980957 0.21851997077465057 0.2075595110654831
          0.20407456159591675 0.20611315965652466 0.21042689681053162 0.21350501477718353 0.21371504664421082 0.2097892165184021
          0.11420664191246033 0.07341825217008591 0.05329017713665962 0.042283594608306885 0.03591352328658104 0.032104939222335815
          0.029771003872156143 0.028295336291193962 0.027315914630889893 0.026606334373354912 0.026047833263874054 0.025600269436836243
          0.02526308223605156 0.025040021166205406 0.024929789826273918 0.024916596710681915 0.024963635951280594 0.02501772530376911
          0.02503199502825737 0.02499210834503174 0.024944284930825233 0.025013357400894165 0.02526603639125824 0.02558709681034088
          0.025824908167123795 0.02586779184639454 0.0256397295743227 0.025068216025829315 0.02417938970029354 0.023168044164776802
          0.022235874086618423 0.021496253088116646 0.02099209651350975 0.020675931125879288 0.02049621380865574 0.020421551540493965
          4.331391148526542e-12 4.5945428017724055e-10 3.2123736559697136e-8 0.0000013304415915627033 0.000046096567530184984 0.00017607912013772875
          0.0004543698451016098 0.026153704151511192 0.17435260117053986 0.3022506833076477 0.302693635225296 0.30269643664360046
          0.3026924133300781 0.30269113183021545 0.3026842176914215 0.3025377690792084 0.3012668192386627 0.2957684099674225
          0.2859348952770233 0.27625635266304016 0.2706771194934845 0.2742084264755249 0.2761520445346832 0.27387237548828125
          0.2666686475276947 0.25455549359321594 0.2409089207649231 0.22977454960346222 0.2231820523738861 0.22061656415462494
          0.22034676373004913 0.22011378407478333 0.2185523509979248 0.21499495208263397 0.1643954962491989 0.12462669610977173
          0.09857448935508728 0.08121391385793686 0.06922636926174164 0.06064396724104881 0.05427839979529381 0.04939505085349083
          0.0455344133079052 0.04240967333316803 0.03985017538070679 0.0377645269036293 0.03611307963728905 0.03488251566886902
          0.03406624495983124 0.03365558385848999 0.03363370895385742 0.03397582471370697 0.03464959189295769 0.035620417445898056
          0.03685439005494118 0.03827382251620293 0.03972436115145683 0.04105484485626221 0.04209676757454872 0.04268033057451248
          0.04265725985169411 0.041928719729185104 0.04048515111207962 0.03844411298632622 0.03603266552090645 0.03352534398436546
          0.03116593137383461 0.029155045747756958 0.027589477598667145 0.026464253664016724 6.348999559598056e-13 6.397694179982594e-11
          4.190302771434062e-9 1.5452299351181864e-7 0.000004230252670822665 0.00001716556835162919 0.00005071194391348399 0.002806163625791669
          0.18962383270263672 0.30217304825782776 0.3027350604534149 0.3027329742908478 0.30272728204727173 0.30272164940834045
          0.30270683765411377 0.30252453684806824 0.3006872534751892 0.2917628586292267 0.27781304717063904 0.2673565149307251
          0.2620319128036499 0.2579030990600586 0.254829466342926 0.26396992802619934 0.2640555500984192 0.2596268355846405
          0.2525927722454071 0.2447655349969864 0.23789481818675995 0.23284080624580383 0.22949698567390442 0.22703346610069275
          0.2245216965675354 0.22138731181621552 0.20698575675487518 0.18403257429599762 0.1612415760755539 0.1420038789510727
          0.12650784850120544 0.11408741772174835 0.10402698814868927 0.09575280547142029 0.0888475552201271 0.08302325010299683
          0.0780910849571228 0.07393538951873779 0.0704919695854187 0.06772779673337936 0.06562349945306778 0.06416302174329758
          0.06332821398973465 0.06309675425291061 0.06344188004732132 0.06433528661727905 0.06574558466672897 0.06763078272342682
          0.0699368566274643 0.07259316742420197 0.07550989836454391 0.07857384532690048 0.08165410161018372 0.08464332669973373
          0.08748306334018707 0.09010113030672073 0.09243392199277878 0.09446365386247635 0.0962057039141655 0.09768697619438171
          0.09890872240066528 0.09981976449489594 6.152200195683535e-14 5.9553976333726055e-12 3.7350689208182075e-10 1.2875698729430951e-8
          2.9251734190438583e-7 0.000001283153210351884 0.000004232476840115851 0.00021733224275521934 0.036487460136413574 0.1583257019519806
          0.30210793018341064 0.30273836851119995 0.3027379512786865 0.30273202061653137 0.3027219772338867 0.3026221692562103
          0.3012915849685669 0.29393622279167175 0.28122520446777344 0.2672763764858246 0.2566272020339966 0.2501510977745056
          0.24599605798721313 0.24648652970790863 0.25128409266471863 0.253298819065094 0.2508433163166046 0.24722908437252045
          0.2434239685535431 0.23974788188934326 0.23649662733078003 0.23375917971134186 0.23118235170841217 0.2284954935312271
          0.22467194497585297 0.21879076957702637 0.21084538102149963 0.20171195268630981 0.19237008690834045 0.18345974385738373
          0.17528486251831055 0.16793499886989594 0.16139380633831024 0.15560674667358398 0.15051649510860443 0.14607805013656616
          0.142262801527977 0.13905593752861023 0.13645131886005402 0.1344468891620636 0.13304033875465393 0.13221989572048187
          0.1319740116596222 0.132286936044693 0.13313747942447662 0.13449564576148987 0.13632360100746155 0.13857725262641907
          0.14120633900165558 0.14415910840034485 0.14739209413528442 0.1508823186159134 0.1546226441860199 0.15861031413078308
          0.1628451943397522 0.1673310548067093 0.17206579446792603 0.17702646553516388 0.18215018510818481 0.18731719255447388
          2.968408328927856e-15 2.800735446513436e-13 1.7293900686499164e-11 5.902022759407544e-10 1.2082808531488354e-8 5.964601257346658e-8
          2.2130446097889944e-7 0.000009418092304258607 0.0015883195446804166 0.1403607875108719 0.17338156700134277 0.25357890129089355
          0.3026276230812073 0.30274122953414917 0.3027375638484955 0.30273139476776123 0.30272072553634644 0.30265387892723083
          0.3012106716632843 0.2883605659008026 0.26675859093666077 0.26210659742355347 0.25749891996383667 0.25020357966423035
          0.24190355837345123 0.23608338832855225 0.23680870234966278 0.23874688148498535 0.23800347745418549 0.2364385575056076
          0.2345854490995407 0.2327224612236023 0.2308768481016159 0.22905562818050385 0.22723375260829926 0.22536195814609528
          0.2233789712190628 0.22126434743404388 0.21907266974449158 0.21688157320022583 0.2147659808397293 0.21278487145900726
          0.21097858250141144 0.20937186479568481 0.20797815918922424 0.2068040668964386 0.20585273206233978 0.20512564480304718
          0.20462311804294586 0.20434418320655823 0.2042843997478485 0.20444121956825256 0.2048075795173645 0.2053784728050232
          0.20614472031593323 0.20709328353405 0.20820783078670502 0.20946979522705078 0.21085982024669647 0.21236054599285126
          0.21396002173423767 0.2156543880701065 0.21744747459888458 0.21934884786605835 0.22137227654457092 0.22353298962116241
          0.22584237158298492 0.22830058634281158 0.23088806867599487 0.2335580587387085
        </DataArray>
        <DataArray type="Float32" Name="H2_Gas_mass_fractions_6" format="ascii" RangeMin="2.2327134686067195e-16" RangeMax="0.04955776408314705">
          2.9711635929352553e-10 4.6752639093483594e-8 0.000005076810793980258 0.0002938719990197569 0.007651828695088625 0.016194062307476997
          0.014886618591845036 0.014775188639760017 0.014957787469029427 0.015090640634298325 0.017662763595581055 0.01973593421280384
          0.021434659138321877 0.02296493947505951 0.02436661347746849 0.025653410702943802 0.026824133470654488 0.027854720130562782
          0.02868037298321724 0.02937201038002968 0.03015751950442791 0.030964842066168785 0.03180709853768349 0.03269810602068901
          0.03365498036146164 0.034701354801654816 0.03586672991514206 0.03718264400959015 0.03867190703749657 0.04032816365361214
          0.042095478624105453 0.043875016272068024 0.04554305225610733 0.04847319424152374 0.017644111067056656 0.003060445189476013
          0.003056186018511653 0.003060432616621256 0.003064069664105773 0.0030670706182718277 0.003069469938054681 0.0030712999869138002
          0.003072584280744195 0.003073338186368346 0.0030735742766410112 0.0030733048915863037 0.0030725491233170033 0.003071335842832923
          0.0030697090551257133 0.003067729761824012 0.0030654750298708677 0.0030597217846661806 0.003052580403164029 0.00304524227976799
          0.003038270864635706 0.003031910862773657 0.0030262507498264313 0.0030213012360036373 0.003017033450305462 0.00301340245641768
          0.0030103628523647785 0.003007878316566348 0.0030059204436838627 0.0030044589657336473 0.00300345360301435 0.003002843353897333
          0.00300254812464118 0.003002477576956153 0.003002539277076721 0.0030026331078261137 1.5437970346532381e-10 2.3318420971918385e-8
          0.000002380283376623993 0.00013101755757816136 0.003277468029409647 0.01751694455742836 0.022736139595508575 0.025712983682751656
          0.019690148532390594 0.0221787728369236 0.025480851531028748 0.029045619070529938 0.03210345283150673 0.03340131416916847
          0.033314164727926254 0.03217845410108566 0.029966870322823524 0.026985276490449905 0.024175304919481277 0.022757310420274734
          0.02417708933353424 0.028323646634817123 0.03203016519546509 0.0347864031791687 0.03671598434448242 0.03813323751091957
          0.03934590518474579 0.04056347906589508 0.041885580867528915 0.043301425874233246 0.044685594737529755 0.045961711555719376
          0.04752452298998833 0.04955776408314705 0.014284394681453705 0.0035771611146628857 0.004177031107246876 0.004860759247094393
          0.005522808525711298 0.006117813289165497 0.006629176903516054 0.007054587360471487 0.00739828497171402 0.0076674590818583965
          0.00787084549665451 0.00801826361566782 0.008120120503008366 0.008186516351997852 0.008226247504353523 0.008243253454566002
          0.008238415233790874 0.008227997459471226 0.008214634843170643 0.008199428208172321 0.008183001540601254 0.008165821433067322
          0.008148377761244774 0.008131200447678566 0.008114825934171677 0.008099748753011227 0.00808639544993639 0.00807511992752552
          0.008066156879067421 0.008059564977884293 0.008055238053202629 0.008052845485508442 0.008051899261772633 0.00805186852812767
          0.008052274584770203 0.008052702993154526 7.031750876018705e-11 1.0027823904579236e-8 9.526024200567917e-7 0.00004806873039342463
          0.0011831448646262288 0.007244423497468233 0.012512564659118652 0.016932616010308266 0.023924777284264565 0.026271110400557518
          0.02732411026954651 0.02725902386009693 0.025631560012698174 0.02266157977283001 0.018899010494351387 0.01513636764138937
          0.01217886246740818 0.010116209276020527 0.008825747296214104 0.008409596979618073 0.00968917552381754 0.014905431307852268
          0.023531919345259666 0.03104417771100998 0.03608882799744606 0.039165206253528595 0.041115280240774155 0.04255981370806694
          0.04381974786520004 0.04497462883591652 0.04596726968884468 0.04681137949228287 0.0477386936545372 0.049531206488609314
          0.01224319264292717 0.0038649810012429953 0.004555074963718653 0.005494893528521061 0.006455441936850548 0.007374574430286884
          0.008216566406190395 0.008959502913057804 0.009589878842234612 0.01010049320757389 0.010489773005247116 0.010762050747871399
          0.01092802919447422 0.011040305718779564 0.011106422170996666 0.01116145122796297 0.011258979327976704 0.011382866650819778
          0.011514907702803612 0.011647299863398075 0.011778539046645164 0.011908994987607002 0.012038851156830788 0.01216765958815813
          0.012294615618884563 0.012418817728757858 0.012538245879113674 0.012649298645555973 0.012747001834213734 0.012828003615140915
          0.012890125624835491 0.012934031896293163 0.012962528504431248 0.012979408726096153 0.012988481670618057 0.012992657721042633
          2.7004556577003846e-11 3.6081748699956506e-9 3.163122244131955e-7 0.000014209024811862037 0.0003158616600558162 0.002005647635087371
          0.004482890944927931 0.007454399019479752 0.01290911715477705 0.01519016083329916 0.014342216774821281 0.012224385514855385
          0.009520906023681164 0.006930060219019651 0.005055347457528114 0.0038641849532723427 0.003057201160117984 0.002633906900882721
          0.0026488208677619696 0.0029589193873107433 0.003296064445748925 0.005347465164959431 0.012659624218940735 0.024172645062208176
          0.03306398168206215 0.03812982887029648 0.04101390764117241 0.04283253476023674 0.04412861168384552 0.04505563899874687
          0.045399658381938934 0.04561890289187431 0.04691742733120918 0.049477268010377884 0.013681920245289803 0.005541887599974871
          0.005002443678677082 0.00546492263674736 0.00621770927682519 0.007061613257974386 0.00790216401219368 0.008682582527399063
          0.0093876663595438 0.009807503782212734 0.009843430481851101 0.009551775641739368 0.009225879795849323 0.00893598422408104
          0.008651814423501492 0.008497719652950764 0.00844118744134903 0.008427013643085957 0.00842608418315649 0.008432391099631786
          0.00844775140285492 0.008476522751152515 0.008524496108293533 0.008598512969911098 0.008707897737622261 0.008868826553225517
          0.009089719504117966 0.009392640553414822 0.009762516245245934 0.01019978616386652 0.01070584449917078 0.011264143511652946
          0.011849034577608109 0.012426869943737984 0.012950570322573185 0.013363869860768318 8.463843341466326e-12 1.058512721918703e-9
          8.552921570981198e-8 0.0000033859741961350664 0.00006447354826377705 0.00042260016198270023 0.0011144127929583192 0.002061611507087946
          0.0034447922371327877 0.0038041207008063793 0.003373952116817236 0.0025173730682581663 0.0017021020175889134 0.001231061527505517
          0.0009470116929151118 0.0007473979494534433 0.0007319567375816405 0.0012584918877109885 0.0025668346788734198 0.004269888158887625
          0.0045339385978877544 0.005096924491226673 0.009924069978296757 0.018377624452114105 0.0267319455742836 0.033219896256923676
          0.03774139657616615 0.04063082113862038 0.04223501309752464 0.04288090765476227 0.04310031980276108 0.04415392130613327
          0.046395860612392426 0.04951530322432518 0.01926197111606598 0.010358895175158978 0.007668040227144957 0.006798155140131712
          0.006665954366326332 0.0068731121718883514 0.007229446433484554 0.007627211511135101 0.008004028350114822 0.008284262381494045
          0.008434565737843513 0.008469299413263798 0.008426067419350147 0.00830990169197321 0.008155024610459805 0.007985055446624756
          0.007838952355086803 0.007745082024484873 0.007696118671447039 0.007668361999094486 0.007640448864549398 0.007599585223942995
          0.007541588973253965 0.007469261530786753 0.0073898485861718655 0.007311359513550997 0.007239615079015493 0.0071805426850914955
          0.007146291434764862 0.007152373902499676 0.007208914030343294 0.0073197572492063046 0.007485620677471161 0.007706452161073685
          0.0079836780205369 0.008318661712110043 2.103397317432254e-12 2.467900050984184e-10 1.842323982259586e-8 6.388260658241052e-7
          0.000010258338079438545 0.00006685242260573432 0.0001896716858027503 0.00035709014628082514 0.0005291462293826044 0.0005368226557038724
          0.00044151139445602894 0.00031876435969024897 0.00025627471040934324 0.0002131821383954957 0.0001710797951091081 0.00017818555352278054
          0.0005704856594093144 0.0023983365390449762 0.006110831629484892 0.010333078913390636 0.012402256950736046 0.010099745355546474
          0.010912908241152763 0.014611462131142616 0.02002904936671257 0.026276448741555214 0.03190997242927551 0.03592514246702194
          0.03826643154025078 0.039633069187402725 0.040924251079559326 0.04296467453241348 0.04600456729531288 0.04929861053824425
          0.0283274594694376 0.01879916898906231 0.014092350378632545 0.011545136570930481 0.0100993188098073 0.009260142222046852
          0.00876602716743946 0.008467252366244793 0.008275664411485195 0.00813582818955183 0.008020610548555851 0.007924284785985947
          0.007851413451135159 0.007806501351296902 0.007791895419359207 0.007804619614034891 0.007835663855075836 0.007869577966630459
          0.007891674526035786 0.007895884104073048 0.007892790250480175 0.007914218120276928 0.007979107089340687 0.008060677908360958
          0.008120406419038773 0.008128274232149124 0.008062556385993958 0.007901821285486221 0.0076517462730407715 0.007365756668150425
          0.0071006049402058125 0.006888928823173046 0.006743402220308781 0.006650951225310564 0.006597096566110849 0.006572914309799671
          4.0127206028459095e-13 4.435434658445203e-11 3.0791802441143545e-9 9.575793313842951e-8 0.0000012674848903770908 0.000008018330845516175
          0.000023101642000256106 0.00004264948074705899 0.00005670096288667992 0.000056361859606113285 0.000049240494263358414 0.00004580077074933797
          0.00004388185698189773 0.000038503334508277476 0.00003483413820504211 0.00012023129966109991 0.001003914512693882 0.005200458224862814
          0.012931608594954014 0.02029111236333847 0.023821339011192322 0.02056259848177433 0.018056171014904976 0.017604919150471687
          0.01902477815747261 0.02238999679684639 0.02666858211159706 0.030655115842819214 0.03382934257388115 0.036380380392074585
          0.038754113018512726 0.041473474353551865 0.04468904808163643 0.04787784442305565 0.03911411762237549 0.030703842639923096
          0.02491408959031105 0.020966777577996254 0.01819993555545807 0.016192417591810226 0.014681480824947357 0.013502156361937523
          0.012551110237836838 0.01176486536860466 0.01110764779150486 0.010562975890934467 0.010126767680048943 0.00980079360306263
          0.00958776380866766 0.009488960728049278 0.009502701461315155 0.009624195285141468 0.009845691733062267 0.010157815180718899
          0.01055047195404768 0.011002440005540848 0.011472518555819988 0.011917739175260067 0.01228870078921318 0.012533850967884064
          0.012606306932866573 0.01247266586869955 0.012125221081078053 0.011593659408390522 0.01094088889658451 0.01024536695331335
          0.009578521363437176 0.009000521153211594 0.008542558178305626 0.008206836879253387 5.573777659036161e-14 5.839152945885662e-12
          3.8106762190182053e-10 1.097275603711978e-8 1.2489931577874813e-7 7.323596378228103e-7 0.000002138223862857558 0.000004047521088068606
          0.000005413919097918551 0.000005881171546207042 0.000006058336111891549 0.000006723224032612052 0.00000720716752766748 0.0000069739944592583925
          0.000011306407031952403 0.0001234464580193162 0.0014355735620483756 0.008406109176576138 0.019357744604349136 0.02647031657397747
          0.02844139374792576 0.02938334457576275 0.030161047354340553 0.024035047739744186 0.02253749594092369 0.023202966898679733
          0.025111405178904533 0.027722811326384544 0.030574698001146317 0.033421557396650314 0.03622201830148697 0.03905725106596947
          0.041952576488256454 0.04483646899461746 0.04513140395283699 0.042260441929101944 0.0383104532957077 0.034518539905548096
          0.031231235712766647 0.028456037864089012 0.026112118735909462 0.024113209918141365 0.022390205413103104 0.02089417539536953
          0.019593898206949234 0.0184719767421484 0.017520740628242493 0.016737952828407288 0.016123119741678238 0.015675228089094162
          0.015391620807349682 0.015267684124410152 0.015296947211027145 0.015471765771508217 0.0157832782715559 0.01622029021382332
          0.016769293695688248 0.017413733527064323 0.01813334971666336 0.018903013318777084 0.019693195819854736 0.02047743834555149
          0.021238675341010094 0.021958589553833008 0.02262241207063198 0.023227134719491005 0.023779291659593582 0.02428966574370861
          0.024763548746705055 0.025192616507411003 5.046859468966353e-15 5.054709363745691e-13 3.150110727823119e-11 8.720539290685281e-10
          9.179568216666212e-9 5.127188273945649e-8 1.5511452033933892e-7 3.1462465699405584e-7 4.881578092863492e-7 5.94762582295516e-7
          6.460152235376881e-7 7.418435643558041e-7 8.887491276254877e-7 0.0000010386860367361805 0.0000031734668937133392 0.00006344387657009065
          0.0010341338347643614 0.006818091496825218 0.016523007303476334 0.026025284081697464 0.031705763190984726 0.03376220911741257
          0.034910425543785095 0.03384292125701904 0.030488157644867897 0.028152789920568466 0.028160063549876213 0.02923281490802765
          0.030747514218091965 0.032593049108982086 0.034673627465963364 0.036830734461545944 0.03901504725217819 0.041220519691705704
          0.04320558160543442 0.04454212635755539 0.04498045891523361 0.04460474103689194 0.04366391524672508 0.04239309951663017
          0.040958184748888016 0.03946174308657646 0.0379641130566597 0.036501556634902954 0.03509805351495743 0.033771783113479614
          0.032538123428821564 0.03141041472554207 0.030399706214666367 0.02951437048614025 0.028759656473994255 0.0281363632529974
          0.027643170207738876 0.02727608010172844 0.027028625831007957 0.026891794055700302 0.02685474045574665 0.026905613020062447
          0.027032067999243736 0.02722233347594738 0.02746649459004402 0.02775748446583748 0.028089985251426697 0.028459029272198677
          0.028859995305538177 0.029289014637470245 0.029742540791630745 0.030216680839657784 0.030706284567713737 0.031204191967844963
          2.2327134686067195e-16 2.164787853099412e-14 1.315899320931957e-12 3.647334517742351e-11 3.8497824372818457e-10 2.190934766943542e-9
          7.235948285000404e-9 1.6404493763388928e-8 2.8678130092885112e-8 4.0501813458604374e-8 9.582773685679058e-8 1.2024143813960109e-7
          1.1189209203621431e-7 1.0423077156929139e-7 1.1215334438929858e-7 3.0109143267509353e-7 0.0000029189018277975265 0.00004416103911353275
          0.0011149304918944836 0.011539102531969547 0.028935860842466354 0.029896432533860207 0.030530808493494987 0.03357887640595436
          0.03751645237207413 0.040010422468185425 0.03843013197183609 0.03631635382771492 0.03596806153655052 0.03664900362491608
          0.037856392562389374 0.03923748433589935 0.04064995422959328 0.04203494265675545 0.04334856569766998 0.0445442870259285
          0.0455707423388958 0.04638590291142464 0.04697415232658386 0.0473441444337368 0.047518063336610794 0.04752284288406372
          0.04738515242934227 0.04712924361228943 0.0467764176428318 0.04634533077478409 0.04585247486829758 0.04531254991889
          0.044738613069057465 0.04414210096001625 0.04353245720267296 0.042918335646390915 0.0423063226044178 0.04170236736536026
          0.0411105751991272 0.040533434599637985 0.03997211903333664 0.03942682966589928 0.03889721632003784 0.03838290274143219
          0.03788400813937187 0.03740137442946434 0.036936204880476 0.03648962453007698 0.036062341183423996 0.03565436974167824
          0.03526461869478226 0.03489068150520325 0.03452902287244797 0.03417590260505676
        </DataArray>
        <DataArray type="Float32" Name="CH4_Gas_mass_fractions_7" format="ascii" RangeMin="2.8093041482748907e-16" RangeMax="0.06191117689013481">
          3.708962303949903e-10 5.826630200544969e-8 0.000006315361133601982 0.0003661994996946305 0.009680335409939289 0.022801987826824188
          0.020728085190057755 0.020456746220588684 0.020614711567759514 0.020743748173117638 0.02384386770427227 0.026342470198869705
          0.028385059908032417 0.0302271731197834 0.03191528841853142 0.03346431627869606 0.034870121628046036 0.03609607368707657
          0.03704795241355896 0.03782624751329422 0.03874305635690689 0.03969447687268257 0.040696363896131516 0.04176469147205353
          0.04291915521025658 0.044187307357788086 0.04560378938913345 0.0472053661942482 0.049017466604709625 0.05102899298071861
          0.05316810682415962 0.05531174689531326 0.05730685219168663 0.06072895601391792 0.02203586883842945 0.0037946393713355064
          0.0037892849650233984 0.0037945504300296307 0.0037990594282746315 0.0038027800619602203 0.0038057544734328985 0.0038080234080553055
          0.0038096155039966106 0.003810550319030881 0.003810842987149954 0.003810509108006954 0.0038095719646662474 0.0038080678787082434
          0.0038060510996729136 0.0038035972975194454 0.0038008016999810934 0.0037936691660434008 0.0037848155479878187 0.0037757179234176874
          0.003767075017094612 0.00375918997451663 0.00375217292457819 0.0037460364401340485 0.003740745596587658 0.003736244048923254
          0.0037324754521250725 0.003729395102709532 0.00372696784324944 0.0037251559551805258 0.003723909379914403 0.0037231529131531715
          0.0037227869033813477 0.003722699359059334 0.003722775960341096 0.003722892142832279 1.9281141960814097e-10 2.906471507913011e-8
          0.000002961424797831569 0.00016316937399096787 0.004099756944924593 0.022807031869888306 0.02926616184413433 0.0329936221241951
          0.026691172271966934 0.029865041375160217 0.03391466662287712 0.03816639259457588 0.041638925671577454 0.04287029057741165
          0.042427513748407364 0.04073241725564003 0.03773357719182968 0.03382717818021774 0.03022356890141964 0.02841908670961857
          0.030227849259972572 0.03555794805288315 0.040350642055273056 0.04392534866929054 0.04642336070537567 0.048239246010780334
          0.04976585879921913 0.05127257853746414 0.05288848280906677 0.054603446274995804 0.05626734718680382 0.05778813362121582
          0.05959773063659668 0.06191117689013481 0.01780928112566471 0.0044352393597364426 0.005178870167583227 0.006026534363627434
          0.006847321055829525 0.007584988139569759 0.008218958973884583 0.008746367879211903 0.009172472171485424 0.009506183676421642
          0.00975833460688591 0.009941095486283302 0.010067371651530266 0.01014968566596508 0.010198940522968769 0.01022002287209034
          0.01021402608603239 0.010201115161180496 0.010184552520513535 0.010165706276893616 0.010145344771444798 0.01012405101209879
          0.010102429427206516 0.010081139393150806 0.010060843080282211 0.010042155161499977 0.01002560369670391 0.010011627338826656
          0.010000517591834068 0.009992348030209541 0.009986983612179756 0.009984017349779606 0.009982844814658165 0.00998280756175518
          0.009983310475945473 0.009983842261135578 8.78678657612042e-11 1.2502078483578316e-8 0.0000011853146588691743 0.000059841117035830393
          0.0014763502404093742 0.009202220477163792 0.01579589955508709 0.021263618022203445 0.03117520548403263 0.03430108353495598
          0.03541450947523117 0.03497885912656784 0.03257384151220322 0.028576157987117767 0.02369813621044159 0.01890825666487217
          0.015180007554590702 0.012594552710652351 0.010980557650327682 0.010459184646606445 0.012060164473950863 0.018618538975715637
          0.029519658535718918 0.03904997929930687 0.045466866344213486 0.04937836155295372 0.05184072628617287 0.05363793671131134
          0.05517775937914848 0.056567225605249405 0.05774228274822235 0.05868043005466461 0.059662219136953354 0.06176610291004181
          0.01524506974965334 0.004792570136487484 0.005647546146064997 0.006812681443989277 0.008003506809473038 0.00914295669645071
          0.010186741128563881 0.011107699014246464 0.011889094486832619 0.012522010132670403 0.013004533015191555 0.013341984711587429
          0.013547663576900959 0.013686786405742168 0.013768726028501987 0.013836932368576527 0.013957822695374489 0.01411138940602541
          0.014275065623223782 0.014439180493354797 0.014601869508624077 0.014763589948415756 0.014924569986760616 0.015084253624081612
          0.015241646207869053 0.015395628288388252 0.015543697401881218 0.01568138785660267 0.015802524983882904 0.01590295135974884
          0.01597996987402439 0.016034405678510666 0.01606973446905613 0.01609066314995289 0.016101911664009094 0.016107087954878807
          3.3764092216559405e-11 4.500120276418329e-9 3.9364559256682696e-7 0.00001768204128893558 0.0003938451991416514 0.002522285794839263
          0.005622833967208862 0.0093296580016613 0.016494086012244225 0.01942831091582775 0.018240656703710556 0.015440590679645538
          0.011949839070439339 0.008656728081405163 0.0062966663390398026 0.00480629364028573 0.003799673868343234 0.0032716146670281887
          0.0032882429659366608 0.00367168290540576 0.0040910313837230206 0.006659746635705233 0.015844199806451797 0.03033902496099472
          0.041554540395736694 0.04795006662607193 0.05158132687211037 0.053848497569561005 0.05543528497219086 0.05653644725680351
          0.05686391517519951 0.05700492113828659 0.05851099640130997 0.06163254380226135 0.017024563625454903 0.006880032829940319
          0.006204928271472454 0.006776485126465559 0.0077090817503631115 0.008755039423704147 0.00979697611182928 0.01076439768075943
          0.011638459749519825 0.012158903293311596 0.012203441932797432 0.011841853149235249 0.011437810026109219 0.011078424751758575
          0.01072615198791027 0.010535123758018017 0.010465034283697605 0.01044744998216629 0.010446282103657722 0.010454081930220127
          0.010473102331161499 0.010508742183446884 0.010568181052803993 0.010659896768629551 0.01079544611275196 0.01099487766623497
          0.01126862596720457 0.011644036509096622 0.012102431617677212 0.012644365429878235 0.013271557167172432 0.013963494449853897
          0.014688394963741302 0.015404576435685158 0.016053661704063416 0.016565902158617973 1.058942517007111e-11 1.3208444338275172e-9
          1.064682280116358e-7 0.000004212368821754353 0.00008034524216782302 0.0005289900582283735 0.0013934411108493805 0.002575090853497386
          0.004346686881035566 0.004799436777830124 0.004240166395902634 0.0031487783417105675 0.0021206573583185673 0.0015305067645385861
          0.0011763242073357105 0.0009279461810365319 0.0009082783944904804 0.0015607486711815 0.0031827599741518497 0.005294385831803083
          0.0056216903030872345 0.006329487077891827 0.01238770317286253 0.023004094138741493 0.03350681811571121 0.041668981313705444
          0.0473523773252964 0.05096586048603058 0.052936650812625885 0.053672488778829575 0.05384577810764313 0.05506458133459091
          0.05778760835528374 0.06163667142391205 0.02396237663924694 0.012874701991677284 0.009522780776023865 0.008437306620180607
          0.008269763551652431 0.008524513803422451 0.008965013548731804 0.009457328356802464 0.009923957288265228 0.010271033272147179
          0.010457162745296955 0.010500109754502773 0.010446460917592049 0.010302435606718063 0.010110434144735336 0.009899728931486607
          0.009718630462884903 0.00960230827331543 0.009541663341224194 0.009507299400866032 0.009472728706896305 0.009422092698514462
          0.009350208565592766 0.009260546416044235 0.009162084199488163 0.009064752608537674 0.00897576380521059 0.008902466855943203
          0.008859927766025066 0.008867388591170311 0.008937407284975052 0.009074751287698746 0.009280307218432426 0.009554006159305573
          0.009897609241306782 0.010312801226973534 2.633685804165342e-12 3.0816041385328674e-10 2.2944616873132873e-8 7.948754614517384e-7
          0.00001277563478652155 0.00008346812683157623 0.0002367045817663893 0.00044535790220834315 0.0006625651731155813 0.0006714902119711041
          0.0005506560555659235 0.0003964307834394276 0.00031829954241402447 0.00026466240524314344 0.0002123494487022981 0.0002210636157542467
          0.0007073017186485231 0.002973472699522972 0.00757695734500885 0.012813280336558819 0.01537935808300972 0.012528150342404842
          0.013573379255831242 0.018219826743006706 0.025022869929671288 0.032870396971702576 0.03994273766875267 0.04496626555919647
          0.04786175489425659 0.04950890690088272 0.051046598702669144 0.05352335795760155 0.057259298861026764 0.06133463606238365
          0.03523443266749382 0.023374071344733238 0.01751498319208622 0.014343522489070892 0.01254261750727892 0.011496608145534992
          0.010880054906010628 0.010506721213459969 0.010266974568367004 0.010091880336403847 0.009947680868208408 0.009827205911278725
          0.009736069478094578 0.009679826907813549 0.009661354124546051 0.009676927700638771 0.009715333580970764 0.00975738000124693
          0.0097848204895854 0.009790104813873768 0.009786339476704597 0.009812985546886921 0.009893521666526794 0.009994731284677982
          0.010068831034004688 0.010078594088554382 0.009997076354920864 0.009797696955502033 0.009487496688961983 0.009132739156484604
          0.008803817443549633 0.00854121521115303 0.008360656909644604 0.008245931006968021 0.008179080672562122 0.008149036206305027
          5.029071234972926e-13 5.5432953366407745e-11 3.837657303051856e-9 1.1918934461618846e-7 0.0000015785523146405467 0.000009995203981816303
          0.000028789387215510942 0.000053123490943107754 0.00007067776459734887 0.00007016285235295072 0.00006119874160503969 0.00005688072633347474
          0.00005448758747661486 0.00004780659219250083 0.00004323831672081724 0.00014906827709637582 0.0012445219326764345 0.006447898223996162
          0.016035981476306915 0.025166332721710205 0.029550552368164062 0.025510447099804878 0.022410808131098747 0.021874645724892616
          0.02368122898042202 0.02792123332619667 0.03329569473862648 0.03828633949160576 0.042235780507326126 0.04538319259881973
          0.048295386135578156 0.05163737013936043 0.05560433864593506 0.059548769146203995 0.04864039272069931 0.038175106048583984
          0.030970755964517593 0.02605876326560974 0.02261546067893505 0.02011687122285366 0.018236128613352776 0.016768014058470726
          0.015583992935717106 0.014605087228119373 0.013786778785288334 0.013108531944453716 0.012565226294100285 0.012159021571278572
          0.011893247254192829 0.011769459582865238 0.01178553607314825 0.011935494840145111 0.012209685519337654 0.012596440501511097
          0.013083203695714474 0.01364362332969904 0.01422656886279583 0.014778726734220982 0.015238813124597073 0.015542873181402683
          0.01563275419175625 0.015467020682990551 0.015036108903586864 0.014376839622855186 0.013567229732871056 0.012704589404165745
          0.011877505108714104 0.011160599999129772 0.010592561215162277 0.010176120325922966 6.993375063074625e-14 7.305761898224183e-12
          4.754097671089141e-10 1.366576807271258e-8 1.5557914423425245e-7 9.126811733040086e-7 0.0000026634188543539494 0.000005038192284700926
          0.000006736888735758839 0.000007311213266802952 0.000007526408353442093 0.000008350144526048098 0.000008950545634434093 0.000008660352250444703
          0.000014026605640538037 0.00015302318206522614 0.0017796914326027036 0.010423395782709122 0.024008464068174362 0.032839298248291016
          0.035298097878694534 0.03648054599761963 0.03745559975504875 0.02985253371298313 0.028012936934828758 0.028869258239865303
          0.03127443045377731 0.034548405557870865 0.03810741379857063 0.041643477976322174 0.045109014958143234 0.0486128032207489
          0.0521930456161499 0.05576246604323387 0.05611658841371536 0.05253810063004494 0.04762069880962372 0.04290148243308067
          0.03881067782640457 0.03535724803805351 0.03244049847126007 0.02995305322110653 0.027808910235762596 0.02594717964529991
          0.02432899922132492 0.022932685911655426 0.02174866758286953 0.020774126052856445 0.0200083926320076 0.019450170919299126
          0.01909613236784935 0.018940519541502 0.018975261598825455 0.01919083297252655 0.01957620121538639 0.020117448642849922
          0.02079778164625168 0.021596623584628105 0.022488821297883987 0.0234431941062212 0.024423083290457726 0.02539565972983837
          0.02633972465991974 0.027232563123106956 0.028055839240550995 0.028805818408727646 0.029490595683455467 0.030123531818389893
          0.030711187049746513 0.031243229284882545 6.34065020337104e-15 6.332926804492045e-13 3.93511022378501e-11 1.0870725430933703e-9
          1.1440126179707022e-8 6.39117629930297e-8 1.932743032284634e-7 3.9180469002531026e-7 6.075005103411968e-7 7.396249657176668e-7
          8.02907663910446e-7 9.217079082191049e-7 0.0000011039585388061823 0.0000012898806289740605 0.0000039357887544611 0.00007864377403166145
          0.0012821037089452147 0.008455056697130203 0.02049548551440239 0.03229257091879845 0.039357125759124756 0.04192734509706497
          0.04336627200245857 0.042048074305057526 0.037885889410972595 0.035000383853912354 0.035030465573072433 0.03637862950563431
          0.03827054426074028 0.040567271411418915 0.04314947873353958 0.04582256078720093 0.048528723418712616 0.051261890679597855
          0.05372190475463867 0.05537636578083038 0.05591477453708649 0.05544174835085869 0.05426674336194992 0.05268200859427452
          0.05089370906352997 0.049029313027858734 0.047163769602775574 0.04534212127327919 0.043594151735305786 0.041942425072193146
          0.040406037122011185 0.03900154307484627 0.03774265572428703 0.036639753729104996 0.03569934517145157 0.03492239862680435
          0.03430726006627083 0.03384894132614136 0.03353939950466156 0.03336741775274277 0.033319517970085144 0.033380959182977676
          0.033536411821842194 0.03377123549580574 0.0340731106698513 0.03443324938416481 0.03484503924846649 0.0353022962808609
          0.03579927608370781 0.036331165581941605 0.036893557757139206 0.037481606006622314 0.03808891400694847 0.03870657831430435
          2.8093041482748907e-16 2.716582214983953e-14 1.6464770085516944e-12 4.5525867797824304e-11 4.802319653052223e-10 2.7330244734002918e-9
          9.02259689183893e-9 2.044827240865743e-8 3.57368037384731e-8 5.0495270187411734e-8 1.2243334879258327e-7 1.5375366047010175e-7
          1.4207263632215472e-7 1.3105564278248494e-7 1.4000460168972495e-7 3.7389557405731466e-7 0.000003619069957494503 0.000054748172260588035
          0.0013823022600263357 0.014309599064290524 0.03589237481355667 0.037097420543432236 0.03790006786584854 0.04169870540499687
          0.04660283029079437 0.04971450939774513 0.04776594787836075 0.04515191540122032 0.04472959041595459 0.04557877406477928
          0.04707760736346245 0.048790451139211655 0.05054204538464546 0.052259787917137146 0.053889255970716476 0.055372513830661774
          0.056645579636096954 0.05765609070658684 0.05838456749916077 0.05884174630045891 0.059055179357528687 0.05905836448073387
          0.058884453028440475 0.05856360122561455 0.05812230333685875 0.057583749294281006 0.056968457996845245 0.05629470944404602
          0.05557874217629433 0.05483477935194969 0.054074566811323166 0.0533088743686676 0.05254588648676872 0.05179301276803017
          0.05105535313487053 0.05033600702881813 0.04963643103837967 0.04895688220858574 0.04829692095518112 0.04765608161687851
          0.04703452065587044 0.04643326625227928 0.045853834599256516 0.04529761150479317 0.04476548731327057 0.044257476925849915
          0.04377223178744316 0.043306756764650345 0.042856644839048386 0.04241723567247391
        </DataArray>
        <DataArray type="Float32" Name="TAR_Gas_mass_fractions_8" format="ascii" RangeMin="1.0957035034806785e-15" RangeMax="0.6861475110054016">
          6.42410680207206e-10 7.080367225853479e-8 0.0000035122163808409823 0.00040214115870185196 0.04998942092061043 0.6861475110054016
          0.5739876627922058 0.5376209616661072 0.5202195048332214 0.5112718939781189 0.4880824685096741 0.46952024102211
          0.45327329635620117 0.43889543414115906 0.4257601201534271 0.4134298861026764 0.401314914226532 0.3877878189086914
          0.3694496750831604 0.3493983745574951 0.33488327264785767 0.32230398058891296 0.31154754757881165 0.30230993032455444
          0.29419681429862976 0.28675341606140137 0.27946844696998596 0.2717336118221283 0.26281145215034485 0.2519269585609436
          0.23856891691684723 0.2227921187877655 0.20487551391124725 0.15460112690925598 0.03950812667608261 0.000020911998944939114
          0.0000012370717286103172 0.0000012373302524792962 0.000001237387095898157 0.0000012374337075016228 0.0000012374709967843955 0.0000012374996458675014
          0.0000012375196547509404 0.0000012375315918689012 0.000001237535343534546 0.0000012375313644952257 0.0000012375196547509404 0.0000012375006690490409
          0.0000012374754305710667 0.0000012374448488117196 0.0000012374102880130522 0.000001237320930158603 0.000001237209403370798 0.0000012370963986541028
          0.0000012369879414109164 0.0000012368891475489363 0.0000012368004718155134 0.0000012367239605737268 0.0000012366583632683614 0.0000012366012924758252
          0.0000012365537713776575 0.0000012365148904791567 0.0000012364843087198096 0.0000012364614576654276 0.000001236445768881822 0.0000012364362191874534
          0.0000012364316717139445 0.0000012364305348455673 0.0000012364315580271068 0.0000012364329222691595 3.5976593926179135e-10 3.644074908493167e-8
          0.0000018881447658714023 0.0001524604158475995 0.009543896652758121 0.27870461344718933 0.27702632546424866 0.2851482927799225
          0.559069037437439 0.5685595273971558 0.5465717315673828 0.4992158114910126 0.4232112467288971 0.3393242061138153
          0.26551708579063416 0.20079198479652405 0.1412220597267151 0.09166380017995834 0.06321263313293457 0.05217236652970314
          0.0641210675239563 0.11040660738945007 0.15851125121116638 0.1967630535364151 0.22228194773197174 0.23627585172653198
          0.24150514602661133 0.2403201162815094 0.23410780727863312 0.22376254200935364 0.2107379138469696 0.1957770437002182
          0.16533522307872772 0.11607454717159271 0.024605393409729004 0.000020069741367478855 0.0000012513593219409813 0.0000012653016483454849
          0.000001275507884201943 0.0000012846792287746212 0.0000012925590908707818 0.000001299127006859635 0.00000130446335333545 0.0000013086997796563082
          0.0000013119815776008181 0.0000013143936712367577 0.0000013160304206394358 0.0000013169644716981566 0.000001317561327596195 0.0000013184051113057649
          0.000001314772475780046 0.0000013183367855162942 0.000001316536327067297 0.0000013179928828321863 0.0000013172943909012247 0.0000013171356840757653
          0.000001315837948823173 0.0000013156349041310023 0.000001316784619120881 0.0000013162290315449354 0.0000013158941101210075 0.0000013157002740626922
          0.0000013155569149603252 0.0000013154538009985117 0.0000013153876352589577 0.0000013153527333997772 0.000001315339318352926 0.0000013153384088582243
          0.0000013153447753211367 0.0000013153514828445623 1.7656533179977174e-10 1.6722831119864168e-8 8.405169751313224e-7 0.000048491605411982164
          0.002412085887044668 0.05633023381233215 0.07207664102315903 0.06848520040512085 0.353105366230011 0.4010891616344452
          0.35463252663612366 0.27254894375801086 0.18473075330257416 0.11346359550952911 0.06481439620256424 0.0357152596116066
          0.02100258320569992 0.014030499383807182 0.010427729226648808 0.008986935950815678 0.012534013949334621 0.0349360853433609
          0.0853973776102066 0.1382649689912796 0.17773179709911346 0.2011774182319641 0.2116905003786087 0.21282392740249634
          0.20707237720489502 0.19659902155399323 0.18316367268562317 0.15744106471538544 0.11771302670240402 0.08926979452371597
          0.01635822281241417 0.00014307242236100137 0.0000020589970972650917 0.000001301522161156754 0.0000012883107274319627 0.0000012832913398597157
          0.00000126514271414635 0.0000012493687790993135 0.000001232700469699921 0.0000012125747161917388 0.0000013527439932659036 0.0000013576277524407487
          0.0000013609279676529695 0.0000014487749240288395 0.0000016847869801495108 0.0000018837566813090234 0.0000019890021576429717 0.0000020112966012675315
          0.000001985672952287132 0.0000019369977053429466 0.000001872259304036561 0.0000017924138546732138 0.000001700606730992149 0.0000016044909898482729
          0.0000015144087228691205 0.0000014404793091671309 0.0000013933440641267225 0.0000013864608945368673 0.0000013876791626898921 0.0000013870240991309402
          0.0000013914323062635958 0.0000013924010318078217 0.0000013927534610047587 0.0000013925506436862634 0.0000013926779729445116 0.0000013927344753028592
          7.340062585514673e-11 6.559925935789579e-9 3.1026877422846155e-7 0.000012130608411098365 0.0005453622434288263 0.00896142516285181
          0.01623641885817051 0.0218192171305418 0.11315135657787323 0.1368749588727951 0.10575183480978012 0.0661507174372673
          0.03443533927202225 0.015720175579190254 0.0072860405780375 0.004002876114100218 0.0024750959128141403 0.0016473131254315376
          0.0011761009227484465 0.0009233110467903316 0.0012679332867264748 0.0075551294721663 0.03679186478257179 0.09087458997964859
          0.1376335769891739 0.16542431712150574 0.17871783673763275 0.1815444529056549 0.1765911728143692 0.1650492548942566
          0.14156830310821533 0.11061687767505646 0.08581280708312988 0.07294867187738419 0.01532795187085867 0.002232247032225132
          0.0006737117655575275 0.00023455002519767731 0.00007609799649799243 0.000020391806174302474 0.0000045749925448035356 0.0000015087156270965352
          0.0000013340858231458697 0.0000013409265875452547 0.0000013430535545921884 0.0000013448660638459842 0.0000021462728909682482 0.0000039827823457017075
          0.000006841672075097449 0.00000864693083713064 0.000010223089702776633 0.000011674386769300327 0.000012783942111127544 0.00001357310884486651
          0.000014067927622818388 0.000014237565665098373 0.000014015601664141286 0.000013371792192629073 0.00001234011597261997 0.000010909301636274904
          0.000009067763130587991 0.0000069321704359026626 0.000004996696134185186 0.0000035258080970379524 0.0000025192744033120107 0.0000018573135776023264
          0.0000014744927057108725 0.0000013798302234135917 0.0000013910545249018469 0.0000013965384368930245 2.500132392779797e-11 2.1306565400891486e-9
          9.501894027152957e-8 0.00000251026585829095 0.00009531152318231761 0.0012356463121250272 0.0028758468106389046 0.004634779412299395
          0.01746629737317562 0.019094275310635567 0.013210786506533623 0.006475344300270081 0.0024529036600142717 0.001011738320812583
          0.000535717117600143 0.00032320828177034855 0.00020692276302725077 0.0001529703731648624 0.00016443802451249212 0.0002289296971866861
          0.00024383593699894845 0.0026880770456045866 0.020768968388438225 0.05397189036011696 0.08933468908071518 0.1181066557765007
          0.13692037761211395 0.14448541402816772 0.14024724066257477 0.12488975375890732 0.10152933746576309 0.08071865141391754
          0.06687141209840775 0.06201415881514549 0.020206255838274956 0.007803700864315033 0.0038765459321439266 0.0021538594737648964
          0.0012688619317486882 0.0007730245124548674 0.0004785095516126603 0.0002958334516733885 0.00017996749375015497 0.00010691583884181455
          0.0000628198467893526 0.0000385507482860703 0.000027133863113704138 0.000023230957594932988 0.000022126188923721202 0.000021926010958850384
          0.000026977031666319817 0.00003758970706257969 0.00004912950680591166 0.00005841896927449852 0.00006520788883790374 0.00007028747495496646
          0.00007373233529506251 0.00007488729170290753 0.00007334050314966589 0.00006900814332766458 0.0000616722390986979 0.000051382474339334294
          0.0000396003233618103 0.000028655209462158382 0.000019975053874077275 0.000013786533600068651 0.00000966404149949085 0.000006990906058490509
          0.000005238656740402803 0.000004057576916238759 6.791268502420733e-12 5.586177631577982e-10 2.418275535376324e-8 5.506403226718248e-7
          0.000012511468412412796 0.0001377347216475755 0.0003641591174528003 0.0006118943565525115 0.0014767334796488285 0.0013423991622403264
          0.0007346209022216499 0.000265748385572806 0.0001165653156931512 0.0000698673611623235 0.00004543459363048896 0.00002919059625128284
          0.00002394671901129186 0.00007585476123495027 0.00026980534312315285 0.0006150807021185756 0.0008035440696403384 0.0017414892790839076
          0.010875824838876724 0.025798683986067772 0.04686899110674858 0.07173839211463928 0.09317418187856674 0.1043589785695076
          0.10286115854978561 0.09180959314107895 0.07690608501434326 0.06416882574558258 0.05577410012483597 0.053213346749544144
          0.028178604319691658 0.01641058921813965 0.010555410757660866 0.007238233461976051 0.005181729327887297 0.0038192684296518564
          0.0028675126377493143 0.002173472661525011 0.0016503341030329466 0.001247048145160079 0.000933294533751905 0.0006913330289535224
          0.0005104621523059905 0.0003825851308647543 0.0002993101079482585 0.0002517768880352378 0.00022970864665694535 0.00022370355145540088
          0.00022593072208110243 0.00023112284543458372 0.0002377739583607763 0.000248985830694437 0.0002661656471900642 0.0002836020430549979
          0.00029502142569981515 0.00029634370002895594 0.00028513598954305053 0.0002590228687040508 0.00021937447309028357 0.0001741222949931398
          0.0001314011897193268 0.00009596611926099285 0.00007002600614214316 0.000052046700147911906 0.00004009540498373099 0.000032778651075204834
          1.4264929298554718e-12 1.1442959080287807e-10 4.90532636732155e-9 9.961686942006054e-8 0.0000015753143998153973 0.000012099839295842685
          0.00003264429324190132 0.0000524174356542062 0.00007920625648694113 0.00005770132702309638 0.000026967221856466495 0.00001432905628462322
          0.000010508465493330732 0.000007764553629385773 0.000005160344244359294 0.0000035341056445759023 0.000017475513232056983 0.00019272752979304641
          0.0008028796291910112 0.001990547636523843 0.0035734090488404036 0.003776811296120286 0.005904010031372309 0.01170999277383089
          0.023079128935933113 0.0396837517619133 0.0567941851913929 0.0686604306101799 0.0723227933049202 0.06892019510269165
          0.061727408319711685 0.05456864461302757 0.049371033906936646 0.046712763607501984 0.03595160320401192 0.026468124240636826
          0.019992297515273094 0.015539885498583317 0.01236453652381897 0.010009992867708206 0.008199179545044899 0.006761118769645691
          0.005588604602962732 0.004613841883838177 0.0037943338975310326 0.0031042059417814016 0.0025282232090830803 0.0020564619917422533
          0.0016803909093141556 0.0013913337606936693 0.0011796574108302593 0.001034980989061296 0.0009464474860578775 0.0009034951217472553
          0.0008964277803897858 0.0009146342636086047 0.0009455885738134384 0.0009787882445380092 0.0010044281370937824 0.0010139225050807
          0.001000672928057611 0.0009609769913367927 0.0008952450007200241 0.0008088810718618333 0.0007109530852176249 0.000611551571637392
          0.000518891669344157 0.00043946661753579974 0.00037596136098727584 0.000327445799484849 2.1976454130882145e-13 1.7349070097205654e-11
          7.465995044420026e-10 1.4223576982885788e-8 1.669621809696764e-7 0.0000010652329365257174 0.0000027042328838433605 0.000003981751433457248
          0.000004450265805644449 0.0000031860274702921743 0.0000020623251657525543 0.0000016473870800837176 0.0000014447899729930214 0.0000011717627330654068
          8.09915889021795e-7 0.0000011924997807000182 0.00003011435728694778 0.00041149984463118017 0.0017695738933980465 0.004349904600530863
          0.0077209570445120335 0.01114523597061634 0.013735047541558743 0.012450548820197582 0.016889337450265884 0.024668460711836815
          0.03432435169816017 0.04332617670297623 0.049180515110492706 0.05100933089852333 0.0496264286339283 0.046868499368429184
          0.044342875480651855 0.04255499690771103 0.03952200710773468 0.034766148775815964 0.02980571612715721 0.02542193979024887
          0.021740801632404327 0.018674107268452644 0.01609928347170353 0.01391060370951891 0.01202804408967495 0.010394340381026268
          0.008969876915216446 0.00772780179977417 0.006649845279753208 0.00572262704372406 0.004934906028211117 0.004276068415492773
          0.0037354363594204187 0.0033020616974681616 0.0029647103510797024 0.002712189219892025 0.0025334337260574102 0.0024174265563488007
          0.0023535387590527534 0.0023315760772675276 0.0023418175987899303 0.0023748723324388266 0.002421824261546135 0.0024755243211984634
          0.0025312562938779593 0.0025844520423561335 0.0026314761489629745 0.002670755609869957 0.002702165162190795 0.0027261399663984776
          0.002742303069680929 0.0027485114987939596 2.218688286478171e-14 1.740483191597919e-12 7.62278296040364e-11 1.4381651425310338e-9
          1.4215968846542637e-8 8.126681905196165e-8 2.2011290923273918e-7 3.756251771847019e-7 4.2172132452833466e-7 3.572359617010079e-7
          2.839585704350611e-7 2.553948377226334e-7 2.3799759674147936e-7 2.125224227711442e-7 1.7649287542553793e-7 6.162893555483606e-7
          0.000028786196708097123 0.00043227721471339464 0.0020314371213316917 0.005409713834524155 0.010260813869535923 0.015147124417126179
          0.018907546997070312 0.02038884162902832 0.020024573430418968 0.022775443270802498 0.02813548408448696 0.03269236907362938
          0.03622405603528023 0.03845733776688576 0.03921450674533844 0.03889252245426178 0.038309499621391296 0.03786062076687813
          0.03743493929505348 0.036668337881565094 0.035352278500795364 0.03355533257126808 0.03146866336464882 0.029263820499181747
          0.027053942903876305 0.024902811273932457 0.022843332961201668 0.02089201845228672 0.019057687371969223 0.017345845699310303
          0.015760459005832672 0.01430420484393835 0.0129782073199749 0.011781791225075722 0.010712310671806335 0.009764615446329117
          0.008932526223361492 0.008208601735532284 0.007584423292428255 0.007050715386867523 0.0065978169441223145 0.006216117646545172
          0.005896315909922123 0.005629855673760176 0.00540940323844552 0.005229160189628601 0.005084374453872442 0.004970834124833345
          0.004884880501776934 0.004823487251996994 0.004783990327268839 0.004763780627399683 0.004759964533150196 0.004769047722220421
          1.0957035034806785e-15 8.648131852567048e-14 3.9229149442765454e-12 7.741500496205589e-11 7.321809825100445e-10 4.108552165149604e-9
          1.2390151127306126e-8 2.59004391267581e-8 4.060142799744426e-8 6.002605346111523e-8 7.529463346145349e-7 9.659233910497278e-7
          6.843660571576038e-7 3.6255184454603295e-7 1.7584778788659605e-7 1.0772966874128542e-7 1.2596844101153692e-7 0.0000010884721177717438
          0.0000311911353492178 0.0006274994811974466 0.00300031085498631 0.006245541851967573 0.010162841528654099 0.014785434119403362
          0.02006365917623043 0.024884823709726334 0.027859821915626526 0.029830632731318474 0.03240610659122467 0.03372739627957344
          0.034210916608572006 0.034297876060009 0.03430714085698128 0.03435228019952774 0.034441567957401276 0.034527216106653214
          0.03454246371984482 0.03442985191941261 0.034161750227212906 0.03373774513602257 0.033172495663166046 0.032486602663993835
          0.03170138597488403 0.03083665668964386 0.029910055920481682 0.028937209397554398 0.02793208509683609 0.02690725587308407
          0.025873951613903046 0.02484205551445484 0.023819737136363983 0.02281453274190426 0.02183215692639351 0.020877797156572342
          0.019955022260546684 0.019065987318754196 0.018211694434285164 0.017392273992300034 0.016607310622930527 0.01585627719759941
          0.01513899490237236 0.014455861411988735 0.01380761619657278 0.013194991275668144 0.012618504464626312 0.012078200466930866
          0.011573159135878086 0.01110089011490345 0.010656717233359814 0.010233578272163868
        </DataArray>
        <DataArray type="Float32" Name="TAR0_Gas_mass_fractions_9" format="ascii" RangeMin="0" RangeMax="2.1313971366922896e-13">
          0 0 0 0 0 0
          0 0 0 0 0 0
          0 0 0 0 0 0
          0 0 0 0 0 0
          0 0 0 0 0 0
          0 0 0 0 0 0
          0 0 0 0 0 0
          0 0 0 0 0 0
          0 0 0 0 0 0
          0 0 0 0 0 0
          0 0 0 0 0 0
          0 0 0 0 0 0
          0 0 0 0 0 0
          2.1313971366922896e-13 0 0 0 0 0
          0 0 0 0 0 0
          0 0 0 0 0 0
          0 0 0 0 0 0
          0 0 0 0 0 0
          0 0 0 0 0 0
          0 0 0 0 0 0
          0 0 0 0 0 0
          0 0 0 0 0 0
          0 0 0 0 0 0
          0 0 0 0 0 0
          0 0 0 0 0 0
          0 0 0 0 0 0
          0 0 0 0 0 0
          0 0 0 0 0 0
          0 0 0 0 0 0
          0 0 0 0 0 0
          0 0 0 0 0 0
          0 0 0 0 0 0
          0 0 0 0 0 0
          0 0 0 0 0 0
          0 0 0 0 0 0
          0 0 0 0 0 0
          0 0 0 0 0 0
          0 0 0 0 0 0
          0 0 0 0 0 0
          0 0 0 0 0 0
          0 0 0 0 0 0
          0 0 0 0 0 0
          0 0 0 0 0 0
          0 0 0 0 0 0
          0 0 0 0 0 0
          0 0 0 0 0 0
          0 0 0 0 0 0
          0 0 0 0 0 0
          0 0 0 0 0 0
          0 0 0 0 0 0
          0 0 0 0 0 0
          0 0 0 0 0 0
          0 0 0 0 0 0
          0 0 0 0 0 0
          0 0 0 0 0 0
          0 0 0 0 0 0
          0 0 0 0 0 0
          0 0 0 0 0 0
          0 0 0 0 0 0
          0 0 0 0 0 0
          0 0 0 0 0 0
          0 0 0 0 0 0
          0 0 0 0 0 0
          0 0 0 0 0 0
          0 0 0 0 0 0
          0 0 0 0 0 0
          0 0 0 0 0 0
          0 0 0 0 0 0
          0 0 0 0 0 0
          0 0 0 0 0 0
          0 0 0 0 0 0
          0 0 0 0 0 0
          0 0 0 0 0 0
          0 0 0 0 0 0
          0 0 0 0 0 0
          0 0 0 0 0 0
          0 0 0 0 0 0
          0 0 0 0 0 0
          0 0 0 0 0 0
          0 0 0 0 0 0
          0 0 0 0 0 0
          0 0 0 0 0 0
          0 0 0 0 0 0
          0 0 0 0 0 0
          0 0 0 0 0 0
          0 0 0 0 0 0
          0 0 0 0 0 0
          0 0 0 0 0 0
          0 0 0 0 0 0
          0 0 0 0 0 0
          0 0 0 0 0 0
          0 0 0 0 0 0
          0 0 0 0 0 0
          0 0 0 0 0 0
          0 0 0 0 0 0
          0 0 0 0 0 0
          0 0 0 0 0 0
          0 0 0 0 0 0
          0 0 0 0 0 0
          0 0 0 0 0 0
          0 0 0 0 0 0
          0 0 0 0 0 0
          0 0 0 0 0 0
          0 0 0 0 0 0
          0 0 0 0 0 0
          0 0 0 0 0 0
          0 0 0 0 0 0
          0 0 0 0 0 0
          0 0 0 0 0 0
          0 0 0 0 0 0
          0 0 0 0 0 0
          0 0 0 0 0 0
          0 0 0 0 0 0
          0 0 0 0 0 0
          0 0 0 0 0 0
          0 0 0 0 0 0
          0 0 0 0
        </DataArray>
        <DataArray type="Float32" Name="BIOMASS_Solids_mass_fractions_1_1" format="ascii" RangeMin="0" RangeMax="0.043529558926820755">
          0 0 0 0 5.301443550820295e-8 0.043529558926820755
          0.000017262829715036787 0.0000017383925978720072 0.000001888660676740983 0.000003608917495512287 0 9.724358562834823e-8
          9.326565475475945e-8 8.623011638064781e-8 9.928267274972313e-8 9.02382950584979e-8 8.942603102468638e-8 8.922971517222322e-8
          8.88301130430591e-8 8.84797444200558e-8 8.830715358953967e-8 8.828786945969114e-8 8.833533371443991e-8 8.844138221775211e-8
          8.858670241806976e-8 8.873445267454372e-8 8.883556290584238e-8 8.884222779670381e-8 8.872922308000852e-8 8.853488253635078e-8
          8.842869192449143e-8 8.858665268007826e-8 8.864925149509872e-8 8.848915911130462e-8 8.840886067673637e-8 8.840899567985616e-8
          8.035901544189983e-8 8.124154504685066e-8 8.386476224586659e-8 8.714600596704258e-8 8.814853202920858e-8 9.178319970715165e-8
          8.824947173025066e-8 8.878244983634431e-8 9.125997024739263e-8 0 0 0
          0 0 0 0 0 0
          0 0 0 0 0 0
          0 0 0 0 0 0
          0 0 0 0 0 0
          0 0 5.187780516280327e-8 1.346386380163267e-8 0 0
          0 0 4.644335760417562e-8 2.6369546546334277e-8 9.52937924125763e-8 8.739548462699531e-8
          8.553747932182887e-8 8.528810013785915e-8 8.529821116098901e-8 8.529979567128976e-8 8.526842520950595e-8 8.522651029352346e-8
          8.522803796040535e-8 8.543265295202218e-8 8.587905853119082e-8 8.633231374233219e-8 8.670486550954593e-8 8.697545439417809e-8
          8.713981713981411e-8 8.721225697172486e-8 8.725341871240744e-8 8.739018397818654e-8 8.773244530857482e-8 8.810863505459565e-8
          8.810901874767296e-8 8.810668106207231e-8 8.825917774402114e-8 8.825954012081638e-8 8.161932640859959e-8 8.230065873249259e-8
          8.464308365319084e-8 8.750427582526754e-8 9.207278850453804e-8 9.66421112025273e-8 9.018270930027938e-8 9.256803679136283e-8
          0 0 0 0 0 0
          0 0 0 0 0 0
          0 0 0 0 0 0
          0 0 0 0 0 0
          0 0 0 0 0 0
          0 0 3.791508973449709e-8 0 7.486315212190675e-8 5.592419682898253e-8
          8.837426435093221e-8 8.700748566070615e-8 8.599116085861169e-8 8.578257393310196e-8 8.580028776350446e-8 8.582152588587633e-8
          8.580147436987318e-8 8.574865972832413e-8 8.568522247287547e-8 8.5627014811962e-8 8.554334840482625e-8 8.542546225953629e-8
          8.537726614576968e-8 8.543850071873749e-8 8.557001507369932e-8 8.572892085112471e-8 8.58982502904837e-8 8.610021495769615e-8
          8.640179771646217e-8 8.687348440616915e-8 8.744964219431495e-8 8.77377459573836e-8 8.774907200859161e-8 8.770366832777654e-8
          8.798171080570683e-8 8.259532791043966e-8 8.226997749716247e-8 8.323830513745634e-8 8.539244333860552e-8 8.794023642622051e-8
          0 0 9.151318636213546e-8 9.343403206685252e-8 0 0
          0 0 0 0 0 0
          0 0 0 0 0 0
          0 0 0 0 0 0
          0 0 0 0 0 0
          0 0 0 0 0 0
          0 0 7.46322612599215e-8 7.435677673583996e-8 7.361852993881257e-8 8.735847956131693e-8
          8.602633272403182e-8 8.594161471364714e-8 8.59590514323827e-8 8.591626254883522e-8 8.581258015283311e-8 8.568656539864605e-8
          8.55800905696924e-8 8.552263608407884e-8 8.549858421247336e-8 8.534355089295786e-8 8.512298421692321e-8 8.497156045450538e-8
          8.495526060414704e-8 8.505259785351882e-8 8.526194505975582e-8 8.561748643387546e-8 8.616568436536909e-8 8.685834984589746e-8
          8.729803369078581e-8 8.74236576464682e-8 8.735803902482076e-8 8.753097091585005e-8 9.299772329995903e-8 8.49699475224952e-8
          8.320492383973033e-8 8.433416809339178e-8 8.657211481022387e-8 0 0 0
          9.262558364753204e-8 0 0 0 0 0
          0 0 0 0 0 0
          0 0 0 0 0 0
          0 0 0 0 0 0
          0 0 0 0 0 0
          0 0 0 0 0 0
          9.578497639495254e-8 9.084068608444795e-8 8.647547389273313e-8 8.579881694004143e-8 8.594414424578645e-8 8.601754331039047e-8
          8.597601208748529e-8 8.583334931699937e-8 8.563781506154555e-8 8.545326579678658e-8 8.532325779242456e-8 8.525818628868365e-8
          8.526016870291642e-8 8.500389725440982e-8 8.481381286173928e-8 8.463753431442456e-8 8.460776967922357e-8 8.475567625509939e-8
          8.514432892070545e-8 8.571062437567889e-8 8.631477044218627e-8 8.680668628358035e-8 8.704219567334803e-8 8.703894849304561e-8
          8.682999208531328e-8 8.683031182954437e-8 9.667340350461018e-8 8.763484515839082e-8 8.468353485113767e-8 8.612426682930163e-8
          8.901886872081377e-8 0 0 0 0 0
          0 0 0 0 0 0
          0 0 0 0 0 0
          0 0 0 0 0 0
          0 0 0 0 0 0
          0 0 0 0 0 0
          0 0 0 7.409818891801478e-8 7.395397716436491e-8 8.712016352774299e-8
          8.610220447735628e-8 8.58936246572739e-8 8.603250023497822e-8 8.602152945513808e-8 8.588499866846178e-8 8.566091480588511e-8
          8.542372142983368e-8 8.523895189682662e-8 8.512557059248138e-8 8.505001858338801e-8 8.493949366084053e-8 8.471585033476003e-8
          8.458388123244731e-8 8.446913568604941e-8 8.455039335331094e-8 8.485064029173373e-8 8.534928497283545e-8 8.5895216273002e-8
          8.634440007426747e-8 8.662665607062081e-8 8.670431839163939e-8 8.656328276401837e-8 8.618071944965777e-8 8.618123814585488e-8
          9.405178502674971e-8 8.972912013405221e-8 8.698750519897658e-8 8.85400908146039e-8 0 0
          0 0 0 0 0 0
          0 0 0 0 0 0
          0 0 0 0 0 0
          0 0 0 0 0 0
          0 0 0 0 0 0
          0 0 0 0 0 0
          0 6.780726380384294e-8 6.735378121902613e-8 9.936202616245282e-8 8.603527135164768e-8 8.594159339736507e-8
          8.604731505101881e-8 8.59763460425711e-8 8.578940935421997e-8 8.553734431870907e-8 8.530386708116566e-8 8.514442839668845e-8
          8.505699611305317e-8 8.499528547645241e-8 8.490302150221396e-8 8.471047863167769e-8 8.454812672198386e-8 8.456486710883837e-8
          8.476283142044849e-8 8.512429161555701e-8 8.557475439374684e-8 8.597716316671722e-8 8.624825653669177e-8 8.636843773501823e-8
          8.632257220142492e-8 8.609985968632827e-8 8.600279954862344e-8 8.53899990715945e-8 8.619209523885729e-8 9.257897914949353e-8
          9.19518328146296e-8 8.597388045927801e-8 0 9.572693926429565e-8 0 0
          1.1317670134403102e-9 1.207785399470751e-10 1.931254886448388e-21 4.581455007035551e-11 7.777330862657195e-11 7.791476339981396e-13
          3.318233188220887e-11 7.543149264932492e-12 2.57419454675889e-12 4.239950510991448e-36 1.2136526084517794e-14 5.370608166901155e-15
          8.927443508022995e-16 1.317721786856874e-14 1.195878205489942e-11 2.2995468986560137e-14 2.626608511854117e-14 2.63866975280325e-14
          1.2469611573455014e-27 3.784427908066532e-39 4.697700394365152e-28 0 2.8372335310113675e-28 2.389715758176897e-13
          0 1.0232980980789508e-28 6.241710571791223e-14 0 0 0
          0 0 0 0 0 0
          9.186416605189152e-8 5.785202006336476e-8 8.57515800589681e-8 8.591848654759815e-8 8.606648549402962e-8 8.597838530022273e-8
          8.57959392419616e-8 8.554666663940225e-8 8.531753081797433e-8 8.517474014979598e-8 8.512957094808371e-8 8.514818006233327e-8
          8.51800834311689e-8 8.518221505937618e-8 8.510345850254453e-8 8.497416814634562e-8 8.511637616948065e-8 8.53946247048043e-8
          8.570967935384033e-8 8.595514344733601e-8 8.608603963011774e-8 8.609841728457468e-8 8.598818368454886e-8 8.575421617251777e-8
          8.572767740133713e-8 8.572776977189278e-8 8.29300219606921e-8 8.701675824340782e-8 8.633540460323275e-8 8.646260596378852e-8
          9.672292833329266e-8 9.504636722112991e-8 9.208726936549283e-8 9.169586689949938e-8 9.093400876736268e-8 9.041119852781776e-8
          8.964148179302356e-8 8.923031913354862e-8 8.920956418023707e-8 3.880976251480206e-8 5.44100906552103e-8 8.681624308337632e-8
          8.621548630571851e-8 5.2566687003263723e-8 1.821144479663417e-8 5.0945164531412956e-8 6.172529509740343e-8 1.278803374304971e-8
          2.2995468986560137e-14 7.157411374691947e-8 7.48774553471776e-8 2.8362515891444673e-8 1.2469610610490042e-27 2.0479824058838858e-8
          8.502623671802212e-8 8.665639228411237e-8 8.721330857497378e-8 8.747655044771818e-8 8.763774417275272e-8 8.772194348694029e-8
          8.769939086050726e-8 8.768934378622362e-8 0 0 0 0
          0 0 0 0 8.821907471201484e-8 8.773422877084158e-8
          9.202924644569066e-8 8.58455777574818e-8 8.622036773431319e-8 8.604543211276905e-8 8.594192024702352e-8 8.572516208005254e-8
          8.546599161718405e-8 8.52656683036912e-8 8.517622518411372e-8 8.518711780425292e-8 8.525611860932258e-8 8.533822182243966e-8
          8.54029025276759e-8 8.543626250911984e-8 8.547921481749654e-8 8.560469666463177e-8 8.57458317682358e-8 8.586440003455209e-8
          8.59131148445158e-8 8.587673505644489e-8 8.575253929166138e-8 8.562199127482018e-8 8.557928055097364e-8 8.536144946447166e-8
          8.53544719348065e-8 8.529524819778089e-8 8.439828036443942e-8 8.444352772585262e-8 8.447457133797798e-8 8.449817556765993e-8
          8.451664967878969e-8 8.453400823782431e-8 8.454967570514782e-8 8.456454736460728e-8 8.45755039335927e-8 8.458432887437084e-8
          8.45903684876248e-8 8.459310407715748e-8 8.459146982886523e-8 8.458869160676841e-8 8.569777776301635e-8 8.569384135626024e-8
          8.690911812436752e-8 8.690589226034717e-8 8.690275876688247e-8 8.68993694780329e-8 8.689568886666166e-8 8.68926477437526e-8
          8.688992636507464e-8 8.688625996455812e-8 8.688211039498128e-8 8.687917585348259e-8 8.687878505497793e-8 8.687852925959305e-8
          8.687847241617419e-8 8.68785221541657e-8 8.687899821779865e-8 8.687995745049193e-8 8.688154906622003e-8 8.688400754408576e-8
          0 0 0 0 0 0
          0 0 0 8.746473412202249e-8 0 4.842547340899728e-8
          9.05303778608868e-8 8.592686384645276e-8 8.61391882267526e-8 8.622301805871757e-8 8.601261924923165e-8 8.562945197354566e-8
          8.528013495379128e-8 8.504341053594544e-8 8.492078507060796e-8 8.489268310540865e-8 8.493027081613036e-8 8.500898474039786e-8
          8.511176474712556e-8 8.522078331907323e-8 8.532744999456554e-8 8.543005947103666e-8 8.553742958383737e-8 8.557329067571118e-8
          8.549317698225423e-8 8.543505458646905e-8 8.538815876590888e-8 8.536140683190752e-8 8.535443640766971e-8 8.535443640766971e-8
          8.52946442364555e-8 8.44053715809423e-8 8.443156218618242e-8 8.445320531791367e-8 8.447350552387434e-8 8.44919298970126e-8
          8.450896160638877e-8 8.452209954157297e-8 8.453321242996026e-8 8.45414831474045e-8 8.454627220544353e-8 8.454694011561514e-8
          8.454646405198218e-8 8.454447453232206e-8 8.454234290411478e-8 8.509000082312923e-8 8.673521278979024e-8 8.673174534123973e-8
          8.672856921521088e-8 8.672552809230183e-8 8.672262907793993e-8 8.671992191011668e-8 8.67171365825925e-8 8.671446494190604e-8
          8.671201356946767e-8 8.670999562809811e-8 8.670797768672855e-8 8.670608764305143e-8 8.670419049394695e-8 8.670239992625284e-8
          8.670075857253323e-8 8.669925222193342e-8 8.669790929616283e-8 8.669771034419682e-8
        </DataArray>
        <DataArray type="Float32" Name="MOISTURE_Solids_mass_fractions_1_2" format="ascii" RangeMin="0" RangeMax="0">
          0 0 0 0 0 0
          0 0 0 0 0 0
          0 0 0 0 0 0
          0 0 0 0 0 0
          0 0 0 0 0 0
          0 0 0 0 0 0
          0 0 0 0 0 0
          0 0 0 0 0 0
          0 0 0 0 0 0
          0 0 0 0 0 0
          0 0 0 0 0 0
          0 0 0 0 0 0
          0 0 0 0 0 0
          0 0 0 0 0 0
          0 0 0 0 0 0
          0 0 0 0 0 0
          0 0 0 0 0 0
          0 0 0 0 0 0
          0 0 0 0 0 0
          0 0 0 0 0 0
          0 0 0 0 0 0
          0 0 0 0 0 0
          0 0 0 0 0 0
          0 0 0 0 0 0
          0 0 0 0 0 0
          0 0 0 0 0 0
          0 0 0 0 0 0
          0 0 0 0 0 0
          0 0 0 0 0 0
          0 0 0 0 0 0
          0 0 0 0 0 0
          0 0 0 0 0 0
          0 0 0 0 0 0
          0 0 0 0 0 0
          0 0 0 0 0 0
          0 0 0 0 0 0
          0 0 0 0 0 0
          0 0 0 0 0 0
          0 0 0 0 0 0
          0 0 0 0 0 0
          0 0 0 0 0 0
          0 0 0 0 0 0
          0 0 0 0 0 0
          0 0 0 0 0 0
          0 0 0 0 0 0
          0 0 0 0 0 0
          0 0 0 0 0 0
          0 0 0 0 0 0
          0 0 0 0 0 0
          0 0 0 0 0 0
          0 0 0 0 0 0
          0 0 0 0 0 0
          0 0 0 0 0 0
          0 0 0 0 0 0
          0 0 0 0 0 0
          0 0 0 0 0 0
          0 0 0 0 0 0
          0 0 0 0 0 0
          0 0 0 0 0 0
          0 0 0 0 0 0
          0 0 0 0 0 0
          0 0 0 0 0 0
          0 0 0 0 0 0
          0 0 0 0 0 0
          0 0 0 0 0 0
          0 0 0 0 0 0
          0 0 0 0 0 0
          0 0 0 0 0 0
          0 0 0 0 0 0
          0 0 0 0 0 0
          0 0 0 0 0 0
          0 0 0 0 0 0
          0 0 0 0 0 0
          0 0 0 0 0 0
          0 0 0 0 0 0
          0 0 0 0 0 0
          0 0 0 0 0 0
          0 0 0 0 0 0
          0 0 0 0 0 0
          0 0 0 0 0 0
          0 0 0 0 0 0
          0 0 0 0 0 0
          0 0 0 0 0 0
          0 0 0 0 0 0
          0 0 0 0 0 0
          0 0 0 0 0 0
          0 0 0 0 0 0
          0 0 0 0 0 0
          0 0 0 0 0 0
          0 0 0 0 0 0
          0 0 0 0 0 0
          0 0 0 0 0 0
          0 0 0 0 0 0
          0 0 0 0 0 0
          0 0 0 0 0 0
          0 0 0 0 0 0
          0 0 0 0 0 0
          0 0 0 0 0 0
          0 0 0 0 0 0
          0 0 0 0 0 0
          0 0 0 0 0 0
          0 0 0 0 0 0
          0 0 0 0 0 0
          0 0 0 0 0 0
          0 0 0 0 0 0
          0 0 0 0 0 0
          0 0 0 0 0 0
          0 0 0 0 0 0
          0 0 0 0 0 0
          0 0 0 0 0 0
          0 0 0 0 0 0
          0 0 0 0 0 0
          0 0 0 0 0 0
          0 0 0 0 0 0
          0 0 0 0 0 0
          0 0 0 0 0 0
          0 0 0 0
        </DataArray>
        <DataArray type="Float32" Name="CHAR_Solids_mass_fractions_1_3" format="ascii" RangeMin="0" RangeMax="0.7623983025550842">
          0 0 0 0 0.7421677112579346 0.7275217175483704
          0.7623983025550842 0.759738564491272 0.7586966753005981 0.7573860883712769 0.7546476721763611 0.7520673274993896
          0.750374972820282 0.7493847012519836 0.7488706111907959 0.7487391829490662 0.7489041686058044 0.7492533326148987
          0.7496735453605652 0.7500657439231873 0.7504258155822754 0.7508211135864258 0.7512813806533813 0.7517975568771362
          0.7523496747016907 0.7529079914093018 0.7534347176551819 0.7538827657699585 0.7541839480400085 0.7542204856872559
          0.7538317441940308 0.7531195282936096 0.7527859807014465 0.752866268157959 0.7529228925704956 0.752922534942627
          0.7541306614875793 0.7544717192649841 0.7545381784439087 0.754323422908783 0.7535242438316345 0.7406021952629089
          0.7510483860969543 0.7502924799919128 0.7439419031143188 0 0 0
          0 0 0 0 0 0
          0 0 0 0 0 0
          0 0 0 0 0 0
          0 0 0 0 0 0
          0 0 0.747814416885376 0.6448942422866821 0.7589669227600098 0
          0.7580465078353882 0.4455302059650421 0.5879157185554504 0.6752837896347046 0.7153803110122681 0.7336336374282837
          0.7424619793891907 0.746986448764801 0.7494173049926758 0.7507502436637878 0.7514434456825256 0.7516636848449707
          0.7514726519584656 0.7512276768684387 0.7514066100120544 0.7518161535263062 0.7522881627082825 0.7527327537536621
          0.7530924081802368 0.7533066272735596 0.753300666809082 0.7530341148376465 0.7526592016220093 0.7525994181632996
          0.7529300451278687 0.7530866861343384 0.7530052065849304 0.7530041933059692 0.7522686123847961 0.7535443902015686
          0.7536256909370422 0.7535151243209839 0.7433884143829346 0.7271480560302734 0.7458267211914062 0.7397974729537964
          0 0 0 0 0 0
          0 0 0 0 0 0
          0 0 0 0 0 0
          0 0 0 0 0 0
          0 0 0 0 0 0
          0 0 0 0 9.459072458639639e-8 0.0006215752800926566
          0.6103081703186035 0.7156507968902588 0.7415568828582764 0.750005841255188 0.7530947923660278 0.7542882561683655
          0.7547388672828674 0.7548744678497314 0.7548724412918091 0.7548093795776367 0.7546145915985107 0.7541136741638184
          0.7534845471382141 0.7530679106712341 0.752882719039917 0.75283282995224 0.7528109550476074 0.752729594707489
          0.752556324005127 0.7523875832557678 0.7524638772010803 0.752907931804657 0.7532637715339661 0.7533987760543823
          0.7532011866569519 0.7495033740997314 0.7523733377456665 0.7530587315559387 0.7529521584510803 0.7526487708091736
          0.6667662858963013 0.7080978155136108 0.7423397302627563 0.7376229166984558 0 0
          0 0 0 0 0 0
          0 0 0 0 0 0
          0 0 0 0 0 0
          0 0 0 0 0 0
          0 0 0 0 0 0
          0 0 8.108833071673871e-8 0.003691315185278654 0.6577292084693909 0.7398936152458191
          0.7522361278533936 0.754833996295929 0.7554089426994324 0.7554490566253662 0.7553179264068604 0.7551354765892029
          0.7549571394920349 0.7548239231109619 0.7547553181648254 0.754466712474823 0.753944456577301 0.7533963322639465
          0.7529975175857544 0.7527347803115845 0.7525379061698914 0.7523720860481262 0.7522854208946228 0.7524744272232056
          0.7528817057609558 0.7532938718795776 0.7535827159881592 0.7534903883934021 0.7323282361030579 0.744140625
          0.7518319487571716 0.7522220015525818 0.7514283657073975 0.6907789707183838 0.6709670424461365 0.5687403082847595
          0.7396055459976196 0 0 0 0 0
          0 0 0 0 0 0
          0 0 0 0 0 0
          0 0 0 0 0 0
          0 0 0 0 0 0
          0 0 0 0 0 0
          0 0.27839887142181396 0.7416735887527466 0.7542380690574646 0.7556530237197876 0.7557718753814697
          0.7556291818618774 0.7553929090499878 0.7551169395446777 0.7548391819000244 0.7545890212059021 0.7543960213661194
          0.7543471455574036 0.7540615797042847 0.7537409663200378 0.7532591223716736 0.752865195274353 0.7525702714920044
          0.7523889541625977 0.752376914024353 0.75255286693573 0.7529008388519287 0.7532881498336792 0.7536584734916687
          0.7539631128311157 0.7539622187614441 0.7201644778251648 0.7382222414016724 0.7498642206192017 0.7496237754821777
          0.7471396327018738 0.6724321842193604 0.6586803197860718 0.589950442314148 0 0
          0 0 0 0 0 0
          0 0 0 0 0 0
          0 0 0 0 0 0
          0 0 0 0 0 0
          0 0 0 0 0 0
          0 0 0 2.0672577250024915e-7 0.0019464571960270405 0.6187997460365295
          0.7497657537460327 0.7551699280738831 0.7558276653289795 0.7557441592216492 0.7555035948753357 0.7551954984664917
          0.7548573017120361 0.7545183897018433 0.7542047500610352 0.7539389729499817 0.7537606358528137 0.7536542415618896
          0.7534480094909668 0.7530472278594971 0.752733051776886 0.752547562122345 0.7525295615196228 0.7526920437812805
          0.7529816627502441 0.753332257270813 0.7536786198616028 0.7540330290794373 0.7543749213218689 0.7543734312057495
          0.7185805439949036 0.7343457937240601 0.7455607652664185 0.7454420924186707 0.6639631390571594 0.6673407554626465
          0.600702166557312 0.6161773204803467 0 0 0 0
          0 0 0 0 0 0
          0 0 0 0 0 0
          0 0 0 0 0 0
          0 0 0 0 0 0
          0 0 0 0 0 0
          0 2.1439351627350334e-8 0.00668782414868474 0.675054132938385 0.7484085559844971 0.7548345923423767
          0.7558087110519409 0.7557041049003601 0.7554212808609009 0.7550652623176575 0.7546713948249817 0.7542728185653687
          0.7539063692092896 0.7536138296127319 0.7534295916557312 0.7533644437789917 0.7531453967094421 0.7529208064079285
          0.7527666687965393 0.7527416348457336 0.7528648376464844 0.7531083822250366 0.7534090280532837 0.7537235617637634
          0.754031777381897 0.7543411254882812 0.7544184923171997 0.7547462582588196 0.7441715598106384 0.727807879447937
          0.7318655252456665 0.753109335899353 0.6465015411376953 0.7317852973937988 0.5731027722358704 0.6038359999656677
          0.006881533190608025 0.0007553908508270979 1.375437341333361e-14 0.00031106467940844595 0.0005659950547851622 0.000005601185876003001
          0.0002472625928930938 0.000055458469432778656 0.000019940463971579447 0 9.998280603440435e-8 4.6882544069148935e-8
          7.793182987825276e-9 1.0451384468979086e-7 0.00009513503755442798 1.884901905668812e-7 2.1604314781598077e-7 2.1797781357690837e-7
          0 0 0 0 0 0.0000018044016769636073
          0 1.2991699734733618e-18 4.425051542966685e-7 0 0 0
          0 0 0 0 0 0
          0 0.6295334696769714 0.7386085987091064 0.7531017065048218 0.7557530403137207 0.7557640671730042
          0.7554798126220703 0.7551023960113525 0.7546765208244324 0.7542495131492615 0.7538699507713318 0.7535815834999084
          0.753399133682251 0.7532986998558044 0.753210186958313 0.7530291676521301 0.7529984712600708 0.7530692219734192
          0.7532471418380737 0.7534940838813782 0.7537602782249451 0.7540247440338135 0.7542781829833984 0.754524827003479
          0.7545398473739624 0.7545396089553833 0.7551738619804382 0.7441614270210266 0.7461646795272827 0.7518222332000732
          0.727580189704895 0.7320636510848999 0.7404053211212158 0.7414761185646057 0.7435689568519592 0.7449623346328735
          0.7470672726631165 0.7482274174690247 0.7482306957244873 0.3354143500328064 0.468693345785141 0.7536277174949646
          0.7539733648300171 0.4535128176212311 0.1583600491285324 0.44040581583976746 0.5313729643821716 0.11126594245433807
          1.9684931373831205e-7 0.6142717599868774 0.6404314637184143 0.24625980854034424 0 0.17782506346702576
          0.7224349975585938 0.7342562079429626 0.7397706508636475 0.7423602342605591 0.7441580891609192 0.7454311847686768
          0.746062695980072 0.7465999722480774 0 0 0 0
          0 0 0 0 9.127771960493192e-8 0.005496027879416943
          0.6532036662101746 0.7418702840805054 0.7551525831222534 0.7559567093849182 0.7557549476623535 0.7554146647453308
          0.7550014853477478 0.7545827031135559 0.7542046308517456 0.7539070844650269 0.7537174224853516 0.7536264061927795
          0.7535973787307739 0.7535908818244934 0.7535848021507263 0.7535577416419983 0.7536266446113586 0.7537904977798462
          0.7539922595024109 0.7541975378990173 0.7544021606445312 0.7545039057731628 0.7545250654220581 0.7545427680015564
          0.7545459866523743 0.7545785307884216 0.7556924223899841 0.7557355165481567 0.7557632923126221 0.7557849287986755
          0.7558058500289917 0.7558255791664124 0.7558440566062927 0.7558602690696716 0.7558757066726685 0.7558912634849548
          0.7559060454368591 0.7559191584587097 0.7559313774108887 0.7559430599212646 0.7554507255554199 0.7554619908332825
          0.7548614740371704 0.7548624873161316 0.7548637390136719 0.7548669576644897 0.7548711895942688 0.7548744082450867
          0.7548773288726807 0.7548831105232239 0.7548910975456238 0.7548962235450745 0.7548949718475342 0.7548931837081909
          0.7548911571502686 0.7548887133598328 0.7548853754997253 0.754880964756012 0.7548748254776001 0.7548665404319763
          0 0 0 0 0 0
          0 0 0 0.00855083018541336 0 0.008630020543932915
          0.7395056486129761 0.7560353875160217 0.756299614906311 0.7561609745025635 0.7558563947677612 0.7555423974990845
          0.7552406191825867 0.7549235820770264 0.7546223402023315 0.7543877959251404 0.7542431354522705 0.7541717886924744
          0.7541435360908508 0.7541308403015137 0.7541207075119019 0.754158079624176 0.7542369961738586 0.754337728023529
          0.7544722557067871 0.754503607749939 0.7545313835144043 0.754542887210846 0.754546046257019 0.754546046257019
          0.7545802593231201 0.7559633851051331 0.7559774518013 0.7559891939163208 0.7560003399848938 0.7560108304023743
          0.756020724773407 0.7560298442840576 0.7560387849807739 0.7560470700263977 0.7560542821884155 0.7560598850250244
          0.7560648918151855 0.756070613861084 0.7560767531394958 0.7558193206787109 0.7553439140319824 0.7553461194038391
          0.7553487420082092 0.7553512454032898 0.7553540468215942 0.7553569078445435 0.7553602457046509 0.7553640604019165
          0.7553678154945374 0.7553711533546448 0.7553743720054626 0.7553775310516357 0.7553805708885193 0.7553836107254028
          0.7553865313529968 0.7553892135620117 0.7553915977478027 0.7553921341896057
        </DataArray>
        <DataArray type="Float32" Name="ASH_Solids_mass_fractions_1_4" format="ascii" RangeMin="0.228948712348938" RangeMax="1">
          1 1 1 1 0.25783222913742065 0.228948712348938
          0.2375844120979309 0.24025966227054596 0.24130141735076904 0.24261029064655304 0.24535241723060608 0.2479325532913208
          0.24962490797042847 0.2506152093410492 0.25112926959991455 0.2512606978416443 0.2510957419872284 0.25074657797813416
          0.25032636523246765 0.2499341517686844 0.24957412481307983 0.24917881190776825 0.24871855974197388 0.2482023686170578
          0.24765025079250336 0.24709191918373108 0.24656520783901215 0.24611717462539673 0.2458159476518631 0.24577943980693817
          0.2461681365966797 0.24688038229942322 0.2472139149904251 0.24713364243507385 0.24707698822021484 0.2470773607492447
          0.2458692342042923 0.2455282211303711 0.24546173214912415 0.24567647278308868 0.24647566676139832 0.2593977153301239
          0.24895153939723969 0.24970746040344238 0.256058007478714 1 1 1
          1 1 1 1 1 1
          1 1 1 1 1 1
          1 1 1 1 1 1
          1 1 1 1 1 1
          1 1 0.25218552350997925 0.3551057279109955 0.24103312194347382 1
          0.24195358157157898 0.5544698238372803 0.4120842516422272 0.3247162103652954 0.28461959958076477 0.26636630296707153
          0.25753793120384216 0.2530134916305542 0.25058263540267944 0.2492496818304062 0.2485564947128296 0.24833622574806213
          0.24852724373340607 0.2487722486257553 0.2485933005809784 0.2481837421655655 0.24771176278591156 0.24726715683937073
          0.24690751731395721 0.24669329822063446 0.2466992288827896 0.24696579575538635 0.24734070897102356 0.24740047752857208
          0.24706989526748657 0.24691323935985565 0.2469947338104248 0.246995747089386 0.2477312982082367 0.24645555019378662
          0.246374249458313 0.24648478627204895 0.25661149621009827 0.2728518545627594 0.2541731894016266 0.26020240783691406
          1 1 1 1 1 1
          1 1 1 1 1 1
          1 1 1 1 1 1
          1 1 1 1 1 1
          1 1 1 1 1 1
          1 1 0.9999999403953552 1 0.9999998211860657 0.9993783831596375
          0.3896917402744293 0.28434911370277405 0.25844305753707886 0.24999408423900604 0.2469051033258438 0.24571165442466736
          0.2452610731124878 0.2451254427433014 0.24512743949890137 0.24519053101539612 0.2453853040933609 0.24588623642921448
          0.24651534855365753 0.2469320297241211 0.24711719155311584 0.24716709554195404 0.2471889853477478 0.24727030098438263
          0.24744358658790588 0.24761232733726501 0.24753601849079132 0.24709196388721466 0.24673613905906677 0.2466011643409729
          0.24679875373840332 0.250496506690979 0.24762657284736633 0.2469411939382553 0.24704772233963013 0.24735112488269806
          0.33323371410369873 0.2919021546840668 0.2576601505279541 0.26237696409225464 1 1
          1 1 1 1 1 1
          1 1 1 1 1 1
          1 1 1 1 1 1
          1 1 1 1 1 1
          1 1 1 1 1 1
          1 1 0.9999998211860657 0.9963086247444153 0.34227073192596436 0.26010626554489136
          0.24776381254196167 0.2451658993959427 0.24459096789360046 0.24455085396766663 0.24468198418617249 0.24486441910266876
          0.24504275619983673 0.24517597258090973 0.2452445775270462 0.24553321301937103 0.2460554540157318 0.2466035634279251
          0.24700236320495605 0.24726513028144836 0.24746201932430267 0.247627854347229 0.24771447479724884 0.24752549827098846
          0.24711820483207703 0.246706023812294 0.24641722440719604 0.24650952219963074 0.267671674489975 0.2558593153953552
          0.2481679618358612 0.24777792394161224 0.248571515083313 0.3092209994792938 0.32903292775154114 0.4312596619129181
          0.2603943645954132 1 1 1 1 1
          1 1 1 1 1 1
          1 1 1 1 1 1
          1 1 1 1 1 1
          1 1 1 1 1 1
          1 1 1 1 1 1
          0.9999999403953552 0.7216010689735413 0.25832632184028625 0.24576184153556824 0.24434691667556763 0.24422800540924072
          0.2443707436323166 0.24460701644420624 0.2448829859495163 0.24516069889068604 0.24541087448596954 0.24560387432575226
          0.24565276503562927 0.24593831598758698 0.246258944272995 0.24674075841903687 0.2471347451210022 0.24742966890335083
          0.247610941529274 0.247623011469841 0.24744705855846405 0.24709905683994293 0.24671174585819244 0.24634142220020294
          0.24603678286075592 0.24603769183158875 0.27983540296554565 0.26177769899368286 0.2501356899738312 0.2503761649131775
          0.25286024808883667 0.32756781578063965 0.3413197100162506 0.41004955768585205 1 1
          1 1 1 1 1 1
          1 1 1 1 1 1
          1 1 1 1 1 1
          1 1 1 1 1 1
          1 1 1 1 1 1
          1 1 1 0.9999997019767761 0.9980534911155701 0.3812001943588257
          0.25023412704467773 0.24482999742031097 0.24417224526405334 0.24425573647022247 0.24449631571769714 0.24480438232421875
          0.2451425939798355 0.24548150599002838 0.2457951456308365 0.24606093764305115 0.2462393045425415 0.24634568393230438
          0.24655187129974365 0.24695266783237457 0.24726685881614685 0.24745237827301025 0.24747036397457123 0.24730786681175232
          0.2470182478427887 0.24666766822338104 0.24632132053375244 0.24596688151359558 0.24562497437000275 0.24562644958496094
          0.2814193665981293 0.2656541168689728 0.2544391453266144 0.2545578181743622 0.33603689074516296 0.3326592445373535
          0.399297833442688 0.3838226795196533 1 1 1 1
          1 1 1 1 1 1
          1 1 1 1 1 1
          1 1 1 1 1 1
          1 1 1 1 1 1
          1 1 1 1 1 1
          1 0.9999999403953552 0.9933121204376221 0.3249457776546478 0.25159138441085815 0.24516533315181732
          0.2441912144422531 0.24429579079151154 0.24457864463329315 0.24493463337421417 0.24532851576805115 0.24572709202766418
          0.2460935264825821 0.2463860958814621 0.24657034873962402 0.24663549661636353 0.24685454368591309 0.24707913398742676
          0.24723327159881592 0.24725830554962158 0.24713505804538727 0.24689152836799622 0.24659086763858795 0.2462763786315918
          0.24596810340881348 0.2456587851047516 0.24558141827583313 0.24525363743305206 0.2558283507823944 0.2721920311450958
          0.26813438534736633 0.2468905746936798 0.3534984290599823 0.268214613199234 0.426897257566452 0.39616402983665466
          0.9931184649467468 0.9992446303367615 1 0.9996889233589172 0.9994339942932129 0.9999943971633911
          0.9997527599334717 0.9999445676803589 0.9999800324440002 1 0.9999998807907104 0.9999999403953552
          1 0.9999998807907104 0.9999048709869385 0.9999998211860657 0.9999997615814209 0.9999997615814209
          1 1 1 1 1 0.9999982118606567
          1 1 0.9999995827674866 1 1 1
          1 1 1 1 1 1
          1 0.3704664409160614 0.2613913118839264 0.24689818918704987 0.24424687027931213 0.2442358434200287
          0.24452011287212372 0.2448975145816803 0.24532341957092285 0.24575036764144897 0.24612994492053986 0.246418297290802
          0.24660077691078186 0.2467012107372284 0.24678975343704224 0.2469707429409027 0.24700146913528442 0.24693070352077484
          0.2467527687549591 0.24650585651397705 0.24623961746692657 0.24597518146038055 0.2457217425107956 0.24547505378723145
          0.24546006321907043 0.24546033143997192 0.2448260337114334 0.2558385133743286 0.2538352608680725 0.2481776922941208
          0.2724197208881378 0.2679362893104553 0.25959455966949463 0.25852376222610474 0.2564309537410736 0.2550375759601593
          0.252932608127594 0.2517724633216858 0.25176921486854553 0.6645856499671936 0.5313065648078918 0.24637217819690704
          0.24602651596069336 0.5464871525764465 0.8416399359703064 0.5595941543579102 0.468627005815506 0.8887340426445007
          0.9999998211860657 0.3857281804084778 0.35956844687461853 0.7537401914596558 1 0.8221749067306519
          0.2775649130344391 0.2657437026500702 0.2602292597293854 0.25763967633247375 0.25584182143211365 0.25456875562667847
          0.2539372146129608 0.25339990854263306 1 1 1 1
          1 1 1 1 0.9999998211860657 0.9945038557052612
          0.3467962443828583 0.25812962651252747 0.24484731256961823 0.24404321610927582 0.24424496293067932 0.24458524584770203
          0.24499844014644623 0.24541722238063812 0.24579527974128723 0.2460928112268448 0.24628251791000366 0.2463735193014145
          0.24640251696109772 0.24640905857086182 0.2464151233434677 0.24644219875335693 0.2463732659816742 0.24620944261550903
          0.24600765109062195 0.2458023577928543 0.2455977350473404 0.2454959750175476 0.24547487497329712 0.24545712769031525
          0.24545395374298096 0.2454214096069336 0.2443075031042099 0.2442643940448761 0.24423661828041077 0.2442150115966797
          0.24419404566287994 0.24417433142662048 0.24415583908557892 0.2441396564245224 0.24412420392036438 0.2441086322069168
          0.2440938800573349 0.24408076703548431 0.24406851828098297 0.24405686557292938 0.24454917013645172 0.24453794956207275
          0.24513842165470123 0.24513740837574005 0.24513617157936096 0.2451329529285431 0.24512870609760284 0.24512548744678497
          0.24512259662151337 0.24511680006980896 0.24510881304740906 0.24510368704795837 0.24510492384433746 0.24510671198368073
          0.2451087385416031 0.24511119723320007 0.2451145350933075 0.24511897563934326 0.24512505531311035 0.2451333850622177
          1 1 1 1 1 1
          1 1 1 0.9914490580558777 1 0.991369903087616
          0.26049426198005676 0.2439645379781723 0.2437002956867218 0.24383892118930817 0.2441435009241104 0.24445749819278717
          0.24475927650928497 0.24507635831832886 0.2453775703907013 0.24561209976673126 0.24575676023960114 0.24582813680171967
          0.2458563596010208 0.24586907029151917 0.2458791881799698 0.245841845870018 0.245762899518013 0.24566221237182617
          0.24552763998508453 0.24549631774425507 0.24546851217746735 0.2454570084810257 0.2454538494348526 0.2454538494348526
          0.2454196661710739 0.24403654038906097 0.24402248859405518 0.24401073157787323 0.24399957060813904 0.24398908019065857
          0.24397918581962585 0.24397006630897522 0.24396111071109772 0.24395281076431274 0.2439456433057785 0.24394002556800842
          0.24393503367900848 0.24392929673194885 0.2439231276512146 0.2441805899143219 0.24465598165988922 0.24465376138687134
          0.24465115368366241 0.24464868009090424 0.2446458637714386 0.24464300274848938 0.24463967978954315 0.24463585019111633
          0.24463209509849548 0.24462872743606567 0.24462555348873138 0.24462240934371948 0.24461933970451355 0.24461629986763
          0.244613379240036 0.2446107268333435 0.2446083426475525 0.24460777640342712
        </DataArray>
      </CellData>
      <Points>
        <DataArray type="Float32" Name="Points" NumberOfComponents="3" format="ascii" RangeMin="0" RangeMax="5.727128342051162">
          0 0 0 0 0.07999999821186066 0
          0 0.1599999964237213 0 0 0.23999999463558197 0
          0 0.3199999928474426 0 0 0.4000000059604645 0
          0 0.47999998927116394 0 0 0.5600000023841858 0
          0 0.6399999856948853 0 0 0.7200000286102295 0
          0 0.800000011920929 0 0 0.8799999952316284 0
          0 0.9599999785423279 0 0 1.0399999618530273 0
          0 1.1200000047683716 0 0 1.2000000476837158 0
          0 1.2799999713897705 0 0 1.3600000143051147 0
          0 1.440000057220459 0 0 1.5199999809265137 0
          0 1.600000023841858 0 0 1.6799999475479126 0
          0 1.7599999904632568 0 0 1.840000033378601 0
          0 1.9199999570846558 0 0 2 0
          0 2.0799999237060547 0 0 2.1600000858306885 0
          0 2.240000009536743 0 0 2.319999933242798 0
          0 2.4000000953674316 0 0 2.4800000190734863 0
          0 2.559999942779541 0 0 2.640000104904175 0
          0 2.7200000286102295 0 0 2.799999952316284 0
          0 2.880000114440918 0 0 2.9600000381469727 0
          0 3.0399999618530273 0 0 3.119999885559082 0
          0 3.200000047683716 0 0 3.2799999713897705 0
          0 3.359999895095825 0 0 3.440000057220459 0
          0 3.5199999809265137 0 0 3.5999999046325684 0
          0 3.680000066757202 0 0 3.759999990463257 0
          0 3.8399999141693115 0 0 3.9200000762939453 0
          0 4 0 0 4.079999923706055 0
          0 4.159999847412109 0 0 4.239999771118164 0
          0 4.320000171661377 0 0 4.400000095367432 0
          0 4.480000019073486 0 0 4.559999942779541 0
          0 4.639999866485596 0 0 4.71999979019165 0
          0 4.800000190734863 0 0 4.880000114440918 0
          0 4.960000038146973 0 0 5.039999961853027 0
          0 5.119999885559082 0 0 5.199999809265137 0
          0 5.28000020980835 0 0 5.360000133514404 0
          0 5.440000057220459 0 0 5.519999980926514 0
          0 5.599999904632568 0 0.11999999731779099 0 0
          0.11999999731779099 0.07999999821186066 0 0.11999999731779099 0.1599999964237213 0
          0.11999999731779099 0.23999999463558197 0 0.11999999731779099 0.3199999928474426 0
          0.11999999731779099 0.4000000059604645 0 0.11999999731779099 0.47999998927116394 0
          0.11999999731779099 0.5600000023841858 0 0.11999999731779099 0.6399999856948853 0
          0.11999999731779099 0.7200000286102295 0 0.11999999731779099 0.800000011920929 0
          0.11999999731779099 0.8799999952316284 0 0.11999999731779099 0.9599999785423279 0
          0.11999999731779099 1.0399999618530273 0 0.11999999731779099 1.1200000047683716 0
          0.11999999731779099 1.2000000476837158 0 0.11999999731779099 1.2799999713897705 0
          0.11999999731779099 1.3600000143051147 0 0.11999999731779099 1.440000057220459 0
          0.11999999731779099 1.5199999809265137 0 0.11999999731779099 1.600000023841858 0
          0.11999999731779099 1.6799999475479126 0 0.11999999731779099 1.7599999904632568 0
          0.11999999731779099 1.840000033378601 0 0.11999999731779099 1.9199999570846558 0
          0.11999999731779099 2 0 0.11999999731779099 2.0799999237060547 0
          0.11999999731779099 2.1600000858306885 0 0.11999999731779099 2.240000009536743 0
          0.11999999731779099 2.319999933242798 0 0.11999999731779099 2.4000000953674316 0
          0.11999999731779099 2.4800000190734863 0 0.11999999731779099 2.559999942779541 0
          0.11999999731779099 2.640000104904175 0 0.11999999731779099 2.7200000286102295 0
          0.11999999731779099 2.799999952316284 0 0.11999999731779099 2.880000114440918 0
          0.11999999731779099 2.9600000381469727 0 0.11999999731779099 3.0399999618530273 0
          0.11999999731779099 3.119999885559082 0 0.11999999731779099 3.200000047683716 0
          0.11999999731779099 3.2799999713897705 0 0.11999999731779099 3.359999895095825 0
          0.11999999731779099 3.440000057220459 0 0.11999999731779099 3.5199999809265137 0
          0.11999999731779099 3.5999999046325684 0 0.11999999731779099 3.680000066757202 0
          0.11999999731779099 3.759999990463257 0 0.11999999731779099 3.8399999141693115 0
          0.11999999731779099 3.9200000762939453 0 0.11999999731779099 4 0
          0.11999999731779099 4.079999923706055 0 0.11999999731779099 4.159999847412109 0
          0.11999999731779099 4.239999771118164 0 0.11999999731779099 4.320000171661377 0
          0.11999999731779099 4.400000095367432 0 0.11999999731779099 4.480000019073486 0
          0.11999999731779099 4.559999942779541 0 0.11999999731779099 4.639999866485596 0
          0.11999999731779099 4.71999979019165 0 0.11999999731779099 4.800000190734863 0
          0.11999999731779099 4.880000114440918 0 0.11999999731779099 4.960000038146973 0
          0.11999999731779099 5.039999961853027 0 0.11999999731779099 5.119999885559082 0
          0.11999999731779099 5.199999809265137 0 0.11999999731779099 5.28000020980835 0
          0.11999999731779099 5.360000133514404 0 0.11999999731779099 5.440000057220459 0
          0.11999999731779099 5.519999980926514 0 0.11999999731779099 5.599999904632568 0
          0.23999999463558197 0 0 0.23999999463558197 0.07999999821186066 0
          0.23999999463558197 0.1599999964237213 0 0.23999999463558197 0.23999999463558197 0
          0.23999999463558197 0.3199999928474426 0 0.23999999463558197 0.4000000059604645 0
          0.23999999463558197 0.47999998927116394 0 0.23999999463558197 0.5600000023841858 0
          0.23999999463558197 0.6399999856948853 0 0.23999999463558197 0.7200000286102295 0
          0.23999999463558197 0.800000011920929 0 0.23999999463558197 0.8799999952316284 0
          0.23999999463558197 0.9599999785423279 0 0.23999999463558197 1.0399999618530273 0
          0.23999999463558197 1.1200000047683716 0 0.23999999463558197 1.2000000476837158 0
          0.23999999463558197 1.2799999713897705 0 0.23999999463558197 1.3600000143051147 0
          0.23999999463558197 1.440000057220459 0 0.23999999463558197 1.5199999809265137 0
          0.23999999463558197 1.600000023841858 0 0.23999999463558197 1.6799999475479126 0
          0.23999999463558197 1.7599999904632568 0 0.23999999463558197 1.840000033378601 0
          0.23999999463558197 1.9199999570846558 0 0.23999999463558197 2 0
          0.23999999463558197 2.0799999237060547 0 0.23999999463558197 2.1600000858306885 0
          0.23999999463558197 2.240000009536743 0 0.23999999463558197 2.319999933242798 0
          0.23999999463558197 2.4000000953674316 0 0.23999999463558197 2.4800000190734863 0
          0.23999999463558197 2.559999942779541 0 0.23999999463558197 2.640000104904175 0
          0.23999999463558197 2.7200000286102295 0 0.23999999463558197 2.799999952316284 0
          0.23999999463558197 2.880000114440918 0 0.23999999463558197 2.9600000381469727 0
          0.23999999463558197 3.0399999618530273 0 0.23999999463558197 3.119999885559082 0
          0.23999999463558197 3.200000047683716 0 0.23999999463558197 3.2799999713897705 0
          0.23999999463558197 3.359999895095825 0 0.23999999463558197 3.440000057220459 0
          0.23999999463558197 3.5199999809265137 0 0.23999999463558197 3.5999999046325684 0
          0.23999999463558197 3.680000066757202 0 0.23999999463558197 3.759999990463257 0
          0.23999999463558197 3.8399999141693115 0 0.23999999463558197 3.9200000762939453 0
          0.23999999463558197 4 0 0.23999999463558197 4.079999923706055 0
          0.23999999463558197 4.159999847412109 0 0.23999999463558197 4.239999771118164 0
          0.23999999463558197 4.320000171661377 0 0.23999999463558197 4.400000095367432 0
          0.23999999463558197 4.480000019073486 0 0.23999999463558197 4.559999942779541 0
          0.23999999463558197 4.639999866485596 0 0.23999999463558197 4.71999979019165 0
          0.23999999463558197 4.800000190734863 0 0.23999999463558197 4.880000114440918 0
          0.23999999463558197 4.960000038146973 0 0.23999999463558197 5.039999961853027 0
          0.23999999463558197 5.119999885559082 0 0.23999999463558197 5.199999809265137 0
          0.23999999463558197 5.28000020980835 0 0.23999999463558197 5.360000133514404 0
          0.23999999463558197 5.440000057220459 0 0.23999999463558197 5.519999980926514 0
          0.23999999463558197 5.599999904632568 0 0.36000001430511475 0 0
          0.36000001430511475 0.07999999821186066 0 0.36000001430511475 0.1599999964237213 0
          0.36000001430511475 0.23999999463558197 0 0.36000001430511475 0.3199999928474426 0
          0.36000001430511475 0.4000000059604645 0 0.36000001430511475 0.47999998927116394 0
          0.36000001430511475 0.5600000023841858 0 0.36000001430511475 0.6399999856948853 0
          0.36000001430511475 0.7200000286102295 0 0.36000001430511475 0.800000011920929 0
          0.36000001430511475 0.8799999952316284 0 0.36000001430511475 0.9599999785423279 0
          0.36000001430511475 1.0399999618530273 0 0.36000001430511475 1.1200000047683716 0
          0.36000001430511475 1.2000000476837158 0 0.36000001430511475 1.2799999713897705 0
          0.36000001430511475 1.3600000143051147 0 0.36000001430511475 1.440000057220459 0
          0.36000001430511475 1.5199999809265137 0 0.36000001430511475 1.600000023841858 0
          0.36000001430511475 1.6799999475479126 0 0.36000001430511475 1.7599999904632568 0
          0.36000001430511475 1.840000033378601 0 0.36000001430511475 1.9199999570846558 0
          0.36000001430511475 2 0 0.36000001430511475 2.0799999237060547 0
          0.36000001430511475 2.1600000858306885 0 0.36000001430511475 2.240000009536743 0
          0.36000001430511475 2.319999933242798 0 0.36000001430511475 2.4000000953674316 0
          0.36000001430511475 2.4800000190734863 0 0.36000001430511475 2.559999942779541 0
          0.36000001430511475 2.640000104904175 0 0.36000001430511475 2.7200000286102295 0
          0.36000001430511475 2.799999952316284 0 0.36000001430511475 2.880000114440918 0
          0.36000001430511475 2.9600000381469727 0 0.36000001430511475 3.0399999618530273 0
          0.36000001430511475 3.119999885559082 0 0.36000001430511475 3.200000047683716 0
          0.36000001430511475 3.2799999713897705 0 0.36000001430511475 3.359999895095825 0
          0.36000001430511475 3.440000057220459 0 0.36000001430511475 3.5199999809265137 0
          0.36000001430511475 3.5999999046325684 0 0.36000001430511475 3.680000066757202 0
          0.36000001430511475 3.759999990463257 0 0.36000001430511475 3.8399999141693115 0
          0.36000001430511475 3.9200000762939453 0 0.36000001430511475 4 0
          0.36000001430511475 4.079999923706055 0 0.36000001430511475 4.159999847412109 0
          0.36000001430511475 4.239999771118164 0 0.36000001430511475 4.320000171661377 0
          0.36000001430511475 4.400000095367432 0 0.36000001430511475 4.480000019073486 0
          0.36000001430511475 4.559999942779541 0 0.36000001430511475 4.639999866485596 0
          0.36000001430511475 4.71999979019165 0 0.36000001430511475 4.800000190734863 0
          0.36000001430511475 4.880000114440918 0 0.36000001430511475 4.960000038146973 0
          0.36000001430511475 5.039999961853027 0 0.36000001430511475 5.119999885559082 0
          0.36000001430511475 5.199999809265137 0 0.36000001430511475 5.28000020980835 0
          0.36000001430511475 5.360000133514404 0 0.36000001430511475 5.440000057220459 0
          0.36000001430511475 5.519999980926514 0 0.36000001430511475 5.599999904632568 0
          0.47999998927116394 0 0 0.47999998927116394 0.07999999821186066 0
          0.47999998927116394 0.1599999964237213 0 0.47999998927116394 0.23999999463558197 0
          0.47999998927116394 0.3199999928474426 0 0.47999998927116394 0.4000000059604645 0
          0.47999998927116394 0.47999998927116394 0 0.47999998927116394 0.5600000023841858 0
          0.47999998927116394 0.6399999856948853 0 0.47999998927116394 0.7200000286102295 0
          0.47999998927116394 0.800000011920929 0 0.47999998927116394 0.8799999952316284 0
          0.47999998927116394 0.9599999785423279 0 0.47999998927116394 1.0399999618530273 0
          0.47999998927116394 1.1200000047683716 0 0.47999998927116394 1.2000000476837158 0
          0.47999998927116394 1.2799999713897705 0 0.47999998927116394 1.3600000143051147 0
          0.47999998927116394 1.440000057220459 0 0.47999998927116394 1.5199999809265137 0
          0.47999998927116394 1.600000023841858 0 0.47999998927116394 1.6799999475479126 0
          0.47999998927116394 1.7599999904632568 0 0.47999998927116394 1.840000033378601 0
          0.47999998927116394 1.9199999570846558 0 0.47999998927116394 2 0
          0.47999998927116394 2.0799999237060547 0 0.47999998927116394 2.1600000858306885 0
          0.47999998927116394 2.240000009536743 0 0.47999998927116394 2.319999933242798 0
          0.47999998927116394 2.4000000953674316 0 0.47999998927116394 2.4800000190734863 0
          0.47999998927116394 2.559999942779541 0 0.47999998927116394 2.640000104904175 0
          0.47999998927116394 2.7200000286102295 0 0.47999998927116394 2.799999952316284 0
          0.47999998927116394 2.880000114440918 0 0.47999998927116394 2.9600000381469727 0
          0.47999998927116394 3.0399999618530273 0 0.47999998927116394 3.119999885559082 0
          0.47999998927116394 3.200000047683716 0 0.47999998927116394 3.2799999713897705 0
          0.47999998927116394 3.359999895095825 0 0.47999998927116394 3.440000057220459 0
          0.47999998927116394 3.5199999809265137 0 0.47999998927116394 3.5999999046325684 0
          0.47999998927116394 3.680000066757202 0 0.47999998927116394 3.759999990463257 0
          0.47999998927116394 3.8399999141693115 0 0.47999998927116394 3.9200000762939453 0
          0.47999998927116394 4 0 0.47999998927116394 4.079999923706055 0
          0.47999998927116394 4.159999847412109 0 0.47999998927116394 4.239999771118164 0
          0.47999998927116394 4.320000171661377 0 0.47999998927116394 4.400000095367432 0
          0.47999998927116394 4.480000019073486 0 0.47999998927116394 4.559999942779541 0
          0.47999998927116394 4.639999866485596 0 0.47999998927116394 4.71999979019165 0
          0.47999998927116394 4.800000190734863 0 0.47999998927116394 4.880000114440918 0
          0.47999998927116394 4.960000038146973 0 0.47999998927116394 5.039999961853027 0
          0.47999998927116394 5.119999885559082 0 0.47999998927116394 5.199999809265137 0
          0.47999998927116394 5.28000020980835 0 0.47999998927116394 5.360000133514404 0
          0.47999998927116394 5.440000057220459 0 0.47999998927116394 5.519999980926514 0
          0.47999998927116394 5.599999904632568 0 0.6000000238418579 0 0
          0.6000000238418579 0.07999999821186066 0 0.6000000238418579 0.1599999964237213 0
          0.6000000238418579 0.23999999463558197 0 0.6000000238418579 0.3199999928474426 0
          0.6000000238418579 0.4000000059604645 0 0.6000000238418579 0.47999998927116394 0
          0.6000000238418579 0.5600000023841858 0 0.6000000238418579 0.6399999856948853 0
          0.6000000238418579 0.7200000286102295 0 0.6000000238418579 0.800000011920929 0
          0.6000000238418579 0.8799999952316284 0 0.6000000238418579 0.9599999785423279 0
          0.6000000238418579 1.0399999618530273 0 0.6000000238418579 1.1200000047683716 0
          0.6000000238418579 1.2000000476837158 0 0.6000000238418579 1.2799999713897705 0
          0.6000000238418579 1.3600000143051147 0 0.6000000238418579 1.440000057220459 0
          0.6000000238418579 1.5199999809265137 0 0.6000000238418579 1.600000023841858 0
          0.6000000238418579 1.6799999475479126 0 0.6000000238418579 1.7599999904632568 0
          0.6000000238418579 1.840000033378601 0 0.6000000238418579 1.9199999570846558 0
          0.6000000238418579 2 0 0.6000000238418579 2.0799999237060547 0
          0.6000000238418579 2.1600000858306885 0 0.6000000238418579 2.240000009536743 0
          0.6000000238418579 2.319999933242798 0 0.6000000238418579 2.4000000953674316 0
          0.6000000238418579 2.4800000190734863 0 0.6000000238418579 2.559999942779541 0
          0.6000000238418579 2.640000104904175 0 0.6000000238418579 2.7200000286102295 0
          0.6000000238418579 2.799999952316284 0 0.6000000238418579 2.880000114440918 0
          0.6000000238418579 2.9600000381469727 0 0.6000000238418579 3.0399999618530273 0
          0.6000000238418579 3.119999885559082 0 0.6000000238418579 3.200000047683716 0
          0.6000000238418579 3.2799999713897705 0 0.6000000238418579 3.359999895095825 0
          0.6000000238418579 3.440000057220459 0 0.6000000238418579 3.5199999809265137 0
          0.6000000238418579 3.5999999046325684 0 0.6000000238418579 3.680000066757202 0
          0.6000000238418579 3.759999990463257 0 0.6000000238418579 3.8399999141693115 0
          0.6000000238418579 3.9200000762939453 0 0.6000000238418579 4 0
          0.6000000238418579 4.079999923706055 0 0.6000000238418579 4.159999847412109 0
          0.6000000238418579 4.239999771118164 0 0.6000000238418579 4.320000171661377 0
          0.6000000238418579 4.400000095367432 0 0.6000000238418579 4.480000019073486 0
          0.6000000238418579 4.559999942779541 0 0.6000000238418579 4.639999866485596 0
          0.6000000238418579 4.71999979019165 0 0.6000000238418579 4.800000190734863 0
          0.6000000238418579 4.880000114440918 0 0.6000000238418579 4.960000038146973 0
          0.6000000238418579 5.039999961853027 0 0.6000000238418579 5.119999885559082 0
          0.6000000238418579 5.199999809265137 0 0.6000000238418579 5.28000020980835 0
          0.6000000238418579 5.360000133514404 0 0.6000000238418579 5.440000057220459 0
          0.6000000238418579 5.519999980926514 0 0.6000000238418579 5.599999904632568 0
          0.7200000286102295 0 0 0.7200000286102295 0.07999999821186066 0
          0.7200000286102295 0.1599999964237213 0 0.7200000286102295 0.23999999463558197 0
          0.7200000286102295 0.3199999928474426 0 0.7200000286102295 0.4000000059604645 0
          0.7200000286102295 0.47999998927116394 0 0.7200000286102295 0.5600000023841858 0
          0.7200000286102295 0.6399999856948853 0 0.7200000286102295 0.7200000286102295 0
          0.7200000286102295 0.800000011920929 0 0.7200000286102295 0.8799999952316284 0
          0.7200000286102295 0.9599999785423279 0 0.7200000286102295 1.0399999618530273 0
          0.7200000286102295 1.1200000047683716 0 0.7200000286102295 1.2000000476837158 0
          0.7200000286102295 1.2799999713897705 0 0.7200000286102295 1.3600000143051147 0
          0.7200000286102295 1.440000057220459 0 0.7200000286102295 1.5199999809265137 0
          0.7200000286102295 1.600000023841858 0 0.7200000286102295 1.6799999475479126 0
          0.7200000286102295 1.7599999904632568 0 0.7200000286102295 1.840000033378601 0
          0.7200000286102295 1.9199999570846558 0 0.7200000286102295 2 0
          0.7200000286102295 2.0799999237060547 0 0.7200000286102295 2.1600000858306885 0
          0.7200000286102295 2.240000009536743 0 0.7200000286102295 2.319999933242798 0
          0.7200000286102295 2.4000000953674316 0 0.7200000286102295 2.4800000190734863 0
          0.7200000286102295 2.559999942779541 0 0.7200000286102295 2.640000104904175 0
          0.7200000286102295 2.7200000286102295 0 0.7200000286102295 2.799999952316284 0
          0.7200000286102295 2.880000114440918 0 0.7200000286102295 2.9600000381469727 0
          0.7200000286102295 3.0399999618530273 0 0.7200000286102295 3.119999885559082 0
          0.7200000286102295 3.200000047683716 0 0.7200000286102295 3.2799999713897705 0
          0.7200000286102295 3.359999895095825 0 0.7200000286102295 3.440000057220459 0
          0.7200000286102295 3.5199999809265137 0 0.7200000286102295 3.5999999046325684 0
          0.7200000286102295 3.680000066757202 0 0.7200000286102295 3.759999990463257 0
          0.7200000286102295 3.8399999141693115 0 0.7200000286102295 3.9200000762939453 0
          0.7200000286102295 4 0 0.7200000286102295 4.079999923706055 0
          0.7200000286102295 4.159999847412109 0 0.7200000286102295 4.239999771118164 0
          0.7200000286102295 4.320000171661377 0 0.7200000286102295 4.400000095367432 0
          0.7200000286102295 4.480000019073486 0 0.7200000286102295 4.559999942779541 0
          0.7200000286102295 4.639999866485596 0 0.7200000286102295 4.71999979019165 0
          0.7200000286102295 4.800000190734863 0 0.7200000286102295 4.880000114440918 0
          0.7200000286102295 4.960000038146973 0 0.7200000286102295 5.039999961853027 0
          0.7200000286102295 5.119999885559082 0 0.7200000286102295 5.199999809265137 0
          0.7200000286102295 5.28000020980835 0 0.7200000286102295 5.360000133514404 0
          0.7200000286102295 5.440000057220459 0 0.7200000286102295 5.519999980926514 0
          0.7200000286102295 5.599999904632568 0 0.8399999737739563 0 0
          0.8399999737739563 0.07999999821186066 0 0.8399999737739563 0.1599999964237213 0
          0.8399999737739563 0.23999999463558197 0 0.8399999737739563 0.3199999928474426 0
          0.8399999737739563 0.4000000059604645 0 0.8399999737739563 0.47999998927116394 0
          0.8399999737739563 0.5600000023841858 0 0.8399999737739563 0.6399999856948853 0
          0.8399999737739563 0.7200000286102295 0 0.8399999737739563 0.800000011920929 0
          0.8399999737739563 0.8799999952316284 0 0.8399999737739563 0.9599999785423279 0
          0.8399999737739563 1.0399999618530273 0 0.8399999737739563 1.1200000047683716 0
          0.8399999737739563 1.2000000476837158 0 0.8399999737739563 1.2799999713897705 0
          0.8399999737739563 1.3600000143051147 0 0.8399999737739563 1.440000057220459 0
          0.8399999737739563 1.5199999809265137 0 0.8399999737739563 1.600000023841858 0
          0.8399999737739563 1.6799999475479126 0 0.8399999737739563 1.7599999904632568 0
          0.8399999737739563 1.840000033378601 0 0.8399999737739563 1.9199999570846558 0
          0.8399999737739563 2 0 0.8399999737739563 2.0799999237060547 0
          0.8399999737739563 2.1600000858306885 0 0.8399999737739563 2.240000009536743 0
          0.8399999737739563 2.319999933242798 0 0.8399999737739563 2.4000000953674316 0
          0.8399999737739563 2.4800000190734863 0 0.8399999737739563 2.559999942779541 0
          0.8399999737739563 2.640000104904175 0 0.8399999737739563 2.7200000286102295 0
          0.8399999737739563 2.799999952316284 0 0.8399999737739563 2.880000114440918 0
          0.8399999737739563 2.9600000381469727 0 0.8399999737739563 3.0399999618530273 0
          0.8399999737739563 3.119999885559082 0 0.8399999737739563 3.200000047683716 0
          0.8399999737739563 3.2799999713897705 0 0.8399999737739563 3.359999895095825 0
          0.8399999737739563 3.440000057220459 0 0.8399999737739563 3.5199999809265137 0
          0.8399999737739563 3.5999999046325684 0 0.8399999737739563 3.680000066757202 0
          0.8399999737739563 3.759999990463257 0 0.8399999737739563 3.8399999141693115 0
          0.8399999737739563 3.9200000762939453 0 0.8399999737739563 4 0
          0.8399999737739563 4.079999923706055 0 0.8399999737739563 4.159999847412109 0
          0.8399999737739563 4.239999771118164 0 0.8399999737739563 4.320000171661377 0
          0.8399999737739563 4.400000095367432 0 0.8399999737739563 4.480000019073486 0
          0.8399999737739563 4.559999942779541 0 0.8399999737739563 4.639999866485596 0
          0.8399999737739563 4.71999979019165 0 0.8399999737739563 4.800000190734863 0
          0.8399999737739563 4.880000114440918 0 0.8399999737739563 4.960000038146973 0
          0.8399999737739563 5.039999961853027 0 0.8399999737739563 5.119999885559082 0
          0.8399999737739563 5.199999809265137 0 0.8399999737739563 5.28000020980835 0
          0.8399999737739563 5.360000133514404 0 0.8399999737739563 5.440000057220459 0
          0.8399999737739563 5.519999980926514 0 0.8399999737739563 5.599999904632568 0
          0.9599999785423279 0 0 0.9599999785423279 0.07999999821186066 0
          0.9599999785423279 0.1599999964237213 0 0.9599999785423279 0.23999999463558197 0
          0.9599999785423279 0.3199999928474426 0 0.9599999785423279 0.4000000059604645 0
          0.9599999785423279 0.47999998927116394 0 0.9599999785423279 0.5600000023841858 0
          0.9599999785423279 0.6399999856948853 0 0.9599999785423279 0.7200000286102295 0
          0.9599999785423279 0.800000011920929 0 0.9599999785423279 0.8799999952316284 0
          0.9599999785423279 0.9599999785423279 0 0.9599999785423279 1.0399999618530273 0
          0.9599999785423279 1.1200000047683716 0 0.9599999785423279 1.2000000476837158 0
          0.9599999785423279 1.2799999713897705 0 0.9599999785423279 1.3600000143051147 0
          0.9599999785423279 1.440000057220459 0 0.9599999785423279 1.5199999809265137 0
          0.9599999785423279 1.600000023841858 0 0.9599999785423279 1.6799999475479126 0
          0.9599999785423279 1.7599999904632568 0 0.9599999785423279 1.840000033378601 0
          0.9599999785423279 1.9199999570846558 0 0.9599999785423279 2 0
          0.9599999785423279 2.0799999237060547 0 0.9599999785423279 2.1600000858306885 0
          0.9599999785423279 2.240000009536743 0 0.9599999785423279 2.319999933242798 0
          0.9599999785423279 2.4000000953674316 0 0.9599999785423279 2.4800000190734863 0
          0.9599999785423279 2.559999942779541 0 0.9599999785423279 2.640000104904175 0
          0.9599999785423279 2.7200000286102295 0 0.9599999785423279 2.799999952316284 0
          0.9599999785423279 2.880000114440918 0 0.9599999785423279 2.9600000381469727 0
          0.9599999785423279 3.0399999618530273 0 0.9599999785423279 3.119999885559082 0
          0.9599999785423279 3.200000047683716 0 0.9599999785423279 3.2799999713897705 0
          0.9599999785423279 3.359999895095825 0 0.9599999785423279 3.440000057220459 0
          0.9599999785423279 3.5199999809265137 0 0.9599999785423279 3.5999999046325684 0
          0.9599999785423279 3.680000066757202 0 0.9599999785423279 3.759999990463257 0
          0.9599999785423279 3.8399999141693115 0 0.9599999785423279 3.9200000762939453 0
          0.9599999785423279 4 0 0.9599999785423279 4.079999923706055 0
          0.9599999785423279 4.159999847412109 0 0.9599999785423279 4.239999771118164 0
          0.9599999785423279 4.320000171661377 0 0.9599999785423279 4.400000095367432 0
          0.9599999785423279 4.480000019073486 0 0.9599999785423279 4.559999942779541 0
          0.9599999785423279 4.639999866485596 0 0.9599999785423279 4.71999979019165 0
          0.9599999785423279 4.800000190734863 0 0.9599999785423279 4.880000114440918 0
          0.9599999785423279 4.960000038146973 0 0.9599999785423279 5.039999961853027 0
          0.9599999785423279 5.119999885559082 0 0.9599999785423279 5.199999809265137 0
          0.9599999785423279 5.28000020980835 0 0.9599999785423279 5.360000133514404 0
          0.9599999785423279 5.440000057220459 0 0.9599999785423279 5.519999980926514 0
          0.9599999785423279 5.599999904632568 0 1.0800000429153442 0 0
          1.0800000429153442 0.07999999821186066 0 1.0800000429153442 0.1599999964237213 0
          1.0800000429153442 0.23999999463558197 0 1.0800000429153442 0.3199999928474426 0
          1.0800000429153442 0.4000000059604645 0 1.0800000429153442 0.47999998927116394 0
          1.0800000429153442 0.5600000023841858 0 1.0800000429153442 0.6399999856948853 0
          1.0800000429153442 0.7200000286102295 0 1.0800000429153442 0.800000011920929 0
          1.0800000429153442 0.8799999952316284 0 1.0800000429153442 0.9599999785423279 0
          1.0800000429153442 1.0399999618530273 0 1.0800000429153442 1.1200000047683716 0
          1.0800000429153442 1.2000000476837158 0 1.0800000429153442 1.2799999713897705 0
          1.0800000429153442 1.3600000143051147 0 1.0800000429153442 1.440000057220459 0
          1.0800000429153442 1.5199999809265137 0 1.0800000429153442 1.600000023841858 0
          1.0800000429153442 1.6799999475479126 0 1.0800000429153442 1.7599999904632568 0
          1.0800000429153442 1.840000033378601 0 1.0800000429153442 1.9199999570846558 0
          1.0800000429153442 2 0 1.0800000429153442 2.0799999237060547 0
          1.0800000429153442 2.1600000858306885 0 1.0800000429153442 2.240000009536743 0
          1.0800000429153442 2.319999933242798 0 1.0800000429153442 2.4000000953674316 0
          1.0800000429153442 2.4800000190734863 0 1.0800000429153442 2.559999942779541 0
          1.0800000429153442 2.640000104904175 0 1.0800000429153442 2.7200000286102295 0
          1.0800000429153442 2.799999952316284 0 1.0800000429153442 2.880000114440918 0
          1.0800000429153442 2.9600000381469727 0 1.0800000429153442 3.0399999618530273 0
          1.0800000429153442 3.119999885559082 0 1.0800000429153442 3.200000047683716 0
          1.0800000429153442 3.2799999713897705 0 1.0800000429153442 3.359999895095825 0
          1.0800000429153442 3.440000057220459 0 1.0800000429153442 3.5199999809265137 0
          1.0800000429153442 3.5999999046325684 0 1.0800000429153442 3.680000066757202 0
          1.0800000429153442 3.759999990463257 0 1.0800000429153442 3.8399999141693115 0
          1.0800000429153442 3.9200000762939453 0 1.0800000429153442 4 0
          1.0800000429153442 4.079999923706055 0 1.0800000429153442 4.159999847412109 0
          1.0800000429153442 4.239999771118164 0 1.0800000429153442 4.320000171661377 0
          1.0800000429153442 4.400000095367432 0 1.0800000429153442 4.480000019073486 0
          1.0800000429153442 4.559999942779541 0 1.0800000429153442 4.639999866485596 0
          1.0800000429153442 4.71999979019165 0 1.0800000429153442 4.800000190734863 0
          1.0800000429153442 4.880000114440918 0 1.0800000429153442 4.960000038146973 0
          1.0800000429153442 5.039999961853027 0 1.0800000429153442 5.119999885559082 0
          1.0800000429153442 5.199999809265137 0 1.0800000429153442 5.28000020980835 0
          1.0800000429153442 5.360000133514404 0 1.0800000429153442 5.440000057220459 0
          1.0800000429153442 5.519999980926514 0 1.0800000429153442 5.599999904632568 0
          1.2000000476837158 0 0 1.2000000476837158 0.07999999821186066 0
          1.2000000476837158 0.1599999964237213 0 1.2000000476837158 0.23999999463558197 0
          1.2000000476837158 0.3199999928474426 0 1.2000000476837158 0.4000000059604645 0
          1.2000000476837158 0.47999998927116394 0 1.2000000476837158 0.5600000023841858 0
          1.2000000476837158 0.6399999856948853 0 1.2000000476837158 0.7200000286102295 0
          1.2000000476837158 0.800000011920929 0 1.2000000476837158 0.8799999952316284 0
          1.2000000476837158 0.9599999785423279 0 1.2000000476837158 1.0399999618530273 0
          1.2000000476837158 1.1200000047683716 0 1.2000000476837158 1.2000000476837158 0
          1.2000000476837158 1.2799999713897705 0 1.2000000476837158 1.3600000143051147 0
          1.2000000476837158 1.440000057220459 0 1.2000000476837158 1.5199999809265137 0
          1.2000000476837158 1.600000023841858 0 1.2000000476837158 1.6799999475479126 0
          1.2000000476837158 1.7599999904632568 0 1.2000000476837158 1.840000033378601 0
          1.2000000476837158 1.9199999570846558 0 1.2000000476837158 2 0
          1.2000000476837158 2.0799999237060547 0 1.2000000476837158 2.1600000858306885 0
          1.2000000476837158 2.240000009536743 0 1.2000000476837158 2.319999933242798 0
          1.2000000476837158 2.4000000953674316 0 1.2000000476837158 2.4800000190734863 0
          1.2000000476837158 2.559999942779541 0 1.2000000476837158 2.640000104904175 0
          1.2000000476837158 2.7200000286102295 0 1.2000000476837158 2.799999952316284 0
          1.2000000476837158 2.880000114440918 0 1.2000000476837158 2.9600000381469727 0
          1.2000000476837158 3.0399999618530273 0 1.2000000476837158 3.119999885559082 0
          1.2000000476837158 3.200000047683716 0 1.2000000476837158 3.2799999713897705 0
          1.2000000476837158 3.359999895095825 0 1.2000000476837158 3.440000057220459 0
          1.2000000476837158 3.5199999809265137 0 1.2000000476837158 3.5999999046325684 0
          1.2000000476837158 3.680000066757202 0 1.2000000476837158 3.759999990463257 0
          1.2000000476837158 3.8399999141693115 0 1.2000000476837158 3.9200000762939453 0
          1.2000000476837158 4 0 1.2000000476837158 4.079999923706055 0
          1.2000000476837158 4.159999847412109 0 1.2000000476837158 4.239999771118164 0
          1.2000000476837158 4.320000171661377 0 1.2000000476837158 4.400000095367432 0
          1.2000000476837158 4.480000019073486 0 1.2000000476837158 4.559999942779541 0
          1.2000000476837158 4.639999866485596 0 1.2000000476837158 4.71999979019165 0
          1.2000000476837158 4.800000190734863 0 1.2000000476837158 4.880000114440918 0
          1.2000000476837158 4.960000038146973 0 1.2000000476837158 5.039999961853027 0
          1.2000000476837158 5.119999885559082 0 1.2000000476837158 5.199999809265137 0
          1.2000000476837158 5.28000020980835 0 1.2000000476837158 5.360000133514404 0
          1.2000000476837158 5.440000057220459 0 1.2000000476837158 5.519999980926514 0
          1.2000000476837158 5.599999904632568 0
          <InformationKey name="L2_NORM_RANGE" location="vtkDataArray" length="2">
            <Value index="0">
              0
            </Value>
            <Value index="1">
              5.7271283421
            </Value>
          </InformationKey>
        </DataArray>
      </Points>
      <Cells>
        <DataArray type="Int64" Name="connectivity" format="ascii" RangeMin="0" RangeMax="780">
          0 71 72 1 1 72
          73 2 2 73 74 3
          3 74 75 4 4 75
          76 5 5 76 77 6
          6 77 78 7 7 78
          79 8 8 79 80 9
          9 80 81 10 10 81
          82 11 11 82 83 12
          12 83 84 13 13 84
          85 14 14 85 86 15
          15 86 87 16 16 87
          88 17 17 88 89 18
          18 89 90 19 19 90
          91 20 20 91 92 21
          21 92 93 22 22 93
          94 23 23 94 95 24
          24 95 96 25 25 96
          97 26 26 97 98 27
          27 98 99 28 28 99
          100 29 29 100 101 30
          30 101 102 31 31 102
          103 32 32 103 104 33
          33 104 105 34 34 105
          106 35 35 106 107 36
          36 107 108 37 37 108
          109 38 38 109 110 39
          39 110 111 40 40 111
          112 41 41 112 113 42
          42 113 114 43 43 114
          115 44 44 115 116 45
          45 116 117 46 46 117
          118 47 47 118 119 48
          48 119 120 49 49 120
          121 50 50 121 122 51
          51 122 123 52 52 123
          124 53 53 124 125 54
          54 125 126 55 55 126
          127 56 56 127 128 57
          57 128 129 58 58 129
          130 59 59 130 131 60
          60 131 132 61 61 132
          133 62 62 133 134 63
          63 134 135 64 64 135
          136 65 65 136 137 66
          66 137 138 67 67 138
          139 68 68 139 140 69
          69 140 141 70 71 142
          143 72 72 143 144 73
          73 144 145 74 74 145
          146 75 75 146 147 76
          76 147 148 77 77 148
          149 78 78 149 150 79
          79 150 151 80 80 151
          152 81 81 152 153 82
          82 153 154 83 83 154
          155 84 84 155 156 85
          85 156 157 86 86 157
          158 87 87 158 159 88
          88 159 160 89 89 160
          161 90 90 161 162 91
          91 162 163 92 92 163
          164 93 93 164 165 94
          94 165 166 95 95 166
          167 96 96 167 168 97
          97 168 169 98 98 169
          170 99 99 170 171 100
          100 171 172 101 101 172
          173 102 102 173 174 103
          103 174 175 104 104 175
          176 105 105 176 177 106
          106 177 178 107 107 178
          179 108 108 179 180 109
          109 180 181 110 110 181
          182 111 111 182 183 112
          112 183 184 113 113 184
          185 114 114 185 186 115
          115 186 187 116 116 187
          188 117 117 188 189 118
          118 189 190 119 119 190
          191 120 120 191 192 121
          121 192 193 122 122 193
          194 123 123 194 195 124
          124 195 196 125 125 196
          197 126 126 197 198 127
          127 198 199 128 128 199
          200 129 129 200 201 130
          130 201 202 131 131 202
          203 132 132 203 204 133
          133 204 205 134 134 205
          206 135 135 206 207 136
          136 207 208 137 137 208
          209 138 138 209 210 139
          139 210 211 140 140 211
          212 141 142 213 214 143
          143 214 215 144 144 215
          216 145 145 216 217 146
          146 217 218 147 147 218
          219 148 148 219 220 149
          149 220 221 150 150 221
          222 151 151 222 223 152
          152 223 224 153 153 224
          225 154 154 225 226 155
          155 226 227 156 156 227
          228 157 157 228 229 158
          158 229 230 159 159 230
          231 160 160 231 232 161
          161 232 233 162 162 233
          234 163 163 234 235 164
          164 235 236 165 165 236
          237 166 166 237 238 167
          167 238 239 168 168 239
          240 169 169 240 241 170
          170 241 242 171 171 242
          243 172 172 243 244 173
          173 244 245 174 174 245
          246 175 175 246 247 176
          176 247 248 177 177 248
          249 178 178 249 250 179
          179 250 251 180 180 251
          252 181 181 252 253 182
          182 253 254 183 183 254
          255 184 184 255 256 185
          185 256 257 186 186 257
          258 187 187 258 259 188
          188 259 260 189 189 260
          261 190 190 261 262 191
          191 262 263 192 192 263
          264 193 193 264 265 194
          194 265 266 195 195 266
          267 196 196 267 268 197
          197 268 269 198 198 269
          270 199 199 270 271 200
          200 271 272 201 201 272
          273 202 202 273 274 203
          203 274 275 204 204 275
          276 205 205 276 277 206
          206 277 278 207 207 278
          279 208 208 279 280 209
          209 280 281 210 210 281
          282 211 211 282 283 212
          213 284 285 214 214 285
          286 215 215 286 287 216
          216 287 288 217 217 288
          289 218 218 289 290 219
          219 290 291 220 220 291
          292 221 221 292 293 222
          222 293 294 223 223 294
          295 224 224 295 296 225
          225 296 297 226 226 297
          298 227 227 298 299 228
          228 299 300 229 229 300
          301 230 230 301 302 231
          231 302 303 232 232 303
          304 233 233 304 305 234
          234 305 306 235 235 306
          307 236 236 307 308 237
          237 308 309 238 238 309
          310 239 239 310 311 240
          240 311 312 241 241 312
          313 242 242 313 314 243
          243 314 315 244 244 315
          316 245 245 316 317 246
          246 317 318 247 247 318
          319 248 248 319 320 249
          249 320 321 250 250 321
          322 251 251 322 323 252
          252 323 324 253 253 324
          325 254 254 325 326 255
          255 326 327 256 256 327
          328 257 257 328 329 258
          258 329 330 259 259 330
          331 260 260 331 332 261
          261 332 333 262 262 333
          334 263 263 334 335 264
          264 335 336 265 265 336
          337 266 266 337 338 267
          267 338 339 268 268 339
          340 269 269 340 341 270
          270 341 342 271 271 342
          343 272 272 343 344 273
          273 344 345 274 274 345
          346 275 275 346 347 276
          276 347 348 277 277 348
          349 278 278 349 350 279
          279 350 351 280 280 351
          352 281 281 352 353 282
          282 353 354 283 284 355
          356 285 285 356 357 286
          286 357 358 287 287 358
          359 288 288 359 360 289
          289 360 361 290 290 361
          362 291 291 362 363 292
          292 363 364 293 293 364
          365 294 294 365 366 295
          295 366 367 296 296 367
          368 297 297 368 369 298
          298 369 370 299 299 370
          371 300 300 371 372 301
          301 372 373 302 302 373
          374 303 303 374 375 304
          304 375 376 305 305 376
          377 306 306 377 378 307
          307 378 379 308 308 379
          380 309 309 380 381 310
          310 381 382 311 311 382
          383 312 312 383 384 313
          313 384 385 314 314 385
          386 315 315 386 387 316
          316 387 388 317 317 388
          389 318 318 389 390 319
          319 390 391 320 320 391
          392 321 321 392 393 322
          322 393 394 323 323 394
          395 324 324 395 396 325
          325 396 397 326 326 397
          398 327 327 398 399 328
          328 399 400 329 329 400
          401 330 330 401 402 331
          331 402 403 332 332 403
          404 333 333 404 405 334
          334 405 406 335 335 406
          407 336 336 407 408 337
          337 408 409 338 338 409
          410 339 339 410 411 340
          340 411 412 341 341 412
          413 342 342 413 414 343
          343 414 415 344 344 415
          416 345 345 416 417 346
          346 417 418 347 347 418
          419 348 348 419 420 349
          349 420 421 350 350 421
          422 351 351 422 423 352
          352 423 424 353 353 424
          425 354 355 426 427 356
          356 427 428 357 357 428
          429 358 358 429 430 359
          359 430 431 360 360 431
          432 361 361 432 433 362
          362 433 434 363 363 434
          435 364 364 435 436 365
          365 436 437 366 366 437
          438 367 367 438 439 368
          368 439 440 369 369 440
          441 370 370 441 442 371
          371 442 443 372 372 443
          444 373 373 444 445 374
          374 445 446 375 375 446
          447 376 376 447 448 377
          377 448 449 378 378 449
          450 379 379 450 451 380
          380 451 452 381 381 452
          453 382 382 453 454 383
          383 454 455 384 384 455
          456 385 385 456 457 386
          386 457 458 387 387 458
          459 388 388 459 460 389
          389 460 461 390 390 461
          462 391 391 462 463 392
          392 463 464 393 393 464
          465 394 394 465 466 395
          395 466 467 396 396 467
          468 397 397 468 469 398
          398 469 470 399 399 470
          471 400 400 471 472 401
          401 472 473 402 402 473
          474 403 403 474 475 404
          404 475 476 405 405 476
          477 406 406 477 478 407
          407 478 479 408 408 479
          480 409 409 480 481 410
          410 481 482 411 411 482
          483 412 412 483 484 413
          413 484 485 414 414 485
          486 415 415 486 487 416
          416 487 488 417 417 488
          489 418 418 489 490 419
          419 490 491 420 420 491
          492 421 421 492 493 422
          422 493 494 423 423 494
          495 424 424 495 496 425
          426 497 498 427 427 498
          499 428 428 499 500 429
          429 500 501 430 430 501
          502 431 431 502 503 432
          432 503 504 433 433 504
          505 434 434 505 506 435
          435 506 507 436 436 507
          508 437 437 508 509 438
          438 509 510 439 439 510
          511 440 440 511 512 441
          441 512 513 442 442 513
          514 443 443 514 515 444
          444 515 516 445 445 516
          517 446 446 517 518 447
          447 518 519 448 448 519
          520 449 449 520 521 450
          450 521 522 451 451 522
          523 452 452 523 524 453
          453 524 525 454 454 525
          526 455 455 526 527 456
          456 527 528 457 457 528
          529 458 458 529 530 459
          459 530 531 460 460 531
          532 461 461 532 533 462
          462 533 534 463 463 534
          535 464 464 535 536 465
          465 536 537 466 466 537
          538 467 467 538 539 468
          468 539 540 469 469 540
          541 470 470 541 542 471
          471 542 543 472 472 543
          544 473 473 544 545 474
          474 545 546 475 475 546
          547 476 476 547 548 477
          477 548 549 478 478 549
          550 479 479 550 551 480
          480 551 552 481 481 552
          553 482 482 553 554 483
          483 554 555 484 484 555
          556 485 485 556 557 486
          486 557 558 487 487 558
          559 488 488 559 560 489
          489 560 561 490 490 561
          562 491 491 562 563 492
          492 563 564 493 493 564
          565 494 494 565 566 495
          495 566 567 496 497 568
          569 498 498 569 570 499
          499 570 571 500 500 571
          572 501 501 572 573 502
          502 573 574 503 503 574
          575 504 504 575 576 505
          505 576 577 506 506 577
          578 507 507 578 579 508
          508 579 580 509 509 580
          581 510 510 581 582 511
          511 582 583 512 512 583
          584 513 513 584 585 514
          514 585 586 515 515 586
          587 516 516 587 588 517
          517 588 589 518 518 589
          590 519 519 590 591 520
          520 591 592 521 521 592
          593 522 522 593 594 523
          523 594 595 524 524 595
          596 525 525 596 597 526
          526 597 598 527 527 598
          599 528 528 599 600 529
          529 600 601 530 530 601
          602 531 531 602 603 532
          532 603 604 533 533 604
          605 534 534 605 606 535
          535 606 607 536 536 607
          608 537 537 608 609 538
          538 609 610 539 539 610
          611 540 540 611 612 541
          541 612 613 542 542 613
          614 543 543 614 615 544
          544 615 616 545 545 616
          617 546 546 617 618 547
          547 618 619 548 548 619
          620 549 549 620 621 550
          550 621 622 551 551 622
          623 552 552 623 624 553
          553 624 625 554 554 625
          626 555 555 626 627 556
          556 627 628 557 557 628
          629 558 558 629 630 559
          559 630 631 560 560 631
          632 561 561 632 633 562
          562 633 634 563 563 634
          635 564 564 635 636 565
          565 636 637 566 566 637
          638 567 568 639 640 569
          569 640 641 570 570 641
          642 571 571 642 643 572
          572 643 644 573 573 644
          645 574 574 645 646 575
          575 646 647 576 576 647
          648 577 577 648 649 578
          578 649 650 579 579 650
          651 580 580 651 652 581
          581 652 653 582 582 653
          654 583 583 654 655 584
          584 655 656 585 585 656
          657 586 586 657 658 587
          587 658 659 588 588 659
          660 589 589 660 661 590
          590 661 662 591 591 662
          663 592 592 663 664 593
          593 664 665 594 594 665
          666 595 595 666 667 596
          596 667 668 597 597 668
          669 598 598 669 670 599
          599 670 671 600 600 671
          672 601 601 672 673 602
          602 673 674 603 603 674
          675 604 604 675 676 605
          605 676 677 606 606 677
          678 607 607 678 679 608
          608 679 680 609 609 680
          681 610 610 681 682 611
          611 682 683 612 612 683
          684 613 613 684 685 614
          614 685 686 615 615 686
          687 616 616 687 688 617
          617 688 689 618 618 689
          690 619 619 690 691 620
          620 691 692 621 621 692
          693 622 622 693 694 623
          623 694 695 624 624 695
          696 625 625 696 697 626
          626 697 698 627 627 698
          699 628 628 699 700 629
          629 700 701 630 630 701
          702 631 631 702 703 632
          632 703 704 633 633 704
          705 634 634 705 706 635
          635 706 707 636 636 707
          708 637 637 708 709 638
          639 710 711 640 640 711
          712 641 641 712 713 642
          642 713 714 643 643 714
          715 644 644 715 716 645
          645 716 717 646 646 717
          718 647 647 718 719 648
          648 719 720 649 649 720
          721 650 650 721 722 651
          651 722 723 652 652 723
          724 653 653 724 725 654
          654 725 726 655 655 726
          727 656 656 727 728 657
          657 728 729 658 658 729
          730 659 659 730 731 660
          660 731 732 661 661 732
          733 662 662 733 734 663
          663 734 735 664 664 735
          736 665 665 736 737 666
          666 737 738 667 667 738
          739 668 668 739 740 669
          669 740 741 670 670 741
          742 671 671 742 743 672
          672 743 744 673 673 744
          745 674 674 745 746 675
          675 746 747 676 676 747
          748 677 677 748 749 678
          678 749 750 679 679 750
          751 680 680 751 752 681
          681 752 753 682 682 753
          754 683 683 754 755 684
          684 755 756 685 685 756
          757 686 686 757 758 687
          687 758 759 688 688 759
          760 689 689 760 761 690
          690 761 762 691 691 762
          763 692 692 763 764 693
          693 764 765 694 694 765
          766 695 695 766 767 696
          696 767 768 697 697 768
          769 698 698 769 770 699
          699 770 771 700 700 771
          772 701 701 772 773 702
          702 773 774 703 703 774
          775 704 704 775 776 705
          705 776 777 706 706 777
          778 707 707 778 779 708
          708 779 780 709
        </DataArray>
        <DataArray type="Int64" Name="offsets" format="ascii" RangeMin="4" RangeMax="2800">
          4 8 12 16 20 24
          28 32 36 40 44 48
          52 56 60 64 68 72
          76 80 84 88 92 96
          100 104 108 112 116 120
          124 128 132 136 140 144
          148 152 156 160 164 168
          172 176 180 184 188 192
          196 200 204 208 212 216
          220 224 228 232 236 240
          244 248 252 256 260 264
          268 272 276 280 284 288
          292 296 300 304 308 312
          316 320 324 328 332 336
          340 344 348 352 356 360
          364 368 372 376 380 384
          388 392 396 400 404 408
          412 416 420 424 428 432
          436 440 444 448 452 456
          460 464 468 472 476 480
          484 488 492 496 500 504
          508 512 516 520 524 528
          532 536 540 544 548 552
          556 560 564 568 572 576
          580 584 588 592 596 600
          604 608 612 616 620 624
          628 632 636 640 644 648
          652 656 660 664 668 672
          676 680 684 688 692 696
          700 704 708 712 716 720
          724 728 732 736 740 744
          748 752 756 760 764 768
          772 776 780 784 788 792
          796 800 804 808 812 816
          820 824 828 832 836 840
          844 848 852 856 860 864
          868 872 876 880 884 888
          892 896 900 904 908 912
          916 920 924 928 932 936
          940 944 948 952 956 960
          964 968 972 976 980 984
          988 992 996 1000 1004 1008
          1012 1016 1020 1024 1028 1032
          1036 1040 1044 1048 1052 1056
          1060 1064 1068 1072 1076 1080
          1084 1088 1092 1096 1100 1104
          1108 1112 1116 1120 1124 1128
          1132 1136 1140 1144 1148 1152
          1156 1160 1164 1168 1172 1176
          1180 1184 1188 1192 1196 1200
          1204 1208 1212 1216 1220 1224
          1228 1232 1236 1240 1244 1248
          1252 1256 1260 1264 1268 1272
          1276 1280 1284 1288 1292 1296
          1300 1304 1308 1312 1316 1320
          1324 1328 1332 1336 1340 1344
          1348 1352 1356 1360 1364 1368
          1372 1376 1380 1384 1388 1392
          1396 1400 1404 1408 1412 1416
          1420 1424 1428 1432 1436 1440
          1444 1448 1452 1456 1460 1464
          1468 1472 1476 1480 1484 1488
          1492 1496 1500 1504 1508 1512
          1516 1520 1524 1528 1532 1536
          1540 1544 1548 1552 1556 1560
          1564 1568 1572 1576 1580 1584
          1588 1592 1596 1600 1604 1608
          1612 1616 1620 1624 1628 1632
          1636 1640 1644 1648 1652 1656
          1660 1664 1668 1672 1676 1680
          1684 1688 1692 1696 1700 1704
          1708 1712 1716 1720 1724 1728
          1732 1736 1740 1744 1748 1752
          1756 1760 1764 1768 1772 1776
          1780 1784 1788 1792 1796 1800
          1804 1808 1812 1816 1820 1824
          1828 1832 1836 1840 1844 1848
          1852 1856 1860 1864 1868 1872
          1876 1880 1884 1888 1892 1896
          1900 1904 1908 1912 1916 1920
          1924 1928 1932 1936 1940 1944
          1948 1952 1956 1960 1964 1968
          1972 1976 1980 1984 1988 1992
          1996 2000 2004 2008 2012 2016
          2020 2024 2028 2032 2036 2040
          2044 2048 2052 2056 2060 2064
          2068 2072 2076 2080 2084 2088
          2092 2096 2100 2104 2108 2112
          2116 2120 2124 2128 2132 2136
          2140 2144 2148 2152 2156 2160
          2164 2168 2172 2176 2180 2184
          2188 2192 2196 2200 2204 2208
          2212 2216 2220 2224 2228 2232
          2236 2240 2244 2248 2252 2256
          2260 2264 2268 2272 2276 2280
          2284 2288 2292 2296 2300 2304
          2308 2312 2316 2320 2324 2328
          2332 2336 2340 2344 2348 2352
          2356 2360 2364 2368 2372 2376
          2380 2384 2388 2392 2396 2400
          2404 2408 2412 2416 2420 2424
          2428 2432 2436 2440 2444 2448
          2452 2456 2460 2464 2468 2472
          2476 2480 2484 2488 2492 2496
          2500 2504 2508 2512 2516 2520
          2524 2528 2532 2536 2540 2544
          2548 2552 2556 2560 2564 2568
          2572 2576 2580 2584 2588 2592
          2596 2600 2604 2608 2612 2616
          2620 2624 2628 2632 2636 2640
          2644 2648 2652 2656 2660 2664
          2668 2672 2676 2680 2684 2688
          2692 2696 2700 2704 2708 2712
          2716 2720 2724 2728 2732 2736
          2740 2744 2748 2752 2756 2760
          2764 2768 2772 2776 2780 2784
          2788 2792 2796 2800
        </DataArray>
        <DataArray type="UInt8" Name="types" format="ascii" RangeMin="7" RangeMax="7">
          7 7 7 7 7 7
          7 7 7 7 7 7
          7 7 7 7 7 7
          7 7 7 7 7 7
          7 7 7 7 7 7
          7 7 7 7 7 7
          7 7 7 7 7 7
          7 7 7 7 7 7
          7 7 7 7 7 7
          7 7 7 7 7 7
          7 7 7 7 7 7
          7 7 7 7 7 7
          7 7 7 7 7 7
          7 7 7 7 7 7
          7 7 7 7 7 7
          7 7 7 7 7 7
          7 7 7 7 7 7
          7 7 7 7 7 7
          7 7 7 7 7 7
          7 7 7 7 7 7
          7 7 7 7 7 7
          7 7 7 7 7 7
          7 7 7 7 7 7
          7 7 7 7 7 7
          7 7 7 7 7 7
          7 7 7 7 7 7
          7 7 7 7 7 7
          7 7 7 7 7 7
          7 7 7 7 7 7
          7 7 7 7 7 7
          7 7 7 7 7 7
          7 7 7 7 7 7
          7 7 7 7 7 7
          7 7 7 7 7 7
          7 7 7 7 7 7
          7 7 7 7 7 7
          7 7 7 7 7 7
          7 7 7 7 7 7
          7 7 7 7 7 7
          7 7 7 7 7 7
          7 7 7 7 7 7
          7 7 7 7 7 7
          7 7 7 7 7 7
          7 7 7 7 7 7
          7 7 7 7 7 7
          7 7 7 7 7 7
          7 7 7 7 7 7
          7 7 7 7 7 7
          7 7 7 7 7 7
          7 7 7 7 7 7
          7 7 7 7 7 7
          7 7 7 7 7 7
          7 7 7 7 7 7
          7 7 7 7 7 7
          7 7 7 7 7 7
          7 7 7 7 7 7
          7 7 7 7 7 7
          7 7 7 7 7 7
          7 7 7 7 7 7
          7 7 7 7 7 7
          7 7 7 7 7 7
          7 7 7 7 7 7
          7 7 7 7 7 7
          7 7 7 7 7 7
          7 7 7 7 7 7
          7 7 7 7 7 7
          7 7 7 7 7 7
          7 7 7 7 7 7
          7 7 7 7 7 7
          7 7 7 7 7 7
          7 7 7 7 7 7
          7 7 7 7 7 7
          7 7 7 7 7 7
          7 7 7 7 7 7
          7 7 7 7 7 7
          7 7 7 7 7 7
          7 7 7 7 7 7
          7 7 7 7 7 7
          7 7 7 7 7 7
          7 7 7 7 7 7
          7 7 7 7 7 7
          7 7 7 7 7 7
          7 7 7 7 7 7
          7 7 7 7 7 7
          7 7 7 7 7 7
          7 7 7 7 7 7
          7 7 7 7 7 7
          7 7 7 7 7 7
          7 7 7 7 7 7
          7 7 7 7 7 7
          7 7 7 7 7 7
          7 7 7 7 7 7
          7 7 7 7 7 7
          7 7 7 7 7 7
          7 7 7 7 7 7
          7 7 7 7 7 7
          7 7 7 7 7 7
          7 7 7 7 7 7
          7 7 7 7 7 7
          7 7 7 7 7 7
          7 7 7 7 7 7
          7 7 7 7 7 7
          7 7 7 7 7 7
          7 7 7 7 7 7
          7 7 7 7 7 7
          7 7 7 7 7 7
          7 7 7 7 7 7
          7 7 7 7 7 7
          7 7 7 7 7 7
          7 7 7 7 7 7
          7 7 7 7 7 7
          7 7 7 7 7 7
          7 7 7 7 7 7
          7 7 7 7 7 7
          7 7 7 7 7 7
          7 7 7 7 7 7
          7 7 7 7
        </DataArray>
      </Cells>
    </Piece>
  </UnstructuredGrid>
</VTKFile>
