<?xml version="1.0"?>
<VTKFile type="UnstructuredGrid" version="0.1" byte_order="LittleEndian" header_type="UInt32" compressor="vtkZLibDataCompressor">
  <UnstructuredGrid>
    <Piece NumberOfPoints="781" NumberOfCells="700">
      <PointData>
      </PointData>
      <CellData>
        <DataArray type="Float32" Name="EP_G" format="ascii" RangeMin="0.3902011513710022" RangeMax="1">
          0.39051124453544617 0.39062580466270447 0.39076918363571167 0.39095982909202576 0.3912488520145416 0.39188647270202637
          0.5319561958312988 0.621827244758606 0.6518423557281494 0.6617264151573181 0.6432540416717529 0.6179361343383789
          0.5998002886772156 0.6026181578636169 0.6313982605934143 0.6703346371650696 0.7052574157714844 0.7378060221672058
          0.7669903039932251 0.7906643748283386 0.8073869943618774 0.8175569772720337 0.8228437304496765 0.8246925473213196
          0.8232212066650391 0.8188066482543945 0.8121396899223328 0.8043670654296875 0.7969760298728943 0.7910870313644409
          0.7871469259262085 0.7861343026161194 0.7885087728500366 0.7946111559867859 0.8044586777687073 0.8164103627204895
          0.8225408792495728 0.800759494304657 0.7295414209365845 0.6748932600021362 0.8001301288604736 0.9713674187660217
          0.9999847412109375 0.9999903440475464 1 1 1 1
          1 1 1 1 1 1
          1 1 1 1 1 1
          1 1 1 1 1 1
          1 1 1 1 0.3904932141304016 0.39060133695602417
          0.390726238489151 0.390859991312027 0.3909609913825989 0.3909614682197571 0.39122274518013 0.5553405284881592
          0.5591115355491638 0.5224044322967529 0.4895414710044861 0.4657020568847656 0.4468378722667694 0.4483296573162079
          0.5134744644165039 0.6561959981918335 0.7839444279670715 0.8533631563186646 0.8840063810348511 0.9018140435218811
          0.915164589881897 0.9256722331047058 0.9331217408180237 0.9371576309204102 0.938177764415741 0.9357587695121765
          0.9287438988685608 0.91609126329422 0.8989864587783813 0.8830177783966064 0.8753985166549683 0.8771864175796509
          0.8833398222923279 0.8858898282051086 0.8751807808876038 0.8417428135871887 0.7904536724090576 0.7372965812683105
          0.7085894346237183 0.7920070886611938 0.951988697052002 0.9968695044517517 0.99998939037323 0.9999971985816956
          1 1 1 1 1 1
          1 1 1 1 1 1
          1 1 1 1 1 1
          1 1 1 1 1 1
          1 1 0.39045634865760803 0.390557199716568 0.39067065715789795 0.3907955288887024
          0.3909215033054352 0.39102649688720703 0.39114099740982056 0.3917211890220642 0.39207422733306885 0.39217162132263184
          0.39211931824684143 0.39206063747406006 0.39225155115127563 0.39277952909469604 0.39339810609817505 0.4355214238166809
          0.5309750437736511 0.6267850399017334 0.6950663328170776 0.7279109954833984 0.7501009702682495 0.7675669193267822
          0.7819249629974365 0.7936303019523621 0.8026142120361328 0.808854341506958 0.8125983476638794 0.8156761527061462
          0.8220111131668091 0.8348129987716675 0.8518010377883911 0.8648011684417725 0.8648285865783691 0.846493124961853
          0.8078986406326294 0.7544231414794922 0.7402031421661377 0.7949235439300537 0.847551703453064 0.9422816038131714
          0.9927105903625488 0.9996815323829651 0.9999867081642151 1 1 1
          1 1 1 1 1 1
          1 1 1 1 1 1
          1 1 1 1 1 1
          1 1 1 1 1 1
          0.39040806889533997 0.3905010521411896 0.3906022608280182 0.3907124698162079 0.3908309042453766 0.39095568656921387
          0.39109450578689575 0.39129307866096497 0.39145657420158386 0.39156654477119446 0.39162760972976685 0.39165833592414856
          0.39172619581222534 0.39190229773521423 0.39212894439697266 0.3923635184764862 0.39232316613197327 0.3921509087085724
          0.43240097165107727 0.4905020296573639 0.5431028604507446 0.5808936953544617 0.6083810925483704 0.6344569325447083
          0.669022262096405 0.7086440324783325 0.7477775812149048 0.7829569578170776 0.810009241104126 0.8272196650505066
          0.838204562664032 0.8339653015136719 0.8163028359413147 0.7929294109344482 0.7742732763290405 0.779297947883606
          0.8328113555908203 0.9111847281455994 0.9530256986618042 0.9886781573295593 0.9990532398223877 0.9999457597732544
          1 1 1 1 1 1
          1 1 1 1 1 1
          1 1 1 1 1 1
          1 1 1 1 1 1
          1 1 1 1 0.39035600423812866 0.39044189453125
          0.39053255319595337 0.39062854647636414 0.3907300531864166 0.390837162733078 0.3909507691860199 0.3910728693008423
          0.3911902606487274 0.39129728078842163 0.3913927972316742 0.3914794921875 0.3915741443634033 0.39171043038368225
          0.3919297158718109 0.3921894431114197 0.39269307255744934 0.39350247383117676 0.41609978675842285 0.4371591806411743
          0.45404118299484253 0.4770715534687042 0.5169273614883423 0.5721577405929565 0.6074845790863037 0.6893399953842163
          0.7528066635131836 0.7885497808456421 0.8075109124183655 0.8145411014556885 0.8153440952301025 0.809833288192749
          0.80475252866745 0.8095735907554626 0.8321045637130737 0.8756370544433594 0.9316239953041077 0.9740554094314575
          0.9895023107528687 0.9982050061225891 0.9998637437820435 0.9999967813491821 1 1
          1 1 1 1 1 1
          1 1 1 1 1 1
          1 1 1 1 1 1
          1 1 1 1 1 1
          1 1 0.3903063237667084 0.39038676023483276 0.3904699385166168 0.39055636525154114
          0.39064621925354004 0.3907398581504822 0.39083752036094666 0.39093923568725586 0.39104336500167847 0.39114910364151
          0.3912566602230072 0.39136725664138794 0.39148619771003723 0.39164087176322937 0.3918384313583374 0.392291784286499
          0.392689049243927 0.3933009207248688 0.41608989238739014 0.4430466294288635 0.4924345016479492 0.5417392253875732
          0.5480908155441284 0.5341061353683472 0.5960730314254761 0.7075044512748718 0.7681546211242676 0.7947209477424622
          0.8077752590179443 0.8151867985725403 0.8225764632225037 0.8328813314437866 0.8505759835243225 0.8782086372375488
          0.9137223362922668 0.9506134986877441 0.9796923398971558 0.9942700862884521 0.9981271624565125 0.9997345805168152
          0.9999873638153076 0.9999999403953552 1 1 1 1
          1 1 1 1 1 1
          1 1 1 1 1 1
          1 1 1 1 1 1
          1 1 1 1 1 1
          0.39026373624801636 0.3903403580188751 0.39041903614997864 0.3905002474784851 0.3905843496322632 0.39067184925079346
          0.3907632827758789 0.3908592164516449 0.39095979928970337 0.39106523990631104 0.39117568731307983 0.39129167795181274
          0.39141491055488586 0.39155298471450806 0.39198675751686096 0.3924866020679474 0.3928840756416321 0.39315178990364075
          0.39367517828941345 0.40791621804237366 0.412970632314682 0.41517722606658936 0.42129653692245483 0.4660714268684387
          0.6044464111328125 0.7380491495132446 0.7915176749229431 0.8151662349700928 0.8315195441246033 0.8475469946861267
          0.8664912581443787 0.8891003727912903 0.9150715470314026 0.9421811103820801 0.9666427373886108 0.9848875999450684
          0.9952309131622314 0.9989742636680603 0.9996999502182007 0.9999690055847168 0.9999986290931702 1
          1 1 1 1 1 1
          1 1 1 1 1 1
          1 1 1 1 1 1
          1 1 1 1 1 1
          1 1 1 1 0.39023131132125854 0.39030566811561584
          0.3903820812702179 0.39046114683151245 0.3905434310436249 0.39062950015068054 0.3907199800014496 0.3908153772354126
          0.39091572165489197 0.3910204768180847 0.3911287784576416 0.39124050736427307 0.3913574814796448 0.3914884626865387
          0.39196068048477173 0.392505019903183 0.39303427934646606 0.3934899568557739 0.39388900995254517 0.3943559229373932
          0.3944585919380188 0.3942338824272156 0.39376112818717957 0.39544641971588135 0.5625258684158325 0.773798406124115
          0.8302252292633057 0.8554391860961914 0.876785159111023 0.8983045220375061 0.9204939007759094 0.9422509670257568
          0.9620278477668762 0.9781802296638489 0.9895781874656677 0.9961881041526794 0.9990382790565491 0.9998311400413513
          0.9999549388885498 0.9999691247940063 0.9999963045120239 0.9999842643737793 0.9999974966049194 0.9999983906745911
          0.9999991655349731 1 1 0.9999995827674866 1 1
          0.9999992251396179 0.9999995827674866 0.9999979138374329 1 1 1
          1 0.9999995827674866 0.9999994039535522 0.999998152256012 0.9999975562095642 0.9999992847442627
          0.9999993443489075 0.9999994039535522 0.9999995231628418 0.9999995827674866 0.9999997019767761 0.9999998807907104
          0.9999999403953552 1 0.39021047949790955 0.3902836740016937 0.3903593122959137 0.39043813943862915
          0.39052069187164307 0.390607625246048 0.39069947600364685 0.3907962441444397 0.3908971846103668 0.39100053906440735
          0.39110469818115234 0.3912106454372406 0.39132294058799744 0.3914456367492676 0.39169472455978394 0.39222076535224915
          0.39275774359703064 0.39331570267677307 0.39382365345954895 0.39422035217285156 0.39441969990730286 0.39438968896865845
          0.39418792724609375 0.39391231536865234 0.3960537314414978 0.7232162952423096 0.873921275138855 0.9022716283798218
          0.9236350059509277 0.9431600570678711 0.960483968257904 0.9748196601867676 0.9856621026992798 0.9929649233818054
          0.9971765875816345 0.9991477131843567 0.9998195171356201 0.9999662041664124 0.9999841451644897 0.9999522566795349
          0.9999527335166931 0.9999512434005737 0.9999492764472961 0.9999420046806335 0.9999480247497559 0.999946653842926
          0.9999456405639648 0.9999208450317383 0.9999439716339111 0.999944806098938 0.9999459385871887 0.9999464750289917
          0.9999428987503052 0.9999452829360962 0.9999437928199768 0.9999457001686096 0.9999462962150574 0.999946117401123
          0.9999474883079529 0.9999487400054932 0.99994957447052 0.9999505281448364 0.9999514222145081 0.9999524354934692
          0.9999524354934692 0.9999512434005737 0.9999502301216125 0.9999503493309021 0.9999523758888245 0.9999566674232483
          0.3902011513710022 0.3902739882469177 0.39034971594810486 0.3904290199279785 0.390512615442276 0.39060115814208984
          0.3906950056552887 0.39079394936561584 0.39089658856391907 0.3910005986690521 0.39110490679740906 0.3912140130996704
          0.3913363814353943 0.39146846532821655 0.3915915787220001 0.3917159140110016 0.3918817639350891 0.3922322392463684
          0.39266759157180786 0.39312705397605896 0.39361345767974854 0.3940522372722626 0.39445412158966064 0.39494913816452026
          0.39562252163887024 0.39744696021080017 0.74486243724823 0.8952570557594299 0.9295639991760254 0.954630434513092
          0.9729737639427185 0.9853943586349487 0.9930189251899719 0.9971586465835571 0.9990622401237488 0.9997589588165283
          0.999943196773529 0.9999728202819824 0.9999755024909973 0.9999760389328003 0.9999176263809204 0.9999147653579712
          0.999912679195404 0.9999127984046936 0.9999116659164429 0.9999105334281921 0.9999095797538757 0.9999087452888489
          0.9999077916145325 0.999907910823822 0.9999077320098877 0.9999061226844788 0.9999054074287415 0.9999040961265564
          0.9999042749404907 0.9999041557312012 0.9999026656150818 0.9999029040336609 0.9999029636383057 0.9999023675918579
          0.9999017119407654 0.9999008774757385 0.9999002814292908 0.9999004602432251 0.9998992085456848 0.9998970031738281
          0.9998939633369446 0.9998902678489685 0.9998859167098999 0.9998809099197388
        </DataArray>
        <DataArray type="Float32" Name="P_G" format="ascii" RangeMin="101264.71875" RangeMax="124065.109375">
          124065.109375 123495.1875 123015.2734375 122640.234375 123539.78125 123620.1484375
          122829.140625 121784.109375 120856.234375 119748.4609375 117522.2890625 115791.8828125
          113670.8984375 111135.0390625 108495 106403.4140625 105005.5546875 104137.046875
          103590.296875 103218.65625 102944.5546875 102730.96875 102559.53125 102419.53125
          102302.875 102201.5234375 102109.03125 102020.4375 101932.984375 101847.578125
          101768.9921875 101702.0390625 101649.15625 101610.3671875 101583.9765625 101567.421875
          101555.921875 101538.2109375 101484.875 101354.546875 101289.0078125 101325.046875
          101328.5 101327.2734375 101326.9765625 101326.7578125 101326.5625 101326.3828125
          101326.21875 101326.0703125 101325.921875 101325.78125 101325.6484375 101325.515625
          101325.390625 101325.265625 101325.15625 101325.0546875 101324.9609375 101324.8828125
          101324.8203125 101324.78125 101324.7578125 101324.75 101324.765625 101324.7890625
          101324.828125 101324.875 101324.921875 101324.96875 123923.796875 123336.84375
          122819.359375 122377.796875 123489.1953125 121757.1328125 122674.5859375 122364.1640625
          121773.2890625 119263.6328125 117742.703125 115947.2734375 113811.7109375 111198.5546875
          108325.5859375 107897.2890625 104993.8671875 104121.4140625 103663.109375 103338.890625
          103081.1875 102873.4140625 102705.0703125 102565.5078125 102446.3515625 102343.625
          102250.984375 102161.78125 102070.9296875 101978.4375 101885.328125 101801.46875
          101732.609375 101677.046875 101627.125 101571.5234375 101501.921875 101415.8515625
          101322.78125 101282.8828125 101317.8828125 101332.0546875 101329.5703125 101329
          101328.0390625 101327.5390625 101327.1328125 101326.78125 101326.46875 101326.203125
          101325.9765625 101325.796875 101325.6484375 101325.5078125 101325.375 101325.25
          101325.1328125 101325.03125 101324.9375 101324.859375 101324.796875 101324.75
          101324.7265625 101324.7265625 101324.7421875 101324.7734375 101324.8125 101324.859375
          101324.9140625 101324.96875 123675.6796875 123062.8046875 122490.625 121958.8359375
          121460.203125 122404.09375 120499.6171875 119912.484375 119033.28125 117793.0859375
          116320.40625 114654.484375 112780.3515625 110731.9296875 108592.1484375 106684.90625
          105140.5078125 104302.1015625 103720.828125 103325.40625 103062.4921875 102846.2578125
          102666.9296875 102516.9765625 102388.46875 102275.6640625 102176.25 102083.9921875
          101993.296875 101904.3828125 101822.6953125 101750.3203125 101684.703125 101618.828125
          101543.234375 101444.953125 101338.65625 101307.5546875 101288.328125 101316.046875
          101332.9453125 101332.609375 101331.9609375 101329.90625 101328.9296875 101328.2265625
          101327.609375 101327.0390625 101326.5625 101326.203125 101325.953125 101325.765625
          101325.6171875 101325.4765625 101325.34375 101325.21875 101325.1015625 101325
          101324.90625 101324.828125 101324.765625 101324.7265625 101324.7109375 101324.7109375
          101324.734375 101324.7734375 101324.8203125 101324.8828125 101324.9375 101325
          123371.625 122733.171875 122109.1171875 121495.640625 120881.109375 120243.9296875
          119550.1640625 118755.5546875 117804.2734375 116677.78125 115391.0078125 113957.1640625
          112398.234375 110764.7578125 109129.59375 116531.6328125 106641.90625 104971.140625
          104132.21875 103521.9765625 103118.4140625 102827.359375 102598.0859375 102410.34375
          102256.5546875 102134.296875 102036.5234375 101955.4453125 101881.1953125 101808.8984375
          101736.7265625 101661.1875 101583.734375 101498.078125 101405.0078125 101321.2421875
          101287.9140625 101313.6328125 101318.265625 101330.859375 101332.875 101333.5546875
          101330.828125 101329.328125 101328.2734375 101327.5 101326.9921875 101326.6171875
          101326.3203125 101326.0703125 101325.8828125 101325.7265625 101325.5859375 101325.453125
          101325.328125 101325.2109375 101325.09375 101324.9921875 101324.90625 101324.8359375
          101324.7890625 101324.765625 101324.765625 101324.78125 101324.828125 101324.875
          101324.9375 101325.0078125 101325.0703125 101325.1328125 123059.078125 122400.40625
          121737.078125 121065.1015625 120374.03125 119648.046875 118865.953125 118004.0625
          117042.5546875 115973.6640625 114802.5859375 113543.7734375 112223.9921875 110891.96875
          112897.921875 108893.40625 106929.109375 105786.046875 104687.7109375 103863.8515625
          103316.671875 102893.6015625 102566.515625 102313.9765625 102123.4140625 101996.0546875
          101913.5 101844.2578125 101774.84375 101700.9453125 101623.0859375 101540.5078125
          101457.453125 101381.0546875 101325.1875 101302.1484375 101310.4375 101329.84375
          101330.484375 101332.2734375 101333.140625 101330.15625 101328.53125 101327.65625
          101327.1640625 101326.828125 101326.578125 101326.359375 101326.1640625 101325.9921875
          101325.84375 101325.703125 101325.578125 101325.453125 101325.3359375 101325.2265625
          101325.125 101325.0390625 101324.96875 101324.921875 101324.8984375 101324.8984375
          101324.9296875 101324.9921875 101325.0703125 101325.15625 101325.2421875 101325.328125
          101325.3984375 101325.4609375 122772.796875 122100.2265625 121411.03125 120702.46875
          119966.96875 119194.34375 118372.6328125 117490.2421875 116539.015625 115517.21875
          114430.9140625 113295.03125 112138.578125 113324.4375 110512.2734375 108487.171875
          107276.859375 106130.5703125 105112.7734375 104182.2109375 103529.3671875 103113.265625
          102715.671875 102352.4296875 102086.8828125 101934.078125 101838.9453125 101757.171875
          101675.3984375 101592.015625 101510.375 101435.359375 101374.8046875 101335.5
          101319.078125 101319.5078125 101327.3046875 101333.7109375 101332.1796875 101332.8046875
          101329.9609375 101328.4609375 101327.6328125 101327.140625 101326.828125 101326.6015625
          101326.421875 101326.2578125 101326.109375 101325.96875 101325.84375 101325.7265625
          101325.609375 101325.4921875 101325.3828125 101325.28125 101325.1953125 101325.1171875
          101325.0703125 101325.046875 101325.0625 101325.125 101325.21875 101325.34375
          101325.484375 101325.625 101325.7578125 101325.875 101325.9765625 101326.0546875
          122533.7890625 121852.578125 121148.0078125 120418.734375 119659.7890625 118865.1171875
          118028.328125 117144.0546875 116209.5078125 115225.890625 114199.109375 113140
          112063.921875 113300.015625 109959.5859375 108651.328125 107536.4140625 106480.796875
          105525.1875 104768.4140625 104044.3359375 103469.9140625 102964.7890625 102474.171875
          102119.765625 101920.3359375 101795.546875 101692.3984375 101597.6796875 101512.1484375
          101440.515625 101386.953125 101353 101336.28125 101331.28125 101331.5859375
          101333 101334.203125 101334.171875 101331.7890625 101330.265625 101329.2734375
          101328.578125 101328.0390625 101327.59375 101327.21875 101326.8984375 101326.625
          101326.3984375 101326.203125 101326.03125 101325.8828125 101325.7421875 101325.6171875
          101325.4921875 101325.3828125 101325.2890625 101325.21875 101325.1796875 101325.203125
          101325.296875 101325.4609375 101325.6796875 101325.9140625 101326.1328125 101326.34375
          101326.53125 101326.6953125 101326.8203125 101326.9140625 122352.1796875 121666.046875
          120953.15625 120213.2109375 119443.1328125 118639.484375 117799.1171875 116919.96875
          116001.921875 115047.4609375 114061.9765625 113053.7421875 112033.640625 113843.0859375
          109923.171875 108790.890625 107726.5546875 106722.46875 105804.3125 104996.6328125
          104297.3828125 103712.25 103210.8046875 102743.8984375 102217.5078125 101939.1171875
          101776.2734375 101656.1953125 101556.8203125 101477.359375 101418.6875 101379.859375
          101357.4296875 101346.40625 101341.8828125 101340.6484375 101333.6484375 101336.2421875
          101338.125 101336.40625 101335.0703125 101334.0234375 101333.15625 101332.421875
          101331.7890625 101331.2265625 101330.703125 101330.1953125 101329.6875 101329.1796875
          101328.6796875 101328.1953125 101327.7421875 101327.328125 101326.953125 101326.625
          101326.3515625 101326.140625 101326.03125 101326.0546875 101326.2578125 101326.5625
          101326.875 101327.1640625 101327.421875 101327.640625 101327.8203125 101327.9609375
          101328.0625 101328.1328125 122231.2578125 121542.609375 120825.71875 120080.90625
          119306.2578125 118499.875 117660.3984375 116787.484375 115882.2734375 114947.625
          113988.1796875 113010.5625 112023.828125 112125.8828125 110208.015625 109050.1484375
          107919.2265625 106923.1640625 105986.203125 105134.375 104385.4921875 103746.703125
          103203.2890625 102722.7890625 102259.8671875 101979.1796875 101778.9765625 101645.3984375
          101545.2265625 101469.7265625 101416.875 101383.1796875 101364.2578125 101355.5625
          101350.5234375 101348.046875 101345 101345.4921875 101343.609375 101345.578125
          101344.2578125 101343.1484375 101342.15625 101341.3046875 101340.4765625 101339.7421875
          101339.0703125 101338.46875 101337.859375 101337.2890625 101336.703125 101336.09375
          101335.453125 101334.78125 101334.1015625 101333.421875 101332.7734375 101332.1953125
          101331.71875 101331.375 101331.109375 101330.890625 101330.71875 101330.5703125
          101330.4453125 101330.3359375 101330.234375 101330.140625 101330.0390625 101329.9375
          122171.1015625 121481.453125 120763.046875 120016.5 119240.4453125 118433.703125
          117595.6875 116726.796875 115828.65625 114904.09375 113957.1328125 112993.6328125
          112022.4453125 111054.703125 111169.078125 109630.984375 108368.84375 107310.6015625
          106396.8359375 105517.421875 104683.109375 103909.3515625 103203.5078125 102543.1640625
          101883.5546875 101264.71875 101718.7109375 101617.6484375 101519.1484375 101450.1484375
          101403.7265625 101376.46875 101358.9921875 101350.203125 101345.9765625 101343.8671875
          101342.59375 101341.15625 101339.9765625 101339.125 101345.625 101344.78125
          101343.9765625 101343.2890625 101342.546875 101341.8359375 101341.140625 101340.46875
          101339.8203125 101339.1796875 101338.5625 101337.9609375 101337.359375 101336.7734375
          101336.1875 101335.6171875 101335.0703125 101334.546875 101334.0625 101333.625
          101333.2421875 101332.9140625 101332.6328125 101332.390625 101332.1875 101332.015625
          101331.859375 101331.71875 101331.578125 101331.4375
        </DataArray>
        <DataArray type="Float32" Name="Gas_Velocity" NumberOfComponents="3" format="ascii" RangeMin="0.02703903615474701" RangeMax="9.163365364074707">
          0.044261302798986435 0.47545281052589417 0 0.04494420066475868 0.4290574789047241 0
          0.04711468517780304 0.3798675835132599 0 0.05277688428759575 0.32614630460739136 0
          0.06694382429122925 0.26530176401138306 0 0.13384494185447693 0.9272843599319458 0
          -0.025273237377405167 2.185612201690674 0 -0.012574265711009502 3.05960750579834 0
          -0.1797667294740677 4.148309707641602 0 -0.11200449615716934 5.279952526092529 0
          -0.23640376329421997 5.814968585968018 0 -0.34001362323760986 6.489217281341553 0
          -0.457875519990921 7.260364055633545 0 -0.4239443838596344 7.921334743499756 0
          0.03434785082936287 8.109052658081055 0 0.8612655997276306 7.603242874145508 0
          1.3919997215270996 6.7705769538879395 0 1.3064525127410889 6.003340721130371 0
          0.9912847280502319 5.448160648345947 0 0.737909197807312 5.061006546020508 0
          0.5937931537628174 4.770260810852051 0 0.4990546703338623 4.544034481048584 0
          0.4105234444141388 4.376913547515869 0 0.324895977973938 4.262030601501465 0
          0.24906578660011292 4.193375110626221 0 0.177847757935524 4.168727397918701 0
          0.11355719715356827 4.184091567993164 0 0.07138896733522415 4.224844932556152 0
          0.0684983879327774 4.263547420501709 0 0.10643825680017471 4.27097749710083 0
          0.1654280722141266 4.233564853668213 0 0.21493598818778992 4.156461715698242 0
          0.24083994328975677 4.055655479431152 0 0.25485265254974365 3.9405813217163086 0
          0.28778955340385437 3.799783706665039 0 0.4024001955986023 3.5812437534332275 0
          0.6629943251609802 3.201256036758423 0 0.9586305022239685 2.6818411350250244 0
          1.0855656862258911 2.1903254985809326 0 1.0597468614578247 1.7688610553741455 0
          0.9393193125724792 1.1303423643112183 0 0.76706463098526 0.5005432367324829 0
          0.6931833028793335 0.027196932584047318 0 0.3976847529411316 -0.23818916082382202 0
          0.14519819617271423 -0.33536583185195923 0 0.01732022501528263 -0.3473278284072876 0
          -0.02630939520895481 -0.330255925655365 0 -0.029872190207242966 -0.31085968017578125 0
          -0.014863011427223682 -0.3015136420726776 0 0.010885091498494148 -0.3093682825565338 0
          0.0476297028362751 -0.3417358696460724 0 0.08305776864290237 -0.3977178931236267 0
          0.10768324881792068 -0.4701010584831238 0 0.12031148374080658 -0.5508807897567749 0
          0.12312737107276917 -0.6335116028785706 0 0.11862356215715408 -0.7131108641624451 0
          0.10860689729452133 -0.786001443862915 0 0.09418608248233795 -0.8492457866668701 0
          0.07606352865695953 -0.9003748893737793 0 0.05480295419692993 -0.9372960329055786 0
          0.030938569456338882 -0.9582725763320923 0 0.005015464499592781 -0.961931586265564 0
          -0.022386979311704636 -0.9472866654396057 0 -0.05024680867791176 -0.9140327572822571 0
          -0.07740668952465057 -0.8626366257667542 0 -0.1028253361582756 -0.794259250164032 0
          -0.1256265789270401 -0.7106459140777588 0 -0.14513806998729706 -0.6139898300170898 0
          -0.16084186732769012 -0.506829559803009 0 -0.17223751544952393 -0.39203691482543945 0
          0.05639738216996193 0.4982834458351135 0 0.05711730942130089 0.47503289580345154 0
          0.06026003882288933 0.45120546221733093 0 0.06863713264465332 0.42934396862983704 0
          0.09108006209135056 0.41656655073165894 0 0.14849917590618134 0.4473516047000885 0
          0.11260391771793365 1.0562694072723389 0 0.23420248925685883 1.7449133396148682 0
          0.30141305923461914 2.448892831802368 0 0.19349829852581024 2.647538423538208 0
          0.05587608739733696 2.8780171871185303 0 -0.14775915443897247 3.1419448852539062 0
          -0.42920389771461487 3.526089668273926 0 -0.801298975944519 4.214174270629883 0
          -1.2004368305206299 5.155760765075684 0 -1.4451448917388916 6.0381574630737305 0
          -1.1276158094406128 6.856101989746094 0 -0.5649006366729736 7.605822563171387 0
          -0.1343563348054886 8.196366310119629 0 0.08295241743326187 8.596991539001465 0
          0.255413293838501 8.821359634399414 0 0.4467773735523224 8.87188720703125 0
          0.6614955067634583 8.73759937286377 0 0.8868104219436646 8.4185209274292 0
          1.1039485931396484 7.922748565673828 0 1.2890548706054688 7.2736287117004395 0
          1.406877040863037 6.521201133728027 0 1.4312692880630493 5.739441871643066 0
          1.3639605045318604 5.004124641418457 0 1.2336934804916382 4.365289211273193 0
          1.0763510465621948 3.8382129669189453 0 0.9266419410705566 3.415081739425659 0
          0.8490121960639954 3.047511339187622 0 0.9181860089302063 2.6452810764312744 0
          1.1118611097335815 2.1521968841552734 0 1.3039425611495972 1.6325258016586304 0
          1.455307126045227 1.1981592178344727 0 1.510368824005127 0.9346297383308411 0
          1.3181835412979126 0.8984698057174683 0 1.1386933326721191 0.8415096998214722 0
          1.011885643005371 0.6480168700218201 0 1.0185678005218506 0.4560902416706085 0
          0.7798527479171753 0.40018001198768616 0 0.4337787628173828 0.3769347667694092 0
          0.18842104077339172 0.34823983907699585 0 0.08314619213342667 0.30420494079589844 0
          0.0666571632027626 0.2419295608997345 0 0.0934363529086113 0.15930509567260742 0
          0.14133994281291962 0.05465645715594292 0 0.19456583261489868 -0.06836562603712082 0
          0.2375951111316681 -0.19559505581855774 0 0.26322314143180847 -0.31630077958106995 0
          0.27396759390830994 -0.4277440011501312 0 0.2736540138721466 -0.5305390954017639 0
          0.26447343826293945 -0.6253098249435425 0 0.2475794404745102 -0.7117902040481567 0
          0.22355124354362488 -0.7888968586921692 0 0.1926461160182953 -0.8549796938896179 0
          0.15516942739486694 -0.9081242680549622 0 0.11167304962873459 -0.9464085698127747 0
          0.06299182772636414 -0.9681112170219421 0 0.010139449499547482 -0.9718235731124878 0
          -0.045756131410598755 -0.9565032124519348 0 -0.10248167812824249 -0.921902060508728 0
          -0.15763838589191437 -0.8686002492904663 0 -0.20916792750358582 -0.7978559732437134 0
          -0.25541791319847107 -0.7114450335502625 0 -0.29501238465309143 -0.6116122007369995 0
          -0.3267858326435089 -0.5010334849357605 0 -0.3492804169654846 -0.38302162289619446 0
          0.05939926207065582 0.506740152835846 0 0.06125318259000778 0.4901907444000244 0
          0.06744848936796188 0.4711591601371765 0 0.08023589849472046 0.4501888155937195 0
          0.10301913321018219 0.4342621862888336 0 0.13030846416950226 0.4536014497280121 0
          0.121303029358387 0.47159048914909363 0 0.15004383027553558 0.6391105055809021 0
          0.1290425956249237 0.8837194442749023 0 0.015460371039807796 1.0743296146392822 0
          -0.154946967959404 1.2393985986709595 0 -0.3688432574272156 1.3912235498428345 0
          -0.6228325963020325 1.504097819328308 0 -0.9004034996032715 1.5436694622039795 0
          -1.1756350994110107 1.5154056549072266 0 -1.3851598501205444 1.6568562984466553 0
          -1.4853469133377075 1.6437116861343384 0 -1.1904869079589844 1.6976306438446045 0
          -0.7641621828079224 1.7949714660644531 0 -0.281318336725235 1.9099997282028198 0
          0.0723264068365097 2.009168863296509 0 0.3460129201412201 2.086082935333252 0
          0.6017631888389587 2.1639184951782227 0 0.859965443611145 2.244131565093994 0
          1.1259669065475464 2.3126301765441895 0 1.3727936744689941 2.3571527004241943 0
          1.5441436767578125 2.3774077892303467 0 1.6103931665420532 2.3718602657318115 0
          1.5750423669815063 2.334275484085083 0 1.4918718338012695 2.2450201511383057 0
          1.4553931951522827 2.0566112995147705 0 1.5003776550292969 1.7331277132034302 0
          1.6123812198638916 1.2916580438613892 0 1.7155667543411255 0.8410263061523438 0
          1.7507530450820923 0.5106965899467468 0 1.677409052848816 0.37111255526542664 0
          1.5437390804290771 0.3600812554359436 0 1.4604276418685913 0.3649086356163025 0
          1.215865969657898 0.38728243112564087 0 1.074521541595459 0.35553067922592163 0
          1.036035180091858 0.3200708329677582 0 0.9041851162910461 0.3997865319252014 0
          0.5871570110321045 0.5311089754104614 0 0.30035170912742615 0.6215400695800781 0
          0.15250477194786072 0.6462952494621277 0 0.15736845135688782 0.5971652269363403 0
          0.24952873587608337 0.4752395749092102 0 0.34587153792381287 0.3066806197166443 0
          0.4068431854248047 0.1292523294687271 0 0.4360288381576538 -0.03224250674247742 0
          0.446694552898407 -0.17220810055732727 0 0.4449770450592041 -0.29396602511405945 0
          0.4371204376220703 -0.4033169150352478 0 0.42336612939834595 -0.5036842823028564 0
          0.4029723107814789 -0.5965454578399658 0 0.3750872015953064 -0.6820440292358398 0
          0.3385295569896698 -0.7591515779495239 0 0.29238125681877136 -0.8260568976402283 0
          0.23627983033657074 -0.8805040717124939 0 0.17058119177818298 -0.9201069474220276 0
          0.09641936421394348 -0.942679226398468 0 0.015657946467399597 -0.9466018676757812 0
          -0.06949348002672195 -0.9309780597686768 0 -0.15538644790649414 -0.8958680033683777 0
          -0.2383628487586975 -0.8421725630760193 0 -0.3155839741230011 -0.771313488483429 0
          -0.3849819600582123 -0.6849895119667053 0 -0.44472935795783997 -0.585200309753418 0
          -0.49356919527053833 -0.474005788564682 0 -0.5298855900764465 -0.3535643219947815 0
          0.05752311274409294 0.5131117105484009 0 0.05830672010779381 0.503226637840271 0
          0.061498310416936874 0.49484768509864807 0 0.06628506630659103 0.49166011810302734 0
          0.0711616799235344 0.5014504790306091 0 0.06973237544298172 0.5333167314529419 0
          0.050841961055994034 0.5754490494728088 0 0.021930359303951263 0.6559537649154663 0
          -0.03548314794898033 0.7607566118240356 0 -0.13406799733638763 0.8564420342445374 0
          -0.27018943428993225 0.932181179523468 0 -0.4376928210258484 0.9774394631385803 0
          -0.6288950443267822 0.972808301448822 0 -0.8332039713859558 0.9063044786453247 0
          -1.039954662322998 0.7879950404167175 0 -1.1070879697799683 0.5971335768699646 0
          -1.1140742301940918 0.3785337805747986 0 -1.0074435472488403 0.2722539007663727 0
          -0.8011313080787659 0.3510483205318451 0 -0.5115804076194763 0.4219256043434143 0
          -0.161166712641716 0.48158887028694153 0 0.1513018161058426 0.5696142315864563 0
          0.43688833713531494 0.6660986542701721 0 0.7151071429252625 0.7743900418281555 0
          1.000706672668457 0.879619836807251 0 1.3068795204162598 0.9507402181625366 0
          1.5062742233276367 1.0099003314971924 0 1.6213538646697998 1.0414540767669678 0
          1.7202461957931519 0.9936006665229797 0 1.8249263763427734 0.8366971611976624 0
          1.9439235925674438 0.5786599516868591 0 2.0308926105499268 0.30422016978263855 0
          2.0627357959747314 0.09361754357814789 0 2.021305561065674 -0.026304151862859726 0
          1.8891026973724365 -0.0660267099738121 0 1.667419195175171 -0.07277221232652664 0
          1.4335651397705078 -0.06115249916911125 0 1.3181127309799194 -0.012855523265898228 0
          1.1296800374984741 0.01788565330207348 0 1.023238182067871 0.04671621322631836 0
          0.882941722869873 0.15362082421779633 0 0.60383540391922 0.35768723487854004 0
          0.37964755296707153 0.49804380536079407 0 0.2865827679634094 0.5082216858863831 0
          0.297272652387619 0.4121055006980896 0 0.35030028223991394 0.2835148572921753 0
          0.4182188808917999 0.170840784907341 0 0.4829600751399994 0.0790649950504303 0
          0.5276890397071838 -0.001991986995562911 0 0.5505624413490295 -0.07890474796295166 0
          0.5581123232841492 -0.1537695825099945 0 0.5564817786216736 -0.22869443893432617 0
          0.5491307973861694 -0.3039373457431793 0 0.5357905030250549 -0.37942495942115784 0
          0.5147281885147095 -0.4544279873371124 0 0.4840376377105713 -0.5275163650512695 0
          0.4416612386703491 -0.5966770648956299 0 0.3856674134731293 -0.6592221856117249 0
          0.31483298540115356 -0.7118909358978271 0 0.22913143038749695 -0.7511681914329529 0
          0.13024573028087616 -0.7739056944847107 0 0.02158018946647644 -0.777983546257019 0
          -0.0923425480723381 -0.7628257870674133 0 -0.2054317146539688 -0.7294853329658508 0
          -0.3131948709487915 -0.679573655128479 0 -0.4126877188682556 -0.6147738695144653 0
          -0.501815676689148 -0.5367873311042786 0 -0.5789814591407776 -0.44716235995292664 0
          -0.6429032683372498 -0.3474626839160919 0 -0.6931202411651611 -0.23846378922462463 0
          0.05317612737417221 0.5182169675827026 0 0.05229783058166504 0.5126400589942932 0
          0.051489733159542084 0.509436309337616 0 0.04882475361227989 0.5110076665878296 0
          0.0420963354408741 0.5204485058784485 0 0.027286984026432037 0.539431631565094 0
          -0.00034571453579701483 0.5650634169578552 0 -0.04294564574956894 0.5999116897583008 0
          -0.10601787269115448 0.6386708617210388 0 -0.19355294108390808 0.6703713536262512 0
          -0.3046640455722809 0.6854051947593689 0 -0.43504202365875244 0.6738380789756775 0
          -0.5795279741287231 0.6221663951873779 0 -0.7352569699287415 0.5107533931732178 0
          -0.7806845307350159 0.5366838574409485 0 -0.8916758894920349 0.3660338521003723 0
          -0.9183162450790405 0.2485467791557312 0 -0.864051878452301 0.25895917415618896 0
          -0.7809193134307861 0.2130311131477356 0 -0.5357898473739624 0.17863520979881287 0
          -0.21038784086704254 0.15702888369560242 0 0.01043374091386795 0.1800597608089447 0
          0.24686378240585327 0.24288086593151093 0 0.6395752429962158 0.23483137786388397 0
          1.012655258178711 0.17391541600227356 0 1.2822896242141724 0.15646784007549286 0
          1.5160502195358276 0.15071825683116913 0 1.7429218292236328 0.10267870873212814 0
          1.9520902633666992 0.0028728051111102104 0 2.116702079772949 -0.12568803131580353 0
          2.2247474193573 -0.24370720982551575 0 2.248615026473999 -0.32600268721580505 0
          2.1855857372283936 -0.3640214502811432 0 2.0438406467437744 -0.3693076968193054 0
          1.8288520574569702 -0.3597552478313446 0 1.5788406133651733 -0.35258328914642334 0
          1.3464746475219727 -0.3320557475090027 0 1.2068169116973877 -0.2695799767971039 0
          1.0340365171432495 -0.20732292532920837 0 0.8851065039634705 -0.11143910139799118 0
          0.6571769714355469 0.04250149428844452 0 0.4904550611972809 0.11966154724359512 0
          0.3963567316532135 0.10909145325422287 0 0.3568854033946991 0.062310557812452316 0
          0.36010321974754333 0.02024317905306816 0 0.3905092179775238 -0.006914593279361725 0
          0.4345395565032959 -0.0182577483355999 0 0.480428010225296 -0.01710287481546402 0
          0.5181869268417358 -0.011343337595462799 0 0.5444619655609131 -0.007871277630329132 0
          0.5611169338226318 -0.010468725115060806 0 0.5710377097129822 -0.020748961716890335 0
          0.5757462382316589 -0.039037592709064484 0 0.5746454000473022 -0.06544454395771027 0
          0.5655298233032227 -0.09976693242788315 0 0.545198380947113 -0.14093947410583496 0
          0.5099753141403198 -0.18681833148002625 0 0.4559114873409271 -0.23391512036323547 0
          0.3797686696052551 -0.2773985266685486 0 0.28027579188346863 -0.3116087019443512 0
          0.15961475670337677 -0.33122000098228455 0 0.024108504876494408 -0.3328550159931183 0
          -0.11546719819307327 -0.3173077702522278 0 -0.2493022084236145 -0.28785592317581177 0
          -0.37354880571365356 -0.24735020101070404 0 -0.486308753490448 -0.19794590771198273 0
          -0.5864290595054626 -0.1411721110343933 0 -0.672751247882843 -0.0782659575343132 0
          -0.7439989447593689 -0.01046141516417265 0 -0.7991968989372253 0.06069817766547203 0
          0.04857366532087326 0.5218181610107422 0 0.04679039865732193 0.5182170867919922 0
          0.043809354305267334 0.5159598588943481 0 0.03780420497059822 0.5158706307411194 0
          0.02696203999221325 0.5185698866844177 0 0.008695668540894985 0.5237230658531189 0
          -0.019899021834135056 0.5296127200126648 0 -0.061355382204055786 0.5346707105636597 0
          -0.11835130304098129 0.5352992415428162 0 -0.19238363206386566 0.526057243347168 0
          -0.2821943759918213 0.5007411241531372 0 -0.3826671540737152 0.4505535066127777 0
          -0.48220089077949524 0.3544957935810089 0 -0.5549259781837463 0.37011927366256714 0
          -0.6717208623886108 0.2587578296661377 0 -0.7552783489227295 0.1585288792848587 0
          -0.8017662763595581 0.08442139625549316 0 -0.8172586560249329 0.04297489672899246 0
          -0.7829983830451965 0.08150061219930649 0 -0.7044571042060852 0.08286605775356293 0
          -0.4677550494670868 0.11151649802923203 0 -0.11565133929252625 0.1254843920469284 0
          0.2856808602809906 0.04415655881166458 0 0.7483684420585632 -0.11928008496761322 0
          1.1141645908355713 -0.2597232758998871 0 1.3513869047164917 -0.32783663272857666 0
          1.6074336767196655 -0.3754654824733734 0 1.8739749193191528 -0.428792804479599 0
          2.093273401260376 -0.48063793778419495 0 2.235813856124878 -0.5203168392181396 0
          2.2956182956695557 -0.538934051990509 0 2.2599031925201416 -0.5392041802406311 0
          2.1372194290161133 -0.5261883735656738 0 1.9584097862243652 -0.5088719725608826 0
          1.742760181427002 -0.494459331035614 0 1.5086606740951538 -0.4768971800804138 0
          1.267714262008667 -0.4340846538543701 0 1.0613535642623901 -0.3349337577819824 0
          0.8716211915016174 -0.22317402064800262 0 0.6926752328872681 -0.09190364927053452 0
          0.5608059167861938 -0.026181021705269814 0 0.47812530398368835 -0.017405571416020393 0
          0.42012879252433777 -0.03316659480333328 0 0.37631139159202576 -0.04627606272697449 0
          0.34993699193000793 -0.03980042785406113 0 0.34406059980392456 -0.009230508469045162 0
          0.35624849796295166 0.04250260442495346 0 0.3795902729034424 0.10922227054834366 0
          0.4068583846092224 0.18290932476520538 0 0.4329228401184082 0.2567271292209625 0
          0.45626357197761536 0.32609403133392334 0 0.4770048260688782 0.38826778531074524 0
          0.49506616592407227 0.44157254695892334 0 0.5093896389007568 0.4846382737159729 0
          0.5173404812812805 0.5163806676864624 0 0.515174150466919 0.536077618598938 0
          0.49792107939720154 0.5438697338104248 0 0.4595651626586914 0.541276216506958 0
          0.39377087354660034 0.5318813920021057 0 0.2956571877002716 0.521675705909729 0
          0.16469743847846985 0.518454372882843 0 0.008821935392916203 0.5289377570152283 0
          -0.14725324511528015 0.550545871257782 0 -0.28875991702079773 0.5773816108703613 0
          -0.41418132185935974 0.6050984263420105 0 -0.5242900848388672 0.6311278343200684 0
          -0.6198984384536743 0.6542097330093384 0 -0.7011423707008362 0.6739456057548523 0
          -0.7670673131942749 0.690150797367096 0 -0.8159445524215698 0.7021734118461609 0
          0.04411642625927925 0.5248109102249146 0 0.04239119589328766 0.5226073861122131 0
          0.039304185658693314 0.5205010771751404 0 0.03350221738219261 0.5183075070381165 0
          0.023686744272708893 0.5155003666877747 0 0.008126468397676945 0.5109343528747559 0
          -0.015159541741013527 0.502769947052002 0 -0.04815540462732315 0.48867669701576233 0
          -0.0926656574010849 0.46563825011253357 0 -0.14971689879894257 0.43025216460227966 0
          -0.2187209129333496 0.3794381022453308 0 -0.2967435121536255 0.31113991141319275 0
          -0.37820103764533997 0.2263694554567337 0 -0.45640599727630615 0.141083225607872 0
          -0.5313547849655151 0.03249106928706169 0 -0.5902584791183472 -0.08199048787355423 0
          -0.6255937218666077 -0.19022487103939056 0 -0.6318281888961792 -0.30616000294685364 0
          -0.5941252708435059 -0.4380163252353668 0 -0.49086013436317444 -0.47707492113113403 0
          -0.3462797701358795 -0.5391821265220642 0 -0.12572790682315826 -0.523273229598999 0
          0.15087692439556122 -0.41366490721702576 0 0.5874221324920654 -0.36860164999961853 0
          1.0801374912261963 -0.41884157061576843 0 1.3753793239593506 -0.4559328258037567 0
          1.6587587594985962 -0.4854741096496582 0 1.9115099906921387 -0.49759307503700256 0
          2.0979394912719727 -0.4916688799858093 0 2.1959218978881836 -0.4688361585140228 0
          2.2119333744049072 -0.43353623151779175 0 2.1519830226898193 -0.39727529883384705 0
          2.0302162170410156 -0.3680361211299896 0 1.8652960062026978 -0.34281015396118164 0
          1.6659597158432007 -0.31463298201560974 0 1.422710657119751 -0.26530197262763977 0
          1.0988585948944092 -0.1506512314081192 0 0.8044458627700806 0.02567010372877121 0
          0.6281756162643433 0.19185204803943634 0 0.5093276500701904 0.31670093536376953 0
          0.4448905885219574 0.39566493034362793 0 0.40099605917930603 0.4481387436389923 0
          0.37291979789733887 0.48023906350135803 0 0.3477850556373596 0.49958866834640503 0
          0.3246745467185974 0.5165567994117737 0 0.3027162551879883 0.5441064238548279 0
          0.283966064453125 0.5921881198883057 0 0.2710084021091461 0.6644073724746704 0
          0.2684430480003357 0.7564746141433716 0 0.2732713520526886 0.8626741766929626 0
          0.28430983424186707 0.9770632982254028 0 0.30046793818473816 1.0945079326629639 0
          0.3199212849140167 1.2110363245010376 0 0.34138625860214233 1.3228281736373901 0
          0.36070337891578674 1.4270803928375244 0 0.37383294105529785 1.521188735961914 0
          0.3748307526111603 1.6032006740570068 0 0.3560240864753723 1.6722710132598877 0
          0.3079891502857208 1.729616403579712 0 0.22134526073932648 1.7794564962387085 0
          0.08829478174448013 1.830858588218689 0 -0.06837790459394455 1.8829782009124756 0
          -0.21129371225833893 1.9265117645263672 0 -0.33480048179626465 1.9582144021987915 0
          -0.4393981397151947 1.97617769241333 0 -0.5273265838623047 1.979468822479248 0
          -0.6006168127059937 1.9679664373397827 0 -0.6604053378105164 1.9422160387039185 0
          -0.7064923048019409 1.9032658338546753 0 -0.7376744747161865 1.8525365591049194 0
          0.03781862184405327 0.5285108089447021 0 0.03676167130470276 0.528876543045044 0
          0.03486783057451248 0.5285616517066956 0 0.03129572793841362 0.5268742442131042 0
          0.02523687295615673 0.522774875164032 0 0.015627095475792885 0.514722466468811 0
          0.0012238003546372056 0.5006288886070251 0 -0.019300216808915138 0.4778921604156494 0
          -0.04721859470009804 0.4435482621192932 0 -0.08353456854820251 0.3946716785430908 0
          -0.12858237326145172 0.3289903998374939 0 -0.18139342963695526 0.2454448938369751 0
          -0.2391255646944046 0.14460645616054535 0 -0.29837942123413086 0.031640954315662384 0
          -0.3539162874221802 -0.09638086706399918 0 -0.398287832736969 -0.23179636895656586 0
          -0.4262698292732239 -0.36709684133529663 0 -0.43139907717704773 -0.49845030903816223 0
          -0.406512588262558 -0.6231366395950317 0 -0.34215396642684937 -0.7286866903305054 0
          -0.237010195851326 -0.8113580942153931 0 -0.09004746377468109 -0.8433483839035034 0
          0.087254099547863 -0.7954866290092468 0 0.2885720133781433 -0.3988780975341797 0
          0.7009056806564331 -0.2421303242444992 0 1.092907190322876 -0.09783466905355453 0
          1.6019136905670166 -0.08253496140241623 0 1.782655119895935 -0.01828809082508087 0
          1.9039926528930664 0.08265306055545807 0 1.9749131202697754 0.19204990565776825 0
          1.9903477430343628 0.2958475947380066 0 1.9516023397445679 0.3866989314556122 0
          1.8608559370040894 0.4656594395637512 0 1.7135733366012573 0.5463168025016785 0
          1.4876015186309814 0.6582219004631042 0 1.159491777420044 0.8362773656845093 0
          0.7974823117256165 1.0444586277008057 0 0.5484123826026917 1.2229552268981934 0
          0.40895113348960876 1.3760554790496826 0 0.32719939947128296 1.5034765005111694 0
          0.28445273637771606 1.6155264377593994 0 0.2608272433280945 1.7134513854980469 0
          0.24459251761436462 1.8028732538223267 0 0.23030424118041992 1.8846269845962524 0
          0.2212267369031906 1.9566417932510376 0 0.20717483758926392 2.023052215576172 0
          0.18804199993610382 2.089416742324829 0 0.15987111628055573 2.1656394004821777 0
          0.1462271362543106 2.248973846435547 0 0.1326785534620285 2.3443045616149902 0
          0.12368661165237427 2.4527571201324463 0 0.12181317806243896 2.5730230808258057 0
          0.12721388041973114 2.7024922370910645 0 0.14008520543575287 2.83754301071167 0
          0.15461257100105286 2.975693702697754 0 0.1678456962108612 3.113715171813965 0
          0.17258687317371368 3.24922251701355 0 0.15992189943790436 3.3806655406951904 0
          0.11557817459106445 3.5097339153289795 0 0.026290372014045715 3.640735387802124 0
          -0.08647161722183228 3.7584588527679443 0 -0.189712792634964 3.840817928314209 0
          -0.27965256571769714 3.888108968734741 0 -0.3557703495025635 3.9040095806121826 0
          -0.41919904947280884 3.8926217555999756 0 -0.4713042080402374 3.857466220855713 0
          -0.5130175352096558 3.8013341426849365 0 -0.5449655055999756 3.7266809940338135 0
          -0.5670233368873596 3.636016607284546 0 -0.5784488320350647 3.53216814994812 0
          0.025301117449998856 0.5343368649482727 0 0.025022011250257492 0.5399895310401917 0
          0.024575339630246162 0.5448593497276306 0 0.023575559258461 0.5481781959533691 0
          0.021658355370163918 0.5488563179969788 0 0.018351756036281586 0.5453636646270752 0
          0.013115986250340939 0.5356645584106445 0 0.005385491531342268 0.5172426700592041 0
          -0.005427125841379166 0.4872015714645386 0 -0.019999921321868896 0.4425339698791504 0
          -0.03916379064321518 0.38048121333122253 0 -0.06345482170581818 0.2988506853580475 0
          -0.09200828522443771 0.19648189842700958 0 -0.12273809313774109 0.07500100135803223 0
          -0.153330996632576 -0.06532258540391922 0 -0.17938175797462463 -0.21894147992134094 0
          -0.19807040691375732 -0.3773646950721741 0 -0.205286905169487 -0.5341958403587341 0
          -0.1966712921857834 -0.681888222694397 0 -0.16765666007995605 -0.8082743883132935 0
          -0.11714396625757217 -0.8990697264671326 0 -0.05279386043548584 -0.9342325925827026 0
          0.014594636857509613 -0.8950185775756836 0 0.06418246775865555 -0.7458229660987854 0
          0.06607373803853989 -0.08119203895330429 0 0.25238341093063354 0.4854794144630432 0
          0.6736896634101868 0.9954437613487244 0 1.2978062629699707 1.260519027709961 0
          1.3513730764389038 1.5739812850952148 0 1.4082926511764526 1.89626145362854 0
          1.4515756368637085 2.2044622898101807 0 1.4579850435256958 2.492985725402832 0
          1.4021128416061401 2.7726612091064453 0 1.2504290342330933 3.070289134979248 0
          0.9881554841995239 3.4047110080718994 0 0.6791461706161499 3.7345001697540283 0
          0.4266737103462219 3.9950571060180664 0 0.2625165581703186 4.199650764465332 0
          0.17303679883480072 4.370439052581787 0 0.12798747420310974 4.51586389541626 0
          0.10638423264026642 4.646401405334473 0 0.09196877479553223 4.7700982093811035 0
          0.08168614655733109 4.889207363128662 0 0.0738578736782074 5.003477096557617 0
          0.06257577985525131 5.118659496307373 0 0.048682503402233124 5.233331680297852 0
          0.03160449489951134 5.346240997314453 0 0.016209134832024574 5.450403690338135 0
          -0.0020056897774338722 5.557023048400879 0 -0.011305694468319416 5.6605916023254395 0
          -0.012073257006704807 5.758325099945068 0 -0.006491702049970627 5.850728988647461 0
          0.0030178187880665064 5.940041542053223 0 0.013090021908283234 6.030811309814453 0
          0.023139433935284615 6.124223232269287 0 0.028780769556760788 6.222332954406738 0
          0.025190550833940506 6.325699329376221 0 0.0060013169422745705 6.433170318603516 0
          -0.030525708571076393 6.535244941711426 0 -0.07509443163871765 6.607396125793457 0
          -0.11945893615484238 6.633864879608154 0 -0.161127507686615 6.61920166015625 0
          -0.1981218159198761 6.569156169891357 0 -0.22949956357479095 6.489191055297852 0
          -0.25515562295913696 6.383946895599365 0 -0.2751387655735016 6.257192611694336 0
          -0.29005736112594604 6.112469673156738 0 -0.30069220066070557 5.953428268432617 0
          -0.30772584676742554 5.784256935119629 0 -0.3117295503616333 5.610025405883789 0
          0 0.5436912178993225 0 0 0.5588344931602478 0
          0 0.5739322900772095 0 0 0.5885950326919556 0
          0 0.6021695137023926 0 0 0.6136590242385864 0
          0 0.621705949306488 0 0 0.6246476769447327 0
          0 0.6205841898918152 0 0 0.607247531414032 0
          0 0.5814622640609741 0 0 0.5388518571853638 0
          0 0.4755834937095642 0 0 0.3909914493560791 0
          0 0.2863768935203552 0 0 0.16283094882965088 0
          0 0.02703903615474701 0 0 -0.11368600279092789 0
          0 -0.2505917251110077 0 0 -0.369842529296875 0
          0 -0.4565908908843994 0 0 -0.5006331205368042 0
          0 -0.49881619215011597 0 0 -0.46330130100250244 0
          0 -0.423001766204834 0 0 -0.06250113248825073 0
          0 0.5455829501152039 0 0 1.3731744289398193 0
          0 2.258742570877075 0 0 3.163109302520752 0
          0 4.089841365814209 0 0 5.026124000549316 0
          0 5.9378228187561035 0 0 6.762740612030029 0
          0 7.424750328063965 0 0 7.888102054595947 0
          0 8.18625259399414 0 0 8.37563419342041 0
          0 8.505011558532715 0 0 8.603848457336426 0
          0 8.687630653381348 0 0 8.761467933654785 0
          0 8.827982902526855 0 0 8.888809204101562 0
          0 8.941701889038086 0 0 8.984915733337402 0
          0 9.016343116760254 0 0 9.037117958068848 0
          0 9.045374870300293 0 0 9.047059059143066 0
          0 9.047883987426758 0 0 9.052107810974121 0
          0 9.06234359741211 0 0 9.078994750976562 0
          0 9.102046012878418 0 0 9.128588676452637 0
          0 9.152497291564941 0 0 9.163365364074707 0
          0 9.14966869354248 0 0 9.106060981750488 0
          0 9.032685279846191 0 0 8.931346893310547 0
          0 8.80516529083252 0 0 8.657886505126953 0
          0 8.49334716796875 0 0 8.315329551696777 0
          0 8.127213478088379 0 0 7.93185567855835 0
          0 7.731658458709717 0 0 7.528636455535889 0
          <InformationKey name="L2_NORM_RANGE" location="vtkDataArray" length="2">
            <Value index="0">
              0.027039036155
            </Value>
            <Value index="1">
              9.1633653641
            </Value>
          </InformationKey>
        </DataArray>
        <DataArray type="Float32" Name="Solids_Velocity_1" NumberOfComponents="3" format="ascii" RangeMin="0" RangeMax="8.94848346710205">
          -0.031009038910269737 0.019869254902005196 0 -0.03950599953532219 0.04532735422253609 0
          -0.05736282840371132 0.08249089866876602 0 -0.08609562367200851 0.13829119503498077 0
          -0.13044966757297516 0.22111254930496216 0 -0.25627121329307556 0.4627220928668976 0
          -0.37825441360473633 0.7989529371261597 0 -0.17974592745304108 1.2433717250823975 0
          -0.23650942742824554 1.7783409357070923 0 -0.25809356570243835 2.344451427459717 0
          -0.33034682273864746 2.7483346462249756 0 -0.4106108546257019 3.121234178543091 0
          -0.548130452632904 3.4763619899749756 0 -0.4493771493434906 3.778973340988159 0
          -0.2784064710140228 3.9742722511291504 0 -0.029198529198765755 3.987285852432251 0
          0.22787588834762573 3.810072660446167 0 0.33481094241142273 3.5543112754821777 0
          0.3323039710521698 3.311373710632324 0 0.2848304212093353 3.1303913593292236 0
          0.22481676936149597 3.027043581008911 0 0.15879714488983154 2.996429443359375 0
          0.08983362466096878 3.0249900817871094 0 0.025069404393434525 3.0943567752838135 0
          -0.02910856530070305 3.188204288482666 0 -0.07009398192167282 3.2954294681549072 0
          -0.09553619474172592 3.4075005054473877 0 -0.0996493324637413 3.516666889190674 0
          -0.0777474194765091 3.615753173828125 0 -0.03244290500879288 3.697309970855713 0
          0.02577362023293972 3.7511870861053467 0 0.0832715779542923 3.771338939666748 0
          0.1320129781961441 3.760287046432495 0 0.17415809631347656 3.7210755348205566 0
          0.22269122302532196 3.650695323944092 0 0.31032994389533997 3.517932653427124 0
          0.47060883045196533 3.222625494003296 0 0.6465125679969788 2.6665759086608887 0
          0.7350788712501526 1.8963844776153564 0 0.6878777742385864 1.1663025617599487 0
          0.6125358939170837 0.5485442876815796 0 0.6233057379722595 0.23724180459976196 0
          0.6232563853263855 0.237223282456398 0 0.0025149646680802107 -0.00005036783841205761 0
          5.026024735288459e-11 0 0 9.409848421838317e-24 0 0
          0 0 0 0 0 0
          0 0 0 0 0 0
          0 0 0 0 0 0
          0 0 0 0 0 0
          0 0 0 0 0 0
          0 0 0 0 0 0
          0 0 0 0 0 0
          0 0 0 0 0 0
          0 0 0 0 0 0
          0 0 0 0 0 0
          0 0 0 0 0 0
          0 0 0 0 0 0
          -0.07583718746900558 0.029108505696058273 0 -0.0887800008058548 0.060971565544605255 0
          -0.11505451798439026 0.09771966934204102 0 -0.1548871397972107 0.1394938826560974 0
          -0.2056315839290619 0.1797162890434265 0 -0.2487359344959259 0.2044183313846588 0
          -0.3858107030391693 0.5246366262435913 0 -0.28771522641181946 1.243395447731018 0
          -0.29498106241226196 1.7781944274902344 0 -0.31940051913261414 2.3445963859558105 0
          -0.4044173061847687 2.748063325881958 0 -0.5036158561706543 3.1205899715423584 0
          -0.625318169593811 3.4756007194519043 0 -0.5223479270935059 3.7785918712615967 0
          -0.32248783111572266 3.845045328140259 0 -0.27697667479515076 1.8191972970962524 0
          -0.501512885093689 2.574789524078369 0 -0.16880732774734497 3.152008533477783 0
          0.04513850063085556 3.6013710498809814 0 0.16078554093837738 3.9363551139831543 0
          0.24821609258651733 4.204859256744385 0 0.3320537805557251 4.415284633636475 0
          0.4189995527267456 4.5463433265686035 0 0.47457268834114075 4.586188316345215 0
          0.2246796190738678 4.536743640899658 0 0.07932193577289581 3.917107343673706 0
          -0.0928175300359726 3.40938663482666 0 -0.09457214921712875 3.51725172996521 0
          -0.07162735611200333 3.613910436630249 0 0.7871404886245728 3.023428201675415 0
          0.7472779154777527 2.733739137649536 0 0.6992079615592957 2.523089647293091 0
          0.6869882941246033 2.356454610824585 0 0.7444055080413818 2.159161329269409 0
          0.8654058575630188 1.8289477825164795 0 0.9873386025428772 1.3659356832504272 0
          1.0540733337402344 0.9582889676094055 0 1.0423191785812378 0.6963576674461365 0
          0.9157073497772217 0.5001639127731323 0 0.7781726121902466 0.27587074041366577 0
          0.7292847633361816 0.16878490149974823 0 0.7774475812911987 0.20302198827266693 0
          0.7774298191070557 0.20303010940551758 0 0.0004086875997018069 0.0004534158215392381 0
          6.664023499691751e-11 1.2755606293435306e-10 0 4.713695713096492e-23 1.7385480822580072e-22 0
          0 0 0 0 0 0
          0 0 0 0 0 0
          0 0 0 0 0 0
          0 0 0 0 0 0
          0 0 0 0 0 0
          0 0 0 0 0 0
          0 0 0 0 0 0
          0 0 0 0 0 0
          0 0 0 0 0 0
          0 0 0 0 0 0
          0 0 0 0 0 0
          0 0 0 0 0 0
          -0.10265609622001648 0.017345886677503586 0 -0.11379483342170715 0.03338507190346718 0
          -0.13541877269744873 0.04598809406161308 0 -0.16618433594703674 0.051468681544065475 0
          -0.20472675561904907 0.04609091207385063 0 -0.2545720040798187 0.039790742099285126 0
          -0.348517507314682 0.0037948372773826122 0 -0.41061243414878845 -0.03348835930228233 0
          -0.455484539270401 -0.021667789667844772 0 -0.5216109156608582 0.0013114168541505933 0
          -0.6105740666389465 0.013106335885822773 0 -0.7108273506164551 0.01096361130475998 0
          -0.807836651802063 -0.004374709911644459 0 -0.8790729641914368 -0.0366920605301857 0
          -0.902145504951477 -0.06294451653957367 0 -0.8143858909606934 1.8781530857086182 0
          -0.5518911480903625 2.572418451309204 0 -0.3596528470516205 1.3557500839233398 0
          -0.18650110065937042 1.5696628093719482 0 0.16019262373447418 3.842543840408325 0
          0.24885502457618713 4.076119899749756 0 0.33356231451034546 4.296224594116211 0
          0.4208779036998749 4.4627203941345215 0 0.4769638478755951 4.530379295349121 0
          0.23347017168998718 4.49102783203125 0 0.9504205584526062 1.0904264450073242 0
          1.2401067018508911 0.5478994250297546 0 1.089255928993225 0.5484430193901062 0
          1.1247509717941284 1.5426616668701172 0 1.1081042289733887 1.4628217220306396 0
          1.1095455884933472 1.3057620525360107 0 1.1545618772506714 1.07076895236969 0
          1.2340874671936035 0.7569624185562134 0 1.2960225343704224 0.4213142395019531 0
          1.3114259243011475 0.15517054498195648 0 1.264840841293335 0.01490965485572815 0
          1.1560665369033813 0.008517006412148476 0 1.0554494857788086 0.03709888830780983 0
          0.9039974212646484 -0.02119862101972103 0 0.8190097212791443 -0.058375004678964615 0
          0.8834022879600525 0.07425262033939362 0 0.8304176926612854 0.13867828249931335 0
          0.003813969437032938 0.00464236456900835 0 5.800073754613777e-9 1.2042291608338473e-8 0
          4.43946387191138e-19 1.875450679614688e-18 0 5.2055477391692234e-39 1.973997235657423e-38 0
          0 0 0 0 0 0
          0 0 0 0 0 0
          0 0 0 0 0 0
          0 0 0 0 0 0
          0 0 0 0 0 0
          0 0 0 0 0 0
          0 0 0 0 0 0
          0 0 0 0 0 0
          0 0 0 0 0 0
          0 0 0 0 0 0
          0 0 0 0 0 0
          0 0 0 0 0 0
          -0.10902385413646698 0.004007966257631779 0 -0.11801653355360031 0.006563077215105295 0
          -0.1357039362192154 0.006415874231606722 0 -0.161799356341362 0.0028854473493993282 0
          -0.196919783949852 -0.0036437143571674824 0 -0.24385139346122742 -0.013280775398015976 0
          -0.30653107166290283 -0.044742342084646225 0 -0.3659780025482178 -0.0767563134431839 0
          -0.42475271224975586 -0.09808369725942612 0 -0.4914258122444153 -0.11879055202007294 0
          -0.5668687224388123 -0.14917397499084473 0 -0.6446883082389832 -0.19414085149765015 0
          -0.7148429751396179 -0.2536008059978485 0 -0.7668242454528809 -0.32295578718185425 0
          -0.7897605299949646 -0.39416977763175964 0 -0.7260535955429077 -0.5224904417991638 0
          -0.6793135404586792 -0.49590733647346497 0 -0.5287337899208069 -0.4367062449455261 0
          -0.418693870306015 -0.4460758864879608 0 -0.16662678122520447 -0.4065681993961334 0
          0.10427465289831161 -0.2928028106689453 0 0.3145545721054077 -0.22402724623680115 0
          0.49923014640808105 -0.1481170654296875 0 0.6819573044776917 -0.1277034729719162 0
          0.8781578540802002 -0.17108692228794098 0 1.0952030420303345 0.16540849208831787 0
          1.2418369054794312 0.5408769845962524 0 1.3216077089309692 0.5382623672485352 0
          1.3768820762634277 0.4452263414859772 0 1.4321916103363037 0.24559591710567474 0
          1.4885071516036987 -0.0027420148253440857 0 1.5274057388305664 -0.21607306599617004 0
          1.5345735549926758 -0.3744317889213562 0 1.4982033967971802 -0.4692067503929138 0
          1.412583589553833 -0.5041974186897278 0 1.2796144485473633 -0.4939154088497162 0
          1.1287025213241577 -0.42197105288505554 0 1.0379263162612915 -0.2952255308628082 0
          0.919028103351593 -0.2804888188838959 0 0.8908947110176086 -0.17924584448337555 0
          0.8871349692344666 -0.0524522140622139 0 0.009833058342337608 0.008560338988900185 0
          2.8921116168589833e-8 3.794390224243216e-8 0 1.0530450912247146e-17 1.8615984235636606e-17 0
          1.2226709806000817e-36 1.6945613101076976e-36 0 0 0 0
          0 0 0 0 0 0
          0 0 0 0 0 0
          0 0 0 0 0 0
          0 0 0 0 0 0
          0 0 0 0 0 0
          0 0 0 0 0 0
          0 0 0 0 0 0
          0 0 0 0 0 0
          0 0 0 0 0 0
          0 0 0 0 0 0
          0 0 0 0 0 0
          0 0 0 0 0 0
          -0.09933316707611084 -0.006449434440582991 0 -0.10654711723327637 -0.014078491367399693 0
          -0.12097293883562088 -0.02388906478881836 0 -0.1427704095840454 -0.03662175312638283 0
          -0.17250774800777435 -0.05309812352061272 0 -0.21104511618614197 -0.07547697424888611 0
          -0.25814199447631836 -0.10822772234678268 0 -0.3099789619445801 -0.14590030908584595 0
          -0.36603453755378723 -0.18507146835327148 0 -0.42789599299430847 -0.22745652496814728 0
          -0.49458423256874084 -0.2761997580528259 0 -0.5616992115974426 -0.33288732171058655 0
          -0.6227318644523621 -0.39596736431121826 0 -0.6708693504333496 -0.46114814281463623 0
          -0.668801486492157 -0.5713982582092285 0 -0.6972103714942932 -0.5512964129447937 0
          -0.6768275499343872 -0.5429163575172424 0 -0.635974645614624 -0.4998140335083008 0
          -0.48837852478027344 -0.4584665894508362 0 -0.269233375787735 -0.36856672167778015 0
          0.02246805652976036 -0.2938280403614044 0 0.23513025045394897 -0.22593659162521362 0
          0.43970492482185364 -0.15125341713428497 0 0.7539941072463989 -0.1340789943933487 0
          1.0507497787475586 -0.18062244355678558 0 1.2596203088760376 -0.2137284129858017 0
          1.4098607301712036 -0.2638344466686249 0 1.526214599609375 -0.3729040026664734 0
          1.6140093803405762 -0.5237625241279602 0 1.6694015264511108 -0.6813469529151917 0
          1.6916741132736206 -0.8013808727264404 0 1.674017310142517 -0.8717178702354431 0
          1.617087483406067 -0.9000501036643982 0 1.523564100265503 -0.8932878375053406 0
          1.399301528930664 -0.857178270816803 0 1.255713939666748 -0.7908729910850525 0
          1.1157517433166504 -0.6644784212112427 0 1.0430502891540527 -0.46786755323410034 0
          0.9416002035140991 -0.38637906312942505 0 0.9162310361862183 -0.2827891409397125 0
          0.01251212414354086 0.0031989894341677427 0 3.7572796429685695e-8 1.02902300014307e-8 0
          1.0968773091658382e-17 3.0658514690185786e-18 0 7.105930254314609e-37 1.2458750706604486e-37 0
          0 0 0 0 0 0
          0 0 0 0 0 0
          0 0 0 0 0 0
          0 0 0 0 0 0
          0 0 0 0 0 0
          0 0 0 0 0 0
          0 0 0 0 0 0
          0 0 0 0 0 0
          0 0 0 2.185403745039723e-28 0 0
          -1.063569636031618e-25 0 0 -3.9747979443963772e-25 0 0
          -3.8388343161150755e-25 0 0 -2.6868013251339075e-25 0 0
          -8.37857672341871e-26 0 0 -7.52972885896057e-28 0 0
          -1.1263483802234479e-29 0 0 -4.765709400912873e-34 0 0
          -0.07872572541236877 -0.013605674728751183 0 -0.08418064564466476 -0.028377654030919075 0
          -0.09517116099596024 -0.04544682055711746 0 -0.11191851645708084 -0.06591493636369705 0
          -0.13479872047901154 -0.0910176932811737 0 -0.16418562829494476 -0.12229927629232407 0
          -0.20004284381866455 -0.16121916472911835 0 -0.24171943962574005 -0.20664112269878387 0
          -0.28925061225891113 -0.25761717557907104 0 -0.34317564964294434 -0.31410709023475647 0
          -0.4018680453300476 -0.37627673149108887 0 -0.46258440613746643 -0.44344621896743774 0
          -0.5205989480018616 -0.5134215950965881 0 -0.5845111608505249 -0.6054856181144714 0
          -0.6057243943214417 -0.638032853603363 0 -0.6265328526496887 -0.6687217354774475 0
          -0.6231092810630798 -0.6772192716598511 0 -0.6016108393669128 -0.6510897874832153 0
          -0.53324294090271 -0.6908532381057739 0 -0.34287959337234497 -0.6496391892433167 0
          -0.08567378669977188 -0.5702126026153564 0 0.24631313979625702 -0.5073876976966858 0
          0.5679866671562195 -0.5008193254470825 0 0.9223740696907043 -0.5882614254951477 0
          1.2349028587341309 -0.7307717800140381 0 1.4262934923171997 -0.8364593982696533 0
          1.568909764289856 -0.9351191520690918 0 1.6770707368850708 -1.0394384860992432 0
          1.7425223588943481 -1.1305428743362427 0 1.7644712924957275 -1.194783091545105 0
          1.7469408512115479 -1.2237069606781006 0 1.6919989585876465 -1.2209848165512085 0
          1.6063352823257446 -1.1929703950881958 0 1.4993139505386353 -1.1409893035888672 0
          1.3789819478988647 -1.0602225065231323 0 1.2503305673599243 -0.9373906254768372 0
          1.1194791793823242 -0.7446314692497253 0 1.0812188386917114 -0.6062440872192383 0
          1.0113624334335327 -0.49632567167282104 0 0.01209569163620472 0.000192589737707749 0
          4.1870563904922165e-8 -8.602760726006409e-10 0 1.1515371558891585e-17 -3.741014276162683e-19 0
          5.240589449347208e-37 -4.1018721767211257e-38 0 0 0 0
          0 0 0 0 0 0
          0 0 0 0 0 0
          0 0 0 0 0 0
          0 0 0 0 0 0
          0 0 0 0 0 0
          0 0 0 0 0 0
          0 0 0 0 0 0
          0 0 0 2.893389954711223e-12 0 0
          2.68067252423565e-11 5.306565235134694e-27 0 7.609550196994302e-14 4.90909965559879e-25 0
          -4.5778237971194624e-12 1.3819541438978512e-24 0 -8.368774423450631e-12 1.5122352126483934e-24 0
          -7.969903383087118e-12 9.554721741006025e-25 0 -6.511294975419801e-12 4.386112485568942e-25 0
          -3.5673514923312277e-12 9.415075241632989e-26 0 -3.3292287112893226e-13 7.641014387454612e-28 0
          -4.018706144227023e-14 1.0442672772479021e-29 0 -3.7049954325798064e-16 8.379461888668751e-34 0
          -0.05259936302900314 -0.017343299463391304 0 -0.056246161460876465 -0.03590166196227074 0
          -0.06361650675535202 -0.05690425634384155 0 -0.0748988464474678 -0.08160509914159775 0
          -0.09038049727678299 -0.11131135374307632 0 -0.11039259284734726 -0.14734026789665222 0
          -0.1352342814207077 -0.1907593458890915 0 -0.1651962250471115 -0.2419961392879486 0
          -0.200753316283226 -0.3014824688434601 0 -0.24254946410655975 -0.36890971660614014 0
          -0.2899664044380188 -0.4441147744655609 0 -0.34152042865753174 -0.5259175896644592 0
          -0.3938692510128021 -0.612138569355011 0 -0.4589662551879883 -0.6973350644111633 0
          -0.4866420328617096 -0.7622107863426208 0 -0.5059155225753784 -0.8260245323181152 0
          -0.5046392679214478 -0.889829158782959 0 -0.4794085621833801 -0.9417511224746704 0
          -0.4404131770133972 -0.948846697807312 0 -0.3431943356990814 -1.064630150794983 0
          -0.17494985461235046 -1.0225073099136353 0 0.02698657475411892 -0.9518661499023438 0
          0.298250287771225 -0.8892270922660828 0 0.8431854844093323 -0.9581263065338135 0
          1.3272989988327026 -1.1545268297195435 0 1.5420013666152954 -1.2830644845962524 0
          1.6631580591201782 -1.3655142784118652 0 1.7377300262451172 -1.4205845594406128 0
          1.7693333625793457 -1.4499685764312744 0 1.7612932920455933 -1.4540059566497803 0
          1.7211331129074097 -1.4324325323104858 0 1.655658483505249 -1.3861665725708008 0
          1.5721831321716309 -1.3141742944717407 0 1.4774410724639893 -1.2086436748504639 0
          1.3727986812591553 -1.0556073188781738 0 1.2440463304519653 -0.8309879899024963 0
          1.0590415000915527 -0.5852274298667908 0 1.0700613260269165 -0.5958263874053955 0
          0.034543465822935104 0.00889537949115038 0 0.00031937879975885153 4.221279326088734e-8 0
          0.000034206852433271706 3.8342491530850154e-17 0 0.00012639958004001528 1.0700236511187199e-35 0
          0.000025019002350745723 0 0 0.000014917015505488962 0 0
          0.000007382225248875329 0 0 3.0817837171071005e-8 0 0
          2.4427915690239388e-8 0 0 0.000003203185769962147 0 0
          8.480740554261956e-9 0 0 1.3912341279009866e-9 0 0
          0.00000631253351457417 0 0 0.000003171272737745312 0 0
          0.00001852631612564437 0 0 4.002069786679385e-9 0 0
          1.3828842584939771e-11 0 0 7.0236434446258045e-9 0 0
          3.66742725077529e-8 0 0 0.000005502590283867903 0 0
          0.00000670587905915454 1.7245073424820845e-11 0 -0.00001357263136014808 3.167794082603592e-10 0
          -0.00025736118550412357 3.5031827438913865e-10 0 -0.00012432190123945475 1.0009278128553234e-10 0
          -0.00017463351832702756 1.1259523868822896e-10 0 -0.00018648013065103441 9.296317188267622e-11 0
          -0.00015229650307446718 6.187453327477499e-11 0 -0.00012103651533834636 3.564801231981107e-11 0
          -0.00007719994755461812 1.2158962205133239e-11 0 -0.000015830179108888842 1.0166297057662144e-12 0
          -0.000004247415290592471 9.949365550182554e-14 0 -2.164437233886929e-7 1.4485928876581075e-15 0
          -0.026571698486804962 -0.01749184913933277 0 -0.028516095131635666 -0.03615262359380722 0
          -0.0324467234313488 -0.057168129831552505 0 -0.03848851099610329 -0.08176406472921371 0
          -0.046834155917167664 -0.11121834814548492 0 -0.05773734673857689 -0.14684298634529114 0
          -0.07151968032121658 -0.18991966545581818 0 -0.08861978352069855 -0.24163372814655304 0
          -0.10967757552862167 -0.3033309876918793 0 -0.13551801443099976 -0.37554556131362915 0
          -0.16686251759529114 -0.4586675763130188 0 -0.20389442145824432 -0.5518786311149597 0
          -0.24424591660499573 -0.6532624959945679 0 -0.3011181950569153 -0.7595770359039307 0
          -0.3305012583732605 -0.8387279510498047 0 -0.35560038685798645 -0.9201382994651794 0
          -0.36432114243507385 -1.0060919523239136 0 -0.3527146875858307 -1.082478642463684 0
          -0.3149302005767822 -1.155989408493042 0 -0.24510370194911957 -1.2212709188461304 0
          -0.13720445334911346 -1.2463887929916382 0 -0.0062001775950193405 -1.2360104322433472 0
          0.13912837207317352 -1.1135830879211426 0 0.2946552634239197 -1.129199504852295 0
          1.030187726020813 -1.3894953727722168 0 1.5188032388687134 -1.4989852905273438 0
          1.6818056106567383 -1.5521847009658813 0 1.7152384519577026 -1.5587900876998901 0
          1.71578848361969 -1.5357438325881958 0 1.6923788785934448 -1.4850291013717651 0
          1.6497135162353516 -1.4047623872756958 0 1.592427134513855 -1.2886384725570679 0
          1.5236378908157349 -1.1238951683044434 0 1.440466284751892 -0.8865299224853516 0
          1.3237460851669312 -0.5503763556480408 0 1.1309571266174316 0.07203655689954758 0
          0.8600262403488159 -0.17992597818374634 0 0.8597984313964844 -0.17970289289951324 0
          0.725663959980011 1.1228796243667603 0 0.002823313931003213 0.4299512207508087 0
          -0.023845098912715912 3.077805519104004 0 -0.009965109638869762 0.07528764009475708 0
          -0.01147429645061493 0.016123220324516296 0 -0.011814430356025696 0.009050552733242512 0
          -0.009191776625812054 0.0028403003234416246 0 -0.007676576264202595 4.0234979792330705e-7 0
          -0.006338668055832386 0.000027133919502375647 0 -0.006541622336953878 0.0008978552650660276 0
          -0.0021290078293532133 8.662050277052913e-8 0 -0.0002548686461523175 0.00005494425568031147 0
          -0.012727070599794388 0.6477463841438293 0 -0.013479497283697128 2.494549512863159 0
          0.006141717080026865 0.013059367425739765 0 0.0001527164422441274 3.38020207379941e-8 0
          0.00018503984028939158 5.6410105031545754e-8 0 -0.0010244891745969653 3.6527117686091515e-7 0
          -0.005831446032971144 0.00005113651786814444 0 -0.012360552325844765 0.003966395277529955 0
          -0.019852254539728165 0.013856765814125538 0 -0.07064372301101685 0.89080810546875 0
          -0.03780142962932587 0.01551689300686121 0 -0.03671327978372574 0.00512582715600729 0
          -0.03974463790655136 0.0042122467420995235 0 -0.04112862050533295 0.0031143296509981155 0
          -0.04136114567518234 0.0020974697545170784 0 -0.0401245653629303 0.001330789877101779 0
          -0.03743405640125275 0.0005786745459772646 0 -0.033216070383787155 0.00011536878446349874 0
          -0.028184672817587852 0.00002637540274008643 0 -0.022117670625448227 0.000002060571659967536 0
          -0.006726461462676525 -0.013634788803756237 0 -0.0073226820677518845 -0.028226012364029884 0
          -0.008528449572622776 -0.0447227843105793 0 -0.010396374389529228 -0.06411628425121307 0
          -0.013001730665564537 -0.08746326714754105 0 -0.016443217173218727 -0.1159093901515007 0
          -0.020847592502832413 -0.15072450041770935 0 -0.02640383131802082 -0.19335897266864777 0
          -0.033460769802331924 -0.24548524618148804 0 -0.04271635413169861 -0.30885377526283264 0
          -0.05531200394034386 -0.3852998912334442 0 -0.07217826694250107 -0.4745415151119232 0
          -0.09254200011491776 -0.5765577554702759 0 -0.14468270540237427 -0.7335785627365112 0
          -0.19886697828769684 -0.809173583984375 0 -0.16707250475883484 -0.908737063407898 0
          -0.1881820559501648 -1.0105607509613037 0 -0.18652623891830444 -1.1141116619110107 0
          -0.16832365095615387 -1.2075719833374023 0 -0.13030479848384857 -1.2800414562225342 0
          -0.07180458307266235 -1.3129862546920776 0 -0.002559537999331951 -1.2941027879714966 0
          0.06386853009462357 -1.217746376991272 0 0.10289125144481659 -1.002335786819458 0
          0.022674772888422012 -1.2345950603485107 0 0.670985758304596 -1.5579712390899658 0
          1.430009126663208 -1.4644031524658203 0 1.570279836654663 -1.4096158742904663 0
          1.5480908155441284 -1.2937442064285278 0 1.5158483982086182 -1.1319316625595093 0
          1.4754159450531006 -0.9074140191078186 0 1.4246448278427124 -0.5961546301841736 0
          1.3547863960266113 -0.1613183170557022 0 1.2472089529037476 0.48225295543670654 0
          1.0712435245513916 1.3365360498428345 0 0.8377141356468201 2.4924166202545166 0
          0.42996466159820557 3.447502613067627 0 0.00039084083982743323 7.122677326202393 0
          0.0001372086990159005 7.127939224243164 0 0.0385613813996315 6.967886924743652 0
          0.007000264246016741 7.202589988708496 0 -0.002093570539727807 7.252849578857422 0
          -0.008246508426964283 7.26690149307251 0 -0.0173473060131073 6.729704856872559 0
          -0.011894972063601017 7.771430015563965 0 -0.014565392397344112 7.773662567138672 0
          -0.014698910526931286 7.751827239990234 0 -0.017708903178572655 5.447910308837891 0
          -0.011828900314867496 7.714343070983887 0 -0.00958915427327156 7.819209098815918 0
          -0.006578842177987099 7.975767135620117 0 -0.004824093077331781 8.051132202148438 0
          -0.007164307404309511 7.594339847564697 0 -0.006625163834542036 7.963318824768066 0
          -0.013505478389561176 7.801956653594971 0 -0.009683624841272831 8.092373847961426 0
          -0.015804164111614227 8.155879974365234 0 -0.02313917689025402 8.075395584106445 0
          -0.027999699115753174 8.185876846313477 0 -0.03438505530357361 8.227703094482422 0
          -0.03963397815823555 8.207780838012695 0 -0.03799959644675255 8.214709281921387 0
          -0.030045317485928535 8.23259162902832 0 -0.012879237532615662 8.329289436340332 0
          -0.00012004180462099612 8.394611358642578 0 -0.00013123448297847062 8.283157348632812 0
          -0.00014169940550345927 8.135409355163574 0 -0.0001500882935943082 7.962904453277588 0
          -0.0001549638545839116 7.773347854614258 0 -0.0001558629155624658 7.578938007354736 0
          0 -0.005068787839263678 0 0 -0.010607020929455757 0
          0 -0.017054101452231407 0 0 -0.024876484647393227 0
          0 -0.03457774966955185 0 0 -0.046715788543224335 0
          0 -0.061934102326631546 0 0 -0.08102278411388397 0
          0 -0.10502161830663681 0 0 -0.13536138832569122 0
          0 -0.17395208775997162 0 0 -0.22298681735992432 0
          0 -0.28446272015571594 0 0 -0.3597418963909149 0
          0 -0.5987358689308167 0 0 -0.70926433801651 0
          0 -0.643886923789978 0 0 -0.7208752036094666 0
          0 -0.7927651405334473 0 0 -0.8492999076843262 0
          0 -0.8778976798057556 0 0 -0.8629245162010193 0
          0 -0.7974996566772461 0 0 -0.7067625522613525 0
          0 -0.6139214038848877 0 0 -0.9809472560882568 0
          0 -1.6876704692840576 0 0 -1.4052960872650146 0
          0 -1.1144485473632812 0 0 -0.7118408679962158 0
          0 -0.17206154763698578 0 0 0.6047257781028748 0
          0 1.6729629039764404 0 0 3.0893328189849854 0
          0 4.678048133850098 0 0 6.068265914916992 0
          0 7.074876308441162 0 0 7.109957218170166 0
          0 7.128429889678955 0 0 7.1307196617126465 0
          0 8.684670448303223 0 0 8.6774320602417 0
          0 8.663535118103027 0 0 8.87926959991455 0
          0 8.877376556396484 0 0 8.863860130310059 0
          0 8.857466697692871 0 0 8.85279655456543 0
          0 8.838509559631348 0 0 8.91015911102295 0
          0 8.94848346710205 0 0 8.83850383758545 0
          0 8.814501762390137 0 0 8.733050346374512 0
          0 8.773186683654785 0 0 8.789609909057617 0
          0 8.679309844970703 0 0 8.711935997009277 0
          0 8.7180814743042 0 0 8.65923023223877 0
          0 8.586638450622559 0 0 8.496896743774414 0
          0 8.434657096862793 0 0 8.45372200012207 0
          0 8.395394325256348 0 0 8.283970832824707 0
          0 8.136231422424316 0 0 7.9637041091918945 0
          0 7.7740888595581055 0 0 7.579559803009033 0
          <InformationKey name="L2_NORM_RANGE" location="vtkDataArray" length="2">
            <Value index="0">
              0
            </Value>
            <Value index="1">
              8.9484834671
            </Value>
          </InformationKey>
        </DataArray>
        <DataArray type="Float32" Name="Solids_Velocity_2" NumberOfComponents="3" format="ascii" RangeMin="0" RangeMax="3.652539492076414">
          -0.03101806901395321 0.01987582817673683 0 -0.03952024132013321 0.045347005128860474 0
          -0.05739015340805054 0.08254305273294449 0 -0.08615449070930481 0.1382817029953003 0
          -0.13060362637043 0.22193430364131927 0 -0.19839341938495636 0.34726402163505554 0
          -0.31702640652656555 0.5597315430641174 0 -0.2699035704135895 0.9532232284545898 0
          -0.3262600302696228 1.420558214187622 0 -0.3617955148220062 1.921878695487976 0
          -0.42840781807899475 2.3289053440093994 0 -0.5083535313606262 2.6935651302337646 0
          -0.5621267557144165 3.022911787033081 0 -0.5290956497192383 3.289259195327759 0
          -0.3724466562271118 3.4608054161071777 0 -0.1373533457517624 3.49453067779541 0
          0.06844031065702438 3.3564984798431396 0 0.18576626479625702 3.1303141117095947 0
          0.21849073469638824 2.9009530544281006 0 0.19897353649139404 2.7284367084503174 0
          0.14992177486419678 2.6394236087799072 0 0.08572965860366821 2.6312379837036133 0
          0.017238540574908257 2.687058687210083 0 -0.04638971760869026 2.7858026027679443 0
          -0.09869978576898575 2.9084036350250244 0 -0.13544519245624542 3.041102886199951 0
          -0.1527945101261139 3.1731839179992676 0 -0.14754275977611542 3.2970542907714844 0
          -0.11946553736925125 3.408813238143921 0 -0.07333768159151077 3.5054330825805664 0
          -0.017731817439198494 3.5777909755706787 0 0.03856787085533142 3.617983102798462 0
          0.09058255702257156 3.6266393661499023 0 0.1387459933757782 3.6055428981781006 0
          0.18946711719036102 3.553797721862793 0 0.2584937810897827 3.455385684967041 0
          0.3714907765388489 3.2240004539489746 0 0.5169904232025146 2.647606611251831 0
          0.6016780138015747 1.78645658493042 0 0.5766119956970215 0.9860251545906067 0
          0.5007753372192383 0.3567913770675659 0 0.44685932993888855 -0.04481424018740654 0
          0.44686123728752136 -0.04481522738933563 0 0 0 0
          0 0 0 0 0 0
          0 0 0 0 0 0
          0 0 0 0 0 0
          0 0 0 0 0 0
          0 0 0 0 0 0
          0 0 0 0 0 0
          0 0 0 0 0 0
          0 0 0 0 0 0
          0 0 0 0 0 0
          0 0 0 0 0 0
          0 0 0 0 0 0
          0 0 0 0 0 0
          0 0 0 0 0 0
          -0.0758582130074501 0.029117761179804802 0 -0.08880998939275742 0.06099623441696167 0
          -0.11510416865348816 0.09777325391769409 0 -0.15497656166553497 0.1395793855190277 0
          -0.20562060177326202 0.1798786222934723 0 -0.2489626556634903 0.20461469888687134 0
          -0.3889177441596985 0.2906133532524109 0 -0.452470600605011 0.3983094096183777 0
          -0.43251553177833557 0.6878008246421814 0 -0.4837833344936371 0.9015554785728455 0
          -0.5895170569419861 1.0337424278259277 0 -0.7194142937660217 1.15045166015625 0
          -0.8526790142059326 1.256398320198059 0 -0.9520471096038818 1.3139911890029907 0
          -0.9429143667221069 1.31426203250885 0 -0.6948847770690918 1.4149980545043945 0
          -0.37872692942619324 1.8152052164077759 0 -0.08844219893217087 2.324410915374756 0
          0.08355337381362915 2.698758840560913 0 0.17605382204055786 2.9745707511901855 0
          0.24941101670265198 3.198763370513916 0 0.321524053812027 3.3861098289489746 0
          0.3956277072429657 3.5239639282226562 0 0.4707973599433899 3.599317789077759 0
          0.545624315738678 3.6115562915802 0 0.614781379699707 3.554217576980591 0
          0.6685717105865479 3.4181642532348633 0 0.6973287463188171 3.2041029930114746 0
          0.6982154250144958 2.9340691566467285 0 0.6778423190116882 2.6491293907165527 0
          0.6486436128616333 2.4023144245147705 0 0.6255136728286743 2.223534345626831 0
          0.6290087699890137 2.094099283218384 0 0.677673876285553 1.9489325284957886 0
          0.7726159691810608 1.6777366399765015 0 0.8771601915359497 1.2503535747528076 0
          0.920561671257019 0.8703824877738953 0 0.8884321451187134 0.6183526515960693 0
          0.7896154522895813 0.37552452087402344 0 0.6581144332885742 0.09008002281188965 0
          0.5228484272956848 -0.15574677288532257 0 0.4538964331150055 -0.35286110639572144 0
          0.4538978934288025 -0.3528466522693634 0 0 0 0
          0 0 0 0 0 0
          0 0 0 0 0 0
          0 0 0 0 0 0
          0 0 0 0 0 0
          0 0 0 0 0 0
          0 0 0 0 0 0
          0 0 0 0 0 0
          0 0 0 0 0 0
          0 0 0 0 0 0
          0 0 0 0 0 0
          0 0 0 0 0 0
          0 0 0 0 0 0
          0 0 0 0 0 0
          -0.1026824563741684 0.017350969836115837 0 -0.11382969468832016 0.03339717537164688 0
          -0.1354699730873108 0.04600987210869789 0 -0.16626504063606262 0.05150289833545685 0
          -0.20485861599445343 0.046073559671640396 0 -0.2545626163482666 0.03984981030225754 0
          -0.34851890802383423 0.00379096157848835 0 -0.41063058376312256 -0.03352191671729088 0
          -0.4555184841156006 -0.021798357367515564 0 -0.5216529965400696 0.0011024175910279155 0
          -0.6106269359588623 0.01282001007348299 0 -0.7108984589576721 0.010529404506087303 0
          -0.8079221248626709 -0.00486399419605732 0 -0.879142701625824 -0.036390271037817 0
          -0.9021902084350586 -0.059004947543144226 0 -0.8875747323036194 -0.23504593968391418 0
          -0.7097793817520142 -0.21678468585014343 0 -0.4064008891582489 -0.07503589987754822 0
          -0.09318216145038605 0.11259336024522781 0 0.1344453990459442 0.2699229419231415 0
          0.28516972064971924 0.4321173131465912 0 0.4065566658973694 0.6003614068031311 0
          0.5197058916091919 0.7747616767883301 0 0.6332139372825623 0.9501600861549377 0
          0.7466092109680176 1.1149471998214722 0 0.8519453406333923 1.2523815631866455 0
          0.932579755783081 1.3435518741607666 0 0.9768238067626953 1.3714103698730469 0
          0.9877377152442932 1.329081416130066 0 0.9843275547027588 1.221986174583435 0
          0.9944817423820496 1.0583295822143555 0 1.0378189086914062 0.8374149203300476 0
          1.1076220273971558 0.5585235953330994 0 1.1590595245361328 0.2663686275482178 0
          1.1702606678009033 0.033023469150066376 0 1.1306614875793457 -0.1002967432141304 0
          1.0287104845046997 -0.10450902581214905 0 0.9125709533691406 -0.07926500588655472 0
          0.7730374932289124 -0.18818730115890503 0 0.6452392935752869 -0.3295907974243164 0
          0.5243300199508667 -0.46402838826179504 0 0.4726068675518036 -0.024661242961883545 0
          0.4726068675518036 -0.02465551532804966 0 6.169665236297684e-22 0 0
          1.401298464324817e-45 0 0 0 0 0
          0 0 0 0 0 0
          0 0 0 0 0 0
          0 0 0 0 0 0
          0 0 0 0 0 0
          0 0 0 0 0 0
          0 0 0 0 0 0
          0 0 0 0 0 0
          0 0 0 0 0 0
          0 0 0 0 0 0
          0 0 0 0 0 0
          0 0 0 0 0 0
          0 0 0 0 0 0
          -0.10904951393604279 0.004009021446108818 0 -0.1180490180850029 0.00656514847651124 0
          -0.13574860990047455 0.006418420933187008 0 -0.16186483204364777 0.002887121634557843 0
          -0.19702067971229553 -0.0036442962009459734 0 -0.2440146505832672 -0.01328685786575079 0
          -0.3065337538719177 -0.04475395753979683 0 -0.3659849762916565 -0.0767800584435463 0
          -0.4247642159461975 -0.09812871366739273 0 -0.4914436340332031 -0.11887375265359879 0
          -0.566896378993988 -0.14932994544506073 0 -0.6447240710258484 -0.1944255232810974 0
          -0.7148647308349609 -0.25408652424812317 0 -0.7667331695556641 -0.3236549496650696 0
          -0.7893704771995544 -0.3952533006668091 0 -0.7658650875091553 -0.4772789776325226 0
          -0.6711995005607605 -0.5146802663803101 0 -0.5181488990783691 -0.46487894654273987 0
          -0.35314247012138367 -0.3858581781387329 0 -0.10498873144388199 -0.25313663482666016 0
          0.15506573021411896 -0.14072979986667633 0 0.3492063581943512 -0.02215600572526455 0
          0.5138787627220154 0.09762769192457199 0 0.6733899116516113 0.21220679581165314 0
          0.8516691327095032 0.3109802007675171 0 1.0365577936172485 0.3749227821826935 0
          1.1495466232299805 0.40432384610176086 0 1.2128387689590454 0.3813658058643341 0
          1.2589771747589111 0.2707173824310303 0 1.3018718957901 0.05332402512431145 0
          1.34285569190979 -0.19308385252952576 0 1.3705261945724487 -0.3846667408943176 0
          1.3724602460861206 -0.5219811201095581 0 1.3376131057739258 -0.6047658920288086 0
          1.2636202573776245 -0.6398715972900391 0 1.1511445045471191 -0.6351721882820129 0
          1.006941795349121 -0.5635701417922974 0 0.8783254027366638 -0.4521360695362091 0
          0.7463487386703491 -0.5214446187019348 0 0.6341574192047119 -0.6030150651931763 0
          0.5274582505226135 -0.678598165512085 0 0.5000379085540771 -0.3515833020210266 0
          2.1979955355799774e-10 2.883678018594793e-10 0 5.915850439111399e-22 1.0457859095884315e-21 0
          4.203895392974451e-45 5.605193857299268e-45 0 0 0 0
          0 0 0 0 0 0
          0 0 0 0 0 0
          0 0 0 0 0 0
          0 0 0 0 0 0
          0 0 0 0 0 0
          0 0 0 0 0 0
          0 0 0 0 0 0
          0 0 0 0 0 0
          0 0 0 0 0 0
          0 0 0 0 0 0
          0 0 0 0 0 0
          0 0 0 0 0 0
          -0.09935464709997177 -0.006451006513088942 0 -0.10657361894845963 -0.014082493260502815 0
          -0.12100809067487717 -0.02389715611934662 0 -0.14281974732875824 -0.03663685545325279 0
          -0.17258010804653168 -0.053125493228435516 0 -0.2111550122499466 -0.07547932863235474 0
          -0.258313924074173 -0.10823512077331543 0 -0.3099816143512726 -0.14591453969478607 0
          -0.36603885889053345 -0.18509803712368011 0 -0.4279040992259979 -0.22751343250274658 0
          -0.49459898471832275 -0.27631959319114685 0 -0.5617161393165588 -0.3330923318862915 0
          -0.6227203607559204 -0.3961862027645111 0 -0.6708711981773376 -0.46128493547439575 0
          -0.6992315649986267 -0.5225014686584473 0 -0.7015038132667542 -0.5730847120285034 0
          -0.6695294380187988 -0.5925146341323853 0 -0.6037853956222534 -0.6285446286201477 0
          -0.439998984336853 -0.5773375034332275 0 -0.22100910544395447 -0.4774436354637146 0
          0.07102347910404205 -0.3967534303665161 0 0.28831911087036133 -0.3297581076622009 0
          0.48827704787254333 -0.2646650969982147 0 0.7831305861473083 -0.25323909521102905 0
          1.0609906911849976 -0.3019106686115265 0 1.2487157583236694 -0.34500017762184143 0
          1.3681752681732178 -0.40702417492866516 0 1.4485636949539185 -0.5299226641654968 0
          1.5018373727798462 -0.6909325122833252 0 1.5295168161392212 -0.8521336317062378 0
          1.530977725982666 -0.9683070778846741 0 1.5031591653823853 -1.03220796585083 0
          1.4462556838989258 -1.058701753616333 0 1.361263394355774 -1.0563170909881592 0
          1.251338005065918 -1.0296461582183838 0 1.1194366216659546 -0.9763476252555847 0
          0.9708484411239624 -0.8678877353668213 0 0.8442069292068481 -0.7042577862739563 0
          0.7242036461830139 -0.7545892000198364 0 0.6244596838951111 -0.8005768060684204 0
          0.5759737491607666 -0.7394538521766663 0 0.5759727358818054 -0.7394202947616577 0
          2.6373623164210046e-17 1.1678959484052244e-22 0 2.1921506799342784e-39 0 0
          0 0 0 0 0 0
          0 0 0 0 0 0
          0 0 0 0 0 0
          0 0 0 0 0 0
          0 0 0 0 0 0
          0 0 0 0 0 0
          0 0 0 0 0 0
          0 0 0 0 0 0
          0 0 0 0 0 0
          0 0 0 0 0 0
          0 0 0 0 0 0
          0 0 0 0 0 0
          0 0 0 0 0 0
          -0.07874153554439545 -0.013608693145215511 0 -0.08419985324144363 -0.028384895995259285 0
          -0.09519612789154053 -0.045460328459739685 0 -0.11195273697376251 -0.06593813747167587 0
          -0.1348475068807602 -0.09105628728866577 0 -0.1642571985721588 -0.12236302345991135 0
          -0.20014995336532593 -0.16122110188007355 0 -0.24188244342803955 -0.20664727687835693 0
          -0.289500892162323 -0.25763213634490967 0 -0.3431788682937622 -0.31414756178855896 0
          -0.40187549591064453 -0.37636372447013855 0 -0.4625953435897827 -0.4435613751411438 0
          -0.520620584487915 -0.513554573059082 0 -0.5705863833427429 -0.582593560218811 0
          -0.6078507304191589 -0.6485945582389832 0 -0.6263272166252136 -0.706882894039154 0
          -0.6184112429618835 -0.7475712299346924 0 -0.5855973362922668 -0.7815790176391602 0
          -0.4935038387775421 -0.8212389945983887 0 -0.2829042673110962 -0.7814940810203552 0
          -0.013112498447299004 -0.70496666431427 0 0.3136575222015381 -0.6496598720550537 0
          0.6209551692008972 -0.6315497756004333 0 0.959950864315033 -0.711712658405304 0
          1.2655812501907349 -0.8710395097732544 0 1.4456740617752075 -1.0024415254592896 0
          1.5528974533081055 -1.1154465675354004 0 1.6136813163757324 -1.2286458015441895 0
          1.636248230934143 -1.3240300416946411 0 1.6258437633514404 -1.390367865562439 0
          1.5868325233459473 -1.4216076135635376 0 1.5223863124847412 -1.423913836479187 0
          1.4366861581802368 -1.4053322076797485 0 1.333540678024292 -1.3684968948364258 0
          1.215915560722351 -1.3127533197402954 0 1.0839283466339111 -1.2320564985275269 0
          0.9389982223510742 -1.0980699062347412 0 0.8153213262557983 -0.8921308517456055 0
          0.7068011164665222 -0.926020622253418 0 0.643648624420166 -0.8954264521598816 0
          0.6098102331161499 -0.8174221515655518 0 9.042681199389335e-7 -5.557968751901399e-9 0
          2.728791913015471e-17 -1.664431528678429e-18 0 2.2164043537548123e-39 -1.9362861920347457e-40 0
          0 0 0 0 0 0
          0 0 0 0 0 0
          0 0 0 0 0 0
          0 0 0 0 0 0
          0 0 0 0 0 0
          0 0 0 0 0 0
          0 0 0 0 0 0
          0 0 0 0 0 0
          0 0 0 0 0 0
          0 0 0 0 0 0
          0 0 0 0 0 0
          0 0 0 0 0 0
          0 0 0 0 0 0
          -0.05260932818055153 -0.017346881330013275 0 -0.056258171796798706 -0.03591007739305496 0
          -0.06363197416067123 -0.05691959708929062 0 -0.07491984218358994 -0.08163072168827057 0
          -0.09041011333465576 -0.11135267466306686 0 -0.11043556779623032 -0.14740608632564545 0
          -0.13529802858829498 -0.1908639669418335 0 -0.16529256105422974 -0.24216274917125702 0
          -0.20090162754058838 -0.3014873266220093 0 -0.24255035817623138 -0.368933767080307 0
          -0.2899690866470337 -0.44417035579681396 0 -0.3415238559246063 -0.5259904265403748 0
          -0.3938710689544678 -0.6122265458106995 0 -0.4423868656158447 -0.7006601691246033 0
          -0.48175618052482605 -0.7887963652610779 0 -0.5064811706542969 -0.8757291436195374 0
          -0.509222686290741 -0.9587469696998596 0 -0.48046064376831055 -1.0323233604431152 0
          -0.4129737913608551 -1.0962492227554321 0 -0.3036990761756897 -1.1667336225509644 0
          -0.12315282225608826 -1.1162210702896118 0 0.10247371345758438 -1.0364364385604858 0
          0.3868051767349243 -0.9866974353790283 0 0.8940467834472656 -1.0864735841751099 0
          1.3781863451004028 -1.3360447883605957 0 1.5823434591293335 -1.5101555585861206 0
          1.6610366106033325 -1.6108733415603638 0 1.6879932880401611 -1.6772568225860596 0
          1.677901268005371 -1.7162624597549438 0 1.638742446899414 -1.7316714525222778 0
          1.576646089553833 -1.725351333618164 0 1.4964361190795898 -1.700761079788208 0
          1.402202844619751 -1.6605191230773926 0 1.2967631816864014 -1.6044107675552368 0
          1.1809464693069458 -1.5306272506713867 0 1.0525493621826172 -1.4322015047073364 0
          0.9110103845596313 -1.2791707515716553 0 0.7936533689498901 -1.034328579902649 0
          0.7165766954421997 -1.022768497467041 0 0.6801025867462158 -0.9590261578559875 0
          0.0002127321349689737 0.00024252630828414112 0 3.478574719939509e-11 4.156425897905436e-11 0
          1.7863586382496095e-23 2.3327203879898804e-23 0 0 0 0
          0 0 0 0 0 0
          0 0 0 0 0 0
          0 0 0 0 0 0
          0 0 0 0 0 0
          0 0 0 0 0 0
          0 0 0 0 0 0
          0 0 0 0 0 0
          0 0 0 0 0 0
          0 0 0 0 0 0
          0 0 0 0 0 0
          0 0 0 0 0 0
          0 0 0 0 0 0
          0 0 0 0 0 0
          -0.026576533913612366 -0.017495274543762207 0 -0.028521917760372162 -0.03616061061620712 0
          -0.0324542336165905 -0.057182542979717255 0 -0.03849872946739197 -0.08178789913654327 0
          -0.04684861749410629 -0.11125638335943222 0 -0.05775844678282738 -0.14690297842025757 0
          -0.07155121862888336 -0.19001427292823792 0 -0.08866798877716064 -0.24178384244441986 0
          -0.10975288599729538 -0.30333197116851807 0 -0.1356380581855774 -0.3755553066730499 0
          -0.16705700755119324 -0.45869603753089905 0 -0.20389620959758759 -0.5519210696220398 0
          -0.24425174295902252 -0.6533552408218384 0 -0.2845456898212433 -0.7610663175582886 0
          -0.3199680745601654 -0.8714014291763306 0 -0.3460485339164734 -0.9818585515022278 0
          -0.3565390706062317 -1.0889726877212524 0 -0.344333291053772 -1.186066746711731 0
          -0.3025129735469818 -1.2639214992523193 0 -0.22439824044704437 -1.3176288604736328 0
          -0.10656330734491348 -1.326660394668579 0 0.04276742786169052 -1.2868494987487793 0
          0.21424098312854767 -1.1854585409164429 0 0.41043412685394287 -1.2517091035842896 0
          1.090461254119873 -1.6051867008209229 0 1.6064167022705078 -1.8357616662979126 0
          1.698499321937561 -1.914096713066101 0 1.6956710815429688 -1.949042558670044 0
          1.663962960243225 -1.9590691328048706 0 1.610779047012329 -1.9510829448699951 0
          1.5407743453979492 -1.9272468090057373 0 1.457580804824829 -1.8887253999710083 0
          1.3637579679489136 -1.8358107805252075 0 1.2604986429214478 -1.7673007249832153 0
          1.1471468210220337 -1.6808555126190186 0 1.0212000608444214 -1.5695288181304932 0
          0.886538028717041 -1.4081741571426392 0 0.8399888873100281 -1.2203296422958374 0
          0.7782496809959412 -1.1213468313217163 0 0.0004940935759805143 0.0029921489767730236 0
          9.0913770955936e-10 5.982651263281014e-9 0 7.102142366342178e-20 4.824964158561359e-19 0
          2.0339006430596125e-40 1.509410042145941e-39 0 0 0 0
          0 0 0 0 0 0
          0 0 0 0 0 0
          0 0 0 0 0 0
          0 0 0 0 0 0
          0 0 0 0 0 0
          0 0 0 0 0 0
          0 0 0 0 0 0
          0 0 0 0 0 0
          0 0 0 0 0 0
          0 0 0 0 0 0
          0 0 0 0 0 0
          0 0 0 0 0 0
          0 0 0 0 0 0
          -0.006727658677846193 -0.01363737415522337 0 -0.0073241423815488815 -0.02823203057050705 0
          -0.008530374616384506 -0.04473363235592842 0 -0.010399063117802143 -0.06413421779870987 0
          -0.013005641289055347 -0.08749192953109741 0 -0.01644907332956791 -0.11595474928617477 0
          -0.020856564864516258 -0.15079644322395325 0 -0.026417875662446022 -0.19347406923770905 0
          -0.03348325192928314 -0.245671346783638 0 -0.04275326058268547 -0.3091570734977722 0
          -0.05537441372871399 -0.3853057324886322 0 -0.07228707522153854 -0.47456297278404236 0
          -0.09273599833250046 -0.5765968561172485 0 -0.11443784832954407 -0.6908702850341797 0
          -0.13526728749275208 -0.8147585988044739 0 -0.15241284668445587 -0.9445038437843323 0
          -0.16286224126815796 -1.0750609636306763 0 -0.16189946234226227 -1.198187232017517 0
          -0.14548251032829285 -1.3029789924621582 0 -0.10995756834745407 -1.377537488937378 0
          -0.05508895963430405 -1.4088358879089355 0 0.010227803140878677 -1.383588194847107 0
          0.07553303241729736 -1.2875515222549438 0 0.11995413154363632 -1.097307801246643 0
          0.119007408618927 -1.386057734489441 0 0.7797757983207703 -1.965533971786499 0
          1.5722346305847168 -2.050182819366455 0 1.6338136196136475 -2.0628087520599365 0
          1.5945664644241333 -2.053692579269409 0 1.5416946411132812 -2.0298006534576416 0
          1.4761879444122314 -1.9929207563400269 0 1.3989818096160889 -1.9429707527160645 0
          1.3106951713562012 -1.879035234451294 0 1.2113739252090454 -1.7993886470794678 0
          1.101328730583191 -1.702533483505249 0 0.9851838946342468 -1.5877796411514282 0
          0.9355884194374084 -1.4953402280807495 0 0.8877425789833069 -1.357426404953003 0
          0.0006331917829811573 0.014931916259229183 0 5.04749397833848e-9 1.4967561412504438e-7 0
          6.314764625040043e-18 2.9208012127043424e-16 0 9.907196823833376e-36 5.374612719573933e-34 0
          0 0 0 0 0 0
          0 0 0 0 0 0
          0 0 0 0 0 0
          0 0 0 0 0 0
          0 0 0 0 0 0
          0 0 0 0 0 0
          0 0 0 0 0 0
          0 0 0 0 0 0
          0 0 0 0 0 0
          0 0 0 0 0 0
          0 0 0 0 0 0
          0 0 0 0 0 0
          0 0 0 0 0 0
          0 0 0 0 0 0
          0 -0.005069737322628498 0 0 -0.01060925330966711 0
          0 -0.017058182507753372 0 0 -0.024883348494768143 0
          0 -0.03458894416689873 0 0 -0.04673389345407486 0
          0 -0.061963483691215515 0 0 -0.08107089251279831 0
          0 -0.10510122776031494 0 0 -0.1354944109916687 0
          0 -0.17417797446250916 0 0 -0.22338265180587769 0
          0 -0.28517481684684753 0 0 -0.36110132932662964 0
          0 -0.45070165395736694 0 0 -0.5509498715400696 0
          0 -0.6581413745880127 0 0 -0.7654684782028198 0
          0 -0.8610522150993347 0 0 -0.9316700100898743 0
          0 -0.9644709229469299 0 0 -0.9531536102294922 0
          0 -0.8990358710289001 0 0 -0.816210150718689 0
          0 -0.7375139594078064 0 0 -1.174502968788147 0
          0 -2.1251723766326904 0 0 -2.106257438659668 0
          0 -2.026472806930542 0 0 -1.9420664310455322 0
          0 -1.85161292552948 0 0 -1.754751205444336 0
          0 -1.6530952453613281 0 0 -1.5507190227508545 0
          0 -1.4596978425979614 0 0 -1.4549548625946045 0
          0 -1.473968505859375 0 0 0.017032818868756294 0
          0 2.4578540092079493e-7 0 0 7.876662079262593e-16 0
          0 3.8595156630761865e-33 0 0 0 0
          0 0 0 0 0 0
          0 0 0 0 0 0
          0 0 0 0 0 0
          0 0 0 0 0 0
          0 0 0 0 0 0
          0 0 0 0 0 0
          0 0 0 0 0 0
          0 0 0 0 0 0
          0 0 0 0 0 0
          0 0 0 0 0 0
          0 0 0 0 0 0
          0 0 0 0 0 0
          0 0 0 0 0 0
          0 0 0 0 0 0
          <InformationKey name="L2_NORM_RANGE" location="vtkDataArray" length="2">
            <Value index="0">
              0
            </Value>
            <Value index="1">
              3.6525394921
            </Value>
          </InformationKey>
        </DataArray>
        <DataArray type="Float32" Name="Gas_temperature" format="ascii" RangeMin="1070.541015625" RangeMax="1162.7322998046875">
          1073.1500244140625 1073.1500244140625 1073.1500244140625 1073.1502685546875 1085.0152587890625 1074.3065185546875
          1071.994140625 1071.099365234375 1070.696533203125 1070.541015625 1072.490478515625 1072.988525390625
          1073.42919921875 1073.6376953125 1072.843505859375 1072.63818359375 1072.4927978515625 1072.3739013671875
          1072.292724609375 1072.2647705078125 1072.28955078125 1072.3526611328125 1072.4354248046875 1072.5225830078125
          1072.60302734375 1072.6717529296875 1072.727294921875 1072.76904296875 1072.7977294921875 1072.814453125
          1072.822265625 1072.8248291015625 1072.8228759765625 1072.816650390625 1072.8060302734375 1072.7900390625
          1072.765625 1072.7275390625 1072.6864013671875 1072.6666259765625 1072.6630859375 1072.665771484375
          1072.9864501953125 1073.1463623046875 1073.1488037109375 1073.14990234375 1073.150634765625 1073.1512451171875
          1073.1513671875 1073.1512451171875 1073.151123046875 1073.15087890625 1073.150634765625 1073.1505126953125
          1073.150390625 1073.1502685546875 1073.1502685546875 1073.150146484375 1073.150146484375 1073.150146484375
          1073.150146484375 1073.1500244140625 1073.1500244140625 1073.1500244140625 1073.1500244140625 1073.1500244140625
          1073.1500244140625 1073.1500244140625 1073.1500244140625 1073.1500244140625 1073.1500244140625 1073.1500244140625
          1073.1500244140625 1073.150146484375 1087.805908203125 1074.097900390625 1073.9376220703125 1073.407958984375
          1073.2974853515625 1073.27978515625 1073.2755126953125 1073.3203125 1073.4915771484375 1073.3907470703125
          1073.389892578125 1093.689697265625 1076.2972412109375 1073.72314453125 1073.18359375 1073.08544921875
          1073.084716796875 1073.1168212890625 1073.1539306640625 1073.1754150390625 1073.1842041015625 1073.18505859375
          1073.18115234375 1073.1729736328125 1073.15966796875 1073.1387939453125 1073.10595703125 1073.0572509765625
          1072.99755859375 1072.93212890625 1072.8641357421875 1072.79541015625 1072.732177734375 1072.6900634765625
          1072.6708984375 1072.6651611328125 1072.6649169921875 1072.7091064453125 1072.9462890625 1073.059326171875
          1073.097412109375 1073.1195068359375 1073.1346435546875 1073.1436767578125 1073.1484375 1073.1505126953125
          1073.1510009765625 1073.15087890625 1073.150634765625 1073.1505126953125 1073.150390625 1073.1502685546875
          1073.150146484375 1073.150146484375 1073.1500244140625 1073.1500244140625 1073.1500244140625 1073.1500244140625
          1073.14990234375 1073.14990234375 1073.14990234375 1073.1497802734375 1073.1497802734375 1073.1497802734375
          1073.14990234375 1073.14990234375 1073.1500244140625 1073.1500244140625 1073.1500244140625 1073.1500244140625
          1073.16796875 1087.6514892578125 1073.6031494140625 1073.163818359375 1073.159912109375 1073.1595458984375
          1073.15966796875 1073.1614990234375 1073.17041015625 1073.1923828125 1073.193603515625 1073.2392578125
          1073.8800048828125 1074.72314453125 1074.010498046875 1073.22998046875 1073.211669921875 1073.2193603515625
          1073.2275390625 1073.23193359375 1073.2266845703125 1073.21435546875 1073.1971435546875 1073.17529296875
          1073.14794921875 1073.112060546875 1073.063720703125 1073.000244140625 1072.924072265625 1072.84375
          1072.7733154296875 1072.7188720703125 1072.687744140625 1072.6744384765625 1072.667236328125 1072.6656494140625
          1072.6715087890625 1072.7806396484375 1072.9251708984375 1072.994873046875 1073.0362548828125 1073.0718994140625
          1073.1038818359375 1073.1285400390625 1073.143310546875 1073.1492919921875 1073.1507568359375 1073.150634765625
          1073.1505126953125 1073.1502685546875 1073.1502685546875 1073.150146484375 1073.1500244140625 1073.14990234375
          1073.14990234375 1073.1497802734375 1073.1495361328125 1073.1494140625 1073.149169921875 1073.14892578125
          1073.1488037109375 1073.148681640625 1073.148681640625 1073.148681640625 1073.1488037109375 1073.1490478515625
          1073.1500244140625 1073.1500244140625 1073.1500244140625 1073.1500244140625 1073.150146484375 1073.1507568359375
          1073.1514892578125 1073.15234375 1073.1529541015625 1073.1533203125 1073.154541015625 1073.158935546875
          1073.17041015625 1073.193359375 1073.2303466796875 1162.7322998046875 1078.5657958984375 1073.314453125
          1073.283203125 1073.333251953125 1073.298583984375 1073.26611328125 1073.24169921875 1073.22216796875
          1073.2041015625 1073.185302734375 1073.1624755859375 1073.13232421875 1073.0899658203125 1073.0284423828125
          1072.9423828125 1072.8699951171875 1072.8087158203125 1072.75927734375 1072.721435546875 1072.6934814453125
          1072.6763916015625 1072.67041015625 1072.666748046875 1072.667236328125 1072.728271484375 1072.854736328125
          1072.948486328125 1073.01611328125 1073.0716552734375 1073.1104736328125 1073.1317138671875 1073.1427001953125
          1073.1480712890625 1073.1502685546875 1073.150634765625 1073.1505126953125 1073.1502685546875 1073.150146484375
          1073.1500244140625 1073.1497802734375 1073.149658203125 1073.1492919921875 1073.14892578125 1073.1484375
          1073.1478271484375 1073.1470947265625 1073.146240234375 1073.1453857421875 1073.1446533203125 1073.1441650390625
          1073.14404296875 1073.1441650390625 1073.14453125 1073.1451416015625 1073.1500244140625 1073.1500244140625
          1073.1500244140625 1073.1500244140625 1073.1500244140625 1073.150146484375 1073.150390625 1073.1505126953125
          1073.1507568359375 1073.1517333984375 1073.1553955078125 1073.16650390625 1073.1927490234375 1073.2418212890625
          1109.90380859375 1080.4200439453125 1073.2568359375 1073.129150390625 1073.0579833984375 1073.0609130859375
          1073.1204833984375 1073.149658203125 1073.1639404296875 1073.16455078125 1073.149169921875 1073.128173828125
          1073.0933837890625 1073.040771484375 1072.975830078125 1072.90673828125 1072.842041015625 1072.793212890625
          1072.754638671875 1072.7242431640625 1072.7005615234375 1072.6824951171875 1072.67138671875 1072.66845703125
          1072.6693115234375 1072.7242431640625 1072.869140625 1072.9874267578125 1073.06689453125 1073.1097412109375
          1073.129638671875 1073.1397705078125 1073.1453857421875 1073.1483154296875 1073.14990234375 1073.150390625
          1073.1505126953125 1073.1502685546875 1073.150146484375 1073.14990234375 1073.149658203125 1073.149169921875
          1073.1485595703125 1073.147705078125 1073.146484375 1073.1448974609375 1073.1429443359375 1073.1405029296875
          1073.137939453125 1073.135498046875 1073.13330078125 1073.1317138671875 1073.130859375 1073.1307373046875
          1073.1314697265625 1073.133056640625 1073.1500244140625 1073.1500244140625 1073.1500244140625 1073.1500244140625
          1073.1500244140625 1073.1500244140625 1073.1500244140625 1073.1500244140625 1073.1505126953125 1073.152587890625
          1073.16015625 1073.1817626953125 1073.2288818359375 1098.8349609375 1081.06591796875 1073.17578125
          1073.0303955078125 1072.984619140625 1072.9730224609375 1072.9849853515625 1073.02490234375 1073.0740966796875
          1073.0943603515625 1073.0968017578125 1073.0831298828125 1073.0499267578125 1072.9986572265625 1072.9390869140625
          1072.8807373046875 1072.8291015625 1072.7864990234375 1072.7537841796875 1072.7276611328125 1072.70654296875
          1072.689453125 1072.6761474609375 1072.6680908203125 1072.6754150390625 1072.7303466796875 1072.8671875
          1072.9945068359375 1073.072265625 1073.1151123046875 1073.1348876953125 1073.1431884765625 1073.14697265625
          1073.1488037109375 1073.1497802734375 1073.1502685546875 1073.150390625 1073.1502685546875 1073.150146484375
          1073.1497802734375 1073.1494140625 1073.1488037109375 1073.14794921875 1073.146728515625 1073.144775390625
          1073.14208984375 1073.138427734375 1073.1336669921875 1073.1278076171875 1073.1214599609375 1073.115234375
          1073.10986328125 1073.10546875 1073.1025390625 1073.101318359375 1073.1019287109375 1073.104248046875
          1073.1500244140625 1073.1500244140625 1073.1500244140625 1073.1500244140625 1073.1500244140625 1073.1500244140625
          1073.1500244140625 1073.150146484375 1073.1507568359375 1073.154052734375 1073.165771484375 1073.1983642578125
          1073.267822265625 1096.8759765625 1074.7071533203125 1073.057861328125 1072.984130859375 1072.9515380859375
          1072.9432373046875 1072.9566650390625 1072.9832763671875 1073.0118408203125 1073.0277099609375 1073.0302734375
          1073.01220703125 1072.96826171875 1072.914794921875 1072.864501953125 1072.82080078125 1072.784423828125
          1072.7548828125 1072.731201171875 1072.7117919921875 1072.6956787109375 1072.68212890625 1072.6708984375
          1072.6632080078125 1072.6903076171875 1072.7747802734375 1072.869873046875 1072.9464111328125 1073.0042724609375
          1073.0478515625 1073.0802001953125 1073.103759765625 1073.1204833984375 1073.1317138671875 1073.138916015625
          1073.1431884765625 1073.145751953125 1073.147216796875 1073.14794921875 1073.1480712890625 1073.14794921875
          1073.147216796875 1073.14599609375 1073.1439208984375 1073.1407470703125 1073.1358642578125 1073.1285400390625
          1073.118408203125 1073.105224609375 1073.0911865234375 1073.078125 1073.0667724609375 1073.0576171875
          1073.0511474609375 1073.04736328125 1073.046630859375 1073.049072265625 1073.1500244140625 1073.1500244140625
          1073.1500244140625 1073.1500244140625 1073.1500244140625 1073.1500244140625 1073.1500244140625 1073.150146484375
          1073.150634765625 1073.1536865234375 1073.165283203125 1073.1990966796875 1073.27490234375 1102.16748046875
          1073.49951171875 1073.070556640625 1072.9820556640625 1072.9351806640625 1072.912109375 1072.909423828125
          1072.9219970703125 1072.9410400390625 1072.9549560546875 1072.9593505859375 1072.9443359375 1072.90087890625
          1072.8548583984375 1072.816162109375 1072.7838134765625 1072.757080078125 1072.7349853515625 1072.7166748046875
          1072.701416015625 1072.6883544921875 1072.677001953125 1072.6666259765625 1072.6580810546875 1072.6656494140625
          1072.6929931640625 1072.7222900390625 1072.74853515625 1072.7716064453125 1072.7926025390625 1072.8118896484375
          1072.8304443359375 1072.8494873046875 1072.8702392578125 1072.8941650390625 1072.92138671875 1072.95068359375
          1072.9803466796875 1073.00830078125 1073.033203125 1073.05419921875 1073.071044921875 1073.0836181640625
          1073.091796875 1073.0950927734375 1073.0924072265625 1073.08154296875 1073.0609130859375 1073.037109375
          1073.01416015625 1072.9940185546875 1072.977783203125 1072.965576171875 1072.9573974609375 1072.9532470703125
          1072.952880859375 1072.956298828125 1073.1500244140625 1073.1500244140625 1073.1500244140625 1073.1500244140625
          1073.1500244140625 1073.1500244140625 1073.1500244140625 1073.1500244140625 1073.150146484375 1073.1510009765625
          1073.155517578125 1073.1734619140625 1073.224853515625 1084.341064453125 1075.2562255859375 1074.1619873046875
          1073.0438232421875 1072.9625244140625 1072.9119873046875 1072.8800048828125 1072.8648681640625 1072.8648681640625
          1072.872314453125 1072.8763427734375 1072.8736572265625 1072.845703125 1072.8138427734375 1072.784423828125
          1072.759765625 1072.7392578125 1072.721923828125 1072.70751953125 1072.695556640625 1072.685791015625
          1072.6781005859375 1072.672119140625 1072.6676025390625 1072.6650390625 1072.66455078125 1072.6666259765625
          1072.6690673828125 1072.6715087890625 1072.673828125 1072.676025390625 1072.67822265625 1072.679931640625
          1072.681396484375 1072.6822509765625 1072.683349609375 1072.68505859375 1072.6878662109375 1072.6922607421875
          1072.6988525390625 1072.7076416015625 1072.7183837890625 1072.7301025390625 1072.7415771484375 1072.7508544921875
          1072.7557373046875 1072.7562255859375 1072.7567138671875 1072.758056640625 1072.7603759765625 1072.7637939453125
          1072.768310546875 1072.7742919921875 1072.7818603515625 1072.7908935546875 1072.8013916015625 1072.8134765625
          1073.1500244140625 1073.1500244140625 1073.1500244140625 1073.1500244140625 1073.1500244140625 1073.1500244140625
          1073.1500244140625 1073.1500244140625 1073.1500244140625 1073.1500244140625 1073.150146484375 1073.152099609375
          1073.1663818359375 1073.24755859375 1084.653564453125 1078.3197021484375 1074.656982421875 1073.14892578125
          1073.0670166015625 1073.0113525390625 1072.9578857421875 1072.906494140625 1072.8631591796875 1072.8291015625
          1072.8009033203125 1072.7825927734375 1072.7659912109375 1072.750732421875 1072.7344970703125 1072.720458984375
          1072.70849609375 1072.69873046875 1072.6912841796875 1072.6861572265625 1072.6829833984375 1072.6810302734375
          1072.6795654296875 1072.6783447265625 1072.67724609375 1072.6763916015625 1072.6763916015625 1072.6763916015625
          1072.676513671875 1072.6767578125 1072.677001953125 1072.6773681640625 1072.6778564453125 1072.6783447265625
          1072.6790771484375 1072.6798095703125 1072.6806640625 1072.681640625 1072.6827392578125 1072.683837890625
          1072.6851806640625 1072.6866455078125 1072.688232421875 1072.6898193359375 1072.69140625 1072.6932373046875
          1072.6951904296875 1072.6973876953125 1072.69970703125 1072.7025146484375 1072.7054443359375 1072.7088623046875
          1072.712646484375 1072.717041015625 1072.7220458984375 1072.7279052734375
        </DataArray>
        <DataArray type="Float32" Name="Solids_temperature_1" format="ascii" RangeMin="870.0553588867188" RangeMax="1074.7506103515625">
          1073.1500244140625 1073.1500244140625 1073.1500244140625 1073.1502685546875 1073.687255859375 875.3656005859375
          870.0553588867188 896.9566040039062 909.1985473632812 919.4569091796875 1036.2154541015625 1063.677978515625
          1070.4840087890625 1072.2076416015625 1072.5625 1072.5628662109375 1072.468994140625 1072.365966796875
          1072.2911376953125 1072.26416015625 1072.2869873046875 1072.346923828125 1072.4267578125 1072.5113525390625
          1072.5906982421875 1072.6597900390625 1072.716552734375 1072.760498046875 1072.7913818359375 1072.8106689453125
          1072.820556640625 1072.82421875 1072.82275390625 1072.8167724609375 1072.80615234375 1072.7899169921875
          1072.765380859375 1072.727783203125 1072.6875 1072.667236328125 1072.663330078125 1072.6685791015625
          1072.747802734375 1073.1463623046875 1073.1500244140625 1073.1500244140625 1073.1500244140625 1073.1500244140625
          1073.1500244140625 1073.1500244140625 1073.1500244140625 1073.1500244140625 1073.1500244140625 1073.1500244140625
          1073.1500244140625 1073.1500244140625 1073.1500244140625 1073.1500244140625 1073.1500244140625 1073.1500244140625
          1073.1500244140625 1073.1500244140625 1073.1500244140625 1073.1500244140625 1073.1500244140625 1073.1500244140625
          1073.1500244140625 1073.1500244140625 1073.1500244140625 1073.1500244140625 1073.1500244140625 1073.1500244140625
          1073.1500244140625 1073.1500244140625 1073.2200927734375 1073.946533203125 875.3656616210938 901.1502075195312
          913.0869140625 923.1896362304688 1036.347412109375 1063.6865234375 1070.4859619140625 1072.208251953125
          1072.5626220703125 1073.9444580078125 1073.6939697265625 1073.260498046875 1073.0745849609375 1073.0155029296875
          1073.01806640625 1073.0521240234375 1073.097900390625 1073.140380859375 1073.136474609375 1072.9951171875
          1072.8902587890625 1072.88623046875 1072.92431640625 1073.02783203125 1073.078369140625 1073.0400390625
          1072.9854736328125 1072.9249267578125 1072.8609619140625 1072.7950439453125 1072.7332763671875 1072.6910400390625
          1072.6712646484375 1072.6654052734375 1072.665283203125 1072.7100830078125 1072.7625732421875 1073.0604248046875
          1073.1500244140625 1073.1500244140625 1073.1500244140625 1073.1500244140625 1073.1500244140625 1073.1500244140625
          1073.1500244140625 1073.1500244140625 1073.1500244140625 1073.1500244140625 1073.1500244140625 1073.1500244140625
          1073.1500244140625 1073.1500244140625 1073.1500244140625 1073.1500244140625 1073.1500244140625 1073.1500244140625
          1073.1500244140625 1073.1500244140625 1073.1500244140625 1073.1500244140625 1073.1500244140625 1073.1500244140625
          1073.1500244140625 1073.1500244140625 1073.1500244140625 1073.1500244140625 1073.1500244140625 1073.1500244140625
          1073.1717529296875 1073.4990234375 1073.30810546875 1073.163330078125 1073.158935546875 1073.158203125
          1073.1578369140625 1073.1593017578125 1073.1678466796875 1073.189697265625 1073.19091796875 1074.7506103515625
          1073.6929931640625 1073.250732421875 1073.1558837890625 1073.0428466796875 1073.06201171875 1073.0938720703125
          1073.12744140625 1073.15478515625 1073.1502685546875 1073.21435546875 1073.1689453125 1073.1446533203125
          1073.1129150390625 1073.10400390625 1073.05859375 1072.99658203125 1072.922607421875 1072.8443603515625
          1072.77490234375 1072.720703125 1072.6881103515625 1072.6746826171875 1072.66748046875 1072.6658935546875
          1072.6746826171875 1072.7100830078125 1072.9254150390625 1073.1497802734375 1073.1500244140625 1073.1500244140625
          1073.1500244140625 1073.1500244140625 1073.1500244140625 1073.1500244140625 1073.1500244140625 1073.1500244140625
          1073.1500244140625 1073.1500244140625 1073.1500244140625 1073.1500244140625 1073.1500244140625 1073.1500244140625
          1073.1500244140625 1073.1500244140625 1073.1500244140625 1073.1500244140625 1073.1500244140625 1073.1500244140625
          1073.1500244140625 1073.1500244140625 1073.1500244140625 1073.1500244140625 1073.1500244140625 1073.1500244140625
          1073.1500244140625 1073.1500244140625 1073.1500244140625 1073.1500244140625 1073.1500244140625 1073.1507568359375
          1073.1513671875 1073.152099609375 1073.1522216796875 1073.1522216796875 1073.1531982421875 1073.1572265625
          1073.168701171875 1073.191650390625 1073.2291259765625 1073.3646240234375 1073.27685546875 1073.2401123046875
          1073.2257080078125 1073.185302734375 1073.1439208984375 1073.1759033203125 1073.1846923828125 1073.1832275390625
          1073.1702880859375 1073.1539306640625 1073.158203125 1073.1278076171875 1073.085693359375 1073.0250244140625
          1072.94287109375 1072.8690185546875 1072.8087158203125 1072.7596435546875 1072.7216796875 1072.6934814453125
          1072.6763916015625 1072.67041015625 1072.6668701171875 1072.6688232421875 1072.685302734375 1072.8548583984375
          1073.1488037109375 1073.1500244140625 1073.1500244140625 1073.1500244140625 1073.1500244140625 1073.1500244140625
          1073.1500244140625 1073.1500244140625 1073.1500244140625 1073.1500244140625 1073.1500244140625 1073.1500244140625
          1073.1500244140625 1073.1500244140625 1073.1500244140625 1073.1500244140625 1073.1500244140625 1073.1500244140625
          1073.1500244140625 1073.1500244140625 1073.1500244140625 1073.1500244140625 1073.1500244140625 1073.1500244140625
          1073.1500244140625 1073.1500244140625 1073.1500244140625 1073.1500244140625 1073.1500244140625 1073.1500244140625
          1073.1500244140625 1073.1500244140625 1073.1500244140625 1073.1500244140625 1073.150390625 1073.150390625
          1073.1505126953125 1073.1513671875 1073.15478515625 1073.165771484375 1073.192138671875 1073.241455078125
          1073.68359375 1073.400146484375 1073.1978759765625 1073.120849609375 1073.054931640625 1073.0577392578125
          1073.1177978515625 1073.146484375 1073.160888671875 1073.16162109375 1073.145751953125 1073.1234130859375
          1073.0877685546875 1073.0338134765625 1072.96923828125 1072.902099609375 1072.840087890625 1072.79248046875
          1072.75439453125 1072.72412109375 1072.7003173828125 1072.682373046875 1072.6712646484375 1072.668701171875
          1072.6705322265625 1072.6822509765625 1072.869140625 1073.1490478515625 1073.1500244140625 1073.1500244140625
          1073.1500244140625 1073.1500244140625 1073.1500244140625 1073.1500244140625 1073.1500244140625 1073.1500244140625
          1073.1500244140625 1073.1500244140625 1073.1500244140625 1073.1500244140625 1073.1500244140625 1073.1500244140625
          1073.1500244140625 1073.1500244140625 1073.1500244140625 1073.1500244140625 1073.1500244140625 1073.1500244140625
          1073.1500244140625 1073.1500244140625 1073.1500244140625 1073.1500244140625 1073.1500244140625 1073.1500244140625
          1073.1500244140625 1073.1500244140625 1073.1500244140625 1073.1500244140625 1073.1500244140625 1073.1500244140625
          1073.1500244140625 1073.1500244140625 1073.1500244140625 1073.1500244140625 1073.150390625 1073.15234375
          1073.159912109375 1073.1815185546875 1073.228759765625 1073.6910400390625 1073.448974609375 1073.134521484375
          1073.028564453125 1072.984130859375 1072.9725341796875 1072.98388671875 1073.0220947265625 1073.072021484375
          1073.09228515625 1073.09423828125 1073.0787353515625 1073.042724609375 1072.9903564453125 1072.93212890625
          1072.8760986328125 1072.8265380859375 1072.7852783203125 1072.753173828125 1072.727294921875 1072.7061767578125
          1072.689208984375 1072.6759033203125 1072.6683349609375 1072.6741943359375 1072.68408203125 1072.8673095703125
          1073.1490478515625 1073.1500244140625 1073.1500244140625 1073.1500244140625 1073.1500244140625 1073.1500244140625
          1073.1500244140625 1073.1500244140625 1073.1500244140625 1073.1500244140625 1073.1500244140625 1073.1500244140625
          1073.1500244140625 1073.1500244140625 1073.1500244140625 1073.1500244140625 1073.1500244140625 1073.1500244140625
          1073.1500244140625 1073.1500244140625 1073.1500244140625 1073.1500244140625 1073.1500244140625 1073.1500244140625
          1073.1500244140625 1073.1500244140625 1073.1500244140625 1073.1500244140625 1073.1500244140625 1073.1500244140625
          1073.1500244140625 1073.1500244140625 1073.1500244140625 1073.1500244140625 1073.1500244140625 1073.1500244140625
          1073.1500244140625 1073.1500244140625 1073.1500244140625 1073.15380859375 1073.1656494140625 1073.1981201171875
          1073.267578125 1073.36328125 1073.2645263671875 1073.0545654296875 1072.9835205078125 1072.951416015625
          1072.94287109375 1072.95556640625 1072.9818115234375 1073.0107421875 1073.0263671875 1073.0279541015625
          1073.0074462890625 1072.96142578125 1072.9088134765625 1072.8603515625 1072.818359375 1072.7830810546875
          1072.7540283203125 1072.730712890625 1072.71142578125 1072.6951904296875 1072.6817626953125 1072.670654296875
          1072.66357421875 1072.672607421875 1072.7747802734375 1073.1458740234375 1073.1500244140625 1073.1500244140625
          1073.1500244140625 1073.1500244140625 1073.1500244140625 1073.1500244140625 1073.1500244140625 1073.1500244140625
          1073.1500244140625 1073.1500244140625 1073.1500244140625 1073.1500244140625 1073.1500244140625 1073.1500244140625
          1073.1500244140625 1073.1500244140625 1073.1500244140625 1073.1500244140625 1073.1500244140625 1073.1500244140625
          1073.1500244140625 1073.1500244140625 1073.1500244140625 1073.1500244140625 1073.1500244140625 1073.1500244140625
          1073.1500244140625 1073.1500244140625 1073.1500244140625 1073.1500244140625 1073.1500244140625 1073.1500244140625
          1073.1500244140625 1073.1500244140625 1073.1500244140625 1073.1500244140625 1073.1500244140625 1073.1500244140625
          1073.1500244140625 1073.15283203125 1073.1649169921875 1073.1988525390625 1073.2744140625 1073.36962890625
          1073.2183837890625 1073.0623779296875 1072.980712890625 1072.9349365234375 1072.912109375 1072.9090576171875
          1072.9212646484375 1072.940185546875 1072.9537353515625 1072.9573974609375 1072.9410400390625 1072.896240234375
          1072.8514404296875 1072.81396484375 1072.7825927734375 1072.75634765625 1072.7344970703125 1072.7164306640625
          1072.7010498046875 1072.68798828125 1072.6766357421875 1072.6663818359375 1072.6580810546875 1072.660888671875
          1072.693115234375 1072.7222900390625 1072.7481689453125 1072.7716064453125 1072.791748046875 1072.810546875
          1072.8287353515625 1073.1148681640625 1073.12744140625 1072.9307861328125 1073.1444091796875 1073.1473388671875
          1072.984619140625 1073.018310546875 1073.03466796875 1073.1484375 1073.1468505859375 1073.1453857421875
          1073.143798828125 1073.1007080078125 1073.0919189453125 1073.079833984375 1073.059326171875 1073.036376953125
          1073.019287109375 1073.0096435546875 1073.016357421875 1073.0321044921875 1073.0640869140625 1073.124755859375
          1073.1402587890625 1073.1463623046875 1073.1500244140625 1073.1500244140625 1073.1500244140625 1073.1500244140625
          1073.1500244140625 1073.1500244140625 1073.1500244140625 1073.1500244140625 1073.1500244140625 1073.1500244140625
          1073.1502685546875 1073.172607421875 1073.22412109375 1073.2642822265625 1073.404541015625 1073.2000732421875
          1073.03466796875 1072.95947265625 1072.91064453125 1072.879638671875 1072.86474609375 1072.864501953125
          1072.8712158203125 1072.874755859375 1072.8719482421875 1072.8433837890625 1072.812255859375 1072.783447265625
          1072.75927734375 1072.739013671875 1072.721923828125 1072.7076416015625 1072.6956787109375 1072.6854248046875
          1072.6778564453125 1072.6746826171875 1072.6688232421875 1072.66748046875 1072.67041015625 1072.666748046875
          1072.6690673828125 1072.6715087890625 1072.673828125 1072.6761474609375 1072.67822265625 1072.679931640625
          1072.681396484375 1072.6822509765625 1072.683349609375 1072.68505859375 1072.6878662109375 1072.6923828125
          1072.6988525390625 1072.7076416015625 1072.7183837890625 1072.7301025390625 1072.7415771484375 1072.7508544921875
          1072.7557373046875 1072.75634765625 1072.7567138671875 1072.758056640625 1072.7603759765625 1072.7637939453125
          1072.7274169921875 1072.7318115234375 1072.7369384765625 1072.7427978515625 1072.7489013671875 1072.755126953125
          1073.1500244140625 1073.1500244140625 1073.1500244140625 1073.1500244140625 1073.1500244140625 1073.1500244140625
          1073.1500244140625 1073.1500244140625 1073.1500244140625 1073.1500244140625 1073.1500244140625 1073.1500244140625
          1073.1500244140625 1073.1500244140625 1073.4046630859375 1073.2088623046875 1073.2088623046875 1073.14111328125
          1073.06396484375 1073.0093994140625 1072.9566650390625 1072.9058837890625 1072.86279296875 1072.82861328125
          1072.8001708984375 1072.7818603515625 1072.7646484375 1072.7498779296875 1072.734130859375 1072.7205810546875
          1072.708984375 1072.698974609375 1072.6920166015625 1072.6871337890625 1072.6839599609375 1072.6820068359375
          1072.6805419921875 1072.679443359375 1072.6776123046875 1072.6768798828125 1072.6763916015625 1072.6763916015625
          1072.676513671875 1072.6767578125 1072.677001953125 1072.6773681640625 1072.6778564453125 1072.6783447265625
          1072.6790771484375 1072.6798095703125 1072.6806640625 1072.681640625 1072.6827392578125 1072.683837890625
          1072.6851806640625 1072.6866455078125 1072.688232421875 1072.6898193359375 1072.69140625 1072.6932373046875
          1072.6951904296875 1072.6973876953125 1072.6998291015625 1072.705078125 1072.7071533203125 1072.7099609375
          1072.7135009765625 1072.7176513671875 1072.72265625 1072.728515625
        </DataArray>
        <DataArray type="Float32" Name="Solids_temperature_2" format="ascii" RangeMin="1072.2642822265625" RangeMax="1074.2694091796875">
          1073.1500244140625 1073.1500244140625 1073.1500244140625 1073.1502685546875 1074.2694091796875 1074.1669921875
          1073.54931640625 1073.15673828125 1072.9130859375 1072.750732421875 1072.78271484375 1072.8143310546875
          1072.826416015625 1072.8096923828125 1072.74609375 1072.6258544921875 1072.4901123046875 1072.372314453125
          1072.2918701171875 1072.2642822265625 1072.289794921875 1072.3533935546875 1072.4364013671875 1072.523681640625
          1072.60400390625 1072.672607421875 1072.7279052734375 1072.76953125 1072.7979736328125 1072.8145751953125
          1072.8223876953125 1072.8248291015625 1072.8228759765625 1072.816650390625 1072.8060302734375 1072.7900390625
          1072.7657470703125 1072.7275390625 1072.686279296875 1072.6666259765625 1072.6632080078125 1072.66552734375
          1072.6724853515625 1073.1500244140625 1073.1500244140625 1073.1500244140625 1073.1500244140625 1073.1500244140625
          1073.1500244140625 1073.1500244140625 1073.1500244140625 1073.1500244140625 1073.1500244140625 1073.1500244140625
          1073.1500244140625 1073.1500244140625 1073.1500244140625 1073.1500244140625 1073.1500244140625 1073.1500244140625
          1073.1500244140625 1073.1500244140625 1073.1500244140625 1073.1500244140625 1073.1500244140625 1073.1500244140625
          1073.1500244140625 1073.1500244140625 1073.1500244140625 1073.1500244140625 1073.1500244140625 1073.1500244140625
          1073.1500244140625 1073.150146484375 1074.0040283203125 1074.097412109375 1073.63916015625 1073.3841552734375
          1073.2894287109375 1073.242431640625 1073.211669921875 1073.1964111328125 1073.196044921875 1073.2322998046875
          1073.333251953125 1073.4027099609375 1073.3260498046875 1073.20166015625 1073.1104736328125 1073.0748291015625
          1073.0848388671875 1073.1212158203125 1073.15966796875 1073.1795654296875 1073.1866455078125 1073.186279296875
          1073.1815185546875 1073.1728515625 1073.1593017578125 1073.1385498046875 1073.1055908203125 1073.0567626953125
          1072.9969482421875 1072.931396484375 1072.8634033203125 1072.794921875 1072.7318115234375 1072.68994140625
          1072.6708984375 1072.665283203125 1072.6651611328125 1072.67431640625 1072.677734375 1073.1500244140625
          1073.1500244140625 1073.1500244140625 1073.1500244140625 1073.1500244140625 1073.1500244140625 1073.1500244140625
          1073.1500244140625 1073.1500244140625 1073.1500244140625 1073.1500244140625 1073.1500244140625 1073.1500244140625
          1073.1500244140625 1073.1500244140625 1073.1500244140625 1073.1500244140625 1073.1500244140625 1073.1500244140625
          1073.1500244140625 1073.1500244140625 1073.1500244140625 1073.1500244140625 1073.1500244140625 1073.1500244140625
          1073.1500244140625 1073.1500244140625 1073.1500244140625 1073.1500244140625 1073.1500244140625 1073.1500244140625
          1073.1678466796875 1074.2001953125 1073.32763671875 1073.1630859375 1073.1588134765625 1073.1580810546875
          1073.1578369140625 1073.1591796875 1073.167724609375 1073.189697265625 1073.19091796875 1073.2186279296875
          1073.3167724609375 1073.222900390625 1073.213134765625 1073.2054443359375 1073.21142578125 1073.2196044921875
          1073.227783203125 1073.232177734375 1073.226806640625 1073.2144775390625 1073.1971435546875 1073.1751708984375
          1073.147705078125 1073.1116943359375 1073.063232421875 1072.9996337890625 1072.92333984375 1072.843017578125
          1072.7728271484375 1072.718505859375 1072.6876220703125 1072.674560546875 1072.66748046875 1072.6658935546875
          1072.6689453125 1072.6922607421875 1072.6922607421875 1073.1500244140625 1073.1500244140625 1073.1500244140625
          1073.1500244140625 1073.1500244140625 1073.1500244140625 1073.1500244140625 1073.1500244140625 1073.1500244140625
          1073.1500244140625 1073.1500244140625 1073.1500244140625 1073.1500244140625 1073.1500244140625 1073.1500244140625
          1073.1500244140625 1073.1500244140625 1073.1500244140625 1073.1500244140625 1073.1500244140625 1073.1500244140625
          1073.1500244140625 1073.1500244140625 1073.1500244140625 1073.1500244140625 1073.1500244140625 1073.1500244140625
          1073.1500244140625 1073.1500244140625 1073.1500244140625 1073.1500244140625 1073.150146484375 1073.150634765625
          1073.1513671875 1073.152099609375 1073.1522216796875 1073.1522216796875 1073.153076171875 1073.1572265625
          1073.1685791015625 1073.191650390625 1073.22705078125 1073.267333984375 1073.3065185546875 1073.2802734375
          1073.2833251953125 1073.33349609375 1073.2987060546875 1073.26611328125 1073.24169921875 1073.22216796875
          1073.2041015625 1073.1851806640625 1073.162353515625 1073.1322021484375 1073.0897216796875 1073.0279541015625
          1072.94140625 1072.8690185546875 1072.8079833984375 1072.7587890625 1072.7213134765625 1072.6934814453125
          1072.676513671875 1072.670654296875 1072.6671142578125 1072.6676025390625 1072.67724609375 1072.70361328125
          1073.1500244140625 1073.1500244140625 1073.1500244140625 1073.1500244140625 1073.1500244140625 1073.1500244140625
          1073.1500244140625 1073.1500244140625 1073.1500244140625 1073.1500244140625 1073.1500244140625 1073.1500244140625
          1073.1500244140625 1073.1500244140625 1073.1500244140625 1073.1500244140625 1073.1500244140625 1073.1500244140625
          1073.1500244140625 1073.1500244140625 1073.1500244140625 1073.1500244140625 1073.1500244140625 1073.1500244140625
          1073.1500244140625 1073.1500244140625 1073.1500244140625 1073.1500244140625 1073.1500244140625 1073.1500244140625
          1073.1500244140625 1073.1500244140625 1073.1500244140625 1073.150146484375 1073.150390625 1073.150390625
          1073.1505126953125 1073.1512451171875 1073.15478515625 1073.165771484375 1073.192138671875 1073.2403564453125
          1073.3157958984375 1073.3343505859375 1073.212158203125 1073.129150390625 1073.0579833984375 1073.06103515625
          1073.1204833984375 1073.1497802734375 1073.1640625 1073.16455078125 1073.149169921875 1073.128173828125
          1073.09326171875 1073.0404052734375 1072.975341796875 1072.9061279296875 1072.841552734375 1072.7928466796875
          1072.7545166015625 1072.7242431640625 1072.70068359375 1072.6827392578125 1072.6717529296875 1072.669189453125
          1072.6680908203125 1072.673828125 1072.727783203125 1072.734619140625 1073.1500244140625 1073.1500244140625
          1073.1500244140625 1073.1500244140625 1073.1500244140625 1073.1500244140625 1073.1500244140625 1073.1500244140625
          1073.1500244140625 1073.1500244140625 1073.1500244140625 1073.1500244140625 1073.1500244140625 1073.1500244140625
          1073.1500244140625 1073.1500244140625 1073.1500244140625 1073.1500244140625 1073.1500244140625 1073.1500244140625
          1073.1500244140625 1073.1500244140625 1073.1500244140625 1073.1500244140625 1073.1500244140625 1073.1500244140625
          1073.1500244140625 1073.1500244140625 1073.1500244140625 1073.1500244140625 1073.1500244140625 1073.1500244140625
          1073.1500244140625 1073.1500244140625 1073.1500244140625 1073.1500244140625 1073.1505126953125 1073.1524658203125
          1073.1600341796875 1073.181640625 1073.228759765625 1073.3123779296875 1073.3446044921875 1073.1407470703125
          1073.0303955078125 1072.984619140625 1072.9730224609375 1072.985107421875 1073.0250244140625 1073.07421875
          1073.0943603515625 1073.0968017578125 1073.0831298828125 1073.0499267578125 1072.99853515625 1072.938720703125
          1072.88037109375 1072.828857421875 1072.7862548828125 1072.753662109375 1072.7276611328125 1072.7066650390625
          1072.689697265625 1072.6767578125 1072.6689453125 1072.6695556640625 1072.6739501953125 1072.697265625
          1072.726806640625 1073.149169921875 1073.1500244140625 1073.1500244140625 1073.1500244140625 1073.1500244140625
          1073.1500244140625 1073.1500244140625 1073.1500244140625 1073.1500244140625 1073.1500244140625 1073.1500244140625
          1073.1500244140625 1073.1500244140625 1073.1500244140625 1073.1500244140625 1073.1500244140625 1073.1500244140625
          1073.1500244140625 1073.1500244140625 1073.1500244140625 1073.1500244140625 1073.1500244140625 1073.1500244140625
          1073.1500244140625 1073.1500244140625 1073.1500244140625 1073.1500244140625 1073.1500244140625 1073.1500244140625
          1073.1500244140625 1073.1500244140625 1073.1500244140625 1073.1500244140625 1073.1500244140625 1073.1500244140625
          1073.1500244140625 1073.150146484375 1073.1507568359375 1073.154052734375 1073.165771484375 1073.1983642578125
          1073.2679443359375 1073.384765625 1073.2181396484375 1073.057373046875 1072.984130859375 1072.9515380859375
          1072.9432373046875 1072.9566650390625 1072.9832763671875 1073.011962890625 1073.0277099609375 1073.0302734375
          1073.01220703125 1072.96826171875 1072.9146728515625 1072.8642578125 1072.8206787109375 1072.7843017578125
          1072.7547607421875 1072.731201171875 1072.7119140625 1072.6959228515625 1072.6827392578125 1072.672607421875
          1072.6671142578125 1072.6722412109375 1072.6851806640625 1072.713134765625 1072.95947265625 1073.1500244140625
          1073.1500244140625 1073.1500244140625 1073.1500244140625 1073.1500244140625 1073.1500244140625 1073.1500244140625
          1073.1500244140625 1073.1500244140625 1073.1500244140625 1073.1500244140625 1073.1500244140625 1073.1500244140625
          1073.1500244140625 1073.1500244140625 1073.1500244140625 1073.1500244140625 1073.1500244140625 1073.1500244140625
          1073.1500244140625 1073.1500244140625 1073.1500244140625 1073.1500244140625 1073.1500244140625 1073.1500244140625
          1073.1500244140625 1073.1500244140625 1073.1500244140625 1073.1500244140625 1073.1500244140625 1073.1500244140625
          1073.1500244140625 1073.1500244140625 1073.1500244140625 1073.1500244140625 1073.1500244140625 1073.150146484375
          1073.150634765625 1073.1536865234375 1073.165283203125 1073.19921875 1073.2750244140625 1073.407958984375
          1073.222900390625 1073.06591796875 1072.9820556640625 1072.9351806640625 1072.912109375 1072.9095458984375
          1072.9219970703125 1072.9410400390625 1072.955078125 1072.9593505859375 1072.9443359375 1072.9007568359375
          1072.854736328125 1072.81591796875 1072.78369140625 1072.7568359375 1072.7347412109375 1072.7166748046875
          1072.701416015625 1072.6884765625 1072.677734375 1072.6693115234375 1072.665283203125 1072.6707763671875
          1072.680419921875 1072.72216796875 1073.14990234375 1073.1500244140625 1073.1500244140625 1073.1500244140625
          1073.1500244140625 1073.1500244140625 1073.1500244140625 1073.1500244140625 1073.1500244140625 1073.1500244140625
          1073.1500244140625 1073.1500244140625 1073.1500244140625 1073.1500244140625 1073.1500244140625 1073.1500244140625
          1073.1500244140625 1073.1500244140625 1073.1500244140625 1073.1500244140625 1073.1500244140625 1073.1500244140625
          1073.1500244140625 1073.1500244140625 1073.1500244140625 1073.1500244140625 1073.1500244140625 1073.1500244140625
          1073.1500244140625 1073.1500244140625 1073.1500244140625 1073.1500244140625 1073.1500244140625 1073.1500244140625
          1073.1500244140625 1073.1500244140625 1073.1500244140625 1073.1500244140625 1073.150146484375 1073.1510009765625
          1073.155517578125 1073.1734619140625 1073.224853515625 1073.3385009765625 1073.3773193359375 1073.1685791015625
          1073.040771484375 1072.9625244140625 1072.9119873046875 1072.8800048828125 1072.8648681640625 1072.864990234375
          1072.872314453125 1072.8763427734375 1072.8736572265625 1072.845703125 1072.8135986328125 1072.783935546875
          1072.75927734375 1072.7384033203125 1072.720947265625 1072.706298828125 1072.6937255859375 1072.68310546875
          1072.674072265625 1072.6671142578125 1072.6649169921875 1072.66748046875 1072.6646728515625 1073.1492919921875
          1073.1500244140625 1073.1500244140625 1073.1500244140625 1073.1500244140625 1073.1500244140625 1073.1500244140625
          1073.1500244140625 1073.1500244140625 1073.1500244140625 1073.1500244140625 1073.1500244140625 1073.1500244140625
          1073.1500244140625 1073.1500244140625 1073.1500244140625 1073.1500244140625 1073.1500244140625 1073.1500244140625
          1073.1500244140625 1073.1500244140625 1073.1500244140625 1073.1500244140625 1073.1500244140625 1073.1500244140625
          1073.1500244140625 1073.1500244140625 1073.1500244140625 1073.1500244140625 1073.1500244140625 1073.1500244140625
          1073.1500244140625 1073.1500244140625 1073.1500244140625 1073.1500244140625 1073.1500244140625 1073.1500244140625
          1073.1500244140625 1073.1500244140625 1073.1500244140625 1073.1500244140625 1073.150146484375 1073.152099609375
          1073.1663818359375 1073.2476806640625 1073.6627197265625 1073.4700927734375 1073.314208984375 1073.1484375
          1073.0670166015625 1073.0113525390625 1072.9580078125 1072.9066162109375 1072.8631591796875 1072.8291015625
          1072.8009033203125 1072.7825927734375 1072.7659912109375 1072.7506103515625 1072.734130859375 1072.7196044921875
          1072.7069091796875 1072.6959228515625 1072.6865234375 1072.6783447265625 1072.671630859375 1072.6678466796875
          1072.668701171875 1072.6785888671875 1073.149658203125 1073.1500244140625 1073.1500244140625 1073.1500244140625
          1073.1500244140625 1073.1500244140625 1073.1500244140625 1073.1500244140625 1073.1500244140625 1073.1500244140625
          1073.1500244140625 1073.1500244140625 1073.1500244140625 1073.1500244140625 1073.1500244140625 1073.1500244140625
          1073.1500244140625 1073.1500244140625 1073.1500244140625 1073.1500244140625 1073.1500244140625 1073.1500244140625
          1073.1500244140625 1073.1500244140625 1073.1500244140625 1073.1500244140625 1073.1500244140625 1073.1500244140625
          1073.1500244140625 1073.1500244140625 1073.1500244140625 1073.1500244140625
        </DataArray>
        <DataArray type="Float32" Name="O2_Gas_mass_fractions_1" format="ascii" RangeMin="4.145564794222345e-11" RangeMax="0.2399999499320984">
          0.239999920129776 0.23999841511249542 0.239980548620224 0.2390909194946289 0.002003065077587962 0.00005344895907910541
          5.558219413615006e-7 9.745797058258177e-8 9.788248434006164e-8 9.662260680443069e-8 0.0000016217118172789924 0.000005235336629993981
          0.000012225854334246833 0.000016494086594320834 0.0000019983549464086536 2.4122357444866793e-7 7.789252975953787e-8 6.116925277410701e-8
          8.758755853932598e-8 8.76600694255103e-8 9.08481680994555e-8 9.362039321558768e-8 9.53629211153384e-8 9.641758680345447e-8
          9.716077187249539e-8 9.777254916798483e-8 9.829646074877019e-8 9.872878337091606e-8 9.906521825087111e-8 9.931217448411189e-8
          9.948296053607919e-8 9.959089197764115e-8 9.96425342236762e-8 9.963098790422009e-8 9.95292452898866e-8 9.928564281835861e-8
          9.882165130647991e-8 9.803152067888732e-8 9.672165646179565e-8 9.310296178455246e-8 7.764183607150699e-8 4.7193360330766154e-8
          2.160851586552326e-8 1.186459197555223e-8 9.51461576192969e-9 7.586423933503283e-9 5.79052894522647e-9 4.150041199579846e-9
          2.8936042451022104e-9 2.0840849046521726e-9 1.521809345206293e-9 1.0955287788050327e-9 7.828383496999436e-10 5.624581356222791e-10
          4.109612927738482e-10 3.076071342089648e-10 2.3708951468748296e-10 1.8909583621162795e-10 1.567077301256603e-10 1.3537147791620185e-10
          1.2198693444265274e-10 1.1441695507707905e-10 1.1068492650201378e-10 1.0677975170736431e-10 1.010108593990644e-10 9.255562982701804e-11
          8.138381635269809e-11 6.812767711084078e-11 5.4025756091036214e-11 4.145564794222345e-11 0.239999920129776 0.23999877274036407
          0.23998691141605377 0.2392389476299286 0.002554782200604677 0.004788997117429972 0.00011796561739174649 0.0000066644392973103095
          0.0000019142869405186502 0.00006875762483105063 0.0028085915837436914 0.00934894010424614 0.01902560517191887 0.0286097414791584
          0.020826466381549835 0.0005892596091143787 0.00008520267874700949 0.000010896481398958713 0.000001205611738441803 1.420668240825762e-7
          3.7623831161681665e-8 9.59374517606193e-8 9.057700367520738e-8 9.247006715895623e-8 9.322834415570469e-8 9.300130443534727e-8
          9.236021725200771e-8 9.191074923364795e-8 9.208042683894746e-8 9.29071148902949e-8 9.412286772203515e-8 9.533487599355794e-8
          9.621218310940094e-8 9.660281108381241e-8 9.651660093368264e-8 9.609995998971499e-8 9.559776259493447e-8 9.484554652772204e-8
          9.261849953645651e-8 8.494135528280822e-8 6.689515430480242e-8 4.422327393172054e-8 2.997308357066686e-8 2.7585821626985307e-8
          2.817275657207574e-8 2.5792296298732253e-8 2.061742421233248e-8 1.4885550569943007e-8 9.737520123564991e-9 5.686349169309324e-9
          2.9674869228557554e-9 1.6199143137995975e-9 9.853515781088618e-10 6.740699109997195e-10 5.171218453448034e-10 4.4258061104862634e-10
          4.173793255457525e-10 4.242541595811389e-10 4.5303721885048276e-10 4.97116792175234e-10 5.517315493364094e-10 6.132014895854354e-10
          6.747582492749871e-10 7.136427560006098e-10 7.231019116815673e-10 7.005286351002837e-10 6.472524183287476e-10 5.681067838381182e-10
          4.717953250299445e-10 3.7636713190458693e-10 0.2399999350309372 0.2399989515542984 0.2399912178516388 0.2399090826511383
          0.23133397102355957 0.002574574202299118 0.00005170351141714491 0.01744837500154972 0.03779713809490204 0.06075427308678627
          0.08461560308933258 0.10063750296831131 0.10975667834281921 0.11075061559677124 0.10175859928131104 0.07413113862276077
          0.0174860917031765 0.004231137223541737 0.00002562313420639839 6.969643209231435e-7 1.2218814049447246e-7 7.554535841336474e-8
          8.366571790929811e-8 8.891694847079634e-8 8.935471385029814e-8 8.73855157124126e-8 8.724376243662846e-8 8.90984992452104e-8
          9.144396528881771e-8 9.333235340136525e-8 9.454601723746237e-8 9.514314314174044e-8 9.524568866936534e-8 9.500106301629785e-8
          9.451770921486968e-8 9.384730503825267e-8 9.292737246369143e-8 9.117223243038097e-8 8.650744831584234e-8 7.552861802651023e-8
          5.8811796321833754e-8 4.4109317087759337e-8 3.829579142688999e-8 3.771357981463552e-8 3.6646973455845e-8 3.30860814301559e-8
          2.690631539792321e-8 1.896410495305645e-8 1.1289686518978215e-8 5.772125888370283e-9 2.703577361984344e-9 1.47683565376866e-9
          1.0494941582450679e-9 9.431679881544142e-10 9.918393883978638e-10 1.129661364451806e-9 1.3266062692807168e-9 1.5660331920130943e-9
          1.8353951691807424e-9 2.1236015168568656e-9 2.419862976665854e-9 2.7136992652998515e-9 2.9825237835012786e-9 3.159526862361872e-9
          3.2261939786337734e-9 3.174499996205782e-9 3.0062274891662355e-9 2.7318696194100767e-9 2.3740711618813748e-9 1.9901953418610674e-9
          0.2399999350309372 0.23999907076358795 0.2399929314851761 0.23995618522167206 0.23935088515281677 0.22983823716640472
          0.2232365608215332 0.21213747560977936 0.20129068195819855 0.19140565395355225 0.18048182129859924 0.17109692096710205
          0.1629907786846161 0.15369488298892975 0.12826083600521088 0.05917356535792351 0.00014970597112551332 9.71755412138009e-7
          9.407607137745799e-8 9.890146657198784e-8 8.959649022699523e-8 7.875189567130292e-8 5.8969536809172496e-8 7.930609058348637e-8
          9.304268644427793e-8 9.232273612269637e-8 9.034553727360617e-8 9.15251447963783e-8 9.310302573339868e-8 9.400195466469086e-8
          9.428564595737043e-8 9.419806445976064e-8 9.38629014513026e-8 9.328966399380079e-8 9.24405938462769e-8 9.11961919314308e-8
          8.916662608271508e-8 8.589671551817446e-8 7.83215909905266e-8 6.620594916739719e-8 5.371298072986974e-8 4.607737480455398e-8
          4.233754324900474e-8 3.762044187283209e-8 3.015412985973853e-8 2.224379969106849e-8 1.5966497457498008e-8 1.0929847249485647e-8
          6.771454508225361e-9 3.859192077015905e-9 2.312035229934395e-9 1.7821086828462285e-9 1.7979434607795497e-9 2.1065680311238566e-9
          2.595234027680249e-9 3.2087339452147035e-9 3.917194124625212e-9 4.699411082498273e-9 5.531032964967153e-9 6.383786388397539e-9
          7.225673392952103e-9 8.023111952581985e-9 8.72149463759797e-9 9.208554807571545e-9 9.448217319629748e-9 9.419527380316595e-9
          9.115090904288081e-9 8.541807261508438e-9 7.72593455877768e-9 6.7503522771517055e-9 0.2399999350309372 0.23999914526939392
          0.2399938404560089 0.23996782302856445 0.23980432748794556 0.23895281553268433 0.23672661185264587 0.23248082399368286
          0.22618195414543152 0.21843759715557098 0.2099705934524536 0.20080983638763428 0.18983173370361328 0.1730273813009262
          0.09375901520252228 0.00019129665452055633 0.0000011776456858569873 9.632336883669268e-8 9.926699817697227e-8 8.789448457946492e-8
          7.805972757068957e-8 8.345377011664823e-8 7.646634259117491e-8 8.609667645487207e-8 9.746207751959446e-8 9.302677739242426e-8
          9.250261001625404e-8 9.32651431639897e-8 9.358872432585486e-8 9.351001750701471e-8 9.323931493554483e-8 9.28122290133615e-8
          9.21727263403227e-8 9.12352575710429e-8 8.983734289813583e-8 8.755984737263134e-8 8.372891358021661e-8 7.80143238898745e-8
          6.850052614026936e-8 5.772245259549891e-8 4.7521147905627004e-8 3.83620530897133e-8 2.882344141141857e-8 2.089871387056519e-8
          1.548717420973844e-8 1.1673901845199453e-8 8.807683471445671e-9 6.4882659245313334e-9 4.648218254743597e-9 3.4538250037741136e-9
          2.9513591570662356e-9 3.024118511163465e-9 3.516351432253373e-9 4.325451996578522e-9 5.406376235583821e-9 6.726187606886924e-9
          8.25237123081024e-9 9.947567214396713e-9 1.1753010120685303e-8 1.3595419900980232e-8 1.5386763863034503e-8 1.7035462818171254e-8
          1.8440074356362857e-8 1.9511647408876343e-8 2.01961380952298e-8 2.044830793579422e-8 2.0230384478736596e-8 1.9515274729542398e-8
          1.8310256422182647e-8 1.664771431819645e-8 0.2399999350309372 0.2399991899728775 0.23999427258968353 0.23997154831886292
          0.2398802489042282 0.23955672979354858 0.23868250846862793 0.23684106767177582 0.2336488515138626 0.22876791656017303
          0.22168993949890137 0.21142806112766266 0.1965416520833969 0.15139934420585632 0.00022713816724717617 9.666150617704261e-7
          9.707699888394927e-8 9.950449708640008e-8 9.850244708786704e-8 9.852593763071127e-8 9.887614993431271e-8 9.915783039105008e-8
          9.820617208333715e-8 9.610727147446596e-8 9.49966292296267e-8 9.373282949809436e-8 9.385158250552195e-8 9.348043050749766e-8
          9.297227165916411e-8 9.246490861869461e-8 9.192253003220685e-8 9.123701261160022e-8 9.028337899508188e-8 8.888617486491057e-8
          8.66815241806762e-8 8.297161002701614e-8 7.708113258786398e-8 6.927591300609492e-8 5.959880411410268e-8 4.970651446001284e-8
          3.97464035017947e-8 3.031803430530999e-8 2.20125055960807e-8 1.5828611310553242e-8 1.169887742236142e-8 8.991065669761156e-9
          7.166970572569653e-9 5.902701882831707e-9 5.072345654610899e-9 4.6729002889378535e-9 4.706063094772617e-9 5.1451998217544315e-9
          5.95644911172144e-9 7.11929404317857e-9 8.629782222158155e-9 1.0491983282179262e-8 1.2708341046163696e-8 1.5265801067698703e-8
          1.8115631661430598e-8 2.115301533933689e-8 2.4205988324865757e-8 2.7055667928266303e-8 2.9506068699447496e-8 3.155560790446543e-8
          3.3151465572700545e-8 3.423011918357588e-8 3.4726152620123685e-8 3.457081731994549e-8 3.36948495771594e-8 3.204596765726819e-8
          0.2399999350309372 0.2399992197751999 0.23999454081058502 0.23997309803962708 0.2398960292339325 0.2396641969680786
          0.23907513916492462 0.23778760433197021 0.2352929711341858 0.23086844384670258 0.22351504862308502 0.21197931468486786
          0.19492393732070923 0.07007933408021927 0.000043605909013422206 1.2160568019226048e-7 9.621146546123782e-8 9.835716241468617e-8
          9.730922556627775e-8 9.674140954984978e-8 9.571951409270696e-8 9.555519397963508e-8 9.67315685329595e-8 9.584887550317944e-8
          9.445398063689936e-8 9.477363249743576e-8 9.433573211481416e-8 9.313368565244673e-8 9.215327878564494e-8 9.139815659864325e-8
          9.067261430573126e-8 8.981168519994753e-8 8.865453082762542e-8 8.695440101291751e-8 8.426096087532642e-8 7.989549999365408e-8
          7.366552523535574e-8 6.609620584185905e-8 5.890844789746552e-8 5.283610349238188e-8 4.738701520068389e-8 4.218694016344671e-8
          3.7172657840756074e-8 3.2351564982491254e-8 2.763794526572383e-8 2.3101353718857354e-8 1.9018877139842516e-8 1.565541296599804e-8
          1.311786324009745e-8 1.1379999165228583e-8 1.035933117066179e-8 9.968296410534094e-9 1.0138009542970394e-8 1.0824592777680664e-8
          1.2008310790179166e-8 1.3688896238761572e-8 1.5880400994205957e-8 1.8602472451334506e-8 2.1864517307790265e-8 2.5638788869741802e-8
          2.9820231617350146e-8 3.414432470094653e-8 3.8072247576792506e-8 4.146382437397733e-8 4.429308830822265e-8 4.655406016240704e-8
          4.822861754405494e-8 4.927166585844134e-8 4.960365629358421e-8 4.9112745870161234e-8 0.2399999350309372 0.23999926447868347
          0.2399948686361313 0.23997509479522705 0.23990562558174133 0.23970358073711395 0.23919865489006042 0.23808518052101135
          0.23586918413639069 0.2318195253610611 0.22494879364967346 0.2140801101922989 0.1979481428861618 0.05220682546496391
          0.000007625648777320748 1.3407543519861065e-7 8.962278030821835e-8 9.621992802522072e-8 9.54723020640813e-8 9.548545421012022e-8
          9.3797041245125e-8 9.301410841544566e-8 9.426985059235449e-8 9.474788953411917e-8 9.471951045725291e-8 9.544240242576052e-8
          9.491319730159375e-8 9.327041539108905e-8 9.18674203376213e-8 9.08722839199072e-8 9.001250589335541e-8 8.911193560834363e-8
          8.801573159189502e-8 8.650545879618221e-8 8.427747388850548e-8 8.105561022375696e-8 7.720826289414617e-8 7.339804142247885e-8
          7.0106885630139e-8 6.743019298482977e-8 6.513373307370784e-8 6.308749789241119e-8 6.119861239994862e-8 5.947348569179667e-8
          5.7891437421631053e-8 5.638524669393519e-8 5.479811093778153e-8 5.291201432555681e-8 5.052069695921091e-8 4.761521665841428e-8
          4.4369638629859764e-8 4.1064886602271145e-8 3.800008130383503e-8 3.542092841257727e-8 3.3512659314283155e-8 3.239860291159857e-8
          3.216494803837122e-8 3.288384320399018e-8 3.4633330869837664e-8 3.7524930718291216e-8 4.1490704205671136e-8 4.562291167076182e-8
          4.944789466776456e-8 5.2832060504215406e-8 5.5726303571645985e-8 5.813035386381671e-8 6.006482777820565e-8 6.154743203978796e-8
          6.25724752012502e-8 6.309571176643658e-8 0.2399999499320984 0.23999930918216705 0.23999537527561188 0.23997826874256134
          0.23992004990577698 0.23975564539432526 0.23935461044311523 0.2384864240884781 0.2367851734161377 0.23371915519237518
          0.22856931388378143 0.22042490541934967 0.2082298845052719 0.17042376101016998 0.00005504864384420216 0.000026320007236790843
          8.971476717078986e-8 8.58538911074902e-8 9.34741564151409e-8 9.55391854517984e-8 9.26165739656426e-8 9.067525041928093e-8
          9.212282492399027e-8 9.353778551712821e-8 9.462930705694816e-8 9.544008605644194e-8 9.518497989802199e-8 9.428210745454635e-8
          9.314659621395549e-8 9.208845597186155e-8 9.11405706460755e-8 9.025599467804568e-8 8.93679086289012e-8 8.839833753881976e-8
          8.72924061923186e-8 8.60987157125237e-8 8.50004653329961e-8 8.406625084944608e-8 8.329185874345058e-8 8.266964357517281e-8
          8.216155578111284e-8 8.174048105047405e-8 8.139363671944011e-8 8.112324678677396e-8 8.09236979648631e-8 8.081249092128928e-8
          8.078791324805934e-8 8.083374325451587e-8 8.083719649221166e-8 8.072051116414514e-8 8.040205301540482e-8 7.981793714861851e-8
          7.894215059423004e-8 7.778938737601493e-8 7.643424737580062e-8 7.500577936525588e-8 7.370392296479622e-8 7.279496117007511e-8
          7.257093415091731e-8 7.299828297391286e-8 7.353249742436674e-8 7.405525792592016e-8 7.453978412286233e-8 7.496259257777638e-8
          7.53085842575274e-8 7.55702842525352e-8 7.574553251288307e-8 7.58328226879712e-8 7.582544725437401e-8 7.570581317395408e-8
          0.2399999499320984 0.23999936878681183 0.23999600112438202 0.23998220264911652 0.2399376928806305 0.2398180216550827
          0.23953935503959656 0.23896168172359467 0.2378741204738617 0.2359873354434967 0.23293624818325043 0.22829082608222961
          0.22150956094264984 0.20807436108589172 0.0021233109291642904 0.05580991879105568 0.00003213604577467777 9.45549274433688e-8
          9.36705149001682e-8 9.353322383276463e-8 9.667308376037909e-8 9.41069231430447e-8 9.135363399082053e-8 8.816741114969773e-8
          8.69156906446733e-8 9.182861759882144e-8 9.416466184575256e-8 9.4043961951229e-8 9.361932029605669e-8 9.314317139796913e-8
          9.266536693530725e-8 9.220372021445655e-8 9.176778803521302e-8 9.136985568147793e-8 9.103154496870047e-8 9.077322715711489e-8
          9.059341010697608e-8 9.047236204651199e-8 9.038695480967363e-8 9.03220040981978e-8 9.02696157822902e-8 9.0227786131436e-8
          9.01952930121297e-8 9.017182378556754e-8 9.016012114670957e-8 9.015999324901713e-8 9.016643076620312e-8 9.016735447175961e-8
          9.015195701067569e-8 9.011431245653512e-8 9.005706402831493e-8 8.99816043897772e-8 8.98848924180129e-8 8.976028453844265e-8
          8.960727626572407e-8 8.943279539153082e-8 8.925360361899948e-8 8.908706661259203e-8 8.89100846279689e-8 8.871600698512339e-8
          8.850290100781422e-8 8.826826558561152e-8 8.800934381270054e-8 8.772322246386466e-8 8.740685331076747e-8 8.705696075139713e-8
          8.666989970151917e-8 8.624133585044547e-8 8.576584065167481e-8 8.523636552126845e-8
        </DataArray>
        <DataArray type="Float32" Name="N2_Gas_mass_fractions_2" format="ascii" RangeMin="0.06709989160299301" RangeMax="0.9994635581970215">
          0.7600000500679016 0.760001540184021 0.7600162625312805 0.7599074244499207 0.6963897943496704 0.1752425581216812
          0.22530721127986908 0.23386864364147186 0.2332068383693695 0.23408764600753784 0.2328311800956726 0.23136723041534424
          0.23069050908088684 0.23064884543418884 0.2297014445066452 0.22833937406539917 0.22649095952510834 0.2240794599056244
          0.22127202153205872 0.21850349009037018 0.21623441576957703 0.21472367644309998 0.21393336355686188 0.21355748176574707
          0.21316459774971008 0.2123759239912033 0.21097642183303833 0.208919957280159 0.20625805854797363 0.20305632054805756
          0.19934558868408203 0.1951259970664978 0.19041651487350464 0.18530453741550446 0.17996852099895477 0.17466425895690918
          0.16969890892505646 0.16547426581382751 0.16309842467308044 0.17556564509868622 0.281646192073822 0.5197016000747681
          0.7334644198417664 0.8290533423423767 0.8591355085372925 0.8844215869903564 0.9084582924842834 0.9309903383255005
          0.9490324258804321 0.9614738821983337 0.9706966876983643 0.9780435562133789 0.9837045073509216 0.9878972768783569
          0.9909271001815796 0.9931025505065918 0.9946708679199219 0.9958081841468811 0.9966385364532471 0.9972463846206665
          0.99769127368927 0.9980153441429138 0.9982520341873169 0.9984460473060608 0.9986221194267273 0.9987947940826416
          0.9989700317382812 0.9991469979286194 0.9993182420730591 0.9994635581970215 0.7600000500679016 0.7600012421607971
          0.7600104808807373 0.7598849534988403 0.6979215145111084 0.6369721293449402 0.20489901304244995 0.09360513836145401
          0.06709989160299301 0.07658255845308304 0.10800318419933319 0.1514999121427536 0.20146682858467102 0.2498561441898346
          0.28118664026260376 0.286771297454834 0.2777363955974579 0.26235198974609375 0.24710246920585632 0.23421581089496613
          0.22292186319828033 0.2125268280506134 0.2025589495897293 0.19260574877262115 0.18229186534881592 0.17125344276428223
          0.15919455885887146 0.1461467146873474 0.13289347290992737 0.12118687480688095 0.11315275728702545 0.10996831953525543
          0.11144392192363739 0.11697210371494293 0.126338928937912 0.1389557123184204 0.1514386087656021 0.15971338748931885
          0.1705375760793686 0.21996912360191345 0.3549785017967224 0.5320342183113098 0.6420947909355164 0.6518740653991699
          0.6389840841293335 0.6641902327537537 0.7248260378837585 0.7944545745849609 0.8593576550483704 0.9128457307815552
          0.9509678483009338 0.9714321494102478 0.9820107221603394 0.9877724051475525 0.9910886287689209 0.9930450320243835
          0.9941709637641907 0.9947549700737 0.9949700832366943 0.9949278235435486 0.9947062134742737 0.9943632483482361
          0.9939745664596558 0.9937449097633362 0.9937406182289124 0.9939886927604675 0.994480311870575 0.9951760768890381
          0.9960039258003235 0.9968141317367554 0.7600000500679016 0.7600010633468628 0.7600084543228149 0.760036826133728
          0.7579380869865417 0.6936972141265869 0.6595689654350281 0.5912525653839111 0.5674250721931458 0.5885599255561829
          0.6108378767967224 0.6049085259437561 0.5951929688453674 0.5926938056945801 0.59275221824646 0.5764430165290833
          0.5225919485092163 0.44063133001327515 0.33829861879348755 0.23393656313419342 0.17068949341773987 0.1471414417028427
          0.1396862417459488 0.13672542572021484 0.13380521535873413 0.1294693797826767 0.12340667843818665 0.11613495647907257
          0.10908868908882141 0.10433201491832733 0.10359751433134079 0.10752890259027481 0.11575020104646683 0.1269485205411911
          0.139245867729187 0.1511625498533249 0.16181661188602448 0.17349852621555328 0.20284320414066315 0.28122901916503906
          0.40682119131088257 0.5161776542663574 0.5511949062347412 0.5447770953178406 0.550073504447937 0.5865098237991333
          0.6556241512298584 0.7487009763717651 0.8425934910774231 0.9137929677963257 0.9566510915756226 0.9760815501213074
          0.9844071269035339 0.9879540801048279 0.9891175031661987 0.9889285564422607 0.9878782033920288 0.9862419366836548
          0.9842069149017334 0.9819205403327942 0.9795118570327759 0.9770971536636353 0.9748895168304443 0.9734713435173035
          0.9729960560798645 0.9735203385353088 0.9750145077705383 0.9773766398429871 0.9804070591926575 0.9836240410804749
          0.7600000500679016 0.7600009441375732 0.7600069642066956 0.7600348591804504 0.7600013017654419 0.7573654055595398
          0.7534588575363159 0.74357008934021 0.7310515642166138 0.7171308994293213 0.7021605372428894 0.6934343576431274
          0.6957409381866455 0.7097901105880737 0.7288970351219177 0.7376569509506226 0.7367357015609741 0.7253444194793701
          0.6780959367752075 0.5743039846420288 0.42220500111579895 0.328095018863678 0.2739512324333191 0.2340313345193863
          0.202154740691185 0.17647750675678253 0.15613709390163422 0.14089737832546234 0.1305842250585556 0.12486747652292252
          0.12346449494361877 0.1266927570104599 0.1343763917684555 0.14489637315273285 0.15647383034229279 0.16872718930244446
          0.1834351122379303 0.20334504544734955 0.25310054421424866 0.3389427661895752 0.42854708433151245 0.4789678156375885
          0.5018408298492432 0.544157087802887 0.6230801343917847 0.7121548652648926 0.7863786220550537 0.8488038778305054
          0.9027788043022156 0.9430365562438965 0.966953456401825 0.9777176380157471 0.9810293316841125 0.9802815318107605
          0.9771296381950378 0.9724194407463074 0.9666150808334351 0.9600257277488708 0.9529456496238708 0.9456793069839478
          0.9385465383529663 0.9318659901618958 0.9261294007301331 0.9223060011863708 0.9206588864326477 0.9213075041770935
          0.9242520928382874 0.9293782711029053 0.936423659324646 0.9446757435798645 0.7600000500679016 0.7600008249282837
          0.7600061297416687 0.7600303292274475 0.7600932121276855 0.760071873664856 0.7595019340515137 0.7576135396957397
          0.7541172504425049 0.7502036690711975 0.7487728595733643 0.7533693313598633 0.7665019631385803 0.7879060506820679
          0.7994340062141418 0.8093297481536865 0.8459123373031616 0.8740416169166565 0.8883211016654968 0.8807333111763
          0.8173904418945312 0.7089279890060425 0.6178452968597412 0.5379156470298767 0.4401467740535736 0.33531123399734497
          0.25358739495277405 0.19863656163215637 0.16543085873126984 0.14844045042991638 0.14373759925365448 0.146635964512825
          0.15428294241428375 0.16477273404598236 0.17726485431194305 0.1930534541606903 0.21547193825244904 0.24891090393066406
          0.3109365403652191 0.3867564797401428 0.4630650579929352 0.5437596440315247 0.6419081091880798 0.730485737323761
          0.7944865226745605 0.8416429162025452 0.8786720037460327 0.910045862197876 0.9364164471626282 0.9554492831230164
          0.9661303758621216 0.9695780873298645 0.9677049517631531 0.9619618654251099 0.9531509876251221 0.9418380856513977
          0.9285160303115845 0.9136753082275391 0.8979610800743103 0.8821161389350891 0.8669806718826294 0.8533841967582703
          0.8422203063964844 0.8342388272285461 0.8297703266143799 0.829043984413147 0.83221435546875 0.8393549919128418
          0.8502713441848755 0.8646228313446045 0.7600000500679016 0.7600008249282837 0.7600057125091553 0.7600281238555908
          0.7601026892662048 0.7602805495262146 0.7605953812599182 0.7611033916473389 0.762131929397583 0.764606237411499
          0.7700948715209961 0.7803742289543152 0.7967414259910583 0.8124837279319763 0.8029740452766418 0.8425250053405762
          0.8828484416007996 0.9172661900520325 0.9391986131668091 0.9463033080101013 0.9386162757873535 0.9115430116653442
          0.8669396638870239 0.7592285871505737 0.6130649447441101 0.4566046893596649 0.319889098405838 0.2339872568845749
          0.18939632177352905 0.1693708598613739 0.16388843953609467 0.16689425706863403 0.17475999891757965 0.1857566237449646
          0.19996421039104462 0.2203267216682434 0.2519742548465729 0.29837316274642944 0.36431923508644104 0.44078993797302246
          0.5301740765571594 0.6272025108337402 0.7197778820991516 0.7927859425544739 0.8442158102989197 0.8798150420188904
          0.905269205570221 0.9242439270019531 0.9382258653640747 0.9471939206123352 0.9510383605957031 0.9500501155853271
          0.944713294506073 0.9354375600814819 0.9224815368652344 0.9060192108154297 0.8862346410751343 0.8634566068649292
          0.8383411169052124 0.8120399117469788 0.7862595915794373 0.7630239725112915 0.7441102862358093 0.7294535636901855
          0.7192263603210449 0.7136517763137817 0.71295565366745 0.7173947691917419 0.7272533774375916 0.7427271604537964
          0.7600000500679016 0.7600007653236389 0.7600054740905762 0.7600268721580505 0.7601016759872437 0.7603135704994202
          0.7608235478401184 0.7619237303733826 0.7641288638114929 0.7682674527168274 0.7754892110824585 0.7871168255805969
          0.8043193817138672 0.79813152551651 0.8138805031776428 0.8584778904914856 0.9023858904838562 0.9368667602539062
          0.9537345170974731 0.9485336542129517 0.9336302876472473 0.9245679974555969 0.8963671922683716 0.8237985372543335
          0.701640784740448 0.5379205346107483 0.37011927366256714 0.26312255859375 0.21151603758335114 0.18986529111862183
          0.18372802436351776 0.1859958916902542 0.1929987370967865 0.2031889706850052 0.21691131591796875 0.23737041652202606
          0.2684311866760254 0.31246909499168396 0.36185070872306824 0.41016700863838196 0.460155189037323 0.5130255222320557
          0.5669131278991699 0.620154082775116 0.672987163066864 0.7246177792549133 0.772110104560852 0.8124542832374573
          0.844204306602478 0.8673688173294067 0.8826586604118347 0.8909475803375244 0.8929991722106934 0.8893788456916809
          0.8804498910903931 0.8664180040359497 0.8473877310752869 0.8234569430351257 0.7948791980743408 0.7623197436332703
          0.7272012829780579 0.6923792958259583 0.6628959774971008 0.6395446062088013 0.622039258480072 0.6099373698234558
          0.602916419506073 0.6008816361427307 0.6040194630622864 0.6127935647964478 0.7600000500679016 0.7600007653236389
          0.7600051164627075 0.760024905204773 0.760094165802002 0.7602941989898682 0.7607911825180054 0.7618861794471741
          0.7640748023986816 0.7680994868278503 0.7749608159065247 0.7858394384384155 0.8018697500228882 0.7880909442901611
          0.8100467324256897 0.8546119928359985 0.8985660672187805 0.9331223368644714 0.9456509947776794 0.9296593070030212
          0.9016069173812866 0.8897669911384583 0.8883916139602661 0.8546137809753418 0.7722762823104858 0.6453909873962402
          0.4712277352809906 0.32833021879196167 0.25447753071784973 0.22242410480976105 0.20975346863269806 0.2069811224937439
          0.20967553555965424 0.21589230000972748 0.2252042293548584 0.23875977098941803 0.2566322088241577 0.2768899202346802
          0.2966035008430481 0.31440892815589905 0.3312879800796509 0.3477880358695984 0.36436599493026733 0.38084426522254944
          0.3972845673561096 0.41405290365219116 0.4322426915168762 0.4535594582557678 0.4797396957874298 0.5107799768447876
          0.5449870228767395 0.5796552896499634 0.6118984818458557 0.6393502950668335 0.6602475047111511 0.6734773516654968
          0.6783796548843384 0.6745940446853638 0.661993682384491 0.6406695246696472 0.6125172972679138 0.5852068066596985
          0.5621211528778076 0.5437448024749756 0.5300296545028687 0.5206259489059448 0.5150554776191711 0.51285320520401
          0.5136916637420654 0.5174888372421265 0.7600000500679016 0.7600007057189941 0.7600046396255493 0.7600217461585999
          0.7600799202919006 0.7602441906929016 0.7606446743011475 0.7615116238594055 0.7632109522819519 0.76627516746521
          0.7714241147041321 0.7795689702033997 0.7917554378509521 0.8032774925231934 0.7844013571739197 0.8247603178024292
          0.8686137795448303 0.9080161452293396 0.9302497506141663 0.924893319606781 0.898163914680481 0.871175229549408
          0.8599094748497009 0.8535491228103638 0.8248943090438843 0.7255306839942932 0.609312117099762 0.5068938136100769
          0.4199659824371338 0.358931303024292 0.3189256489276886 0.2937632203102112 0.27885177731513977 0.27125898003578186
          0.26926106214523315 0.27175241708755493 0.2771209180355072 0.28363582491874695 0.29035747051239014 0.29691168665885925
          0.30322861671447754 0.3093373477458954 0.31532108783721924 0.32128825783729553 0.32739585638046265 0.3336876630783081
          0.3401281237602234 0.34645769000053406 0.3526981770992279 0.35853323340415955 0.3638789653778076 0.36905792355537415
          0.374668687582016 0.381294310092926 0.3888750374317169 0.39688488841056824 0.40428608655929565 0.40985608100891113
          0.4128323495388031 0.41354742646217346 0.41519686579704285 0.41809898614883423 0.42199185490608215 0.4266631007194519
          0.43195220828056335 0.43775293231010437 0.4440017342567444 0.4506499767303467 0.4576384425163269 0.4648951590061188
          0.7600000500679016 0.7600006461143494 0.7600039839744568 0.7600178122520447 0.7600623369216919 0.7601819634437561
          0.760460615158081 0.7610382437705994 0.7621257305145264 0.7640124559402466 0.7670634388923645 0.7717088460922241
          0.7784745693206787 0.7870646119117737 0.7460656762123108 0.7816227674484253 0.7929710745811462 0.8324600458145142
          0.8780912756919861 0.9227885007858276 0.955838680267334 0.966561496257782 0.9477077126502991 0.9052330851554871
          0.846278965473175 0.7832976579666138 0.6935206651687622 0.6201278567314148 0.5724942684173584 0.5342661142349243
          0.5034512877464294 0.47926369309425354 0.46130138635635376 0.4494878947734833 0.44367554783821106 0.4428899884223938
          0.4453892111778259 0.4496889114379883 0.4548183083534241 0.46028202772140503 0.46585971117019653 0.4714917242527008
          0.47714805603027344 0.48282280564308167 0.4885689318180084 0.4943823516368866 0.5001662373542786 0.5056946277618408
          0.5107660293579102 0.5152719616889954 0.5192546844482422 0.5227372050285339 0.5256828665733337 0.5280309319496155
          0.5298243165016174 0.5311784148216248 0.5322657227516174 0.5332299470901489 0.5339094400405884 0.534285306930542
          0.5343744158744812 0.5341874361038208 0.5337330102920532 0.5330195426940918 0.5320566296577454 0.5308573246002197
          0.5294394493103027 0.5278282165527344 0.5260583162307739 0.5241780877113342
        </DataArray>
        <DataArray type="Float32" Name="H2O_Gas_mass_fractions_3" format="ascii" RangeMin="1.2416787495518185e-18" RangeMax="0.046465400606393814">
          6.494543401333597e-13 7.203948548806238e-11 7.496338660928359e-9 8.980658776636119e-7 0.00015618730685673654 0.03762301430106163
          0.03720930963754654 0.03762766718864441 0.03818964585661888 0.038517605513334274 0.038577910512685776 0.03860700875520706
          0.03856685757637024 0.03851805999875069 0.03861606493592262 0.03874688223004341 0.038915786892175674 0.03912607207894325
          0.039360739290714264 0.03958480805158615 0.03976546600461006 0.03988690301775932 0.03995414078235626 0.03998911753296852
          0.04002076014876366 0.04007384181022644 0.04016256704926491 0.04029062017798424 0.0404556579887867 0.04065442085266113
          0.040885649621486664 0.04114978387951851 0.0414457768201828 0.04176795110106468 0.042104654014110565 0.04243931174278259
          0.042752426117658615 0.04301952198147774 0.04317938908934593 0.04256439208984375 0.0371512770652771 0.02498338744044304
          0.014021138660609722 0.009046783670783043 0.0074503119103610516 0.006108452565968037 0.004833408165723085 0.003638757625594735
          0.0026830187998712063 0.0020250442903488874 0.0015381784178316593 0.0011509498581290245 0.000853045959956944 0.000632751383818686
          0.00047379653551615775 0.000359819910954684 0.0002777572371996939 0.0002183154138037935 0.0001749689254211262 0.00014327160897664726
          0.0001200977130793035 0.00010323840979253873 0.00009094041161006317 0.00008086199522949755 0.00007171244942583144 0.00006272918835747987
          0.0000536041879968252 0.00004438451287569478 0.00003546004882082343 0.000027888094336958602 3.391152105219203e-13 3.22863506763138e-11
          2.7799618163015793e-9 2.4875967596926785e-7 0.000028294778530835174 0.004536448512226343 0.0354926735162735 0.04418085888028145
          0.046465400606393814 0.04591890424489975 0.04369501397013664 0.04072883725166321 0.03743015229701996 0.034364841878414154
          0.032465990632772446 0.032399896532297134 0.03351593762636185 0.03483295813202858 0.03601035848259926 0.036973852664232254
          0.03780423477292061 0.03855688497424126 0.03926612064242363 0.03996169939637184 0.0406702496111393 0.04141591861844063
          0.042218297719955444 0.043078821152448654 0.04395672306418419 0.04475494474172592 0.04534980282187462 0.045664235949516296
          0.04569793492555618 0.04548196122050285 0.04503486678004265 0.04440005496144295 0.04376804828643799 0.043356914073228836
          0.04281499609351158 0.04030095413327217 0.033425867557525635 0.02441233955323696 0.018832094967365265 0.018400149419903755
          0.01911287195980549 0.01779005117714405 0.014579416252672672 0.01088650431483984 0.007442555855959654 0.004605098161846399
          0.0025848597288131714 0.0015023840824142098 0.0009441030560992658 0.0006406966713257134 0.00046638850471936166 0.0003637131885625422
          0.0003047071222681552 0.00027415549266152084 0.0002629438240546733 0.00026520484243519604 0.00027683901134878397 0.00029480489320121706
          0.00031513485009782016 0.0003271214372944087 0.00032730682869441807 0.00031428999500349164 0.0002885435242205858 0.0002521358255762607
          0.00020883629622403532 0.0001664748415350914 1.5028274035367578e-13 1.3347405646013666e-11 1.055799780935729e-9 7.788791123175542e-8
          0.00000521442689205287 0.0003662591625470668 0.002848006086423993 0.008287621662020683 0.010556277818977833 0.009589023888111115
          0.008617157116532326 0.009678318165242672 0.011077582836151123 0.012075366452336311 0.012993388809263706 0.01477656327188015
          0.01816919818520546 0.023719653487205505 0.030363257974386215 0.03705165907740593 0.04115292429924011 0.04274563491344452
          0.04329763725399971 0.04354412108659744 0.04377346485853195 0.04408314451575279 0.044496942311525345 0.044987697154283524
          0.045473888516426086 0.045835960656404495 0.04597201198339462 0.045845258980989456 0.045482102781534195 0.04495781660079956
          0.04436393454670906 0.043772097676992416 0.04323606193065643 0.04264792054891586 0.04116778448224068 0.03720368072390556
          0.030843017622828484 0.025322945788502693 0.023615797981619835 0.02401559054851532 0.023767579346895218 0.021862154826521873
          0.01821884885430336 0.013297190889716148 0.008324957452714443 0.004552711732685566 0.0022833726834505796 0.001256359275430441
          0.00081732461694628 0.0006306592258624732 0.0005695244180969894 0.0005794443422928452 0.0006345263682305813 0.0007202619453892112
          0.0008268100791610777 0.0009464232716709375 0.001072330866008997 0.0011984375305473804 0.001313593820668757 0.0013873790157958865
          0.0014118333347141743 0.0013840579194948077 0.0013056505704298615 0.0011819800129160285 0.0010234937071800232 0.0008553604129701853
          5.793499360806642e-14 4.9376527172517726e-12 3.7206890346475063e-10 2.5343595666527108e-8 0.0000013518301784642972 0.00004128033833694644
          0.0002586948685348034 0.0008683690684847534 0.0017226836644113064 0.0027649919502437115 0.003973494749516249 0.004941048100590706
          0.00542428670451045 0.005438020918518305 0.005200371611863375 0.005051202140748501 0.005608494859188795 0.0073940628208220005
          0.010600650683045387 0.0166323222219944 0.025560740381479263 0.03145599737763405 0.034978047013282776 0.03757047653198242
          0.039618320763111115 0.04125383123755455 0.042548809200525284 0.04353207349777222 0.044226642698049545 0.04466382786631584
          0.04486820846796036 0.044818583875894547 0.04451242834329605 0.044031038880348206 0.0434693843126297 0.042855869978666306
          0.04212028905749321 0.04114123433828354 0.038663093000650406 0.034353431314229965 0.029852289706468582 0.027352266013622284
          0.026231542229652405 0.02404562011361122 0.01990453153848648 0.015211168676614761 0.01129242219030857 0.007991163991391659
          0.0051338630728423595 0.0030024934094399214 0.001737223588861525 0.0011685499921441078 0.0009937133872881532 0.0010327197378501296
          0.0011979580158367753 0.0014447870198637247 0.0017487435834482312 0.0020935472566634417 0.0024637319147586823 0.0028433119878172874
          0.0032155299559235573 0.003563709557056427 0.0038621723651885986 0.004060429520905018 0.004144925624132156 0.004109599161893129
          0.003954608924686909 0.003686043433845043 0.0033176750876009464 0.002886684611439705 1.8786008312106015e-14 1.5240755706080744e-12
          1.0817304690879936e-10 6.872689972681201e-9 3.340784928695939e-7 0.00000811092286312487 0.00005793090895167552 0.00021291612938512117
          0.0005191247910261154 0.0009399044211022556 0.0013425007928162813 0.001570540014654398 0.0015451939543709159 0.001306018908508122
          0.0009577064192853868 0.0006551253609359264 0.0004890960408374667 0.0004912990261800587 0.000707123544998467 0.001441833097487688
          0.004423786886036396 0.01032282505184412 0.015639226883649826 0.020340386778116226 0.026018405333161354 0.03209635242819786
          0.036888398230075836 0.04017999395728111 0.04224107787013054 0.04338560998439789 0.04381733015179634 0.04379701986908913
          0.04348820075392723 0.04300009086728096 0.04239068552851677 0.04161733388900757 0.040534794330596924 0.03891130909323692
          0.035838186740875244 0.03203938901424408 0.028184261173009872 0.024024873971939087 0.018888993188738823 0.014226972125470638
          0.010850510559976101 0.008360300213098526 0.006403687410056591 0.004744700621813536 0.003349556587636471 0.002342566382139921
          0.0017775073647499084 0.0015947030624374747 0.0016923823859542608 0.0019934335723519325 0.002455224050208926 0.0030477570835500956
          0.003744961926713586 0.004520938731729984 0.005341748241335154 0.006168400403112173 0.006956908851861954 0.007663939613848925
          0.008242988958954811 0.008655327372252941 0.008884139358997345 0.008917895145714283 0.008748941123485565 0.008373765274882317
          0.007802749518305063 0.007053692359477282 5.000319667195939e-15 3.813527185009269e-13 2.5061324543385055e-11 1.4677833393150763e-9
          6.64291874841183e-8 0.0000014892023045831593 0.000011176181033079047 0.000042747880797833204 0.00010473700967850164 0.00018338399240747094
          0.00024312539608217776 0.00025269476464018226 0.00021163513883948326 0.00014644862676505 0.00008670538227306679 0.00005624869663733989
          0.000054327567340806127 0.00011324740626150742 0.0003417041152715683 0.0008238908485509455 0.0013371016830205917 0.0021496040280908346
          0.00410250062122941 0.009177058935165405 0.0167480930685997 0.02536861039698124 0.033163197338581085 0.038229800760746
          0.04097395017743111 0.04230838268995285 0.042789846658706665 0.042759399861097336 0.04243229329586029 0.041920483112335205
          0.041245780885219574 0.040283650159835815 0.038777679204940796 0.03651635721325874 0.03322881460189819 0.029350383207201958
          0.02473621442914009 0.019659342244267464 0.014786024577915668 0.010932698845863342 0.008215545676648617 0.006334393285214901
          0.004989368375390768 0.003986582159996033 0.0032473935279995203 0.002772949868813157 0.0025689126923680305 0.002619572449475527
          0.0028989557176828384 0.0033850364852696657 0.004063801374286413 0.004925717134028673 0.0059607126750051975 0.007151115220040083
          0.00846210215240717 0.009832971729338169 0.011174200102686882 0.012380029074847698 0.01335815154016018 0.014112892560660839
          0.014636154286563396 0.014917157590389252 0.014944934286177158 0.014706810005009174 0.014188540168106556 0.01338027510792017
          1.0690170952027214e-15 7.592213804256259e-14 4.531062157420163e-12 2.40913483606775e-10 1.0057985555533833e-8 2.0551583190808742e-7
          0.0000015032833289296832 0.000005589145985140931 0.000013095504073135089 0.00002155193578801118 0.000026400697606732138 0.0000249989843723597
          0.00001903150405269116 0.000012366356713755522 0.000009563666935719084 0.000014222362551663537 0.00004927049303660169 0.0002273784193675965
          0.0008103832369670272 0.0019166629062965512 0.002827211283147335 0.0027644496876746416 0.003322779666632414 0.00633396627381444
          0.01236158050596714 0.021101372316479683 0.03047039546072483 0.036691490560770035 0.03983473405241966 0.04125763848423958
          0.041766658425331116 0.041768237948417664 0.04148563742637634 0.041028108447790146 0.04040474444627762 0.0394691564142704
          0.038010403513908386 0.035870566964149475 0.033408861607313156 0.030954184010624886 0.02837483026087284 0.025619197636842728
          0.022796282544732094 0.02000037580728531 0.017222100868821144 0.014504407532513142 0.012002591975033283 0.009875978343188763
          0.00820146407932043 0.006979045923799276 0.006171415559947491 0.005732448771595955 0.0056216600351035595 0.00580892339348793
          0.006274668499827385 0.007007538340985775 0.008001385256648064 0.009250267408788204 0.010739925317466259 0.012434386648237705
          0.014258050359785557 0.016060926020145416 0.017581133171916008 0.01877928152680397 0.01967196725308895 0.02028365060687065
          0.02063232660293579 0.020724009722471237 0.020549971610307693 0.02008694037795067 1.7545396794289234e-16 1.1561600777503043e-14
          6.223632720292471e-13 2.935717641205926e-11 1.1145797618183906e-9 2.066863480365555e-8 1.4244820079056808e-7 5.092732067168981e-7
          0.000001149708850789466 0.0000018203046465714579 0.0000021628086415148573 0.000002035601710304036 0.000001677464183558186 0.0000015370343362519634
          0.0000027108208087156527 0.000011090807674918324 0.00007172632467700168 0.0003797961981035769 0.0013335631228983402 0.003082528943195939
          0.0047402712516486645 0.004995814524590969 0.004380159545689821 0.005402803886681795 0.00908649805933237 0.015611803159117699
          0.02507992461323738 0.03314798325300217 0.03749006986618042 0.039473872631788254 0.040334269404411316 0.04060853272676468
          0.04056066274642944 0.04031934216618538 0.03992682695388794 0.03933107107877731 0.03851066902279854 0.03754758462309837
          0.036589644849300385 0.03570989519357681 0.03486429154872894 0.03402834013104439 0.03318099305033684 0.032332614064216614
          0.03148109093308449 0.030608950182795525 0.029661139473319054 0.0285502802580595 0.027186473831534386 0.02556971088051796
          0.02378782257437706 0.02198154106736183 0.020301250740885735 0.018870385363698006 0.017780955880880356 0.017090894281864166
          0.016834205016493797 0.017028657719492912 0.01767878234386444 0.01877583935856819 0.020217012614011765 0.021607592701911926
          0.022775882855057716 0.023699339479207993 0.0243820883333683 0.024843299761414528 0.025108465924859047 0.02520229108631611
          0.02514241263270378 0.024933863431215286 1.9974692911842733e-17 1.2203398488670573e-15 5.926411027505282e-14 2.4740194701916574e-12
          8.428863162990297e-11 1.4067877973644727e-9 9.145825430323384e-9 3.21911279854703e-8 7.275257729588702e-8 1.1676694811058042e-7
          1.429328193580659e-7 1.425718068048809e-7 1.3005160326429177e-7 1.7441585953292815e-7 3.637274801349122e-7 0.000004217778041493148
          0.00004658293255488388 0.00029792776331305504 0.0011318454053252935 0.0027878894470632076 0.004817986395210028 0.006245773285627365
          0.006438875570893288 0.006168516352772713 0.006988858804106712 0.01182476431131363 0.017967727035284042 0.023585988208651543
          0.02845103107392788 0.031922247260808945 0.034234143793582916 0.03571629896759987 0.03662202134728432 0.03711789846420288
          0.037302736192941666 0.037235844880342484 0.03699991852045059 0.03669053316116333 0.03636176139116287 0.036035824567079544
          0.03571829944849014 0.03540904074907303 0.03510426729917526 0.03479824587702751 0.034482840448617935 0.03415514901280403
          0.03381715714931488 0.03348340094089508 0.03315611928701401 0.0328546017408371 0.032585494220256805 0.032332684844732285
          0.032063961029052734 0.03174687922000885 0.03138246014714241 0.030995801091194153 0.030638165771961212 0.030369320884346962
          0.030223490670323372 0.03018372319638729 0.03009081445634365 0.029930653050541878 0.02971819043159485 0.029465559870004654
          0.029181847348809242 0.02887299284338951 0.028542472049593925 0.02819291688501835 0.02782762236893177 0.027450796216726303
          1.2416787495518185e-18 7.022490761845307e-17 3.065338120730428e-15 1.1264328635433515e-13 3.4426214049615433e-12 5.2228939922960294e-11
          3.2041155839657165e-10 1.097386737036743e-9 2.540270216400131e-9 4.370641182305235e-9 5.952004222820051e-9 6.806682772975137e-9
          7.014181679920739e-9 7.215826602902098e-9 1.0312609433071884e-8 1.854159492609142e-8 5.6408826054621386e-8 4.7300443384301616e-7
          0.000004904665274807485 0.000036699522752314806 0.00020269842934794724 0.0008111465722322464 0.002325927373021841 0.004617542494088411
          0.007406807970255613 0.009804407134652138 0.014018023386597633 0.017855141311883926 0.020444775000214577 0.022552890703082085
          0.024266991764307022 0.025622371584177017 0.026637740433216095 0.027315758168697357 0.027663270011544228 0.027732592076063156
          0.027619101107120514 0.02740493044257164 0.02714419737458229 0.026864638552069664 0.02657877467572689 0.02628985419869423
          0.025999626144766808 0.025708477944135666 0.02541349083185196 0.02511492930352688 0.024818237870931625 0.024536065757274628
          0.02427966147661209 0.024055032059550285 0.02385968342423439 0.02369217947125435 0.023554429411888123 0.023449713364243507
          0.023375526070594788 0.023325258865952492 0.02328900620341301 0.023258456960320473 0.023242933675646782 0.02324359305202961
          0.023259563371539116 0.023290297016501427 0.023335374891757965 0.0233943872153759 0.023466862738132477 0.023552170023322105
          0.023649441078305244 0.02375747077167034 0.023874610662460327 0.02399856597185135
        </DataArray>
        <DataArray type="Float32" Name="CO_Gas_mass_fractions_4" format="ascii" RangeMin="9.549709182057324e-18" RangeMax="0.3410329818725586">
          5.717436506874618e-12 6.337614877338638e-10 6.358254012184261e-8 0.000006841336926299846 0.0008173907990567386 0.08948642760515213
          0.08491387963294983 0.08681097626686096 0.0887664407491684 0.0901479423046112 0.1007317453622818 0.10987623035907745
          0.11805856972932816 0.12524177134037018 0.13147857785224915 0.13778908550739288 0.14470531046390533 0.15265114605426788
          0.16157355904579163 0.1710318922996521 0.1805446296930313 0.1897522360086441 0.1984053999185562 0.20636068284511566
          0.21359746158123016 0.22018049657344818 0.22620642185211182 0.2317856401205063 0.23704752326011658 0.24214467406272888
          0.24724842607975006 0.25252729654312134 0.2581060528755188 0.2640397250652313 0.2703126072883606 0.2768721282482147
          0.28369322419166565 0.2908276617527008 0.29840078949928284 0.30424854159355164 0.28193655610084534 0.20547670125961304
          0.12593895196914673 0.08462803810834885 0.06980490684509277 0.05731041356921196 0.045425500720739365 0.0342753641307354
          0.02533610723912716 0.019163044169545174 0.014582190662622452 0.010930773802101612 0.008115622214972973 0.006029549520462751
          0.004521401599049568 0.0034380601719021797 0.002656758762896061 0.0020899255760014057 0.0016759233549237251 0.0013726806500926614
          0.001150570111349225 0.0009886249899864197 0.0008702000486664474 0.0007731225923635066 0.0006851328071206808 0.0005989728961139917
          0.0005116881220601499 0.00042367959395051 0.0003385998716112226 0.00026645901380106807 2.9803468720723814e-12 2.861715586721658e-10
          2.4193367309521818e-8 0.0000020172483345959336 0.00019459961913526058 0.018297439441084862 0.08380322903394699 0.09965606778860092
          0.10595224052667618 0.1197889894247055 0.13819484412670135 0.1487007886171341 0.15324480831623077 0.1554737538099289
          0.15700234472751617 0.1584118902683258 0.16335991024971008 0.1699400544166565 0.17627768218517303 0.18212701380252838
          0.18779098987579346 0.19332090020179749 0.19878315925598145 0.20426532626152039 0.20988716185092926 0.2158060520887375
          0.222234308719635 0.22944170236587524 0.23770327866077423 0.24715787172317505 0.25760307908058167 0.26844990253448486
          0.2789655923843384 0.28851810097694397 0.2965083420276642 0.30208390951156616 0.30493924021720886 0.3075519800186157
          0.3120371401309967 0.30713048577308655 0.26943686604499817 0.20944403111934662 0.17049044370651245 0.17005084455013275
          0.17752937972545624 0.16557566821575165 0.1359204351902008 0.10167977958917618 0.06967031210660934 0.04323359578847885
          0.024356581270694733 0.014206104911863804 0.008951862342655659 0.006087102461606264 0.004436785355210304 0.003462158376350999
          0.002900295425206423 0.0026077942457050085 0.0024985719937831163 0.0025171288289129734 0.002624636283144355 0.0027922596782445908
          0.002982446923851967 0.003094103652983904 0.0030945909675210714 0.002970688045024872 0.0027268491685390472 0.002382574835792184
          0.001973408041521907 0.0015732290921732783 1.3136363741575452e-12 1.1829236201688076e-10 9.298028125215296e-9 6.741315701219719e-7
          0.00004434631409822032 0.002228126861155033 0.011823369190096855 0.03100070357322693 0.04472515359520912 0.05438321828842163
          0.06544451415538788 0.08023041486740112 0.09266408532857895 0.10009017586708069 0.1053294837474823 0.1157250925898552
          0.13712258636951447 0.17224346101284027 0.21151046454906464 0.2439071089029312 0.2567293047904968 0.2558708190917969
          0.2515842914581299 0.24805335700511932 0.24641664326190948 0.24685801565647125 0.24944943189620972 0.25424501299858093
          0.26116591691970825 0.2698425352573395 0.27959299087524414 0.28960666060447693 0.2988300621509552 0.30595695972442627
          0.3104408383369446 0.3131358325481415 0.31563806533813477 0.31961286067962646 0.3206678628921509 0.3027869462966919
          0.262554794549942 0.2249819040298462 0.21555063128471375 0.22149743139743805 0.22014088928699493 0.20299988985061646
          0.16952577233314514 0.12401027977466583 0.07785964012145996 0.042738158255815506 0.021533995866775513 0.011896136216819286
          0.007758286781609058 0.005991591606289148 0.00540840532630682 0.005496564321219921 0.0060119046829640865 0.006817287765443325
          0.00781957432627678 0.008945402689278126 0.010130675509572029 0.011317704804241657 0.012401224114000797 0.013094580732285976
          0.013322917744517326 0.013059074059128761 0.012318214401602745 0.011150973848998547 0.009655795060098171 0.008069908246397972
          5.023369957848911e-13 4.3554271300649816e-11 3.2728215693111906e-9 2.2117180265013303e-7 0.000011991834071523044 0.0003426208277232945
          0.0020099079702049494 0.0065851095132529736 0.014071661978960037 0.02374703250825405 0.034344058483839035 0.04279481992125511
          0.0470193475484848 0.046994421631097794 0.04444391652941704 0.04228489100933075 0.045717790722846985 0.0585288479924202
          0.08123952895402908 0.12147518247365952 0.17557717859745026 0.2059032917022705 0.22124259173870087 0.23189744353294373
          0.24063988029956818 0.24855835735797882 0.25659093260765076 0.2653283476829529 0.2750099003314972 0.2854999899864197
          0.29595932364463806 0.3049796223640442 0.3115136921405792 0.315716028213501 0.31868574023246765 0.3220493495464325
          0.32693737745285034 0.3293956220149994 0.3213680684566498 0.2955698072910309 0.26500222086906433 0.24859187006950378
          0.2413330376148224 0.22256748378276825 0.184955433011055 0.14175650477409363 0.10546525567770004 0.07478445023298264
          0.048170726746320724 0.028272192925214767 0.016424065455794334 0.011079014278948307 0.009426876902580261 0.009788046590983868
          0.01134067215025425 0.013664021156728268 0.016526799649000168 0.019774803891777992 0.02326161414384842 0.026836032047867775
          0.03033970668911934 0.03361518308520317 0.036420587450265884 0.03828165680170059 0.03907155990600586 0.038733821362257004
          0.03727027401328087 0.034738291054964066 0.03126733750104904 0.02720717526972294 1.612204971303613e-13 1.3351114484805304e-11
          9.469827144670262e-10 5.970423444523476e-8 0.0000029414088658086257 0.00007203272980405018 0.0005089398473501205 0.001863297657109797
          0.004536661319434643 0.008213766850531101 0.011746693402528763 0.013771294616162777 0.013585240580141544 0.01151738315820694
          0.008481249213218689 0.0058456663973629475 0.004388760309666395 0.0043837144039571285 0.006198080722242594 0.012055526487529278
          0.033533975481987 0.07313969731330872 0.10692200809717178 0.13598906993865967 0.171128511428833 0.20994648337364197
          0.24219518899917603 0.2665635645389557 0.28478819131851196 0.2988332211971283 0.30853986740112305 0.3150554895401001
          0.31939011812210083 0.32269471883773804 0.32632502913475037 0.3310104012489319 0.3344755470752716 0.33004891872406006
          0.3129515051841736 0.2864571809768677 0.25700971484184265 0.22172483801841736 0.17548488080501556 0.1326894462108612
          0.10144220292568207 0.07830099761486053 0.0600702241063118 0.044587720185518265 0.03155198320746422 0.022128228098154068
          0.01682909019291401 0.01510953065007925 0.016025599092245102 0.018857700750231743 0.023205723613500595 0.028786344453692436
          0.03535249084234238 0.04265858978033066 0.05038346350193024 0.05815867334604263 0.06556927412748337 0.07220706343650818
          0.07763596624135971 0.08149664103984833 0.08363331109285355 0.08393904566764832 0.08234260231256485 0.07881090044975281
          0.07344075292348862 0.06639806926250458 4.235660758765414e-14 3.3091925467215733e-12 2.1739052225022704e-10 1.2532892057492973e-8
          5.683910444531648e-7 0.000013176282664062455 0.00009904383477987722 0.0003773825883399695 0.000923323561437428 0.00161709391977638
          0.002146883402019739 0.0022363984026014805 0.001879185321740806 0.0013079193886369467 0.0007871624547988176 0.0005292082787491381
          0.000534665072336793 0.001121225766837597 0.0033305031247437 0.007956484332680702 0.012545367702841759 0.01790982112288475
          0.03166883438825607 0.06680985540151596 0.11973990499973297 0.18092948198318481 0.23620165884494781 0.27283403277397156
          0.2946431338787079 0.30813875794410706 0.3163747489452362 0.32147216796875 0.32521912455558777 0.32894816994667053
          0.3332085907459259 0.33668994903564453 0.3348855674266815 0.3225824236869812 0.2994368076324463 0.26850488781929016
          0.22874903678894043 0.1828940510749817 0.13808803260326385 0.10238782316446304 0.07710754871368408 0.05955721065402031
          0.04698394238948822 0.037597961723804474 0.03067323938012123 0.02622465044260025 0.024309566244482994 0.02478557452559471
          0.027412641793489456 0.03198559209704399 0.03837260976433754 0.04648260772228241 0.056218404322862625 0.06741052120923996
          0.07972760498523712 0.09259495884180069 0.10516803711652756 0.1164521723985672 0.1255878359079361 0.13262924551963806
          0.13750618696212769 0.1401204913854599 0.14037038385868073 0.13813653588294983 0.13328345119953156 0.12571550905704498
          8.908513168684809e-15 6.513416650651138e-13 3.9010225605373705e-11 2.036679047634493e-9 8.482977165158445e-8 0.0000017569269630257622
          0.000013192404367146082 0.00004956529664923437 0.00011618655116762966 0.00019137849449180067 0.00023485964629799128 0.00022315775277093053
          0.00017124340229202062 0.00011393104068702087 0.00009523439803160727 0.00014891284808982164 0.0004952480085194111 0.0022176133934408426
          0.0078104957938194275 0.01837560161948204 0.026959184557199478 0.025750817731022835 0.028573891147971153 0.05040380358695984
          0.09554026275873184 0.1612524390220642 0.23064301908016205 0.2763317823410034 0.30044087767601013 0.31343984603881836
          0.320832759141922 0.3255240321159363 0.32950642704963684 0.33383241295814514 0.3381914794445038 0.34051936864852905
          0.3366914689540863 0.3234924077987671 0.3050832748413086 0.28499576449394226 0.26262685656547546 0.23792074620723724
          0.2122022956609726 0.18651103973388672 0.16084638237953186 0.1356535106897354 0.11240661144256592 0.092613086104393
          0.0770091786980629 0.0656098872423172 0.05807790532708168 0.053990114480257034 0.05297326669096947 0.05474863201379776
          0.059134241193532944 0.06602301448583603 0.07535457611083984 0.08706799894571304 0.1010216698050499 0.11686814576387405
          0.13388821482658386 0.15067261457443237 0.16479970514774323 0.1759236752986908 0.1842113733291626 0.18989673256874084
          0.19314928352832794 0.194023996591568 0.19243626296520233 0.18816353380680084 1.4318791276637672e-15 9.769472692844686e-14
          5.3128248328482286e-12 2.460424641803627e-10 9.263973588247154e-9 1.699993532611188e-7 0.0000011664552630463731 0.000004273542799637653
          0.000009891177796816919 0.000015936711861286312 0.000019107306798105128 0.00001806897489586845 0.000015096051356522366 0.000014738953723281156
          0.00003013146670127753 0.00011587379412958398 0.0007040919153951108 0.0036612062249332666 0.012777494266629219 0.029451142996549606
          0.04518583416938782 0.04729660600423813 0.0402664989233017 0.04683960601687431 0.07479092478752136 0.12582193315029144
          0.1985393911600113 0.2598242163658142 0.29305416345596313 0.30960169434547424 0.31879475712776184 0.32466402649879456
          0.3294462263584137 0.33416205644607544 0.33849284052848816 0.3410329818725586 0.34004896879196167 0.33572274446487427
          0.32998958230018616 0.32401758432388306 0.3177720308303833 0.3112333118915558 0.3043374717235565 0.2972462475299835
          0.2899864912033081 0.2824349105358124 0.2741139829158783 0.26423412561416626 0.2519669234752655 0.2373063564300537
          0.22106021642684937 0.20453310012817383 0.18912628293037415 0.1759956032037735 0.16600631177425385 0.15970559418201447
          0.157414048910141 0.15929445624351501 0.16537511348724365 0.17554137110710144 0.1888062208890915 0.20156727731227875
          0.21227730810642242 0.22074811160564423 0.22702699899673462 0.23129363358020782 0.2337821125984192 0.2347172349691391
          0.23425762355327606 0.23244443535804749 1.58720276204512e-16 1.0099027293413148e-14 4.999283322384973e-13 2.0570364855920786e-11
          6.932881491117371e-10 1.1379767350661041e-8 7.310098482093963e-8 2.5649273993622046e-7 5.789069632555766e-7 9.284574389312183e-7
          0.000001138091988650558 0.0000011453732895461144 0.0000010795312164191273 0.0000013507184348782175 0.0000050156900215370115 0.0000452054591733031
          0.00045375345507636666 0.0028588909190148115 0.010812685824930668 0.02657608687877655 0.04586260765790939 0.05930853635072708
          0.06064024195075035 0.056662317365407944 0.06134892255067825 0.09983187913894653 0.14788278937339783 0.19166474044322968
          0.22972023487091064 0.25743967294692993 0.2768114507198334 0.2904543876647949 0.3003993034362793 0.30787602066993713
          0.313262015581131 0.3164123296737671 0.3174857199192047 0.317285418510437 0.31644389033317566 0.31527116894721985
          0.3139185607433319 0.31244683265686035 0.3108610212802887 0.3091333210468292 0.30721166729927063 0.3050748109817505
          0.3027503788471222 0.3003838062286377 0.29803648591041565 0.295907586812973 0.2940775156021118 0.2924073040485382
          0.29059770703315735 0.2883392572402954 0.2856253981590271 0.2826704978942871 0.27992767095565796 0.2779252231121063
          0.2769518196582794 0.27686184644699097 0.27625226974487305 0.275010883808136 0.27328217029571533 0.2711831331253052
          0.26880088448524475 0.26619163155555725 0.2633874714374542 0.26041194796562195 0.2572946548461914 0.2540742754936218
          9.549709182057324e-18 5.652914719100357e-16 2.5404440852946734e-14 9.27688915269842e-13 2.8055346240618562e-11 4.186580804255158e-10
          2.5292155036993336e-9 8.595613110173872e-9 1.982880526441022e-8 3.410700344375073e-8 4.661194452637574e-8 5.3812904354799684e-8
          5.696258043030866e-8 2.0376046450110152e-7 0.0000069670008997491095 0.000002293246552653727 0.0000030734206575289136 0.000010246862984786276
          0.0000525912364537362 0.0003539860190358013 0.001936679007485509 0.007725741248577833 0.022091221064329147 0.04362951219081879
          0.0690961480140686 0.08824808150529861 0.12070256471633911 0.1506182700395584 0.17118090391159058 0.18811635673046112
          0.2021348774433136 0.2135394662618637 0.22248239815235138 0.2289343774318695 0.2328178882598877 0.23440192639827728
          0.23438434302806854 0.2334366887807846 0.23202963173389435 0.2304127961397171 0.22870032489299774 0.22692513465881348
          0.2251046597957611 0.2232438623905182 0.221316397190094 0.21932575106620789 0.21732376515865326 0.2154301255941391
          0.2137509286403656 0.21234264969825745 0.21118055284023285 0.21024955809116364 0.2095663696527481 0.20916125178337097
          0.20901037752628326 0.2090514749288559 0.20919114351272583 0.20935167372226715 0.20962564647197723 0.21002772450447083
          0.21055284142494202 0.21119870245456696 0.21196387708187103 0.21284671127796173 0.21384462714195251 0.21495336294174194
          0.21616628766059875 0.21747376024723053 0.2188621610403061 0.2203122079372406
        </DataArray>
        <DataArray type="Float32" Name="CO2_Gas_mass_fractions_5" format="ascii" RangeMin="1.8759840870326928e-17" RangeMax="0.2990795373916626">
          3.446652338534584e-11 1.0149146412175014e-8 0.00000309500023831788 0.0009880911093205214 0.2990344762802124 0.1518895924091339
          0.10634075105190277 0.09777693450450897 0.09464024752378464 0.0929616391658783 0.09879060834646225 0.10439645498991013
          0.11007392406463623 0.11480693519115448 0.11728648096323013 0.11958082020282745 0.12192445993423462 0.12449777871370316
          0.12734034657478333 0.13037307560443878 0.13347727060317993 0.1365376114845276 0.1394541710615158 0.1421622484922409
          0.14464856684207916 0.14693623781204224 0.14905935525894165 0.15105293691158295 0.152956023812294 0.15481658279895782
          0.1566929966211319 0.1586480289697647 0.16073428094387054 0.1629829704761505 0.16539965569972992 0.16797149181365967
          0.1706852912902832 0.17353510856628418 0.17645859718322754 0.17751727998256683 0.16046631336212158 0.11284951865673065
          0.06635885685682297 0.04369819909334183 0.03599464148283005 0.029515031725168228 0.023359376937150955 0.01759307272732258
          0.012981030158698559 0.009805476292967796 0.007454278878867626 0.005582749843597412 0.004141612444072962 0.00307487859390676
          0.0023044326808303595 0.0017515021609142423 0.0013530798023566604 0.0010642908746376634 0.0008535881643183529 0.0006994585273787379
          0.0005867643048986793 0.000504800584167242 0.0004450527485460043 0.00039607021608389914 0.00035153847420588136 0.00030772239551879466
          0.0002631153038237244 0.00021795717475470155 0.0001741775486152619 0.00013699359260499477 2.8124405582197198e-11 8.202292178793869e-9
          0.000002550468479967094 0.0008723800419829786 0.2990795373916626 0.2809314429759979 0.16001857817173004 0.12775872647762299
          0.12130068987607956 0.13001935184001923 0.1442331075668335 0.15386393666267395 0.15794189274311066 0.15836875140666962
          0.17118361592292786 0.18806885182857513 0.17964237928390503 0.17419792711734772 0.17102620005607605 0.16918526589870453
          0.16809684038162231 0.16746625304222107 0.16717888414859772 0.16715414822101593 0.1673421710729599 0.16773954033851624
          0.16836749017238617 0.16923952102661133 0.17033405601978302 0.17159882187843323 0.17300477623939514 0.1745929718017578
          0.176386296749115 0.17824865877628326 0.17981281876564026 0.18052417039871216 0.18028341233730316 0.180303692817688
          0.18084867298603058 0.17476347088813782 0.14967575669288635 0.113104447722435 0.08978872001171112 0.08871234208345413
          0.09238698333501816 0.08602539449930191 0.07048144191503525 0.05260821804404259 0.03595680743455887 0.022251399233937263
          0.012499270960688591 0.007273708004504442 0.004576799925416708 0.003109818557277322 0.0022665110882371664 0.0017697795992717147
          0.0014846889534965158 0.0013377649011090398 0.0012849532067775726 0.0012978670420125127 0.001356647931970656 0.0014465420972555876
          0.0015481577720493078 0.0016087244730442762 0.0016110844444483519 0.0015481890877708793 0.0014222444733604789 0.0012433793162927032
          0.0010301790898665786 0.0008213312248699367 8.974310877762903e-12 1.8317847239046614e-9 3.2588499720986874e-7 0.00005295059236232191
          0.010651865974068642 0.29785507917404175 0.29193776845932007 0.25079506635665894 0.21905051171779633 0.19727061688899994
          0.17393964529037476 0.15086808800697327 0.13133840262889862 0.11804348975419998 0.1128016784787178 0.1290111243724823
          0.18705390393733978 0.19644130766391754 0.19916939735412598 0.19615061581134796 0.1906922608613968 0.1852208822965622
          0.18103720247745514 0.17818176746368408 0.17638422548770905 0.17543023824691772 0.17522262036800385 0.1757134348154068
          0.17683418095111847 0.17845787107944489 0.18039004504680634 0.18234680593013763 0.18385398387908936 0.18443025648593903
          0.1841757744550705 0.18362122774124146 0.18327416479587555 0.1834542602300644 0.18113654851913452 0.16789007186889648
          0.14268110692501068 0.11984923481941223 0.11339714378118515 0.11597206443548203 0.11501184850931168 0.10586481541395187
          0.08822127431631088 0.06436138600111008 0.04027251526713371 0.02201901376247406 0.011050724424421787 0.006089937873184681
          0.003969579003751278 0.0030693579465150833 0.002777432557195425 0.0028309402987360954 0.003104876261204481 0.0035291591193526983
          0.004056158009916544 0.004648264031857252 0.0052724918350577354 0.005899042822420597 0.006472988054156303 0.00684350123628974
          0.006970470305532217 0.0068387859500944614 0.006455693393945694 0.005847312044352293 0.005065174773335457 0.004233965650200844
          2.807870906271215e-12 5.12810627295579e-10 7.717134309359608e-8 0.000008585184332332574 0.0006284821429289877 0.01218744833022356
          0.01940910518169403 0.031170973554253578 0.0421103797852993 0.050988782197237015 0.05928729474544525 0.06330155581235886
          0.06208033114671707 0.057105258107185364 0.0667514055967331 0.12894940376281738 0.1802077293395996 0.16465964913368225
          0.16321474313735962 0.17444239556789398 0.1874876171350479 0.18772326409816742 0.1847141981124878 0.18231052160263062
          0.18088239431381226 0.18033693730831146 0.18060190975666046 0.1815861314535141 0.18309316039085388 0.18480482697486877
          0.18624942004680634 0.18699979782104492 0.18693219125270844 0.1862928420305252 0.1855664998292923 0.18523578345775604
          0.185395747423172 0.1843027025461197 0.17695072293281555 0.16022345423698425 0.1415347307920456 0.13128021359443665
          0.12668485939502716 0.11642684042453766 0.09645592421293259 0.07370322197675705 0.054687440395355225 0.03868075832724571
          0.02484443597495556 0.014535719528794289 0.008422652259469032 0.005679353605955839 0.0048421835526824 0.005043001379817724
          0.0058595878072083 0.007076683919876814 0.008576304651796818 0.010279851965606213 0.012112242169678211 0.013995439745485783
          0.015847204253077507 0.017585301771759987 0.01908222958445549 0.020085493102669716 0.020525477826595306 0.020369818434119225
          0.019617293030023575 0.018296685069799423 0.016475673764944077 0.014339051209390163 7.522798573314504e-13 1.2752852940334236e-10
          1.7686001996253253e-8 0.0000017643720866544754 0.00009764597052708268 0.0008590400102548301 0.002934986725449562 0.006823633797466755
          0.012179425917565823 0.017738008871674538 0.021807854995131493 0.023084184154868126 0.021316545084118843 0.020193735137581825
          0.09297835826873779 0.18101276457309723 0.14699062705039978 0.1187761053442955 0.10128168016672134 0.09791585803031921
          0.11608700454235077 0.13414092361927032 0.14301490783691406 0.1499277800321579 0.15951606631278992 0.17038632929325104
          0.17860591411590576 0.183840811252594 0.1869262158870697 0.18850214779376984 0.188851997256279 0.18846681714057922
          0.18766549229621887 0.18684275448322296 0.18637236952781677 0.18623048067092896 0.1851913332939148 0.18044091761112213
          0.16879308223724365 0.15271514654159546 0.13563407957553864 0.11622476577758789 0.09155354648828506 0.06897616386413574
          0.052591532468795776 0.04050668329000473 0.03101756051182747 0.022980771958827972 0.016230428591370583 0.011364846490323544
          0.008641403168439865 0.007771007716655731 0.00826337281614542 0.00974839087575674 0.012022930197417736 0.01494426280260086
          0.0183879304677248 0.022229550406336784 0.026304230093955994 0.030421070754528046 0.03436308726668358 0.037915002554655075
          0.040843330323696136 0.04294930770993233 0.044143881648778915 0.04436454549431801 0.0435684509575367 0.041734300553798676
          0.03891121223568916 0.035187676548957825 1.6566964271789997e-13 2.613166454057403e-11 3.374112322873657e-9 3.129935635115544e-7
          0.000016132258679135703 0.00014137494144961238 0.0005618353025056422 0.0014409360010176897 0.002711954526603222 0.003986767493188381
          0.004718005657196045 0.004565075039863586 0.003675958374515176 0.03401198238134384 0.19554656744003296 0.1566477119922638
          0.11633854359388351 0.08105415850877762 0.05581987649202347 0.04178265109658241 0.04197590425610542 0.056540314108133316
          0.07141907513141632 0.10169459879398346 0.13242946565151215 0.1577332615852356 0.17584872245788574 0.18489740788936615
          0.18850882351398468 0.18954721093177795 0.18927539885044098 0.1884784996509552 0.18763965368270874 0.18707779049873352
          0.18674081563949585 0.18575115501880646 0.18199269473552704 0.17332914471626282 0.15926337242126465 0.1416497677564621
          0.11990603059530258 0.09543944895267487 0.07178588956594467 0.05305427685379982 0.039851125329732895 0.030719399452209473
          0.024197690188884735 0.01934187300503254 0.015768658369779587 0.013482386246323586 0.012510398402810097 0.012778026983141899
          0.014162248000502586 0.016560109332203865 0.019908152520656586 0.024165106937289238 0.029287410899996758 0.03519437089562416
          0.04172052443027496 0.04857119545340538 0.05530588701367378 0.061398617923259735 0.06638244539499283 0.07026638090610504
          0.07299992442131042 0.07451970875263214 0.07476184517145157 0.07365471869707108 0.07112029939889908 0.06710513681173325
          2.924461210305693e-14 4.276417761572837e-12 5.125281865581144e-10 4.445595180868622e-8 0.0000021579521671810653 0.0000192255374713568
          0.00007968339195940644 0.00020864035468548536 0.00039067238685674965 0.0005555400857701898 0.0006178253679536283 0.0005458634113892913
          0.0004834145656786859 0.13160985708236694 0.18593084812164307 0.1413009613752365 0.09687685966491699 0.0598202720284462
          0.03457462787628174 0.023906700313091278 0.025678498670458794 0.03531952202320099 0.054586660116910934 0.08150181174278259
          0.11272630840539932 0.1446702927350998 0.1708800345659256 0.1837436556816101 0.18812625110149384 0.18908429145812988
          0.18873842060565948 0.18805645406246185 0.18753682076931 0.18732737004756927 0.187047079205513 0.1855846643447876
          0.18114112317562103 0.17240725457668304 0.16153812408447266 0.15026472508907318 0.13809475302696228 0.12487410753965378
          0.11121220886707306 0.09761079400777817 0.08405112475156784 0.0707668587565422 0.058535341173410416 0.04814423248171806
          0.039970409125089645 0.03401155397295952 0.030083218589425087 0.02795947901904583 0.02744377590715885 0.028391797095537186
          0.030712373554706573 0.03435610234737396 0.03930089250206947 0.045527566224336624 0.05297764763236046 0.061486050486564636
          0.07068954408168793 0.07984781265258789 0.0876399427652359 0.09384962171316147 0.09854284673929214 0.10182704031467438
          0.1037784144282341 0.10441354662179947 0.10367540270090103 0.10143523663282394 3.9511084257615094e-15 5.349618317773697e-13
          5.952863202374203e-11 4.789921792536234e-9 2.1804810046432976e-7 0.0000019332467218191596 0.000008077123311522882 0.00002120321187248919
          0.000039347854908555746 0.00005478428283822723 0.00005931903433520347 0.00005103555304231122 0.00015737627109047025 0.15967898070812225
          0.18990108370780945 0.14521658420562744 0.10038336366415024 0.061398398131132126 0.03520176559686661 0.026149211451411247
          0.03039073757827282 0.038292985409498215 0.047895077615976334 0.0657903328537941 0.09263289719820023 0.12173762917518616
          0.1536254733800888 0.1750829666852951 0.18367999792099 0.18639494478702545 0.1870604008436203 0.18708959221839905
          0.18710017204284668 0.1872527152299881 0.18725386261940002 0.18643707036972046 0.18419282138347626 0.18071624636650085
          0.17688851058483124 0.17319713532924652 0.16951653361320496 0.1657852828502655 0.16194164752960205 0.15806254744529724
          0.1541515588760376 0.15012507140636444 0.14570440351963043 0.1404467672109604 0.13389751315116882 0.12605223059654236
          0.11734706908464432 0.10848482698202133 0.100218765437603 0.09316952526569366 0.08780226111412048 0.0844137966632843
          0.08318419754505157 0.08421722799539566 0.08755883574485779 0.0932033434510231 0.10067439079284668 0.10796365886926651
          0.11417621374130249 0.11917544156312943 0.1229647696018219 0.12562736868858337 0.1272803694009781 0.12803706526756287
          0.127973735332489 0.12710115313529968 3.6857135216289503e-16 4.61025125410644e-14 4.783451846429587e-12 3.5994285330076536e-10
          1.528971083075703e-8 1.3220234507116402e-7 5.503786724148085e-7 0.0000014677430044685025 0.0000027758221676776884 0.000003951979124394711
          0.000004407615051604807 0.000003966338681493653 0.00001270181019208394 0.02629598043859005 0.2155364602804184 0.17514684796333313
          0.1307084560394287 0.08770032972097397 0.05352848768234253 0.03518778458237648 0.03281576558947563 0.03917337954044342
          0.0472559779882431 0.05676683411002159 0.07240340858697891 0.09946604818105698 0.12363600730895996 0.14182841777801514
          0.155885711312294 0.16513922810554504 0.17100083827972412 0.17474699020385742 0.17722274363040924 0.1788848340511322
          0.17986446619033813 0.18012575805187225 0.1797613948583603 0.17904344201087952 0.178176149725914 0.1772596836090088
          0.17632460594177246 0.17537586390972137 0.1744040846824646 0.1733938753604889 0.172316774725914 0.17117032408714294
          0.1699666529893875 0.16876550018787384 0.16754861176013947 0.16637645661830902 0.1652558445930481 0.1641036570072174
          0.16277961432933807 0.16115352511405945 0.1592537760734558 0.15722845494747162 0.1553601771593094 0.1539894938468933
          0.15335580706596375 0.15337370336055756 0.15318533778190613 0.15269076824188232 0.15194450318813324 0.15099062025547028
          0.14986297488212585 0.14858441054821014 0.14716878533363342 0.14562666416168213 0.1439700722694397 0.14221200346946716
          1.8759840870326928e-17 2.1503189209977087e-15 2.067298697679132e-13 1.4576459830828448e-11 5.829811633439874e-10 4.921837160054565e-9
          2.023677225793108e-8 5.38255378046415e-8 1.053064977440954e-7 1.604539079380629e-7 1.9708784293470671e-7 2.062545831904572e-7
          0.000015724834156571887 0.0048607876524329185 0.25180405378341675 0.16256490349769592 0.20699334144592285 0.16752727329730988
          0.12183239310979843 0.0766814798116684 0.04125501215457916 0.02182757668197155 0.019002238288521767 0.02858550474047661
          0.04708327353000641 0.07379285246133804 0.09994860738515854 0.11576355248689651 0.12469214200973511 0.13149337470531464
          0.13685476779937744 0.14104384183883667 0.14418719708919525 0.14630632102489471 0.1473952978849411 0.1475825160741806
          0.14715421199798584 0.14637379348278046 0.14542199671268463 0.1443934291601181 0.14333081245422363 0.14224499464035034
          0.14114132523536682 0.14002032577991486 0.13887037336826324 0.13769176602363586 0.1365043669939041 0.13535545766353607
          0.13428765535354614 0.13332436978816986 0.13245749473571777 0.13168327510356903 0.13101080060005188 0.13045430183410645
          0.13000619411468506 0.12964396178722382 0.12933382391929626 0.12904833257198334 0.12882165610790253 0.12865865230560303
          0.12855693697929382 0.12851521372795105 0.1285325437784195 0.12860795855522156 0.12873989343643188 0.12892569601535797
          0.129161074757576 0.1294393092393875 0.12975050508975983 0.13008037209510803
        </DataArray>
        <DataArray type="Float32" Name="H2_Gas_mass_fractions_6" format="ascii" RangeMin="1.6292761458497722e-18" RangeMax="0.05848603695631027">
          9.811232772397038e-13 1.087414117084684e-10 1.0890284229958525e-8 0.0000011654079798972816 0.00013604560808744282 0.013678654097020626
          0.012887438759207726 0.0132006099447608 0.013515423983335495 0.013742056675255299 0.015628255903720856 0.01725933887064457
          0.01872284896671772 0.020008469000458717 0.021116117015480995 0.02223491482436657 0.02345954068005085 0.02486547641456127
          0.026444295421242714 0.02811945416033268 0.029806973412632942 0.031443625688552856 0.03298458829522133 0.03440290689468384
          0.03569313511252403 0.036865316331386566 0.03793584555387497 0.0389242060482502 0.039853643625974655 0.04075160250067711
          0.041648752987384796 0.042575158178806305 0.04355315491557121 0.04459292069077492 0.045692358165979385 0.046843089163303375
          0.04804183170199394 0.049299318343400955 0.05064166337251663 0.051723189651966095 0.04806980863213539 0.03516136482357979
          0.021630175411701202 0.014558319002389908 0.012009082362055779 0.009860079735517502 0.007815836928784847 0.005897877737879753
          0.00436008907854557 0.0032980318646878004 0.0025098221376538277 0.0018814841751009226 0.0013970114523544908 0.001037981128320098
          0.0007783972541801631 0.0005919188261032104 0.00045742286602035165 0.00035984034184366465 0.00028856401331722736 0.0002363531821174547
          0.0001981085806619376 0.0001702213630778715 0.00014982643187977374 0.00013310778012964875 0.00011795514728873968 0.00010311920777894557
          0.00008809116843622178 0.00007293976523214951 0.00005829333167639561 0.00004587463627103716 5.113894876139502e-13 4.91128457347223e-11
          4.146868182175467e-9 3.440615898853139e-7 0.00003270966772106476 0.0029896714258939028 0.012794080190360546 0.015093637630343437
          0.016078246757388115 0.018582504242658615 0.0220052357763052 0.0240626260638237 0.02507569082081318 0.025661062449216843
          0.026050034910440445 0.02630562335252762 0.027120821177959442 0.028215205296874046 0.02927483431994915 0.030260352417826653
          0.031220918521285057 0.032162297517061234 0.03309425339102745 0.034030597656965256 0.03499108925461769 0.036002352833747864
          0.03710109740495682 0.0383354052901268 0.03975687921047211 0.041396237909793854 0.043224889785051346 0.04514237120747566
          0.04701785743236542 0.04873659089207649 0.05019048601388931 0.05122470483183861 0.0517730787396431 0.05226463824510574
          0.0530984066426754 0.05237557739019394 0.04606521129608154 0.03590443357825279 0.029290851205587387 0.029239263385534286
          0.03053121827542782 0.028477737680077553 0.02337884157896042 0.017490603029727936 0.01198551058769226 0.007438392844051123
          0.004191173706203699 0.0024448500480502844 0.0015407640021294355 0.001047769677825272 0.0007637380040250719 0.0005959807895123959
          0.000499258516356349 0.0004488948325160891 0.0004300756845623255 0.0004332494572736323 0.0004517334746196866 0.0004805648641195148
          0.0005132807418704033 0.0005324844387359917 0.0005325593519955873 0.0005112304934300482 0.00046926437062211335 0.00041001656791195273
          0.0003396030224394053 0.00027073713135905564 2.2535902451884665e-13 2.030322958368469e-11 1.5952162923937863e-9 1.1554045187267548e-7
          0.000007587830623378977 0.0003751769254449755 0.0019366274354979396 0.005028532352298498 0.007340555544942617 0.009124263189733028
          0.011158790439367294 0.013734105043113232 0.015868745744228363 0.017133792862296104 0.018013274297118187 0.019760603085160255
          0.02337406948208809 0.02930612489581108 0.03591151535511017 0.041287440806627274 0.0433262400329113 0.043075524270534515
          0.04227631166577339 0.041630662977695465 0.04132423177361488 0.04138396307826042 0.041821278631687164 0.04264748468995094
          0.04385346919298172 0.045380521565675735 0.04711310192942619 0.04890871047973633 0.05057765170931816 0.05188210681080818
          0.05271891504526138 0.05323619768023491 0.05371562018990517 0.0544610321521759 0.054739415645599365 0.05178862065076828
          0.04499384015798569 0.03862294927239418 0.03704407438635826 0.0380818136036396 0.037854958325624466 0.03491094708442688
          0.029156720265746117 0.021330472081899643 0.013393819332122803 0.007353114429861307 0.0037055916618555784 0.002047412097454071
          0.0013353816466405988 0.00103132298681885 0.0009309210581704974 0.0009460524888709188 0.0010347013594582677 0.001173266558907926
          0.0013457186287268996 0.0015394315123558044 0.0017433734610676765 0.0019476166926324368 0.002134046284481883 0.0022533379960805178
          0.0022926125675439835 0.0022471968550235033 0.0021197020541876554 0.0019188408041372895 0.0016615523491054773 0.0013886576052755117
          8.61504539039458e-14 7.47432064157616e-12 5.615263809488624e-10 3.792995073581551e-8 0.000002057681967926328 0.00005863988189958036
          0.00034303811844438314 0.001122683403082192 0.0024072143714874983 0.004071082919836044 0.005889366380870342 0.007339156232774258
          0.008063939400017262 0.008058667182922363 0.007617810741066933 0.007241372484713793 0.007820107974112034 0.00999827403575182
          0.013857487589120865 0.020673375576734543 0.02978806383907795 0.03484276309609413 0.03736649081110954 0.03911052644252777
          0.04054630175232887 0.04186015576124191 0.043215200304985046 0.044715140014886856 0.04640130326151848 0.04824753850698471
          0.05010249465703964 0.05171603709459305 0.052901335060596466 0.05368100851774216 0.0542454831302166 0.05488336831331253
          0.055800698697566986 0.05629899352788925 0.05501663312315941 0.05067365616559982 0.045491334050893784 0.042714912444353104
          0.04148783162236214 0.03827108442783356 0.031808577477931976 0.024382121860980988 0.018141627311706543 0.012865106575191021
          0.008287625387310982 0.004864812362939119 0.0028265321161597967 0.0019068652763962746 0.001622536568902433 0.0016846356447786093
          0.0019517659675329924 0.0023515289649367332 0.0028441199101507664 0.003402998438104987 0.004002965055406094 0.00461799930781126
          0.0052208504639565945 0.005784422624856234 0.006267097778618336 0.006587279494851828 0.006723150610923767 0.006664997432380915
          0.006413139868527651 0.005977449007332325 0.005380201153457165 0.0046815755777060986 2.763777196739068e-14 2.2905874245970903e-12
          1.6245201017728306e-10 1.0237897640763549e-8 5.04638535403501e-7 0.000012364515896479134 0.00008732683636480942 0.00031967158429324627
          0.0007782830507494509 0.0014091121265664697 0.002015311038121581 0.0023628673516213894 0.002331197028979659 0.0019765994511544704
          0.00145575066562742 0.0010033296421170235 0.0007530514267273247 0.0007518376223742962 0.0010625977301970124 0.0020635598339140415
          0.005716381128877401 0.012427782639861107 0.018134992569684982 0.02303781546652317 0.028965167701244354 0.0355248749256134
          0.04099017381668091 0.045140087604522705 0.048268187791109085 0.05070599168539047 0.05241271108388901 0.053577274084091187
          0.05437002331018448 0.0549897663295269 0.0556749626994133 0.056558359414339066 0.05724261328577995 0.05655105412006378
          0.05368613451719284 0.0491882860660553 0.04416709765791893 0.03812169283628464 0.03017955832183361 0.022823261097073555
          0.01745026372373104 0.013470440171658993 0.010334774851799011 0.007671627681702375 0.005429236683994532 0.003808070672675967
          0.0028963822405785322 0.00260050012730062 0.0027580929454416037 0.0032453821040689945 0.003993527498096228 0.004953771363943815
          0.00608358858153224 0.0073407115414738655 0.008669867180287838 0.010007648728787899 0.011282653547823429 0.012424643151462078
          0.01335859764367342 0.014022723771631718 0.014390234835445881 0.014442747458815575 0.01416800543665886 0.013560322113335133
          0.012636345811188221 0.011424615979194641 7.257239378671496e-15 5.675331081825274e-13 3.727990832702588e-11 2.1476762590566523e-9
          9.740684703274383e-8 0.0000022614115096075693 0.00001700033499218989 0.00006476676207967103 0.00015845389862079173 0.00027751768357120454
          0.0003684588591568172 0.00038385673542506993 0.0003225871187169105 0.00022457320301327854 0.00013500798377208412 0.00009034914546646178
          0.00009129005775321275 0.00019243905262555927 0.0005731086130253971 0.0013697071699425578 0.002157676499336958 0.003065818687900901
          0.005403146147727966 0.011367511004209518 0.02035561576485634 0.03075440227985382 0.040147170424461365 0.04637846723198891
          0.050104908645153046 0.05243305116891861 0.05387416109442711 0.05478610843420029 0.05547498166561127 0.056171827018260956
          0.056973330676555634 0.05765312537550926 0.0574224628508091 0.0553639717400074 0.05143304914236069 0.04614826664328575
          0.03933244198560715 0.03145545348525047 0.023753074929118156 0.01761411316692829 0.013266202062368393 0.010247414000332355
          0.008084545843303204 0.006469873245805502 0.005278567783534527 0.004513217136263847 0.004183719865977764 0.004265608265995979
          0.004717608913779259 0.005504429806023836 0.0066033899784088135 0.007998804561793804 0.009673935361206532 0.011599598452448845
          0.013718754053115845 0.015932492911815643 0.018095489591360092 0.0200366023927927 0.021608002483844757 0.022819112986326218
          0.023657895624637604 0.02410748600959778 0.02415037900209427 0.02376604452729225 0.022931165993213654 0.021629270166158676
          1.5253081322953374e-15 1.1165541554487499e-13 6.687883753742074e-12 3.488768718362678e-10 1.4529224046100353e-8 3.011190585766599e-7
          0.000002263514716105419 0.000008507911843480542 0.000019943981897085905 0.000032852280128281564 0.000040319293475477025 0.00003831568028545007
          0.000029411396099021658 0.000019584032997954637 0.00001594038440089207 0.00002482242234691512 0.0000845768881845288 0.00038132775807753205
          0.0013445240911096334 0.0031633616890758276 0.004640230443328619 0.00442825723439455 0.004898122977465391 0.008611766621470451
          0.016302507370710373 0.0275014229118824 0.03931882977485657 0.047096654772758484 0.05120941624045372 0.05344349518418312
          0.05473238229751587 0.05556982010602951 0.05629793927073479 0.057097937911748886 0.05791381374001503 0.05838598683476448
          0.05779123678803444 0.05556575953960419 0.05243059620261192 0.048994675278663635 0.045158751308918 0.04091611132025719
          0.03649669513106346 0.03208039700984955 0.027667712420225143 0.023335520178079605 0.019337564706802368 0.01593327708542347
          0.013249430805444717 0.011288709938526154 0.009993172250688076 0.009290086105465889 0.009115282446146011 0.009420832619071007
          0.010175439529120922 0.011360676027834415 0.012966131791472435 0.014981290325522423 0.017381731420755386 0.020107610151171684
          0.023035123944282532 0.025921804830431938 0.028351273387670517 0.030264202505350113 0.03168937563896179 0.032667070627212524
          0.033226463943719864 0.03337700664997101 0.033104125410318375 0.032369501888751984 2.449451994452354e-16 1.6736766256220635e-14
          9.105220917515755e-13 4.213182580592445e-11 1.5857338775404628e-9 2.9088656816611547e-8 1.9955999164267268e-7 7.31901138806279e-7
          0.0000016957599200395634 0.0000027341613986209268 0.00000327931502397405 0.000003101720039921929 0.000002592855707916897 0.0000025346685106342193
          0.000004691748472396284 0.000019097638869425282 0.0001204247964778915 0.0006297841318883002 0.002199379960075021 0.005069520324468613
          0.0077774254605174065 0.008138583973050117 0.006921035703271627 0.008032144047319889 0.012797679752111435 0.021510478109121323
          0.033915746957063675 0.04436538368463516 0.05003345385193825 0.05286687612533569 0.05445571616292 0.05548682436347008
          0.05634341016411781 0.05719982832670212 0.057996612042188644 0.05848603695631027 0.05836010351777077 0.057646557688713074
          0.056682076305150986 0.05566997453570366 0.05460680276155472 0.053490616381168365 0.05231132358312607 0.05109717324376106
          0.04985310509800911 0.048558179289102554 0.047130510210990906 0.04543445259332657 0.04332759231328964 0.040808845311403275
          0.03801707550883293 0.035176608711481094 0.032528460025787354 0.030271459370851517 0.028554480522871017 0.02747168578207493
          0.027078241109848022 0.027402125298976898 0.028448106721043587 0.030196230858564377 0.03247654065489769 0.03466996178030968
          0.03651075065135956 0.03796668350696564 0.03904597461223602 0.039779528975486755 0.04020758345723152 0.04036877676844597
          0.04029034078121185 0.03997933119535446 2.7119602764751194e-17 1.7286147802403275e-15 8.563728746318125e-14 3.52129827033143e-12
          1.1861994719808422e-10 1.9457857547422464e-9 1.2492971102062711e-8 4.382899732036094e-8 9.891721930443964e-8 1.5863997759879567e-7
          1.9447193722044176e-7 1.9579533727664966e-7 1.8480544383692177e-7 2.2970550617174013e-7 6.024285994499223e-7 0.0000069933762461005244
          0.00007727815682301298 0.0004914164310321212 0.0018607669044286013 0.004574127960950136 0.007893450558185577 0.01020672544836998
          0.010432620532810688 0.009738944470882416 0.010525663383305073 0.01710120402276516 0.025305360555648804 0.03277941420674324
          0.03927706182003021 0.0440143458545208 0.04733194410800934 0.04967730492353439 0.05139753594994545 0.05270204693078995
          0.05365220457315445 0.05421854183077812 0.05442441254854202 0.05440742149949074 0.05427717790007591 0.0540878027677536
          0.05386578291654587 0.05362197756767273 0.05335751548409462 0.05306778848171234 0.05274399742484093 0.052382517606019974
          0.05198817327618599 0.05158603936433792 0.0511869378387928 0.050825271755456924 0.050514981150627136 0.05023225024342537
          0.04992561414837837 0.04954180493950844 0.049079589545726776 0.048575691878795624 0.04810789227485657 0.04776684194803238
          0.047601986676454544 0.04758836328983307 0.04748521000146866 0.04727335274219513 0.046977680176496506 0.046618349850177765
          0.04621034860610962 0.04576336219906807 0.04528290405869484 0.04477301239967346 0.044238775968551636 0.043686844408512115
          1.6292761458497722e-18 9.664272704279183e-17 4.3485371316461744e-15 1.5874207872669521e-13 4.798329702321302e-12 7.155608050535278e-11
          4.3200079624661214e-10 1.46766854225433e-9 3.3851825786967993e-9 5.822720527959291e-9 7.95888421833979e-9 9.192430816540309e-9
          9.660018562840378e-9 1.0256751892256943e-8 1.5616599569057144e-8 2.7743585206962962e-8 8.23158572416105e-8 7.888630761954118e-7
          0.000008118892765196506 0.00006043858957127668 0.0003329830360598862 0.0013295101234689355 0.00380179425701499 0.007507088594138622
          0.011883259750902653 0.015156098641455173 0.020693432539701462 0.02580047957599163 0.029313739389181137 0.03220877796411514
          0.034607063978910446 0.0365605354309082 0.03809523954987526 0.039205774664878845 0.039877887815237045 0.040156424045562744
          0.0401601605117321 0.04000399261713028 0.03976864740252495 0.03949699550867081 0.039208728820085526 0.0389094352722168
          0.03860213980078697 0.0382876954972744 0.03796158358454704 0.037624407559633255 0.03728509321808815 0.036964237689971924
          0.03668009489774704 0.036442384123802185 0.03624683618545532 0.03609085455536842 0.03597730025649071 0.03591137379407883
          0.035888977348804474 0.03589939326047897 0.03592655807733536 0.03595709055662155 0.03600696101784706 0.036078717559576035
          0.036171507090330124 0.03628495708107948 0.03641883283853531 0.03657286986708641 0.03674662858247757 0.03693939745426178
          0.03715004026889801 0.03737691044807434 0.037617675960063934 0.037869036197662354
        </DataArray>
        <DataArray type="Float32" Name="CH4_Gas_mass_fractions_7" format="ascii" RangeMin="2.0372726432338962e-18" RangeMax="0.07275554537773132">
          1.2206528106004089e-12 1.353012424321065e-10 1.3569354528897293e-8 0.0000014583780512111844 0.00017351954011246562 0.018884191289544106
          0.01790759153664112 0.018310843035578728 0.018725497648119926 0.019018977880477905 0.02128627523779869 0.02324540540575981
          0.024998927488923073 0.026538418605923653 0.027873940765857697 0.02922498993575573 0.030705513432621956 0.03240630775690079
          0.034316133707761765 0.036340851336717606 0.038377545773983 0.04034930467605591 0.04220268502831459 0.04390677809715271
          0.04545694962143898 0.04686688631772995 0.048157189041376114 0.04935147613286972 0.050477493554353714 0.05156794935464859
          0.052659567445516586 0.0537884347140789 0.0549812950193882 0.05624997615814209 0.05759119987487793 0.05899382010102272
          0.060452621430158615 0.061978861689567566 0.0635998398065567 0.06485682725906372 0.06011704355478287 0.04382878169417381
          0.026873048394918442 0.01806144416332245 0.014898091554641724 0.012231630273163319 0.009695226326584816 0.007315595168620348
          0.005407756194472313 0.004090242087841034 0.003112525912001729 0.002333170035853982 0.0017322960775345564 0.0012870322680100799
          0.0009651198051869869 0.0007338791619986296 0.0005671075196005404 0.0004461136122699827 0.0003577414317987859 0.00029301096219569445
          0.00024559831945225596 0.00021102820755913854 0.0001857476745499298 0.00016502429207321256 0.000146241276524961 0.0001278495037695393
          0.00010921820648945868 0.00009043292084243149 0.00007227308378787711 0.000056875127484090626 6.362655085960511e-13 6.109055622482984e-11
          5.161777671958134e-9 4.2939547029163805e-7 0.00004111343150725588 0.0038854843005537987 0.017682932317256927 0.02101268246769905
          0.02234414406120777 0.02531328611075878 0.029274551197886467 0.03154895082116127 0.03254856914281845 0.03305032476782799
          0.03339258208870888 0.033694613724946976 0.0347457081079483 0.03614507243037224 0.03749363496899605 0.038739267736673355
          0.03994624689221382 0.041125111281871796 0.04228982329368591 0.04345891252160072 0.04465782269835472 0.04592009261250496
          0.047291047871112823 0.04882846772670746 0.050591595470905304 0.05261090770363808 0.054843977093696594 0.057165198028087616
          0.05941757932305336 0.06146548315882683 0.06318043172359467 0.06437952071428299 0.0649958997964859 0.06555861979722977
          0.06652317196130753 0.06549017131328583 0.057466309517621994 0.04468216001987457 0.036379825323820114 0.036289092153310776
          0.03788575157523155 0.0353352390229702 0.029007084667682648 0.021700192242860794 0.014869226142764091 0.009227319620549679
          0.00519859092310071 0.0030321923550218344 0.0019107486587017775 0.0012992889387533069 0.0009470342192798853 0.0007389983511529863
          0.0006190636195242405 0.0005566221661865711 0.0005333004519343376 0.0005372522282414138 0.0005601898883469403 0.0005959587288089097
          0.0006365438457578421 0.0006603693473152816 0.0006604694062843919 0.0006340224063023925 0.000581979111302644 0.0005085013108327985
          0.00042117456905543804 0.00033576652640476823 2.8043829736722203e-13 2.5254260488383196e-11 1.9847186116805915e-9 1.4384046664872585e-7
          0.000009453290658711921 0.00047429362894035876 0.0025110007263720036 0.006578634027391672 0.009502430446445942 0.01158011332154274
          0.01395876519382 0.017119770869612694 0.019773870706558228 0.021357616409659386 0.022472942247986794 0.02468610182404518
          0.02924382872879505 0.03672551363706589 0.045086849480867386 0.05197591334581375 0.05469110608100891 0.054494645446538925
          0.053571827709674835 0.05281319469213486 0.0524604395031929 0.052552320063114166 0.05310409888625145 0.05412755534052849
          0.055606383830308914 0.05746227875351906 0.059549909085035324 0.0616958811879158 0.06367431581020355 0.06520486623048782
          0.06616978347301483 0.06675148010253906 0.06729138642549515 0.06814684718847275 0.06838305294513702 0.06458139419555664
          0.0560101717710495 0.04800286144018173 0.04599573463201523 0.04726662486791611 0.04697798192501068 0.04332074895501137
          0.03617794066667557 0.02646527998149395 0.01661672629415989 0.009121505543589592 0.004596152808517218 0.002539155539125204
          0.0016559786163270473 0.001278879470191896 0.0011543838772922754 0.0011731786653399467 0.0012831497006118298 0.0014550256310030818
          0.0016689265612512827 0.0019091945141553879 0.002162148477509618 0.002415476366877556 0.002646711887791753 0.002794678322970867
          0.002843401161953807 0.002787084085866809 0.002628964139148593 0.0023798479232937098 0.0020607446786016226 0.0017222842434421182
          1.0723555696852058e-13 9.298377172395345e-12 6.986627942850987e-10 4.7208370546059086e-8 0.0000025598737920518033 0.00007311847730306908
          0.00042884895810857415 0.001404898939654231 0.0030031653586775064 0.005069156643003225 0.007331300526857376 0.009135164320468903
          0.010036819614470005 0.010031173937022686 0.009486026130616665 0.009023891761898994 0.0097544239833951 0.01248520240187645
          0.01732669584453106 0.0259011909365654 0.03742388263344765 0.04387558996677399 0.04713466763496399 0.04939722269773483
          0.05125419422984123 0.052937839180231094 0.05464857444167137 0.056512702256441116 0.05858129635453224 0.060825031250715256
          0.06306391954421997 0.06499647349119186 0.06639837473630905 0.06730212271213531 0.06794238835573196 0.06866725534200668
          0.06971913576126099 0.07025207579135895 0.06854981929063797 0.06305509060621262 0.056540850549936295 0.053044840693473816
          0.05149857699871063 0.047495536506175995 0.03947020322084427 0.030252164229750633 0.022507797926664352 0.01596044935286045
          0.010280860587954521 0.006034214049577713 0.0035055475309491158 0.0023647351190447807 0.002012082375586033 0.0020891320891678333
          0.002420476172119379 0.0029163151048123837 0.0035272808745503426 0.00422045961022377 0.004964600782841444 0.005727434065192938
          0.0064751640893518925 0.007174186874181032 0.007772883865982294 0.008170042186975479 0.008338598534464836 0.008266499266028404
          0.00795413926243782 0.007413762155920267 0.006672997958958149 0.005806490313261747 3.441429812563873e-14 2.8502393587676034e-12
          2.0215873419715535e-10 1.274437533282935e-8 6.279328204072954e-7 0.000015381792763946578 0.00010867285163840279 0.000397852883907035
          0.000968647887930274 0.0017537364037707448 0.002508036559447646 0.0029403080698102713 0.0029006004333496094 0.002459115581586957
          0.0018108447548002005 0.0012476996053010225 0.0009362244163639843 0.000934786454308778 0.0013218213571235538 0.002571231685578823
          0.007150506600737572 0.015591297298669815 0.02278856746852398 0.028980083763599396 0.036464985460042953 0.044734787195920944
          0.051606908440589905 0.05680215731263161 0.06069055199623108 0.06369048357009888 0.06576644629240036 0.06716225296258926
          0.06809300184249878 0.06880437582731247 0.06958619505167007 0.07059478014707565 0.0713438019156456 0.07040657103061676
          0.06676644831895828 0.06111970171332359 0.05484161153435707 0.04731510952115059 0.0374491848051548 0.02831733040511608
          0.021649334579706192 0.016710961237549782 0.012820384465157986 0.009516237303614616 0.006734203547239304 0.004722974728792906
          0.003591987071558833 0.003224951447919011 0.0034204255789518356 0.004024832975119352 0.004952773917466402 0.006143774837255478
          0.007545098662376404 0.009104329161345959 0.010752920061349869 0.012412238866090775 0.013993728905916214 0.015410276129841805
          0.016568822786211967 0.017392687499523163 0.017848629504442215 0.017913836985826492 0.017573105171322823 0.01681937649846077
          0.015673307701945305 0.014170307666063309 9.040821409111825e-15 7.064206533104189e-13 4.6405761178203164e-11 2.6749911175016905e-9
          1.21314499779146e-7 0.0000028136228138464503 0.000021150990505702794 0.00008058860839810222 0.00019716907991096377 0.0003453167446423322
          0.0004584497073665261 0.0004775685374625027 0.00040129348053596914 0.0002793087624013424 0.00016782080638222396 0.00011217909923288971
          0.0001131560857174918 0.00023838122433517128 0.0007101292721927166 0.001697584637440741 0.00267679407261312 0.0038200831040740013
          0.00675311591476202 0.01424333080649376 0.025525415316224098 0.038568709045648575 0.05035042762756348 0.05815957486629486
          0.0628107339143753 0.06569159030914307 0.06745215505361557 0.0685441866517067 0.06934904307126999 0.07015120983123779
          0.07106801122426987 0.07181958109140396 0.07144282013177872 0.06882359087467194 0.06389067322015762 0.05729493498802185
          0.048814304172992706 0.03903047740459442 0.02946959063410759 0.021851351484656334 0.016456471756100655 0.012711073271930218
          0.01002776250243187 0.008024625480175018 0.0065467385575175285 0.005597290117293596 0.005188534967601299 0.005290089175105095
          0.005850728135555983 0.006826659664511681 0.008189746178686619 0.00992053933441639 0.011998290196061134 0.014386821538209915
          0.017015408724546432 0.019761398434638977 0.022444557398557663 0.024852609261870384 0.02680213935673237 0.02830473892390728
          0.02934543415904045 0.02990328148007393 0.02995656058192253 0.02947980724275112 0.028444109484553337 0.026829050853848457
          1.9013090221968367e-15 1.3903471202027923e-13 8.327119375983738e-12 4.3468656452105847e-10 1.8104229226878488e-8 3.7505910199797654e-7
          0.000002817065933413687 0.000010585191375866998 0.00002481294905010145 0.00004087113484274596 0.00005015742135583423 0.000047659079427830875
          0.00003657323031802662 0.0000243330196099123 0.00001977000829356257 0.00003073136758757755 0.00010473169095348567 0.00047248793998733163
          0.0016664566937834024 0.0039214021526277065 0.005753214005380869 0.005494916345924139 0.006095674354583025 0.010749716311693192
          0.020373767241835594 0.03438500687479973 0.049179356545209885 0.058919914066791534 0.06406081467866898 0.06683463603258133
          0.0684143677353859 0.06941907852888107 0.07027386128902435 0.07120320945978165 0.07214045524597168 0.07264450937509537
          0.07183399796485901 0.06902247667312622 0.06509879976511002 0.06081495061516762 0.05604320764541626 0.05077207088470459
          0.04528450965881348 0.03980249539017677 0.0343259796500206 0.028950007632374763 0.02398918941617012 0.019765237346291542
          0.016435302793979645 0.014002621173858643 0.01239523384720087 0.011522859334945679 0.01130585465580225 0.011684739962220192
          0.01262067910283804 0.014090816490352154 0.01608225516974926 0.01858198456466198 0.021559767425060272 0.024941440671682358
          0.02857350744307041 0.032155223190784454 0.03516983240842819 0.03754357621073723 0.03931207209825516 0.04052525386214256
          0.04121929779648781 0.04140593856573105 0.04106711596250534 0.040155328810214996 3.0556567988411075e-16 2.085210801770765e-14
          1.1340275506838138e-12 5.2510742282185774e-11 1.9769497150434745e-9 3.6280553672440874e-8 2.489500445790327e-7 9.122601909439254e-7
          0.0000021118560198374325 0.0000034031183986371616 0.000004080434337083716 0.000003858667696476914 0.000003223644853278529 0.0000031442418730875943
          0.0000058102050388697535 0.000023647171474294737 0.00014920913963578641 0.0007805922068655491 0.0027264710515737534 0.0062849679961800575
          0.009642827324569225 0.010093051940202713 0.008592074736952782 0.009992766194045544 0.01595304347574711 0.026835914701223373
          0.04234221205115318 0.05540985241532326 0.06249561533331871 0.06602539122104645 0.0679880902171135 0.06924307346343994
          0.07026740163564682 0.07127866894006729 0.07220825552940369 0.07275554537773132 0.07254978269338608 0.0716298371553421
          0.0704093798995018 0.06913703680038452 0.06780573725700378 0.06641151010990143 0.06494086980819702 0.0634283646941185
          0.06187979131937027 0.06026885658502579 0.05849369987845421 0.056385841220617294 0.05376851558685303 0.05064042657613754
          0.047173939645290375 0.043647442013025284 0.04035995900630951 0.037558138370513916 0.03542664274573326 0.034082237631082535
          0.033593349158763885 0.033994708210229874 0.035292334854602814 0.03746172785758972 0.04029224067926407 0.04301520064473152
          0.04530049487948418 0.04710797592997551 0.048447754234075546 0.04935817793011665 0.04988919198513031 0.05008876696228981
          0.04999074339866638 0.0496039055287838 3.386632937747255e-17 2.155311756705299e-15 1.0670364738269919e-13 4.3900074547797985e-12
          1.4794178382349088e-10 2.428352186001348e-9 1.5598997649135526e-8 5.4733288123998136e-8 1.2353385159258323e-7 1.981241553039581e-7
          2.4285782274091616e-7 2.444167535031738e-7 2.3038690244447935e-7 2.8717130362565513e-7 7.469423053407809e-7 0.000008668690497870557
          0.0000957826487137936 0.0006091872346587479 0.0023069309536367655 0.005671214312314987 0.00978709477931261 0.012656409293413162
          0.012940307147800922 0.012090595439076424 0.013088810257613659 0.021296391263604164 0.03154367208480835 0.04088032245635986
          0.04899589344859123 0.05490773916244507 0.05904003232717514 0.061951279640197754 0.0640745759010315 0.06567209213972092
          0.06682394444942474 0.06749872863292694 0.06772994995117188 0.06768900156021118 0.06751095503568649 0.067262202501297
          0.06697484850883484 0.06666192412376404 0.06632451713085175 0.0659567341208458 0.06554747372865677 0.06509219855070114
          0.06459683179855347 0.06409239768981934 0.06359202414751053 0.06313826143741608 0.0627482458949089 0.06239235773682594
          0.06200672313570976 0.06152531877160072 0.06094673275947571 0.06031667813658714 0.05973184108734131 0.05930492654442787
          0.05909750610589981 0.05907852202653885 0.058948639780282974 0.058683931827545166 0.058315228670835495 0.057867515832185745
          0.05735936388373375 0.05680278316140175 0.056204620748758316 0.05556989461183548 0.05490491911768913 0.054217949509620667
          2.0372726432338962e-18 1.2062551203223168e-16 5.4217693804317884e-15 1.9797308052887236e-13 5.9865177051698915e-12 8.933314504799839e-11
          5.396619262576507e-10 1.8340111651582447e-9 4.230732653098812e-9 7.2771375592139975e-9 9.945289036750182e-9 1.1481973594129613e-8
          1.205640121071383e-8 1.2785108083335217e-8 1.9420744123976874e-8 3.4514457070145e-8 1.025001381549373e-7 9.7766428552859e-7
          0.000010063682566396892 0.00007492709846701473 0.00041283684549853206 0.0016484559746459126 0.004714235197752714 0.009310422465205193
          0.014744325540959835 0.018829181790351868 0.02575027197599411 0.03213002160191536 0.03651544079184532 0.04012744501233101
          0.04311753436923027 0.04555034637451172 0.04745836183428764 0.04883527383208275 0.0496644452214241 0.05000312253832817
          0.05000009015202522 0.049798596650362015 0.04949904978275299 0.04915471747517586 0.048790037631988525 0.048411931842565536
          0.04802414029836655 0.04762771725654602 0.04721703752875328 0.046792853623628616 0.04636622592806816 0.045962702482938766
          0.04560491442680359 0.04530492052435875 0.04505744203925133 0.044859256595373154 0.04471392557024956 0.04462791234254837
          0.04459612816572189 0.044605281203985214 0.04463544860482216 0.04467003792524338 0.04472881555557251 0.04481491446495056
          0.04492725059390068 0.045065343379974365 0.04522888734936714 0.045417532324790955 0.04563072696328163 0.04586756229400635
          0.04612663388252258 0.04640587046742439 0.04670237749814987 0.04701204225420952
        </DataArray>
        <DataArray type="Float32" Name="TAR_Gas_mass_fractions_8" format="ascii" RangeMin="6.414539977706801e-18" RangeMax="0.6207574605941772">
          1.6413357218497682e-12 1.52006351950007e-10 1.6427280868924754e-8 0.0000031871711598796537 0.001289506908506155 0.5131421089172363
          0.5154332518577576 0.512404203414917 0.5129557847976685 0.5115240216255188 0.4921523928642273 0.47524309158325195
          0.4588761329650879 0.44422101974487305 0.4339253604412079 0.4240836799144745 0.41379836201667786 0.40237370133399963
          0.38969284296035767 0.376046359539032 0.3617936670780182 0.34730660915374756 0.33306559920310974 0.3196207284927368
          0.30741849541664124 0.29670125246047974 0.28750213980674744 0.27967509627342224 0.27295151352882385 0.26700836420059204
          0.2615189254283905 0.2561852037906647 0.25076285004615784 0.24506181478500366 0.23893091082572937 0.23221582174301147
          0.22467559576034546 0.21586517989635468 0.20462118089199066 0.183524027466774 0.13061273097991943 0.05799861252307892
          0.011713383719325066 0.000953837763518095 0.0007074767490848899 0.0005528188194148242 0.0004123298858758062 0.00028896599542349577
          0.00019957500626333058 0.0001442795473849401 0.00010629085591062903 0.00007734077371424064 0.000055879336287034675 0.00004052792428410612
          0.000029776598239550367 0.00002227420191047713 0.000017011438103509136 0.000013301681065058801 0.000010680235391191673 0.000008839590918796603
          0.000007569592526124325 0.000006725600997015135 0.0000061885311879450455 0.000005757882263424108 0.000005325700385583332 0.0000048275924200424924
          0.000004242794148012763 0.0000035916482374886982 0.0000029286086373758735 0.0000023541576865682146 8.929602391717639e-13 6.715798750445146e-11
          5.214377818418825e-9 6.737297439940448e-7 0.000147453582030721 0.04759838432073593 0.4851915240287781 0.5986862182617188
          0.6207574605941772 0.58372563123703 0.5117854475975037 0.44024601578712463 0.37326642870903015 0.314615398645401
          0.2778923213481903 0.27375856041908264 0.2837936580181122 0.2943059206008911 0.3028136193752289 0.3084982931613922
          0.31221887469291687 0.3148416578769684 0.31682875752449036 0.31852349638938904 0.32015958428382874 0.32186251878738403
          0.3235931098461151 0.3249293267726898 0.3247639238834381 0.32129424810409546 0.3128206133842468 0.29901689291000366
          0.2810707092285156 0.2605770230293274 0.23893404006958008 0.21843184530735016 0.20280160009860992 0.19125066697597504
          0.17413991689682007 0.1399701088666916 0.08895143121480942 0.040418364107608795 0.01312324870377779 0.005434200167655945
          0.003569676075130701 0.0026056666392832994 0.001806723652407527 0.001180095598101616 0.0007178981322795153 0.0003984812065027654
          0.00020169418712612242 0.00010863126226468012 0.00006502222822746262 0.00004292185258236714 0.000030939001590013504 0.000024348273655050434
          0.0000210004818654852 0.000019788361896644346 0.00002007931107073091 0.00002148185194528196 0.000023730919565423392 0.00002663387385837268
          0.000029866308977943845 0.00003226007902412675 0.000033351374440826476 0.00003288208245066926 0.00003081593968090601 0.000027334275728208013
          0.000022857238946016878 0.000018300483134225942 4.1908075859402316e-13 2.8809890237346814e-11 1.8380565958153738e-9 1.2725487863463059e-7
          0.000009478783795202617 0.0024292527232319117 0.029322577640414238 0.08960847556591034 0.10360284149646759 0.06873853504657745
          0.03142767772078514 0.022823285311460495 0.024327682331204414 0.027855126187205315 0.03387840464711189 0.04546636343002319
          0.06495839357376099 0.0967014729976654 0.13963426649570465 0.19569000601768494 0.24271854758262634 0.2714509665966034
          0.28854644298553467 0.2990514039993286 0.30583569407463074 0.310222864151001 0.31249886751174927 0.3121437728404999
          0.3079773783683777 0.29868873953819275 0.28378432989120483 0.264067679643631 0.24183160066604614 0.22061936557292938
          0.20288479328155518 0.18832051753997803 0.175027996301651 0.15817847847938538 0.13106206059455872 0.0945202112197876
          0.05609581619501114 0.02704244665801525 0.013201642781496048 0.008389323018491268 0.006173228845000267 0.0045315977185964584
          0.003075247397646308 0.0018343805568292737 0.0009388328762724996 0.0004225465818308294 0.00017905487038660794 0.00008947190508479252
          0.000056329685321543366 0.00004412058478919789 0.000041813516872935 0.00004524428004515357 0.00005261944534140639 0.00006303179543465376
          0.00007589383312733844 0.00009073386900126934 0.00010710457718232647 0.00012456084368750453 0.00014194527466315776 0.00015517810243181884
          0.0001626783050596714 0.00016347617201972753 0.00015726781566627324 0.0001444155495846644 0.0001261524303117767 0.00010576689965091646
          1.7263110157952205e-13 1.1380410502859206e-11 6.737774782550332e-10 3.773532597506346e-8 0.0000013687561022379668 0.00009323925769422203
          0.000855008780490607 0.0031404041219502687 0.0043426696211099625 0.004822406452149153 0.006532149855047464 0.007956980727612972
          0.008643549866974354 0.008887486532330513 0.009342633187770844 0.010618689469993114 0.014006043784320354 0.021588582545518875
          0.0356648787856102 0.06657147407531738 0.1219574362039566 0.16810399293899536 0.20061270892620087 0.22568239271640778
          0.2449040710926056 0.25857529044151306 0.2662573754787445 0.2674281597137451 0.2621033489704132 0.25109121203422546
          0.2362920641899109 0.21979664266109467 0.2033654898405075 0.18808050453662872 0.17361657321453094 0.15758107602596283
          0.13659155368804932 0.11526426672935486 0.08635104447603226 0.05718173831701279 0.033031437546014786 0.01804804988205433
          0.010923286899924278 0.007036301307380199 0.004325149115175009 0.0025399646256119013 0.001526791020296514 0.0009141859482042491
          0.0005036535440012813 0.0002540122368372977 0.00013052068243268877 0.00008383759995922446 0.00007327809726120904 0.0000809311677585356
          0.00009987838711822405 0.00012722173414658755 0.00016169252921827137 0.00020261672034393996 0.0002492169733159244 0.00030046203755773604
          0.0003549995308276266 0.00041121209505945444 0.000465630175312981 0.0005090601625852287 0.0005373890162445605 0.0005477258819155395
          0.0005384582909755409 0.0005094661028124392 0.00046246696729213 0.0004032470169477165 6.028937928320016e-14 3.809424563988584e-12
          2.120341263678327e-10 1.093114221362157e-8 3.8351487319232547e-7 0.000008377696758543607 0.00007363138865912333 0.0002882462285924703
          0.0007186476141214371 0.001304203411564231 0.0018361603142693639 0.0020916264038532972 0.0019875492434948683 0.0016137418569996953
          0.0011230657109990716 0.0007143941475078464 0.0005287216627039015 0.0006205188692547381 0.0011074746726080775 0.0032185851596295834
          0.015697816386818886 0.04544941708445549 0.07565490156412125 0.10380910336971283 0.1377600133419037 0.17199987173080444
          0.19612592458724976 0.20883674919605255 0.21165482699871063 0.2064419984817505 0.1968739628791809 0.18530508875846863
          0.1727101355791092 0.15889546275138855 0.1423858255147934 0.1209351047873497 0.09573988616466522 0.07473024725914001
          0.05102803185582161 0.03172378987073898 0.017098138108849525 0.008829033002257347 0.004535679705440998 0.0024810542818158865
          0.0015296160709112883 0.0010077131446450949 0.0006813821964897215 0.0004530799633357674 0.00028813412063755095 0.00018404809816274792
          0.00013327028136700392 0.0001212399365613237 0.00013519954518415034 0.00016841369506437331 0.00021882647706661373 0.0002859843662008643
          0.0003699049702845514 0.000470557133667171 0.000586682406719774 0.0007157974760048091 0.000853691075462848 0.0009948648512363434
          0.0011299882316961884 0.0012444788590073586 0.0013294789241626859 0.0013779220171272755 0.0013845424400642514 0.0013463294599205256
          0.0012642646906897426 0.0011427858844399452 1.742296458745029e-14 1.0488494838270523e-12 5.5419259459288384e-11 2.846686664170761e-9
          1.1119166032358407e-7 0.000001596720267116325 0.000011920598808501381 0.00004914448072668165 0.00012355954095255584 0.0002157371345674619
          0.00028028900851495564 0.00028208945877850056 0.00022626818099524826 0.00014671147800981998 0.00007557041681138799 0.000038364411011571065
          0.00001948162571352441 0.000014248036677599885 0.00002594841134850867 0.00006629514246014878 0.0006907844799570739 0.0049712564796209335
          0.01371354516595602 0.03747893124818802 0.07213649153709412 0.11004076153039932 0.14439961314201355 0.16551335155963898
          0.17356203496456146 0.1725100427865982 0.16634514927864075 0.157065287232399 0.14512483775615692 0.12997381389141083
          0.11079919338226318 0.08747575432062149 0.06350446492433548 0.04501131922006607 0.02842801995575428 0.01626177690923214
          0.008287846110761166 0.00431868014857173 0.0023394746240228415 0.001373755862005055 0.0008872632752172649 0.0006154387374408543
          0.00044749784865416586 0.000335176766384393 0.00025950479903258383 0.00021555782586801797 0.0002005035348702222 0.00021098428987897933
          0.0002445206919219345 0.000300608720863238 0.0003807555476669222 0.0004880195192527026 0.000626575609203428 0.000800945854280144
          0.0010144914267584682 0.0012670711148530245 0.001552217174321413 0.001855942071415484 0.0021511188242584467 0.0024140074383467436
          0.0026280146557837725 0.002780037233605981 0.00286017800681293 0.002861293964087963 0.0027790521271526814 0.002613547956570983
          4.0699145374928185e-15 2.305709063347289e-13 1.1089226759075643e-11 5.220470722377968e-10 1.939238281067901e-8 3.463511291101895e-7
          0.0000018352100141783012 0.000005758063252869761 0.000013446454431687016 0.000021889825802645646 0.000026181571229244582 0.000023874148610047996
          0.000017038846635841765 0.000009078098628378939 0.000004537481345323613 0.0000023574252736580092 0.0000033264129797316855 0.000014067989468458109
          0.00005887394581804983 0.00018255058967042714 0.0005112689104862511 0.0016739745624363422 0.006155609618872404 0.018600283190608025
          0.04105468466877937 0.07316882163286209 0.10938899964094162 0.13409385085105896 0.14481179416179657 0.14607474207878113
          0.14178729057312012 0.13366638123989105 0.12190048396587372 0.10632190108299255 0.08739104866981506 0.06602585315704346
          0.046100515872240067 0.0311723779886961 0.020589588209986687 0.01380862481892109 0.00954637210816145 0.006872217170894146
          0.005094856955111027 0.003840788034722209 0.002899515675380826 0.002171913394704461 0.0016186049906536937 0.0012138817692175508
          0.0009298744262196124 0.0007393517880700529 0.0006203769007697701 0.0005574470851570368 0.0005409538862295449 0.0005662072217091918
          0.0006327158771455288 0.0007438600296154618 0.0009070360683836043 0.001133908168412745 0.0014400468207895756 0.001842629280872643
          0.002354242606088519 0.0029622623696923256 0.0035620841663330793 0.004094977397471666 0.004533061292022467 0.004862825386226177
          0.0050777229480445385 0.005173845216631889 0.005147589836269617 0.0049958182498812675 7.351820348111332e-16 3.907999276834065e-14
          1.687683413159613e-12 7.012379565907167e-11 2.4378870033814337e-9 4.801260899967019e-8 3.416717788695678e-7 0.0000010181153129451559
          0.0000018092588334184256 0.0000023091515686246566 0.0000024514599772373913 0.0000023516151941294083 0.0000021141397610335844 0.0000013102858247293625
          0.0000012275570497877197 0.000001587842007211293 0.000005021141532779438 0.000027763337129727006 0.00011023700062651187 0.00030324517865665257
          0.0006558689055964351 0.0014158777194097638 0.0035534361377358437 0.009328479878604412 0.022462567314505577 0.04309116676449776
          0.0752694308757782 0.10383928567171097 0.1187690794467926 0.12321304529905319 0.12161321938037872 0.11592675000429153
          0.10660650581121445 0.09389502555131912 0.07891730219125748 0.06319744884967804 0.049705397337675095 0.03984704613685608
          0.03283725306391716 0.027859384194016457 0.024146556854248047 0.02126285247504711 0.018921643495559692 0.016988759860396385
          0.01536333467811346 0.01395108550786972 0.01265350915491581 0.011389011517167091 0.010113236494362354 0.008842402137815952
          0.007626793347299099 0.006521174218505621 0.005566761363297701 0.004784536547958851 0.004181792493909597 0.003758421167731285
          0.003516265656799078 0.0034687542356550694 0.003653113031759858 0.0041519575752317905 0.005016261246055365 0.0059694587253034115
          0.006838127505034208 0.007557614240795374 0.008102692663669586 0.008471985347568989 0.008676760829985142 0.008732611313462257
          0.008653424680233002 0.00844842940568924 9.278975945418923e-17 4.640303136042075e-15 1.7991360625694425e-13 6.474802031336546e-12
          2.0125252853109288e-10 3.6450564788736983e-9 2.5374937706601486e-8 9.101375297859704e-8 2.0792145960513153e-7 3.377118957814673e-7
          4.1826328356364684e-7 4.180141104370705e-7 3.646401296464319e-7 7.002970505709527e-7 4.2012484868791944e-7 0.000001444603526579158
          0.000004266645646566758 0.000026030875233118422 0.0001094526523957029 0.0003094736603088677 0.0006591143901459873 0.0012338419910520315
          0.0023823860101401806 0.005023568402975798 0.01074994821101427 0.02494894340634346 0.04435224086046219 0.06236720830202103
          0.07770400494337082 0.08764535188674927 0.09265587478876114 0.09369044005870819 0.09143198281526566 0.08648805320262909
          0.07983347773551941 0.0727563127875328 0.06647764146327972 0.0612482875585556 0.05687256157398224 0.053171563893556595
          0.04996921122074127 0.04714693874120712 0.04462745040655136 0.042361702769994736 0.04030131176114082 0.03843728080391884
          0.0367526113986969 0.035231076180934906 0.03378158435225487 0.032364506274461746 0.030938873067498207 0.02947375178337097
          0.027957631275057793 0.026398848742246628 0.02483692392706871 0.02332792617380619 0.021948102861642838 0.020788034424185753
          0.019936971366405487 0.01936633139848709 0.018840784206986427 0.018311338499188423 0.017770295962691307 0.017211638391017914
          0.016632305458188057 0.016031840816140175 0.015411928296089172 0.014775522984564304 0.014125428162515163 0.01346290297806263
          6.414539977706801e-18 3.0273412815077843e-16 1.0576151635239076e-14 3.2563627358830893e-13 8.899657052974241e-12 1.4361187239408935e-10
          9.535421341411165e-10 3.4034510765224013e-9 8.06562727717619e-9 1.408880656583733e-8 1.9392313532762273e-8 2.2335031601983246e-8
          2.3097744161759692e-8 2.3729874953914987e-8 2.8858341494242268e-8 5.481300391352306e-8 1.4854970231681364e-7 1.1747273021001092e-7
          5.674058911608881e-7 0.000003865794496960007 0.000021037614715169184 0.00009598941687727347 0.00035680271685123444 0.0011167720658704638
          0.003507128916680813 0.010871601291000843 0.025366349145770073 0.03770459070801735 0.04535861685872078 0.05123492330312729
          0.05556737259030342 0.05841964855790138 0.059837598353624344 0.059914521872997284 0.05890558287501335 0.05723334103822708
          0.05529281124472618 0.053293000906705856 0.051318082958459854 0.04939533397555351 0.047531526535749435 0.045726846903562546
          0.04397996515035629 0.04228902608156204 0.040652111172676086 0.039067886769771576 0.03753601387143135 0.036056678742170334
          0.03463061898946762 0.03325863555073738 0.03194325044751167 0.030687568709254265 0.029494257643818855 0.028364473953843117
          0.02729843184351921 0.026296135038137436 0.02535819262266159 0.024484364315867424 0.023664485663175583 0.02289097011089325
          0.02215743623673916 0.02145799621939659 0.020787376910448074 0.020140929147601128 0.019514527171850204 0.018904414027929306
          0.01830696314573288 0.0177183635532856 0.017134273424744606 0.01654960960149765
        </DataArray>
        <DataArray type="Float32" Name="TAR0_Gas_mass_fractions_9" format="ascii" RangeMin="0" RangeMax="1.0771608214762973e-12">
          0 0 0 0 0 0
          0 0 0 0 1.0771608214762973e-12 5.868509346008965e-13
          0 0 0 0 0 0
          0 0 0 0 0 0
          0 0 0 0 0 0
          0 0 0 0 0 0
          0 0 0 0 0 0
          0 0 0 0 0 0
          0 0 0 0 0 0
          0 0 0 0 0 0
          0 0 0 0 0 0
          0 0 0 0 0 0
          0 0 0 0 0 0
          8.704962342316949e-14 0 4.76284796649927e-14 0 0 0
          0 0 0 0 0 0
          0 0 0 0 0 0
          0 0 0 0 0 0
          0 0 0 0 0 0
          0 0 0 0 0 0
          0 0 0 0 0 0
          0 0 0 0 0 0
          0 0 0 0 0 0
          0 0 0 0 0 0
          0 0 0 0 0 0
          0 0 0 0 0 0
          0 0 0 0 0 0
          0 0 0 0 0 0
          0 0 0 0 0 0
          0 0 0 0 0 0
          0 0 0 0 0 0
          0 0 0 0 0 0
          0 0 0 0 0 0
          0 0 0 0 0 0
          0 0 0 0 0 0
          0 0 0 0 0 0
          0 0 0 0 0 0
          0 0 0 0 0 0
          0 0 0 0 0 0
          0 0 0 0 0 0
          0 0 0 0 0 0
          0 0 0 0 0 0
          0 0 0 0 0 0
          0 0 0 0 0 0
          0 0 0 0 0 0
          0 0 0 0 0 0
          0 0 0 0 0 0
          0 0 0 0 0 0
          0 0 0 0 0 0
          0 0 0 0 0 0
          0 0 0 0 0 0
          0 0 0 0 0 0
          0 0 0 0 0 0
          0 0 0 0 0 0
          0 0 0 0 0 0
          0 0 0 0 0 0
          0 0 0 0 0 0
          0 0 0 0 0 0
          0 0 0 0 0 0
          0 0 0 0 0 0
          0 0 0 0 0 0
          0 0 0 2.6956824901620824e-13 0 0
          0 0 0 0 0 0
          0 0 0 0 0 0
          0 0 0 0 0 0
          0 0 0 0 0 0
          0 0 0 0 0 0
          0 0 0 0 0 0
          0 0 0 0 0 0
          0 0 0 0 0 0
          0 0 0 0 0 0
          0 0 0 0 0 0
          0 0 0 0 0 0
          0 6.983200909888021e-13 0 0 0 0
          0 0 0 0 0 0
          0 0 0 0 0 0
          0 0 0 0 0 0
          0 0 0 0 0 0
          0 0 0 0 0 0
          0 0 0 0 0 0
          0 0 0 0 0 0
          0 0 0 0 0 0
          0 0 0 0 0 0
          0 0 0 0 0 0
          0 0 0 0 0 0
          0 0 0 0 0 0
          0 0 0 0 0 0
          0 0 0 0 0 0
          0 0 0 0 0 0
          0 0 0 0 0 0
          0 0 0 0 0 0
          0 0 0 0 0 0
          0 0 0 0 0 0
          0 0 0 0 0 0
          0 0 0 0 0 0
          0 0 0 0 0 0
          0 0 0 0 0 0
          0 0 0 0 0 0
          0 0 0 0 0 0
          0 0 0 0 0 0
          0 0 0 0 0 0
          0 0 0 0 0 0
          0 0 0 0 0 0
          0 0 0 0 0 0
          0 0 0 0 0 0
          0 0 0 0 0 0
          0 0 0 0 0 0
          0 0 0 0 0 0
          0 0 0 0 0 0
          0 0 0 0 0 0
          0 0 0 0 0 0
          0 0 0 0 0 0
          0 0 0 0 0 0
          0 0 0 0 0 0
          0 0 0 0 0 0
          0 0 0 0 0 0
          0 0 0 0 0 0
          0 0 0 0
        </DataArray>
        <DataArray type="Float32" Name="BIOMASS_Solids_mass_fractions_1_1" format="ascii" RangeMin="0" RangeMax="0.055002178996801376">
          0 0 0 0 5.301443550820295e-8 0.055002178996801376
          0.0025652244221419096 0.00035847487743012607 0.00011609605280682445 0.00004064116001245566 1.3734479331617422e-8 8.989813693460746e-8
          4.459614189045169e-8 9.451414229033617e-8 8.565827869233544e-8 8.930024364417477e-8 9.120198285472725e-8 8.9597399721697e-8
          8.637433523972504e-8 8.403257822919841e-8 8.328782286071146e-8 8.357721981155919e-8 8.417468677635043e-8 8.467266354728054e-8
          8.495450032341978e-8 8.504481030513489e-8 8.50090629000988e-8 8.491391412235316e-8 8.481143964900184e-8 8.473327284264087e-8
          8.46942214138835e-8 8.469767465157929e-8 8.474157908722191e-8 8.482176383495243e-8 8.493417169574968e-8 8.507940663093905e-8
          8.527549510972676e-8 8.557574204814955e-8 8.600287060289702e-8 8.641103477202705e-8 8.665415407449473e-8 8.677125151734799e-8
          8.677132967704893e-8 0 0 0 0 0
          0 0 0 0 0 0
          0 0 0 0 0 0
          0 0 0 0 0 0
          0 0 0 0 0 0
          0 0 5.187780516280327e-8 8.271603846310427e-9 0.055002178996801376 0.042676884680986404
          0.03958739712834358 0 6.870628510569077e-8 0 0 0
          0 8.913374927033146e-8 7.920880307210609e-8 8.314606247949996e-8 8.230310299950361e-8 8.134446005669815e-8
          8.093822145838203e-8 8.091485170780288e-8 8.106548676778402e-8 8.141196161659536e-8 8.232065340507688e-8 8.368283488380257e-8
          8.500931869548367e-8 8.491425518286633e-8 8.4811681233532e-8 8.537858064983084e-8 8.542563989522023e-8 8.544980545366343e-8
          8.550938446205691e-8 8.561526954053988e-8 8.577764987194314e-8 8.599393908070851e-8 8.623025848919497e-8 8.644246207722972e-8
          8.66168718971494e-8 8.673980289586325e-8 8.681144691990994e-8 8.684278185455696e-8 8.684290264682204e-8 0
          0 0 0 0 0 0
          0 0 0 0 0 0
          0 0 0 0 0 0
          0 0 0 0 0 0
          0 0 0 0 0 0
          0 4.886070570364609e-8 6.917179007359664e-8 0 3.078157106983781e-8 0
          0 0 0 0 0 3.058250186427358e-8
          0 0 8.893947267551994e-8 8.137667606433752e-8 8.0938896473981e-8 8.091518566288869e-8
          8.106586335543398e-8 8.141257268334812e-8 8.232127868268435e-8 8.651009864024672e-8 8.629796610648555e-8 8.620637714784607e-8
          8.607738521959618e-8 8.597650236197296e-8 8.596706635444207e-8 8.600909495726228e-8 8.610881963022621e-8 8.625461589417682e-8
          8.642030735472872e-8 8.658332717459416e-8 8.671850082464516e-8 8.674889784288098e-8 8.681359275897194e-8 8.685390895379896e-8
          8.688243013921237e-8 8.68626841565856e-8 0 0 0 0
          0 0 0 0 0 0
          0 0 0 0 0 0
          0 0 0 0 0 0
          0 0 0 0 0 0
          0 0 0 0 0 0
          0 0 0 0 0 0
          0 0 0 0 9.28269443534191e-8 8.950283358899469e-8
          8.932982353826446e-8 8.917236726802003e-8 8.894696179595485e-8 8.871577961144794e-8 8.839818832484525e-8 8.775192839038937e-8
          8.6719232683663e-8 8.627171155239921e-8 8.629771031110067e-8 8.620619240673477e-8 8.61781330740996e-8 8.620840219464299e-8
          8.628865089121973e-8 8.643007731734542e-8 8.654336625113501e-8 8.664966344440472e-8 8.674458484847491e-8 8.682333429987921e-8
          8.687472075052938e-8 8.686218677667057e-8 8.689216457469229e-8 8.690771835517808e-8 8.689514174875512e-8 0
          0 0 0 0 0 0
          0 0 0 0 0 0
          0 0 0 0 0 0
          0 0 0 0 0 0
          0 0 0 0 0 0
          0 0 0 0 0 0
          0 0 0 0 3.461853381736546e-8 2.9414350066758743e-8
          0 9.216757490548844e-8 8.99339269722077e-8 8.953026053859503e-8 8.928223138582325e-8 8.901471204580957e-8
          8.894647862689453e-8 8.871550960520835e-8 8.839797516202452e-8 8.77517720709875e-8 8.671911189139792e-8 8.624558489600531e-8
          8.626022918178933e-8 8.632479620018785e-8 8.64103739672828e-8 8.650346927652208e-8 8.659959860324307e-8 8.669243811709748e-8
          8.676907015114921e-8 8.683480956506173e-8 8.688920161148417e-8 8.693056940956012e-8 8.695135989000846e-8 8.692662589737665e-8
          8.693561426298402e-8 8.692173736335462e-8 0 0 0 0
          0 0 0 0 0 0
          0 0 0 0 0 0
          0 0 0 0 0 0
          0 0 0 0 0 0
          0 0 0 0 0 0
          0 0 0 0 0 0
          0 0 0 0 9.49433882624362e-8 9.009499990497716e-8
          8.869620415907775e-8 8.878380697296961e-8 8.863056422114823e-8 8.853166377775779e-8 8.846024712738654e-8 8.821584174256714e-8
          8.770945925107299e-8 8.692720143699262e-8 8.644797588885922e-8 8.636042281295886e-8 8.645197624446155e-8 8.654762950754957e-8
          8.663535311370651e-8 8.671479889699185e-8 8.678648555360269e-8 8.684848040729776e-8 8.689968922226399e-8 8.694236441897374e-8
          8.697664810597416e-8 8.700129683347768e-8 8.700926912297291e-8 8.697357145592832e-8 8.69546710191571e-8 0
          0 0 0 0 0 0
          0 0 0 0 0 0
          0 0 0 0 0 0
          0 0 0 0 0 0
          0 0 0 0 0 0
          0 0 0 0 0 0
          0 0 0 0 0 0
          0 0 9.321519200966577e-8 8.886121349860332e-8 8.885183433449129e-8 8.86414639467148e-8
          8.842516763252206e-8 8.817468000188455e-8 8.788988026253719e-8 8.756689595657008e-8 8.715340271692185e-8 8.673366380662628e-8
          8.653374550249282e-8 8.656564887132845e-8 8.665715256483963e-8 8.673635676359481e-8 8.680437701968913e-8 8.686350128073173e-8
          8.691495878565547e-8 8.69586926910415e-8 8.699536380163408e-8 8.702634346491323e-8 8.705193010882795e-8 8.707090159987274e-8
          8.707537091368067e-8 8.702459552978326e-8 0 0 0 0
          0 0 0 0 0 0
          0 0 0 0 0 0
          0 0 0 0 0 0
          0 0 0 0 0 0
          0 0 0 0 0 0
          0 0 0 0 0 0
          0 0 0 0 0 0
          9.084729413189052e-8 8.854135558067355e-8 8.895535330566418e-8 8.868607181966581e-8 8.845377408306376e-8 8.817475105615813e-8
          8.784189731159131e-8 8.748038737849129e-8 8.715576882423193e-8 8.68901679496048e-8 8.674474827330414e-8 8.676189366951803e-8
          8.683113605911785e-8 8.688916608434738e-8 8.693895381384209e-8 8.698246034555268e-8 8.70208012315743e-8 8.705435305955689e-8
          8.708401821877487e-8 8.711115384585355e-8 8.713726629139273e-8 8.716667565522584e-8 8.720739685941226e-8 8.720749633539526e-8
          8.74341399281775e-9 0 2.4747110610734424e-11 0 0 0
          0 0 0 0 0 0
          0 0 0 0 0 0
          0 0 0 1.1421178876873676e-34 0 0
          0 0 0 0 0 0
          0 0 0 0 0 0
          0 0 0 0 0 0
          0 0 0 0 9.255885657921681e-8 8.926079431148537e-8
          8.937973206002425e-8 8.891841929425937e-8 8.873328027902971e-8 8.852757815702716e-8 8.828153141848816e-8 8.800151363175246e-8
          8.771618809078063e-8 8.745198698534296e-8 8.720581234911151e-8 8.700654774429495e-8 8.698811626572933e-8 8.70286598342318e-8
          8.706327747631804e-8 8.709489662805936e-8 8.712354571116521e-8 8.714965105127703e-8 8.717442767647299e-8 8.720245858739872e-8
          8.72316547884111e-8 8.727155886845139e-8 8.732613565598513e-8 8.745348623051541e-8 8.745995927483818e-8 1.4974790504829194e-11
          1.1095695473528622e-9 1.1095695473528622e-9 1.1095695473528622e-9 9.207106604902648e-11 9.207106604902648e-11 5.3825985335542725e-11
          1.1164188497281291e-11 0 0 0 0 0
          3.2847645504349584e-30 3.2847645504349584e-30 1.5006790643331983e-30 1.5006790643331983e-30 1.5006790643331983e-30 1.1843877649224167e-30
          2.222758489791905e-31 2.222758489791905e-31 1.9677187685589682e-31 1.8275335440595651e-31 1.7912763612039323e-31 1.7824838985586518e-31
          1.7806095728162656e-31 1.7784651184720605e-31 1.7695603961162765e-31 1.7469852622076046e-31 1.7019974477095445e-31 1.6238926659646383e-31
          0 0 0 0 0 0
          0 0 0 0 0 0
          0 0 9.239655440751449e-8 0 8.980157417681767e-8 8.975492704621502e-8
          8.932131834171742e-8 8.920024896497125e-8 8.908100568305599e-8 8.892966718576645e-8 8.874213364151728e-8 8.853976396494545e-8
          8.829543673982698e-8 8.794827266456196e-8 8.742539137074345e-8 8.733102419000716e-8 8.73280683322264e-8 8.731962708452556e-8
          8.731639411507786e-8 8.732553169465973e-8 8.734283341027549e-8 8.73650876087595e-8 8.738920342921119e-8 8.741623958030686e-8
          8.744479629285706e-8 8.744479629285706e-8 8.745981716629103e-8 8.745981716629103e-8 1.1095689922413499e-9 1.1095689922413499e-9
          1.1095689922413499e-9 9.207105911013258e-11 5.3825985335542725e-11 1.1164188497281291e-11 1.1164188497281291e-11 1.1164188497281291e-11
          0 0 0 3.2847645504349584e-30 3.2847645504349584e-30 1.5006790643331983e-30
          1.5006790643331983e-30 1.5006790643331983e-30 1.1843877649224167e-30 2.222758489791905e-31 2.222758489791905e-31 1.9677187685589682e-31
          1.8275335440595651e-31 1.7912763612039323e-31 1.7824838985586518e-31 1.7806095728162656e-31 1.7806095728162656e-31 1.7784651184720605e-31
          1.7695603961162765e-31 1.7469852622076046e-31 1.7019974477095445e-31 1.6238926659646383e-31
        </DataArray>
        <DataArray type="Float32" Name="MOISTURE_Solids_mass_fractions_1_2" format="ascii" RangeMin="0" RangeMax="0">
          0 0 0 0 0 0
          0 0 0 0 0 0
          0 0 0 0 0 0
          0 0 0 0 0 0
          0 0 0 0 0 0
          0 0 0 0 0 0
          0 0 0 0 0 0
          0 0 0 0 0 0
          0 0 0 0 0 0
          0 0 0 0 0 0
          0 0 0 0 0 0
          0 0 0 0 0 0
          0 0 0 0 0 0
          0 0 0 0 0 0
          0 0 0 0 0 0
          0 0 0 0 0 0
          0 0 0 0 0 0
          0 0 0 0 0 0
          0 0 0 0 0 0
          0 0 0 0 0 0
          0 0 0 0 0 0
          0 0 0 0 0 0
          0 0 0 0 0 0
          0 0 0 0 0 0
          0 0 0 0 0 0
          0 0 0 0 0 0
          0 0 0 0 0 0
          0 0 0 0 0 0
          0 0 0 0 0 0
          0 0 0 0 0 0
          0 0 0 0 0 0
          0 0 0 0 0 0
          0 0 0 0 0 0
          0 0 0 0 0 0
          0 0 0 0 0 0
          0 0 0 0 0 0
          0 0 0 0 0 0
          0 0 0 0 0 0
          0 0 0 0 0 0
          0 0 0 0 0 0
          0 0 0 0 0 0
          0 0 0 0 0 0
          0 0 0 0 0 0
          0 0 0 0 0 0
          0 0 0 0 0 0
          0 0 0 0 0 0
          0 0 0 0 0 0
          0 0 0 0 0 0
          0 0 0 0 0 0
          0 0 0 0 0 0
          0 0 0 0 0 0
          0 0 0 0 0 0
          0 0 0 0 0 0
          0 0 0 0 0 0
          0 0 0 0 0 0
          0 0 0 0 0 0
          0 0 0 0 0 0
          0 0 0 0 0 0
          0 0 0 0 0 0
          0 0 0 0 0 0
          0 0 0 0 0 0
          0 0 0 0 0 0
          0 0 0 0 0 0
          0 0 0 0 0 0
          0 0 0 0 0 0
          0 0 0 0 0 0
          0 0 0 0 0 0
          0 0 0 0 0 0
          0 0 0 0 0 0
          0 0 0 0 0 0
          0 0 0 0 0 0
          0 0 0 0 0 0
          0 0 0 0 0 0
          0 0 0 0 0 0
          0 0 0 0 0 0
          0 0 0 0 0 0
          0 0 0 0 0 0
          0 0 0 0 0 0
          0 0 0 0 0 0
          0 0 0 0 0 0
          0 0 0 0 0 0
          0 0 0 0 0 0
          0 0 0 0 0 0
          0 0 0 0 0 0
          0 0 0 0 0 0
          0 0 0 0 0 0
          0 0 0 0 0 0
          0 0 0 0 0 0
          0 0 0 0 0 0
          0 0 0 0 0 0
          0 0 0 0 0 0
          0 0 0 0 0 0
          0 0 0 0 0 0
          0 0 0 0 0 0
          0 0 0 0 0 0
          0 0 0 0 0 0
          0 0 0 0 0 0
          0 0 0 0 0 0
          0 0 0 0 0 0
          0 0 0 0 0 0
          0 0 0 0 0 0
          0 0 0 0 0 0
          0 0 0 0 0 0
          0 0 0 0 0 0
          0 0 0 0 0 0
          0 0 0 0 0 0
          0 0 0 0 0 0
          0 0 0 0 0 0
          0 0 0 0 0 0
          0 0 0 0 0 0
          0 0 0 0 0 0
          0 0 0 0 0 0
          0 0 0 0 0 0
          0 0 0 0 0 0
          0 0 0 0 0 0
          0 0 0 0 0 0
          0 0 0 0
        </DataArray>
        <DataArray type="Float32" Name="CHAR_Solids_mass_fractions_1_3" format="ascii" RangeMin="0" RangeMax="0.7714216709136963">
          0 0 0 0 0.7421677112579346 0.7287105917930603
          0.7714216709136963 0.7681875824928284 0.7650715112686157 0.7626178860664368 0.7613556981086731 0.7604325413703918
          0.7596518397331238 0.7592328190803528 0.7592894434928894 0.7593786716461182 0.7594302892684937 0.75941401720047
          0.7593240141868591 0.7591763138771057 0.7590025067329407 0.7588346600532532 0.7586930394172668 0.7585847973823547
          0.7585093379020691 0.7584642171859741 0.7584455013275146 0.7584493160247803 0.7584724426269531 0.758511483669281
          0.7585625052452087 0.7586227059364319 0.758689284324646 0.7587590217590332 0.7588281631469727 0.7588921189308167
          0.7589401602745056 0.758918285369873 0.7586827874183655 0.7582268714904785 0.7578067779541016 0.7575384378433228
          0.7575381994247437 0 0 0 0 0
          0 0 0 0 0 0
          0 0 0 0 0 0
          0 0 0 0 0 0
          0 0 0 0 0 0
          0 0 0.747814416885376 5.56127623951852e-8 0.7287105917930603 0.7339687943458557
          0.7332939505577087 0 0 0 0 0
          0 0.728986918926239 0.7281952500343323 0.7450855374336243 0.7504397034645081 0.7527249455451965
          0.7538926005363464 0.7545275688171387 0.7548983693122864 0.7552721500396729 0.756083071231842 0.7572733759880066
          0.7584447264671326 0.7584483027458191 0.7584717869758606 0.758466362953186 0.7585991024971008 0.7586917281150818
          0.7587563991546631 0.7587931752204895 0.7587791681289673 0.7586596012115479 0.7583805322647095 0.758054792881012
          0.7577714323997498 0.7575374841690063 0.7573679089546204 0.7573080658912659 0.757307767868042 0
          0 0 0 0 0 0
          0 0 0 0 0 0
          0 0 0 0 0 0
          0 0 0 0 0 0
          0 0 0 0 0 0
          0 0.7313868403434753 0.7604941725730896 8.961244191141304e-8 7.316108963095758e-8 9.500843844989504e-8
          9.027480984968861e-8 0 0 0 0 0
          0 0 0.7422794699668884 0.7526270151138306 0.7538905143737793 0.7545265555381775
          0.7548972368240356 0.7552703022956848 0.756081223487854 0.754690408706665 0.7563441395759583 0.7573511600494385
          0.7580841183662415 0.7582895159721375 0.7584465742111206 0.7585136294364929 0.7584807276725769 0.7583340406417847
          0.758085310459137 0.7577508091926575 0.7573878765106201 0.7574070692062378 0.7572727799415588 0.7571769952774048
          0.7571028470993042 0.7572052478790283 0 0 0 0
          0 0 0 0 0 0
          0 0 0 0 0 0
          0 0 0 0 0 0
          0 0 0 0 0 0
          0 0 0 0 0 0
          0 0 0 0 0 0
          0 0 0 0.000008811995030555408 0.7405955195426941 0.75188148021698
          0.7522180080413818 0.7525255084037781 0.7525487542152405 0.7525310516357422 0.7522097826004028 0.7522733211517334
          0.7538706660270691 0.7561604380607605 0.7563448548316956 0.7573516964912415 0.7578791379928589 0.7580784559249878
          0.7580795884132385 0.7579079270362854 0.7577261924743652 0.7575214505195618 0.7573044896125793 0.7570849061012268
          0.7569208741188049 0.7570679187774658 0.7569922804832458 0.7569546103477478 0.7570285201072693 0
          0 0 0 0 0 0
          0 0 0 0 0 0
          0 0 0 0 0 0
          0 0 0 0 0 0
          0 0 0 0 0 0
          0 0 0 0 0 0
          0 0 8.365371684249112e-8 8.734822642963991e-8 8.397920936431547e-8 8.167195630903734e-8
          0 0.7377838492393494 0.7466834187507629 0.7519024610519409 0.7523406147956848 0.7528336048126221
          0.7525501251220703 0.7525317668914795 0.7522103786468506 0.7522737979888916 0.753870964050293 0.7559763789176941
          0.7569486498832703 0.7574020028114319 0.7575333118438721 0.7575081586837769 0.7574048638343811 0.757265031337738
          0.7571203708648682 0.7569745779037476 0.7568325996398926 0.7567015290260315 0.7566328048706055 0.7568217515945435
          0.7568070292472839 0.7568806409835815 0 0 0 0
          0 0 0 0 0 0
          0 0 0 0 0 0
          0 0 0 0 0 0
          0 0 0 0 0 0
          0 0 0 0 0 0
          0 0 0 0 0 0
          0 0 0 0 0.7272233963012695 0.7413328289985657
          0.7504899501800537 0.7539381980895996 0.7541216015815735 0.7541852593421936 0.7541382908821106 0.7537466287612915
          0.7536299228668213 0.7542607188224792 0.75543212890625 0.7564476728439331 0.7568851709365845 0.7570269703865051
          0.757034182548523 0.7569785118103027 0.7568932175636292 0.7567976117134094 0.7566993832588196 0.7566016912460327
          0.7565065026283264 0.7564202547073364 0.7563913464546204 0.7566016316413879 0.7567040920257568 0
          0 0 0 0 0 0
          0 0 0 0 0 0
          0 0 0 0 0 0
          0 0 0 0 0 0
          0 0 0 0 0 0
          0 0 0 0 0 0
          0 0 0 0 0 0
          0 0 0.732406497001648 0.749099612236023 0.7536128759384155 0.7540107369422913
          0.7541507482528687 0.7542808651924133 0.7543955445289612 0.7544751167297363 0.7546576857566833 0.7551424503326416
          0.7558529376983643 0.7563790678977966 0.756570041179657 0.7566202878952026 0.7566080689430237 0.7565653920173645
          0.7565076351165771 0.756443202495575 0.7563744187355042 0.7563021779060364 0.7562264204025269 0.7561520934104919
          0.7561250925064087 0.756363034248352 0 0 0 0
          0 0 0 0 0 0
          0 0 0 0 0 0
          0 0 0 0 0 0
          0 0 0 0 0 0
          0 0 0 0 0 0
          0 0 0 0 0 0
          0 0 0 0 0 0
          0.73874431848526 0.7497013807296753 0.7532491087913513 0.7538877725601196 0.7540415525436401 0.7542062997817993
          0.7544129490852356 0.7546607851982117 0.7549384236335754 0.7552893757820129 0.7557297348976135 0.7561233639717102
          0.7562318444252014 0.7562609314918518 0.7562536001205444 0.7562267184257507 0.7561877965927124 0.7561407089233398
          0.7560856342315674 0.7560217380523682 0.7559457421302795 0.7558473944664001 0.7557098269462585 0.7557095289230347
          0.07545756548643112 2.2821604975559858e-18 0.00020625334582291543 0 0 0
          0 0 0 0 0 0
          0 3.050626756835127e-42 0 0 0 0
          0 0 0 9.316775782086289e-29 0 0
          0 0 0 0 0 0
          0 0 0 0 0 0
          0 0 0 0 0 0
          0 0 0 5.089415111569906e-9 0.7314758896827698 0.7431731820106506
          0.7521743774414062 0.7536430954933167 0.7537965178489685 0.7539241909980774 0.7540864944458008 0.7542930245399475
          0.7545389533042908 0.754827082157135 0.7551863193511963 0.7556797862052917 0.7559012770652771 0.7559271454811096
          0.7559298872947693 0.7559157013893127 0.7558907866477966 0.7558572292327881 0.7558145523071289 0.7557513117790222
          0.7556730508804321 0.75559002161026 0.7554493546485901 0.7551705241203308 0.7551568150520325 0.00012659387721214443
          0.009502173401415348 0.009502194821834564 0.009502212516963482 0.0007869660621508956 0.0007869594846852124 0.0004600681131705642
          0.00009542403859086335 0 3.3838134926976385e-40 2.8494283233273695e-40 2.3791945976538907e-40 2.1542861941297575e-40
          2.6795321198037156e-24 2.6795321198037156e-24 1.2241722993075599e-24 1.2241722993075599e-24 1.2241722993075599e-24 9.661589713912447e-25
          1.81320529555713e-25 1.81320529555713e-25 1.6051577764280282e-25 1.4908024041954108e-25 1.4612257901873792e-25 1.45405331892569e-25
          1.4525244078837585e-25 1.4507749855669145e-25 1.4435109324845098e-25 1.425095467690191e-25 1.3883967955626945e-25 1.324683211957355e-25
          0 0 0 0 0 0
          0 0 0 0 0 0
          0 0 0.7319467067718506 0 0.7515361309051514 0.7521941661834717
          0.7533007264137268 0.7534400820732117 0.7535080909729004 0.7535975575447083 0.7537220120429993 0.7538750171661377
          0.7540907263755798 0.7544550895690918 0.7551352977752686 0.7553389668464661 0.7553749680519104 0.7554131150245667
          0.7554406523704529 0.7554387450218201 0.7554079294204712 0.7553609013557434 0.755307674407959 0.7552499175071716
          0.7551891207695007 0.7551891207695007 0.7551572322845459 0.7551572322845459 0.009502661414444447 0.009502668865025043
          0.009502675384283066 0.0007869958062656224 0.00046008863137103617 0.00009542824409436435 0.00009542828775011003 0.00009542830957798287
          2.8494283233273695e-40 2.3791945976538907e-40 2.1542861941297575e-40 2.6795321198037156e-24 2.6795321198037156e-24 1.2241722993075599e-24
          1.2241722993075599e-24 1.2241722993075599e-24 9.661589713912447e-25 1.81320529555713e-25 1.81320529555713e-25 1.6051577764280282e-25
          1.4908024041954108e-25 1.4612257901873792e-25 1.45405331892569e-25 1.4525244078837585e-25 1.4525244078837585e-25 1.4507749855669145e-25
          1.4435109324845098e-25 1.425095467690191e-25 1.3883967955626945e-25 1.324683211957355e-25
        </DataArray>
        <DataArray type="Float32" Name="ASH_Solids_mass_fractions_1_4" format="ascii" RangeMin="0.21628722548484802" RangeMax="1">
          1 1 1 1 0.25783222913742065 0.21628722548484802
          0.22601309418678284 0.23145392537117004 0.2348124086856842 0.23734144866466522 0.2386443018913269 0.239567369222641
          0.24034811556339264 0.24076709151268005 0.24071045219898224 0.24062123894691467 0.24056962132453918 0.24058590829372406
          0.24067586660385132 0.24082361161708832 0.24099738895893097 0.24116526544094086 0.241306871175766 0.2414150983095169
          0.24149058759212494 0.24153567850589752 0.24155442416667938 0.24155060946941376 0.24152745306491852 0.24148844182491302
          0.2414373904466629 0.24137718975543976 0.24131062626838684 0.24124088883399963 0.24117176234722137 0.241107776761055
          0.24105975031852722 0.2410816252231598 0.24131712317466736 0.24177303910255432 0.24219313263893127 0.24246148765087128
          0.242461696267128 1 1 1 1 1
          1 1 1 1 1 1
          1 1 1 1 1 1
          1 1 1 1 1 1
          1 1 1 1 1 1
          1 1 0.25218552350997925 0.9999999403953552 0.21628722548484802 0.223354309797287
          0.22711865603923798 1 1 1 1 1
          1 0.27101296186447144 0.27180466055870056 0.25491437315940857 0.24956020712852478 0.2472749799489975
          0.2461073249578476 0.24547232687473297 0.24510155618190765 0.2447277456521988 0.2439168244600296 0.24272654950618744
          0.24155516922473907 0.24155157804489136 0.24152813851833344 0.2415335327386856 0.2414008229970932 0.24130818247795105
          0.24124349653720856 0.24120676517486572 0.24122074246406555 0.24134033918380737 0.24161936342716217 0.24194510281085968
          0.2422284632921219 0.24246244132518768 0.24263200163841248 0.24269182980060577 0.24269217252731323 1
          1 1 1 1 1 1
          1 1 1 1 1 1
          1 1 1 1 1 1
          1 1 1 1 1 1
          1 1 1 1 1 1
          1 0.26861312985420227 0.23950576782226562 0.9999998807907104 0.9999998807907104 0.9999998807907104
          0.9999998807907104 1 1 1 1 0.9999999403953552
          1 1 0.2577204704284668 0.24737292528152466 0.24610939621925354 0.24547334015369415
          0.24510270357131958 0.24472959339618683 0.24391870200634003 0.2453094869852066 0.2436557561159134 0.24264873564243317
          0.2419157773256302 0.2417103797197342 0.24155332148075104 0.24148628115653992 0.24151921272277832 0.24166586995124817
          0.24191462993621826 0.24224913120269775 0.24261201918125153 0.24259285628795624 0.242727130651474 0.24282290041446686
          0.24289706349372864 0.24279466271400452 1 1 1 1
          1 1 1 1 1 1
          1 1 1 1 1 1
          1 1 1 1 1 1
          1 1 1 1 1 1
          1 1 1 1 1 1
          1 1 1 1 1 1
          1 1 1 0.9999931454658508 0.25940439105033875 0.24811846017837524
          0.2477818876504898 0.24747437238693237 0.24745114147663116 0.24746888875961304 0.2477901130914688 0.24772655963897705
          0.24612927436828613 0.24383945763111115 0.2436550259590149 0.24264821410179138 0.24212078750133514 0.24192148447036743
          0.24192030727863312 0.24209199845790863 0.2422737032175064 0.24247848987579346 0.2426954060792923 0.24291501939296722
          0.2430790215730667 0.2429320067167282 0.2430076003074646 0.24304531514644623 0.24297137558460236 1
          1 1 1 1 1 1
          1 1 1 1 1 1
          1 1 1 1 1 1
          1 1 1 1 1 1
          1 1 1 1 1 1
          1 1 1 1 1 1
          1 1 0.9999999403953552 0.9999999403953552 0.9999998807907104 0.9999998807907104
          1 0.26221606135368347 0.2533165216445923 0.24809744954109192 0.24765931069850922 0.24716632068157196
          0.24744978547096252 0.24746812880039215 0.24778950214385986 0.24772612750530243 0.24612894654273987 0.24402350187301636
          0.24305124580860138 0.24259793758392334 0.24246661365032196 0.24249178171157837 0.24259506165981293 0.2427348494529724
          0.24287956953048706 0.24302534759044647 0.24316732585430145 0.24329836666584015 0.24336712062358856 0.243178129196167
          0.2431928813457489 0.2431192845106125 1 1 1 1
          1 1 1 1 1 1
          1 1 1 1 1 1
          1 1 1 1 1 1
          1 1 1 1 1 1
          1 1 1 1 1 1
          1 1 1 1 1 1
          1 1 1 1 0.2727765440940857 0.25866708159446716
          0.2495099902153015 0.24606171250343323 0.24587833881378174 0.24581465125083923 0.24586164951324463 0.24625326693058014
          0.24636997282505035 0.2457391619682312 0.24456776678562164 0.24355225265026093 0.24311472475528717 0.2429729551076889
          0.2429657131433487 0.2430213987827301 0.2431066930294037 0.2432022988796234 0.24330051243305206 0.24339820444583893
          0.24349339306354523 0.2435796707868576 0.24360854923725128 0.2433982789516449 0.2432958036661148 1
          1 1 1 1 1 1
          1 1 1 1 1 1
          1 1 1 1 1 1
          1 1 1 1 1 1
          1 1 1 1 1 1
          1 1 1 1 1 1
          1 1 1 1 1 1
          1 1 0.2675934135913849 0.2509002983570099 0.24638700485229492 0.24598918855190277
          0.245849147439003 0.2457190304994583 0.24560436606407166 0.2455247938632965 0.2453422248363495 0.24485746026039124
          0.24414697289466858 0.2436208575963974 0.24342986941337585 0.2433795928955078 0.24339182674884796 0.24343453347682953
          0.24349230527877808 0.2435566782951355 0.24362550675868988 0.24369774758815765 0.24377351999282837 0.2438478022813797
          0.24387481808662415 0.24363690614700317 1 1 1 1
          1 1 1 1 1 1
          1 1 1 1 1 1
          1 1 1 1 1 1
          1 1 1 1 1 1
          1 1 1 1 1 1
          1 1 1 1 1 1
          1 1 1 1 1 1
          0.26125556230545044 0.25029852986335754 0.24675080180168152 0.24611210823059082 0.2459583431482315 0.24579362571239471
          0.24558696150779724 0.24533911049365997 0.245061457157135 0.24471056461334229 0.2442701756954193 0.24387653172016144
          0.2437680959701538 0.24373896420001984 0.2437462955713272 0.2437731772661209 0.24381209909915924 0.2438592165708542
          0.24391430616378784 0.24397814273834229 0.2440541535615921 0.24415253102779388 0.2442900687456131 0.24429035186767578
          0.9245424270629883 1 0.9997937679290771 1 1 1
          1 1 1 1 1 1
          1 1 1 1 1 1
          1 1 1 1 1 1
          1 1 1 1 1 1
          1 1 1 1 1 1
          1 1 1 1 1 1
          1 1 1 1 0.26852402091026306 0.2568266987800598
          0.24782554805278778 0.246356800198555 0.24620340764522552 0.24607571959495544 0.24591338634490967 0.24570688605308533
          0.24546092748641968 0.24517281353473663 0.24481357634067535 0.2443201243877411 0.24409861862659454 0.24407275021076202
          0.24407000839710236 0.2440842241048813 0.2441091388463974 0.24414268136024475 0.24418534338474274 0.24424859881401062
          0.2443268746137619 0.24440990388393402 0.24455057084560394 0.24482937157154083 0.24484306573867798 0.9998733997344971
          0.9904978275299072 0.9904978275299072 0.9904977679252625 0.9992130398750305 0.9992130398750305 0.9995399117469788
          0.9999045729637146 1 1 1 1 1
          1 1 1 1 1 1
          1 1 1 1 1 1
          1 1 1 1 1 1
          1 1 1 1 1 1
          1 1 1 1 1 1
          1 1 0.26805317401885986 1 0.24846376478672028 0.24780574440956116
          0.24669918417930603 0.24655985832214355 0.24649181962013245 0.24640236794948578 0.24627789855003357 0.24612490832805634
          0.24590915441513062 0.24554480612277985 0.2448645979166031 0.24466097354888916 0.24462494254112244 0.244586780667305
          0.24455927312374115 0.24456115067005157 0.24459196627140045 0.24463899433612823 0.24469220638275146 0.2447499930858612
          0.2448108196258545 0.2448108196258545 0.24484269320964813 0.24484269320964813 0.990497350692749 0.990497350692749
          0.990497350692749 0.9992129802703857 0.9995399117469788 0.9999045729637146 0.9999045729637146 0.9999045729637146
          1 1 1 1 1 1
          1 1 1 1 1 1
          1 1 1 1 1 1
          1 1 1 1
        </DataArray>
      </CellData>
      <Points>
        <DataArray type="Float32" Name="Points" NumberOfComponents="3" format="ascii" RangeMin="0" RangeMax="5.727128342051162">
          0 0 0 0 0.07999999821186066 0
          0 0.1599999964237213 0 0 0.23999999463558197 0
          0 0.3199999928474426 0 0 0.4000000059604645 0
          0 0.47999998927116394 0 0 0.5600000023841858 0
          0 0.6399999856948853 0 0 0.7200000286102295 0
          0 0.800000011920929 0 0 0.8799999952316284 0
          0 0.9599999785423279 0 0 1.0399999618530273 0
          0 1.1200000047683716 0 0 1.2000000476837158 0
          0 1.2799999713897705 0 0 1.3600000143051147 0
          0 1.440000057220459 0 0 1.5199999809265137 0
          0 1.600000023841858 0 0 1.6799999475479126 0
          0 1.7599999904632568 0 0 1.840000033378601 0
          0 1.9199999570846558 0 0 2 0
          0 2.0799999237060547 0 0 2.1600000858306885 0
          0 2.240000009536743 0 0 2.319999933242798 0
          0 2.4000000953674316 0 0 2.4800000190734863 0
          0 2.559999942779541 0 0 2.640000104904175 0
          0 2.7200000286102295 0 0 2.799999952316284 0
          0 2.880000114440918 0 0 2.9600000381469727 0
          0 3.0399999618530273 0 0 3.119999885559082 0
          0 3.200000047683716 0 0 3.2799999713897705 0
          0 3.359999895095825 0 0 3.440000057220459 0
          0 3.5199999809265137 0 0 3.5999999046325684 0
          0 3.680000066757202 0 0 3.759999990463257 0
          0 3.8399999141693115 0 0 3.9200000762939453 0
          0 4 0 0 4.079999923706055 0
          0 4.159999847412109 0 0 4.239999771118164 0
          0 4.320000171661377 0 0 4.400000095367432 0
          0 4.480000019073486 0 0 4.559999942779541 0
          0 4.639999866485596 0 0 4.71999979019165 0
          0 4.800000190734863 0 0 4.880000114440918 0
          0 4.960000038146973 0 0 5.039999961853027 0
          0 5.119999885559082 0 0 5.199999809265137 0
          0 5.28000020980835 0 0 5.360000133514404 0
          0 5.440000057220459 0 0 5.519999980926514 0
          0 5.599999904632568 0 0.11999999731779099 0 0
          0.11999999731779099 0.07999999821186066 0 0.11999999731779099 0.1599999964237213 0
          0.11999999731779099 0.23999999463558197 0 0.11999999731779099 0.3199999928474426 0
          0.11999999731779099 0.4000000059604645 0 0.11999999731779099 0.47999998927116394 0
          0.11999999731779099 0.5600000023841858 0 0.11999999731779099 0.6399999856948853 0
          0.11999999731779099 0.7200000286102295 0 0.11999999731779099 0.800000011920929 0
          0.11999999731779099 0.8799999952316284 0 0.11999999731779099 0.9599999785423279 0
          0.11999999731779099 1.0399999618530273 0 0.11999999731779099 1.1200000047683716 0
          0.11999999731779099 1.2000000476837158 0 0.11999999731779099 1.2799999713897705 0
          0.11999999731779099 1.3600000143051147 0 0.11999999731779099 1.440000057220459 0
          0.11999999731779099 1.5199999809265137 0 0.11999999731779099 1.600000023841858 0
          0.11999999731779099 1.6799999475479126 0 0.11999999731779099 1.7599999904632568 0
          0.11999999731779099 1.840000033378601 0 0.11999999731779099 1.9199999570846558 0
          0.11999999731779099 2 0 0.11999999731779099 2.0799999237060547 0
          0.11999999731779099 2.1600000858306885 0 0.11999999731779099 2.240000009536743 0
          0.11999999731779099 2.319999933242798 0 0.11999999731779099 2.4000000953674316 0
          0.11999999731779099 2.4800000190734863 0 0.11999999731779099 2.559999942779541 0
          0.11999999731779099 2.640000104904175 0 0.11999999731779099 2.7200000286102295 0
          0.11999999731779099 2.799999952316284 0 0.11999999731779099 2.880000114440918 0
          0.11999999731779099 2.9600000381469727 0 0.11999999731779099 3.0399999618530273 0
          0.11999999731779099 3.119999885559082 0 0.11999999731779099 3.200000047683716 0
          0.11999999731779099 3.2799999713897705 0 0.11999999731779099 3.359999895095825 0
          0.11999999731779099 3.440000057220459 0 0.11999999731779099 3.5199999809265137 0
          0.11999999731779099 3.5999999046325684 0 0.11999999731779099 3.680000066757202 0
          0.11999999731779099 3.759999990463257 0 0.11999999731779099 3.8399999141693115 0
          0.11999999731779099 3.9200000762939453 0 0.11999999731779099 4 0
          0.11999999731779099 4.079999923706055 0 0.11999999731779099 4.159999847412109 0
          0.11999999731779099 4.239999771118164 0 0.11999999731779099 4.320000171661377 0
          0.11999999731779099 4.400000095367432 0 0.11999999731779099 4.480000019073486 0
          0.11999999731779099 4.559999942779541 0 0.11999999731779099 4.639999866485596 0
          0.11999999731779099 4.71999979019165 0 0.11999999731779099 4.800000190734863 0
          0.11999999731779099 4.880000114440918 0 0.11999999731779099 4.960000038146973 0
          0.11999999731779099 5.039999961853027 0 0.11999999731779099 5.119999885559082 0
          0.11999999731779099 5.199999809265137 0 0.11999999731779099 5.28000020980835 0
          0.11999999731779099 5.360000133514404 0 0.11999999731779099 5.440000057220459 0
          0.11999999731779099 5.519999980926514 0 0.11999999731779099 5.599999904632568 0
          0.23999999463558197 0 0 0.23999999463558197 0.07999999821186066 0
          0.23999999463558197 0.1599999964237213 0 0.23999999463558197 0.23999999463558197 0
          0.23999999463558197 0.3199999928474426 0 0.23999999463558197 0.4000000059604645 0
          0.23999999463558197 0.47999998927116394 0 0.23999999463558197 0.5600000023841858 0
          0.23999999463558197 0.6399999856948853 0 0.23999999463558197 0.7200000286102295 0
          0.23999999463558197 0.800000011920929 0 0.23999999463558197 0.8799999952316284 0
          0.23999999463558197 0.9599999785423279 0 0.23999999463558197 1.0399999618530273 0
          0.23999999463558197 1.1200000047683716 0 0.23999999463558197 1.2000000476837158 0
          0.23999999463558197 1.2799999713897705 0 0.23999999463558197 1.3600000143051147 0
          0.23999999463558197 1.440000057220459 0 0.23999999463558197 1.5199999809265137 0
          0.23999999463558197 1.600000023841858 0 0.23999999463558197 1.6799999475479126 0
          0.23999999463558197 1.7599999904632568 0 0.23999999463558197 1.840000033378601 0
          0.23999999463558197 1.9199999570846558 0 0.23999999463558197 2 0
          0.23999999463558197 2.0799999237060547 0 0.23999999463558197 2.1600000858306885 0
          0.23999999463558197 2.240000009536743 0 0.23999999463558197 2.319999933242798 0
          0.23999999463558197 2.4000000953674316 0 0.23999999463558197 2.4800000190734863 0
          0.23999999463558197 2.559999942779541 0 0.23999999463558197 2.640000104904175 0
          0.23999999463558197 2.7200000286102295 0 0.23999999463558197 2.799999952316284 0
          0.23999999463558197 2.880000114440918 0 0.23999999463558197 2.9600000381469727 0
          0.23999999463558197 3.0399999618530273 0 0.23999999463558197 3.119999885559082 0
          0.23999999463558197 3.200000047683716 0 0.23999999463558197 3.2799999713897705 0
          0.23999999463558197 3.359999895095825 0 0.23999999463558197 3.440000057220459 0
          0.23999999463558197 3.5199999809265137 0 0.23999999463558197 3.5999999046325684 0
          0.23999999463558197 3.680000066757202 0 0.23999999463558197 3.759999990463257 0
          0.23999999463558197 3.8399999141693115 0 0.23999999463558197 3.9200000762939453 0
          0.23999999463558197 4 0 0.23999999463558197 4.079999923706055 0
          0.23999999463558197 4.159999847412109 0 0.23999999463558197 4.239999771118164 0
          0.23999999463558197 4.320000171661377 0 0.23999999463558197 4.400000095367432 0
          0.23999999463558197 4.480000019073486 0 0.23999999463558197 4.559999942779541 0
          0.23999999463558197 4.639999866485596 0 0.23999999463558197 4.71999979019165 0
          0.23999999463558197 4.800000190734863 0 0.23999999463558197 4.880000114440918 0
          0.23999999463558197 4.960000038146973 0 0.23999999463558197 5.039999961853027 0
          0.23999999463558197 5.119999885559082 0 0.23999999463558197 5.199999809265137 0
          0.23999999463558197 5.28000020980835 0 0.23999999463558197 5.360000133514404 0
          0.23999999463558197 5.440000057220459 0 0.23999999463558197 5.519999980926514 0
          0.23999999463558197 5.599999904632568 0 0.36000001430511475 0 0
          0.36000001430511475 0.07999999821186066 0 0.36000001430511475 0.1599999964237213 0
          0.36000001430511475 0.23999999463558197 0 0.36000001430511475 0.3199999928474426 0
          0.36000001430511475 0.4000000059604645 0 0.36000001430511475 0.47999998927116394 0
          0.36000001430511475 0.5600000023841858 0 0.36000001430511475 0.6399999856948853 0
          0.36000001430511475 0.7200000286102295 0 0.36000001430511475 0.800000011920929 0
          0.36000001430511475 0.8799999952316284 0 0.36000001430511475 0.9599999785423279 0
          0.36000001430511475 1.0399999618530273 0 0.36000001430511475 1.1200000047683716 0
          0.36000001430511475 1.2000000476837158 0 0.36000001430511475 1.2799999713897705 0
          0.36000001430511475 1.3600000143051147 0 0.36000001430511475 1.440000057220459 0
          0.36000001430511475 1.5199999809265137 0 0.36000001430511475 1.600000023841858 0
          0.36000001430511475 1.6799999475479126 0 0.36000001430511475 1.7599999904632568 0
          0.36000001430511475 1.840000033378601 0 0.36000001430511475 1.9199999570846558 0
          0.36000001430511475 2 0 0.36000001430511475 2.0799999237060547 0
          0.36000001430511475 2.1600000858306885 0 0.36000001430511475 2.240000009536743 0
          0.36000001430511475 2.319999933242798 0 0.36000001430511475 2.4000000953674316 0
          0.36000001430511475 2.4800000190734863 0 0.36000001430511475 2.559999942779541 0
          0.36000001430511475 2.640000104904175 0 0.36000001430511475 2.7200000286102295 0
          0.36000001430511475 2.799999952316284 0 0.36000001430511475 2.880000114440918 0
          0.36000001430511475 2.9600000381469727 0 0.36000001430511475 3.0399999618530273 0
          0.36000001430511475 3.119999885559082 0 0.36000001430511475 3.200000047683716 0
          0.36000001430511475 3.2799999713897705 0 0.36000001430511475 3.359999895095825 0
          0.36000001430511475 3.440000057220459 0 0.36000001430511475 3.5199999809265137 0
          0.36000001430511475 3.5999999046325684 0 0.36000001430511475 3.680000066757202 0
          0.36000001430511475 3.759999990463257 0 0.36000001430511475 3.8399999141693115 0
          0.36000001430511475 3.9200000762939453 0 0.36000001430511475 4 0
          0.36000001430511475 4.079999923706055 0 0.36000001430511475 4.159999847412109 0
          0.36000001430511475 4.239999771118164 0 0.36000001430511475 4.320000171661377 0
          0.36000001430511475 4.400000095367432 0 0.36000001430511475 4.480000019073486 0
          0.36000001430511475 4.559999942779541 0 0.36000001430511475 4.639999866485596 0
          0.36000001430511475 4.71999979019165 0 0.36000001430511475 4.800000190734863 0
          0.36000001430511475 4.880000114440918 0 0.36000001430511475 4.960000038146973 0
          0.36000001430511475 5.039999961853027 0 0.36000001430511475 5.119999885559082 0
          0.36000001430511475 5.199999809265137 0 0.36000001430511475 5.28000020980835 0
          0.36000001430511475 5.360000133514404 0 0.36000001430511475 5.440000057220459 0
          0.36000001430511475 5.519999980926514 0 0.36000001430511475 5.599999904632568 0
          0.47999998927116394 0 0 0.47999998927116394 0.07999999821186066 0
          0.47999998927116394 0.1599999964237213 0 0.47999998927116394 0.23999999463558197 0
          0.47999998927116394 0.3199999928474426 0 0.47999998927116394 0.4000000059604645 0
          0.47999998927116394 0.47999998927116394 0 0.47999998927116394 0.5600000023841858 0
          0.47999998927116394 0.6399999856948853 0 0.47999998927116394 0.7200000286102295 0
          0.47999998927116394 0.800000011920929 0 0.47999998927116394 0.8799999952316284 0
          0.47999998927116394 0.9599999785423279 0 0.47999998927116394 1.0399999618530273 0
          0.47999998927116394 1.1200000047683716 0 0.47999998927116394 1.2000000476837158 0
          0.47999998927116394 1.2799999713897705 0 0.47999998927116394 1.3600000143051147 0
          0.47999998927116394 1.440000057220459 0 0.47999998927116394 1.5199999809265137 0
          0.47999998927116394 1.600000023841858 0 0.47999998927116394 1.6799999475479126 0
          0.47999998927116394 1.7599999904632568 0 0.47999998927116394 1.840000033378601 0
          0.47999998927116394 1.9199999570846558 0 0.47999998927116394 2 0
          0.47999998927116394 2.0799999237060547 0 0.47999998927116394 2.1600000858306885 0
          0.47999998927116394 2.240000009536743 0 0.47999998927116394 2.319999933242798 0
          0.47999998927116394 2.4000000953674316 0 0.47999998927116394 2.4800000190734863 0
          0.47999998927116394 2.559999942779541 0 0.47999998927116394 2.640000104904175 0
          0.47999998927116394 2.7200000286102295 0 0.47999998927116394 2.799999952316284 0
          0.47999998927116394 2.880000114440918 0 0.47999998927116394 2.9600000381469727 0
          0.47999998927116394 3.0399999618530273 0 0.47999998927116394 3.119999885559082 0
          0.47999998927116394 3.200000047683716 0 0.47999998927116394 3.2799999713897705 0
          0.47999998927116394 3.359999895095825 0 0.47999998927116394 3.440000057220459 0
          0.47999998927116394 3.5199999809265137 0 0.47999998927116394 3.5999999046325684 0
          0.47999998927116394 3.680000066757202 0 0.47999998927116394 3.759999990463257 0
          0.47999998927116394 3.8399999141693115 0 0.47999998927116394 3.9200000762939453 0
          0.47999998927116394 4 0 0.47999998927116394 4.079999923706055 0
          0.47999998927116394 4.159999847412109 0 0.47999998927116394 4.239999771118164 0
          0.47999998927116394 4.320000171661377 0 0.47999998927116394 4.400000095367432 0
          0.47999998927116394 4.480000019073486 0 0.47999998927116394 4.559999942779541 0
          0.47999998927116394 4.639999866485596 0 0.47999998927116394 4.71999979019165 0
          0.47999998927116394 4.800000190734863 0 0.47999998927116394 4.880000114440918 0
          0.47999998927116394 4.960000038146973 0 0.47999998927116394 5.039999961853027 0
          0.47999998927116394 5.119999885559082 0 0.47999998927116394 5.199999809265137 0
          0.47999998927116394 5.28000020980835 0 0.47999998927116394 5.360000133514404 0
          0.47999998927116394 5.440000057220459 0 0.47999998927116394 5.519999980926514 0
          0.47999998927116394 5.599999904632568 0 0.6000000238418579 0 0
          0.6000000238418579 0.07999999821186066 0 0.6000000238418579 0.1599999964237213 0
          0.6000000238418579 0.23999999463558197 0 0.6000000238418579 0.3199999928474426 0
          0.6000000238418579 0.4000000059604645 0 0.6000000238418579 0.47999998927116394 0
          0.6000000238418579 0.5600000023841858 0 0.6000000238418579 0.6399999856948853 0
          0.6000000238418579 0.7200000286102295 0 0.6000000238418579 0.800000011920929 0
          0.6000000238418579 0.8799999952316284 0 0.6000000238418579 0.9599999785423279 0
          0.6000000238418579 1.0399999618530273 0 0.6000000238418579 1.1200000047683716 0
          0.6000000238418579 1.2000000476837158 0 0.6000000238418579 1.2799999713897705 0
          0.6000000238418579 1.3600000143051147 0 0.6000000238418579 1.440000057220459 0
          0.6000000238418579 1.5199999809265137 0 0.6000000238418579 1.600000023841858 0
          0.6000000238418579 1.6799999475479126 0 0.6000000238418579 1.7599999904632568 0
          0.6000000238418579 1.840000033378601 0 0.6000000238418579 1.9199999570846558 0
          0.6000000238418579 2 0 0.6000000238418579 2.0799999237060547 0
          0.6000000238418579 2.1600000858306885 0 0.6000000238418579 2.240000009536743 0
          0.6000000238418579 2.319999933242798 0 0.6000000238418579 2.4000000953674316 0
          0.6000000238418579 2.4800000190734863 0 0.6000000238418579 2.559999942779541 0
          0.6000000238418579 2.640000104904175 0 0.6000000238418579 2.7200000286102295 0
          0.6000000238418579 2.799999952316284 0 0.6000000238418579 2.880000114440918 0
          0.6000000238418579 2.9600000381469727 0 0.6000000238418579 3.0399999618530273 0
          0.6000000238418579 3.119999885559082 0 0.6000000238418579 3.200000047683716 0
          0.6000000238418579 3.2799999713897705 0 0.6000000238418579 3.359999895095825 0
          0.6000000238418579 3.440000057220459 0 0.6000000238418579 3.5199999809265137 0
          0.6000000238418579 3.5999999046325684 0 0.6000000238418579 3.680000066757202 0
          0.6000000238418579 3.759999990463257 0 0.6000000238418579 3.8399999141693115 0
          0.6000000238418579 3.9200000762939453 0 0.6000000238418579 4 0
          0.6000000238418579 4.079999923706055 0 0.6000000238418579 4.159999847412109 0
          0.6000000238418579 4.239999771118164 0 0.6000000238418579 4.320000171661377 0
          0.6000000238418579 4.400000095367432 0 0.6000000238418579 4.480000019073486 0
          0.6000000238418579 4.559999942779541 0 0.6000000238418579 4.639999866485596 0
          0.6000000238418579 4.71999979019165 0 0.6000000238418579 4.800000190734863 0
          0.6000000238418579 4.880000114440918 0 0.6000000238418579 4.960000038146973 0
          0.6000000238418579 5.039999961853027 0 0.6000000238418579 5.119999885559082 0
          0.6000000238418579 5.199999809265137 0 0.6000000238418579 5.28000020980835 0
          0.6000000238418579 5.360000133514404 0 0.6000000238418579 5.440000057220459 0
          0.6000000238418579 5.519999980926514 0 0.6000000238418579 5.599999904632568 0
          0.7200000286102295 0 0 0.7200000286102295 0.07999999821186066 0
          0.7200000286102295 0.1599999964237213 0 0.7200000286102295 0.23999999463558197 0
          0.7200000286102295 0.3199999928474426 0 0.7200000286102295 0.4000000059604645 0
          0.7200000286102295 0.47999998927116394 0 0.7200000286102295 0.5600000023841858 0
          0.7200000286102295 0.6399999856948853 0 0.7200000286102295 0.7200000286102295 0
          0.7200000286102295 0.800000011920929 0 0.7200000286102295 0.8799999952316284 0
          0.7200000286102295 0.9599999785423279 0 0.7200000286102295 1.0399999618530273 0
          0.7200000286102295 1.1200000047683716 0 0.7200000286102295 1.2000000476837158 0
          0.7200000286102295 1.2799999713897705 0 0.7200000286102295 1.3600000143051147 0
          0.7200000286102295 1.440000057220459 0 0.7200000286102295 1.5199999809265137 0
          0.7200000286102295 1.600000023841858 0 0.7200000286102295 1.6799999475479126 0
          0.7200000286102295 1.7599999904632568 0 0.7200000286102295 1.840000033378601 0
          0.7200000286102295 1.9199999570846558 0 0.7200000286102295 2 0
          0.7200000286102295 2.0799999237060547 0 0.7200000286102295 2.1600000858306885 0
          0.7200000286102295 2.240000009536743 0 0.7200000286102295 2.319999933242798 0
          0.7200000286102295 2.4000000953674316 0 0.7200000286102295 2.4800000190734863 0
          0.7200000286102295 2.559999942779541 0 0.7200000286102295 2.640000104904175 0
          0.7200000286102295 2.7200000286102295 0 0.7200000286102295 2.799999952316284 0
          0.7200000286102295 2.880000114440918 0 0.7200000286102295 2.9600000381469727 0
          0.7200000286102295 3.0399999618530273 0 0.7200000286102295 3.119999885559082 0
          0.7200000286102295 3.200000047683716 0 0.7200000286102295 3.2799999713897705 0
          0.7200000286102295 3.359999895095825 0 0.7200000286102295 3.440000057220459 0
          0.7200000286102295 3.5199999809265137 0 0.7200000286102295 3.5999999046325684 0
          0.7200000286102295 3.680000066757202 0 0.7200000286102295 3.759999990463257 0
          0.7200000286102295 3.8399999141693115 0 0.7200000286102295 3.9200000762939453 0
          0.7200000286102295 4 0 0.7200000286102295 4.079999923706055 0
          0.7200000286102295 4.159999847412109 0 0.7200000286102295 4.239999771118164 0
          0.7200000286102295 4.320000171661377 0 0.7200000286102295 4.400000095367432 0
          0.7200000286102295 4.480000019073486 0 0.7200000286102295 4.559999942779541 0
          0.7200000286102295 4.639999866485596 0 0.7200000286102295 4.71999979019165 0
          0.7200000286102295 4.800000190734863 0 0.7200000286102295 4.880000114440918 0
          0.7200000286102295 4.960000038146973 0 0.7200000286102295 5.039999961853027 0
          0.7200000286102295 5.119999885559082 0 0.7200000286102295 5.199999809265137 0
          0.7200000286102295 5.28000020980835 0 0.7200000286102295 5.360000133514404 0
          0.7200000286102295 5.440000057220459 0 0.7200000286102295 5.519999980926514 0
          0.7200000286102295 5.599999904632568 0 0.8399999737739563 0 0
          0.8399999737739563 0.07999999821186066 0 0.8399999737739563 0.1599999964237213 0
          0.8399999737739563 0.23999999463558197 0 0.8399999737739563 0.3199999928474426 0
          0.8399999737739563 0.4000000059604645 0 0.8399999737739563 0.47999998927116394 0
          0.8399999737739563 0.5600000023841858 0 0.8399999737739563 0.6399999856948853 0
          0.8399999737739563 0.7200000286102295 0 0.8399999737739563 0.800000011920929 0
          0.8399999737739563 0.8799999952316284 0 0.8399999737739563 0.9599999785423279 0
          0.8399999737739563 1.0399999618530273 0 0.8399999737739563 1.1200000047683716 0
          0.8399999737739563 1.2000000476837158 0 0.8399999737739563 1.2799999713897705 0
          0.8399999737739563 1.3600000143051147 0 0.8399999737739563 1.440000057220459 0
          0.8399999737739563 1.5199999809265137 0 0.8399999737739563 1.600000023841858 0
          0.8399999737739563 1.6799999475479126 0 0.8399999737739563 1.7599999904632568 0
          0.8399999737739563 1.840000033378601 0 0.8399999737739563 1.9199999570846558 0
          0.8399999737739563 2 0 0.8399999737739563 2.0799999237060547 0
          0.8399999737739563 2.1600000858306885 0 0.8399999737739563 2.240000009536743 0
          0.8399999737739563 2.319999933242798 0 0.8399999737739563 2.4000000953674316 0
          0.8399999737739563 2.4800000190734863 0 0.8399999737739563 2.559999942779541 0
          0.8399999737739563 2.640000104904175 0 0.8399999737739563 2.7200000286102295 0
          0.8399999737739563 2.799999952316284 0 0.8399999737739563 2.880000114440918 0
          0.8399999737739563 2.9600000381469727 0 0.8399999737739563 3.0399999618530273 0
          0.8399999737739563 3.119999885559082 0 0.8399999737739563 3.200000047683716 0
          0.8399999737739563 3.2799999713897705 0 0.8399999737739563 3.359999895095825 0
          0.8399999737739563 3.440000057220459 0 0.8399999737739563 3.5199999809265137 0
          0.8399999737739563 3.5999999046325684 0 0.8399999737739563 3.680000066757202 0
          0.8399999737739563 3.759999990463257 0 0.8399999737739563 3.8399999141693115 0
          0.8399999737739563 3.9200000762939453 0 0.8399999737739563 4 0
          0.8399999737739563 4.079999923706055 0 0.8399999737739563 4.159999847412109 0
          0.8399999737739563 4.239999771118164 0 0.8399999737739563 4.320000171661377 0
          0.8399999737739563 4.400000095367432 0 0.8399999737739563 4.480000019073486 0
          0.8399999737739563 4.559999942779541 0 0.8399999737739563 4.639999866485596 0
          0.8399999737739563 4.71999979019165 0 0.8399999737739563 4.800000190734863 0
          0.8399999737739563 4.880000114440918 0 0.8399999737739563 4.960000038146973 0
          0.8399999737739563 5.039999961853027 0 0.8399999737739563 5.119999885559082 0
          0.8399999737739563 5.199999809265137 0 0.8399999737739563 5.28000020980835 0
          0.8399999737739563 5.360000133514404 0 0.8399999737739563 5.440000057220459 0
          0.8399999737739563 5.519999980926514 0 0.8399999737739563 5.599999904632568 0
          0.9599999785423279 0 0 0.9599999785423279 0.07999999821186066 0
          0.9599999785423279 0.1599999964237213 0 0.9599999785423279 0.23999999463558197 0
          0.9599999785423279 0.3199999928474426 0 0.9599999785423279 0.4000000059604645 0
          0.9599999785423279 0.47999998927116394 0 0.9599999785423279 0.5600000023841858 0
          0.9599999785423279 0.6399999856948853 0 0.9599999785423279 0.7200000286102295 0
          0.9599999785423279 0.800000011920929 0 0.9599999785423279 0.8799999952316284 0
          0.9599999785423279 0.9599999785423279 0 0.9599999785423279 1.0399999618530273 0
          0.9599999785423279 1.1200000047683716 0 0.9599999785423279 1.2000000476837158 0
          0.9599999785423279 1.2799999713897705 0 0.9599999785423279 1.3600000143051147 0
          0.9599999785423279 1.440000057220459 0 0.9599999785423279 1.5199999809265137 0
          0.9599999785423279 1.600000023841858 0 0.9599999785423279 1.6799999475479126 0
          0.9599999785423279 1.7599999904632568 0 0.9599999785423279 1.840000033378601 0
          0.9599999785423279 1.9199999570846558 0 0.9599999785423279 2 0
          0.9599999785423279 2.0799999237060547 0 0.9599999785423279 2.1600000858306885 0
          0.9599999785423279 2.240000009536743 0 0.9599999785423279 2.319999933242798 0
          0.9599999785423279 2.4000000953674316 0 0.9599999785423279 2.4800000190734863 0
          0.9599999785423279 2.559999942779541 0 0.9599999785423279 2.640000104904175 0
          0.9599999785423279 2.7200000286102295 0 0.9599999785423279 2.799999952316284 0
          0.9599999785423279 2.880000114440918 0 0.9599999785423279 2.9600000381469727 0
          0.9599999785423279 3.0399999618530273 0 0.9599999785423279 3.119999885559082 0
          0.9599999785423279 3.200000047683716 0 0.9599999785423279 3.2799999713897705 0
          0.9599999785423279 3.359999895095825 0 0.9599999785423279 3.440000057220459 0
          0.9599999785423279 3.5199999809265137 0 0.9599999785423279 3.5999999046325684 0
          0.9599999785423279 3.680000066757202 0 0.9599999785423279 3.759999990463257 0
          0.9599999785423279 3.8399999141693115 0 0.9599999785423279 3.9200000762939453 0
          0.9599999785423279 4 0 0.9599999785423279 4.079999923706055 0
          0.9599999785423279 4.159999847412109 0 0.9599999785423279 4.239999771118164 0
          0.9599999785423279 4.320000171661377 0 0.9599999785423279 4.400000095367432 0
          0.9599999785423279 4.480000019073486 0 0.9599999785423279 4.559999942779541 0
          0.9599999785423279 4.639999866485596 0 0.9599999785423279 4.71999979019165 0
          0.9599999785423279 4.800000190734863 0 0.9599999785423279 4.880000114440918 0
          0.9599999785423279 4.960000038146973 0 0.9599999785423279 5.039999961853027 0
          0.9599999785423279 5.119999885559082 0 0.9599999785423279 5.199999809265137 0
          0.9599999785423279 5.28000020980835 0 0.9599999785423279 5.360000133514404 0
          0.9599999785423279 5.440000057220459 0 0.9599999785423279 5.519999980926514 0
          0.9599999785423279 5.599999904632568 0 1.0800000429153442 0 0
          1.0800000429153442 0.07999999821186066 0 1.0800000429153442 0.1599999964237213 0
          1.0800000429153442 0.23999999463558197 0 1.0800000429153442 0.3199999928474426 0
          1.0800000429153442 0.4000000059604645 0 1.0800000429153442 0.47999998927116394 0
          1.0800000429153442 0.5600000023841858 0 1.0800000429153442 0.6399999856948853 0
          1.0800000429153442 0.7200000286102295 0 1.0800000429153442 0.800000011920929 0
          1.0800000429153442 0.8799999952316284 0 1.0800000429153442 0.9599999785423279 0
          1.0800000429153442 1.0399999618530273 0 1.0800000429153442 1.1200000047683716 0
          1.0800000429153442 1.2000000476837158 0 1.0800000429153442 1.2799999713897705 0
          1.0800000429153442 1.3600000143051147 0 1.0800000429153442 1.440000057220459 0
          1.0800000429153442 1.5199999809265137 0 1.0800000429153442 1.600000023841858 0
          1.0800000429153442 1.6799999475479126 0 1.0800000429153442 1.7599999904632568 0
          1.0800000429153442 1.840000033378601 0 1.0800000429153442 1.9199999570846558 0
          1.0800000429153442 2 0 1.0800000429153442 2.0799999237060547 0
          1.0800000429153442 2.1600000858306885 0 1.0800000429153442 2.240000009536743 0
          1.0800000429153442 2.319999933242798 0 1.0800000429153442 2.4000000953674316 0
          1.0800000429153442 2.4800000190734863 0 1.0800000429153442 2.559999942779541 0
          1.0800000429153442 2.640000104904175 0 1.0800000429153442 2.7200000286102295 0
          1.0800000429153442 2.799999952316284 0 1.0800000429153442 2.880000114440918 0
          1.0800000429153442 2.9600000381469727 0 1.0800000429153442 3.0399999618530273 0
          1.0800000429153442 3.119999885559082 0 1.0800000429153442 3.200000047683716 0
          1.0800000429153442 3.2799999713897705 0 1.0800000429153442 3.359999895095825 0
          1.0800000429153442 3.440000057220459 0 1.0800000429153442 3.5199999809265137 0
          1.0800000429153442 3.5999999046325684 0 1.0800000429153442 3.680000066757202 0
          1.0800000429153442 3.759999990463257 0 1.0800000429153442 3.8399999141693115 0
          1.0800000429153442 3.9200000762939453 0 1.0800000429153442 4 0
          1.0800000429153442 4.079999923706055 0 1.0800000429153442 4.159999847412109 0
          1.0800000429153442 4.239999771118164 0 1.0800000429153442 4.320000171661377 0
          1.0800000429153442 4.400000095367432 0 1.0800000429153442 4.480000019073486 0
          1.0800000429153442 4.559999942779541 0 1.0800000429153442 4.639999866485596 0
          1.0800000429153442 4.71999979019165 0 1.0800000429153442 4.800000190734863 0
          1.0800000429153442 4.880000114440918 0 1.0800000429153442 4.960000038146973 0
          1.0800000429153442 5.039999961853027 0 1.0800000429153442 5.119999885559082 0
          1.0800000429153442 5.199999809265137 0 1.0800000429153442 5.28000020980835 0
          1.0800000429153442 5.360000133514404 0 1.0800000429153442 5.440000057220459 0
          1.0800000429153442 5.519999980926514 0 1.0800000429153442 5.599999904632568 0
          1.2000000476837158 0 0 1.2000000476837158 0.07999999821186066 0
          1.2000000476837158 0.1599999964237213 0 1.2000000476837158 0.23999999463558197 0
          1.2000000476837158 0.3199999928474426 0 1.2000000476837158 0.4000000059604645 0
          1.2000000476837158 0.47999998927116394 0 1.2000000476837158 0.5600000023841858 0
          1.2000000476837158 0.6399999856948853 0 1.2000000476837158 0.7200000286102295 0
          1.2000000476837158 0.800000011920929 0 1.2000000476837158 0.8799999952316284 0
          1.2000000476837158 0.9599999785423279 0 1.2000000476837158 1.0399999618530273 0
          1.2000000476837158 1.1200000047683716 0 1.2000000476837158 1.2000000476837158 0
          1.2000000476837158 1.2799999713897705 0 1.2000000476837158 1.3600000143051147 0
          1.2000000476837158 1.440000057220459 0 1.2000000476837158 1.5199999809265137 0
          1.2000000476837158 1.600000023841858 0 1.2000000476837158 1.6799999475479126 0
          1.2000000476837158 1.7599999904632568 0 1.2000000476837158 1.840000033378601 0
          1.2000000476837158 1.9199999570846558 0 1.2000000476837158 2 0
          1.2000000476837158 2.0799999237060547 0 1.2000000476837158 2.1600000858306885 0
          1.2000000476837158 2.240000009536743 0 1.2000000476837158 2.319999933242798 0
          1.2000000476837158 2.4000000953674316 0 1.2000000476837158 2.4800000190734863 0
          1.2000000476837158 2.559999942779541 0 1.2000000476837158 2.640000104904175 0
          1.2000000476837158 2.7200000286102295 0 1.2000000476837158 2.799999952316284 0
          1.2000000476837158 2.880000114440918 0 1.2000000476837158 2.9600000381469727 0
          1.2000000476837158 3.0399999618530273 0 1.2000000476837158 3.119999885559082 0
          1.2000000476837158 3.200000047683716 0 1.2000000476837158 3.2799999713897705 0
          1.2000000476837158 3.359999895095825 0 1.2000000476837158 3.440000057220459 0
          1.2000000476837158 3.5199999809265137 0 1.2000000476837158 3.5999999046325684 0
          1.2000000476837158 3.680000066757202 0 1.2000000476837158 3.759999990463257 0
          1.2000000476837158 3.8399999141693115 0 1.2000000476837158 3.9200000762939453 0
          1.2000000476837158 4 0 1.2000000476837158 4.079999923706055 0
          1.2000000476837158 4.159999847412109 0 1.2000000476837158 4.239999771118164 0
          1.2000000476837158 4.320000171661377 0 1.2000000476837158 4.400000095367432 0
          1.2000000476837158 4.480000019073486 0 1.2000000476837158 4.559999942779541 0
          1.2000000476837158 4.639999866485596 0 1.2000000476837158 4.71999979019165 0
          1.2000000476837158 4.800000190734863 0 1.2000000476837158 4.880000114440918 0
          1.2000000476837158 4.960000038146973 0 1.2000000476837158 5.039999961853027 0
          1.2000000476837158 5.119999885559082 0 1.2000000476837158 5.199999809265137 0
          1.2000000476837158 5.28000020980835 0 1.2000000476837158 5.360000133514404 0
          1.2000000476837158 5.440000057220459 0 1.2000000476837158 5.519999980926514 0
          1.2000000476837158 5.599999904632568 0
          <InformationKey name="L2_NORM_RANGE" location="vtkDataArray" length="2">
            <Value index="0">
              0
            </Value>
            <Value index="1">
              5.7271283421
            </Value>
          </InformationKey>
        </DataArray>
      </Points>
      <Cells>
        <DataArray type="Int64" Name="connectivity" format="ascii" RangeMin="0" RangeMax="780">
          0 71 72 1 1 72
          73 2 2 73 74 3
          3 74 75 4 4 75
          76 5 5 76 77 6
          6 77 78 7 7 78
          79 8 8 79 80 9
          9 80 81 10 10 81
          82 11 11 82 83 12
          12 83 84 13 13 84
          85 14 14 85 86 15
          15 86 87 16 16 87
          88 17 17 88 89 18
          18 89 90 19 19 90
          91 20 20 91 92 21
          21 92 93 22 22 93
          94 23 23 94 95 24
          24 95 96 25 25 96
          97 26 26 97 98 27
          27 98 99 28 28 99
          100 29 29 100 101 30
          30 101 102 31 31 102
          103 32 32 103 104 33
          33 104 105 34 34 105
          106 35 35 106 107 36
          36 107 108 37 37 108
          109 38 38 109 110 39
          39 110 111 40 40 111
          112 41 41 112 113 42
          42 113 114 43 43 114
          115 44 44 115 116 45
          45 116 117 46 46 117
          118 47 47 118 119 48
          48 119 120 49 49 120
          121 50 50 121 122 51
          51 122 123 52 52 123
          124 53 53 124 125 54
          54 125 126 55 55 126
          127 56 56 127 128 57
          57 128 129 58 58 129
          130 59 59 130 131 60
          60 131 132 61 61 132
          133 62 62 133 134 63
          63 134 135 64 64 135
          136 65 65 136 137 66
          66 137 138 67 67 138
          139 68 68 139 140 69
          69 140 141 70 71 142
          143 72 72 143 144 73
          73 144 145 74 74 145
          146 75 75 146 147 76
          76 147 148 77 77 148
          149 78 78 149 150 79
          79 150 151 80 80 151
          152 81 81 152 153 82
          82 153 154 83 83 154
          155 84 84 155 156 85
          85 156 157 86 86 157
          158 87 87 158 159 88
          88 159 160 89 89 160
          161 90 90 161 162 91
          91 162 163 92 92 163
          164 93 93 164 165 94
          94 165 166 95 95 166
          167 96 96 167 168 97
          97 168 169 98 98 169
          170 99 99 170 171 100
          100 171 172 101 101 172
          173 102 102 173 174 103
          103 174 175 104 104 175
          176 105 105 176 177 106
          106 177 178 107 107 178
          179 108 108 179 180 109
          109 180 181 110 110 181
          182 111 111 182 183 112
          112 183 184 113 113 184
          185 114 114 185 186 115
          115 186 187 116 116 187
          188 117 117 188 189 118
          118 189 190 119 119 190
          191 120 120 191 192 121
          121 192 193 122 122 193
          194 123 123 194 195 124
          124 195 196 125 125 196
          197 126 126 197 198 127
          127 198 199 128 128 199
          200 129 129 200 201 130
          130 201 202 131 131 202
          203 132 132 203 204 133
          133 204 205 134 134 205
          206 135 135 206 207 136
          136 207 208 137 137 208
          209 138 138 209 210 139
          139 210 211 140 140 211
          212 141 142 213 214 143
          143 214 215 144 144 215
          216 145 145 216 217 146
          146 217 218 147 147 218
          219 148 148 219 220 149
          149 220 221 150 150 221
          222 151 151 222 223 152
          152 223 224 153 153 224
          225 154 154 225 226 155
          155 226 227 156 156 227
          228 157 157 228 229 158
          158 229 230 159 159 230
          231 160 160 231 232 161
          161 232 233 162 162 233
          234 163 163 234 235 164
          164 235 236 165 165 236
          237 166 166 237 238 167
          167 238 239 168 168 239
          240 169 169 240 241 170
          170 241 242 171 171 242
          243 172 172 243 244 173
          173 244 245 174 174 245
          246 175 175 246 247 176
          176 247 248 177 177 248
          249 178 178 249 250 179
          179 250 251 180 180 251
          252 181 181 252 253 182
          182 253 254 183 183 254
          255 184 184 255 256 185
          185 256 257 186 186 257
          258 187 187 258 259 188
          188 259 260 189 189 260
          261 190 190 261 262 191
          191 262 263 192 192 263
          264 193 193 264 265 194
          194 265 266 195 195 266
          267 196 196 267 268 197
          197 268 269 198 198 269
          270 199 199 270 271 200
          200 271 272 201 201 272
          273 202 202 273 274 203
          203 274 275 204 204 275
          276 205 205 276 277 206
          206 277 278 207 207 278
          279 208 208 279 280 209
          209 280 281 210 210 281
          282 211 211 282 283 212
          213 284 285 214 214 285
          286 215 215 286 287 216
          216 287 288 217 217 288
          289 218 218 289 290 219
          219 290 291 220 220 291
          292 221 221 292 293 222
          222 293 294 223 223 294
          295 224 224 295 296 225
          225 296 297 226 226 297
          298 227 227 298 299 228
          228 299 300 229 229 300
          301 230 230 301 302 231
          231 302 303 232 232 303
          304 233 233 304 305 234
          234 305 306 235 235 306
          307 236 236 307 308 237
          237 308 309 238 238 309
          310 239 239 310 311 240
          240 311 312 241 241 312
          313 242 242 313 314 243
          243 314 315 244 244 315
          316 245 245 316 317 246
          246 317 318 247 247 318
          319 248 248 319 320 249
          249 320 321 250 250 321
          322 251 251 322 323 252
          252 323 324 253 253 324
          325 254 254 325 326 255
          255 326 327 256 256 327
          328 257 257 328 329 258
          258 329 330 259 259 330
          331 260 260 331 332 261
          261 332 333 262 262 333
          334 263 263 334 335 264
          264 335 336 265 265 336
          337 266 266 337 338 267
          267 338 339 268 268 339
          340 269 269 340 341 270
          270 341 342 271 271 342
          343 272 272 343 344 273
          273 344 345 274 274 345
          346 275 275 346 347 276
          276 347 348 277 277 348
          349 278 278 349 350 279
          279 350 351 280 280 351
          352 281 281 352 353 282
          282 353 354 283 284 355
          356 285 285 356 357 286
          286 357 358 287 287 358
          359 288 288 359 360 289
          289 360 361 290 290 361
          362 291 291 362 363 292
          292 363 364 293 293 364
          365 294 294 365 366 295
          295 366 367 296 296 367
          368 297 297 368 369 298
          298 369 370 299 299 370
          371 300 300 371 372 301
          301 372 373 302 302 373
          374 303 303 374 375 304
          304 375 376 305 305 376
          377 306 306 377 378 307
          307 378 379 308 308 379
          380 309 309 380 381 310
          310 381 382 311 311 382
          383 312 312 383 384 313
          313 384 385 314 314 385
          386 315 315 386 387 316
          316 387 388 317 317 388
          389 318 318 389 390 319
          319 390 391 320 320 391
          392 321 321 392 393 322
          322 393 394 323 323 394
          395 324 324 395 396 325
          325 396 397 326 326 397
          398 327 327 398 399 328
          328 399 400 329 329 400
          401 330 330 401 402 331
          331 402 403 332 332 403
          404 333 333 404 405 334
          334 405 406 335 335 406
          407 336 336 407 408 337
          337 408 409 338 338 409
          410 339 339 410 411 340
          340 411 412 341 341 412
          413 342 342 413 414 343
          343 414 415 344 344 415
          416 345 345 416 417 346
          346 417 418 347 347 418
          419 348 348 419 420 349
          349 420 421 350 350 421
          422 351 351 422 423 352
          352 423 424 353 353 424
          425 354 355 426 427 356
          356 427 428 357 357 428
          429 358 358 429 430 359
          359 430 431 360 360 431
          432 361 361 432 433 362
          362 433 434 363 363 434
          435 364 364 435 436 365
          365 436 437 366 366 437
          438 367 367 438 439 368
          368 439 440 369 369 440
          441 370 370 441 442 371
          371 442 443 372 372 443
          444 373 373 444 445 374
          374 445 446 375 375 446
          447 376 376 447 448 377
          377 448 449 378 378 449
          450 379 379 450 451 380
          380 451 452 381 381 452
          453 382 382 453 454 383
          383 454 455 384 384 455
          456 385 385 456 457 386
          386 457 458 387 387 458
          459 388 388 459 460 389
          389 460 461 390 390 461
          462 391 391 462 463 392
          392 463 464 393 393 464
          465 394 394 465 466 395
          395 466 467 396 396 467
          468 397 397 468 469 398
          398 469 470 399 399 470
          471 400 400 471 472 401
          401 472 473 402 402 473
          474 403 403 474 475 404
          404 475 476 405 405 476
          477 406 406 477 478 407
          407 478 479 408 408 479
          480 409 409 480 481 410
          410 481 482 411 411 482
          483 412 412 483 484 413
          413 484 485 414 414 485
          486 415 415 486 487 416
          416 487 488 417 417 488
          489 418 418 489 490 419
          419 490 491 420 420 491
          492 421 421 492 493 422
          422 493 494 423 423 494
          495 424 424 495 496 425
          426 497 498 427 427 498
          499 428 428 499 500 429
          429 500 501 430 430 501
          502 431 431 502 503 432
          432 503 504 433 433 504
          505 434 434 505 506 435
          435 506 507 436 436 507
          508 437 437 508 509 438
          438 509 510 439 439 510
          511 440 440 511 512 441
          441 512 513 442 442 513
          514 443 443 514 515 444
          444 515 516 445 445 516
          517 446 446 517 518 447
          447 518 519 448 448 519
          520 449 449 520 521 450
          450 521 522 451 451 522
          523 452 452 523 524 453
          453 524 525 454 454 525
          526 455 455 526 527 456
          456 527 528 457 457 528
          529 458 458 529 530 459
          459 530 531 460 460 531
          532 461 461 532 533 462
          462 533 534 463 463 534
          535 464 464 535 536 465
          465 536 537 466 466 537
          538 467 467 538 539 468
          468 539 540 469 469 540
          541 470 470 541 542 471
          471 542 543 472 472 543
          544 473 473 544 545 474
          474 545 546 475 475 546
          547 476 476 547 548 477
          477 548 549 478 478 549
          550 479 479 550 551 480
          480 551 552 481 481 552
          553 482 482 553 554 483
          483 554 555 484 484 555
          556 485 485 556 557 486
          486 557 558 487 487 558
          559 488 488 559 560 489
          489 560 561 490 490 561
          562 491 491 562 563 492
          492 563 564 493 493 564
          565 494 494 565 566 495
          495 566 567 496 497 568
          569 498 498 569 570 499
          499 570 571 500 500 571
          572 501 501 572 573 502
          502 573 574 503 503 574
          575 504 504 575 576 505
          505 576 577 506 506 577
          578 507 507 578 579 508
          508 579 580 509 509 580
          581 510 510 581 582 511
          511 582 583 512 512 583
          584 513 513 584 585 514
          514 585 586 515 515 586
          587 516 516 587 588 517
          517 588 589 518 518 589
          590 519 519 590 591 520
          520 591 592 521 521 592
          593 522 522 593 594 523
          523 594 595 524 524 595
          596 525 525 596 597 526
          526 597 598 527 527 598
          599 528 528 599 600 529
          529 600 601 530 530 601
          602 531 531 602 603 532
          532 603 604 533 533 604
          605 534 534 605 606 535
          535 606 607 536 536 607
          608 537 537 608 609 538
          538 609 610 539 539 610
          611 540 540 611 612 541
          541 612 613 542 542 613
          614 543 543 614 615 544
          544 615 616 545 545 616
          617 546 546 617 618 547
          547 618 619 548 548 619
          620 549 549 620 621 550
          550 621 622 551 551 622
          623 552 552 623 624 553
          553 624 625 554 554 625
          626 555 555 626 627 556
          556 627 628 557 557 628
          629 558 558 629 630 559
          559 630 631 560 560 631
          632 561 561 632 633 562
          562 633 634 563 563 634
          635 564 564 635 636 565
          565 636 637 566 566 637
          638 567 568 639 640 569
          569 640 641 570 570 641
          642 571 571 642 643 572
          572 643 644 573 573 644
          645 574 574 645 646 575
          575 646 647 576 576 647
          648 577 577 648 649 578
          578 649 650 579 579 650
          651 580 580 651 652 581
          581 652 653 582 582 653
          654 583 583 654 655 584
          584 655 656 585 585 656
          657 586 586 657 658 587
          587 658 659 588 588 659
          660 589 589 660 661 590
          590 661 662 591 591 662
          663 592 592 663 664 593
          593 664 665 594 594 665
          666 595 595 666 667 596
          596 667 668 597 597 668
          669 598 598 669 670 599
          599 670 671 600 600 671
          672 601 601 672 673 602
          602 673 674 603 603 674
          675 604 604 675 676 605
          605 676 677 606 606 677
          678 607 607 678 679 608
          608 679 680 609 609 680
          681 610 610 681 682 611
          611 682 683 612 612 683
          684 613 613 684 685 614
          614 685 686 615 615 686
          687 616 616 687 688 617
          617 688 689 618 618 689
          690 619 619 690 691 620
          620 691 692 621 621 692
          693 622 622 693 694 623
          623 694 695 624 624 695
          696 625 625 696 697 626
          626 697 698 627 627 698
          699 628 628 699 700 629
          629 700 701 630 630 701
          702 631 631 702 703 632
          632 703 704 633 633 704
          705 634 634 705 706 635
          635 706 707 636 636 707
          708 637 637 708 709 638
          639 710 711 640 640 711
          712 641 641 712 713 642
          642 713 714 643 643 714
          715 644 644 715 716 645
          645 716 717 646 646 717
          718 647 647 718 719 648
          648 719 720 649 649 720
          721 650 650 721 722 651
          651 722 723 652 652 723
          724 653 653 724 725 654
          654 725 726 655 655 726
          727 656 656 727 728 657
          657 728 729 658 658 729
          730 659 659 730 731 660
          660 731 732 661 661 732
          733 662 662 733 734 663
          663 734 735 664 664 735
          736 665 665 736 737 666
          666 737 738 667 667 738
          739 668 668 739 740 669
          669 740 741 670 670 741
          742 671 671 742 743 672
          672 743 744 673 673 744
          745 674 674 745 746 675
          675 746 747 676 676 747
          748 677 677 748 749 678
          678 749 750 679 679 750
          751 680 680 751 752 681
          681 752 753 682 682 753
          754 683 683 754 755 684
          684 755 756 685 685 756
          757 686 686 757 758 687
          687 758 759 688 688 759
          760 689 689 760 761 690
          690 761 762 691 691 762
          763 692 692 763 764 693
          693 764 765 694 694 765
          766 695 695 766 767 696
          696 767 768 697 697 768
          769 698 698 769 770 699
          699 770 771 700 700 771
          772 701 701 772 773 702
          702 773 774 703 703 774
          775 704 704 775 776 705
          705 776 777 706 706 777
          778 707 707 778 779 708
          708 779 780 709
        </DataArray>
        <DataArray type="Int64" Name="offsets" format="ascii" RangeMin="4" RangeMax="2800">
          4 8 12 16 20 24
          28 32 36 40 44 48
          52 56 60 64 68 72
          76 80 84 88 92 96
          100 104 108 112 116 120
          124 128 132 136 140 144
          148 152 156 160 164 168
          172 176 180 184 188 192
          196 200 204 208 212 216
          220 224 228 232 236 240
          244 248 252 256 260 264
          268 272 276 280 284 288
          292 296 300 304 308 312
          316 320 324 328 332 336
          340 344 348 352 356 360
          364 368 372 376 380 384
          388 392 396 400 404 408
          412 416 420 424 428 432
          436 440 444 448 452 456
          460 464 468 472 476 480
          484 488 492 496 500 504
          508 512 516 520 524 528
          532 536 540 544 548 552
          556 560 564 568 572 576
          580 584 588 592 596 600
          604 608 612 616 620 624
          628 632 636 640 644 648
          652 656 660 664 668 672
          676 680 684 688 692 696
          700 704 708 712 716 720
          724 728 732 736 740 744
          748 752 756 760 764 768
          772 776 780 784 788 792
          796 800 804 808 812 816
          820 824 828 832 836 840
          844 848 852 856 860 864
          868 872 876 880 884 888
          892 896 900 904 908 912
          916 920 924 928 932 936
          940 944 948 952 956 960
          964 968 972 976 980 984
          988 992 996 1000 1004 1008
          1012 1016 1020 1024 1028 1032
          1036 1040 1044 1048 1052 1056
          1060 1064 1068 1072 1076 1080
          1084 1088 1092 1096 1100 1104
          1108 1112 1116 1120 1124 1128
          1132 1136 1140 1144 1148 1152
          1156 1160 1164 1168 1172 1176
          1180 1184 1188 1192 1196 1200
          1204 1208 1212 1216 1220 1224
          1228 1232 1236 1240 1244 1248
          1252 1256 1260 1264 1268 1272
          1276 1280 1284 1288 1292 1296
          1300 1304 1308 1312 1316 1320
          1324 1328 1332 1336 1340 1344
          1348 1352 1356 1360 1364 1368
          1372 1376 1380 1384 1388 1392
          1396 1400 1404 1408 1412 1416
          1420 1424 1428 1432 1436 1440
          1444 1448 1452 1456 1460 1464
          1468 1472 1476 1480 1484 1488
          1492 1496 1500 1504 1508 1512
          1516 1520 1524 1528 1532 1536
          1540 1544 1548 1552 1556 1560
          1564 1568 1572 1576 1580 1584
          1588 1592 1596 1600 1604 1608
          1612 1616 1620 1624 1628 1632
          1636 1640 1644 1648 1652 1656
          1660 1664 1668 1672 1676 1680
          1684 1688 1692 1696 1700 1704
          1708 1712 1716 1720 1724 1728
          1732 1736 1740 1744 1748 1752
          1756 1760 1764 1768 1772 1776
          1780 1784 1788 1792 1796 1800
          1804 1808 1812 1816 1820 1824
          1828 1832 1836 1840 1844 1848
          1852 1856 1860 1864 1868 1872
          1876 1880 1884 1888 1892 1896
          1900 1904 1908 1912 1916 1920
          1924 1928 1932 1936 1940 1944
          1948 1952 1956 1960 1964 1968
          1972 1976 1980 1984 1988 1992
          1996 2000 2004 2008 2012 2016
          2020 2024 2028 2032 2036 2040
          2044 2048 2052 2056 2060 2064
          2068 2072 2076 2080 2084 2088
          2092 2096 2100 2104 2108 2112
          2116 2120 2124 2128 2132 2136
          2140 2144 2148 2152 2156 2160
          2164 2168 2172 2176 2180 2184
          2188 2192 2196 2200 2204 2208
          2212 2216 2220 2224 2228 2232
          2236 2240 2244 2248 2252 2256
          2260 2264 2268 2272 2276 2280
          2284 2288 2292 2296 2300 2304
          2308 2312 2316 2320 2324 2328
          2332 2336 2340 2344 2348 2352
          2356 2360 2364 2368 2372 2376
          2380 2384 2388 2392 2396 2400
          2404 2408 2412 2416 2420 2424
          2428 2432 2436 2440 2444 2448
          2452 2456 2460 2464 2468 2472
          2476 2480 2484 2488 2492 2496
          2500 2504 2508 2512 2516 2520
          2524 2528 2532 2536 2540 2544
          2548 2552 2556 2560 2564 2568
          2572 2576 2580 2584 2588 2592
          2596 2600 2604 2608 2612 2616
          2620 2624 2628 2632 2636 2640
          2644 2648 2652 2656 2660 2664
          2668 2672 2676 2680 2684 2688
          2692 2696 2700 2704 2708 2712
          2716 2720 2724 2728 2732 2736
          2740 2744 2748 2752 2756 2760
          2764 2768 2772 2776 2780 2784
          2788 2792 2796 2800
        </DataArray>
        <DataArray type="UInt8" Name="types" format="ascii" RangeMin="7" RangeMax="7">
          7 7 7 7 7 7
          7 7 7 7 7 7
          7 7 7 7 7 7
          7 7 7 7 7 7
          7 7 7 7 7 7
          7 7 7 7 7 7
          7 7 7 7 7 7
          7 7 7 7 7 7
          7 7 7 7 7 7
          7 7 7 7 7 7
          7 7 7 7 7 7
          7 7 7 7 7 7
          7 7 7 7 7 7
          7 7 7 7 7 7
          7 7 7 7 7 7
          7 7 7 7 7 7
          7 7 7 7 7 7
          7 7 7 7 7 7
          7 7 7 7 7 7
          7 7 7 7 7 7
          7 7 7 7 7 7
          7 7 7 7 7 7
          7 7 7 7 7 7
          7 7 7 7 7 7
          7 7 7 7 7 7
          7 7 7 7 7 7
          7 7 7 7 7 7
          7 7 7 7 7 7
          7 7 7 7 7 7
          7 7 7 7 7 7
          7 7 7 7 7 7
          7 7 7 7 7 7
          7 7 7 7 7 7
          7 7 7 7 7 7
          7 7 7 7 7 7
          7 7 7 7 7 7
          7 7 7 7 7 7
          7 7 7 7 7 7
          7 7 7 7 7 7
          7 7 7 7 7 7
          7 7 7 7 7 7
          7 7 7 7 7 7
          7 7 7 7 7 7
          7 7 7 7 7 7
          7 7 7 7 7 7
          7 7 7 7 7 7
          7 7 7 7 7 7
          7 7 7 7 7 7
          7 7 7 7 7 7
          7 7 7 7 7 7
          7 7 7 7 7 7
          7 7 7 7 7 7
          7 7 7 7 7 7
          7 7 7 7 7 7
          7 7 7 7 7 7
          7 7 7 7 7 7
          7 7 7 7 7 7
          7 7 7 7 7 7
          7 7 7 7 7 7
          7 7 7 7 7 7
          7 7 7 7 7 7
          7 7 7 7 7 7
          7 7 7 7 7 7
          7 7 7 7 7 7
          7 7 7 7 7 7
          7 7 7 7 7 7
          7 7 7 7 7 7
          7 7 7 7 7 7
          7 7 7 7 7 7
          7 7 7 7 7 7
          7 7 7 7 7 7
          7 7 7 7 7 7
          7 7 7 7 7 7
          7 7 7 7 7 7
          7 7 7 7 7 7
          7 7 7 7 7 7
          7 7 7 7 7 7
          7 7 7 7 7 7
          7 7 7 7 7 7
          7 7 7 7 7 7
          7 7 7 7 7 7
          7 7 7 7 7 7
          7 7 7 7 7 7
          7 7 7 7 7 7
          7 7 7 7 7 7
          7 7 7 7 7 7
          7 7 7 7 7 7
          7 7 7 7 7 7
          7 7 7 7 7 7
          7 7 7 7 7 7
          7 7 7 7 7 7
          7 7 7 7 7 7
          7 7 7 7 7 7
          7 7 7 7 7 7
          7 7 7 7 7 7
          7 7 7 7 7 7
          7 7 7 7 7 7
          7 7 7 7 7 7
          7 7 7 7 7 7
          7 7 7 7 7 7
          7 7 7 7 7 7
          7 7 7 7 7 7
          7 7 7 7 7 7
          7 7 7 7 7 7
          7 7 7 7 7 7
          7 7 7 7 7 7
          7 7 7 7 7 7
          7 7 7 7 7 7
          7 7 7 7 7 7
          7 7 7 7 7 7
          7 7 7 7 7 7
          7 7 7 7 7 7
          7 7 7 7 7 7
          7 7 7 7 7 7
          7 7 7 7 7 7
          7 7 7 7 7 7
          7 7 7 7
        </DataArray>
      </Cells>
    </Piece>
  </UnstructuredGrid>
</VTKFile>
