Using /home/toobler/miniconda3/envs/mfix-25.3/bin/mfixsolver_smp.so

 Number of SMP threads: 2


 MFiX (25.3) simulation on host: tblr-lws-62
 Run name: BIOMASS               Time: 10:44                    Date:  3-16-2026
 Project version: 65
________________________________________________________________________


 >>>>>-----------------------------------------------------------------
MESSAGE from open_files.f:373
This is a rectangular geometry simulation.
Mesh generation will be performed.
No mesh file will be written, only the [RUN_NAME]_boundary.vtk file will be written.
 <<<<<-----------------------------------------------------------------


 >>>>>-----------------------------------------------------------------
MESSAGE from check_data/check_gas_phase.f:317
The energy equations are being solved (ENERGY_EQ) and
the constant gas specific heat is undefined (C_PG0). The thermochemical
database will be used to gather specific heat data on the individual gas
phase species.
 <<<<<-----------------------------------------------------------------


 >>>>>-----------------------------------------------------------------
MESSAGE from check_data/check_gas_phase.f:365
Searching thermochemical databases for gas phase'species data.
  >  1: Species: O2
        Checking for  O2 in Biomass.mfx : Found.
        Checking Specific Heat is defined along entire temperature range: Yes
        Summary of thermochemical data read from the database:
Species: O2
Phase index :   0, species index:   1
Minimum allowed temperature (TMIN) =   50.000    K
Maximum allowed temperature (TMAX) =   4000.0    K
Low  temperature range (Tlow to Tcom)  =   200.00    K to  1000.0    K
High temperature range (Tcom to Thigh) =   1000.0    K to  6000.0    K
Polynomial coefficients:
        Low range     High range
 A(1)    3.7825        3.6610
 A(2)  -0.29967E-02   0.65637E-03
 A(3)   0.98473E-05  -0.14115E-06
 A(4)  -0.96813E-08   0.20580E-10
 A(5)   0.32437E-11  -0.12991E-14
 A(6)   -1063.9       -1216.0
 A(7)    3.6577        3.4154
 Molecular weight =   32.000
 Heat of formation/R =   0.0000
  >  2: Species: N2
        Checking for  N2 in Biomass.mfx : Found.
        Checking Specific Heat is defined along entire temperature range: Yes
        Summary of thermochemical data read from the database:
Species: N2
Phase index :   0, species index:   2
Minimum allowed temperature (TMIN) =   50.000    K
Maximum allowed temperature (TMAX) =   4000.0    K
Low  temperature range (Tlow to Tcom)  =   200.00    K to  1000.0    K
High temperature range (Tcom to Thigh) =   1000.0    K to  6000.0    K
Polynomial coefficients:
        Low range     High range
 A(1)    3.5310        2.9526
 A(2)  -0.12366E-03   0.13969E-02
 A(3)  -0.50300E-06  -0.49263E-06
 A(4)   0.24353E-08   0.78601E-10
 A(5)  -0.14088E-11  -0.46076E-14
 A(6)   -1047.0       -923.95
 A(7)    2.9675        5.8719
 Molecular weight =   28.000
 Heat of formation/R =   0.0000
  >  3: Species: H2O
        Checking for  H2O in Biomass.mfx : Found.
        Checking Specific Heat is defined along entire temperature range: Yes
        Summary of thermochemical data read from the database:
Species: H2O
Phase index :   0, species index:   3
Minimum allowed temperature (TMIN) =   50.000    K
Maximum allowed temperature (TMAX) =   4000.0    K
Low  temperature range (Tlow to Tcom)  =   200.00    K to  1000.0    K
High temperature range (Tcom to Thigh) =   1000.0    K to  6000.0    K
Polynomial coefficients:
        Low range     High range
 A(1)    4.1986        2.6770
 A(2)  -0.20364E-02   0.29732E-02
 A(3)   0.65203E-05  -0.77377E-06
 A(4)  -0.54879E-08   0.94434E-10
 A(5)   0.17720E-11  -0.42690E-14
 A(6)   -30294.       -29886.
 A(7)  -0.84901        6.8826
 Molecular weight =   18.000
 Heat of formation/R =  -29085.
  >  4: Species: CO
        Checking for  CO in Biomass.mfx : Found.
        Checking Specific Heat is defined along entire temperature range: Yes
        Summary of thermochemical data read from the database:
Species: CO
Phase index :   0, species index:   4
Minimum allowed temperature (TMIN) =   50.000    K
Maximum allowed temperature (TMAX) =   4000.0    K
Low  temperature range (Tlow to Tcom)  =   200.00    K to  1000.0    K
High temperature range (Tcom to Thigh) =   1000.0    K to  6000.0    K
Polynomial coefficients:
        Low range     High range
 A(1)    3.5795        3.0485
 A(2)  -0.61035E-03   0.13517E-02
 A(3)   0.10168E-05  -0.48579E-06
 A(4)   0.90701E-09   0.78854E-10
 A(5)  -0.90442E-12  -0.46981E-14
 A(6)   -14344.       -14266.
 A(7)    3.5084        6.0171
 Molecular weight =   28.000
 Heat of formation/R =  -13294.
  >  5: Species: CO2
        Checking for  CO2 in Biomass.mfx : Found.
        Checking Specific Heat is defined along entire temperature range: Yes
        Summary of thermochemical data read from the database:
Species: CO2
Phase index :   0, species index:   5
Minimum allowed temperature (TMIN) =   50.000    K
Maximum allowed temperature (TMAX) =   4000.0    K
Low  temperature range (Tlow to Tcom)  =   200.00    K to  1000.0    K
High temperature range (Tcom to Thigh) =   1000.0    K to  6000.0    K
Polynomial coefficients:
        Low range     High range
 A(1)    2.3568        4.6365
 A(2)   0.89841E-02   0.27415E-02
 A(3)  -0.71221E-05  -0.99590E-06
 A(4)   0.24573E-08   0.16039E-09
 A(5)  -0.14289E-12  -0.91620E-14
 A(6)   -48372.       -49025.
 A(7)    9.9009       -1.9349
 Molecular weight =   44.000
 Heat of formation/R =  -47328.
  >  6: Species: H2
        Checking for  H2 in Biomass.mfx : Found.
        Checking Specific Heat is defined along entire temperature range: Yes
        Summary of thermochemical data read from the database:
Species: H2
Phase index :   0, species index:   6
Minimum allowed temperature (TMIN) =   50.000    K
Maximum allowed temperature (TMAX) =   4000.0    K
Low  temperature range (Tlow to Tcom)  =   200.00    K to  1000.0    K
High temperature range (Tcom to Thigh) =   1000.0    K to  6000.0    K
Polynomial coefficients:
        Low range     High range
 A(1)    2.3443        2.9329
 A(2)   0.79805E-02   0.82661E-03
 A(3)  -0.19478E-04  -0.14640E-06
 A(4)   0.20157E-07   0.15410E-10
 A(5)  -0.73761E-11  -0.68880E-15
 A(6)   -917.94       -813.07
 A(7)   0.68301       -1.0243
 Molecular weight =   2.0000
 Heat of formation/R =   0.0000
  >  7: Species: CH4
        Checking for  CH4 in Biomass.mfx : Found.
        Checking Specific Heat is defined along entire temperature range: Yes
        Summary of thermochemical data read from the database:
Species: CH4
Phase index :   0, species index:   7
Minimum allowed temperature (TMIN) =   50.000    K
Maximum allowed temperature (TMAX) =   4000.0    K
Low  temperature range (Tlow to Tcom)  =   200.00    K to  1000.0    K
High temperature range (Tcom to Thigh) =   1000.0    K to  6000.0    K
Polynomial coefficients:
        Low range     High range
 A(1)    5.1491        1.6533
 A(2)  -0.13662E-01   0.10026E-01
 A(3)   0.49145E-04  -0.33166E-05
 A(4)  -0.48425E-07   0.53648E-09
 A(5)   0.16660E-10  -0.31470E-13
 A(6)   -10247.       -10010.
 A(7)   -4.6385        9.9051
 Molecular weight =   16.000
 Heat of formation/R =  -8972.3
  >  8: Species: Tar
        Checking for  Tar in Biomass.mfx : Found.
        Checking Specific Heat is defined along entire temperature range: Yes
        Summary of thermochemical data read from the database:
Species: Tar
Phase index :   0, species index:   8
Minimum allowed temperature (TMIN) =   50.000    K
Maximum allowed temperature (TMAX) =   4000.0    K
Low  temperature range (Tlow to Tcom)  =   200.00    K to  1000.0    K
High temperature range (Tcom to Thigh) =   1000.0    K to  6000.0    K
Polynomial coefficients:
        Low range     High range
 A(1)  -0.82461E-02  -0.82461E-02
 A(2)   0.36926E-03   0.36926E-03
 A(3)  -0.21192E-06  -0.21192E-06
 A(4)   0.50414E-10   0.50414E-10
 A(5)  -0.16912E-14  -0.16912E-14
 A(6)    0.0000        0.0000
 A(7)    0.0000        0.0000
 Molecular weight =   100.00
 Heat of formation/R = -0.20738E+06
  >  9: Species: Tar0
        Checking for  Tar0 in Biomass.mfx : Found.
        Checking Specific Heat is defined along entire temperature range: Yes
        Summary of thermochemical data read from the database:
Species: Tar0
Phase index :   0, species index:   9
Minimum allowed temperature (TMIN) =   50.000    K
Maximum allowed temperature (TMAX) =   4000.0    K
Low  temperature range (Tlow to Tcom)  =   200.00    K to  1000.0    K
High temperature range (Tcom to Thigh) =   1000.0    K to  6000.0    K
Polynomial coefficients:
        Low range     High range
 A(1)  -0.82461E-02  -0.82461E-02
 A(2)   0.36926E-03   0.36926E-03
 A(3)  -0.21192E-06  -0.21192E-06
 A(4)   0.50414E-10   0.50414E-10
 A(5)  -0.16912E-14  -0.16912E-14
 A(6)    0.0000        0.0000
 A(7)    0.0000        0.0000
 Molecular weight =   100.00
 Heat of formation/R = -0.20738E+06
 <<<<<-----------------------------------------------------------------


 >>>>>-----------------------------------------------------------------
MESSAGE from check_data/check_solids_common_all.f:396
The energy equations are being solved (ENERGY_EQ) and
the constant solids specific heat is undefined (C_PS0). The
thermochemical database will be used to gather specific heat data on
the individual gas phase species.
 <<<<<-----------------------------------------------------------------


 >>>>>-----------------------------------------------------------------
MESSAGE from check_data/check_solids_common_all.f:418
One or more species molecular weights are undefined and
the solids phase species equations are solved (SPECIES_EQ( 1)). The
thermochemical database will be searched for molecular weight data.
 <<<<<-----------------------------------------------------------------


 >>>>>-----------------------------------------------------------------
MESSAGE from check_data/check_solids_common_all.f:441
Searching thermochemical databases for solids phase  1 species data.
  >  1: Species: Biomass
        Checking for  Biomass in Biomass.mfx : Found.
        Checking Specific Heat is defined along entire temperature range: Yes
        Summary of thermochemical data read from the database:
Species: Biomass
Phase index :   1, species index:   1
Minimum allowed temperature (TMIN) =   50.000    K
Maximum allowed temperature (TMAX) =   4000.0    K
Low  temperature range (Tlow to Tcom)  =   200.00    K to  1000.0    K
High temperature range (Tcom to Thigh) =   1000.0    K to  6000.0    K
Polynomial coefficients:
        Low range     High range
 A(1)  -0.79408      -0.79408
 A(2)   0.80978E-02   0.80978E-02
 A(3)  -0.65640E-05  -0.65640E-05
 A(4)   0.18478E-08   0.18478E-08
 A(5)    0.0000        0.0000
 A(6)    0.0000        0.0000
 A(7)    0.0000        0.0000
 Molecular weight =   100.00
 Heat of formation/R =   0.0000
  >  2: Species: Moisture
        Checking for  Moisture in Biomass.mfx : Found.
        Checking Specific Heat is defined along entire temperature range: Yes
        Summary of thermochemical data read from the database:
Species: Moisture
Phase index :   1, species index:   2
Minimum allowed temperature (TMIN) =   50.000    K
Maximum allowed temperature (TMAX) =   4000.0    K
Low  temperature range (Tlow to Tcom)  =   273.15    K to  600.00    K
High temperature range (Tcom to Thigh) =   600.00    K to  600.00    K
Polynomial coefficients:
        Low range     High range
 A(1)    72.558        0.0000
 A(2)  -0.66245        0.0000
 A(3)   0.25620E-02    0.0000
 A(4)  -0.43659E-05    0.0000
 A(5)   0.27818E-08    0.0000
 A(6)   -41887.        0.0000
 A(7)   -288.28        0.0000
 Molecular weight =   18.000
 Heat of formation/R =  -34377.
  >  3: Species: Char
        Checking for  Char in Biomass.mfx : Found.
        Checking Specific Heat is defined along entire temperature range: Yes
        Summary of thermochemical data read from the database:
Species: Char
Phase index :   1, species index:   3
Minimum allowed temperature (TMIN) =   50.000    K
Maximum allowed temperature (TMAX) =   4000.0    K
Low  temperature range (Tlow to Tcom)  =   200.00    K to  1000.0    K
High temperature range (Tcom to Thigh) =   1000.0    K to  6000.0    K
Polynomial coefficients:
        Low range     High range
 A(1)  -0.79408      -0.79408
 A(2)   0.80978E-02   0.80978E-02
 A(3)  -0.65640E-05  -0.65640E-05
 A(4)   0.18478E-08   0.18478E-08
 A(5)    0.0000        0.0000
 A(6)    0.0000        0.0000
 A(7)    0.0000        0.0000
 Molecular weight =   12.000
 Heat of formation/R =   0.0000
  >  4: Species: Ash
        Checking for  Ash in Biomass.mfx : Found.
        Checking Specific Heat is defined along entire temperature range: Yes
        Summary of thermochemical data read from the database:
Species: Ash
Phase index :   1, species index:   4
Minimum allowed temperature (TMIN) =   50.000    K
Maximum allowed temperature (TMAX) =   4000.0    K
Low  temperature range (Tlow to Tcom)  =   200.00    K to  1000.0    K
High temperature range (Tcom to Thigh) =   1000.0    K to  6000.0    K
Polynomial coefficients:
        Low range     High range
 A(1)    8.7077        8.7077
 A(2)   0.84541E-02   0.84541E-02
 A(3)    0.0000        0.0000
 A(4)    0.0000        0.0000
 A(5)    0.0000        0.0000
 A(6)    0.0000        0.0000
 A(7)    0.0000        0.0000
 Molecular weight =   120.00
 Heat of formation/R =   0.0000
 <<<<<-----------------------------------------------------------------


 >>>>>-----------------------------------------------------------------
MESSAGE from check_data/check_solids_common_all.f:396
The energy equations are being solved (ENERGY_EQ) and
the constant solids specific heat is undefined (C_PS0). The
thermochemical database will be used to gather specific heat data on
the individual gas phase species.
 <<<<<-----------------------------------------------------------------


 >>>>>-----------------------------------------------------------------
MESSAGE from check_data/check_solids_common_all.f:441
Searching thermochemical databases for solids phase  2 species data.
  >  1: Species: Sand
        Checking for  Sand in Biomass.mfx : Found.
        Checking Specific Heat is defined along entire temperature range: Yes
        Summary of thermochemical data read from the database:
Species: Sand
Phase index :   2, species index:   1
Minimum allowed temperature (TMIN) =   50.000    K
Maximum allowed temperature (TMAX) =   4000.0    K
Low  temperature range (Tlow to Tcom)  =   200.00    K to  1000.0    K
High temperature range (Tcom to Thigh) =   1000.0    K to  6000.0    K
Polynomial coefficients:
        Low range     High range
 A(1)    3.7647        2.5809
 A(2)  -0.71206E-02  -0.20654E-03
 A(3)   0.15731E-04   0.19338E-06
 A(4)  -0.15382E-07  -0.45736E-10
 A(5)   0.55318E-11   0.33720E-14
 A(6)    53205.        53383.
 A(7)   0.30223        5.6052
 Molecular weight =   28.085
 Heat of formation/R =   54122.
 <<<<<-----------------------------------------------------------------
   |--------------------------------------------------------------------|
   | Name: DRYING                                                       |
   |--------------------------------------------------------------------|
   | Chemical Eq:  MOISTURE --> H2O                                     |
   |--------------------------------------------------------------------|
   | Classification: Heterogeneous                                      |
   |--------------------------------------------------------------------|
   | Species  |   Stoich    |         | Species | Molecular  |          |
   |  Alias   |   Coeff.    |  Phase  |  Index  |   Weight   |   Type   |
   |----------|-------------|---------|---------|------------|----------|
   | MOISTURE |     1.0000  | Solid 1 |     2   |    18.0000 | Reactant |
   |----------|-------------|---------|---------|------------|----------|
   |    H2O   |     1.0000  |   Gas   |     3   |    18.0000 | Product  |
   |----------|-------------|---------|---------|------------|----------|
   |--------------------------------------------------------------------|
   | Name: PYROLYSIS                                                    |
   |--------------------------------------------------------------------|
   | Chemical Eq:  BIOMASS --> 0.9639*CO + 0.8771*CO2 + 0.3491*CH4 + 1.6|
   |--------------------------------------------------------------------|
   | Classification: Heterogeneous                                      |
   |--------------------------------------------------------------------|
   | Species  |   Stoich    |         | Species | Molecular  |          |
   |  Alias   |   Coeff.    |  Phase  |  Index  |   Weight   |   Type   |
   |----------|-------------|---------|---------|------------|----------|
   |  BIOMASS |     1.0000  | Solid 1 |     1   |   100.0004 | Reactant |
   |----------|-------------|---------|---------|------------|----------|
   |    CO    |     0.9639  |   Gas   |     4   |    28.0000 | Product  |
   |----------|-------------|---------|---------|------------|----------|
   |    CO2   |     0.8771  |   Gas   |     5   |    44.0000 | Product  |
   |----------|-------------|---------|---------|------------|----------|
   |    CH4   |     0.3491  |   Gas   |     7   |    16.0000 | Product  |
   |----------|-------------|---------|---------|------------|----------|
   |    H2    |     1.6276  |   Gas   |     6   |     2.0000 | Product  |
   |----------|-------------|---------|---------|------------|----------|
   |    H2O   |     1.4210  |   Gas   |     3   |    18.0000 | Product  |
   |----------|-------------|---------|---------|------------|----------|
   |--------------------------------------------------------------------|
   | Name: CHARRING                                                     |
   |--------------------------------------------------------------------|
   | Chemical Eq:  BIOMASS --> 8.3334*CHAR                              |
   |--------------------------------------------------------------------|
   | Classification: Homogeneous                                        |
   |--------------------------------------------------------------------|
   | Species  |   Stoich    |         | Species | Molecular  |          |
   |  Alias   |   Coeff.    |  Phase  |  Index  |   Weight   |   Type   |
   |----------|-------------|---------|---------|------------|----------|
   |  BIOMASS |     1.0000  | Solid 1 |     1   |   100.0004 | Reactant |
   |----------|-------------|---------|---------|------------|----------|
   |   CHAR   |     8.3334  | Solid 1 |     3   |    12.0000 | Product  |
   |----------|-------------|---------|---------|------------|----------|
   |--------------------------------------------------------------------|
   | Name: TARRING                                                      |
   |--------------------------------------------------------------------|
   | Chemical Eq:  BIOMASS --> TAR                                      |
   |--------------------------------------------------------------------|
   | Classification: Heterogeneous                                      |
   |--------------------------------------------------------------------|
   | Species  |   Stoich    |         | Species | Molecular  |          |
   |  Alias   |   Coeff.    |  Phase  |  Index  |   Weight   |   Type   |
   |----------|-------------|---------|---------|------------|----------|
   |  BIOMASS |     1.0000  | Solid 1 |     1   |   100.0004 | Reactant |
   |----------|-------------|---------|---------|------------|----------|
   |    TAR   |     1.0000  |   Gas   |     8   |   100.0016 | Product  |
   |----------|-------------|---------|---------|------------|----------|
   |--------------------------------------------------------------------|
   | Name: TAR_CRACKING                                                 |
   |--------------------------------------------------------------------|
   | Chemical Eq:  TAR --> 2*CO + 0.5*CO2 + 0.75*CH4 + 5*H2             |
   |--------------------------------------------------------------------|
   | Classification: Homogeneous                                        |
   |--------------------------------------------------------------------|
   | Species  |   Stoich    |         | Species | Molecular  |          |
   |  Alias   |   Coeff.    |  Phase  |  Index  |   Weight   |   Type   |
   |----------|-------------|---------|---------|------------|----------|
   |    TAR   |     1.0000  |   Gas   |     8   |   100.0016 | Reactant |
   |----------|-------------|---------|---------|------------|----------|
   |    CO    |     2.0000  |   Gas   |     4   |    28.0000 | Product  |
   |----------|-------------|---------|---------|------------|----------|
   |    CO2   |     0.5000  |   Gas   |     5   |    44.0000 | Product  |
   |----------|-------------|---------|---------|------------|----------|
   |    CH4   |     0.7500  |   Gas   |     7   |    16.0000 | Product  |
   |----------|-------------|---------|---------|------------|----------|
   |    H2    |     5.0000  |   Gas   |     6   |     2.0000 | Product  |
   |----------|-------------|---------|---------|------------|----------|
   |--------------------------------------------------------------------|
   | Name: CHAR_CO2_GASIF                                               |
   |--------------------------------------------------------------------|
   | Chemical Eq:  CHAR + CO2 --> 2*CO                                  |
   |--------------------------------------------------------------------|
   | Classification: Heterogeneous                                      |
   |--------------------------------------------------------------------|
   | Species  |   Stoich    |         | Species | Molecular  |          |
   |  Alias   |   Coeff.    |  Phase  |  Index  |   Weight   |   Type   |
   |----------|-------------|---------|---------|------------|----------|
   |   CHAR   |     1.0000  | Solid 1 |     3   |    12.0000 | Reactant |
   |----------|-------------|---------|---------|------------|----------|
   |    CO2   |     1.0000  |   Gas   |     5   |    44.0000 | Reactant |
   |----------|-------------|---------|---------|------------|----------|
   |    CO    |     2.0000  |   Gas   |     4   |    28.0000 | Product  |
   |----------|-------------|---------|---------|------------|----------|
   |--------------------------------------------------------------------|
   | Name: CHAR_H2O_GASIF                                               |
   |--------------------------------------------------------------------|
   | Chemical Eq:  CHAR + H2O --> CO + H2                               |
   |--------------------------------------------------------------------|
   | Classification: Heterogeneous                                      |
   |--------------------------------------------------------------------|
   | Species  |   Stoich    |         | Species | Molecular  |          |
   |  Alias   |   Coeff.    |  Phase  |  Index  |   Weight   |   Type   |
   |----------|-------------|---------|---------|------------|----------|
   |   CHAR   |     1.0000  | Solid 1 |     3   |    12.0000 | Reactant |
   |----------|-------------|---------|---------|------------|----------|
   |    H2O   |     1.0000  |   Gas   |     3   |    18.0000 | Reactant |
   |----------|-------------|---------|---------|------------|----------|
   |    CO    |     1.0000  |   Gas   |     4   |    28.0000 | Product  |
   |----------|-------------|---------|---------|------------|----------|
   |    H2    |     1.0000  |   Gas   |     6   |     2.0000 | Product  |
   |----------|-------------|---------|---------|------------|----------|
   |--------------------------------------------------------------------|
   | Name: CHAR_COMBUSTION                                              |
   |--------------------------------------------------------------------|
   | Chemical Eq:  CHAR + O2 --> CO2                                    |
   |--------------------------------------------------------------------|
   | Classification: Heterogeneous                                      |
   |--------------------------------------------------------------------|
   | Species  |   Stoich    |         | Species | Molecular  |          |
   |  Alias   |   Coeff.    |  Phase  |  Index  |   Weight   |   Type   |
   |----------|-------------|---------|---------|------------|----------|
   |   CHAR   |     1.0000  | Solid 1 |     3   |    12.0000 | Reactant |
   |----------|-------------|---------|---------|------------|----------|
   |    O2    |     1.0000  |   Gas   |     1   |    32.0000 | Reactant |
   |----------|-------------|---------|---------|------------|----------|
   |    CO2   |     1.0000  |   Gas   |     5   |    44.0000 | Product  |
   |----------|-------------|---------|---------|------------|----------|
   |--------------------------------------------------------------------|
   | Name: CO_COMBUSTION                                                |
   |--------------------------------------------------------------------|
   | Chemical Eq:  CO + 0.5*O2 --> CO2                                  |
   |--------------------------------------------------------------------|
   | Classification: Homogeneous                                        |
   |--------------------------------------------------------------------|
   | Species  |   Stoich    |         | Species | Molecular  |          |
   |  Alias   |   Coeff.    |  Phase  |  Index  |   Weight   |   Type   |
   |----------|-------------|---------|---------|------------|----------|
   |    CO    |     1.0000  |   Gas   |     4   |    28.0000 | Reactant |
   |----------|-------------|---------|---------|------------|----------|
   |    O2    |     0.5000  |   Gas   |     1   |    32.0000 | Reactant |
   |----------|-------------|---------|---------|------------|----------|
   |    CO2   |     1.0000  |   Gas   |     5   |    44.0000 | Product  |
   |----------|-------------|---------|---------|------------|----------|
   |--------------------------------------------------------------------|
   | Name: H2_COMBUSTION                                                |
   |--------------------------------------------------------------------|
   | Chemical Eq:  H2 + 0.5*O2 --> H2O                                  |
   |--------------------------------------------------------------------|
   | Classification: Homogeneous                                        |
   |--------------------------------------------------------------------|
   | Species  |   Stoich    |         | Species | Molecular  |          |
   |  Alias   |   Coeff.    |  Phase  |  Index  |   Weight   |   Type   |
   |----------|-------------|---------|---------|------------|----------|
   |    H2    |     1.0000  |   Gas   |     6   |     2.0000 | Reactant |
   |----------|-------------|---------|---------|------------|----------|
   |    O2    |     0.5000  |   Gas   |     1   |    32.0000 | Reactant |
   |----------|-------------|---------|---------|------------|----------|
   |    H2O   |     1.0000  |   Gas   |     3   |    18.0000 | Product  |
   |----------|-------------|---------|---------|------------|----------|
   |--------------------------------------------------------------------|
   | Name: WATER_GAS_SHIFT                                              |
   |--------------------------------------------------------------------|
   | Chemical Eq:  CO + H2O --> CO2 + H2                                |
   |--------------------------------------------------------------------|
   | Classification: Homogeneous                                        |
   |--------------------------------------------------------------------|
   | Species  |   Stoich    |         | Species | Molecular  |          |
   |  Alias   |   Coeff.    |  Phase  |  Index  |   Weight   |   Type   |
   |----------|-------------|---------|---------|------------|----------|
   |    CO    |     1.0000  |   Gas   |     4   |    28.0000 | Reactant |
   |----------|-------------|---------|---------|------------|----------|
   |    H2O   |     1.0000  |   Gas   |     3   |    18.0000 | Reactant |
   |----------|-------------|---------|---------|------------|----------|
   |    CO2   |     1.0000  |   Gas   |     5   |    44.0000 | Product  |
   |----------|-------------|---------|---------|------------|----------|
   |    H2    |     1.0000  |   Gas   |     6   |     2.0000 | Product  |
   |----------|-------------|---------|---------|------------|----------|
   |--------------------------------------------------------------------|
   | Name: METHANE_REFORMING                                            |
   |--------------------------------------------------------------------|
   | Chemical Eq:  CH4 + H2O --> CO + 3*H2                              |
   |--------------------------------------------------------------------|
   | Classification: Homogeneous                                        |
   |--------------------------------------------------------------------|
   | Species  |   Stoich    |         | Species | Molecular  |          |
   |  Alias   |   Coeff.    |  Phase  |  Index  |   Weight   |   Type   |
   |----------|-------------|---------|---------|------------|----------|
   |    CH4   |     1.0000  |   Gas   |     7   |    16.0000 | Reactant |
   |----------|-------------|---------|---------|------------|----------|
   |    H2O   |     1.0000  |   Gas   |     3   |    18.0000 | Reactant |
   |----------|-------------|---------|---------|------------|----------|
   |    CO    |     1.0000  |   Gas   |     4   |    28.0000 | Product  |
   |----------|-------------|---------|---------|------------|----------|
   |    H2    |     3.0000  |   Gas   |     6   |     2.0000 | Product  |
   |----------|-------------|---------|---------|------------|----------|


 >>>>>-----------------------------------------------------------------
MESSAGE from check_data/check_chemical_rxns.f:108
Reaction rates for fluid reactions will be automatically computed based on Arrhenius expression.
Any custom reaction rates coded in usr_rates.f will be ignored.
 <<<<<-----------------------------------------------------------------
 From GET_STL_FACET_COUNT: Counting STL facets...


 >>>>>-----------------------------------------------------------------
MESSAGE from cartesian_grid/get_stl_data.f:737
 Total number of STL facets found =           0 
 Maximum additional facets needed for BC/IS =           42
 <<<<<-----------------------------------------------------------------
============================================================================
 MESH STATISTICS:
============================================================================
 NUMBER OF CELLS          =      700
 NUMBER OF STANDARD CELLS =      700 (100.00 % of Total)
 NUMBER OF CUT CELLS      =        0 (  0.00 % of Total)
 NUMBER OF FLUID CELLS    =      700 (100.00 % of Total)
 NUMBER OF BLOCKED CELLS  =        0 (  0.00 % of Total)
============================================================================
 WROTE BOUNDARY IN VTK FILE : BIOMASS_boundary.vtk
============================================================================
 PRE_PROCESSING COMPLETE. 
============================================================================
 From GET_STL_DATA_IS: Analyzing ISs...
  IS_ID    IS_TYPE
 Number of IS using STL =      0
   Compressible: IJK_P_g remaining undefined.
 DLSODA-  At current T (=R1), MXSTEP (=I1) steps             
       taken on this call before reaching TOUT               
      In above message,  I1 =   1000000
      In above message,  R1 =  0.1137763169035D-02
 DLSODA-  At current T (=R1), MXSTEP (=I1) steps             
       taken on this call before reaching TOUT               
      In above message,  I1 =   1000000
      In above message,  R1 =  0.1141317725224D-02
 DLSODA-  At current T (=R1), MXSTEP (=I1) steps             
       taken on this call before reaching TOUT               
      In above message,  I1 =   1000000
      In above message,  R1 =  0.5858153089233D-03
 DLSODA-  At current T (=R1), MXSTEP (=I1) steps             
       taken on this call before reaching TOUT               
      In above message,  I1 =   1000000
      In above message,  R1 =  0.1171630617874D-02
 DLSODA-  At current T (=R1), MXSTEP (=I1) steps             
       taken on this call before reaching TOUT               
      In above message,  I1 =   1000000
      In above message,  R1 =  0.1517981757905D-03
 DLSODA-  At current T (=R1), MXSTEP (=I1) steps             
       taken on this call before reaching TOUT               
      In above message,  I1 =   1000000
      In above message,  R1 =  0.3035963515827D-03
 DLSODA-  At current T (=R1), MXSTEP (=I1) steps             
       taken on this call before reaching TOUT               
      In above message,  I1 =   1000000
      In above message,  R1 =  0.4553945273915D-03
 DLSODA-  At current T (=R1), MXSTEP (=I1) steps             
       taken on this call before reaching TOUT               
      In above message,  I1 =   1000000
      In above message,  R1 =  0.1376977290336D-03
 DLSODA-  At current T (=R1), MXSTEP (=I1) steps             
       taken on this call before reaching TOUT               
      In above message,  I1 =   1000000
      In above message,  R1 =  0.2753954580664D-03
 DLSODA-  At current T (=R1), MXSTEP (=I1) steps             
       taken on this call before reaching TOUT               
      In above message,  I1 =   1000000
      In above message,  R1 =  0.4130931870993D-03
 DLSODA-  At current T (=R1), MXSTEP (=I1) steps             
       taken on this call before reaching TOUT               
      In above message,  I1 =   1000000
      In above message,  R1 =  0.1264237472003D-03
 DLSODA-  At current T (=R1), MXSTEP (=I1) steps             
       taken on this call before reaching TOUT               
      In above message,  I1 =   1000000
      In above message,  R1 =  0.2528474944018D-03
 DLSODA-  At current T (=R1), MXSTEP (=I1) steps             
       taken on this call before reaching TOUT               
      In above message,  I1 =   1000000
      In above message,  R1 =  0.3792712415781D-03
 DLSODA-  At current T (=R1), MXSTEP (=I1) steps             
       taken on this call before reaching TOUT               
      In above message,  I1 =   1000000
      In above message,  R1 =  0.8203005342050D-03
 DLSODA-  At current T (=R1), MXSTEP (=I1) steps             
       taken on this call before reaching TOUT               
      In above message,  I1 =   1000000
      In above message,  R1 =  0.3043299449208D-03
 DLSODA-  At current T (=R1), MXSTEP (=I1) steps             
       taken on this call before reaching TOUT               
      In above message,  I1 =   1000000
      In above message,  R1 =  0.6086598898459D-03
 DLSODA-  At current T (=R1), MXSTEP (=I1) steps             
       taken on this call before reaching TOUT               
      In above message,  I1 =   1000000
      In above message,  R1 =  0.9129898347710D-03
 DLSODA-  At current T (=R1), MXSTEP (=I1) steps             
       taken on this call before reaching TOUT               
      In above message,  I1 =   1000000
      In above message,  R1 =  0.9339008608330D-04
 DLSODA-  At current T (=R1), MXSTEP (=I1) steps             
       taken on this call before reaching TOUT               
      In above message,  I1 =   1000000
      In above message,  R1 =  0.1867801721666D-03
 DLSODA-  At current T (=R1), MXSTEP (=I1) steps             
       taken on this call before reaching TOUT               
      In above message,  I1 =   1000000
      In above message,  R1 =  0.2801702582499D-03


 >>>>>=================================================================
WARNING from utilities_mod.f:182
Velocity exceeds limit:   2500.0
in cell: I =   10   J =   14   K =    1 M =    1
 Eps =  0.19355E-07 Us =  -3034.7     Vs =  -58.836     Ws =   0.0000
To change the limit, adjust the scale factor MAX_INLET_VEL_FAC.
 <<<<<=================================================================
 DLSODA-  At current T (=R1), MXSTEP (=I1) steps             
       taken on this call before reaching TOUT               
      In above message,  I1 =   1000000
      In above message,  R1 =  0.1338679915463D-02
 DLSODA-  At current T (=R1), MXSTEP (=I1) steps             
       taken on this call before reaching TOUT               
      In above message,  I1 =   1000000
      In above message,  R1 =  0.1267349959215D-02
 DLSODA-  At current T (=R1), MXSTEP (=I1) steps             
       taken on this call before reaching TOUT               
      In above message,  I1 =   1000000
      In above message,  R1 =  0.1136265654336D-02
 DLSODA-  At current T (=R1), MXSTEP (=I1) steps             
       taken on this call before reaching TOUT               
      In above message,  I1 =   1000000
      In above message,  R1 =  0.9966886376340D-03
 DLSODA-  At current T (=R1), MXSTEP (=I1) steps             
       taken on this call before reaching TOUT               
      In above message,  I1 =   1000000
      In above message,  R1 =  0.8049294284570D-03
 DLSODA-  At current T (=R1), MXSTEP (=I1) steps             
       taken on this call before reaching TOUT               
      In above message,  I1 =   1000000
      In above message,  R1 =  0.8645586881203D-03
 DLSODA-  At current T (=R1), MXSTEP (=I1) steps             
       taken on this call before reaching TOUT               
      In above message,  I1 =   1000000
      In above message,  R1 =  0.7348505803156D-03
 DLSODA-  At current T (=R1), MXSTEP (=I1) steps             
       taken on this call before reaching TOUT               
      In above message,  I1 =   1000000
      In above message,  R1 =  0.7888905002263D-03
 DLSODA-  At current T (=R1), MXSTEP (=I1) steps             
       taken on this call before reaching TOUT               
      In above message,  I1 =   1000000
      In above message,  R1 =  0.6895766676085D-03
 DLSODA-  At current T (=R1), MXSTEP (=I1) steps             
       taken on this call before reaching TOUT               
      In above message,  I1 =   1000000
      In above message,  R1 =  0.7130909904517D-03
 DLSODA-  At current T (=R1), MXSTEP (=I1) steps             
       taken on this call before reaching TOUT               
      In above message,  I1 =   1000000
      In above message,  R1 =  0.5967797510589D-03
 DLSODA-  At current T (=R1), MXSTEP (=I1) steps             
       taken on this call before reaching TOUT               
      In above message,  I1 =   1000000
      In above message,  R1 =  0.1193559502109D-02
 DLSODA-  At current T (=R1), MXSTEP (=I1) steps             
       taken on this call before reaching TOUT               
      In above message,  I1 =   1000000
      In above message,  R1 =  0.6329529689396D-03
 DLSODA-  At current T (=R1), MXSTEP (=I1) steps             
       taken on this call before reaching TOUT               
      In above message,  I1 =   1000000
      In above message,  R1 =  0.1265905937840D-02
 DLSODA-  At current T (=R1), MXSTEP (=I1) steps             
       taken on this call before reaching TOUT               
      In above message,  I1 =   1000000
      In above message,  R1 =  0.5298949654815D-03
 DLSODA-  At current T (=R1), MXSTEP (=I1) steps             
       taken on this call before reaching TOUT               
      In above message,  I1 =   1000000
      In above message,  R1 =  0.1059789930970D-02
 DLSODA-  At current T (=R1), MXSTEP (=I1) steps             
       taken on this call before reaching TOUT               
      In above message,  I1 =   1000000
      In above message,  R1 =  0.5618908916819D-03
 DLSODA-  At current T (=R1), MXSTEP (=I1) steps             
       taken on this call before reaching TOUT               
      In above message,  I1 =   1000000
      In above message,  R1 =  0.1123781783353D-02
 DLSODA-  At current T (=R1), MXSTEP (=I1) steps             
       taken on this call before reaching TOUT               
      In above message,  I1 =   1000000
      In above message,  R1 =  0.4839545041304D-03
 DLSODA-  At current T (=R1), MXSTEP (=I1) steps             
       taken on this call before reaching TOUT               
      In above message,  I1 =   1000000
      In above message,  R1 =  0.9679090083138D-03
 DLSODA-  At current T (=R1), MXSTEP (=I1) steps             
       taken on this call before reaching TOUT               
      In above message,  I1 =   1000000
      In above message,  R1 =  0.5090029254699D-03
 DLSODA-  At current T (=R1), MXSTEP (=I1) steps             
       taken on this call before reaching TOUT               
      In above message,  I1 =   1000000
      In above message,  R1 =  0.1018005850899D-02
 DLSODA-  At current T (=R1), MXSTEP (=I1) steps             
       taken on this call before reaching TOUT               
      In above message,  I1 =   1000000
      In above message,  R1 =  0.4603469187479D-03
 DLSODA-  At current T (=R1), MXSTEP (=I1) steps             
       taken on this call before reaching TOUT               
      In above message,  I1 =   1000000
      In above message,  R1 =  0.9206938375325D-03
 DLSODA-  At current T (=R1), MXSTEP (=I1) steps             
       taken on this call before reaching TOUT               
      In above message,  I1 =   1000000
      In above message,  R1 =  0.5470991880129D-03
 DLSODA-  At current T (=R1), MXSTEP (=I1) steps             
       taken on this call before reaching TOUT               
      In above message,  I1 =   1000000
      In above message,  R1 =  0.1094198376015D-02
 DLSODA-  At current T (=R1), MXSTEP (=I1) steps             
       taken on this call before reaching TOUT               
      In above message,  I1 =   1000000
      In above message,  R1 =  0.7463106464181D-03
 DLSODA-  At current T (=R1), MXSTEP (=I1) steps             
       taken on this call before reaching TOUT               
      In above message,  I1 =   1000000
      In above message,  R1 =  0.8755789371251D-03
 DLSODA-  At current T (=R1), MXSTEP (=I1) steps             
       taken on this call before reaching TOUT               
      In above message,  I1 =   1000000
      In above message,  R1 =  0.8794793075211D-03
 DLSODA-  At current T (=R1), MXSTEP (=I1) steps             
       taken on this call before reaching TOUT               
      In above message,  I1 =   1000000
      In above message,  R1 =  0.2002858573517D-03
 DLSODA-  At current T (=R1), MXSTEP (=I1) steps             
       taken on this call before reaching TOUT               
      In above message,  I1 =   1000000
      In above message,  R1 =  0.2108903283652D-03
 DLSODA-  At current T (=R1), MXSTEP (=I1) steps             
       taken on this call before reaching TOUT               
      In above message,  I1 =   1000000
      In above message,  R1 =  0.4217806567318D-03
 DLSODA-  At current T (=R1), MXSTEP (=I1) steps             
       taken on this call before reaching TOUT               
      In above message,  I1 =   1000000
      In above message,  R1 =  0.6326709850613D-03
 DLSODA-  At current T (=R1), MXSTEP (=I1) steps             
       taken on this call before reaching TOUT               
      In above message,  I1 =   1000000
      In above message,  R1 =  0.2211062358394D-03
 DLSODA-  At current T (=R1), MXSTEP (=I1) steps             
       taken on this call before reaching TOUT               
      In above message,  I1 =   1000000
      In above message,  R1 =  0.2339508986181D-03
 DLSODA-  At current T (=R1), MXSTEP (=I1) steps             
       taken on this call before reaching TOUT               
      In above message,  I1 =   1000000
      In above message,  R1 =  0.4679017972555D-03
 DLSODA-  At current T (=R1), MXSTEP (=I1) steps             
       taken on this call before reaching TOUT               
      In above message,  I1 =   1000000
      In above message,  R1 =  0.7018526958446D-03
 DLSODA-  At current T (=R1), MXSTEP (=I1) steps             
       taken on this call before reaching TOUT               
      In above message,  I1 =   1000000
      In above message,  R1 =  0.2465351320657D-03
 DLSODA-  At current T (=R1), MXSTEP (=I1) steps             
       taken on this call before reaching TOUT               
      In above message,  I1 =   1000000
      In above message,  R1 =  0.2615958795612D-03
 DLSODA-  At current T (=R1), MXSTEP (=I1) steps             
       taken on this call before reaching TOUT               
      In above message,  I1 =   1000000
      In above message,  R1 =  0.1892329146554D-03
 DLSODA-  At current T (=R1), MXSTEP (=I1) steps             
       taken on this call before reaching TOUT               
      In above message,  I1 =   1000000
      In above message,  R1 =  0.1984353485564D-03
 DLSODA-  At current T (=R1), MXSTEP (=I1) steps             
       taken on this call before reaching TOUT               
      In above message,  I1 =   1000000
      In above message,  R1 =  0.2081795118241D-03
 DLSODA-  At current T (=R1), MXSTEP (=I1) steps             
       taken on this call before reaching TOUT               
      In above message,  I1 =   1000000
      In above message,  R1 =  0.2185577003322D-03
 DLSODA-  At current T (=R1), MXSTEP (=I1) steps             
       taken on this call before reaching TOUT               
      In above message,  I1 =   1000000
      In above message,  R1 =  0.2295280979730D-03
 DLSODA-  At current T (=R1), MXSTEP (=I1) steps             
       taken on this call before reaching TOUT               
      In above message,  I1 =   1000000
      In above message,  R1 =  0.2413522214403D-03
 DLSODA-  At current T (=R1), MXSTEP (=I1) steps             
       taken on this call before reaching TOUT               
      In above message,  I1 =   1000000
      In above message,  R1 =  0.7171714184190D-04
 DLSODA-  At current T (=R1), MXSTEP (=I1) steps             
       taken on this call before reaching TOUT               
      In above message,  I1 =   1000000
      In above message,  R1 =  0.1434342836875D-03
 DLSODA-  At current T (=R1), MXSTEP (=I1) steps             
       taken on this call before reaching TOUT               
      In above message,  I1 =   1000000
      In above message,  R1 =  0.2151514255427D-03
 DLSODA-  At current T (=R1), MXSTEP (=I1) steps             
       taken on this call before reaching TOUT               
      In above message,  I1 =   1000000
      In above message,  R1 =  0.2864791145749D-03
 DLSODA-  At current T (=R1), MXSTEP (=I1) steps             
       taken on this call before reaching TOUT               
      In above message,  I1 =   1000000
      In above message,  R1 =  0.5729582291644D-03
 DLSODA-  At current T (=R1), MXSTEP (=I1) steps             
       taken on this call before reaching TOUT               
      In above message,  I1 =   1000000
      In above message,  R1 =  0.8594373437921D-03
 DLSODA-  At current T (=R1), MXSTEP (=I1) steps             
       taken on this call before reaching TOUT               
      In above message,  I1 =   1000000
      In above message,  R1 =  0.2642887630513D-03
 DLSODA-  At current T (=R1), MXSTEP (=I1) steps             
       taken on this call before reaching TOUT               
      In above message,  I1 =   1000000
      In above message,  R1 =  0.2820720446265D-03
 DLSODA-  At current T (=R1), MXSTEP (=I1) steps             
       taken on this call before reaching TOUT               
      In above message,  I1 =   1000000
      In above message,  R1 =  0.2994040787367D-03
 DLSODA-  At current T (=R1), MXSTEP (=I1) steps             
       taken on this call before reaching TOUT               
      In above message,  I1 =   1000000
      In above message,  R1 =  0.1035855074955D-03
 DLSODA-  At current T (=R1), MXSTEP (=I1) steps             
       taken on this call before reaching TOUT               
      In above message,  I1 =   1000000
      In above message,  R1 =  0.2071710149902D-03
 DLSODA-  At current T (=R1), MXSTEP (=I1) steps             
       taken on this call before reaching TOUT               
      In above message,  I1 =   1000000
      In above message,  R1 =  0.3107565225023D-03
 DLSODA-  At current T (=R1), MXSTEP (=I1) steps             
       taken on this call before reaching TOUT               
      In above message,  I1 =   1000000
      In above message,  R1 =  0.4299681806554D-04
 DLSODA-  At current T (=R1), MXSTEP (=I1) steps             
       taken on this call before reaching TOUT               
      In above message,  I1 =   1000000
      In above message,  R1 =  0.8599363612911D-04
 DLSODA-  At current T (=R1), MXSTEP (=I1) steps             
       taken on this call before reaching TOUT               
      In above message,  I1 =   1000000
      In above message,  R1 =  0.1289904541920D-03
 DLSODA-  At current T (=R1), MXSTEP (=I1) steps             
       taken on this call before reaching TOUT               
      In above message,  I1 =   1000000
      In above message,  R1 =  0.4239226096003D-04
 DLSODA-  At current T (=R1), MXSTEP (=I1) steps             
       taken on this call before reaching TOUT               
      In above message,  I1 =   1000000
      In above message,  R1 =  0.8478452192328D-04
 DLSODA-  At current T (=R1), MXSTEP (=I1) steps             
       taken on this call before reaching TOUT               
      In above message,  I1 =   1000000
      In above message,  R1 =  0.1271767828879D-03
 DLSODA-  At current T (=R1), MXSTEP (=I1) steps             
       taken on this call before reaching TOUT               
      In above message,  I1 =   1000000
      In above message,  R1 =  0.7925793712774D-04
 DLSODA-  At current T (=R1), MXSTEP (=I1) steps             
       taken on this call before reaching TOUT               
      In above message,  I1 =   1000000
      In above message,  R1 =  0.1585158742552D-03
 DLSODA-  At current T (=R1), MXSTEP (=I1) steps             
       taken on this call before reaching TOUT               
      In above message,  I1 =   1000000
      In above message,  R1 =  0.2377738113826D-03
 DLSODA-  At current T (=R1), MXSTEP (=I1) steps             
       taken on this call before reaching TOUT               
      In above message,  I1 =   1000000
      In above message,  R1 =  0.4214873028636D-04
 DLSODA-  At current T (=R1), MXSTEP (=I1) steps             
       taken on this call before reaching TOUT               
      In above message,  I1 =   1000000
      In above message,  R1 =  0.8429746056902D-04
 DLSODA-  At current T (=R1), MXSTEP (=I1) steps             
       taken on this call before reaching TOUT               
      In above message,  I1 =   1000000
      In above message,  R1 =  0.1264461908486D-03
 DLSODA-  At current T (=R1), MXSTEP (=I1) steps             
       taken on this call before reaching TOUT               
      In above message,  I1 =   1000000
      In above message,  R1 =  0.4112933099292D-04
 DLSODA-  At current T (=R1), MXSTEP (=I1) steps             
       taken on this call before reaching TOUT               
      In above message,  I1 =   1000000
      In above message,  R1 =  0.8225866198588D-04
 DLSODA-  At current T (=R1), MXSTEP (=I1) steps             
       taken on this call before reaching TOUT               
      In above message,  I1 =   1000000
      In above message,  R1 =  0.1233879929784D-03
 DLSODA-  At current T (=R1), MXSTEP (=I1) steps             
       taken on this call before reaching TOUT               
      In above message,  I1 =   1000000
      In above message,  R1 =  0.4226524642410D-04
 DLSODA-  At current T (=R1), MXSTEP (=I1) steps             
       taken on this call before reaching TOUT               
      In above message,  I1 =   1000000
      In above message,  R1 =  0.8453049284833D-04
 DLSODA-  At current T (=R1), MXSTEP (=I1) steps             
       taken on this call before reaching TOUT               
      In above message,  I1 =   1000000
      In above message,  R1 =  0.1267957392726D-03
 DLSODA-  At current T (=R1), MXSTEP (=I1) steps             
       taken on this call before reaching TOUT               
      In above message,  I1 =   1000000
      In above message,  R1 =  0.9502945287021D-04
 DLSODA-  At current T (=R1), MXSTEP (=I1) steps             
       taken on this call before reaching TOUT               
      In above message,  I1 =   1000000
      In above message,  R1 =  0.1900589057371D-03
 DLSODA-  At current T (=R1), MXSTEP (=I1) steps             
       taken on this call before reaching TOUT               
      In above message,  I1 =   1000000
      In above message,  R1 =  0.2850883586157D-03
 DLSODA-  At current T (=R1), MXSTEP (=I1) steps             
       taken on this call before reaching TOUT               
      In above message,  I1 =   1000000
      In above message,  R1 =  0.4107418092218D-04
 DLSODA-  At current T (=R1), MXSTEP (=I1) steps             
       taken on this call before reaching TOUT               
      In above message,  I1 =   1000000
      In above message,  R1 =  0.8214836184389D-04
 DLSODA-  At current T (=R1), MXSTEP (=I1) steps             
       taken on this call before reaching TOUT               
      In above message,  I1 =   1000000
      In above message,  R1 =  0.1232225427656D-03
 DLSODA-  At current T (=R1), MXSTEP (=I1) steps             
       taken on this call before reaching TOUT               
      In above message,  I1 =   1000000
      In above message,  R1 =  0.1230996167089D-03
 DLSODA-  At current T (=R1), MXSTEP (=I1) steps             
       taken on this call before reaching TOUT               
      In above message,  I1 =   1000000
      In above message,  R1 =  0.2461992334177D-03
 DLSODA-  At current T (=R1), MXSTEP (=I1) steps             
       taken on this call before reaching TOUT               
      In above message,  I1 =   1000000
      In above message,  R1 =  0.3692988501266D-03
 DLSODA-  At current T (=R1), MXSTEP (=I1) steps             
       taken on this call before reaching TOUT               
      In above message,  I1 =   1000000
      In above message,  R1 =  0.1480631975505D-03
 DLSODA-  At current T (=R1), MXSTEP (=I1) steps             
       taken on this call before reaching TOUT               
      In above message,  I1 =   1000000
      In above message,  R1 =  0.2961263951038D-03
 DLSODA-  At current T (=R1), MXSTEP (=I1) steps             
       taken on this call before reaching TOUT               
      In above message,  I1 =   1000000
      In above message,  R1 =  0.4441895926570D-03
 DLSODA-  At current T (=R1), MXSTEP (=I1) steps             
       taken on this call before reaching TOUT               
      In above message,  I1 =   1000000
      In above message,  R1 =  0.1803150226245D-03
 DLSODA-  At current T (=R1), MXSTEP (=I1) steps             
       taken on this call before reaching TOUT               
      In above message,  I1 =   1000000
      In above message,  R1 =  0.3606300452491D-03
 DLSODA-  At current T (=R1), MXSTEP (=I1) steps             
       taken on this call before reaching TOUT               
      In above message,  I1 =   1000000
      In above message,  R1 =  0.5409450678894D-03
 DLSODA-  At current T (=R1), MXSTEP (=I1) steps             
       taken on this call before reaching TOUT               
      In above message,  I1 =   1000000
      In above message,  R1 =  0.2390604969028D-03
 DLSODA-  At current T (=R1), MXSTEP (=I1) steps             
       taken on this call before reaching TOUT               
      In above message,  I1 =   1000000
      In above message,  R1 =  0.4781209937791D-03
 DLSODA-  At current T (=R1), MXSTEP (=I1) steps             
       taken on this call before reaching TOUT               
      In above message,  I1 =   1000000
      In above message,  R1 =  0.7171814906548D-03
 DLSODA-  At current T (=R1), MXSTEP (=I1) steps             
       taken on this call before reaching TOUT               
      In above message,  I1 =   1000000
      In above message,  R1 =  0.2669717805103D-03
 DLSODA-  At current T (=R1), MXSTEP (=I1) steps             
       taken on this call before reaching TOUT               
      In above message,  I1 =   1000000
      In above message,  R1 =  0.5339435610219D-03
 DLSODA-  At current T (=R1), MXSTEP (=I1) steps             
       taken on this call before reaching TOUT               
      In above message,  I1 =   1000000
      In above message,  R1 =  0.8009153415335D-03
 DLSODA-  At current T (=R1), MXSTEP (=I1) steps             
       taken on this call before reaching TOUT               
      In above message,  I1 =   1000000
      In above message,  R1 =  0.2889837578234D-03
 DLSODA-  At current T (=R1), MXSTEP (=I1) steps             
       taken on this call before reaching TOUT               
      In above message,  I1 =   1000000
      In above message,  R1 =  0.5779675156453D-03
 DLSODA-  At current T (=R1), MXSTEP (=I1) steps             
       taken on this call before reaching TOUT               
      In above message,  I1 =   1000000
      In above message,  R1 =  0.8669512734672D-03
 DLSODA-  At current T (=R1), MXSTEP (=I1) steps             
       taken on this call before reaching TOUT               
      In above message,  I1 =   1000000
      In above message,  R1 =  0.2308292059897D-03
 DLSODA-  At current T (=R1), MXSTEP (=I1) steps             
       taken on this call before reaching TOUT               
      In above message,  I1 =   1000000
      In above message,  R1 =  0.4616584119980D-03
 DLSODA-  At current T (=R1), MXSTEP (=I1) steps             
       taken on this call before reaching TOUT               
      In above message,  I1 =   1000000
      In above message,  R1 =  0.6924876180077D-03
 DLSODA-  At current T (=R1), MXSTEP (=I1) steps             
       taken on this call before reaching TOUT               
      In above message,  I1 =   1000000
      In above message,  R1 =  0.2594163670214D-03
 DLSODA-  At current T (=R1), MXSTEP (=I1) steps             
       taken on this call before reaching TOUT               
      In above message,  I1 =   1000000
      In above message,  R1 =  0.5188327340378D-03
 DLSODA-  At current T (=R1), MXSTEP (=I1) steps             
       taken on this call before reaching TOUT               
      In above message,  I1 =   1000000
      In above message,  R1 =  0.7782491010063D-03
 DLSODA-  At current T (=R1), MXSTEP (=I1) steps             
       taken on this call before reaching TOUT               
      In above message,  I1 =   1000000
      In above message,  R1 =  0.2739327008985D-03
 DLSODA-  At current T (=R1), MXSTEP (=I1) steps             
       taken on this call before reaching TOUT               
      In above message,  I1 =   1000000
      In above message,  R1 =  0.5478654017909D-03
 DLSODA-  At current T (=R1), MXSTEP (=I1) steps             
       taken on this call before reaching TOUT               
      In above message,  I1 =   1000000
      In above message,  R1 =  0.8217981026409D-03
 DLSODA-  At current T (=R1), MXSTEP (=I1) steps             
       taken on this call before reaching TOUT               
      In above message,  I1 =   1000000
      In above message,  R1 =  0.2641016491126D-03
 DLSODA-  At current T (=R1), MXSTEP (=I1) steps             
       taken on this call before reaching TOUT               
      In above message,  I1 =   1000000
      In above message,  R1 =  0.5282032982373D-03
 DLSODA-  At current T (=R1), MXSTEP (=I1) steps             
       taken on this call before reaching TOUT               
      In above message,  I1 =   1000000
      In above message,  R1 =  0.7923049473161D-03
 DLSODA-  At current T (=R1), MXSTEP (=I1) steps             
       taken on this call before reaching TOUT               
      In above message,  I1 =   1000000
      In above message,  R1 =  0.1693813648836D-03
 DLSODA-  At current T (=R1), MXSTEP (=I1) steps             
       taken on this call before reaching TOUT               
      In above message,  I1 =   1000000
      In above message,  R1 =  0.2579190598026D-03
 DLSODA-  At current T (=R1), MXSTEP (=I1) steps             
       taken on this call before reaching TOUT               
      In above message,  I1 =   1000000
      In above message,  R1 =  0.5158381196100D-03
 DLSODA-  At current T (=R1), MXSTEP (=I1) steps             
       taken on this call before reaching TOUT               
      In above message,  I1 =   1000000
      In above message,  R1 =  0.7737571794175D-03
 DLSODA-  At current T (=R1), MXSTEP (=I1) steps             
       taken on this call before reaching TOUT               
      In above message,  I1 =   1000000
      In above message,  R1 =  0.2540418647138D-03
 DLSODA-  At current T (=R1), MXSTEP (=I1) steps             
       taken on this call before reaching TOUT               
      In above message,  I1 =   1000000
      In above message,  R1 =  0.5080837294068D-03
 DLSODA-  At current T (=R1), MXSTEP (=I1) steps             
       taken on this call before reaching TOUT               
      In above message,  I1 =   1000000
      In above message,  R1 =  0.7621255940998D-03
 DLSODA-  At current T (=R1), MXSTEP (=I1) steps             
       taken on this call before reaching TOUT               
      In above message,  I1 =   1000000
      In above message,  R1 =  0.2515261661541D-03
 DLSODA-  At current T (=R1), MXSTEP (=I1) steps             
       taken on this call before reaching TOUT               
      In above message,  I1 =   1000000
      In above message,  R1 =  0.5030523323112D-03
 DLSODA-  At current T (=R1), MXSTEP (=I1) steps             
       taken on this call before reaching TOUT               
      In above message,  I1 =   1000000
      In above message,  R1 =  0.7545784984173D-03
 DLSODA-  At current T (=R1), MXSTEP (=I1) steps             
       taken on this call before reaching TOUT               
      In above message,  I1 =   1000000
      In above message,  R1 =  0.2499313453480D-03
 DLSODA-  At current T (=R1), MXSTEP (=I1) steps             
       taken on this call before reaching TOUT               
      In above message,  I1 =   1000000
      In above message,  R1 =  0.4998626907159D-03
 DLSODA-  At current T (=R1), MXSTEP (=I1) steps             
       taken on this call before reaching TOUT               
      In above message,  I1 =   1000000
      In above message,  R1 =  0.7497940360838D-03
 DLSODA-  At current T (=R1), MXSTEP (=I1) steps             
       taken on this call before reaching TOUT               
      In above message,  I1 =   1000000
      In above message,  R1 =  0.6571634593771D-04
 DLSODA-  At current T (=R1), MXSTEP (=I1) steps             
       taken on this call before reaching TOUT               
      In above message,  I1 =   1000000
      In above message,  R1 =  0.1314326918769D-03
 DLSODA-  At current T (=R1), MXSTEP (=I1) steps             
       taken on this call before reaching TOUT               
      In above message,  I1 =   1000000
      In above message,  R1 =  0.1971490378161D-03
 DLSODA-  At current T (=R1), MXSTEP (=I1) steps             
       taken on this call before reaching TOUT               
      In above message,  I1 =   1000000
      In above message,  R1 =  0.2287972914151D-03
 DLSODA-  At current T (=R1), MXSTEP (=I1) steps             
       taken on this call before reaching TOUT               
      In above message,  I1 =   1000000
      In above message,  R1 =  0.4575945828053D-03
 DLSODA-  At current T (=R1), MXSTEP (=I1) steps             
       taken on this call before reaching TOUT               
      In above message,  I1 =   1000000
      In above message,  R1 =  0.6863918742406D-03
 DLSODA-  At current T (=R1), MXSTEP (=I1) steps             
       taken on this call before reaching TOUT               
      In above message,  I1 =   1000000
      In above message,  R1 =  0.6313969586273D-04
 DLSODA-  At current T (=R1), MXSTEP (=I1) steps             
       taken on this call before reaching TOUT               
      In above message,  I1 =   1000000
      In above message,  R1 =  0.1262793917270D-03
 DLSODA-  At current T (=R1), MXSTEP (=I1) steps             
       taken on this call before reaching TOUT               
      In above message,  I1 =   1000000
      In above message,  R1 =  0.1894190875913D-03
 DLSODA-  At current T (=R1), MXSTEP (=I1) steps             
       taken on this call before reaching TOUT               
      In above message,  I1 =   1000000
      In above message,  R1 =  0.2049614336503D-03
 DLSODA-  At current T (=R1), MXSTEP (=I1) steps             
       taken on this call before reaching TOUT               
      In above message,  I1 =   1000000
      In above message,  R1 =  0.4099228673211D-03
 DLSODA-  At current T (=R1), MXSTEP (=I1) steps             
       taken on this call before reaching TOUT               
      In above message,  I1 =   1000000
      In above message,  R1 =  0.6148843009970D-03
 DLSODA-  At current T (=R1), MXSTEP (=I1) steps             
       taken on this call before reaching TOUT               
      In above message,  I1 =   1000000
      In above message,  R1 =  0.6237116807352D-04
 DLSODA-  At current T (=R1), MXSTEP (=I1) steps             
       taken on this call before reaching TOUT               
      In above message,  I1 =   1000000
      In above message,  R1 =  0.1247423361454D-03
 DLSODA-  At current T (=R1), MXSTEP (=I1) steps             
       taken on this call before reaching TOUT               
      In above message,  I1 =   1000000
      In above message,  R1 =  0.1871135042172D-03
 DLSODA-  At current T (=R1), MXSTEP (=I1) steps             
       taken on this call before reaching TOUT               
      In above message,  I1 =   1000000
      In above message,  R1 =  0.1936460438700D-03
 DLSODA-  At current T (=R1), MXSTEP (=I1) steps             
       taken on this call before reaching TOUT               
      In above message,  I1 =   1000000
      In above message,  R1 =  0.3872920877316D-03
 DLSODA-  At current T (=R1), MXSTEP (=I1) steps             
       taken on this call before reaching TOUT               
      In above message,  I1 =   1000000
      In above message,  R1 =  0.5809381315931D-03
 DLSODA-  At current T (=R1), MXSTEP (=I1) steps             
       taken on this call before reaching TOUT               
      In above message,  I1 =   1000000
      In above message,  R1 =  0.6201943814157D-04
 DLSODA-  At current T (=R1), MXSTEP (=I1) steps             
       taken on this call before reaching TOUT               
      In above message,  I1 =   1000000
      In above message,  R1 =  0.1240388762835D-03
 DLSODA-  At current T (=R1), MXSTEP (=I1) steps             
       taken on this call before reaching TOUT               
      In above message,  I1 =   1000000
      In above message,  R1 =  0.1860583144255D-03
 DLSODA-  At current T (=R1), MXSTEP (=I1) steps             
       taken on this call before reaching TOUT               
      In above message,  I1 =   1000000
      In above message,  R1 =  0.1876883242399D-03
 DLSODA-  At current T (=R1), MXSTEP (=I1) steps             
       taken on this call before reaching TOUT               
      In above message,  I1 =   1000000
      In above message,  R1 =  0.3753766484865D-03
 DLSODA-  At current T (=R1), MXSTEP (=I1) steps             
       taken on this call before reaching TOUT               
      In above message,  I1 =   1000000
      In above message,  R1 =  0.5630649727115D-03
 DLSODA-  At current T (=R1), MXSTEP (=I1) steps             
       taken on this call before reaching TOUT               
      In above message,  I1 =   1000000
      In above message,  R1 =  0.6179068282713D-04
 DLSODA-  At current T (=R1), MXSTEP (=I1) steps             
       taken on this call before reaching TOUT               
      In above message,  I1 =   1000000
      In above message,  R1 =  0.1235813656545D-03
 DLSODA-  At current T (=R1), MXSTEP (=I1) steps             
       taken on this call before reaching TOUT               
      In above message,  I1 =   1000000
      In above message,  R1 =  0.1853720484951D-03
 DLSODA-  At current T (=R1), MXSTEP (=I1) steps             
       taken on this call before reaching TOUT               
      In above message,  I1 =   1000000
      In above message,  R1 =  0.2233760857744D-03
 DLSODA-  At current T (=R1), MXSTEP (=I1) steps             
       taken on this call before reaching TOUT               
      In above message,  I1 =   1000000
      In above message,  R1 =  0.4467521715260D-03
 DLSODA-  At current T (=R1), MXSTEP (=I1) steps             
       taken on this call before reaching TOUT               
      In above message,  I1 =   1000000
      In above message,  R1 =  0.6701282572751D-03
 DLSODA-  At current T (=R1), MXSTEP (=I1) steps             
       taken on this call before reaching TOUT               
      In above message,  I1 =   1000000
      In above message,  R1 =  0.6168615921850D-04
 DLSODA-  At current T (=R1), MXSTEP (=I1) steps             
       taken on this call before reaching TOUT               
      In above message,  I1 =   1000000
      In above message,  R1 =  0.1233723184373D-03
 DLSODA-  At current T (=R1), MXSTEP (=I1) steps             
       taken on this call before reaching TOUT               
      In above message,  I1 =   1000000
      In above message,  R1 =  0.1850584776562D-03
 DLSODA-  At current T (=R1), MXSTEP (=I1) steps             
       taken on this call before reaching TOUT               
      In above message,  I1 =   1000000
      In above message,  R1 =  0.2008510845163D-03
 DLSODA-  At current T (=R1), MXSTEP (=I1) steps             
       taken on this call before reaching TOUT               
      In above message,  I1 =   1000000
      In above message,  R1 =  0.4017021690327D-03
 DLSODA-  At current T (=R1), MXSTEP (=I1) steps             
       taken on this call before reaching TOUT               
      In above message,  I1 =   1000000
      In above message,  R1 =  0.6025532535182D-03
 DLSODA-  At current T (=R1), MXSTEP (=I1) steps             
       taken on this call before reaching TOUT               
      In above message,  I1 =   1000000
      In above message,  R1 =  0.1682579930344D-03
 DLSODA-  At current T (=R1), MXSTEP (=I1) steps             
       taken on this call before reaching TOUT               
      In above message,  I1 =   1000000
      In above message,  R1 =  0.3365159860763D-03
 DLSODA-  At current T (=R1), MXSTEP (=I1) steps             
       taken on this call before reaching TOUT               
      In above message,  I1 =   1000000
      In above message,  R1 =  0.5047739791182D-03
 DLSODA-  At current T (=R1), MXSTEP (=I1) steps             
       taken on this call before reaching TOUT               
      In above message,  I1 =   1000000
      In above message,  R1 =  0.4528373475903D-03
 DLSODA-  At current T (=R1), MXSTEP (=I1) steps             
       taken on this call before reaching TOUT               
      In above message,  I1 =   1000000
      In above message,  R1 =  0.1780126567529D-03
 DLSODA-  At current T (=R1), MXSTEP (=I1) steps             
       taken on this call before reaching TOUT               
      In above message,  I1 =   1000000
      In above message,  R1 =  0.3560253135057D-03
 DLSODA-  At current T (=R1), MXSTEP (=I1) steps             
       taken on this call before reaching TOUT               
      In above message,  I1 =   1000000
      In above message,  R1 =  0.5340379702725D-03
 DLSODA-  At current T (=R1), MXSTEP (=I1) steps             
       taken on this call before reaching TOUT               
      In above message,  I1 =   1000000
      In above message,  R1 =  0.1800753386195D-03
 DLSODA-  At current T (=R1), MXSTEP (=I1) steps             
       taken on this call before reaching TOUT               
      In above message,  I1 =   1000000
      In above message,  R1 =  0.3601506772564D-03
 DLSODA-  At current T (=R1), MXSTEP (=I1) steps             
       taken on this call before reaching TOUT               
      In above message,  I1 =   1000000
      In above message,  R1 =  0.5402260159030D-03
 DLSODA-  At current T (=R1), MXSTEP (=I1) steps             
       taken on this call before reaching TOUT               
      In above message,  I1 =   1000000
      In above message,  R1 =  0.1798253842314D-03
 DLSODA-  At current T (=R1), MXSTEP (=I1) steps             
       taken on this call before reaching TOUT               
      In above message,  I1 =   1000000
      In above message,  R1 =  0.3596507684696D-03
 DLSODA-  At current T (=R1), MXSTEP (=I1) steps             
       taken on this call before reaching TOUT               
      In above message,  I1 =   1000000
      In above message,  R1 =  0.5394761526925D-03
 DLSODA-  At current T (=R1), MXSTEP (=I1) steps             
       taken on this call before reaching TOUT               
      In above message,  I1 =   1000000
      In above message,  R1 =  0.6250617964149D-04
 DLSODA-  At current T (=R1), MXSTEP (=I1) steps             
       taken on this call before reaching TOUT               
      In above message,  I1 =   1000000
      In above message,  R1 =  0.1250123592770D-03
 DLSODA-  At current T (=R1), MXSTEP (=I1) steps             
       taken on this call before reaching TOUT               
      In above message,  I1 =   1000000
      In above message,  R1 =  0.1875185389255D-03
 DLSODA-  At current T (=R1), MXSTEP (=I1) steps             
       taken on this call before reaching TOUT               
      In above message,  I1 =   1000000
      In above message,  R1 =  0.2171557112655D-03
 DLSODA-  At current T (=R1), MXSTEP (=I1) steps             
       taken on this call before reaching TOUT               
      In above message,  I1 =   1000000
      In above message,  R1 =  0.4343114225387D-03
 DLSODA-  At current T (=R1), MXSTEP (=I1) steps             
       taken on this call before reaching TOUT               
      In above message,  I1 =   1000000
      In above message,  R1 =  0.6514671338118D-03
 DLSODA-  At current T (=R1), MXSTEP (=I1) steps             
       taken on this call before reaching TOUT               
      In above message,  I1 =   1000000
      In above message,  R1 =  0.6072385919554D-04
 DLSODA-  At current T (=R1), MXSTEP (=I1) steps             
       taken on this call before reaching TOUT               
      In above message,  I1 =   1000000
      In above message,  R1 =  0.1214477183912D-03
 DLSODA-  At current T (=R1), MXSTEP (=I1) steps             
       taken on this call before reaching TOUT               
      In above message,  I1 =   1000000
      In above message,  R1 =  0.1821715775734D-03
 DLSODA-  At current T (=R1), MXSTEP (=I1) steps             
       taken on this call before reaching TOUT               
      In above message,  I1 =   1000000
      In above message,  R1 =  0.1933875844628D-03
 DLSODA-  At current T (=R1), MXSTEP (=I1) steps             
       taken on this call before reaching TOUT               
      In above message,  I1 =   1000000
      In above message,  R1 =  0.3867751689392D-03
 DLSODA-  At current T (=R1), MXSTEP (=I1) steps             
       taken on this call before reaching TOUT               
      In above message,  I1 =   1000000
      In above message,  R1 =  0.5801627534227D-03
 DLSODA-  At current T (=R1), MXSTEP (=I1) steps             
       taken on this call before reaching TOUT               
      In above message,  I1 =   1000000
      In above message,  R1 =  0.6042757068083D-04
 DLSODA-  At current T (=R1), MXSTEP (=I1) steps             
       taken on this call before reaching TOUT               
      In above message,  I1 =   1000000
      In above message,  R1 =  0.1208551413566D-03
 DLSODA-  At current T (=R1), MXSTEP (=I1) steps             
       taken on this call before reaching TOUT               
      In above message,  I1 =   1000000
      In above message,  R1 =  0.1812827120455D-03
 DLSODA-  At current T (=R1), MXSTEP (=I1) steps             
       taken on this call before reaching TOUT               
      In above message,  I1 =   1000000
      In above message,  R1 =  0.1828269776984D-03
 DLSODA-  At current T (=R1), MXSTEP (=I1) steps             
       taken on this call before reaching TOUT               
      In above message,  I1 =   1000000
      In above message,  R1 =  0.3656539553857D-03
 DLSODA-  At current T (=R1), MXSTEP (=I1) steps             
       taken on this call before reaching TOUT               
      In above message,  I1 =   1000000
      In above message,  R1 =  0.5484809330818D-03
 DLSODA-  At current T (=R1), MXSTEP (=I1) steps             
       taken on this call before reaching TOUT               
      In above message,  I1 =   1000000
      In above message,  R1 =  0.6039451904306D-04
 DLSODA-  At current T (=R1), MXSTEP (=I1) steps             
       taken on this call before reaching TOUT               
      In above message,  I1 =   1000000
      In above message,  R1 =  0.1207890380865D-03
 DLSODA-  At current T (=R1), MXSTEP (=I1) steps             
       taken on this call before reaching TOUT               
      In above message,  I1 =   1000000
      In above message,  R1 =  0.1811835571168D-03
 DLSODA-  At current T (=R1), MXSTEP (=I1) steps             
       taken on this call before reaching TOUT               
      In above message,  I1 =   1000000
      In above message,  R1 =  0.2152457282512D-03
 DLSODA-  At current T (=R1), MXSTEP (=I1) steps             
       taken on this call before reaching TOUT               
      In above message,  I1 =   1000000
      In above message,  R1 =  0.4304914565019D-03
 DLSODA-  At current T (=R1), MXSTEP (=I1) steps             
       taken on this call before reaching TOUT               
      In above message,  I1 =   1000000
      In above message,  R1 =  0.6457371847526D-03
 DLSODA-  At current T (=R1), MXSTEP (=I1) steps             
       taken on this call before reaching TOUT               
      In above message,  I1 =   1000000
      In above message,  R1 =  0.6045437948563D-04
 DLSODA-  At current T (=R1), MXSTEP (=I1) steps             
       taken on this call before reaching TOUT               
      In above message,  I1 =   1000000
      In above message,  R1 =  0.1209087589709D-03
 DLSODA-  At current T (=R1), MXSTEP (=I1) steps             
       taken on this call before reaching TOUT               
      In above message,  I1 =   1000000
      In above message,  R1 =  0.1813631384562D-03
 DLSODA-  At current T (=R1), MXSTEP (=I1) steps             
       taken on this call before reaching TOUT               
      In above message,  I1 =   1000000
      In above message,  R1 =  0.1933807052745D-03
 DLSODA-  At current T (=R1), MXSTEP (=I1) steps             
       taken on this call before reaching TOUT               
      In above message,  I1 =   1000000
      In above message,  R1 =  0.3867614105494D-03
 DLSODA-  At current T (=R1), MXSTEP (=I1) steps             
       taken on this call before reaching TOUT               
      In above message,  I1 =   1000000
      In above message,  R1 =  0.5801421157986D-03
 DLSODA-  At current T (=R1), MXSTEP (=I1) steps             
       taken on this call before reaching TOUT               
      In above message,  I1 =   1000000
      In above message,  R1 =  0.6043917325123D-04
 DLSODA-  At current T (=R1), MXSTEP (=I1) steps             
       taken on this call before reaching TOUT               
      In above message,  I1 =   1000000
      In above message,  R1 =  0.1208783465029D-03
 DLSODA-  At current T (=R1), MXSTEP (=I1) steps             
       taken on this call before reaching TOUT               
      In above message,  I1 =   1000000
      In above message,  R1 =  0.1813175197546D-03
 DLSODA-  At current T (=R1), MXSTEP (=I1) steps             
       taken on this call before reaching TOUT               
      In above message,  I1 =   1000000
      In above message,  R1 =  0.1831582747882D-03
 DLSODA-  At current T (=R1), MXSTEP (=I1) steps             
       taken on this call before reaching TOUT               
      In above message,  I1 =   1000000
      In above message,  R1 =  0.3663165495764D-03
 DLSODA-  At current T (=R1), MXSTEP (=I1) steps             
       taken on this call before reaching TOUT               
      In above message,  I1 =   1000000
      In above message,  R1 =  0.5494748243646D-03
 DLSODA-  At current T (=R1), MXSTEP (=I1) steps             
       taken on this call before reaching TOUT               
      In above message,  I1 =   1000000
      In above message,  R1 =  0.1593679427147D-03
 DLSODA-  At current T (=R1), MXSTEP (=I1) steps             
       taken on this call before reaching TOUT               
      In above message,  I1 =   1000000
      In above message,  R1 =  0.3187358854396D-03
 DLSODA-  At current T (=R1), MXSTEP (=I1) steps             
       taken on this call before reaching TOUT               
      In above message,  I1 =   1000000
      In above message,  R1 =  0.4781038281645D-03
 DLSODA-  At current T (=R1), MXSTEP (=I1) steps             
       taken on this call before reaching TOUT               
      In above message,  I1 =   1000000
      In above message,  R1 =  0.4336460236579D-03
 DLSODA-  At current T (=R1), MXSTEP (=I1) steps             
       taken on this call before reaching TOUT               
      In above message,  I1 =   1000000
      In above message,  R1 =  0.8672920472685D-03
 DLSODA-  At current T (=R1), MXSTEP (=I1) steps             
       taken on this call before reaching TOUT               
      In above message,  I1 =   1000000
      In above message,  R1 =  0.1300938070872D-02
 DLSODA-  At current T (=R1), MXSTEP (=I1) steps             
       taken on this call before reaching TOUT               
      In above message,  I1 =   1000000
      In above message,  R1 =  0.6183599288401D-04
 DLSODA-  At current T (=R1), MXSTEP (=I1) steps             
       taken on this call before reaching TOUT               
      In above message,  I1 =   1000000
      In above message,  R1 =  0.1236719857670D-03
 DLSODA-  At current T (=R1), MXSTEP (=I1) steps             
       taken on this call before reaching TOUT               
      In above message,  I1 =   1000000
      In above message,  R1 =  0.1855079786632D-03
 DLSODA-  At current T (=R1), MXSTEP (=I1) steps             
       taken on this call before reaching TOUT               
      In above message,  I1 =   1000000
      In above message,  R1 =  0.2057788421204D-03
 DLSODA-  At current T (=R1), MXSTEP (=I1) steps             
       taken on this call before reaching TOUT               
      In above message,  I1 =   1000000
      In above message,  R1 =  0.4115576842253D-03
 DLSODA-  At current T (=R1), MXSTEP (=I1) steps             
       taken on this call before reaching TOUT               
      In above message,  I1 =   1000000
      In above message,  R1 =  0.6173365263251D-03
 DLSODA-  At current T (=R1), MXSTEP (=I1) steps             
       taken on this call before reaching TOUT               
      In above message,  I1 =   1000000
      In above message,  R1 =  0.6040728421794D-04
 DLSODA-  At current T (=R1), MXSTEP (=I1) steps             
       taken on this call before reaching TOUT               
      In above message,  I1 =   1000000
      In above message,  R1 =  0.1208145684409D-03
 DLSODA-  At current T (=R1), MXSTEP (=I1) steps             
       taken on this call before reaching TOUT               
      In above message,  I1 =   1000000
      In above message,  R1 =  0.1812218526507D-03
 DLSODA-  At current T (=R1), MXSTEP (=I1) steps             
       taken on this call before reaching TOUT               
      In above message,  I1 =   1000000
      In above message,  R1 =  0.1878854068666D-03
 DLSODA-  At current T (=R1), MXSTEP (=I1) steps             
       taken on this call before reaching TOUT               
      In above message,  I1 =   1000000
      In above message,  R1 =  0.3757708137439D-03
 DLSODA-  At current T (=R1), MXSTEP (=I1) steps             
       taken on this call before reaching TOUT               
      In above message,  I1 =   1000000
      In above message,  R1 =  0.5636562206293D-03
 DLSODA-  At current T (=R1), MXSTEP (=I1) steps             
       taken on this call before reaching TOUT               
      In above message,  I1 =   1000000
      In above message,  R1 =  0.6027006744702D-04
 DLSODA-  At current T (=R1), MXSTEP (=I1) steps             
       taken on this call before reaching TOUT               
      In above message,  I1 =   1000000
      In above message,  R1 =  0.1205401348940D-03
 DLSODA-  At current T (=R1), MXSTEP (=I1) steps             
       taken on this call before reaching TOUT               
      In above message,  I1 =   1000000
      In above message,  R1 =  0.1808102023410D-03
 DLSODA-  At current T (=R1), MXSTEP (=I1) steps             
       taken on this call before reaching TOUT               
      In above message,  I1 =   1000000
      In above message,  R1 =  0.1796473592628D-03
 DLSODA-  At current T (=R1), MXSTEP (=I1) steps             
       taken on this call before reaching TOUT               
      In above message,  I1 =   1000000
      In above message,  R1 =  0.3592947185343D-03
 DLSODA-  At current T (=R1), MXSTEP (=I1) steps             
       taken on this call before reaching TOUT               
      In above message,  I1 =   1000000
      In above message,  R1 =  0.5389420778059D-03
 DLSODA-  At current T (=R1), MXSTEP (=I1) steps             
       taken on this call before reaching TOUT               
      In above message,  I1 =   1000000
      In above message,  R1 =  0.6034972344180D-04
 DLSODA-  At current T (=R1), MXSTEP (=I1) steps             
       taken on this call before reaching TOUT               
      In above message,  I1 =   1000000
      In above message,  R1 =  0.1206994468836D-03
 DLSODA-  At current T (=R1), MXSTEP (=I1) steps             
       taken on this call before reaching TOUT               
      In above message,  I1 =   1000000
      In above message,  R1 =  0.1810491703121D-03
 DLSODA-  At current T (=R1), MXSTEP (=I1) steps             
       taken on this call before reaching TOUT               
      In above message,  I1 =   1000000
      In above message,  R1 =  0.2129241623530D-03
 DLSODA-  At current T (=R1), MXSTEP (=I1) steps             
       taken on this call before reaching TOUT               
      In above message,  I1 =   1000000
      In above message,  R1 =  0.4258483247041D-03
 DLSODA-  At current T (=R1), MXSTEP (=I1) steps             
       taken on this call before reaching TOUT               
      In above message,  I1 =   1000000
      In above message,  R1 =  0.6387724870552D-03
 DLSODA-  At current T (=R1), MXSTEP (=I1) steps             
       taken on this call before reaching TOUT               
      In above message,  I1 =   1000000
      In above message,  R1 =  0.6051477429814D-04
 DLSODA-  At current T (=R1), MXSTEP (=I1) steps             
       taken on this call before reaching TOUT               
      In above message,  I1 =   1000000
      In above message,  R1 =  0.1210295486013D-03
 DLSODA-  At current T (=R1), MXSTEP (=I1) steps             
       taken on this call before reaching TOUT               
      In above message,  I1 =   1000000
      In above message,  R1 =  0.1815443228912D-03
 DLSODA-  At current T (=R1), MXSTEP (=I1) steps             
       taken on this call before reaching TOUT               
      In above message,  I1 =   1000000
      In above message,  R1 =  0.1919923139009D-03
 DLSODA-  At current T (=R1), MXSTEP (=I1) steps             
       taken on this call before reaching TOUT               
      In above message,  I1 =   1000000
      In above message,  R1 =  0.3839846278135D-03
 DLSODA-  At current T (=R1), MXSTEP (=I1) steps             
       taken on this call before reaching TOUT               
      In above message,  I1 =   1000000
      In above message,  R1 =  0.5759769417086D-03
 DLSODA-  At current T (=R1), MXSTEP (=I1) steps             
       taken on this call before reaching TOUT               
      In above message,  I1 =   1000000
      In above message,  R1 =  0.6059511945758D-04
 DLSODA-  At current T (=R1), MXSTEP (=I1) steps             
       taken on this call before reaching TOUT               
      In above message,  I1 =   1000000
      In above message,  R1 =  0.1211902389152D-03
 DLSODA-  At current T (=R1), MXSTEP (=I1) steps             
       taken on this call before reaching TOUT               
      In above message,  I1 =   1000000
      In above message,  R1 =  0.1817853583594D-03
 DLSODA-  At current T (=R1), MXSTEP (=I1) steps             
       taken on this call before reaching TOUT               
      In above message,  I1 =   1000000
      In above message,  R1 =  0.1822834929418D-03
 DLSODA-  At current T (=R1), MXSTEP (=I1) steps             
       taken on this call before reaching TOUT               
      In above message,  I1 =   1000000
      In above message,  R1 =  0.3645669858750D-03
 DLSODA-  At current T (=R1), MXSTEP (=I1) steps             
       taken on this call before reaching TOUT               
      In above message,  I1 =   1000000
      In above message,  R1 =  0.5468504788255D-03
 DLSODA-  At current T (=R1), MXSTEP (=I1) steps             
       taken on this call before reaching TOUT               
      In above message,  I1 =   1000000
      In above message,  R1 =  0.6025515950439D-04
 DLSODA-  At current T (=R1), MXSTEP (=I1) steps             
       taken on this call before reaching TOUT               
      In above message,  I1 =   1000000
      In above message,  R1 =  0.1205103190089D-03
 DLSODA-  At current T (=R1), MXSTEP (=I1) steps             
       taken on this call before reaching TOUT               
      In above message,  I1 =   1000000
      In above message,  R1 =  0.1807654785134D-03
 DLSODA-  At current T (=R1), MXSTEP (=I1) steps             
       taken on this call before reaching TOUT               
      In above message,  I1 =   1000000
      In above message,  R1 =  0.1847675313242D-03
 DLSODA-  At current T (=R1), MXSTEP (=I1) steps             
       taken on this call before reaching TOUT               
      In above message,  I1 =   1000000
      In above message,  R1 =  0.3695350626317D-03
 DLSODA-  At current T (=R1), MXSTEP (=I1) steps             
       taken on this call before reaching TOUT               
      In above message,  I1 =   1000000
      In above message,  R1 =  0.5543025939499D-03
 DLSODA-  At current T (=R1), MXSTEP (=I1) steps             
       taken on this call before reaching TOUT               
      In above message,  I1 =   1000000
      In above message,  R1 =  0.6042441224019D-04
 DLSODA-  At current T (=R1), MXSTEP (=I1) steps             
       taken on this call before reaching TOUT               
      In above message,  I1 =   1000000
      In above message,  R1 =  0.1208488244858D-03
 DLSODA-  At current T (=R1), MXSTEP (=I1) steps             
       taken on this call before reaching TOUT               
      In above message,  I1 =   1000000
      In above message,  R1 =  0.1812732367314D-03
 DLSODA-  At current T (=R1), MXSTEP (=I1) steps             
       taken on this call before reaching TOUT               
      In above message,  I1 =   1000000
      In above message,  R1 =  0.1788530730651D-03
 DLSODA-  At current T (=R1), MXSTEP (=I1) steps             
       taken on this call before reaching TOUT               
      In above message,  I1 =   1000000
      In above message,  R1 =  0.3577061461404D-03
 DLSODA-  At current T (=R1), MXSTEP (=I1) steps             
       taken on this call before reaching TOUT               
      In above message,  I1 =   1000000
      In above message,  R1 =  0.5365592192257D-03
 DLSODA-  At current T (=R1), MXSTEP (=I1) steps             
       taken on this call before reaching TOUT               
      In above message,  I1 =   1000000
      In above message,  R1 =  0.6057252882471D-04
 DLSODA-  At current T (=R1), MXSTEP (=I1) steps             
       taken on this call before reaching TOUT               
      In above message,  I1 =   1000000
      In above message,  R1 =  0.1211450576560D-03
 DLSODA-  At current T (=R1), MXSTEP (=I1) steps             
       taken on this call before reaching TOUT               
      In above message,  I1 =   1000000
      In above message,  R1 =  0.1817175864741D-03
 DLSODA-  At current T (=R1), MXSTEP (=I1) steps             
       taken on this call before reaching TOUT               
      In above message,  I1 =   1000000
      In above message,  R1 =  0.2128762907264D-03
 DLSODA-  At current T (=R1), MXSTEP (=I1) steps             
       taken on this call before reaching TOUT               
      In above message,  I1 =   1000000
      In above message,  R1 =  0.4257525814356D-03
 DLSODA-  At current T (=R1), MXSTEP (=I1) steps             
       taken on this call before reaching TOUT               
      In above message,  I1 =   1000000
      In above message,  R1 =  0.6386288721409D-03
 DLSODA-  At current T (=R1), MXSTEP (=I1) steps             
       taken on this call before reaching TOUT               
      In above message,  I1 =   1000000
      In above message,  R1 =  0.6074737627935D-04
 DLSODA-  At current T (=R1), MXSTEP (=I1) steps             
       taken on this call before reaching TOUT               
      In above message,  I1 =   1000000
      In above message,  R1 =  0.1214947525520D-03
 DLSODA-  At current T (=R1), MXSTEP (=I1) steps             
       taken on this call before reaching TOUT               
      In above message,  I1 =   1000000
      In above message,  R1 =  0.1822421288380D-03
 DLSODA-  At current T (=R1), MXSTEP (=I1) steps             
       taken on this call before reaching TOUT               
      In above message,  I1 =   1000000
      In above message,  R1 =  0.1923477305167D-03
 DLSODA-  At current T (=R1), MXSTEP (=I1) steps             
       taken on this call before reaching TOUT               
      In above message,  I1 =   1000000
      In above message,  R1 =  0.3846954610333D-03
 DLSODA-  At current T (=R1), MXSTEP (=I1) steps             
       taken on this call before reaching TOUT               
      In above message,  I1 =   1000000
      In above message,  R1 =  0.5770431915500D-03
 DLSODA-  At current T (=R1), MXSTEP (=I1) steps             
       taken on this call before reaching TOUT               
      In above message,  I1 =   1000000
      In above message,  R1 =  0.6081121307460D-04
 DLSODA-  At current T (=R1), MXSTEP (=I1) steps             
       taken on this call before reaching TOUT               
      In above message,  I1 =   1000000
      In above message,  R1 =  0.1216224261547D-03
 DLSODA-  At current T (=R1), MXSTEP (=I1) steps             
       taken on this call before reaching TOUT               
      In above message,  I1 =   1000000
      In above message,  R1 =  0.1824336392347D-03
 DLSODA-  At current T (=R1), MXSTEP (=I1) steps             
       taken on this call before reaching TOUT               
      In above message,  I1 =   1000000
      In above message,  R1 =  0.1827972812702D-03
 DLSODA-  At current T (=R1), MXSTEP (=I1) steps             
       taken on this call before reaching TOUT               
      In above message,  I1 =   1000000
      In above message,  R1 =  0.3655945625425D-03
 DLSODA-  At current T (=R1), MXSTEP (=I1) steps             
       taken on this call before reaching TOUT               
      In above message,  I1 =   1000000
      In above message,  R1 =  0.5483918437969D-03
 DLSODA-  At current T (=R1), MXSTEP (=I1) steps             
       taken on this call before reaching TOUT               
      In above message,  I1 =   1000000
      In above message,  R1 =  0.3922337104100D-03
 DLSODA-  At current T (=R1), MXSTEP (=I1) steps             
       taken on this call before reaching TOUT               
      In above message,  I1 =   1000000
      In above message,  R1 =  0.7844674208601D-03
 DLSODA-  At current T (=R1), MXSTEP (=I1) steps             
       taken on this call before reaching TOUT               
      In above message,  I1 =   1000000
      In above message,  R1 =  0.6084504060841D-04
 DLSODA-  At current T (=R1), MXSTEP (=I1) steps             
       taken on this call before reaching TOUT               
      In above message,  I1 =   1000000
      In above message,  R1 =  0.1216900812164D-03
 DLSODA-  At current T (=R1), MXSTEP (=I1) steps             
       taken on this call before reaching TOUT               
      In above message,  I1 =   1000000
      In above message,  R1 =  0.1825351218378D-03
 DLSODA-  At current T (=R1), MXSTEP (=I1) steps             
       taken on this call before reaching TOUT               
      In above message,  I1 =   1000000
      In above message,  R1 =  0.2156356866130D-03
 DLSODA-  At current T (=R1), MXSTEP (=I1) steps             
       taken on this call before reaching TOUT               
      In above message,  I1 =   1000000
      In above message,  R1 =  0.4312713732201D-03
 DLSODA-  At current T (=R1), MXSTEP (=I1) steps             
       taken on this call before reaching TOUT               
      In above message,  I1 =   1000000
      In above message,  R1 =  0.6469070598272D-03
 DLSODA-  At current T (=R1), MXSTEP (=I1) steps             
       taken on this call before reaching TOUT               
      In above message,  I1 =   1000000
      In above message,  R1 =  0.1691226504348D-03
 DLSODA-  At current T (=R1), MXSTEP (=I1) steps             
       taken on this call before reaching TOUT               
      In above message,  I1 =   1000000
      In above message,  R1 =  0.3382453008772D-03
 DLSODA-  At current T (=R1), MXSTEP (=I1) steps             
       taken on this call before reaching TOUT               
      In above message,  I1 =   1000000
      In above message,  R1 =  0.5073679513316D-03
 DLSODA-  At current T (=R1), MXSTEP (=I1) steps             
       taken on this call before reaching TOUT               
      In above message,  I1 =   1000000
      In above message,  R1 =  0.6224645668073D-04
 DLSODA-  At current T (=R1), MXSTEP (=I1) steps             
       taken on this call before reaching TOUT               
      In above message,  I1 =   1000000
      In above message,  R1 =  0.1244929133677D-03
 DLSODA-  At current T (=R1), MXSTEP (=I1) steps             
       taken on this call before reaching TOUT               
      In above message,  I1 =   1000000
      In above message,  R1 =  0.1867393700547D-03
 DLSODA-  At current T (=R1), MXSTEP (=I1) steps             
       taken on this call before reaching TOUT               
      In above message,  I1 =   1000000
      In above message,  R1 =  0.2116060796697D-03
 DLSODA-  At current T (=R1), MXSTEP (=I1) steps             
       taken on this call before reaching TOUT               
      In above message,  I1 =   1000000
      In above message,  R1 =  0.4232121593336D-03
 DLSODA-  At current T (=R1), MXSTEP (=I1) steps             
       taken on this call before reaching TOUT               
      In above message,  I1 =   1000000
      In above message,  R1 =  0.6348182389974D-03
 DLSODA-  At current T (=R1), MXSTEP (=I1) steps             
       taken on this call before reaching TOUT               
      In above message,  I1 =   1000000
      In above message,  R1 =  0.6091315018169D-04
 DLSODA-  At current T (=R1), MXSTEP (=I1) steps             
       taken on this call before reaching TOUT               
      In above message,  I1 =   1000000
      In above message,  R1 =  0.1218263003701D-03
 DLSODA-  At current T (=R1), MXSTEP (=I1) steps             
       taken on this call before reaching TOUT               
      In above message,  I1 =   1000000
      In above message,  R1 =  0.1827394505451D-03
 DLSODA-  At current T (=R1), MXSTEP (=I1) steps             
       taken on this call before reaching TOUT               
      In above message,  I1 =   1000000
      In above message,  R1 =  0.1915175878130D-03
 DLSODA-  At current T (=R1), MXSTEP (=I1) steps             
       taken on this call before reaching TOUT               
      In above message,  I1 =   1000000
      In above message,  R1 =  0.3830351756259D-03
 DLSODA-  At current T (=R1), MXSTEP (=I1) steps             
       taken on this call before reaching TOUT               
      In above message,  I1 =   1000000
      In above message,  R1 =  0.5745527634389D-03
 DLSODA-  At current T (=R1), MXSTEP (=I1) steps             
       taken on this call before reaching TOUT               
      In above message,  I1 =   1000000
      In above message,  R1 =  0.6072235872048D-04
 DLSODA-  At current T (=R1), MXSTEP (=I1) steps             
       taken on this call before reaching TOUT               
      In above message,  I1 =   1000000
      In above message,  R1 =  0.1214447174346D-03
 DLSODA-  At current T (=R1), MXSTEP (=I1) steps             
       taken on this call before reaching TOUT               
      In above message,  I1 =   1000000
      In above message,  R1 =  0.1821670761620D-03
 DLSODA-  At current T (=R1), MXSTEP (=I1) steps             
       taken on this call before reaching TOUT               
      In above message,  I1 =   1000000
      In above message,  R1 =  0.1825402684119D-03
 DLSODA-  At current T (=R1), MXSTEP (=I1) steps             
       taken on this call before reaching TOUT               
      In above message,  I1 =   1000000
      In above message,  R1 =  0.3650805368395D-03
 DLSODA-  At current T (=R1), MXSTEP (=I1) steps             
       taken on this call before reaching TOUT               
      In above message,  I1 =   1000000
      In above message,  R1 =  0.5476208052587D-03
 DLSODA-  At current T (=R1), MXSTEP (=I1) steps             
       taken on this call before reaching TOUT               
      In above message,  I1 =   1000000
      In above message,  R1 =  0.6070446982004D-04
 DLSODA-  At current T (=R1), MXSTEP (=I1) steps             
       taken on this call before reaching TOUT               
      In above message,  I1 =   1000000
      In above message,  R1 =  0.1214089396454D-03
 DLSODA-  At current T (=R1), MXSTEP (=I1) steps             
       taken on this call before reaching TOUT               
      In above message,  I1 =   1000000
      In above message,  R1 =  0.1821134094709D-03
 DLSODA-  At current T (=R1), MXSTEP (=I1) steps             
       taken on this call before reaching TOUT               
      In above message,  I1 =   1000000
      In above message,  R1 =  0.2159609712125D-03
 DLSODA-  At current T (=R1), MXSTEP (=I1) steps             
       taken on this call before reaching TOUT               
      In above message,  I1 =   1000000
      In above message,  R1 =  0.4319219424322D-03
 DLSODA-  At current T (=R1), MXSTEP (=I1) steps             
       taken on this call before reaching TOUT               
      In above message,  I1 =   1000000
      In above message,  R1 =  0.6478829136519D-03
 DLSODA-  At current T (=R1), MXSTEP (=I1) steps             
       taken on this call before reaching TOUT               
      In above message,  I1 =   1000000
      In above message,  R1 =  0.6074775492309D-04
 DLSODA-  At current T (=R1), MXSTEP (=I1) steps             
       taken on this call before reaching TOUT               
      In above message,  I1 =   1000000
      In above message,  R1 =  0.1214955098398D-03
 DLSODA-  At current T (=R1), MXSTEP (=I1) steps             
       taken on this call before reaching TOUT               
      In above message,  I1 =   1000000
      In above message,  R1 =  0.1822432647564D-03
 DLSODA-  At current T (=R1), MXSTEP (=I1) steps             
       taken on this call before reaching TOUT               
      In above message,  I1 =   1000000
      In above message,  R1 =  0.1948605522339D-03
 DLSODA-  At current T (=R1), MXSTEP (=I1) steps             
       taken on this call before reaching TOUT               
      In above message,  I1 =   1000000
      In above message,  R1 =  0.3897211044612D-03
 DLSODA-  At current T (=R1), MXSTEP (=I1) steps             
       taken on this call before reaching TOUT               
      In above message,  I1 =   1000000
      In above message,  R1 =  0.5845816567154D-03
 DLSODA-  At current T (=R1), MXSTEP (=I1) steps             
       taken on this call before reaching TOUT               
      In above message,  I1 =   1000000
      In above message,  R1 =  0.6068562960870D-04
 DLSODA-  At current T (=R1), MXSTEP (=I1) steps             
       taken on this call before reaching TOUT               
      In above message,  I1 =   1000000
      In above message,  R1 =  0.1213712592124D-03
 DLSODA-  At current T (=R1), MXSTEP (=I1) steps             
       taken on this call before reaching TOUT               
      In above message,  I1 =   1000000
      In above message,  R1 =  0.1820568888294D-03
 DLSODA-  At current T (=R1), MXSTEP (=I1) steps             
       taken on this call before reaching TOUT               
      In above message,  I1 =   1000000
      In above message,  R1 =  0.1850957066383D-03
 DLSODA-  At current T (=R1), MXSTEP (=I1) steps             
       taken on this call before reaching TOUT               
      In above message,  I1 =   1000000
      In above message,  R1 =  0.3701914132582D-03
 DLSODA-  At current T (=R1), MXSTEP (=I1) steps             
       taken on this call before reaching TOUT               
      In above message,  I1 =   1000000
      In above message,  R1 =  0.5552871198891D-03
 DLSODA-  At current T (=R1), MXSTEP (=I1) steps             
       taken on this call before reaching TOUT               
      In above message,  I1 =   1000000
      In above message,  R1 =  0.6017243025872D-04
 DLSODA-  At current T (=R1), MXSTEP (=I1) steps             
       taken on this call before reaching TOUT               
      In above message,  I1 =   1000000
      In above message,  R1 =  0.1203448605160D-03
 DLSODA-  At current T (=R1), MXSTEP (=I1) steps             
       taken on this call before reaching TOUT               
      In above message,  I1 =   1000000
      In above message,  R1 =  0.1805172907865D-03
 DLSODA-  At current T (=R1), MXSTEP (=I1) steps             
       taken on this call before reaching TOUT               
      In above message,  I1 =   1000000
      In above message,  R1 =  0.1876881451565D-03
 DLSODA-  At current T (=R1), MXSTEP (=I1) steps             
       taken on this call before reaching TOUT               
      In above message,  I1 =   1000000
      In above message,  R1 =  0.3753762903010D-03
 DLSODA-  At current T (=R1), MXSTEP (=I1) steps             
       taken on this call before reaching TOUT               
      In above message,  I1 =   1000000
      In above message,  R1 =  0.5630644354590D-03
 DLSODA-  At current T (=R1), MXSTEP (=I1) steps             
       taken on this call before reaching TOUT               
      In above message,  I1 =   1000000
      In above message,  R1 =  0.4100352560781D-03
 DLSODA-  At current T (=R1), MXSTEP (=I1) steps             
       taken on this call before reaching TOUT               
      In above message,  I1 =   1000000
      In above message,  R1 =  0.8200705121523D-03
 DLSODA-  At current T (=R1), MXSTEP (=I1) steps             
       taken on this call before reaching TOUT               
      In above message,  I1 =   1000000
      In above message,  R1 =  0.6022535711611D-04
 DLSODA-  At current T (=R1), MXSTEP (=I1) steps             
       taken on this call before reaching TOUT               
      In above message,  I1 =   1000000
      In above message,  R1 =  0.1204507142339D-03
 DLSODA-  At current T (=R1), MXSTEP (=I1) steps             
       taken on this call before reaching TOUT               
      In above message,  I1 =   1000000
      In above message,  R1 =  0.1806760713517D-03
 DLSODA-  At current T (=R1), MXSTEP (=I1) steps             
       taken on this call before reaching TOUT               
      In above message,  I1 =   1000000
      In above message,  R1 =  0.2191357137528D-03
 DLSODA-  At current T (=R1), MXSTEP (=I1) steps             
       taken on this call before reaching TOUT               
      In above message,  I1 =   1000000
      In above message,  R1 =  0.4382714275052D-03
 DLSODA-  At current T (=R1), MXSTEP (=I1) steps             
       taken on this call before reaching TOUT               
      In above message,  I1 =   1000000
      In above message,  R1 =  0.6574071412995D-03
 DLSODA-  At current T (=R1), MXSTEP (=I1) steps             
       taken on this call before reaching TOUT               
      In above message,  I1 =   1000000
      In above message,  R1 =  0.6043849802951D-04
 DLSODA-  At current T (=R1), MXSTEP (=I1) steps             
       taken on this call before reaching TOUT               
      In above message,  I1 =   1000000
      In above message,  R1 =  0.1208769960537D-03
 DLSODA-  At current T (=R1), MXSTEP (=I1) steps             
       taken on this call before reaching TOUT               
      In above message,  I1 =   1000000
      In above message,  R1 =  0.1813154940911D-03
 DLSODA-  At current T (=R1), MXSTEP (=I1) steps             
       taken on this call before reaching TOUT               
      In above message,  I1 =   1000000
      In above message,  R1 =  0.1966510162526D-03
 DLSODA-  At current T (=R1), MXSTEP (=I1) steps             
       taken on this call before reaching TOUT               
      In above message,  I1 =   1000000
      In above message,  R1 =  0.3933020325179D-03
 DLSODA-  At current T (=R1), MXSTEP (=I1) steps             
       taken on this call before reaching TOUT               
      In above message,  I1 =   1000000
      In above message,  R1 =  0.5899530487616D-03
 DLSODA-  At current T (=R1), MXSTEP (=I1) steps             
       taken on this call before reaching TOUT               
      In above message,  I1 =   1000000
      In above message,  R1 =  0.6022143318855D-04
 DLSODA-  At current T (=R1), MXSTEP (=I1) steps             
       taken on this call before reaching TOUT               
      In above message,  I1 =   1000000
      In above message,  R1 =  0.1204428663754D-03
 DLSODA-  At current T (=R1), MXSTEP (=I1) steps             
       taken on this call before reaching TOUT               
      In above message,  I1 =   1000000
      In above message,  R1 =  0.1806642995755D-03
 DLSODA-  At current T (=R1), MXSTEP (=I1) steps             
       taken on this call before reaching TOUT               
      In above message,  I1 =   1000000
      In above message,  R1 =  0.1860948890850D-03
 DLSODA-  At current T (=R1), MXSTEP (=I1) steps             
       taken on this call before reaching TOUT               
      In above message,  I1 =   1000000
      In above message,  R1 =  0.3721897781581D-03
 DLSODA-  At current T (=R1), MXSTEP (=I1) steps             
       taken on this call before reaching TOUT               
      In above message,  I1 =   1000000
      In above message,  R1 =  0.5582846672227D-03
 DLSODA-  At current T (=R1), MXSTEP (=I1) steps             
       taken on this call before reaching TOUT               
      In above message,  I1 =   1000000
      In above message,  R1 =  0.6023527039837D-04
 DLSODA-  At current T (=R1), MXSTEP (=I1) steps             
       taken on this call before reaching TOUT               
      In above message,  I1 =   1000000
      In above message,  R1 =  0.1204705407968D-03
 DLSODA-  At current T (=R1), MXSTEP (=I1) steps             
       taken on this call before reaching TOUT               
      In above message,  I1 =   1000000
      In above message,  R1 =  0.1807058111820D-03
 DLSODA-  At current T (=R1), MXSTEP (=I1) steps             
       taken on this call before reaching TOUT               
      In above message,  I1 =   1000000
      In above message,  R1 =  0.2188864150635D-03
 DLSODA-  At current T (=R1), MXSTEP (=I1) steps             
       taken on this call before reaching TOUT               
      In above message,  I1 =   1000000
      In above message,  R1 =  0.4377728301331D-03
 DLSODA-  At current T (=R1), MXSTEP (=I1) steps             
       taken on this call before reaching TOUT               
      In above message,  I1 =   1000000
      In above message,  R1 =  0.6566592452027D-03
 DLSODA-  At current T (=R1), MXSTEP (=I1) steps             
       taken on this call before reaching TOUT               
      In above message,  I1 =   1000000
      In above message,  R1 =  0.6003689786929D-04
 DLSODA-  At current T (=R1), MXSTEP (=I1) steps             
       taken on this call before reaching TOUT               
      In above message,  I1 =   1000000
      In above message,  R1 =  0.1200737957400D-03
 DLSODA-  At current T (=R1), MXSTEP (=I1) steps             
       taken on this call before reaching TOUT               
      In above message,  I1 =   1000000
      In above message,  R1 =  0.1801106936107D-03
 DLSODA-  At current T (=R1), MXSTEP (=I1) steps             
       taken on this call before reaching TOUT               
      In above message,  I1 =   1000000
      In above message,  R1 =  0.1969422254062D-03
 DLSODA-  At current T (=R1), MXSTEP (=I1) steps             
       taken on this call before reaching TOUT               
      In above message,  I1 =   1000000
      In above message,  R1 =  0.3938844507985D-03
 DLSODA-  At current T (=R1), MXSTEP (=I1) steps             
       taken on this call before reaching TOUT               
      In above message,  I1 =   1000000
      In above message,  R1 =  0.5908266762126D-03
 DLSODA-  At current T (=R1), MXSTEP (=I1) steps             
       taken on this call before reaching TOUT               
      In above message,  I1 =   1000000
      In above message,  R1 =  0.1654118705072D-03
 DLSODA-  At current T (=R1), MXSTEP (=I1) steps             
       taken on this call before reaching TOUT               
      In above message,  I1 =   1000000
      In above message,  R1 =  0.3308237410144D-03
 DLSODA-  At current T (=R1), MXSTEP (=I1) steps             
       taken on this call before reaching TOUT               
      In above message,  I1 =   1000000
      In above message,  R1 =  0.4962356115216D-03
 DLSODA-  At current T (=R1), MXSTEP (=I1) steps             
       taken on this call before reaching TOUT               
      In above message,  I1 =   1000000
      In above message,  R1 =  0.1782248540442D-03
 DLSODA-  At current T (=R1), MXSTEP (=I1) steps             
       taken on this call before reaching TOUT               
      In above message,  I1 =   1000000
      In above message,  R1 =  0.3564497080815D-03
 DLSODA-  At current T (=R1), MXSTEP (=I1) steps             
       taken on this call before reaching TOUT               
      In above message,  I1 =   1000000
      In above message,  R1 =  0.5346745621188D-03
 DLSODA-  At current T (=R1), MXSTEP (=I1) steps             
       taken on this call before reaching TOUT               
      In above message,  I1 =   1000000
      In above message,  R1 =  0.1821742824930D-03
 DLSODA-  At current T (=R1), MXSTEP (=I1) steps             
       taken on this call before reaching TOUT               
      In above message,  I1 =   1000000
      In above message,  R1 =  0.3643485649882D-03
 DLSODA-  At current T (=R1), MXSTEP (=I1) steps             
       taken on this call before reaching TOUT               
      In above message,  I1 =   1000000
      In above message,  R1 =  0.5465228474834D-03
 DLSODA-  At current T (=R1), MXSTEP (=I1) steps             
       taken on this call before reaching TOUT               
      In above message,  I1 =   1000000
      In above message,  R1 =  0.4725951347246D-03
 DLSODA-  At current T (=R1), MXSTEP (=I1) steps             
       taken on this call before reaching TOUT               
      In above message,  I1 =   1000000
      In above message,  R1 =  0.9451902694106D-03
 DLSODA-  At current T (=R1), MXSTEP (=I1) steps             
       taken on this call before reaching TOUT               
      In above message,  I1 =   1000000
      In above message,  R1 =  0.1831659052404D-03
 DLSODA-  At current T (=R1), MXSTEP (=I1) steps             
       taken on this call before reaching TOUT               
      In above message,  I1 =   1000000
      In above message,  R1 =  0.3663318104809D-03
 DLSODA-  At current T (=R1), MXSTEP (=I1) steps             
       taken on this call before reaching TOUT               
      In above message,  I1 =   1000000
      In above message,  R1 =  0.5494977157032D-03
 DLSODA-  At current T (=R1), MXSTEP (=I1) steps             
       taken on this call before reaching TOUT               
      In above message,  I1 =   1000000
      In above message,  R1 =  0.6192704993395D-04
 DLSODA-  At current T (=R1), MXSTEP (=I1) steps             
       taken on this call before reaching TOUT               
      In above message,  I1 =   1000000
      In above message,  R1 =  0.1238540998617D-03
 DLSODA-  At current T (=R1), MXSTEP (=I1) steps             
       taken on this call before reaching TOUT               
      In above message,  I1 =   1000000
      In above message,  R1 =  0.1857811498026D-03
 DLSODA-  At current T (=R1), MXSTEP (=I1) steps             
       taken on this call before reaching TOUT               
      In above message,  I1 =   1000000
      In above message,  R1 =  0.2222229751773D-03
 DLSODA-  At current T (=R1), MXSTEP (=I1) steps             
       taken on this call before reaching TOUT               
      In above message,  I1 =   1000000
      In above message,  R1 =  0.4444459503360D-03
 DLSODA-  At current T (=R1), MXSTEP (=I1) steps             
       taken on this call before reaching TOUT               
      In above message,  I1 =   1000000
      In above message,  R1 =  0.6666689254919D-03
 DLSODA-  At current T (=R1), MXSTEP (=I1) steps             
       taken on this call before reaching TOUT               
      In above message,  I1 =   1000000
      In above message,  R1 =  0.5898821308254D-04
 DLSODA-  At current T (=R1), MXSTEP (=I1) steps             
       taken on this call before reaching TOUT               
      In above message,  I1 =   1000000
      In above message,  R1 =  0.1179764261599D-03
 DLSODA-  At current T (=R1), MXSTEP (=I1) steps             
       taken on this call before reaching TOUT               
      In above message,  I1 =   1000000
      In above message,  R1 =  0.1769646392371D-03
 DLSODA-  At current T (=R1), MXSTEP (=I1) steps             
       taken on this call before reaching TOUT               
      In above message,  I1 =   1000000
      In above message,  R1 =  0.1969191390692D-03
 DLSODA-  At current T (=R1), MXSTEP (=I1) steps             
       taken on this call before reaching TOUT               
      In above message,  I1 =   1000000
      In above message,  R1 =  0.3938382781523D-03
 DLSODA-  At current T (=R1), MXSTEP (=I1) steps             
       taken on this call before reaching TOUT               
      In above message,  I1 =   1000000
      In above message,  R1 =  0.5907574172418D-03
 DLSODA-  At current T (=R1), MXSTEP (=I1) steps             
       taken on this call before reaching TOUT               
      In above message,  I1 =   1000000
      In above message,  R1 =  0.5862894430163D-04
 DLSODA-  At current T (=R1), MXSTEP (=I1) steps             
       taken on this call before reaching TOUT               
      In above message,  I1 =   1000000
      In above message,  R1 =  0.1172578885984D-03
 DLSODA-  At current T (=R1), MXSTEP (=I1) steps             
       taken on this call before reaching TOUT               
      In above message,  I1 =   1000000
      In above message,  R1 =  0.1758868329074D-03
 DLSODA-  At current T (=R1), MXSTEP (=I1) steps             
       taken on this call before reaching TOUT               
      In above message,  I1 =   1000000
      In above message,  R1 =  0.2228878388348D-03
 DLSODA-  At current T (=R1), MXSTEP (=I1) steps             
       taken on this call before reaching TOUT               
      In above message,  I1 =   1000000
      In above message,  R1 =  0.4457756776627D-03
 DLSODA-  At current T (=R1), MXSTEP (=I1) steps             
       taken on this call before reaching TOUT               
      In above message,  I1 =   1000000
      In above message,  R1 =  0.6686635164906D-03
 DLSODA-  At current T (=R1), MXSTEP (=I1) steps             
       taken on this call before reaching TOUT               
      In above message,  I1 =   1000000
      In above message,  R1 =  0.5850477102318D-04
 DLSODA-  At current T (=R1), MXSTEP (=I1) steps             
       taken on this call before reaching TOUT               
      In above message,  I1 =   1000000
      In above message,  R1 =  0.1170095420512D-03
 DLSODA-  At current T (=R1), MXSTEP (=I1) steps             
       taken on this call before reaching TOUT               
      In above message,  I1 =   1000000
      In above message,  R1 =  0.1755143130671D-03
 DLSODA-  At current T (=R1), MXSTEP (=I1) steps             
       taken on this call before reaching TOUT               
      In above message,  I1 =   1000000
      In above message,  R1 =  0.1978964015166D-03
 DLSODA-  At current T (=R1), MXSTEP (=I1) steps             
       taken on this call before reaching TOUT               
      In above message,  I1 =   1000000
      In above message,  R1 =  0.3957928030394D-03
 DLSODA-  At current T (=R1), MXSTEP (=I1) steps             
       taken on this call before reaching TOUT               
      In above message,  I1 =   1000000
      In above message,  R1 =  0.5936892045623D-03
 DLSODA-  At current T (=R1), MXSTEP (=I1) steps             
       taken on this call before reaching TOUT               
      In above message,  I1 =   1000000
      In above message,  R1 =  0.5828628602317D-04
 DLSODA-  At current T (=R1), MXSTEP (=I1) steps             
       taken on this call before reaching TOUT               
      In above message,  I1 =   1000000
      In above message,  R1 =  0.1165725720449D-03
 DLSODA-  At current T (=R1), MXSTEP (=I1) steps             
       taken on this call before reaching TOUT               
      In above message,  I1 =   1000000
      In above message,  R1 =  0.1748588580789D-03
 DLSODA-  At current T (=R1), MXSTEP (=I1) steps             
       taken on this call before reaching TOUT               
      In above message,  I1 =   1000000
      In above message,  R1 =  0.2235959458497D-03
 DLSODA-  At current T (=R1), MXSTEP (=I1) steps             
       taken on this call before reaching TOUT               
      In above message,  I1 =   1000000
      In above message,  R1 =  0.4471918916989D-03
 DLSODA-  At current T (=R1), MXSTEP (=I1) steps             
       taken on this call before reaching TOUT               
      In above message,  I1 =   1000000
      In above message,  R1 =  0.6707878375924D-03
 DLSODA-  At current T (=R1), MXSTEP (=I1) steps             
       taken on this call before reaching TOUT               
      In above message,  I1 =   1000000
      In above message,  R1 =  0.5810717435959D-04
 DLSODA-  At current T (=R1), MXSTEP (=I1) steps             
       taken on this call before reaching TOUT               
      In above message,  I1 =   1000000
      In above message,  R1 =  0.1162143487188D-03
 DLSODA-  At current T (=R1), MXSTEP (=I1) steps             
       taken on this call before reaching TOUT               
      In above message,  I1 =   1000000
      In above message,  R1 =  0.1743215230901D-03
 DLSODA-  At current T (=R1), MXSTEP (=I1) steps             
       taken on this call before reaching TOUT               
      In above message,  I1 =   1000000
      In above message,  R1 =  0.1982269543553D-03
 DLSODA-  At current T (=R1), MXSTEP (=I1) steps             
       taken on this call before reaching TOUT               
      In above message,  I1 =   1000000
      In above message,  R1 =  0.3964539087312D-03
 DLSODA-  At current T (=R1), MXSTEP (=I1) steps             
       taken on this call before reaching TOUT               
      In above message,  I1 =   1000000
      In above message,  R1 =  0.5946808631134D-03
 DLSODA-  At current T (=R1), MXSTEP (=I1) steps             
       taken on this call before reaching TOUT               
      In above message,  I1 =   1000000
      In above message,  R1 =  0.1651272035151D-03
 DLSODA-  At current T (=R1), MXSTEP (=I1) steps             
       taken on this call before reaching TOUT               
      In above message,  I1 =   1000000
      In above message,  R1 =  0.3302544070383D-03
 DLSODA-  At current T (=R1), MXSTEP (=I1) steps             
       taken on this call before reaching TOUT               
      In above message,  I1 =   1000000
      In above message,  R1 =  0.4953816105592D-03
 DLSODA-  At current T (=R1), MXSTEP (=I1) steps             
       taken on this call before reaching TOUT               
      In above message,  I1 =   1000000
      In above message,  R1 =  0.1767900638802D-03
 DLSODA-  At current T (=R1), MXSTEP (=I1) steps             
       taken on this call before reaching TOUT               
      In above message,  I1 =   1000000
      In above message,  R1 =  0.3535801277510D-03
 DLSODA-  At current T (=R1), MXSTEP (=I1) steps             
       taken on this call before reaching TOUT               
      In above message,  I1 =   1000000
      In above message,  R1 =  0.5303701916347D-03
 DLSODA-  At current T (=R1), MXSTEP (=I1) steps             
       taken on this call before reaching TOUT               
      In above message,  I1 =   1000000
      In above message,  R1 =  0.4857172288175D-03
 DLSODA-  At current T (=R1), MXSTEP (=I1) steps             
       taken on this call before reaching TOUT               
      In above message,  I1 =   1000000
      In above message,  R1 =  0.1801445597801D-03
 DLSODA-  At current T (=R1), MXSTEP (=I1) steps             
       taken on this call before reaching TOUT               
      In above message,  I1 =   1000000
      In above message,  R1 =  0.3602891195758D-03
 DLSODA-  At current T (=R1), MXSTEP (=I1) steps             
       taken on this call before reaching TOUT               
      In above message,  I1 =   1000000
      In above message,  R1 =  0.5404336793654D-03
 DLSODA-  At current T (=R1), MXSTEP (=I1) steps             
       taken on this call before reaching TOUT               
      In above message,  I1 =   1000000
      In above message,  R1 =  0.1807503110152D-03
 DLSODA-  At current T (=R1), MXSTEP (=I1) steps             
       taken on this call before reaching TOUT               
      In above message,  I1 =   1000000
      In above message,  R1 =  0.3615006220458D-03
 DLSODA-  At current T (=R1), MXSTEP (=I1) steps             
       taken on this call before reaching TOUT               
      In above message,  I1 =   1000000
      In above message,  R1 =  0.5422509330697D-03
 DLSODA-  At current T (=R1), MXSTEP (=I1) steps             
       taken on this call before reaching TOUT               
      In above message,  I1 =   1000000
      In above message,  R1 =  0.1803585919643D-03
 DLSODA-  At current T (=R1), MXSTEP (=I1) steps             
       taken on this call before reaching TOUT               
      In above message,  I1 =   1000000
      In above message,  R1 =  0.3607171839132D-03
 DLSODA-  At current T (=R1), MXSTEP (=I1) steps             
       taken on this call before reaching TOUT               
      In above message,  I1 =   1000000
      In above message,  R1 =  0.5410757758685D-03
 DLSODA-  At current T (=R1), MXSTEP (=I1) steps             
       taken on this call before reaching TOUT               
      In above message,  I1 =   1000000
      In above message,  R1 =  0.1799254944526D-03
 DLSODA-  At current T (=R1), MXSTEP (=I1) steps             
       taken on this call before reaching TOUT               
      In above message,  I1 =   1000000
      In above message,  R1 =  0.3598509889225D-03
 DLSODA-  At current T (=R1), MXSTEP (=I1) steps             
       taken on this call before reaching TOUT               
      In above message,  I1 =   1000000
      In above message,  R1 =  0.5397764833865D-03
 DLSODA-  At current T (=R1), MXSTEP (=I1) steps             
       taken on this call before reaching TOUT               
      In above message,  I1 =   1000000
      In above message,  R1 =  0.1854416417520D-03
 DLSODA-  At current T (=R1), MXSTEP (=I1) steps             
       taken on this call before reaching TOUT               
      In above message,  I1 =   1000000
      In above message,  R1 =  0.3708832835036D-03
 DLSODA-  At current T (=R1), MXSTEP (=I1) steps             
       taken on this call before reaching TOUT               
      In above message,  I1 =   1000000
      In above message,  R1 =  0.5563249252552D-03
 DLSODA-  At current T (=R1), MXSTEP (=I1) steps             
       taken on this call before reaching TOUT               
      In above message,  I1 =   1000000
      In above message,  R1 =  0.1797711540811D-03
 DLSODA-  At current T (=R1), MXSTEP (=I1) steps             
       taken on this call before reaching TOUT               
      In above message,  I1 =   1000000
      In above message,  R1 =  0.3595423081530D-03
 DLSODA-  At current T (=R1), MXSTEP (=I1) steps             
       taken on this call before reaching TOUT               
      In above message,  I1 =   1000000
      In above message,  R1 =  0.5393134622403D-03
 DLSODA-  At current T (=R1), MXSTEP (=I1) steps             
       taken on this call before reaching TOUT               
      In above message,  I1 =   1000000
      In above message,  R1 =  0.1777797064023D-03
 DLSODA-  At current T (=R1), MXSTEP (=I1) steps             
       taken on this call before reaching TOUT               
      In above message,  I1 =   1000000
      In above message,  R1 =  0.3555594128214D-03
 DLSODA-  At current T (=R1), MXSTEP (=I1) steps             
       taken on this call before reaching TOUT               
      In above message,  I1 =   1000000
      In above message,  R1 =  0.5333391192507D-03
 DLSODA-  At current T (=R1), MXSTEP (=I1) steps             
       taken on this call before reaching TOUT               
      In above message,  I1 =   1000000
      In above message,  R1 =  0.4814132643004D-03
 DLSODA-  At current T (=R1), MXSTEP (=I1) steps             
       taken on this call before reaching TOUT               
      In above message,  I1 =   1000000
      In above message,  R1 =  0.1767368726142D-03
 DLSODA-  At current T (=R1), MXSTEP (=I1) steps             
       taken on this call before reaching TOUT               
      In above message,  I1 =   1000000
      In above message,  R1 =  0.3534737452451D-03
 DLSODA-  At current T (=R1), MXSTEP (=I1) steps             
       taken on this call before reaching TOUT               
      In above message,  I1 =   1000000
      In above message,  R1 =  0.5302106178863D-03
 DLSODA-  At current T (=R1), MXSTEP (=I1) steps             
       taken on this call before reaching TOUT               
      In above message,  I1 =   1000000
      In above message,  R1 =  0.1759231279550D-03
 DLSODA-  At current T (=R1), MXSTEP (=I1) steps             
       taken on this call before reaching TOUT               
      In above message,  I1 =   1000000
      In above message,  R1 =  0.3518462559083D-03
 DLSODA-  At current T (=R1), MXSTEP (=I1) steps             
       taken on this call before reaching TOUT               
      In above message,  I1 =   1000000
      In above message,  R1 =  0.5277693838615D-03
 DLSODA-  At current T (=R1), MXSTEP (=I1) steps             
       taken on this call before reaching TOUT               
      In above message,  I1 =   1000000
      In above message,  R1 =  0.1751759442708D-03
 DLSODA-  At current T (=R1), MXSTEP (=I1) steps             
       taken on this call before reaching TOUT               
      In above message,  I1 =   1000000
      In above message,  R1 =  0.3503518885506D-03
 DLSODA-  At current T (=R1), MXSTEP (=I1) steps             
       taken on this call before reaching TOUT               
      In above message,  I1 =   1000000
      In above message,  R1 =  0.5255278328305D-03
 DLSODA-  At current T (=R1), MXSTEP (=I1) steps             
       taken on this call before reaching TOUT               
      In above message,  I1 =   1000000
      In above message,  R1 =  0.1803875059487D-03
 DLSODA-  At current T (=R1), MXSTEP (=I1) steps             
       taken on this call before reaching TOUT               
      In above message,  I1 =   1000000
      In above message,  R1 =  0.3607750118891D-03
 DLSODA-  At current T (=R1), MXSTEP (=I1) steps             
       taken on this call before reaching TOUT               
      In above message,  I1 =   1000000
      In above message,  R1 =  0.5411625178199D-03
 DLSODA-  At current T (=R1), MXSTEP (=I1) steps             
       taken on this call before reaching TOUT               
      In above message,  I1 =   1000000
      In above message,  R1 =  0.1748133254075D-03
 DLSODA-  At current T (=R1), MXSTEP (=I1) steps             
       taken on this call before reaching TOUT               
      In above message,  I1 =   1000000
      In above message,  R1 =  0.3496266508005D-03
 DLSODA-  At current T (=R1), MXSTEP (=I1) steps             
       taken on this call before reaching TOUT               
      In above message,  I1 =   1000000
      In above message,  R1 =  0.5244399761827D-03
 DLSODA-  At current T (=R1), MXSTEP (=I1) steps             
       taken on this call before reaching TOUT               
      In above message,  I1 =   1000000
      In above message,  R1 =  0.1725748710782D-03
 DLSODA-  At current T (=R1), MXSTEP (=I1) steps             
       taken on this call before reaching TOUT               
      In above message,  I1 =   1000000
      In above message,  R1 =  0.3451497421495D-03
 DLSODA-  At current T (=R1), MXSTEP (=I1) steps             
       taken on this call before reaching TOUT               
      In above message,  I1 =   1000000
      In above message,  R1 =  0.5177246132097D-03
 DLSODA-  At current T (=R1), MXSTEP (=I1) steps             
       taken on this call before reaching TOUT               
      In above message,  I1 =   1000000
      In above message,  R1 =  0.5089051432891D-03
 DLSODA-  At current T (=R1), MXSTEP (=I1) steps             
       taken on this call before reaching TOUT               
      In above message,  I1 =   1000000
      In above message,  R1 =  0.1713453727042D-03
 DLSODA-  At current T (=R1), MXSTEP (=I1) steps             
       taken on this call before reaching TOUT               
      In above message,  I1 =   1000000
      In above message,  R1 =  0.3426907453935D-03
 DLSODA-  At current T (=R1), MXSTEP (=I1) steps             
       taken on this call before reaching TOUT               
      In above message,  I1 =   1000000
      In above message,  R1 =  0.5140361180712D-03
 DLSODA-  At current T (=R1), MXSTEP (=I1) steps             
       taken on this call before reaching TOUT               
      In above message,  I1 =   1000000
      In above message,  R1 =  0.1703604406074D-03
 DLSODA-  At current T (=R1), MXSTEP (=I1) steps             
       taken on this call before reaching TOUT               
      In above message,  I1 =   1000000
      In above message,  R1 =  0.3407208812056D-03
 DLSODA-  At current T (=R1), MXSTEP (=I1) steps             
       taken on this call before reaching TOUT               
      In above message,  I1 =   1000000
      In above message,  R1 =  0.5110813218038D-03
 DLSODA-  At current T (=R1), MXSTEP (=I1) steps             
       taken on this call before reaching TOUT               
      In above message,  I1 =   1000000
      In above message,  R1 =  0.1694276634162D-03
 DLSODA-  At current T (=R1), MXSTEP (=I1) steps             
       taken on this call before reaching TOUT               
      In above message,  I1 =   1000000
      In above message,  R1 =  0.3388553268299D-03
 DLSODA-  At current T (=R1), MXSTEP (=I1) steps             
       taken on this call before reaching TOUT               
      In above message,  I1 =   1000000
      In above message,  R1 =  0.5082829902437D-03
 DLSODA-  At current T (=R1), MXSTEP (=I1) steps             
       taken on this call before reaching TOUT               
      In above message,  I1 =   1000000
      In above message,  R1 =  0.1350725860279D-03
 DLSODA-  At current T (=R1), MXSTEP (=I1) steps             
       taken on this call before reaching TOUT               
      In above message,  I1 =   1000000
      In above message,  R1 =  0.2701451720650D-03
 DLSODA-  At current T (=R1), MXSTEP (=I1) steps             
       taken on this call before reaching TOUT               
      In above message,  I1 =   1000000
      In above message,  R1 =  0.4052177581020D-03
 DLSODA-  At current T (=R1), MXSTEP (=I1) steps             
       taken on this call before reaching TOUT               
      In above message,  I1 =   1000000
      In above message,  R1 =  0.1555933490236D-03
 DLSODA-  At current T (=R1), MXSTEP (=I1) steps             
       taken on this call before reaching TOUT               
      In above message,  I1 =   1000000
      In above message,  R1 =  0.3111866980467D-03
 DLSODA-  At current T (=R1), MXSTEP (=I1) steps             
       taken on this call before reaching TOUT               
      In above message,  I1 =   1000000
      In above message,  R1 =  0.4667800470697D-03
 DLSODA-  At current T (=R1), MXSTEP (=I1) steps             
       taken on this call before reaching TOUT               
      In above message,  I1 =   1000000
      In above message,  R1 =  0.1091374383088D-02
 DLSODA-  At current T (=R1), MXSTEP (=I1) steps             
       taken on this call before reaching TOUT               
      In above message,  I1 =   1000000
      In above message,  R1 =  0.1612984420592D-03
 DLSODA-  At current T (=R1), MXSTEP (=I1) steps             
       taken on this call before reaching TOUT               
      In above message,  I1 =   1000000
      In above message,  R1 =  0.3225968841100D-03
 DLSODA-  At current T (=R1), MXSTEP (=I1) steps             
       taken on this call before reaching TOUT               
      In above message,  I1 =   1000000
      In above message,  R1 =  0.4838953261609D-03
 DLSODA-  At current T (=R1), MXSTEP (=I1) steps             
       taken on this call before reaching TOUT               
      In above message,  I1 =   1000000
      In above message,  R1 =  0.1626743064987D-03
 DLSODA-  At current T (=R1), MXSTEP (=I1) steps             
       taken on this call before reaching TOUT               
      In above message,  I1 =   1000000
      In above message,  R1 =  0.3253486129921D-03
 DLSODA-  At current T (=R1), MXSTEP (=I1) steps             
       taken on this call before reaching TOUT               
      In above message,  I1 =   1000000
      In above message,  R1 =  0.4880229194718D-03
 DLSODA-  At current T (=R1), MXSTEP (=I1) steps             
       taken on this call before reaching TOUT               
      In above message,  I1 =   1000000
      In above message,  R1 =  0.1625174499273D-03
 DLSODA-  At current T (=R1), MXSTEP (=I1) steps             
       taken on this call before reaching TOUT               
      In above message,  I1 =   1000000
      In above message,  R1 =  0.3250348998508D-03
 DLSODA-  At current T (=R1), MXSTEP (=I1) steps             
       taken on this call before reaching TOUT               
      In above message,  I1 =   1000000
      In above message,  R1 =  0.4875523497608D-03
 DLSODA-  At current T (=R1), MXSTEP (=I1) steps             
       taken on this call before reaching TOUT               
      In above message,  I1 =   1000000
      In above message,  R1 =  0.1617659533370D-03
 DLSODA-  At current T (=R1), MXSTEP (=I1) steps             
       taken on this call before reaching TOUT               
      In above message,  I1 =   1000000
      In above message,  R1 =  0.3235319066714D-03
 DLSODA-  At current T (=R1), MXSTEP (=I1) steps             
       taken on this call before reaching TOUT               
      In above message,  I1 =   1000000
      In above message,  R1 =  0.4852978600059D-03
 DLSODA-  At current T (=R1), MXSTEP (=I1) steps             
       taken on this call before reaching TOUT               
      In above message,  I1 =   1000000
      In above message,  R1 =  0.1607881483367D-03
 DLSODA-  At current T (=R1), MXSTEP (=I1) steps             
       taken on this call before reaching TOUT               
      In above message,  I1 =   1000000
      In above message,  R1 =  0.3215762966629D-03
 DLSODA-  At current T (=R1), MXSTEP (=I1) steps             
       taken on this call before reaching TOUT               
      In above message,  I1 =   1000000
      In above message,  R1 =  0.4823644449751D-03
 DLSODA-  At current T (=R1), MXSTEP (=I1) steps             
       taken on this call before reaching TOUT               
      In above message,  I1 =   1000000
      In above message,  R1 =  0.1283295211800D-03
 DLSODA-  At current T (=R1), MXSTEP (=I1) steps             
       taken on this call before reaching TOUT               
      In above message,  I1 =   1000000
      In above message,  R1 =  0.2566590423677D-03
 DLSODA-  At current T (=R1), MXSTEP (=I1) steps             
       taken on this call before reaching TOUT               
      In above message,  I1 =   1000000
      In above message,  R1 =  0.3849885635310D-03
 DLSODA-  At current T (=R1), MXSTEP (=I1) steps             
       taken on this call before reaching TOUT               
      In above message,  I1 =   1000000
      In above message,  R1 =  0.1471105954075D-03
 DLSODA-  At current T (=R1), MXSTEP (=I1) steps             
       taken on this call before reaching TOUT               
      In above message,  I1 =   1000000
      In above message,  R1 =  0.2942211908142D-03
 DLSODA-  At current T (=R1), MXSTEP (=I1) steps             
       taken on this call before reaching TOUT               
      In above message,  I1 =   1000000
      In above message,  R1 =  0.4413317862210D-03
 DLSODA-  At current T (=R1), MXSTEP (=I1) steps             
       taken on this call before reaching TOUT               
      In above message,  I1 =   1000000
      In above message,  R1 =  0.4742038813948D-04
 DLSODA-  At current T (=R1), MXSTEP (=I1) steps             
       taken on this call before reaching TOUT               
      In above message,  I1 =   1000000
      In above message,  R1 =  0.9484077628325D-04
 DLSODA-  At current T (=R1), MXSTEP (=I1) steps             
       taken on this call before reaching TOUT               
      In above message,  I1 =   1000000
      In above message,  R1 =  0.1422611644290D-03
 DLSODA-  At current T (=R1), MXSTEP (=I1) steps             
       taken on this call before reaching TOUT               
      In above message,  I1 =   1000000
      In above message,  R1 =  0.1816208082184D-03
 DLSODA-  At current T (=R1), MXSTEP (=I1) steps             
       taken on this call before reaching TOUT               
      In above message,  I1 =   1000000
      In above message,  R1 =  0.3632416164457D-03
 DLSODA-  At current T (=R1), MXSTEP (=I1) steps             
       taken on this call before reaching TOUT               
      In above message,  I1 =   1000000
      In above message,  R1 =  0.5448624246822D-03
 DLSODA-  At current T (=R1), MXSTEP (=I1) steps             
       taken on this call before reaching TOUT               
      In above message,  I1 =   1000000
      In above message,  R1 =  0.4481750644929D-04
 DLSODA-  At current T (=R1), MXSTEP (=I1) steps             
       taken on this call before reaching TOUT               
      In above message,  I1 =   1000000
      In above message,  R1 =  0.8963501289902D-04
 DLSODA-  At current T (=R1), MXSTEP (=I1) steps             
       taken on this call before reaching TOUT               
      In above message,  I1 =   1000000
      In above message,  R1 =  0.1344525193488D-03
 DLSODA-  At current T (=R1), MXSTEP (=I1) steps             
       taken on this call before reaching TOUT               
      In above message,  I1 =   1000000
      In above message,  R1 =  0.1936777068742D-03
 DLSODA-  At current T (=R1), MXSTEP (=I1) steps             
       taken on this call before reaching TOUT               
      In above message,  I1 =   1000000
      In above message,  R1 =  0.3873554137289D-03
 DLSODA-  At current T (=R1), MXSTEP (=I1) steps             
       taken on this call before reaching TOUT               
      In above message,  I1 =   1000000
      In above message,  R1 =  0.5810331206024D-03
 DLSODA-  At current T (=R1), MXSTEP (=I1) steps             
       taken on this call before reaching TOUT               
      In above message,  I1 =   1000000
      In above message,  R1 =  0.4434136257856D-04
 DLSODA-  At current T (=R1), MXSTEP (=I1) steps             
       taken on this call before reaching TOUT               
      In above message,  I1 =   1000000
      In above message,  R1 =  0.8868272515337D-04
 DLSODA-  At current T (=R1), MXSTEP (=I1) steps             
       taken on this call before reaching TOUT               
      In above message,  I1 =   1000000
      In above message,  R1 =  0.1330240877290D-03
 DLSODA-  At current T (=R1), MXSTEP (=I1) steps             
       taken on this call before reaching TOUT               
      In above message,  I1 =   1000000
      In above message,  R1 =  0.1680682396462D-03
 DLSODA-  At current T (=R1), MXSTEP (=I1) steps             
       taken on this call before reaching TOUT               
      In above message,  I1 =   1000000
      In above message,  R1 =  0.3361364792979D-03
 DLSODA-  At current T (=R1), MXSTEP (=I1) steps             
       taken on this call before reaching TOUT               
      In above message,  I1 =   1000000
      In above message,  R1 =  0.5042047189619D-03
 DLSODA-  At current T (=R1), MXSTEP (=I1) steps             
       taken on this call before reaching TOUT               
      In above message,  I1 =   1000000
      In above message,  R1 =  0.4392135184113D-04
 DLSODA-  At current T (=R1), MXSTEP (=I1) steps             
       taken on this call before reaching TOUT               
      In above message,  I1 =   1000000
      In above message,  R1 =  0.8784270368038D-04
 DLSODA-  At current T (=R1), MXSTEP (=I1) steps             
       taken on this call before reaching TOUT               
      In above message,  I1 =   1000000
      In above message,  R1 =  0.1317640555226D-03
 DLSODA-  At current T (=R1), MXSTEP (=I1) steps             
       taken on this call before reaching TOUT               
      In above message,  I1 =   1000000
      In above message,  R1 =  0.1868075937337D-03
 DLSODA-  At current T (=R1), MXSTEP (=I1) steps             
       taken on this call before reaching TOUT               
      In above message,  I1 =   1000000
      In above message,  R1 =  0.3736151874790D-03
 DLSODA-  At current T (=R1), MXSTEP (=I1) steps             
       taken on this call before reaching TOUT               
      In above message,  I1 =   1000000
      In above message,  R1 =  0.4381148872734D-04
 DLSODA-  At current T (=R1), MXSTEP (=I1) steps             
       taken on this call before reaching TOUT               
      In above message,  I1 =   1000000
      In above message,  R1 =  0.8762297745243D-04
 DLSODA-  At current T (=R1), MXSTEP (=I1) steps             
       taken on this call before reaching TOUT               
      In above message,  I1 =   1000000
      In above message,  R1 =  0.1314344661775D-03
 DLSODA-  At current T (=R1), MXSTEP (=I1) steps             
       taken on this call before reaching TOUT               
      In above message,  I1 =   1000000
      In above message,  R1 =  0.1675168935951D-03
 DLSODA-  At current T (=R1), MXSTEP (=I1) steps             
       taken on this call before reaching TOUT               
      In above message,  I1 =   1000000
      In above message,  R1 =  0.3350337871809D-03
 DLSODA-  At current T (=R1), MXSTEP (=I1) steps             
       taken on this call before reaching TOUT               
      In above message,  I1 =   1000000
      In above message,  R1 =  0.4342819855946D-04
 DLSODA-  At current T (=R1), MXSTEP (=I1) steps             
       taken on this call before reaching TOUT               
      In above message,  I1 =   1000000
      In above message,  R1 =  0.8685639712113D-04
 DLSODA-  At current T (=R1), MXSTEP (=I1) steps             
       taken on this call before reaching TOUT               
      In above message,  I1 =   1000000
      In above message,  R1 =  0.1302845956855D-03
 DLSODA-  At current T (=R1), MXSTEP (=I1) steps             
       taken on this call before reaching TOUT               
      In above message,  I1 =   1000000
      In above message,  R1 =  0.1881374301163D-03
 DLSODA-  At current T (=R1), MXSTEP (=I1) steps             
       taken on this call before reaching TOUT               
      In above message,  I1 =   1000000
      In above message,  R1 =  0.3762748602304D-03
 DLSODA-  At current T (=R1), MXSTEP (=I1) steps             
       taken on this call before reaching TOUT               
      In above message,  I1 =   1000000
      In above message,  R1 =  0.5644122903445D-03
 DLSODA-  At current T (=R1), MXSTEP (=I1) steps             
       taken on this call before reaching TOUT               
      In above message,  I1 =   1000000
      In above message,  R1 =  0.1428060648770D-03
 DLSODA-  At current T (=R1), MXSTEP (=I1) steps             
       taken on this call before reaching TOUT               
      In above message,  I1 =   1000000
      In above message,  R1 =  0.2856121297562D-03
 DLSODA-  At current T (=R1), MXSTEP (=I1) steps             
       taken on this call before reaching TOUT               
      In above message,  I1 =   1000000
      In above message,  R1 =  0.4284181946354D-03
 DLSODA-  At current T (=R1), MXSTEP (=I1) steps             
       taken on this call before reaching TOUT               
      In above message,  I1 =   1000000
      In above message,  R1 =  0.1466447167849D-03
 DLSODA-  At current T (=R1), MXSTEP (=I1) steps             
       taken on this call before reaching TOUT               
      In above message,  I1 =   1000000
      In above message,  R1 =  0.2932894335719D-03
 DLSODA-  At current T (=R1), MXSTEP (=I1) steps             
       taken on this call before reaching TOUT               
      In above message,  I1 =   1000000
      In above message,  R1 =  0.4399341503410D-03
 DLSODA-  At current T (=R1), MXSTEP (=I1) steps             
       taken on this call before reaching TOUT               
      In above message,  I1 =   1000000
      In above message,  R1 =  0.1466690709320D-03
 DLSODA-  At current T (=R1), MXSTEP (=I1) steps             
       taken on this call before reaching TOUT               
      In above message,  I1 =   1000000
      In above message,  R1 =  0.2933381418633D-03
 DLSODA-  At current T (=R1), MXSTEP (=I1) steps             
       taken on this call before reaching TOUT               
      In above message,  I1 =   1000000
      In above message,  R1 =  0.4400072127947D-03
 DLSODA-  At current T (=R1), MXSTEP (=I1) steps             
       taken on this call before reaching TOUT               
      In above message,  I1 =   1000000
      In above message,  R1 =  0.1455139094976D-03
 DLSODA-  At current T (=R1), MXSTEP (=I1) steps             
       taken on this call before reaching TOUT               
      In above message,  I1 =   1000000
      In above message,  R1 =  0.2910278189949D-03
 DLSODA-  At current T (=R1), MXSTEP (=I1) steps             
       taken on this call before reaching TOUT               
      In above message,  I1 =   1000000
      In above message,  R1 =  0.4365417285105D-03
 DLSODA-  At current T (=R1), MXSTEP (=I1) steps             
       taken on this call before reaching TOUT               
      In above message,  I1 =   1000000
      In above message,  R1 =  0.1440531112006D-03
 DLSODA-  At current T (=R1), MXSTEP (=I1) steps             
       taken on this call before reaching TOUT               
      In above message,  I1 =   1000000
      In above message,  R1 =  0.2881062224016D-03
 DLSODA-  At current T (=R1), MXSTEP (=I1) steps             
       taken on this call before reaching TOUT               
      In above message,  I1 =   1000000
      In above message,  R1 =  0.4321593335838D-03
 DLSODA-  At current T (=R1), MXSTEP (=I1) steps             
       taken on this call before reaching TOUT               
      In above message,  I1 =   1000000
      In above message,  R1 =  0.1425267351332D-03
 DLSODA-  At current T (=R1), MXSTEP (=I1) steps             
       taken on this call before reaching TOUT               
      In above message,  I1 =   1000000
      In above message,  R1 =  0.2850534702653D-03
 DLSODA-  At current T (=R1), MXSTEP (=I1) steps             
       taken on this call before reaching TOUT               
      In above message,  I1 =   1000000
      In above message,  R1 =  0.4275802054167D-03
 DLSODA-  At current T (=R1), MXSTEP (=I1) steps             
       taken on this call before reaching TOUT               
      In above message,  I1 =   1000000
      In above message,  R1 =  0.1137320021581D-03
 DLSODA-  At current T (=R1), MXSTEP (=I1) steps             
       taken on this call before reaching TOUT               
      In above message,  I1 =   1000000
      In above message,  R1 =  0.2274640043260D-03
 DLSODA-  At current T (=R1), MXSTEP (=I1) steps             
       taken on this call before reaching TOUT               
      In above message,  I1 =   1000000
      In above message,  R1 =  0.3411960064949D-03
 DLSODA-  At current T (=R1), MXSTEP (=I1) steps             
       taken on this call before reaching TOUT               
      In above message,  I1 =   1000000
      In above message,  R1 =  0.1039181310310D-03
 DLSODA-  At current T (=R1), MXSTEP (=I1) steps             
       taken on this call before reaching TOUT               
      In above message,  I1 =   1000000
      In above message,  R1 =  0.2078362620509D-03
 DLSODA-  At current T (=R1), MXSTEP (=I1) steps             
       taken on this call before reaching TOUT               
      In above message,  I1 =   1000000
      In above message,  R1 =  0.3117543930862D-03
 DLSODA-  At current T (=R1), MXSTEP (=I1) steps             
       taken on this call before reaching TOUT               
      In above message,  I1 =   1000000
      In above message,  R1 =  0.1164621374843D-03
 DLSODA-  At current T (=R1), MXSTEP (=I1) steps             
       taken on this call before reaching TOUT               
      In above message,  I1 =   1000000
      In above message,  R1 =  0.2329242749713D-03
 DLSODA-  At current T (=R1), MXSTEP (=I1) steps             
       taken on this call before reaching TOUT               
      In above message,  I1 =   1000000
      In above message,  R1 =  0.3493864124339D-03
 DLSODA-  At current T (=R1), MXSTEP (=I1) steps             
       taken on this call before reaching TOUT               
      In above message,  I1 =   1000000
      In above message,  R1 =  0.1020235513909D-03
 DLSODA-  At current T (=R1), MXSTEP (=I1) steps             
       taken on this call before reaching TOUT               
      In above message,  I1 =   1000000
      In above message,  R1 =  0.2040471027819D-03
 DLSODA-  At current T (=R1), MXSTEP (=I1) steps             
       taken on this call before reaching TOUT               
      In above message,  I1 =   1000000
      In above message,  R1 =  0.3060706541729D-03
 DLSODA-  At current T (=R1), MXSTEP (=I1) steps             
       taken on this call before reaching TOUT               
      In above message,  I1 =   1000000
      In above message,  R1 =  0.1130577710315D-03
 DLSODA-  At current T (=R1), MXSTEP (=I1) steps             
       taken on this call before reaching TOUT               
      In above message,  I1 =   1000000
      In above message,  R1 =  0.2261155420748D-03
 DLSODA-  At current T (=R1), MXSTEP (=I1) steps             
       taken on this call before reaching TOUT               
      In above message,  I1 =   1000000
      In above message,  R1 =  0.3391733131192D-03
 DLSODA-  At current T (=R1), MXSTEP (=I1) steps             
       taken on this call before reaching TOUT               
      In above message,  I1 =   1000000
      In above message,  R1 =  0.9890683524072D-04
 DLSODA-  At current T (=R1), MXSTEP (=I1) steps             
       taken on this call before reaching TOUT               
      In above message,  I1 =   1000000
      In above message,  R1 =  0.1978136704877D-03
 DLSODA-  At current T (=R1), MXSTEP (=I1) steps             
       taken on this call before reaching TOUT               
      In above message,  I1 =   1000000
      In above message,  R1 =  0.2967205057378D-03
 DLSODA-  At current T (=R1), MXSTEP (=I1) steps             
       taken on this call before reaching TOUT               
      In above message,  I1 =   1000000
      In above message,  R1 =  0.9855728177893D-04
 DLSODA-  At current T (=R1), MXSTEP (=I1) steps             
       taken on this call before reaching TOUT               
      In above message,  I1 =   1000000
      In above message,  R1 =  0.1971145635537D-03
 DLSODA-  At current T (=R1), MXSTEP (=I1) steps             
       taken on this call before reaching TOUT               
      In above message,  I1 =   1000000
      In above message,  R1 =  0.2956718453427D-03
 DLSODA-  At current T (=R1), MXSTEP (=I1) steps             
       taken on this call before reaching TOUT               
      In above message,  I1 =   1000000
      In above message,  R1 =  0.1076092051598D-03
 DLSODA-  At current T (=R1), MXSTEP (=I1) steps             
       taken on this call before reaching TOUT               
      In above message,  I1 =   1000000
      In above message,  R1 =  0.2152184103164D-03
 DLSODA-  At current T (=R1), MXSTEP (=I1) steps             
       taken on this call before reaching TOUT               
      In above message,  I1 =   1000000
      In above message,  R1 =  0.3228276154929D-03
 DLSODA-  At current T (=R1), MXSTEP (=I1) steps             
       taken on this call before reaching TOUT               
      In above message,  I1 =   1000000
      In above message,  R1 =  0.9396400713536D-04
 DLSODA-  At current T (=R1), MXSTEP (=I1) steps             
       taken on this call before reaching TOUT               
      In above message,  I1 =   1000000
      In above message,  R1 =  0.1879280142793D-03
 DLSODA-  At current T (=R1), MXSTEP (=I1) steps             
       taken on this call before reaching TOUT               
      In above message,  I1 =   1000000
      In above message,  R1 =  0.2818920214274D-03
 DLSODA-  At current T (=R1), MXSTEP (=I1) steps             
       taken on this call before reaching TOUT               
      In above message,  I1 =   1000000
      In above message,  R1 =  0.1041478437749D-03
 DLSODA-  At current T (=R1), MXSTEP (=I1) steps             
       taken on this call before reaching TOUT               
      In above message,  I1 =   1000000
      In above message,  R1 =  0.2082956875529D-03
 DLSODA-  At current T (=R1), MXSTEP (=I1) steps             
       taken on this call before reaching TOUT               
      In above message,  I1 =   1000000
      In above message,  R1 =  0.3124435313308D-03
 DLSODA-  At current T (=R1), MXSTEP (=I1) steps             
       taken on this call before reaching TOUT               
      In above message,  I1 =   1000000
      In above message,  R1 =  0.9102765526183D-04
 DLSODA-  At current T (=R1), MXSTEP (=I1) steps             
       taken on this call before reaching TOUT               
      In above message,  I1 =   1000000
      In above message,  R1 =  0.1820553105150D-03
 DLSODA-  At current T (=R1), MXSTEP (=I1) steps             
       taken on this call before reaching TOUT               
      In above message,  I1 =   1000000
      In above message,  R1 =  0.2730829657636D-03
 DLSODA-  At current T (=R1), MXSTEP (=I1) steps             
       taken on this call before reaching TOUT               
      In above message,  I1 =   1000000
      In above message,  R1 =  0.1008571846819D-03
 DLSODA-  At current T (=R1), MXSTEP (=I1) steps             
       taken on this call before reaching TOUT               
      In above message,  I1 =   1000000
      In above message,  R1 =  0.2017143693706D-03
 DLSODA-  At current T (=R1), MXSTEP (=I1) steps             
       taken on this call before reaching TOUT               
      In above message,  I1 =   1000000
      In above message,  R1 =  0.3025715540621D-03
 DLSODA-  At current T (=R1), MXSTEP (=I1) steps             
       taken on this call before reaching TOUT               
      In above message,  I1 =   1000000
      In above message,  R1 =  0.9157719570003D-04
 DLSODA-  At current T (=R1), MXSTEP (=I1) steps             
       taken on this call before reaching TOUT               
      In above message,  I1 =   1000000
      In above message,  R1 =  0.1831543913965D-03
 DLSODA-  At current T (=R1), MXSTEP (=I1) steps             
       taken on this call before reaching TOUT               
      In above message,  I1 =   1000000
      In above message,  R1 =  0.2747315870929D-03
 DLSODA-  At current T (=R1), MXSTEP (=I1) steps             
       taken on this call before reaching TOUT               
      In above message,  I1 =   1000000
      In above message,  R1 =  0.9767249591439D-04
 DLSODA-  At current T (=R1), MXSTEP (=I1) steps             
       taken on this call before reaching TOUT               
      In above message,  I1 =   1000000
      In above message,  R1 =  0.1953449918228D-03
 DLSODA-  At current T (=R1), MXSTEP (=I1) steps             
       taken on this call before reaching TOUT               
      In above message,  I1 =   1000000
      In above message,  R1 =  0.2930174877278D-03
 DLSODA-  At current T (=R1), MXSTEP (=I1) steps             
       taken on this call before reaching TOUT               
      In above message,  I1 =   1000000
      In above message,  R1 =  0.8486477517366D-04
 DLSODA-  At current T (=R1), MXSTEP (=I1) steps             
       taken on this call before reaching TOUT               
      In above message,  I1 =   1000000
      In above message,  R1 =  0.1697295503472D-03
 DLSODA-  At current T (=R1), MXSTEP (=I1) steps             
       taken on this call before reaching TOUT               
      In above message,  I1 =   1000000
      In above message,  R1 =  0.2545943255242D-03
 DLSODA-  At current T (=R1), MXSTEP (=I1) steps             
       taken on this call before reaching TOUT               
      In above message,  I1 =   1000000
      In above message,  R1 =  0.9387050647320D-04
 DLSODA-  At current T (=R1), MXSTEP (=I1) steps             
       taken on this call before reaching TOUT               
      In above message,  I1 =   1000000
      In above message,  R1 =  0.1877410129475D-03
 DLSODA-  At current T (=R1), MXSTEP (=I1) steps             
       taken on this call before reaching TOUT               
      In above message,  I1 =   1000000
      In above message,  R1 =  0.2816115194217D-03
 DLSODA-  At current T (=R1), MXSTEP (=I1) steps             
       taken on this call before reaching TOUT               
      In above message,  I1 =   1000000
      In above message,  R1 =  0.8188394983828D-04
 DLSODA-  At current T (=R1), MXSTEP (=I1) steps             
       taken on this call before reaching TOUT               
      In above message,  I1 =   1000000
      In above message,  R1 =  0.1637678996814D-03
 DLSODA-  At current T (=R1), MXSTEP (=I1) steps             
       taken on this call before reaching TOUT               
      In above message,  I1 =   1000000
      In above message,  R1 =  0.2456518495240D-03
 DLSODA-  At current T (=R1), MXSTEP (=I1) steps             
       taken on this call before reaching TOUT               
      In above message,  I1 =   1000000
      In above message,  R1 =  0.9060704097075D-04
 DLSODA-  At current T (=R1), MXSTEP (=I1) steps             
       taken on this call before reaching TOUT               
      In above message,  I1 =   1000000
      In above message,  R1 =  0.1812140819381D-03
 DLSODA-  At current T (=R1), MXSTEP (=I1) steps             
       taken on this call before reaching TOUT               
      In above message,  I1 =   1000000
      In above message,  R1 =  0.2718211229054D-03
 DLSODA-  At current T (=R1), MXSTEP (=I1) steps             
       taken on this call before reaching TOUT               
      In above message,  I1 =   1000000
      In above message,  R1 =  0.8207230397778D-04
 DLSODA-  At current T (=R1), MXSTEP (=I1) steps             
       taken on this call before reaching TOUT               
      In above message,  I1 =   1000000
      In above message,  R1 =  0.1641446079546D-03
 DLSODA-  At current T (=R1), MXSTEP (=I1) steps             
       taken on this call before reaching TOUT               
      In above message,  I1 =   1000000
      In above message,  R1 =  0.2462169119314D-03
 DLSODA-  At current T (=R1), MXSTEP (=I1) steps             
       taken on this call before reaching TOUT               
      In above message,  I1 =   1000000
      In above message,  R1 =  0.8740058672822D-04
 DLSODA-  At current T (=R1), MXSTEP (=I1) steps             
       taken on this call before reaching TOUT               
      In above message,  I1 =   1000000
      In above message,  R1 =  0.1748011734637D-03
 DLSODA-  At current T (=R1), MXSTEP (=I1) steps             
       taken on this call before reaching TOUT               
      In above message,  I1 =   1000000
      In above message,  R1 =  0.2622017601989D-03
 DLSODA-  At current T (=R1), MXSTEP (=I1) steps             
       taken on this call before reaching TOUT               
      In above message,  I1 =   1000000
      In above message,  R1 =  0.7576448837748D-04
 DLSODA-  At current T (=R1), MXSTEP (=I1) steps             
       taken on this call before reaching TOUT               
      In above message,  I1 =   1000000
      In above message,  R1 =  0.1515289767563D-03
 DLSODA-  At current T (=R1), MXSTEP (=I1) steps             
       taken on this call before reaching TOUT               
      In above message,  I1 =   1000000
      In above message,  R1 =  0.2272934651352D-03
 DLSODA-  At current T (=R1), MXSTEP (=I1) steps             
       taken on this call before reaching TOUT               
      In above message,  I1 =   1000000
      In above message,  R1 =  0.8371978149947D-04
 DLSODA-  At current T (=R1), MXSTEP (=I1) steps             
       taken on this call before reaching TOUT               
      In above message,  I1 =   1000000
      In above message,  R1 =  0.1674395629928D-03
 DLSODA-  At current T (=R1), MXSTEP (=I1) steps             
       taken on this call before reaching TOUT               
      In above message,  I1 =   1000000
      In above message,  R1 =  0.2511593444799D-03
 DLSODA-  At current T (=R1), MXSTEP (=I1) steps             
       taken on this call before reaching TOUT               
      In above message,  I1 =   1000000
      In above message,  R1 =  0.8378115978951D-04
 DLSODA-  At current T (=R1), MXSTEP (=I1) steps             
       taken on this call before reaching TOUT               
      In above message,  I1 =   1000000
      In above message,  R1 =  0.1675623195817D-03
 DLSODA-  At current T (=R1), MXSTEP (=I1) steps             
       taken on this call before reaching TOUT               
      In above message,  I1 =   1000000
      In above message,  R1 =  0.2513434793802D-03
 DLSODA-  At current T (=R1), MXSTEP (=I1) steps             
       taken on this call before reaching TOUT               
      In above message,  I1 =   1000000
      In above message,  R1 =  0.7186583276100D-04
 DLSODA-  At current T (=R1), MXSTEP (=I1) steps             
       taken on this call before reaching TOUT               
      In above message,  I1 =   1000000
      In above message,  R1 =  0.1437316655173D-03
 DLSODA-  At current T (=R1), MXSTEP (=I1) steps             
       taken on this call before reaching TOUT               
      In above message,  I1 =   1000000
      In above message,  R1 =  0.2155974982737D-03
 DLSODA-  At current T (=R1), MXSTEP (=I1) steps             
       taken on this call before reaching TOUT               
      In above message,  I1 =   1000000
      In above message,  R1 =  0.7090053270040D-04
 DLSODA-  At current T (=R1), MXSTEP (=I1) steps             
       taken on this call before reaching TOUT               
      In above message,  I1 =   1000000
      In above message,  R1 =  0.1418010654055D-03
 DLSODA-  At current T (=R1), MXSTEP (=I1) steps             
       taken on this call before reaching TOUT               
      In above message,  I1 =   1000000
      In above message,  R1 =  0.2127015981105D-03
 DLSODA-  At current T (=R1), MXSTEP (=I1) steps             
       taken on this call before reaching TOUT               
      In above message,  I1 =   1000000
      In above message,  R1 =  0.7723507748748D-04
 DLSODA-  At current T (=R1), MXSTEP (=I1) steps             
       taken on this call before reaching TOUT               
      In above message,  I1 =   1000000
      In above message,  R1 =  0.1544701549790D-03
 DLSODA-  At current T (=R1), MXSTEP (=I1) steps             
       taken on this call before reaching TOUT               
      In above message,  I1 =   1000000
      In above message,  R1 =  0.2317052324706D-03
 DLSODA-  At current T (=R1), MXSTEP (=I1) steps             
       taken on this call before reaching TOUT               
      In above message,  I1 =   1000000
      In above message,  R1 =  0.7708618044416D-04
 DLSODA-  At current T (=R1), MXSTEP (=I1) steps             
       taken on this call before reaching TOUT               
      In above message,  I1 =   1000000
      In above message,  R1 =  0.1541723608927D-03
 DLSODA-  At current T (=R1), MXSTEP (=I1) steps             
       taken on this call before reaching TOUT               
      In above message,  I1 =   1000000
      In above message,  R1 =  0.2312585413492D-03
 DLSODA-  At current T (=R1), MXSTEP (=I1) steps             
       taken on this call before reaching TOUT               
      In above message,  I1 =   1000000
      In above message,  R1 =  0.7580200749317D-04
 DLSODA-  At current T (=R1), MXSTEP (=I1) steps             
       taken on this call before reaching TOUT               
      In above message,  I1 =   1000000
      In above message,  R1 =  0.1516040149863D-03
 DLSODA-  At current T (=R1), MXSTEP (=I1) steps             
       taken on this call before reaching TOUT               
      In above message,  I1 =   1000000
      In above message,  R1 =  0.2274060224795D-03
 DLSODA-  At current T (=R1), MXSTEP (=I1) steps             
       taken on this call before reaching TOUT               
      In above message,  I1 =   1000000
      In above message,  R1 =  0.7432538430720D-04
 DLSODA-  At current T (=R1), MXSTEP (=I1) steps             
       taken on this call before reaching TOUT               
      In above message,  I1 =   1000000
      In above message,  R1 =  0.1486507686147D-03
 DLSODA-  At current T (=R1), MXSTEP (=I1) steps             
       taken on this call before reaching TOUT               
      In above message,  I1 =   1000000
      In above message,  R1 =  0.2229761529221D-03
 DLSODA-  At current T (=R1), MXSTEP (=I1) steps             
       taken on this call before reaching TOUT               
      In above message,  I1 =   1000000
      In above message,  R1 =  0.7281719148520D-04
 DLSODA-  At current T (=R1), MXSTEP (=I1) steps             
       taken on this call before reaching TOUT               
      In above message,  I1 =   1000000
      In above message,  R1 =  0.1456343829707D-03
 DLSODA-  At current T (=R1), MXSTEP (=I1) steps             
       taken on this call before reaching TOUT               
      In above message,  I1 =   1000000
      In above message,  R1 =  0.2184515744563D-03
 DLSODA-  At current T (=R1), MXSTEP (=I1) steps             
       taken on this call before reaching TOUT               
      In above message,  I1 =   1000000
      In above message,  R1 =  0.6458831178877D-04
 DLSODA-  At current T (=R1), MXSTEP (=I1) steps             
       taken on this call before reaching TOUT               
      In above message,  I1 =   1000000
      In above message,  R1 =  0.1291766235777D-03
 DLSODA-  At current T (=R1), MXSTEP (=I1) steps             
       taken on this call before reaching TOUT               
      In above message,  I1 =   1000000
      In above message,  R1 =  0.1937649353545D-03
 DLSODA-  At current T (=R1), MXSTEP (=I1) steps             
       taken on this call before reaching TOUT               
      In above message,  I1 =   1000000
      In above message,  R1 =  0.6840920538234D-04
 DLSODA-  At current T (=R1), MXSTEP (=I1) steps             
       taken on this call before reaching TOUT               
      In above message,  I1 =   1000000
      In above message,  R1 =  0.1368184107661D-03
 DLSODA-  At current T (=R1), MXSTEP (=I1) steps             
       taken on this call before reaching TOUT               
      In above message,  I1 =   1000000
      In above message,  R1 =  0.2052276161498D-03
 DLSODA-  At current T (=R1), MXSTEP (=I1) steps             
       taken on this call before reaching TOUT               
      In above message,  I1 =   1000000
      In above message,  R1 =  0.6790092930960D-04
 DLSODA-  At current T (=R1), MXSTEP (=I1) steps             
       taken on this call before reaching TOUT               
      In above message,  I1 =   1000000
      In above message,  R1 =  0.1358018586170D-03
 DLSODA-  At current T (=R1), MXSTEP (=I1) steps             
       taken on this call before reaching TOUT               
      In above message,  I1 =   1000000
      In above message,  R1 =  0.2037027879352D-03
 DLSODA-  At current T (=R1), MXSTEP (=I1) steps             
       taken on this call before reaching TOUT               
      In above message,  I1 =   1000000
      In above message,  R1 =  0.6664078737084D-04
 DLSODA-  At current T (=R1), MXSTEP (=I1) steps             
       taken on this call before reaching TOUT               
      In above message,  I1 =   1000000
      In above message,  R1 =  0.1332815747417D-03
 DLSODA-  At current T (=R1), MXSTEP (=I1) steps             
       taken on this call before reaching TOUT               
      In above message,  I1 =   1000000
      In above message,  R1 =  0.1999223621125D-03
 DLSODA-  At current T (=R1), MXSTEP (=I1) steps             
       taken on this call before reaching TOUT               
      In above message,  I1 =   1000000
      In above message,  R1 =  0.6524941645935D-04
 DLSODA-  At current T (=R1), MXSTEP (=I1) steps             
       taken on this call before reaching TOUT               
      In above message,  I1 =   1000000
      In above message,  R1 =  0.1304988329250D-03
 DLSODA-  At current T (=R1), MXSTEP (=I1) steps             
       taken on this call before reaching TOUT               
      In above message,  I1 =   1000000
      In above message,  R1 =  0.1957482493906D-03
 DLSODA-  At current T (=R1), MXSTEP (=I1) steps             
       taken on this call before reaching TOUT               
      In above message,  I1 =   1000000
      In above message,  R1 =  0.6383778815690D-04
 DLSODA-  At current T (=R1), MXSTEP (=I1) steps             
       taken on this call before reaching TOUT               
      In above message,  I1 =   1000000
      In above message,  R1 =  0.1276755763089D-03
 DLSODA-  At current T (=R1), MXSTEP (=I1) steps             
       taken on this call before reaching TOUT               
      In above message,  I1 =   1000000
      In above message,  R1 =  0.1915133644733D-03
 DLSODA-  At current T (=R1), MXSTEP (=I1) steps             
       taken on this call before reaching TOUT               
      In above message,  I1 =   1000000
      In above message,  R1 =  0.5645171175395D-04
 DLSODA-  At current T (=R1), MXSTEP (=I1) steps             
       taken on this call before reaching TOUT               
      In above message,  I1 =   1000000
      In above message,  R1 =  0.1129034235080D-03
 DLSODA-  At current T (=R1), MXSTEP (=I1) steps             
       taken on this call before reaching TOUT               
      In above message,  I1 =   1000000
      In above message,  R1 =  0.1693551352507D-03
 DLSODA-  At current T (=R1), MXSTEP (=I1) steps             
       taken on this call before reaching TOUT               
      In above message,  I1 =   1000000
      In above message,  R1 =  0.5098708038692D-04
 DLSODA-  At current T (=R1), MXSTEP (=I1) steps             
       taken on this call before reaching TOUT               
      In above message,  I1 =   1000000
      In above message,  R1 =  0.1019741607758D-03
 DLSODA-  At current T (=R1), MXSTEP (=I1) steps             
       taken on this call before reaching TOUT               
      In above message,  I1 =   1000000
      In above message,  R1 =  0.1529612411648D-03
 DLSODA-  At current T (=R1), MXSTEP (=I1) steps             
       taken on this call before reaching TOUT               
      In above message,  I1 =   1000000
      In above message,  R1 =  0.4966423577051D-04
 DLSODA-  At current T (=R1), MXSTEP (=I1) steps             
       taken on this call before reaching TOUT               
      In above message,  I1 =   1000000
      In above message,  R1 =  0.9932847153579D-04
 DLSODA-  At current T (=R1), MXSTEP (=I1) steps             
       taken on this call before reaching TOUT               
      In above message,  I1 =   1000000
      In above message,  R1 =  0.1489927073069D-03
 DLSODA-  At current T (=R1), MXSTEP (=I1) steps             
       taken on this call before reaching TOUT               
      In above message,  I1 =   1000000
      In above message,  R1 =  0.4864571224188D-04
 DLSODA-  At current T (=R1), MXSTEP (=I1) steps             
       taken on this call before reaching TOUT               
      In above message,  I1 =   1000000
      In above message,  R1 =  0.9729142448325D-04
 DLSODA-  At current T (=R1), MXSTEP (=I1) steps             
       taken on this call before reaching TOUT               
      In above message,  I1 =   1000000
      In above message,  R1 =  0.1459371367246D-03
 DLSODA-  At current T (=R1), MXSTEP (=I1) steps             
       taken on this call before reaching TOUT               
      In above message,  I1 =   1000000
      In above message,  R1 =  0.4754091815581D-04
 DLSODA-  At current T (=R1), MXSTEP (=I1) steps             
       taken on this call before reaching TOUT               
      In above message,  I1 =   1000000
      In above message,  R1 =  0.9508183631165D-04
 DLSODA-  At current T (=R1), MXSTEP (=I1) steps             
       taken on this call before reaching TOUT               
      In above message,  I1 =   1000000
      In above message,  R1 =  0.1426227544616D-03
 DLSODA-  At current T (=R1), MXSTEP (=I1) steps             
       taken on this call before reaching TOUT               
      In above message,  I1 =   1000000
      In above message,  R1 =  0.4640098497413D-04
 DLSODA-  At current T (=R1), MXSTEP (=I1) steps             
       taken on this call before reaching TOUT               
      In above message,  I1 =   1000000
      In above message,  R1 =  0.9280196994575D-04
 DLSODA-  At current T (=R1), MXSTEP (=I1) steps             
       taken on this call before reaching TOUT               
      In above message,  I1 =   1000000
      In above message,  R1 =  0.1392029549152D-03
 DLSODA-  At current T (=R1), MXSTEP (=I1) steps             
       taken on this call before reaching TOUT               
      In above message,  I1 =   1000000
      In above message,  R1 =  0.4039543142787D-04
 DLSODA-  At current T (=R1), MXSTEP (=I1) steps             
       taken on this call before reaching TOUT               
      In above message,  I1 =   1000000
      In above message,  R1 =  0.8079086285320D-04
 DLSODA-  At current T (=R1), MXSTEP (=I1) steps             
       taken on this call before reaching TOUT               
      In above message,  I1 =   1000000
      In above message,  R1 =  0.1211862942785D-03
 DLSODA-  At current T (=R1), MXSTEP (=I1) steps             
       taken on this call before reaching TOUT               
      In above message,  I1 =   1000000
      In above message,  R1 =  0.3579075692370D-04
 DLSODA-  At current T (=R1), MXSTEP (=I1) steps             
       taken on this call before reaching TOUT               
      In above message,  I1 =   1000000
      In above message,  R1 =  0.7158151384664D-04
 DLSODA-  At current T (=R1), MXSTEP (=I1) steps             
       taken on this call before reaching TOUT               
      In above message,  I1 =   1000000
      In above message,  R1 =  0.1073722707744D-03
 DLSODA-  At current T (=R1), MXSTEP (=I1) steps             
       taken on this call before reaching TOUT               
      In above message,  I1 =   1000000
      In above message,  R1 =  0.3476652554101D-04
 DLSODA-  At current T (=R1), MXSTEP (=I1) steps             
       taken on this call before reaching TOUT               
      In above message,  I1 =   1000000
      In above message,  R1 =  0.6953305108272D-04
 DLSODA-  At current T (=R1), MXSTEP (=I1) steps             
       taken on this call before reaching TOUT               
      In above message,  I1 =   1000000
      In above message,  R1 =  0.1042995766244D-03
 DLSODA-  At current T (=R1), MXSTEP (=I1) steps             
       taken on this call before reaching TOUT               
      In above message,  I1 =   1000000
      In above message,  R1 =  0.3391601901008D-04
 DLSODA-  At current T (=R1), MXSTEP (=I1) steps             
       taken on this call before reaching TOUT               
      In above message,  I1 =   1000000
      In above message,  R1 =  0.6783203801864D-04
 DLSODA-  At current T (=R1), MXSTEP (=I1) steps             
       taken on this call before reaching TOUT               
      In above message,  I1 =   1000000
      In above message,  R1 =  0.1017480570326D-03
 DLSODA-  At current T (=R1), MXSTEP (=I1) steps             
       taken on this call before reaching TOUT               
      In above message,  I1 =   1000000
      In above message,  R1 =  0.3301525366013D-04
 DLSODA-  At current T (=R1), MXSTEP (=I1) steps             
       taken on this call before reaching TOUT               
      In above message,  I1 =   1000000
      In above message,  R1 =  0.6603050731771D-04
 DLSODA-  At current T (=R1), MXSTEP (=I1) steps             
       taken on this call before reaching TOUT               
      In above message,  I1 =   1000000
      In above message,  R1 =  0.9904576097529D-04
 DLSODA-  At current T (=R1), MXSTEP (=I1) steps             
       taken on this call before reaching TOUT               
      In above message,  I1 =   1000000
      In above message,  R1 =  0.3209047151185D-04
 DLSODA-  At current T (=R1), MXSTEP (=I1) steps             
       taken on this call before reaching TOUT               
      In above message,  I1 =   1000000
      In above message,  R1 =  0.6418094302117D-04
 DLSODA-  At current T (=R1), MXSTEP (=I1) steps             
       taken on this call before reaching TOUT               
      In above message,  I1 =   1000000
      In above message,  R1 =  0.9627141453661D-04
 DLSODA-  At current T (=R1), MXSTEP (=I1) steps             
       taken on this call before reaching TOUT               
      In above message,  I1 =   1000000
      In above message,  R1 =  0.2594083948376D-04
 DLSODA-  At current T (=R1), MXSTEP (=I1) steps             
       taken on this call before reaching TOUT               
      In above message,  I1 =   1000000
      In above message,  R1 =  0.5188167896675D-04
 DLSODA-  At current T (=R1), MXSTEP (=I1) steps             
       taken on this call before reaching TOUT               
      In above message,  I1 =   1000000
      In above message,  R1 =  0.7782251844975D-04
 DLSODA-  At current T (=R1), MXSTEP (=I1) steps             
       taken on this call before reaching TOUT               
      In above message,  I1 =   1000000
      In above message,  R1 =  0.1700574138753D-04
 DLSODA-  At current T (=R1), MXSTEP (=I1) steps             
       taken on this call before reaching TOUT               
      In above message,  I1 =   1000000
      In above message,  R1 =  0.3401148277588D-04
 DLSODA-  At current T (=R1), MXSTEP (=I1) steps             
       taken on this call before reaching TOUT               
      In above message,  I1 =   1000000
      In above message,  R1 =  0.5101722416155D-04
 DLSODA-  At current T (=R1), MXSTEP (=I1) steps             
       taken on this call before reaching TOUT               
      In above message,  I1 =   1000000
      In above message,  R1 =  0.2389299717596D-04
 DLSODA-  At current T (=R1), MXSTEP (=I1) steps             
       taken on this call before reaching TOUT               
      In above message,  I1 =   1000000
      In above message,  R1 =  0.4778599434967D-04
 DLSODA-  At current T (=R1), MXSTEP (=I1) steps             
       taken on this call before reaching TOUT               
      In above message,  I1 =   1000000
      In above message,  R1 =  0.7167899152244D-04
 DLSODA-  At current T (=R1), MXSTEP (=I1) steps             
       taken on this call before reaching TOUT               
      In above message,  I1 =   1000000
      In above message,  R1 =  0.7518577637998D-03


 >>>>>=================================================================
WARNING from utilities_mod.f:182
Velocity exceeds limit:   2500.0
in cell: I =    2   J =   37   K =    1 M =    1
 Eps =  0.19537E-02 Us =  0.72156     Vs =  -30339.     Ws =   0.0000
To change the limit, adjust the scale factor MAX_INLET_VEL_FAC.
 <<<<<=================================================================


 >>>>>=================================================================
WARNING from utilities_mod.f:182
Velocity exceeds limit:   2500.0
in cell: I =    3   J =   18   K =    1 M =    1
 Eps =  0.55107E-03 Us =  -4128.0     Vs =  -3.3646     Ws =   0.0000
To change the limit, adjust the scale factor MAX_INLET_VEL_FAC.
 <<<<<=================================================================


 >>>>>=================================================================
WARNING from utilities_mod.f:182
Velocity exceeds limit:   2500.0
in cell: I =   10   J =   12   K =    1 M =    1
 Eps =  0.53459E-05 Us =  -8120.2     Vs =  -127.04     Ws =   0.0000
To change the limit, adjust the scale factor MAX_INLET_VEL_FAC.
 <<<<<=================================================================


 >>>>>=================================================================
WARNING from utilities_mod.f:182
Velocity exceeds limit:   2500.0
in cell: I =    4   J =   21   K =    1 M =    1
 Eps =  0.12032E-02 Us =  -4559.6     Vs =  -21.796     Ws =   0.0000
To change the limit, adjust the scale factor MAX_INLET_VEL_FAC.
 <<<<<=================================================================


 >>>>>=================================================================
WARNING from utilities_mod.f:182
Velocity exceeds limit:   2500.0
in cell: I =    5   J =   20   K =    1 M =    1
 Eps =  0.16222E-02 Us =  -4651.9     Vs =  -6.4803     Ws =   0.0000
To change the limit, adjust the scale factor MAX_INLET_VEL_FAC.
 <<<<<=================================================================
 DLSODA-  At current T (=R1), MXSTEP (=I1) steps             
       taken on this call before reaching TOUT               
      In above message,  I1 =   1000000
      In above message,  R1 =  0.4111539157255D-03
 DLSODA-  At current T (=R1), MXSTEP (=I1) steps             
       taken on this call before reaching TOUT               
      In above message,  I1 =   1000000
      In above message,  R1 =  0.8223078314352D-03
 DLSODA-  At current T (=R1), MXSTEP (=I1) steps             
       taken on this call before reaching TOUT               
      In above message,  I1 =   1000000
      In above message,  R1 =  0.1233461747213D-02


 >>>>>=================================================================
WARNING from utilities_mod.f:182
Velocity exceeds limit:   2500.0
in cell: I =    2   J =   30   K =    1 M =    1
 Eps =  0.35599E-02 Us =  0.74349     Vs =  -6313.7     Ws =   0.0000
To change the limit, adjust the scale factor MAX_INLET_VEL_FAC.
 <<<<<=================================================================


 >>>>>=================================================================
WARNING from utilities_mod.f:182
Velocity exceeds limit:   2500.0
in cell: I =    2   J =   31   K =    1 M =    1
 Eps =  0.30792E-02 Us =  0.76312     Vs =  -10919.     Ws =   0.0000
To change the limit, adjust the scale factor MAX_INLET_VEL_FAC.
 <<<<<=================================================================


 >>>>>=================================================================
WARNING from utilities_mod.f:182
Velocity exceeds limit:   2500.0
in cell: I =   10   J =   12   K =    1 M =    1
 Eps =  0.10333E-03 Us =  -4780.0     Vs =  -25.435     Ws =   0.0000
To change the limit, adjust the scale factor MAX_INLET_VEL_FAC.
 <<<<<=================================================================
 DLSODA-  At current T (=R1), MXSTEP (=I1) steps             
       taken on this call before reaching TOUT               
      In above message,  I1 =   1000000
      In above message,  R1 =  0.2526173291822D-03
 DLSODA-  At current T (=R1), MXSTEP (=I1) steps             
       taken on this call before reaching TOUT               
      In above message,  I1 =   1000000
      In above message,  R1 =  0.5052346583639D-03
 DLSODA-  At current T (=R1), MXSTEP (=I1) steps             
       taken on this call before reaching TOUT               
      In above message,  I1 =   1000000
      In above message,  R1 =  0.7578519875457D-03
 DLSODA-  At current T (=R1), MXSTEP (=I1) steps             
       taken on this call before reaching TOUT               
      In above message,  I1 =   1000000
      In above message,  R1 =  0.6317032994451D-03


 >>>>>=================================================================
WARNING from utilities_mod.f:182
Velocity exceeds limit:   2500.0
in cell: I =    6   J =    8   K =    1 M =    1
 Eps =  0.13067E-04 Us =  -3216.6     Vs =  -60.601     Ws =   0.0000
To change the limit, adjust the scale factor MAX_INLET_VEL_FAC.
 <<<<<=================================================================


 >>>>>=================================================================
WARNING from utilities_mod.f:182
Velocity exceeds limit:   2500.0
in cell: I =    7   J =    8   K =    1 M =    1
 Eps =  0.14496E-04 Us =  -8856.2     Vs =  -108.66     Ws =   0.0000
To change the limit, adjust the scale factor MAX_INLET_VEL_FAC.
 <<<<<=================================================================


 >>>>>=================================================================
WARNING from utilities_mod.f:182
Velocity exceeds limit:   2500.0
in cell: I =    4   J =   22   K =    1 M =    1
 Eps =  0.30655E-02 Us =  -3718.2     Vs =  -2.1451     Ws =   0.0000
To change the limit, adjust the scale factor MAX_INLET_VEL_FAC.
 <<<<<=================================================================


 >>>>>=================================================================
WARNING from utilities_mod.f:182
Velocity exceeds limit:   2500.0
in cell: I =   11   J =   26   K =    1 M =    1
 Eps =  0.48228E-02 Us =   0.0000     Vs =  -2735.9     Ws =   0.0000
To change the limit, adjust the scale factor MAX_INLET_VEL_FAC.
 <<<<<=================================================================


 >>>>>=================================================================
WARNING from utilities_mod.f:182
Velocity exceeds limit:   2500.0
in cell: I =    5   J =   23   K =    1 M =    1
 Eps =  0.44871E-02 Us =  -3608.1     Vs =  -18.472     Ws =   0.0000
To change the limit, adjust the scale factor MAX_INLET_VEL_FAC.
 <<<<<=================================================================


 >>>>>=================================================================
WARNING from utilities_mod.f:182
Velocity exceeds limit:   2500.0
in cell: I =    2   J =   32   K =    1 M =    1
 Eps =  0.39729E-02 Us =  -16108.     Vs =   5.0592     Ws =   0.0000
To change the limit, adjust the scale factor MAX_INLET_VEL_FAC.
 <<<<<=================================================================


 >>>>>=================================================================
WARNING from utilities_mod.f:182
Velocity exceeds limit:   2500.0
in cell: I =    2   J =   33   K =    1 M =    1
 Eps =  0.46934E-02 Us =  -3071.4     Vs =   1.4882     Ws =   0.0000
To change the limit, adjust the scale factor MAX_INLET_VEL_FAC.
 <<<<<=================================================================


 >>>>>=================================================================
WARNING from utilities_mod.f:182
Velocity exceeds limit:   2500.0
in cell: I =    2   J =   15   K =    1 M =    1
 Eps =  0.36439E-02 Us =  -3675.7     Vs =  -194.80     Ws =   0.0000
To change the limit, adjust the scale factor MAX_INLET_VEL_FAC.
 <<<<<=================================================================


 >>>>>=================================================================
WARNING from utilities_mod.f:182
Velocity exceeds limit:   2500.0
in cell: I =    9   J =    7   K =    1 M =    1
 Eps =  0.17241E-04 Us =  -2677.9     Vs =  -106.83     Ws =   0.0000
To change the limit, adjust the scale factor MAX_INLET_VEL_FAC.
 <<<<<=================================================================


 >>>>>=================================================================
WARNING from utilities_mod.f:182
Velocity exceeds limit:   2500.0
in cell: I =    8   J =   22   K =    1 M =    1
 Eps =  0.52118E-02 Us =  -90.589     Vs =  -3036.0     Ws =   0.0000
To change the limit, adjust the scale factor MAX_INLET_VEL_FAC.
 <<<<<=================================================================


 >>>>>=================================================================
WARNING from utilities_mod.f:182
Velocity exceeds limit:   2500.0
in cell: I =   10   J =    8   K =    1 M =    1
 Eps =  0.15678E-04 Us =  -2737.7     Vs =  -86.305     Ws =   0.0000
To change the limit, adjust the scale factor MAX_INLET_VEL_FAC.
 <<<<<=================================================================


 >>>>>=================================================================
WARNING from utilities_mod.f:182
Velocity exceeds limit:   2500.0
in cell: I =   10   J =   26   K =    1 M =    2
 Eps =  0.85682     Us =  -6.5444     Vs =  -3245.0     Ws =   0.0000
To change the limit, adjust the scale factor MAX_INLET_VEL_FAC.
 <<<<<=================================================================


 >>>>>=================================================================
WARNING from utilities_mod.f:182
Velocity exceeds limit:   2500.0
in cell: I =   10   J =    9   K =    1 M =    1
 Eps =  0.11702E-04 Us =  -2654.7     Vs =  -72.933     Ws =   0.0000
To change the limit, adjust the scale factor MAX_INLET_VEL_FAC.
 <<<<<=================================================================


 >>>>>=================================================================
WARNING from utilities_mod.f:182
Velocity exceeds limit:   2500.0
in cell: I =   10   J =   24   K =    1 M =    1
 Eps =  0.69006E-02 Us =  -12375.     Vs = -0.77119     Ws =   0.0000
To change the limit, adjust the scale factor MAX_INLET_VEL_FAC.
 <<<<<=================================================================


 >>>>>=================================================================
WARNING from utilities_mod.f:182
Velocity exceeds limit:   2500.0
in cell: I =   10   J =   27   K =    1 M =    1
 Eps =  0.58641E-02 Us =  -12104.     Vs =   30.810     Ws =   0.0000
To change the limit, adjust the scale factor MAX_INLET_VEL_FAC.
 <<<<<=================================================================


 >>>>>=================================================================
WARNING from utilities_mod.f:182
Velocity exceeds limit:   2500.0
in cell: I =   10   J =   10   K =    1 M =    1
 Eps =  0.12809E-03 Us =  -6378.4     Vs =  -30.968     Ws =   0.0000
To change the limit, adjust the scale factor MAX_INLET_VEL_FAC.
 <<<<<=================================================================


 >>>>>=================================================================
WARNING from utilities_mod.f:182
Velocity exceeds limit:   2500.0
in cell: I =    5   J =   21   K =    1 M =    1
 Eps =  0.70011E-02 Us =   3.2723     Vs =  -2771.0     Ws =   0.0000
To change the limit, adjust the scale factor MAX_INLET_VEL_FAC.
 <<<<<=================================================================


 >>>>>=================================================================
WARNING from utilities_mod.f:182
Velocity exceeds limit:   2500.0
in cell: I =    4   J =   21   K =    1 M =    1
 Eps =  0.67166E-02 Us =  -9359.8     Vs =   6.8702     Ws =   0.0000
To change the limit, adjust the scale factor MAX_INLET_VEL_FAC.
 <<<<<=================================================================


 >>>>>=================================================================
WARNING from utilities_mod.f:182
Velocity exceeds limit:   2500.0
in cell: I =   10   J =   26   K =    1 M =    1
 Eps =  0.79753E-02 Us =  -18907.     Vs =   21.629     Ws =   0.0000
To change the limit, adjust the scale factor MAX_INLET_VEL_FAC.
 <<<<<=================================================================


 >>>>>=================================================================
WARNING from utilities_mod.f:182
Velocity exceeds limit:   2500.0
in cell: I =   10   J =   26   K =    1 M =    1
 Eps =  0.94433E-02 Us =  -25495.     Vs =   45.023     Ws =   0.0000
To change the limit, adjust the scale factor MAX_INLET_VEL_FAC.
 <<<<<=================================================================
Simulation start time = 0.0000s
Simulation time reached = 20.00s
Elapsed real time = 1.380h
Time spent in I/O = 1.934s
